{
  "volt": {
    "min": 0.0,
    "max": 1.0
  },
  "i_linear": {
    "log_mean": -6.049930768991025,
    "log_std": 1.7422037380484565
  },
  "i_sat": {
    "log_mean": -5.741305858713238,
    "log_std": 1.8241896001199422
  },
  "params_mean": [
    0.250838722,
    0.04949861999999999,
    94116.692
  ],
  "params_std": [
    0.015643850219767382,
    0.0009214429477726773,
    1097.821240610692
  ]
}