 ****** HSPICE -- O-2018.09-SP2 win64 (Feb 25 2019) ******                      
  Copyright (c) 1986 - 2025 by Synopsys, Inc. All Rights Reserved.              
  This software and the associated documentation are proprietary
  to Synopsys, Inc. This software may only be used in accordance
  with the terms and conditions of a written license agreement with
  Synopsys, Inc. All other use, reproduction, or distribution of
  this software is strictly prohibited.
  Input File: mc - 副本.sp                                                      
  Command line options: C:\synopsys\Hspice_O-2018.09-SP2\WIN64\hspice.com -i mc - 副本.sp -o D:\桌面\mc\mc - 副本.lis
  Start time: Sat Nov  8 17:05:13 2025
  lic:  
  lic: FLEXlm: SDK_11.7.3 
  lic: USER:   24742                HOSTNAME: bunn 
  lic: HOSTID: "d0577ed2695e"       PID:      25640 
  lic: Using FLEXlm license file: 
  lic: D:\hspice2018.lic\Synopsys SSS Feature Keygen\synopsys.dat 
  lic: Checkout 1 hspice 
  lic: License/Maintenance for hspice will expire on 31-dec-2027/2019.12 
  lic: NODE LOCKED license on hostid "d0577ed2695e" 
  lic:   
  **info** Monte Carlo simulation is detected, increase number of measure digits to 7 for Monte Carlo post processing.
  **info** option measform has been reset to 1 to reduce measure file storage and enable advanced Monte Carlo data mining.
1****** HSPICE -- O-2018.09-SP2 win64 (Feb 25 2019) ******                      
 ******  
 *mc

 ****** mos   model parameters tnom=  25.000 temp=  25.000 ******
 Model file: sta_nmos.l
 Model line:            4
 Model Name: nmos  
 BSIM4 Model (Level 54)
    MOBMOD = 0
    BINUNIT = 2
    PARAMCHK = 1
    CAPMOD = 2
    DIOMOD = 1
    RDSMOD = 0
    TRNQSMOD = 0
    ACNQSMOD = 0
    RBODYMOD = 0
    RGATEMOD = 0
    PERMOD = 1
    GEOMOD = 0
    RGEOMOD = 0
    FNOIMOD = 1
    TNOIMOD = 0
    IGCMOD = 1
    IGBMOD = 1
    STIMOD = 1
    VBFWDMOD = 0
    VERSION =    4.5 
    TOXREF =  3e-09 
    TOXE = 2.83e-09 
    TOXP = 2.524e-09 
    TOXM = 2.83e-09 
    DTOX = 3.06e-10 
    EPSROX =    3.9 
    CDSC =      0 
    CDSCB =      0 
    CDSCD =      0 
    CIT = -0.0001643 
    NFACTOR =  1.298 
    XJ = 1.5e-07 
    VSAT = 9.399e+04 
    A0 =  0.255 
    AGS = 0.4187 
    A1 =      0 
    A2 =      1 
    AT = 5.55e+04 
    KETA = -0.03775 
    NSUB =  6e+16 
    NDEP = 2.31e+17 
    NSD =  1e+20 
    NGATE =  3e+20 
    GAMMA1 =      0 
    GAMMA2 =      0 
    VBX =      0 
    VBM =     -3 
    XT = 1.55e-07 
    K1 =  0.262 
    KT1 = -0.3622 
    KT1L =      0 
    KT2 = -0.06205 
    K2 = 0.03629 
    K3 =      0 
    K3B =      0 
    LPE0 =  9e-08 
    LPEB =      0 
    DVTP0 = 5.5e-06 
    DVTP1 =   2.05 
    W0 =      0 
    DVT0 =   15.2 
    DVT1 =  1.815 
    DVT2 =   0.05 
    DVT0W =      0 
    DVT1W =      0 
    DVT2W =      0 
    DROUT =      0 
    DSUB =    0.7 
    VTH0 = 0.2544 
    EU =   1.67 
    UA = -2.289e-10 
    UA1 = 1.881e-09 
    UB = 1.986e-18 
    UB1 = -3.644e-18 
    UC = 1.902e-10 
    UC1 = -1.904e-10 
    U0 = 0.04939 
    UTE =  -1.71 
    VOFF = -0.1165 
    VOFFL =  1e-09 
    MINV =      0 
    FPROUT =    100 
    PDITS =      0 
    PDITSD =      0 
    PDITSL =      0 
    DELTA = 0.0075 
    RDSW =    130 
    RDSWMIN =      0 
    RDWMIN =      0 
    RSWMIN =      0 
    RDW =    100 
    RSW =    100 
    PRWG =      0 
    PRWB =      0 
    PRT =      0 
    ETA0 = -0.03118 
    ETAB = -0.1263 
    PCLM = 0.4411 
    PDIBLC1 =      0 
    PDIBLC2 = 0.0001 
    PDIBLCB =      0 
    PSCBE1 = 9.264e+08 
    PSCBE2 =  1e-20 
    PVAG =   1.35 
    WR =      1 
    DWG =      0 
    DWB =      0 
    XW = 1.5e-08 
    XWREF = 1.5e-08 
    XL = -2e-08 
    XLREF = -2e-08 
    B0 =      0 
    B1 =      0 
    ALPHA0 =      0 
    ALPHA1 =    0.1 
    AGIDL =  9e-08 
    BGIDL = 2.3e+09 
    CGIDL =    0.5 
    PHIN =      0 
    EGIDL =   0.53 
    AIGC = 0.01133 
    BIGC = 0.001474 
    CIGC =      0 
    AIGSD = 0.01005 
    BIGSD = 0.0004517 
    CIGSD = 0.0001 
    AIGBACC = 0.01228 
    BIGBACC = 0.003181 
    CIGBACC = 0.0977 
    AIGBINV =   0.35 
    BIGBINV =   0.03 
    CIGBINV =  0.006 
    NIGC =    2.1 
    NIGBINV =      1 
    NIGBACC =  4.326 
    NTOX =      1 
    EIGBINV =    1.1 
    PIGCD =  3.217 
    POXEDGE =      1 
    XRCRG1 =     12 
    TNOIA =    1.5 
    TNOIB =    3.5 
    NTNOI =      1 
    XRCRG2 =      1 
    BETA0 =    9.5 
    IJTHDFWD =   0.01 
    IJTHSFWD =   0.01 
    IJTHDREV =   0.01 
    IJTHSREV =   0.01 
    XJBVD =      1 
    XJBVS =      1 
    BVD =     10 
    BVS =     10 
    VFB =     -1 
    GBMIN =  1e-12 
    RBDB =     50 
    RBPB =     50 
    RBSB =     50 
    RBPS =     50 
    RBPD =     50 
    CGSL = 5.65e-11 
    CGDL = 5.65e-11 
    CKAPPAS =    0.6 
    CKAPPAD =    0.6 
    CF = 1.29e-10 
    CLC =  1e-07 
    CLE =    0.6 
    DWC =      0 
    DLC = 1.367e-08 
    DLCIG = 2.5e-09 
    DWJ =      0 
    VFBCV =     -1 
    ACDE =    1.2 
    MOIN =   18.5 
    NOFF =   2.24 
    VOFFCV =   -0.1 
    DMCG = 8.5e-08 
    DMCI = 8.5e-08 
    DMDG =      0 
    DMCGT =      0 
    XGW =      0 
    XGL =      0 
    RSHG =    0.1 
    NGCON =      1 
    TCJ = 0.000778 
    TPB =  0.001 
    TCJSW = 0.000357 
    TPBSW = 0.0019 
    TCJSWG = 0.00301 
    TPBSWG = 0.0019 
    SK0 =      0 
    SK1 =      0 
    SK2 =      0 
    SL =  2e-06 
    SW =  2e-06 
    K =      0 
    LCIT = 2.073e-10 
    LVSAT = 0.0005828 
    LA0 = 1.999e-07 
    LAGS = 7.256e-08 
    LKETA = -5.436e-10 
    LKT1 = -4.515e-09 
    LK2 = -9.214e-10 
    LVTH0 = -5.216e-09 
    LUA = 5.989e-19 
    LUA1 = 2.627e-16 
    LUB = 1.382e-26 
    LUB1 = -2.581e-25 
    LUC = -8.293e-19 
    LU0 = -7.02e-10 
    LUTE = 3.237e-08 
    LVOFF = -4.619e-09 
    LETA0 = 1.585e-08 
    LETAB = 2.353e-09 
    LPCLM = 3.417e-08 
    WVTH0 = -1.034e-08 
    WU0 = -1.708e-09 
    PVTH0 = 2.323e-16 
    PU0 = 7.905e-17 
    TNOM =  298.1 
    CGSO = 1.15e-10 
    CGDO = 1.15e-10 
    CGBO =      0 
    XPART =      1 
    RSH =   10.5 
    JSS =  2e-07 
    JSWS = 3.5e-13 
    JSWGS = 1.3e-12 
    PBS =    0.5 
    MJS =   0.25 
    PBSWS =    0.8 
    MJSWS =   0.01 
    CJS = 0.000981 
    CJSWS = 5.5e-11 
    NJS =      1 
    PBSWGS =   0.47 
    MJSWGS =    0.5 
    CJSWGS = 2.73e-10 
    XTIS =      3 
    JSD =  2e-07 
    JSWD = 3.5e-13 
    JSWGD = 1.3e-12 
    PBD =    0.5 
    MJD =   0.25 
    PBSWD =    0.8 
    MJSWD =   0.01 
    CJD = 0.000981 
    CJSWD = 5.5e-11 
    NJD =      1 
    PBSWGD =   0.47 
    MJSWGD =    0.5 
    CJSWGD = 2.73e-10 
    XTID =      3 
    LMLT =      1 
    WMLT =      1 
    LINT = 2.5e-09 
    LL =      0 
    LLC =      0 
    LLN =      1 
    LW =      0 
    LWC =      0 
    LWN =      1 
    LWL =      0 
    LWLC =      0 
    LMIN =      0 
    LMAX =      1 
    WINT =  6e-09 
    WL =      0 
    WLC =      0 
    WLN =      1 
    WW =      0 
    WWC =      0 
    WWN =      1 
    WWL =      0 
    WWLC =      0 
    WMIN =      0 
    WMAX =      1 
    NOIA = 3.293e+41 
    NOIB = 1.012e+25 
    NOIC =   8.75 
    EM = 3.192e+07 
    EF =   0.85 
    AF =      1 
    KF =      0 
    TRS =      0 
    TRD =      0 
    TEMPMOD  =      0 
    LAMBDA   =      0 
    VTL      =  2e+05 m/s
    LC       =  5e-09 
    XN       =      3 
    LLAMBDA  =      0 
    LVTL     =      0 
    LXN      =      0 
    WLAMBDA  =      0 
    WVTL     =      0 
    WXN      =      0 
    PLAMBDA  =      0 
    PVTL     =      0 
    PXN      =      0 
    RNOIA    =  0.577 
    RNOIB    = 0.5164 
    SAREF(SA0) = 6.3e-07 m
    SBREF(SB0) = 6.3e-07 m
    WLOD     = 1.5e-07 m
    KU0      = -3.849e-08 1/m
    KVSAT    =   0.35 
    KVTH0    = 2.5e-09 m
    TKU0     =    0.1 
    LLODKU0  =      1 
    WLODKU0  =      1 
    LLODVTH  =      1 
    WLODVTH  =      1 
    LKU0     = 1.257e-08 
    WKU0     =  1e-07 
    PKU0     =  5e-14 
    LKVTH0   = -2.68e-11 
    WKVTH0   =      0 
    PKVTH0   =      0 
    STK2     =  4e-10 
    LODK2    =    0.5 
    STETA0   =      0 
    LODETA0  =      1 
    LXRCRG1  =      0 
    WXRCRG1  =      0 
    PXRCRG1  =      0 
    LXRCRG2  =      0 
    WXRCRG2  =      0 
    PXRCRG2  =      0 
     *** UCB's BSIM4.4.0 new diode model is activated. ***
    *** UCB's Diode Model Parameters ***
    JTSS         =      0 
    JTSSWS       =      0 
    JTSSWGS      =      0 
    JTSD         =      0 
    JTSSWD       =      0 
    JTSSWGD      =      0 
    NJTS         =     20 
    NJTSSW       =     20 
    NJTSSWG      =     20 
    XTSS         =   0.02 
    XTSSWS       =   0.02 
    XTSSWGS      =   0.02 
    XTSD         =   0.02 
    XTSSWD       =   0.02 
    XTSSWGD      =   0.02 
    TNJTS        =      0 
    TNJTSSW      =      0 
    TNJTSSWG     =      0 
    VFBSDOFF     =      0 
    LVFBSDOFF    =      0 
    WVFBSDOFF    =      0 
    PVFBSDOFF    =      0 
    LINTNOI      =      0 
    VTSS         =     10 
    VTSD         =     10 
    VTSSWS       =     10 
    VTSSWD       =     10 
    VTSSWGS      =     10 
    VTSSWGD      =     10 
    TTDIOMOD     =      1 
     *** UCB's BSIM4.5.0 new model is activated. ***
    UD         =      0 
    UD1        =      0 
    UP         =      0 
    LP         =  1e-08 
    TVOFF      =      0 
    TVFBSDOFF  =      0 
    RBPS0      =     50 
    RBPSL      =      0 
    RBPSW      =      0 
    RBPSNF     =      0 
    RBPD0      =     50 
    RBPDL      =      0 
    RBPDW      =      0 
    RBPDNF     =      0 
    RBPBX0     =    100 
    RBPBXL     =      0 
    RBPBXW     =      0 
    RBPBXNF    =      0 
    RBPBY0     =    100 
    RBPBYL     =      0 
    RBPBYW     =      0 
    RBPBYNF    =      0 
    RBSBX0     =    100 
    RBSBY0     =    100 
    RBDBX0     =    100 
    RBDBY0     =    100 
    RBSDBXL    =      0 
    RBSDBXW    =      0 
    RBSDBXNF   =      0 
    RBSDBYL    =      0 
    RBSDBYW    =      0 
    RBSDBYNF   =      0 
    LUD        =      0 
    LUD1       =      0 
    LUP        =      0 
    LLP        =      0 
    LTVOFF     =      0 
    LTVFBSDOFF =      0 
    WUD        =      0 
    WUD1       =      0 
    WUP        =      0 
    WLP        =      0 
    WTVOFF     =      0 
    WTVFBSDOFF =      0 
    PUD        =      0 
    PUD1       =      0 
    PUP        =      0 
    PLP        =      0 
    PTVOFF     =      0 
    PTVFBSDOFF =      0 
    WEB        =   -220 
    WEC        =  -3000 
    KVTH0WE    = 0.0049 
    K2WE       = 0.0015 
    KU0WE      = -0.002 
    SCREF      =  1e-06 
    WPEMOD     =      0 
    LKVTH0WE   = -1.2e-10 
    LK2WE      =      0 
    LKU0WE     =      0 
    WKVTH0WE   =      0 
    WK2WE      =      0 
    WKU0WE     =      0 
    PKVTH0WE   =      0 
    PK2WE      =      0 
    PKU0WE     =      0 
  **warning** (nmos:m1 (mc - 副本.sp:6)) Warning: Eta0 * Muleta0 + Deleta0 = -0.0149188 is negative in BSIM4 model with w=1e-06 l=1e-06.
*** info *** index=1 is a nominal sample in Monte Carlo.
*** info *** The MCG Random Number Generator and .Option Use_Agauss_Format = Yes are set as defaults starting with HSPICE L-2016.06 to address the needs of advanced technology nodes with large samples and/or large circuits, particularly for distributed processing.
*** Should you want backward compatibility, please use the following options:
For traditional Gaussian style variations, use .Option Random_Generator = 3LC;
For Variation Block style variations, use .Option Random_Generator = MOA.
  
      

Element variations(Local):   element              parameter

MONTE CARLO DEFINITIONS


Option sampling_method was set, variation block and agauss format variation are in effect.

Random number generator is MCG            , and seed =      1, stream =   1
 **info** set option symb=1 internally to help for convergence.
 *****************************************************************
 ******  option summary
 ******
 runlvl  = 3         bypass  = 2.0000    
 ******
 *mc

 ****** dc transfer curves tnom=  25.000 temp=  25.000 ******
 
   *** monte carlo  index = 1 ***
x

 volt         param     
             i_d_0.2    
    0.         56.6095p 
   50.00000m  293.1883p 
  100.00000m    1.4810n 
  150.00000m    7.1053n 
  200.00000m   31.2614n 
  250.00000m  122.6496n 
  300.00000m  423.3156n 
  350.00000m    1.2418u 
  400.00000m    2.9682u 
  450.00000m    5.7936u 
  500.00000m    9.5507u 
  550.00000m   13.8065u 
  600.00000m   18.1885u 
  650.00000m   22.5237u 
  700.00000m   26.7438u 
  750.00000m   30.8189u 
  800.00000m   34.7338u 
  850.00000m   38.4806u 
  900.00000m   42.0551u 
  950.00000m   45.4560u 
    1.00000    48.6835u 
y
 vth0_value= 254.3500m
 u0_param=  49.3900m
 ags_param= 418.7400m
 
   *** monte carlo  index = 2 ***
x

 volt         param     
             i_d_0.2    
    0.         59.6499p 
   50.00000m  308.9066p 
  100.00000m    1.5597n 
  150.00000m    7.4764n 
  200.00000m   32.8502n 
  250.00000m  128.6754n 
  300.00000m  443.2524n 
  350.00000m    1.2968u 
  400.00000m    3.0902u 
  450.00000m    6.0151u 
  500.00000m    9.8941u 
  550.00000m   14.2805u 
  600.00000m   18.7934u 
  650.00000m   23.2567u 
  700.00000m   27.6007u 
  750.00000m   31.7946u 
  800.00000m   35.8233u 
  850.00000m   39.6785u 
  900.00000m   43.3562u 
  950.00000m   46.8549u 
    1.00000    50.1749u 
y
 vth0_value= 253.7192m
 u0_param=  50.8716m
 ags_param= 421.9023m
 
   *** monte carlo  index = 3 ***
x

 volt         param     
             i_d_0.2    
    0.         47.2088p 
   50.00000m  244.8710p 
  100.00000m    1.2420n 
  150.00000m    6.0040n 
  200.00000m   26.7273n 
  250.00000m  106.3280n 
  300.00000m  372.7876n 
  350.00000m    1.1169u 
  400.00000m    2.7349u 
  450.00000m    5.4542u 
  500.00000m    9.1476u 
  550.00000m   13.3953u 
  600.00000m   17.8006u 
  650.00000m   22.1702u 
  700.00000m   26.4279u 
  750.00000m   30.5410u 
  800.00000m   34.4934u 
  850.00000m   38.2766u 
  900.00000m   41.8863u 
  950.00000m   45.3209u 
    1.00000    48.5807u 
y
 vth0_value= 260.1032m
 u0_param=  49.9038m
 ags_param= 397.7704m
 
   *** monte carlo  index = 4 ***
x

 volt         param     
             i_d_0.2    
    0.         69.4018p 
   50.00000m  358.7623p 
  100.00000m    1.8038n 
  150.00000m    8.5799n 
  200.00000m   37.2667n 
  250.00000m  144.0505n 
  300.00000m  488.6914n 
  350.00000m    1.4007u 
  400.00000m    3.2631u 
  450.00000m    6.2277u 
  500.00000m   10.0844u 
  550.00000m   14.3875u 
  600.00000m   18.7879u 
  650.00000m   23.1309u 
  700.00000m   27.3546u 
  750.00000m   31.4312u 
  800.00000m   35.3467u 
  850.00000m   39.0933u 
  900.00000m   42.6672u 
  950.00000m   46.0670u 
    1.00000    49.2931u 
y
 vth0_value= 248.2501m
 u0_param=  49.3761m
 ags_param= 416.8627m
 
   *** monte carlo  index = 5 ***
x

 volt         param     
             i_d_0.2    
    0.         46.1974p 
   50.00000m  239.6282p 
  100.00000m    1.2156n 
  150.00000m    5.8784n 
  200.00000m   26.1820n 
  250.00000m  104.2268n 
  300.00000m  365.7066n 
  350.00000m    1.0969u 
  400.00000m    2.6893u 
  450.00000m    5.3697u 
  500.00000m    9.0145u 
  550.00000m   13.2095u 
  600.00000m   17.5614u 
  650.00000m   21.8787u 
  700.00000m   26.0859u 
  750.00000m   30.1504u 
  800.00000m   34.0562u 
  850.00000m   37.7950u 
  900.00000m   41.3625u 
  950.00000m   44.7570u 
    1.00000    47.9790u 
y
 vth0_value= 260.3625m
 u0_param=  49.2940m
 ags_param= 416.7180m
 
   *** monte carlo  index = 6 ***
x

 volt         param     
             i_d_0.2    
    0.        126.2929p 
   50.00000m  648.2996p 
  100.00000m    3.2096n 
  150.00000m   14.8551n 
  200.00000m   62.0918n 
  250.00000m  229.9329n 
  300.00000m  740.3002n 
  350.00000m    1.9803u 
  400.00000m    4.2940u 
  450.00000m    7.7124u 
  500.00000m   11.9068u 
  550.00000m   16.4167u 
  600.00000m   20.9589u 
  650.00000m   25.4169u 
  700.00000m   29.7424u 
  750.00000m   33.9126u 
  800.00000m   37.9149u 
  850.00000m   41.7428u 
  900.00000m   45.3926u 
  950.00000m   48.8632u 
    1.00000    52.1553u 
y
 vth0_value= 231.0040m
 u0_param=  50.4523m
 ags_param= 429.4862m
 
   *** monte carlo  index = 7 ***
x

 volt         param     
             i_d_0.2    
    0.        158.4336p 
   50.00000m  810.3357p 
  100.00000m    3.9822n 
  150.00000m   18.2023n 
  200.00000m   74.8440n 
  250.00000m  272.2217n 
  300.00000m  856.5085n 
  350.00000m    2.2252u 
  400.00000m    4.6901u 
  450.00000m    8.2293u 
  500.00000m   12.4768u 
  550.00000m   16.9867u 
  600.00000m   21.5068u 
  650.00000m   25.9355u 
  700.00000m   30.2296u 
  750.00000m   34.3679u 
  800.00000m   38.3390u 
  850.00000m   42.1363u 
  900.00000m   45.7566u 
  950.00000m   49.1988u 
    1.00000    52.4634u 
y
 vth0_value= 223.9248m
 u0_param=  50.0209m
 ags_param= 429.5889m
 
   *** monte carlo  index = 8 ***
x

 volt         param     
             i_d_0.2    
    0.        123.2540p 
   50.00000m  632.9930p 
  100.00000m    3.1368n 
  150.00000m   14.5415n 
  200.00000m   60.9131n 
  250.00000m  226.1014n 
  300.00000m  730.1242n 
  350.00000m    1.9605u 
  400.00000m    4.2672u 
  450.00000m    7.6882u 
  500.00000m   11.8983u 
  550.00000m   16.4334u 
  600.00000m   21.0039u 
  650.00000m   25.4908u 
  700.00000m   29.8448u 
  750.00000m   34.0424u 
  800.00000m   38.0713u 
  850.00000m   41.9244u 
  900.00000m   45.5983u 
  950.00000m   49.0919u 
    1.00000    52.4058u 
y
 vth0_value= 231.9527m
 u0_param=  50.8005m
 ags_param= 433.5626m
 
   *** monte carlo  index = 9 ***
x

 volt         param     
             i_d_0.2    
    0.         42.3302p 
   50.00000m  219.6850p 
  100.00000m    1.1163n 
  150.00000m    5.4153n 
  200.00000m   24.2410n 
  250.00000m   97.0891n 
  300.00000m  342.9901n 
  350.00000m    1.0382u 
  400.00000m    2.5729u 
  450.00000m    5.1875u 
  500.00000m    8.7772u 
  550.00000m   12.9378u 
  600.00000m   17.2690u 
  650.00000m   21.5710u 
  700.00000m   25.7653u 
  750.00000m   29.8182u 
  800.00000m   33.7135u 
  850.00000m   37.4424u 
  900.00000m   41.0008u 
  950.00000m   44.3869u 
    1.00000    47.6010u 
y
 vth0_value= 262.8909m
 u0_param=  49.1634m
 ags_param= 425.6175m
 
   *** monte carlo  index = 10 ***
x

 volt         param     
             i_d_0.2    
    0.         94.4729p 
   50.00000m  486.7517p 
  100.00000m    2.4289n 
  150.00000m   11.3973n 
  200.00000m   48.5464n 
  250.00000m  183.5617n 
  300.00000m  606.5343n 
  350.00000m    1.6783u 
  400.00000m    3.7664u 
  450.00000m    6.9622u 
  500.00000m   10.9926u 
  550.00000m   15.3995u 
  600.00000m   19.8678u 
  650.00000m   24.2640u 
  700.00000m   28.5341u 
  750.00000m   32.6529u 
  800.00000m   36.6074u 
  850.00000m   40.3904u 
  900.00000m   43.9981u 
  950.00000m   47.4295u 
    1.00000    50.6848u 
y
 vth0_value= 239.3268m
 u0_param=  49.8554m
 ags_param= 417.5491m
 
   *** monte carlo  index = 11 ***
x

 volt         param     
             i_d_0.2    
    0.         52.1713p 
   50.00000m  270.3865p 
  100.00000m    1.3683n 
  150.00000m    6.5865n 
  200.00000m   29.1276n 
  250.00000m  114.9688n 
  300.00000m  399.5352n 
  350.00000m    1.1829u 
  400.00000m    2.8572u 
  450.00000m    5.6289u 
  500.00000m    9.3484u 
  550.00000m   13.5890u 
  600.00000m   17.9685u 
  650.00000m   22.3060u 
  700.00000m   26.5302u 
  750.00000m   30.6099u 
  800.00000m   34.5297u 
  850.00000m   38.2814u 
  900.00000m   41.8608u 
  950.00000m   45.2665u 
    1.00000    48.4987u 
y
 vth0_value= 256.8380m
 u0_param=  49.4653m
 ags_param= 406.7655m
 
   *** monte carlo  index = 12 ***
x

 volt         param     
             i_d_0.2    
    0.         94.8664p 
   50.00000m  488.7824p 
  100.00000m    2.4390n 
  150.00000m   11.4448n 
  200.00000m   48.7483n 
  250.00000m  184.3222n 
  300.00000m  609.0281n 
  350.00000m    1.6852u 
  400.00000m    3.7815u 
  450.00000m    6.9897u 
  500.00000m   11.0357u 
  550.00000m   15.4595u 
  600.00000m   19.9449u 
  650.00000m   24.3579u 
  700.00000m   28.6441u 
  750.00000m   32.7786u 
  800.00000m   36.7480u 
  850.00000m   40.5451u 
  900.00000m   44.1664u 
  950.00000m   47.6106u 
    1.00000    50.8781u 
y
 vth0_value= 239.3250m
 u0_param=  50.0491m
 ags_param= 421.9946m
 
   *** monte carlo  index = 13 ***
x

 volt         param     
             i_d_0.2    
    0.         80.5870p 
   50.00000m  416.0436p 
  100.00000m    2.0853n 
  150.00000m    9.8628n 
  200.00000m   42.4859n 
  250.00000m  162.6818n 
  300.00000m  545.7417n 
  350.00000m    1.5408u 
  400.00000m    3.5316u 
  450.00000m    6.6460u 
  500.00000m   10.6429u 
  550.00000m   15.0624u 
  600.00000m   19.5646u 
  650.00000m   24.0016u 
  700.00000m   28.3140u 
  750.00000m   32.4749u 
  800.00000m   36.4704u 
  850.00000m   40.2929u 
  900.00000m   43.9388u 
  950.00000m   47.4066u 
    1.00000    50.6968u 
y
 vth0_value= 244.4336m
 u0_param=  50.4070m
 ags_param= 420.3475m
 
   *** monte carlo  index = 14 ***
x

 volt         param     
             i_d_0.2    
    0.         60.7908p 
   50.00000m  314.6146p 
  100.00000m    1.5864n 
  150.00000m    7.5858n 
  200.00000m   33.2090n 
  250.00000m  129.5362n 
  300.00000m  444.1263n 
  350.00000m    1.2912u 
  400.00000m    3.0558u 
  450.00000m    5.9125u 
  500.00000m    9.6789u 
  550.00000m   13.9194u 
  600.00000m   18.2735u 
  650.00000m   22.5769u 
  700.00000m   26.7646u 
  750.00000m   30.8077u 
  800.00000m   34.6916u 
  850.00000m   38.4085u 
  900.00000m   41.9545u 
  950.00000m   45.3280u 
    1.00000    48.5295u 
y
 vth0_value= 251.9536m
 u0_param=  48.9755m
 ags_param= 429.6291m
 
   *** monte carlo  index = 15 ***
x

 volt         param     
             i_d_0.2    
    0.         39.5652p 
   50.00000m  205.3659p 
  100.00000m    1.0443n 
  150.00000m    5.0746n 
  200.00000m   22.7739n 
  250.00000m   91.5015n 
  300.00000m  324.4089n 
  350.00000m  986.6966n 
  400.00000m    2.4594u 
  450.00000m    4.9851u 
  500.00000m    8.4711u 
  550.00000m   12.5269u 
  600.00000m   16.7566u 
  650.00000m   20.9609u 
  700.00000m   25.0612u 
  750.00000m   29.0242u 
  800.00000m   32.8334u 
  850.00000m   36.4805u 
  900.00000m   39.9610u 
  950.00000m   43.2733u 
    1.00000    46.4175u 
y
 vth0_value= 264.1898m
 u0_param=  48.0547m
 ags_param= 414.9876m
 
   *** monte carlo  index = 16 ***
x

 volt         param     
             i_d_0.2    
    0.         66.9488p 
   50.00000m  346.1951p 
  100.00000m    1.7420n 
  150.00000m    8.2980n 
  200.00000m   36.1196n 
  250.00000m  139.9610n 
  300.00000m  476.1910n 
  350.00000m    1.3702u 
  400.00000m    3.2056u 
  450.00000m    6.1406u 
  500.00000m    9.9726u 
  550.00000m   14.2584u 
  600.00000m   18.6458u 
  650.00000m   22.9777u 
  700.00000m   27.1912u 
  750.00000m   31.2583u 
  800.00000m   35.1648u 
  850.00000m   38.9030u 
  900.00000m   42.4689u 
  950.00000m   45.8613u 
    1.00000    49.0804u 
y
 vth0_value= 249.2536m
 u0_param=  49.2628m
 ags_param= 418.0989m
 
   *** monte carlo  index = 17 ***
x

 volt         param     
             i_d_0.2    
    0.        102.3975p 
   50.00000m  527.1214p 
  100.00000m    2.6253n 
  150.00000m   12.2770n 
  200.00000m   52.0451n 
  250.00000m  195.7500n 
  300.00000m  642.6017n 
  350.00000m    1.7629u 
  400.00000m    3.9212u 
  450.00000m    7.1940u 
  500.00000m   11.2921u 
  550.00000m   15.7530u 
  600.00000m   20.2677u 
  650.00000m   24.7067u 
  700.00000m   29.0169u 
  750.00000m   33.1739u 
  800.00000m   37.1645u 
  850.00000m   40.9817u 
  900.00000m   44.6219u 
  950.00000m   48.0838u 
    1.00000    51.3680u 
y
 vth0_value= 237.2081m
 u0_param=  50.3203m
 ags_param= 420.0206m
 
   *** monte carlo  index = 18 ***
x

 volt         param     
             i_d_0.2    
    0.         28.7617p 
   50.00000m  149.5020p 
  100.00000m  764.7639p 
  150.00000m    3.7596n 
  200.00000m   17.1947n 
  250.00000m   70.7509n 
  300.00000m  257.4962n 
  350.00000m  810.6763n 
  400.00000m    2.1074u 
  450.00000m    4.4433u 
  500.00000m    7.7961u 
  550.00000m   11.8145u 
  600.00000m   16.0718u 
  650.00000m   20.3280u 
  700.00000m   24.4879u 
  750.00000m   28.5120u 
  800.00000m   32.3819u 
  850.00000m   36.0880u 
  900.00000m   39.6257u 
  950.00000m   42.9929u 
    1.00000    46.1900u 
y
 vth0_value= 274.2588m
 u0_param=  48.8811m
 ags_param= 410.2493m
 
   *** monte carlo  index = 19 ***
x

 volt         param     
             i_d_0.2    
    0.        103.6232p 
   50.00000m  533.1456p 
  100.00000m    2.6525n 
  150.00000m   12.3811n 
  200.00000m   52.3535n 
  250.00000m  196.3699n 
  300.00000m  642.5066n 
  350.00000m    1.7551u 
  400.00000m    3.8868u 
  450.00000m    7.1054u 
  500.00000m   11.1213u 
  550.00000m   15.4826u 
  600.00000m   19.8925u 
  650.00000m   24.2271u 
  700.00000m   28.4359u 
  750.00000m   32.4950u 
  800.00000m   36.3919u 
  850.00000m   40.1196u 
  900.00000m   43.6746u 
  950.00000m   47.0556u 
    1.00000    50.2631u 
y
 vth0_value= 236.0679m
 u0_param=  49.0915m
 ags_param= 427.0390m
 
   *** monte carlo  index = 20 ***
x

 volt         param     
             i_d_0.2    
    0.         36.8528p 
   50.00000m  191.3916p 
  100.00000m  974.9217p 
  150.00000m    4.7527n 
  200.00000m   21.4404n 
  250.00000m   86.6967n 
  300.00000m  309.5417n 
  350.00000m  950.2873n 
  400.00000m    2.3951u 
  450.00000m    4.9047u 
  500.00000m    8.4035u 
  550.00000m   12.5055u 
  600.00000m   16.8003u 
  650.00000m   21.0754u 
  700.00000m   25.2469u 
  750.00000m   29.2792u 
  800.00000m   33.1556u 
  850.00000m   36.8669u 
  900.00000m   40.4089u 
  950.00000m   43.7797u 
    1.00000    46.9796u 
y
 vth0_value= 266.8860m
 u0_param=  48.9370m
 ags_param= 405.5934m
 
   *** monte carlo  index = 21 ***
x

 volt         param     
             i_d_0.2    
    0.         93.6498p 
   50.00000m  482.5793p 
  100.00000m    2.4088n 
  150.00000m   11.3091n 
  200.00000m   48.2065n 
  250.00000m  182.4278n 
  300.00000m  603.3930n 
  350.00000m    1.6719u 
  400.00000m    3.7570u 
  450.00000m    6.9528u 
  500.00000m   10.9879u 
  550.00000m   15.4029u 
  600.00000m   19.8807u 
  650.00000m   24.2867u 
  700.00000m   28.5665u 
  750.00000m   32.6947u 
  800.00000m   36.6582u 
  850.00000m   40.4498u 
  900.00000m   44.0658u 
  950.00000m   47.5050u 
    1.00000    50.7678u 
y
 vth0_value= 239.6633m
 u0_param=  49.9728m
 ags_param= 423.6808m
 
   *** monte carlo  index = 22 ***
x

 volt         param     
             i_d_0.2    
    0.         77.5936p 
   50.00000m  400.6785p 
  100.00000m    2.0095n 
  150.00000m    9.5140n 
  200.00000m   41.0456n 
  250.00000m  157.4421n 
  300.00000m  529.2896n 
  350.00000m    1.4986u 
  400.00000m    3.4456u 
  450.00000m    6.5016u 
  500.00000m   10.4336u 
  550.00000m   14.7884u 
  600.00000m   19.2277u 
  650.00000m   23.6039u 
  700.00000m   27.8578u 
  750.00000m   31.9627u 
  800.00000m   35.9047u 
  850.00000m   39.6763u 
  900.00000m   43.2737u 
  950.00000m   46.6956u 
    1.00000    49.9424u 
y
 vth0_value= 245.1257m
 u0_param=  49.7099m
 ags_param= 423.1849m
 
   *** monte carlo  index = 23 ***
x

 volt         param     
             i_d_0.2    
    0.         64.9986p 
   50.00000m  336.2768p 
  100.00000m    1.6940n 
  150.00000m    8.0853n 
  200.00000m   35.2985n 
  250.00000m  137.2427n 
  300.00000m  468.7585n 
  350.00000m    1.3558u 
  400.00000m    3.1901u 
  450.00000m    6.1410u 
  500.00000m   10.0122u 
  550.00000m   14.3566u 
  600.00000m   18.8108u 
  650.00000m   23.2107u 
  700.00000m   27.4912u 
  750.00000m   31.6231u 
  800.00000m   35.5919u 
  850.00000m   39.3896u 
  900.00000m   43.0124u 
  950.00000m   46.4587u 
    1.00000    49.7289u 
y
 vth0_value= 250.6569m
 u0_param=  50.0791m
 ags_param= 418.3521m
 
   *** monte carlo  index = 24 ***
x

 volt         param     
             i_d_0.2    
    0.         60.1375p 
   50.00000m  311.2408p 
  100.00000m    1.5695n 
  150.00000m    7.5066n 
  200.00000m   32.8721n 
  250.00000m  128.2670n 
  300.00000m  439.9582n 
  350.00000m    1.2799u 
  400.00000m    3.0308u 
  450.00000m    5.8675u 
  500.00000m    9.6096u 
  550.00000m   13.8243u 
  600.00000m   18.1527u 
  650.00000m   22.4309u 
  700.00000m   26.5944u 
  750.00000m   30.6142u 
  800.00000m   34.4758u 
  850.00000m   38.1715u 
  900.00000m   41.6972u 
  950.00000m   45.0516u 
    1.00000    48.2349u 
y
 vth0_value= 252.0910m
 u0_param=  48.6888m
 ags_param= 419.1840m
 
   *** monte carlo  index = 25 ***
x

 volt         param     
             i_d_0.2    
    0.        148.2986p 
   50.00000m  759.8301p 
  100.00000m    3.7469n 
  150.00000m   17.2261n 
  200.00000m   71.3608n 
  250.00000m  261.6549n 
  300.00000m  831.7938n 
  350.00000m    2.1891u 
  400.00000m    4.6713u 
  450.00000m    8.2793u 
  500.00000m   12.6516u 
  550.00000m   17.3199u 
  600.00000m   22.0085u 
  650.00000m   26.6051u 
  700.00000m   31.0628u 
  750.00000m   35.3591u 
  800.00000m   39.4815u 
  850.00000m   43.4234u 
  900.00000m   47.1814u 
  950.00000m   50.7544u 
    1.00000    54.1431u 
y
 vth0_value= 227.1532m
 u0_param=  52.0176m
 ags_param= 425.0470m
 
   *** monte carlo  index = 26 ***
x

 volt         param     
             i_d_0.2    
    0.         47.4685p 
   50.00000m  246.1478p 
  100.00000m    1.2477n 
  150.00000m    6.0249n 
  200.00000m   26.7738n 
  250.00000m  106.2955n 
  300.00000m  371.8483n 
  350.00000m    1.1108u 
  400.00000m    2.7109u 
  450.00000m    5.3905u 
  500.00000m    9.0193u 
  550.00000m   13.1832u 
  600.00000m   17.4965u 
  650.00000m   21.7731u 
  700.00000m   25.9400u 
  750.00000m   29.9653u 
  800.00000m   33.8334u 
  850.00000m   37.5360u 
  900.00000m   41.0690u 
  950.00000m   44.4307u 
    1.00000    47.6215u 
y
 vth0_value= 259.2312m
 u0_param=  48.7965m
 ags_param= 427.3644m
 
   *** monte carlo  index = 27 ***
x

 volt         param     
             i_d_0.2    
    0.         79.1694p 
   50.00000m  408.8261p 
  100.00000m    2.0503n 
  150.00000m    9.7066n 
  200.00000m   41.8721n 
  250.00000m  160.5875n 
  300.00000m  539.7371n 
  350.00000m    1.5277u 
  400.00000m    3.5110u 
  450.00000m    6.6226u 
  500.00000m   10.6247u 
  550.00000m   15.0566u 
  600.00000m   19.5741u 
  650.00000m   24.0270u 
  700.00000m   28.3554u 
  750.00000m   32.5317u 
  800.00000m   36.5421u 
  850.00000m   40.3790u 
  900.00000m   44.0384u 
  950.00000m   47.5192u 
    1.00000    50.8218u 
y
 vth0_value= 245.0852m
 u0_param=  50.5997m
 ags_param= 437.1656m
 
   *** monte carlo  index = 28 ***
x

 volt         param     
             i_d_0.2    
    0.        153.9950p 
   50.00000m  788.0683p 
  100.00000m    3.8770n 
  150.00000m   17.7541n 
  200.00000m   73.1736n 
  250.00000m  266.8314n 
  300.00000m  842.3412n 
  350.00000m    2.1975u 
  400.00000m    4.6501u 
  450.00000m    8.1856u 
  500.00000m   12.4417u 
  550.00000m   16.9686u 
  600.00000m   21.5087u 
  650.00000m   25.9579u 
  700.00000m   30.2723u 
  750.00000m   34.4303u 
  800.00000m   38.4203u 
  850.00000m   42.2357u 
  900.00000m   45.8734u 
  950.00000m   49.3320u 
    1.00000    52.6124u 
y
 vth0_value= 224.9384m
 u0_param=  50.2732m
 ags_param= 423.9283m
 
   *** monte carlo  index = 29 ***
x

 volt         param     
             i_d_0.2    
    0.         37.7174p 
   50.00000m  195.8257p 
  100.00000m  996.7297p 
  150.00000m    4.8518n 
  200.00000m   21.8350n 
  250.00000m   88.0331n 
  300.00000m  313.3098n 
  350.00000m  957.8186n 
  400.00000m    2.4020u 
  450.00000m    4.8962u 
  500.00000m    8.3578u 
  550.00000m   12.4019u 
  600.00000m   16.6282u 
  650.00000m   20.8323u 
  700.00000m   24.9337u 
  750.00000m   28.8981u 
  800.00000m   32.7091u 
  850.00000m   36.3579u 
  900.00000m   39.8403u 
  950.00000m   43.1544u 
    1.00000    46.3004u 
y
 vth0_value= 265.6367m
 u0_param=  48.0817m
 ags_param= 416.9105m
 
   *** monte carlo  index = 30 ***
x

 volt         param     
             i_d_0.2    
    0.         40.0066p 
   50.00000m  207.6877p 
  100.00000m    1.0564n 
  150.00000m    5.1350n 
  200.00000m   23.0586n 
  250.00000m   92.7100n 
  300.00000m  328.9283n 
  350.00000m    1.0013u 
  400.00000m    2.4985u 
  450.00000m    5.0691u 
  500.00000m    8.6201u 
  550.00000m   12.7547u 
  600.00000m   17.0685u 
  650.00000m   21.3569u 
  700.00000m   25.5394u 
  750.00000m   29.5815u 
  800.00000m   33.4666u 
  850.00000m   37.1862u 
  900.00000m   40.7357u 
  950.00000m   44.1135u 
    1.00000    47.3198u 
y
 vth0_value= 264.4992m
 u0_param=  49.0408m
 ags_param= 414.5254m
 
   *** monte carlo  index = 31 ***
x

 volt         param     
             i_d_0.2    
    0.        156.6155p 
   50.00000m  801.5266p 
  100.00000m    3.9436n 
  150.00000m   18.0610n 
  200.00000m   74.4491n 
  250.00000m  271.5103n 
  300.00000m  857.1799n 
  350.00000m    2.2364u 
  400.00000m    4.7325u 
  450.00000m    8.3306u 
  500.00000m   12.6625u 
  550.00000m   17.2705u 
  600.00000m   21.8921u 
  650.00000m   26.4210u 
  700.00000m   30.8123u 
  750.00000m   35.0443u 
  800.00000m   39.1050u 
  850.00000m   42.9879u 
  900.00000m   46.6896u 
  950.00000m   50.2091u 
    1.00000    53.5470u 
y
 vth0_value= 225.0124m
 u0_param=  51.2007m
 ags_param= 422.1839m
 
   *** monte carlo  index = 32 ***
x

 volt         param     
             i_d_0.2    
    0.         68.1280p 
   50.00000m  352.1990p 
  100.00000m    1.7712n 
  150.00000m    8.4278n 
  200.00000m   36.6261n 
  250.00000m  141.6667n 
  300.00000m  480.9872n 
  350.00000m    1.3801u 
  400.00000m    3.2190u 
  450.00000m    6.1502u 
  500.00000m    9.9672u 
  550.00000m   14.2287u 
  600.00000m   18.5878u 
  650.00000m   22.8905u 
  700.00000m   27.0753u 
  750.00000m   31.1145u 
  800.00000m   34.9942u 
  850.00000m   38.7068u 
  900.00000m   42.2483u 
  950.00000m   45.6174u 
    1.00000    48.8144u 
y
 vth0_value= 248.5045m
 u0_param=  48.9106m
 ags_param= 422.5508m
 
   *** monte carlo  index = 33 ***
x

 volt         param     
             i_d_0.2    
    0.         76.9344p 
   50.00000m  397.3370p 
  100.00000m    1.9934n 
  150.00000m    9.4436n 
  200.00000m   40.7776n 
  250.00000m  156.5677n 
  300.00000m  526.9558n 
  350.00000m    1.4943u 
  400.00000m    3.4413u 
  450.00000m    6.5025u 
  500.00000m   10.4465u 
  550.00000m   14.8188u 
  600.00000m   19.2775u 
  650.00000m   23.6735u 
  700.00000m   27.9469u 
  750.00000m   32.0706u 
  800.00000m   36.0306u 
  850.00000m   39.8195u 
  900.00000m   43.4334u 
  950.00000m   46.8709u 
    1.00000    50.1326u 
y
 vth0_value= 245.5313m
 u0_param=  49.9468m
 ags_param= 423.3570m
 
   *** monte carlo  index = 34 ***
x

 volt         param     
             i_d_0.2    
    0.         47.2335p 
   50.00000m  244.9354p 
  100.00000m    1.2416n 
  150.00000m    5.9966n 
  200.00000m   26.6547n 
  250.00000m  105.8528n 
  300.00000m  370.4190n 
  350.00000m    1.1070u 
  400.00000m    2.7030u 
  450.00000m    5.3772u 
  500.00000m    9.0002u 
  550.00000m   13.1589u 
  600.00000m   17.4675u 
  650.00000m   21.7399u 
  700.00000m   25.9026u 
  750.00000m   29.9240u 
  800.00000m   33.7884u 
  850.00000m   37.4875u 
  900.00000m   41.0172u 
  950.00000m   44.3758u 
    1.00000    47.5635u 
y
 vth0_value= 259.3511m
 u0_param=  48.7525m
 ags_param= 412.2984m
 
   *** monte carlo  index = 35 ***
x

 volt         param     
             i_d_0.2    
    0.        198.1139p 
   50.00000m    1.0097n 
  100.00000m    4.9266n 
  150.00000m   22.2575n 
  200.00000m   90.1695n 
  250.00000m  322.6482n 
  300.00000m  993.5812n 
  350.00000m    2.5140u 
  400.00000m    5.1678u 
  450.00000m    8.8847u 
  500.00000m   13.2623u 
  550.00000m   17.8640u 
  600.00000m   22.4589u 
  650.00000m   26.9544u 
  700.00000m   31.3104u 
  750.00000m   35.5069u 
  800.00000m   39.5328u 
  850.00000m   43.3819u 
  900.00000m   47.0509u 
  950.00000m   50.5389u 
    1.00000    53.8466u 
y
 vth0_value= 217.6458m
 u0_param=  50.7204m
 ags_param= 430.9774m
 
   *** monte carlo  index = 36 ***
x

 volt         param     
             i_d_0.2    
    0.         46.1359p 
   50.00000m  239.3050p 
  100.00000m    1.2139n 
  150.00000m    5.8700n 
  200.00000m   26.1428n 
  250.00000m  104.0624n 
  300.00000m  365.0982n 
  350.00000m    1.0949u 
  400.00000m    2.6842u 
  450.00000m    5.3590u 
  500.00000m    8.9956u 
  550.00000m   13.1810u 
  600.00000m   17.5227u 
  650.00000m   21.8297u 
  700.00000m   26.0270u 
  750.00000m   30.0819u 
  800.00000m   33.9785u 
  850.00000m   37.7085u 
  900.00000m   41.2676u 
  950.00000m   44.6543u 
    1.00000    47.8687u 
y
 vth0_value= 260.3254m
 u0_param=  49.1741m
 ags_param= 417.2258m
 
   *** monte carlo  index = 37 ***
x

 volt         param     
             i_d_0.2    
    0.         46.5255p 
   50.00000m  241.3381p 
  100.00000m    1.2243n 
  150.00000m    5.9206n 
  200.00000m   26.3712n 
  250.00000m  104.9844n 
  300.00000m  368.3730n 
  350.00000m    1.1049u 
  400.00000m    2.7090u 
  450.00000m    5.4089u 
  500.00000m    9.0802u 
  550.00000m   13.3059u 
  600.00000m   17.6897u 
  650.00000m   22.0386u 
  700.00000m   26.2765u 
  750.00000m   30.3706u 
  800.00000m   34.3048u 
  850.00000m   38.0707u 
  900.00000m   41.6639u 
  950.00000m   45.0829u 
    1.00000    48.3280u 
y
 vth0_value= 260.3857m
 u0_param=  49.6621m
 ags_param= 421.0989m
 
   *** monte carlo  index = 38 ***
x

 volt         param     
             i_d_0.2    
    0.         61.1448p 
   50.00000m  316.5152p 
  100.00000m    1.5966n 
  150.00000m    7.6401n 
  200.00000m   33.4823n 
  250.00000m  130.7576n 
  300.00000m  448.8956n 
  350.00000m    1.3073u 
  400.00000m    3.0996u 
  450.00000m    6.0067u 
  500.00000m    9.8456u 
  550.00000m   14.1731u 
  600.00000m   18.6190u 
  650.00000m   23.0139u 
  700.00000m   27.2907u 
  750.00000m   31.4197u 
  800.00000m   35.3860u 
  850.00000m   39.1815u 
  900.00000m   42.8023u 
  950.00000m   46.2469u 
    1.00000    49.5156u 
y
 vth0_value= 252.4674m
 u0_param=  50.0527m
 ags_param= 417.2582m
 
   *** monte carlo  index = 39 ***
x

 volt         param     
             i_d_0.2    
    0.         32.8796p 
   50.00000m  170.7995p 
  100.00000m  871.3614p 
  150.00000m    4.2609n 
  200.00000m   19.3174n 
  250.00000m   78.6025n 
  300.00000m  282.6062n 
  350.00000m  875.6984n 
  400.00000m    2.2323u 
  450.00000m    4.6200u 
  500.00000m    7.9844u 
  550.00000m   11.9598u 
  600.00000m   16.1388u 
  650.00000m   20.3049u 
  700.00000m   24.3725u 
  750.00000m   28.3058u 
  800.00000m   32.0877u 
  850.00000m   35.7092u 
  900.00000m   39.1658u 
  950.00000m   42.4559u 
    1.00000    45.5794u 
y
 vth0_value= 269.5016m
 u0_param=  47.7209m
 ags_param= 413.4739m
 
   *** monte carlo  index = 40 ***
x

 volt         param     
             i_d_0.2    
    0.         85.2086p 
   50.00000m  439.4084p 
  100.00000m    2.1972n 
  150.00000m   10.3478n 
  200.00000m   44.3061n 
  250.00000m  168.5132n 
  300.00000m  560.8265n 
  350.00000m    1.5668u 
  400.00000m    3.5515u 
  450.00000m    6.6213u 
  500.00000m   10.5247u 
  550.00000m   14.8144u 
  600.00000m   19.1730u 
  650.00000m   23.4647u 
  700.00000m   27.6349u 
  750.00000m   31.6584u 
  800.00000m   35.5219u 
  850.00000m   39.2183u 
  900.00000m   42.7439u 
  950.00000m   46.0975u 
    1.00000    49.2793u 
y
 vth0_value= 241.6579m
 u0_param=  48.6752m
 ags_param= 429.6083m
 
   *** monte carlo  index = 41 ***
x

 volt         param     
             i_d_0.2    
    0.         49.1389p 
   50.00000m  254.7682p 
  100.00000m    1.2907n 
  150.00000m    6.2261n 
  200.00000m   27.6238n 
  250.00000m  109.4586n 
  300.00000m  382.0714n 
  350.00000m    1.1380u 
  400.00000m    2.7676u 
  450.00000m    5.4859u 
  500.00000m    9.1559u 
  550.00000m   13.3580u 
  600.00000m   17.7064u 
  650.00000m   22.0164u 
  700.00000m   26.2150u 
  750.00000m   30.2706u 
  800.00000m   34.1676u 
  850.00000m   37.8978u 
  900.00000m   41.4569u 
  950.00000m   44.8433u 
    1.00000    48.0575u 
y
 vth0_value= 258.4408m
 u0_param=  49.1736m
 ags_param= 410.4518m
 
   *** monte carlo  index = 42 ***
x

 volt         param     
             i_d_0.2    
    0.         75.8847p 
   50.00000m  391.9900p 
  100.00000m    1.9674n 
  150.00000m    9.3275n 
  200.00000m   40.3209n 
  250.00000m  155.0072n 
  300.00000m  522.4669n 
  350.00000m    1.4845u 
  400.00000m    3.4258u 
  450.00000m    6.4848u 
  500.00000m   10.4329u 
  550.00000m   14.8148u 
  600.00000m   19.2857u 
  650.00000m   23.6944u 
  700.00000m   27.9805u 
  750.00000m   32.1164u 
  800.00000m   36.0883u 
  850.00000m   39.8886u 
  900.00000m   43.5133u 
  950.00000m   46.9612u 
    1.00000    50.2327u 
y
 vth0_value= 246.0419m
 u0_param=  50.1043m
 ags_param= 419.4142m
 
   *** monte carlo  index = 43 ***
x

 volt         param     
             i_d_0.2    
    0.         45.4822p 
   50.00000m  235.9348p 
  100.00000m    1.1971n 
  150.00000m    5.7919n 
  200.00000m   25.8157n 
  250.00000m  102.8604n 
  300.00000m  361.2758n 
  350.00000m    1.0851u 
  400.00000m    2.6646u 
  450.00000m    5.3280u 
  500.00000m    8.9548u 
  550.00000m   13.1335u 
  600.00000m   17.4706u 
  650.00000m   21.7739u 
  700.00000m   25.9678u 
  750.00000m   30.0197u 
  800.00000m   33.9135u 
  850.00000m   37.6408u 
  900.00000m   41.1974u 
  950.00000m   44.5817u 
    1.00000    47.7939u 
y
 vth0_value= 260.7292m
 u0_param=  49.1389m
 ags_param= 415.9113m
 
   *** monte carlo  index = 44 ***
x

 volt         param     
             i_d_0.2    
    0.         15.8881p 
   50.00000m   82.5189p 
  100.00000m  425.3759p 
  150.00000m    2.1256n 
  200.00000m    9.9987n 
  250.00000m   42.7383n 
  300.00000m  162.2271n 
  350.00000m  538.5212n 
  400.00000m    1.4991u 
  450.00000m    3.3849u 
  500.00000m    6.2881u 
  550.00000m    9.9631u 
  600.00000m   13.9845u 
  650.00000m   18.0568u 
  700.00000m   22.0559u 
  750.00000m   25.9324u 
  800.00000m   29.6645u 
  850.00000m   33.2412u 
  900.00000m   36.6573u 
  950.00000m   39.9104u 
    1.00000    43.0004u 
y
 vth0_value= 290.9051m
 u0_param=  47.1684m
 ags_param= 412.9749m
 
   *** monte carlo  index = 45 ***
x

 volt         param     
             i_d_0.2    
    0.         49.0183p 
   50.00000m  254.2258p 
  100.00000m    1.2888n 
  150.00000m    6.2245n 
  200.00000m   27.6688n 
  250.00000m  109.8785n 
  300.00000m  384.4594n 
  350.00000m    1.1487u 
  400.00000m    2.8039u 
  450.00000m    5.5757u 
  500.00000m    9.3296u 
  550.00000m   13.6383u 
  600.00000m   18.1022u 
  650.00000m   22.5283u 
  700.00000m   26.8403u 
  750.00000m   31.0054u 
  800.00000m   35.0075u 
  850.00000m   38.8379u 
  900.00000m   42.4925u 
  950.00000m   45.9697u 
    1.00000    49.2698u 
y
 vth0_value= 259.3793m
 u0_param=  50.5410m
 ags_param= 430.0638m
 
   *** monte carlo  index = 46 ***
x

 volt         param     
             i_d_0.2    
    0.        133.2284p 
   50.00000m  683.0237p 
  100.00000m    3.3728n 
  150.00000m   15.5423n 
  200.00000m   64.5890n 
  250.00000m  237.6821n 
  300.00000m  759.2233n 
  350.00000m    2.0105u 
  400.00000m    4.3167u 
  450.00000m    7.6906u 
  500.00000m   11.7980u 
  550.00000m   16.1939u 
  600.00000m   20.6135u 
  650.00000m   24.9487u 
  700.00000m   29.1544u 
  750.00000m   33.2088u 
  800.00000m   37.1002u 
  850.00000m   40.8220u 
  900.00000m   44.3708u 
  950.00000m   47.7454u 
    1.00000    50.9465u 
y
 vth0_value= 228.4717m
 u0_param=  48.9990m
 ags_param= 414.6133m
 
   *** monte carlo  index = 47 ***
x

 volt         param     
             i_d_0.2    
    0.         14.8385p 
   50.00000m   77.0518p 
  100.00000m  397.6390p 
  150.00000m    1.9918n 
  200.00000m    9.4100n 
  250.00000m   40.4702n 
  300.00000m  154.6742n 
  350.00000m  517.6635n 
  400.00000m    1.4568u 
  450.00000m    3.3269u 
  500.00000m    6.2402u 
  550.00000m    9.9630u 
  600.00000m   14.0623u 
  650.00000m   18.2241u 
  700.00000m   22.3147u 
  750.00000m   26.2812u 
  800.00000m   30.1003u 
  850.00000m   33.7607u 
  900.00000m   37.2568u 
  950.00000m   40.5860u 
    1.00000    43.7484u 
y
 vth0_value= 293.7068m
 u0_param=  48.3070m
 ags_param= 413.4605m
 
   *** monte carlo  index = 48 ***
x

 volt         param     
             i_d_0.2    
    0.         66.9080p 
   50.00000m  345.9018p 
  100.00000m    1.7397n 
  150.00000m    8.2803n 
  200.00000m   35.9989n 
  250.00000m  139.3046n 
  300.00000m  473.2369n 
  350.00000m    1.3589u 
  400.00000m    3.1724u 
  450.00000m    6.0658u 
  500.00000m    9.8366u 
  550.00000m   14.0483u 
  600.00000m   18.3574u 
  650.00000m   22.6111u 
  700.00000m   26.7485u 
  750.00000m   30.7423u 
  800.00000m   34.5785u 
  850.00000m   38.2495u 
  900.00000m   41.7516u 
  950.00000m   45.0832u 
    1.00000    48.2448u 
y
 vth0_value= 248.6788m
 u0_param=  48.3480m
 ags_param= 413.1238m
 
   *** monte carlo  index = 49 ***
x

 volt         param     
             i_d_0.2    
    0.         49.4577p 
   50.00000m  256.4154p 
  100.00000m    1.2989n 
  150.00000m    6.2648n 
  200.00000m   27.7887n 
  250.00000m  110.0790n 
  300.00000m  384.1062n 
  350.00000m    1.1435u 
  400.00000m    2.7796u 
  450.00000m    5.5071u 
  500.00000m    9.1876u 
  550.00000m   13.4004u 
  600.00000m   17.7592u 
  650.00000m   22.0791u 
  700.00000m   26.2873u 
  750.00000m   30.3520u 
  800.00000m   34.2578u 
  850.00000m   37.9962u 
  900.00000m   41.5632u 
  950.00000m   44.9571u 
    1.00000    48.1783u 
y
 vth0_value= 258.3180m
 u0_param=  49.2834m
 ags_param= 423.8507m
 
   *** monte carlo  index = 50 ***
x

 volt         param     
             i_d_0.2    
    0.         52.4839p 
   50.00000m  271.9782p 
  100.00000m    1.3760n 
  150.00000m    6.6207n 
  200.00000m   29.2589n 
  250.00000m  115.3946n 
  300.00000m  400.6581n 
  350.00000m    1.1848u 
  400.00000m    2.8580u 
  450.00000m    5.6237u 
  500.00000m    9.3309u 
  550.00000m   13.5539u 
  600.00000m   17.9133u 
  650.00000m   22.2302u 
  700.00000m   26.4342u 
  750.00000m   30.4944u 
  800.00000m   34.3955u 
  850.00000m   38.1293u 
  900.00000m   41.6916u 
  950.00000m   45.0811u 
    1.00000    48.2979u 
y
 vth0_value= 256.5020m
 u0_param=  49.2190m
 ags_param= 411.1463m
 
   *** monte carlo  index = 51 ***
x

 volt         param     
             i_d_0.2    
    0.         70.9056p 
   50.00000m  366.5061p 
  100.00000m    1.8423n 
  150.00000m    8.7588n 
  200.00000m   38.0172n 
  250.00000m  146.8315n 
  300.00000m  497.6307n 
  350.00000m    1.4244u 
  400.00000m    3.3133u 
  450.00000m    6.3152u 
  500.00000m   10.2155u 
  550.00000m   14.5637u 
  600.00000m   19.0090u 
  650.00000m   23.3955u 
  700.00000m   27.6612u 
  750.00000m   31.7782u 
  800.00000m   35.7322u 
  850.00000m   39.5155u 
  900.00000m   43.1244u 
  950.00000m   46.5573u 
    1.00000    49.8148u 
y
 vth0_value= 247.9302m
 u0_param=  49.8803m
 ags_param= 406.1876m
 
   *** monte carlo  index = 52 ***
x

 volt         param     
             i_d_0.2    
    0.         69.0879p 
   50.00000m  357.1996p 
  100.00000m    1.7966n 
  150.00000m    8.5508n 
  200.00000m   37.1741n 
  250.00000m  143.8400n 
  300.00000m  488.5481n 
  350.00000m    1.4025u 
  400.00000m    3.2727u 
  450.00000m    6.2550u 
  500.00000m   10.1402u 
  550.00000m   14.4794u 
  600.00000m   18.9188u 
  650.00000m   23.3008u 
  700.00000m   27.5626u 
  750.00000m   31.6761u 
  800.00000m   35.6268u 
  850.00000m   39.4071u 
  900.00000m   43.0131u 
  950.00000m   46.4434u 
    1.00000    49.6984u 
y
 vth0_value= 248.6797m
 u0_param=  49.8375m
 ags_param= 416.6961m
 
   *** monte carlo  index = 53 ***
x

 volt         param     
             i_d_0.2    
    0.         42.4380p 
   50.00000m  220.2290p 
  100.00000m    1.1188n 
  150.00000m    5.4263n 
  200.00000m   24.2786n 
  250.00000m   97.1850n 
  300.00000m  343.1192n 
  350.00000m    1.0377u 
  400.00000m    2.5693u 
  450.00000m    5.1760u 
  500.00000m    8.7518u 
  550.00000m   12.8936u 
  600.00000m   17.2037u 
  650.00000m   21.4843u 
  700.00000m   25.6577u 
  750.00000m   29.6904u 
  800.00000m   33.5662u 
  850.00000m   37.2766u 
  900.00000m   40.8173u 
  950.00000m   44.1865u 
    1.00000    47.3847u 
y
 vth0_value= 262.6518m
 u0_param=  48.9098m
 ags_param= 425.7453m
 
   *** monte carlo  index = 54 ***
x

 volt         param     
             i_d_0.2    
    0.         12.1933p 
   50.00000m   63.2200p 
  100.00000m  326.8438p 
  150.00000m    1.6443n 
  200.00000m    7.8295n 
  250.00000m   34.0618n 
  300.00000m  131.8970n 
  350.00000m  448.3412n 
  400.00000m    1.2883u 
  450.00000m    3.0090u 
  500.00000m    5.7545u 
  550.00000m    9.3298u 
  600.00000m   13.3163u 
  650.00000m   17.3855u 
  700.00000m   21.3929u 
  750.00000m   25.2820u 
  800.00000m   29.0282u 
  850.00000m   32.6198u 
  900.00000m   36.0508u 
  950.00000m   39.3187u 
    1.00000    42.4234u 
y
 vth0_value= 299.0068m
 u0_param=  47.3913m
 ags_param= 407.8914m
 
   *** monte carlo  index = 55 ***
x

 volt         param     
             i_d_0.2    
    0.         63.8083p 
   50.00000m  330.2440p 
  100.00000m    1.6650n 
  150.00000m    7.9589n 
  200.00000m   34.8244n 
  250.00000m  135.7471n 
  300.00000m  465.0034n 
  350.00000m    1.3502u 
  400.00000m    3.1905u 
  450.00000m    6.1645u 
  500.00000m   10.0803u 
  550.00000m   14.4862u 
  600.00000m   19.0088u 
  650.00000m   23.4780u 
  700.00000m   27.8264u 
  750.00000m   32.0239u 
  800.00000m   36.0557u 
  850.00000m   39.9137u 
  900.00000m   43.5938u 
  950.00000m   47.0946u 
    1.00000    50.4166u 
y
 vth0_value= 251.7270m
 u0_param=  50.9071m
 ags_param= 415.0889m
 
   *** monte carlo  index = 56 ***
x

 volt         param     
             i_d_0.2    
    0.         75.0576p 
   50.00000m  387.7221p 
  100.00000m    1.9461n 
  150.00000m    9.2277n 
  200.00000m   39.8972n 
  250.00000m  153.4131n 
  300.00000m  517.2445n 
  350.00000m    1.4702u 
  400.00000m    3.3944u 
  450.00000m    6.4279u 
  500.00000m   10.3446u 
  550.00000m   14.6926u 
  600.00000m   19.1294u 
  650.00000m   23.5047u 
  700.00000m   27.7584u 
  750.00000m   31.8633u 
  800.00000m   35.8055u 
  850.00000m   39.5775u 
  900.00000m   43.1753u 
  950.00000m   46.5976u 
    1.00000    49.8449u 
y
 vth0_value= 246.1263m
 u0_param=  49.7200m
 ags_param= 407.7963m
 
   *** monte carlo  index = 57 ***
x

 volt         param     
             i_d_0.2    
    0.         56.7261p 
   50.00000m  293.8017p 
  100.00000m    1.4842n 
  150.00000m    7.1213n 
  200.00000m   31.3360n 
  250.00000m  122.9620n 
  300.00000m  424.4668n 
  350.00000m    1.2454u 
  400.00000m    2.9777u 
  450.00000m    5.8132u 
  500.00000m    9.5847u 
  550.00000m   13.8575u 
  600.00000m   18.2573u 
  650.00000m   22.6102u 
  700.00000m   26.8476u 
  750.00000m   30.9392u 
  800.00000m   34.8701u 
  850.00000m   38.6320u 
  900.00000m   42.2210u 
  950.00000m   45.6356u 
    1.00000    48.8761u 
y
 vth0_value= 254.4207m
 u0_param=  49.5971m
 ags_param= 420.2528m
 
   *** monte carlo  index = 58 ***
x

 volt         param     
             i_d_0.2    
    0.         74.7866p 
   50.00000m  386.3283p 
  100.00000m    1.9392n 
  150.00000m    9.1957n 
  200.00000m   39.7635n 
  250.00000m  152.9213n 
  300.00000m  515.6803n 
  350.00000m    1.4662u 
  400.00000m    3.3859u 
  450.00000m    6.4135u 
  500.00000m   10.3233u 
  550.00000m   14.6642u 
  600.00000m   19.0939u 
  650.00000m   23.4623u 
  700.00000m   27.7093u 
  750.00000m   31.8078u 
  800.00000m   35.7439u 
  850.00000m   39.5099u 
  900.00000m   43.1022u 
  950.00000m   46.5192u 
    1.00000    49.7615u 
y
 vth0_value= 246.1806m
 u0_param=  49.6354m
 ags_param= 426.4445m
 
   *** monte carlo  index = 59 ***
x

 volt         param     
             i_d_0.2    
    0.         44.4544p 
   50.00000m  230.6449p 
  100.00000m    1.1709n 
  150.00000m    5.6705n 
  200.00000m   25.3136n 
  250.00000m  101.0469n 
  300.00000m  355.6419n 
  350.00000m    1.0711u 
  400.00000m    2.6388u 
  450.00000m    5.2921u 
  500.00000m    8.9154u 
  550.00000m   13.0989u 
  600.00000m   17.4455u 
  650.00000m   21.7598u 
  700.00000m   25.9650u 
  750.00000m   30.0280u 
  800.00000m   33.9326u 
  850.00000m   37.6703u 
  900.00000m   41.2369u 
  950.00000m   44.6306u 
    1.00000    47.8519u 
y
 vth0_value= 261.5026m
 u0_param=  49.2799m
 ags_param= 424.8036m
 
   *** monte carlo  index = 60 ***
x

 volt         param     
             i_d_0.2    
    0.         50.1611p 
   50.00000m  260.0725p 
  100.00000m    1.3174n 
  150.00000m    6.3539n 
  200.00000m   28.1822n 
  250.00000m  111.6278n 
  300.00000m  389.4549n 
  350.00000m    1.1592u 
  400.00000m    2.8169u 
  450.00000m    5.5794u 
  500.00000m    9.3063u 
  550.00000m   13.5716u 
  600.00000m   17.9846u 
  650.00000m   22.3581u 
  700.00000m   26.6182u 
  750.00000m   30.7330u 
  800.00000m   34.6867u 
  850.00000m   38.4709u 
  900.00000m   42.0813u 
  950.00000m   45.5166u 
    1.00000    48.7769u 
y
 vth0_value= 258.2937m
 u0_param=  49.9086m
 ags_param= 419.3467m
 
   *** monte carlo  index = 61 ***
x

 volt         param     
             i_d_0.2    
    0.         52.1606p 
   50.00000m  270.3416p 
  100.00000m    1.3682n 
  150.00000m    6.5869n 
  200.00000m   29.1357n 
  250.00000m  115.0306n 
  300.00000m  399.8646n 
  350.00000m    1.1843u 
  400.00000m    2.8619u 
  450.00000m    5.6403u 
  500.00000m    9.3701u 
  550.00000m   13.6238u 
  600.00000m   18.0172u 
  650.00000m   22.3686u 
  700.00000m   26.6064u 
  750.00000m   30.6992u 
  800.00000m   34.6316u 
  850.00000m   38.3953u 
  900.00000m   41.9863u 
  950.00000m   45.4028u 
    1.00000    48.6453u 
y
 vth0_value= 256.9472m
 u0_param=  49.6269m
 ags_param= 417.7555m
 
   *** monte carlo  index = 62 ***
x

 volt         param     
             i_d_0.2    
    0.         91.9512p 
   50.00000m  473.9247p 
  100.00000m    2.3667n 
  150.00000m   11.1204n 
  200.00000m   47.4567n 
  250.00000m  179.8204n 
  300.00000m  595.7001n 
  350.00000m    1.6540u 
  400.00000m    3.7249u 
  450.00000m    6.9059u 
  500.00000m   10.9295u 
  550.00000m   15.3367u 
  600.00000m   19.8086u 
  650.00000m   24.2096u 
  700.00000m   28.4847u 
  750.00000m   32.6087u 
  800.00000m   36.5681u 
  850.00000m   40.3559u 
  900.00000m   43.9683u 
  950.00000m   47.4041u 
    1.00000    50.6637u 
y
 vth0_value= 240.1779m
 u0_param=  49.9200m
 ags_param= 430.0093m
 
   *** monte carlo  index = 63 ***
x

 volt         param     
             i_d_0.2    
    0.         99.1017p 
   50.00000m  510.4845p 
  100.00000m    2.5458n 
  150.00000m   11.9335n 
  200.00000m   50.7541n 
  250.00000m  191.5793n 
  300.00000m  631.6473n 
  350.00000m    1.7427u 
  400.00000m    3.8990u 
  450.00000m    7.1881u 
  500.00000m   11.3262u 
  550.00000m   15.8444u 
  600.00000m   20.4228u 
  650.00000m   24.9261u 
  700.00000m   29.2994u 
  750.00000m   33.5173u 
  800.00000m   37.5665u 
  850.00000m   41.4397u 
  900.00000m   45.1333u 
  950.00000m   48.6459u 
    1.00000    51.9782u 
y
 vth0_value= 238.6705m
 u0_param=  51.0931m
 ags_param= 414.1368m
 
   *** monte carlo  index = 64 ***
x

 volt         param     
             i_d_0.2    
    0.         86.9732p 
   50.00000m  448.5819p 
  100.00000m    2.2436n 
  150.00000m   10.5710n 
  200.00000m   45.2877n 
  250.00000m  172.3476n 
  300.00000m  573.9390n 
  350.00000m    1.6046u 
  400.00000m    3.6401u 
  450.00000m    6.7902u 
  500.00000m   10.7985u 
  550.00000m   15.2059u 
  600.00000m   19.6852u 
  650.00000m   24.0959u 
  700.00000m   28.3815u 
  750.00000m   32.5159u 
  800.00000m   36.4856u 
  850.00000m   40.2834u 
  900.00000m   43.9054u 
  950.00000m   47.3505u 
    1.00000    50.6190u 
y
 vth0_value= 241.9349m
 u0_param=  50.0632m
 ags_param= 417.5791m
 
   *** monte carlo  index = 65 ***
x

 volt         param     
             i_d_0.2    
    0.         36.5642p 
   50.00000m  189.8921p 
  100.00000m  967.3364p 
  150.00000m    4.7163n 
  200.00000m   21.2800n 
  250.00000m   86.0688n 
  300.00000m  307.3842n 
  350.00000m  944.0174n 
  400.00000m    2.3804u 
  450.00000m    4.8767u 
  500.00000m    8.3585u 
  550.00000m   12.4417u 
  600.00000m   16.7176u 
  650.00000m   20.9741u 
  700.00000m   25.1275u 
  750.00000m   29.1426u 
  800.00000m   33.0024u 
  850.00000m   36.6980u 
  900.00000m   40.2249u 
  950.00000m   43.5815u 
    1.00000    46.7678u 
y
 vth0_value= 266.9830m
 u0_param=  48.7235m
 ags_param= 401.1753m
 
   *** monte carlo  index = 66 ***
x

 volt         param     
             i_d_0.2    
    0.         45.5239p 
   50.00000m  236.0851p 
  100.00000m    1.1972n 
  150.00000m    5.7863n 
  200.00000m   25.7492n 
  250.00000m  102.4004n 
  300.00000m  358.9199n 
  350.00000m    1.0751u 
  400.00000m    2.6318u 
  450.00000m    5.2479u 
  500.00000m    8.8007u 
  550.00000m   12.8853u 
  600.00000m   17.1203u 
  650.00000m   21.3209u 
  700.00000m   25.4145u 
  750.00000m   29.3694u 
  800.00000m   33.1702u 
  850.00000m   36.8087u 
  900.00000m   40.2807u 
  950.00000m   43.5846u 
    1.00000    46.7206u 
y
 vth0_value= 259.9155m
 u0_param=  47.9302m
 ags_param= 411.0756m
 
   *** monte carlo  index = 67 ***
x

 volt         param     
             i_d_0.2    
    0.         53.7764p 
   50.00000m  278.6057p 
  100.00000m    1.4086n 
  150.00000m    6.7697n 
  200.00000m   29.8634n 
  250.00000m  117.5285n 
  300.00000m  407.0883n 
  350.00000m    1.2000u 
  400.00000m    2.8839u 
  450.00000m    5.6564u 
  500.00000m    9.3608u 
  550.00000m   13.5709u 
  600.00000m   17.9123u 
  650.00000m   22.2099u 
  700.00000m   26.3944u 
  750.00000m   30.4356u 
  800.00000m   34.3183u 
  850.00000m   38.0345u 
  900.00000m   41.5800u 
  950.00000m   44.9534u 
    1.00000    48.1550u 
y
 vth0_value= 255.6192m
 u0_param=  48.9769m
 ags_param= 411.9302m
 
   *** monte carlo  index = 68 ***
x

 volt         param     
             i_d_0.2    
    0.         93.0008p 
   50.00000m  479.1912p 
  100.00000m    2.3915n 
  150.00000m   11.2249n 
  200.00000m   47.8304n 
  250.00000m  180.9358n 
  300.00000m  598.2053n 
  350.00000m    1.6566u 
  400.00000m    3.7207u 
  450.00000m    6.8827u 
  500.00000m   10.8732u 
  550.00000m   15.2380u 
  600.00000m   19.6642u 
  650.00000m   24.0194u 
  700.00000m   28.2499u 
  750.00000m   32.3306u 
  800.00000m   36.2487u 
  850.00000m   39.9970u 
  900.00000m   43.5718u 
  950.00000m   46.9718u 
    1.00000    50.1976u 
y
 vth0_value= 239.4931m
 u0_param=  49.3795m
 ags_param= 425.1408m
 
   *** monte carlo  index = 69 ***
x

 volt         param     
             i_d_0.2    
    0.        148.8440p 
   50.00000m  762.3676p 
  100.00000m    3.7570n 
  150.00000m   17.2537n 
  200.00000m   71.3753n 
  250.00000m  261.3189n 
  300.00000m  829.1772n 
  350.00000m    2.1771u 
  400.00000m    4.6354u 
  450.00000m    8.2009u 
  500.00000m   12.5139u 
  550.00000m   17.1139u 
  600.00000m   21.7320u 
  650.00000m   26.2592u 
  700.00000m   30.6496u 
  750.00000m   34.8809u 
  800.00000m   38.9413u 
  850.00000m   42.8240u 
  900.00000m   46.5256u 
  950.00000m   50.0451u 
    1.00000    53.3831u 
y
 vth0_value= 226.5395m
 u0_param=  51.1987m
 ags_param= 429.2956m
 
   *** monte carlo  index = 70 ***
x

 volt         param     
             i_d_0.2    
    0.         23.4519p 
   50.00000m  121.9361p 
  100.00000m  625.7278p 
  150.00000m    3.0960n 
  200.00000m   14.3151n 
  250.00000m   59.7529n 
  300.00000m  220.9150n 
  350.00000m  709.6875n 
  400.00000m    1.8927u 
  450.00000m    4.0910u 
  500.00000m    7.3265u 
  550.00000m   11.2805u 
  600.00000m   15.5159u 
  650.00000m   19.7682u 
  700.00000m   23.9308u 
  750.00000m   27.9601u 
  800.00000m   31.8363u 
  850.00000m   35.5493u 
  900.00000m   39.0941u 
  950.00000m   42.4686u 
    1.00000    45.6729u 
y
 vth0_value= 280.4317m
 u0_param=  48.9885m
 ags_param= 411.4417m
 
   *** monte carlo  index = 71 ***
x

 volt         param     
             i_d_0.2    
    0.         26.7562p 
   50.00000m  139.0531p 
  100.00000m  711.6459p 
  150.00000m    3.5021n 
  200.00000m   16.0450n 
  250.00000m   66.1725n 
  300.00000m  241.4667n 
  350.00000m  762.8827n 
  400.00000m    1.9920u 
  450.00000m    4.2183u 
  500.00000m    7.4281u 
  550.00000m   11.2877u 
  600.00000m   15.3834u 
  650.00000m   19.4809u 
  700.00000m   23.4871u 
  750.00000m   27.3633u 
  800.00000m   31.0916u 
  850.00000m   34.6626u 
  900.00000m   38.0718u 
  950.00000m   41.3171u 
    1.00000    44.3986u 
y
 vth0_value= 275.2188m
 u0_param=  47.0534m
 ags_param= 405.0954m
 
   *** monte carlo  index = 72 ***
x

 volt         param     
             i_d_0.2    
    0.         70.7554p 
   50.00000m  365.6866p 
  100.00000m    1.8378n 
  150.00000m    8.7339n 
  200.00000m   37.8875n 
  250.00000m  146.2387n 
  300.00000m  495.2758n 
  350.00000m    1.4163u 
  400.00000m    3.2914u 
  450.00000m    6.2683u 
  500.00000m   10.1330u 
  550.00000m   14.4388u 
  600.00000m   18.8395u 
  650.00000m   23.1817u 
  700.00000m   27.4043u 
  750.00000m   31.4797u 
  800.00000m   35.3938u 
  850.00000m   39.1392u 
  900.00000m   42.7118u 
  950.00000m   46.1104u 
    1.00000    49.3353u 
y
 vth0_value= 247.6608m
 u0_param=  49.3580m
 ags_param= 415.1413m
 
   *** monte carlo  index = 73 ***
x

 volt         param     
             i_d_0.2    
    0.         40.1381p 
   50.00000m  208.3128p 
  100.00000m    1.0589n 
  150.00000m    5.1418n 
  200.00000m   23.0493n 
  250.00000m   92.4799n 
  300.00000m  327.3772n 
  350.00000m  993.7016n 
  400.00000m    2.4709u 
  450.00000m    4.9974u 
  500.00000m    8.4770u 
  550.00000m   12.5187u 
  600.00000m   16.7303u 
  650.00000m   20.9154u 
  700.00000m   24.9967u 
  750.00000m   28.9411u 
  800.00000m   32.7324u 
  850.00000m   36.3623u 
  900.00000m   39.8264u 
  950.00000m   43.1231u 
    1.00000    46.2525u 
y
 vth0_value= 263.6072m
 u0_param=  47.8225m
 ags_param= 406.3311m
 
   *** monte carlo  index = 74 ***
x

 volt         param     
             i_d_0.2    
    0.         96.1610p 
   50.00000m  495.3859p 
  100.00000m    2.4712n 
  150.00000m   11.5897n 
  200.00000m   49.3285n 
  250.00000m  186.3591n 
  300.00000m  615.1247n 
  350.00000m    1.6997u 
  400.00000m    3.8088u 
  450.00000m    7.0317u 
  500.00000m   11.0916u 
  550.00000m   15.5274u 
  600.00000m   20.0235u 
  650.00000m   24.4466u 
  700.00000m   28.7425u 
  750.00000m   32.8860u 
  800.00000m   36.8641u 
  850.00000m   40.6695u 
  900.00000m   44.2986u 
  950.00000m   47.7502u 
    1.00000    51.0246u 
y
 vth0_value= 238.9889m
 u0_param=  50.1595m
 ags_param= 429.4737m
 
   *** monte carlo  index = 75 ***
x

 volt         param     
             i_d_0.2    
    0.        112.3787p 
   50.00000m  577.9203p 
  100.00000m    2.8720n 
  150.00000m   13.3790n 
  200.00000m   56.4163n 
  250.00000m  210.9413n 
  300.00000m  687.3984n 
  350.00000m    1.8677u 
  400.00000m    4.1136u 
  450.00000m    7.4848u 
  500.00000m   11.6729u 
  550.00000m   16.2101u 
  600.00000m   20.7931u 
  650.00000m   25.2958u 
  700.00000m   29.6666u 
  750.00000m   33.8811u 
  800.00000m   37.9264u 
  850.00000m   41.7956u 
  900.00000m   45.4850u 
  950.00000m   48.9934u 
    1.00000    52.3215u 
y
 vth0_value= 234.8634m
 u0_param=  51.0278m
 ags_param= 425.8260m
 
   *** monte carlo  index = 76 ***
x

 volt         param     
             i_d_0.2    
    0.         40.4373p 
   50.00000m  209.8741p 
  100.00000m    1.0669n 
  150.00000m    5.1807n 
  200.00000m   23.2249n 
  250.00000m   93.1898n 
  300.00000m  329.9048n 
  350.00000m    1.0014u 
  400.00000m    2.4902u 
  450.00000m    5.0366u 
  500.00000m    8.5436u 
  550.00000m   12.6172u 
  600.00000m   16.8623u 
  650.00000m   21.0807u 
  700.00000m   25.1943u 
  750.00000m   29.1698u 
  800.00000m   32.9910u 
  850.00000m   36.6494u 
  900.00000m   40.1406u 
  950.00000m   43.4630u 
    1.00000    46.6168u 
y
 vth0_value= 263.6380m
 u0_param=  48.2069m
 ags_param= 416.3440m
 
   *** monte carlo  index = 77 ***
x

 volt         param     
             i_d_0.2    
    0.         33.8119p 
   50.00000m  175.6583p 
  100.00000m  896.0768p 
  150.00000m    4.3808n 
  200.00000m   19.8547n 
  250.00000m   80.7523n 
  300.00000m  290.1747n 
  350.00000m  898.4454n 
  400.00000m    2.2880u 
  450.00000m    4.7307u 
  500.00000m    8.1691u 
  550.00000m   12.2294u 
  600.00000m   16.4964u 
  650.00000m   20.7497u 
  700.00000m   24.9020u 
  750.00000m   28.9169u 
  800.00000m   32.7769u 
  850.00000m   36.4731u 
  900.00000m   40.0007u 
  950.00000m   43.3581u 
    1.00000    46.5455u 
y
 vth0_value= 269.3279m
 u0_param=  48.7331m
 ags_param= 413.1625m
 
   *** monte carlo  index = 78 ***
x

 volt         param     
             i_d_0.2    
    0.         72.4767p 
   50.00000m  374.3310p 
  100.00000m    1.8786n 
  150.00000m    8.9051n 
  200.00000m   38.4884n 
  250.00000m  147.9470n 
  300.00000m  498.6823n 
  350.00000m    1.4171u 
  400.00000m    3.2709u 
  450.00000m    6.1933u 
  500.00000m    9.9658u 
  550.00000m   14.1521u 
  600.00000m   18.4233u 
  650.00000m   22.6354u 
  700.00000m   26.7309u 
  750.00000m   30.6835u 
  800.00000m   34.4799u 
  850.00000m   38.1128u 
  900.00000m   41.5783u 
  950.00000m   44.8750u 
    1.00000    48.0034u 
y
 vth0_value= 245.9409m
 u0_param=  47.8220m
 ags_param= 416.6985m
 
   *** monte carlo  index = 79 ***
x

 volt         param     
             i_d_0.2    
    0.         60.5344p 
   50.00000m  313.3954p 
  100.00000m    1.5814n 
  150.00000m    7.5712n 
  200.00000m   33.2073n 
  250.00000m  129.8064n 
  300.00000m  446.1108n 
  350.00000m    1.3011u 
  400.00000m    3.0898u 
  450.00000m    5.9962u 
  500.00000m    9.8392u 
  550.00000m   14.1758u 
  600.00000m   18.6330u 
  650.00000m   23.0398u 
  700.00000m   27.3284u 
  750.00000m   31.4688u 
  800.00000m   35.4461u 
  850.00000m   39.2522u 
  900.00000m   42.8831u 
  950.00000m   46.3373u 
    1.00000    49.6152u 
y
 vth0_value= 252.8595m
 u0_param=  50.1991m
 ags_param= 412.9986m
 
   *** monte carlo  index = 80 ***
x

 volt         param     
             i_d_0.2    
    0.         26.4116p 
   50.00000m  137.2903p 
  100.00000m  703.0372p 
  150.00000m    3.4637n 
  200.00000m   15.8993n 
  250.00000m   65.7332n 
  300.00000m  240.4985n 
  350.00000m  762.3796n 
  400.00000m    1.9991u 
  450.00000m    4.2503u 
  500.00000m    7.5089u 
  550.00000m   11.4398u 
  600.00000m   15.6188u 
  650.00000m   19.8025u 
  700.00000m   23.8937u 
  750.00000m   27.8524u 
  800.00000m   31.6600u 
  850.00000m   35.3069u 
  900.00000m   38.7884u 
  950.00000m   42.1024u 
    1.00000    45.2492u 
y
 vth0_value= 276.2881m
 u0_param=  48.0816m
 ags_param= 410.9995m
 
   *** monte carlo  index = 81 ***
x

 volt         param     
             i_d_0.2    
    0.         25.2640p 
   50.00000m  131.3266p 
  100.00000m  672.8942p 
  150.00000m    3.3192n 
  200.00000m   15.2674n 
  250.00000m   63.2913n 
  300.00000m  232.2531n 
  350.00000m  739.0724n 
  400.00000m    1.9474u 
  450.00000m    4.1600u 
  500.00000m    7.3783u 
  550.00000m   11.2746u 
  600.00000m   15.4254u 
  650.00000m   19.5843u 
  700.00000m   23.6523u 
  750.00000m   27.5892u 
  800.00000m   31.3761u 
  850.00000m   35.0035u 
  900.00000m   38.4664u 
  950.00000m   41.7629u 
    1.00000    44.8932u 
y
 vth0_value= 277.4441m
 u0_param=  47.8188m
 ags_param= 410.9022m
 
   *** monte carlo  index = 82 ***
x

 volt         param     
             i_d_0.2    
    0.        106.0346p 
   50.00000m  545.6974p 
  100.00000m    2.7161n 
  150.00000m   12.6879n 
  200.00000m   53.7052n 
  250.00000m  201.6480n 
  300.00000m  660.5387n 
  350.00000m    1.8069u 
  400.00000m    4.0074u 
  450.00000m    7.3339u 
  500.00000m   11.4894u 
  550.00000m   16.0066u 
  600.00000m   20.5757u 
  650.00000m   25.0671u 
  700.00000m   29.4277u 
  750.00000m   33.6329u 
  800.00000m   37.6695u 
  850.00000m   41.5306u 
  900.00000m   45.2124u 
  950.00000m   48.7137u 
    1.00000    52.0352u 
y
 vth0_value= 236.5388m
 u0_param=  50.9218m
 ags_param= 415.5678m
 
   *** monte carlo  index = 83 ***
x

 volt         param     
             i_d_0.2    
    0.         80.1796p 
   50.00000m  413.8846p 
  100.00000m    2.0740n 
  150.00000m    9.8051n 
  200.00000m   42.2116n 
  250.00000m  161.5255n 
  300.00000m  541.4635n 
  350.00000m    1.5272u 
  400.00000m    3.4970u 
  450.00000m    6.5756u 
  500.00000m   10.5231u 
  550.00000m   14.8853u 
  600.00000m   19.3280u 
  650.00000m   23.7061u 
  700.00000m   27.9613u 
  750.00000m   32.0671u 
  800.00000m   36.0098u 
  850.00000m   39.7821u 
  900.00000m   43.3800u 
  950.00000m   46.8023u 
    1.00000    50.0495u 
y
 vth0_value= 244.1500m
 u0_param=  49.7182m
 ags_param= 416.5635m
 
   *** monte carlo  index = 84 ***
x

 volt         param     
             i_d_0.2    
    0.         43.5957p 
   50.00000m  226.1677p 
  100.00000m    1.1481n 
  150.00000m    5.5596n 
  200.00000m   24.8158n 
  250.00000m   99.0487n 
  300.00000m  348.5862n 
  350.00000m    1.0498u 
  400.00000m    2.5863u 
  450.00000m    5.1869u 
  500.00000m    8.7386u 
  550.00000m   12.8388u 
  600.00000m   17.0986u 
  650.00000m   21.3269u 
  700.00000m   25.4484u 
  750.00000m   29.4307u 
  800.00000m   33.2581u 
  850.00000m   36.9221u 
  900.00000m   40.4185u 
  950.00000m   43.7456u 
    1.00000    46.9038u 
y
 vth0_value= 261.4369m
 u0_param=  48.2775m
 ags_param= 420.8747m
 
   *** monte carlo  index = 85 ***
x

 volt         param     
             i_d_0.2    
    0.         73.2712p 
   50.00000m  378.5278p 
  100.00000m    1.9004n 
  150.00000m    9.0158n 
  200.00000m   39.0098n 
  250.00000m  150.1305n 
  300.00000m  506.7164n 
  350.00000m    1.4424u 
  400.00000m    3.3354u 
  450.00000m    6.3252u 
  500.00000m   10.1903u 
  550.00000m   14.4846u 
  600.00000m   18.8680u 
  650.00000m   23.1913u 
  700.00000m   27.3948u 
  750.00000m   31.4515u 
  800.00000m   35.3476u 
  850.00000m   39.0756u 
  900.00000m   42.6317u 
  950.00000m   46.0144u 
    1.00000    49.2243u 
y
 vth0_value= 246.4610m
 u0_param=  49.1172m
 ags_param= 422.1344m
 
   *** monte carlo  index = 86 ***
x

 volt         param     
             i_d_0.2    
    0.         50.8531p 
   50.00000m  263.5907p 
  100.00000m    1.3344n 
  150.00000m    6.4288n 
  200.00000m   28.4650n 
  250.00000m  112.5188n 
  300.00000m  391.6799n 
  350.00000m    1.1623u 
  400.00000m    2.8148u 
  450.00000m    5.5584u 
  500.00000m    9.2487u 
  550.00000m   13.4628u 
  600.00000m   17.8181u 
  650.00000m   22.1329u 
  700.00000m   26.3354u 
  750.00000m   30.3944u 
  800.00000m   34.2945u 
  850.00000m   38.0275u 
  900.00000m   41.5892u 
  950.00000m   44.9781u 
    1.00000    48.1945u 
y
 vth0_value= 257.4387m
 u0_param=  49.2088m
 ags_param= 416.7712m
 
   *** monte carlo  index = 87 ***
x

 volt         param     
             i_d_0.2    
    0.         93.7795p 
   50.00000m  483.3603p 
  100.00000m    2.4138n 
  150.00000m   11.3413n 
  200.00000m   48.3961n 
  250.00000m  183.3587n 
  300.00000m  607.2976n 
  350.00000m    1.6857u 
  400.00000m    3.7949u 
  450.00000m    7.0334u 
  500.00000m   11.1284u 
  550.00000m   15.6138u 
  600.00000m   20.1650u 
  650.00000m   24.6436u 
  700.00000m   28.9940u 
  750.00000m   33.1901u 
  800.00000m   37.2188u 
  850.00000m   41.0725u 
  900.00000m   44.7476u 
  950.00000m   48.2429u 
    1.00000    51.5589u 
y
 vth0_value= 240.1587m
 u0_param=  50.8276m
 ags_param= 416.5101m
 
   *** monte carlo  index = 88 ***
x

 volt         param     
             i_d_0.2    
    0.         54.3131p 
   50.00000m  281.4203p 
  100.00000m    1.4231n 
  150.00000m    6.8416n 
  200.00000m   30.1946n 
  250.00000m  118.8958n 
  300.00000m  412.0529n 
  350.00000m    1.2155u 
  400.00000m    2.9235u 
  450.00000m    5.7377u 
  500.00000m    9.5004u 
  550.00000m   13.7791u 
  600.00000m   18.1925u 
  650.00000m   22.5617u 
  700.00000m   26.8159u 
  750.00000m   30.9241u 
  800.00000m   34.8711u 
  850.00000m   38.6487u 
  900.00000m   42.2526u 
  950.00000m   45.6815u 
    1.00000    48.9356u 
y
 vth0_value= 255.8578m
 u0_param=  49.8145m
 ags_param= 412.6639m
 
   *** monte carlo  index = 89 ***
x

 volt         param     
             i_d_0.2    
    0.         25.3970p 
   50.00000m  132.0127p 
  100.00000m  676.3070p 
  150.00000m    3.3350n 
  200.00000m   15.3325n 
  250.00000m   63.5195n 
  300.00000m  232.9254n 
  350.00000m  740.5453n 
  400.00000m    1.9491u 
  450.00000m    4.1590u 
  500.00000m    7.3699u 
  550.00000m   11.2539u 
  600.00000m   15.3895u 
  650.00000m   19.5323u 
  700.00000m   23.5844u 
  750.00000m   27.5058u 
  800.00000m   31.2778u 
  850.00000m   34.8908u 
  900.00000m   38.3401u 
  950.00000m   41.6237u 
    1.00000    44.7417u 
y
 vth0_value= 277.1586m
 u0_param=  47.6244m
 ags_param= 411.8200m
 
   *** monte carlo  index = 90 ***
x

 volt         param     
             i_d_0.2    
    0.        100.5767p 
   50.00000m  517.7032p 
  100.00000m    2.5781n 
  150.00000m   12.0540n 
  200.00000m   51.0875n 
  250.00000m  192.1069n 
  300.00000m  630.5185n 
  350.00000m    1.7293u 
  400.00000m    3.8459u 
  450.00000m    7.0550u 
  500.00000m   11.0727u 
  550.00000m   15.4450u 
  600.00000m   19.8696u 
  650.00000m   24.2201u 
  700.00000m   28.4448u 
  750.00000m   32.5193u 
  800.00000m   36.4312u 
  850.00000m   40.1732u 
  900.00000m   43.7419u 
  950.00000m   47.1360u 
    1.00000    50.3560u 
y
 vth0_value= 237.0892m
 u0_param=  49.2888m
 ags_param= 429.6881m
 
   *** monte carlo  index = 91 ***
x

 volt         param     
             i_d_0.2    
    0.        111.6602p 
   50.00000m  574.1326p 
  100.00000m    2.8523n 
  150.00000m   13.2808n 
  200.00000m   55.9642n 
  250.00000m  209.1037n 
  300.00000m  680.8482n 
  350.00000m    1.8479u 
  400.00000m    4.0659u 
  450.00000m    7.3919u 
  500.00000m   11.5204u 
  550.00000m   15.9902u 
  600.00000m   20.5042u 
  650.00000m   24.9389u 
  700.00000m   29.2438u 
  750.00000m   33.3948u 
  800.00000m   37.3794u 
  850.00000m   41.1907u 
  900.00000m   44.8250u 
  950.00000m   48.2812u 
    1.00000    51.5597u 
y
 vth0_value= 234.5573m
 u0_param=  50.2317m
 ags_param= 427.3504m
 
   *** monte carlo  index = 92 ***
x

 volt         param     
             i_d_0.2    
    0.         51.5743p 
   50.00000m  267.2638p 
  100.00000m    1.3523n 
  150.00000m    6.5078n 
  200.00000m   28.7685n 
  250.00000m  113.5035n 
  300.00000m  394.2760n 
  350.00000m    1.1667u 
  400.00000m    2.8165u 
  450.00000m    5.5460u 
  500.00000m    9.2073u 
  550.00000m   13.3796u 
  600.00000m   17.6874u 
  650.00000m   21.9537u 
  700.00000m   26.1086u 
  750.00000m   30.1216u 
  800.00000m   33.9775u 
  850.00000m   37.6681u 
  900.00000m   41.1895u 
  950.00000m   44.5400u 
    1.00000    47.7200u 
y
 vth0_value= 256.6442m
 u0_param=  48.6301m
 ags_param= 419.3115m
 
   *** monte carlo  index = 93 ***
x

 volt         param     
             i_d_0.2    
    0.         58.7444p 
   50.00000m  304.1942p 
  100.00000m    1.5358n 
  150.00000m    7.3610n 
  200.00000m   32.3377n 
  250.00000m  126.6474n 
  300.00000m  436.2102n 
  350.00000m    1.2760u 
  400.00000m    3.0403u 
  450.00000m    5.9175u 
  500.00000m    9.7330u 
  550.00000m   14.0469u 
  600.00000m   18.4848u 
  650.00000m   22.8739u 
  700.00000m   27.1458u 
  750.00000m   31.2705u 
  800.00000m   35.2328u 
  850.00000m   39.0246u 
  900.00000m   42.6421u 
  950.00000m   46.0836u 
    1.00000    49.3495u 
y
 vth0_value= 253.6337m
 u0_param=  50.0040m
 ags_param= 422.3570m
 
   *** monte carlo  index = 94 ***
x

 volt         param     
             i_d_0.2    
    0.        128.6818p 
   50.00000m  660.2175p 
  100.00000m    3.2652n 
  150.00000m   15.0856n 
  200.00000m   62.9067n 
  250.00000m  232.3569n 
  300.00000m  745.7217n 
  350.00000m    1.9866u 
  400.00000m    4.2906u 
  450.00000m    7.6811u 
  500.00000m   11.8280u 
  550.00000m   16.2783u 
  600.00000m   20.7571u 
  650.00000m   25.1519u 
  700.00000m   29.4159u 
  750.00000m   33.5267u 
  800.00000m   37.4721u 
  850.00000m   41.2456u 
  900.00000m   44.8437u 
  950.00000m   48.2651u 
    1.00000    51.5106u 
y
 vth0_value= 229.9693m
 u0_param=  49.7067m
 ags_param= 423.7694m
 
   *** monte carlo  index = 95 ***
x

 volt         param     
             i_d_0.2    
    0.         35.8171p 
   50.00000m  186.0045p 
  100.00000m  947.6225p 
  150.00000m    4.6211n 
  200.00000m   20.8580n 
  250.00000m   84.4001n 
  300.00000m  301.5892n 
  350.00000m  926.9266n 
  400.00000m    2.3395u 
  450.00000m    4.7973u 
  500.00000m    8.2286u 
  550.00000m   12.2549u 
  600.00000m   16.4723u 
  650.00000m   20.6710u 
  700.00000m   24.7683u 
  750.00000m   28.7294u 
  800.00000m   32.5375u 
  850.00000m   36.1837u 
  900.00000m   39.6637u 
  950.00000m   42.9757u 
    1.00000    46.1199u 
y
 vth0_value= 267.1610m
 u0_param=  48.0502m
 ags_param= 416.0581m
 
   *** monte carlo  index = 96 ***
x

 volt         param     
             i_d_0.2    
    0.         24.5246p 
   50.00000m  127.4807p 
  100.00000m  653.4182p 
  150.00000m    3.2255n 
  200.00000m   14.8550n 
  250.00000m   61.6838n 
  300.00000m  226.7689n 
  350.00000m  723.3275n 
  400.00000m    1.9117u 
  450.00000m    4.0957u 
  500.00000m    7.2820u 
  550.00000m   11.1484u 
  600.00000m   15.2726u 
  650.00000m   19.4068u 
  700.00000m   23.4516u 
  750.00000m   27.3664u 
  800.00000m   31.1322u 
  850.00000m   34.7395u 
  900.00000m   38.1833u 
  950.00000m   41.4619u 
    1.00000    44.5751u 
y
 vth0_value= 278.1540m
 u0_param=  47.5485m
 ags_param= 413.1308m
 
   *** monte carlo  index = 97 ***
x

 volt         param     
             i_d_0.2    
    0.         73.7236p 
   50.00000m  380.9681p 
  100.00000m    1.9137n 
  150.00000m    9.0866n 
  200.00000m   39.3664n 
  250.00000m  151.7169n 
  300.00000m  512.8809n 
  350.00000m    1.4630u 
  400.00000m    3.3905u 
  450.00000m    6.4414u 
  500.00000m   10.3928u 
  550.00000m   14.7890u 
  600.00000m   19.2791u 
  650.00000m   23.7084u 
  700.00000m   28.0149u 
  750.00000m   32.1709u 
  800.00000m   36.1621u 
  850.00000m   39.9809u 
  900.00000m   43.6233u 
  950.00000m   47.0881u 
    1.00000    50.3756u 
y
 vth0_value= 247.0664m
 u0_param=  50.3590m
 ags_param= 423.0331m
 
   *** monte carlo  index = 98 ***
x

 volt         param     
             i_d_0.2    
    0.         30.8959p 
   50.00000m  160.5858p 
  100.00000m  820.7218p 
  150.00000m    4.0272n 
  200.00000m   18.3626n 
  250.00000m   75.2573n 
  300.00000m  272.6986n 
  350.00000m  853.6127n 
  400.00000m    2.2032u 
  450.00000m    4.6133u 
  500.00000m    8.0486u 
  550.00000m   12.1447u 
  600.00000m   16.4718u 
  650.00000m   20.7933u 
  700.00000m   25.0151u 
  750.00000m   29.0982u 
  800.00000m   33.0243u 
  850.00000m   36.7839u 
  900.00000m   40.3722u 
  950.00000m   43.7875u 
    1.00000    47.0299u 
y
 vth0_value= 272.5814m
 u0_param=  49.6040m
 ags_param= 413.9142m
 
   *** monte carlo  index = 99 ***
x

 volt         param     
             i_d_0.2    
    0.        151.5831p 
   50.00000m  776.0092p 
  100.00000m    3.8205n 
  150.00000m   17.5163n 
  200.00000m   72.3065n 
  250.00000m  264.1163n 
  300.00000m  835.5823n 
  350.00000m    2.1858u 
  400.00000m    4.6374u 
  450.00000m    8.1806u 
  500.00000m   12.4547u 
  550.00000m   17.0059u 
  600.00000m   21.5725u 
  650.00000m   26.0483u 
  700.00000m   30.3886u 
  750.00000m   34.5717u 
  800.00000m   38.5857u 
  850.00000m   42.4242u 
  900.00000m   46.0837u 
  950.00000m   49.5633u 
    1.00000    52.8634u 
y
 vth0_value= 225.6134m
 u0_param=  50.5920m
 ags_param= 417.5338m
 
   *** monte carlo  index = 100 ***
x

 volt         param     
             i_d_0.2    
    0.         21.8600p 
   50.00000m  113.6395p 
  100.00000m  583.5400p 
  150.00000m    2.8915n 
  200.00000m   13.4026n 
  250.00000m   56.1324n 
  300.00000m  208.3086n 
  350.00000m  672.4081n 
  400.00000m    1.8044u 
  450.00000m    3.9244u 
  500.00000m    7.0647u 
  550.00000m   10.9210u 
  600.00000m   15.0632u 
  650.00000m   19.2265u 
  700.00000m   23.3038u 
  750.00000m   27.2515u 
  800.00000m   31.0497u 
  850.00000m   34.6884u 
  900.00000m   38.1626u 
  950.00000m   41.4702u 
    1.00000    44.6112u 
y
 vth0_value= 281.8832m
 u0_param=  47.9841m
 ags_param= 410.2153m
 
   *** monte carlo  index = 101 ***
x

 volt         param     
             i_d_0.2    
    0.         87.1532p 
   50.00000m  449.3795p 
  100.00000m    2.2463n 
  150.00000m   10.5731n 
  200.00000m   45.2326n 
  250.00000m  171.8725n 
  300.00000m  571.3259n 
  350.00000m    1.5936u 
  400.00000m    3.6061u 
  450.00000m    6.7132u 
  500.00000m   10.6586u 
  550.00000m   14.9909u 
  600.00000m   19.3912u 
  650.00000m   23.7235u 
  700.00000m   27.9327u 
  750.00000m   31.9936u 
  800.00000m   35.8929u 
  850.00000m   39.6234u 
  900.00000m   43.1814u 
  950.00000m   46.5657u 
    1.00000    49.7766u 
y
 vth0_value= 241.2850m
 u0_param=  49.1422m
 ags_param= 417.9391m
 
   *** monte carlo  index = 102 ***
x

 volt         param     
             i_d_0.2    
    0.         43.0184p 
   50.00000m  223.1860p 
  100.00000m    1.1332n 
  150.00000m    5.4897n 
  200.00000m   24.5194n 
  250.00000m   97.9420n 
  300.00000m  344.9936n 
  350.00000m    1.0402u 
  400.00000m    2.5662u 
  450.00000m    5.1531u 
  500.00000m    8.6905u 
  550.00000m   12.7779u 
  600.00000m   17.0263u 
  650.00000m   21.2439u 
  700.00000m   25.3553u 
  750.00000m   29.3281u 
  800.00000m   33.1463u 
  850.00000m   36.8016u 
  900.00000m   40.2897u 
  950.00000m   43.6091u 
    1.00000    46.7599u 
y
 vth0_value= 261.7591m
 u0_param=  48.1614m
 ags_param= 416.0844m
 
   *** monte carlo  index = 103 ***
x

 volt         param     
             i_d_0.2    
    0.         37.7633p 
   50.00000m  196.0351p 
  100.00000m  997.4883p 
  150.00000m    4.8527n 
  200.00000m   21.8191n 
  250.00000m   87.8715n 
  300.00000m  312.3640n 
  350.00000m  953.4513n 
  400.00000m    2.3867u 
  450.00000m    4.8569u 
  500.00000m    8.2798u 
  550.00000m   12.2733u 
  600.00000m   16.4439u 
  650.00000m   20.5916u 
  700.00000m   24.6378u 
  750.00000m   28.5489u 
  800.00000m   32.3086u 
  850.00000m   35.9085u 
  900.00000m   39.3441u 
  950.00000m   42.6139u 
    1.00000    45.7180u 
y
 vth0_value= 265.1602m
 u0_param=  47.4160m
 ags_param= 420.5532m
 
   *** monte carlo  index = 104 ***
x

 volt         param     
             i_d_0.2    
    0.         69.0833p 
   50.00000m  357.1868p 
  100.00000m    1.7966n 
  150.00000m    8.5520n 
  200.00000m   37.1850n 
  250.00000m  143.9073n 
  300.00000m  488.8726n 
  350.00000m    1.4037u 
  400.00000m    3.2766u 
  450.00000m    6.2640u 
  500.00000m   10.1566u 
  550.00000m   14.5050u 
  600.00000m   18.9541u 
  650.00000m   23.3459u 
  700.00000m   27.6171u 
  750.00000m   31.7397u 
  800.00000m   35.6991u 
  850.00000m   39.4878u 
  900.00000m   43.1018u 
  950.00000m   46.5396u 
    1.00000    49.8017u 
y
 vth0_value= 248.7549m
 u0_param=  49.9531m
 ags_param= 411.6728m
 
   *** monte carlo  index = 105 ***
x

 volt         param     
             i_d_0.2    
    0.         39.7993p 
   50.00000m  206.6091p 
  100.00000m    1.0509n 
  150.00000m    5.1086n 
  200.00000m   22.9411n 
  250.00000m   92.2445n 
  300.00000m  327.3060n 
  350.00000m  996.5364n 
  400.00000m    2.4869u 
  450.00000m    5.0463u 
  500.00000m    8.5823u 
  550.00000m   12.6999u 
  600.00000m   16.9963u 
  650.00000m   21.2674u 
  700.00000m   25.4331u 
  750.00000m   29.4590u 
  800.00000m   33.3287u 
  850.00000m   37.0335u 
  900.00000m   40.5690u 
  950.00000m   43.9335u 
    1.00000    47.1272u 
y
 vth0_value= 264.5263m
 u0_param=  48.8421m
 ags_param= 406.4068m
 
   *** monte carlo  index = 106 ***
x

 volt         param     
             i_d_0.2    
    0.        161.0229p 
   50.00000m  823.7654p 
  100.00000m    4.0498n 
  150.00000m   18.5234n 
  200.00000m   76.2256n 
  250.00000m  277.4707n 
  300.00000m  873.8741n 
  350.00000m    2.2730u 
  400.00000m    4.7959u 
  450.00000m    8.4220u 
  500.00000m   12.7779u 
  550.00000m   17.4056u 
  600.00000m   22.0447u 
  650.00000m   26.5899u 
  700.00000m   30.9967u 
  750.00000m   35.2433u 
  800.00000m   39.3179u 
  850.00000m   43.2140u 
  900.00000m   46.9282u 
  950.00000m   50.4595u 
    1.00000    53.8085u 
y
 vth0_value= 224.2890m
 u0_param=  51.3789m
 ags_param= 432.2825m
 
   *** monte carlo  index = 107 ***
x

 volt         param     
             i_d_0.2    
    0.         41.6067p 
   50.00000m  215.9761p 
  100.00000m    1.0980n 
  150.00000m    5.3325n 
  200.00000m   23.9099n 
  250.00000m   95.9565n 
  300.00000m  339.7413n 
  350.00000m    1.0314u 
  400.00000m    2.5649u 
  450.00000m    5.1877u 
  500.00000m    8.7997u 
  550.00000m   12.9960u 
  600.00000m   17.3695u 
  650.00000m   21.7154u 
  700.00000m   25.9530u 
  750.00000m   30.0479u 
  800.00000m   33.9836u 
  850.00000m   37.7513u 
  900.00000m   41.3465u 
  950.00000m   44.7676u 
    1.00000    48.0150u 
y
 vth0_value= 263.7429m
 u0_param=  49.6915m
 ags_param= 429.2678m
 
   *** monte carlo  index = 108 ***
x

 volt         param     
             i_d_0.2    
    0.         98.0254p 
   50.00000m  504.9023p 
  100.00000m    2.5177n 
  150.00000m   11.7994n 
  200.00000m   50.1713n 
  250.00000m  189.3333n 
  300.00000m  624.0853n 
  350.00000m    1.7213u 
  400.00000m    3.8500u 
  450.00000m    7.0964u 
  500.00000m   11.1796u 
  550.00000m   15.6367u 
  600.00000m   20.1528u 
  650.00000m   24.5949u 
  700.00000m   28.9089u 
  750.00000m   33.0697u 
  800.00000m   37.0643u 
  850.00000m   40.8854u 
  900.00000m   44.5294u 
  950.00000m   47.9951u 
    1.00000    51.2829u 
y
 vth0_value= 238.5501m
 u0_param=  50.3758m
 ags_param= 421.8522m
 
   *** monte carlo  index = 109 ***
x

 volt         param     
             i_d_0.2    
    0.         94.0724p 
   50.00000m  484.7813p 
  100.00000m    2.4200n 
  150.00000m   11.3632n 
  200.00000m   48.4467n 
  250.00000m  183.3726n 
  300.00000m  606.6487n 
  350.00000m    1.6813u 
  400.00000m    3.7794u 
  450.00000m    6.9956u 
  500.00000m   11.0574u 
  550.00000m   15.5025u 
  600.00000m   20.0112u 
  650.00000m   24.4477u 
  700.00000m   28.7569u 
  750.00000m   32.9135u 
  800.00000m   36.9042u 
  850.00000m   40.7217u 
  900.00000m   44.3624u 
  950.00000m   47.8249u 
    1.00000    51.1099u 
y
 vth0_value= 239.7537m
 u0_param=  50.3296m
 ags_param= 418.1002m
 
   *** monte carlo  index = 110 ***
x

 volt         param     
             i_d_0.2    
    0.         90.4568p 
   50.00000m  466.3925p 
  100.00000m    2.3309n 
  150.00000m   10.9667n 
  200.00000m   46.8890n 
  250.00000m  178.0388n 
  300.00000m  591.2592n 
  350.00000m    1.6470u 
  400.00000m    3.7217u 
  450.00000m    6.9196u 
  500.00000m   10.9757u 
  550.00000m   15.4270u 
  600.00000m   19.9470u 
  650.00000m   24.3964u 
  700.00000m   28.7189u 
  750.00000m   32.8885u 
  800.00000m   36.8919u 
  850.00000m   40.7217u 
  900.00000m   44.3741u 
  950.00000m   47.8479u 
    1.00000    51.1435u 
y
 vth0_value= 241.0343m
 u0_param=  50.5003m
 ags_param= 415.5879m
 
   *** monte carlo  index = 111 ***
x

 volt         param     
             i_d_0.2    
    0.         26.3573p 
   50.00000m  137.0337p 
  100.00000m  702.0190p 
  150.00000m    3.4614n 
  200.00000m   15.9104n 
  250.00000m   65.8936n 
  300.00000m  241.5313n 
  350.00000m  767.4307n 
  400.00000m    2.0182u 
  450.00000m    4.3027u 
  500.00000m    7.6187u 
  550.00000m   11.6276u 
  600.00000m   15.8953u 
  650.00000m   20.1699u 
  700.00000m   24.3504u 
  750.00000m   28.3956u 
  800.00000m   32.2863u 
  850.00000m   36.0127u 
  900.00000m   39.5698u 
  950.00000m   42.9559u 
    1.00000    46.1709u 
y
 vth0_value= 277.0491m
 u0_param=  49.1615m
 ags_param= 415.2205m
 
   *** monte carlo  index = 112 ***
x

 volt         param     
             i_d_0.2    
    0.         57.4362p 
   50.00000m  297.4076p 
  100.00000m    1.5016n 
  150.00000m    7.1976n 
  200.00000m   31.6244n 
  250.00000m  123.8788n 
  300.00000m  426.8000n 
  350.00000m    1.2490u 
  400.00000m    2.9776u 
  450.00000m    5.7984u 
  500.00000m    9.5410u 
  550.00000m   13.7732u 
  600.00000m   18.1274u 
  650.00000m   22.4340u 
  700.00000m   26.6260u 
  750.00000m   30.6737u 
  800.00000m   34.5623u 
  850.00000m   38.2840u 
  900.00000m   41.8345u 
  950.00000m   45.2126u 
    1.00000    48.4184u 
y
 vth0_value= 253.6935m
 u0_param=  49.0424m
 ags_param= 432.0882m
 
   *** monte carlo  index = 113 ***
x

 volt         param     
             i_d_0.2    
    0.        119.6855p 
   50.00000m  614.6782p 
  100.00000m    3.0463n 
  150.00000m   14.1252n 
  200.00000m   59.1865n 
  250.00000m  219.7766n 
  300.00000m  710.0905n 
  350.00000m    1.9081u 
  400.00000m    4.1564u 
  450.00000m    7.4939u 
  500.00000m   11.6035u 
  550.00000m   16.0314u 
  600.00000m   20.4946u 
  650.00000m   24.8766u 
  700.00000m   29.1293u 
  750.00000m   33.2296u 
  800.00000m   37.1653u 
  850.00000m   40.9297u 
  900.00000m   44.5193u 
  950.00000m   47.9328u 
    1.00000    51.1709u 
y
 vth0_value= 232.0673m
 u0_param=  49.5879m
 ags_param= 416.7037m
 
   *** monte carlo  index = 114 ***
x

 volt         param     
             i_d_0.2    
    0.         38.1144p 
   50.00000m  197.9220p 
  100.00000m    1.0077n 
  150.00000m    4.9075n 
  200.00000m   22.1031n 
  250.00000m   89.1975n 
  300.00000m  317.7617n 
  350.00000m  972.6269n 
  400.00000m    2.4427u 
  450.00000m    4.9854u 
  500.00000m    8.5188u 
  550.00000m   12.6512u 
  600.00000m   16.9725u 
  650.00000m   21.2718u 
  700.00000m   25.4662u 
  750.00000m   29.5203u 
  800.00000m   33.4173u 
  850.00000m   37.1483u 
  900.00000m   40.7089u 
  950.00000m   44.0973u 
    1.00000    47.3138u 
y
 vth0_value= 266.0498m
 u0_param=  49.2012m
 ags_param= 411.3635m
 
   *** monte carlo  index = 115 ***
x

 volt         param     
             i_d_0.2    
    0.         79.0988p 
   50.00000m  408.4561p 
  100.00000m    2.0484n 
  150.00000m    9.6972n 
  200.00000m   41.8292n 
  250.00000m  160.4131n 
  300.00000m  539.1108n 
  350.00000m    1.5258u 
  400.00000m    3.5062u 
  450.00000m    6.6130u 
  500.00000m   10.6085u 
  550.00000m   15.0328u 
  600.00000m   19.5427u 
  650.00000m   23.9881u 
  700.00000m   28.3091u 
  750.00000m   32.4784u 
  800.00000m   36.4821u 
  850.00000m   40.3125u 
  900.00000m   43.9659u 
  950.00000m   47.4409u 
    1.00000    50.7379u 
y
 vth0_value= 245.0590m
 u0_param=  50.5151m
 ags_param= 422.9973m
 
   *** monte carlo  index = 116 ***
x

 volt         param     
             i_d_0.2    
    0.         81.0270p 
   50.00000m  418.3748p 
  100.00000m    2.0975n 
  150.00000m    9.9251n 
  200.00000m   42.7815n 
  250.00000m  163.9269n 
  300.00000m  550.3471n 
  350.00000m    1.5554u 
  400.00000m    3.5688u 
  450.00000m    6.7220u 
  500.00000m   10.7720u 
  550.00000m   15.2533u 
  600.00000m   19.8197u 
  650.00000m   24.3201u 
  700.00000m   28.6942u 
  750.00000m   32.9145u 
  800.00000m   36.9668u 
  850.00000m   40.8436u 
  900.00000m   44.5411u 
  950.00000m   48.0579u 
    1.00000    51.3946u 
y
 vth0_value= 244.7332m
 u0_param=  51.1500m
 ags_param= 428.5134m
 
   *** monte carlo  index = 117 ***
x

 volt         param     
             i_d_0.2    
    0.         90.6570p 
   50.00000m  467.4875p 
  100.00000m    2.3369n 
  150.00000m   11.0001n 
  200.00000m   47.0611n 
  250.00000m  178.8121n 
  300.00000m  594.2889n 
  350.00000m    1.6571u 
  400.00000m    3.7485u 
  450.00000m    6.9754u 
  500.00000m   11.0718u 
  550.00000m   15.5700u 
  600.00000m   20.1387u 
  650.00000m   24.6364u 
  700.00000m   29.0058u 
  750.00000m   33.2206u 
  800.00000m   37.2672u 
  850.00000m   41.1382u 
  900.00000m   44.8299u 
  950.00000m   48.3409u 
    1.00000    51.6719u 
y
 vth0_value= 241.3201m
 u0_param=  51.0654m
 ags_param= 422.2741m
 
   *** monte carlo  index = 118 ***
x

 volt         param     
             i_d_0.2    
    0.         31.4152p 
   50.00000m  163.2327p 
  100.00000m  833.5572p 
  150.00000m    4.0837n 
  200.00000m   18.5713n 
  250.00000m   75.8615n 
  300.00000m  273.9135n 
  350.00000m  853.5028n 
  400.00000m    2.1906u 
  450.00000m    4.5628u 
  500.00000m    7.9268u 
  550.00000m   11.9211u 
  600.00000m   16.1311u 
  650.00000m   20.3321u 
  700.00000m   24.4352u 
  750.00000m   28.4034u 
  800.00000m   32.2190u 
  850.00000m   35.8729u 
  900.00000m   39.3606u 
  950.00000m   42.6802u 
    1.00000    45.8318u 
y
 vth0_value= 271.1559m
 u0_param=  48.1652m
 ags_param= 408.9824m
 
   *** monte carlo  index = 119 ***
x

 volt         param     
             i_d_0.2    
    0.         70.8832p 
   50.00000m  366.2945p 
  100.00000m    1.8403n 
  150.00000m    8.7414n 
  200.00000m   37.8915n 
  250.00000m  146.1324n 
  300.00000m  494.4462n 
  350.00000m    1.4122u 
  400.00000m    3.2773u 
  450.00000m    6.2344u 
  500.00000m   10.0691u 
  550.00000m   14.3379u 
  600.00000m   18.6992u 
  650.00000m   23.0020u 
  700.00000m   27.1863u 
  750.00000m   31.2247u 
  800.00000m   35.1034u 
  850.00000m   38.8149u 
  900.00000m   42.3553u 
  950.00000m   45.7232u 
    1.00000    48.9191u 
y
 vth0_value= 247.3080m
 u0_param=  48.8941m
 ags_param= 420.1891m
 
   *** monte carlo  index = 120 ***
x

 volt         param     
             i_d_0.2    
    0.         67.4385p 
   50.00000m  348.7545p 
  100.00000m    1.7551n 
  150.00000m    8.3621n 
  200.00000m   36.4096n 
  250.00000m  141.1305n 
  300.00000m  480.3324n 
  350.00000m    1.3827u 
  400.00000m    3.2364u 
  450.00000m    6.2018u 
  500.00000m   10.0749u 
  550.00000m   14.4081u 
  600.00000m   18.8449u 
  650.00000m   23.2255u 
  700.00000m   27.4864u 
  750.00000m   31.5992u 
  800.00000m   35.5494u 
  850.00000m   39.3293u 
  900.00000m   42.9350u 
  950.00000m   46.3650u 
    1.00000    49.6198u 
y
 vth0_value= 249.4004m
 u0_param=  49.8345m
 ags_param= 411.8919m
 
   *** monte carlo  index = 121 ***
x

 volt         param     
             i_d_0.2    
    0.         86.3986p 
   50.00000m  445.8031p 
  100.00000m    2.2316n 
  150.00000m   10.5296n 
  200.00000m   45.2037n 
  250.00000m  172.4189n 
  300.00000m  575.7033n 
  350.00000m    1.6152u 
  400.00000m    3.6774u 
  450.00000m    6.8809u 
  500.00000m   10.9693u 
  550.00000m   15.4741u 
  600.00000m   20.0562u 
  650.00000m   24.5693u 
  700.00000m   28.9545u 
  750.00000m   33.1849u 
  800.00000m   37.2467u 
  850.00000m   41.1324u 
  900.00000m   44.8381u 
  950.00000m   48.3626u 
    1.00000    51.7064u 
y
 vth0_value= 242.8851m
 u0_param=  51.2676m
 ags_param= 430.1894m
 
   *** monte carlo  index = 122 ***
x

 volt         param     
             i_d_0.2    
    0.         30.1882p 
   50.00000m  156.9042p 
  100.00000m  802.0698p 
  150.00000m    3.9374n 
  200.00000m   17.9658n 
  250.00000m   73.6996n 
  300.00000m  267.3329n 
  350.00000m  837.9790n 
  400.00000m    2.1666u 
  450.00000m    4.5442u 
  500.00000m    7.9391u 
  550.00000m   11.9919u 
  600.00000m   16.2762u 
  650.00000m   20.5560u 
  700.00000m   24.7375u 
  750.00000m   28.7820u 
  800.00000m   32.6711u 
  850.00000m   36.3955u 
  900.00000m   39.9503u 
  950.00000m   43.3338u 
    1.00000    46.5462u 
y
 vth0_value= 272.9693m
 u0_param=  49.1262m
 ags_param= 409.0865m
 
   *** monte carlo  index = 123 ***
x

 volt         param     
             i_d_0.2    
    0.         38.7160p 
   50.00000m  201.0154p 
  100.00000m    1.0230n 
  150.00000m    4.9779n 
  200.00000m   22.3904n 
  250.00000m   90.2095n 
  300.00000m  320.7938n 
  350.00000m  979.5965n 
  400.00000m    2.4533u 
  450.00000m    4.9942u 
  500.00000m    8.5161u 
  550.00000m   12.6269u 
  600.00000m   16.9213u 
  650.00000m   21.1923u 
  700.00000m   25.3585u 
  750.00000m   29.3853u 
  800.00000m   33.2559u 
  850.00000m   36.9617u 
  900.00000m   40.4982u 
  950.00000m   43.8638u 
    1.00000    47.0585u 
y
 vth0_value= 265.3588m
 u0_param=  48.8543m
 ags_param= 419.4981m
 
   *** monte carlo  index = 124 ***
x

 volt         param     
             i_d_0.2    
    0.         35.9671p 
   50.00000m  186.7993p 
  100.00000m  951.8014p 
  150.00000m    4.6427n 
  200.00000m   20.9635n 
  250.00000m   84.8674n 
  300.00000m  303.4090n 
  350.00000m  933.1060n 
  400.00000m    2.3569u 
  450.00000m    4.8361u 
  500.00000m    8.2995u 
  550.00000m   12.3658u 
  600.00000m   16.6264u 
  650.00000m   20.8686u 
  700.00000m   25.0085u 
  750.00000m   29.0106u 
  800.00000m   32.8581u 
  850.00000m   36.5419u 
  900.00000m   40.0577u 
  950.00000m   43.4038u 
    1.00000    46.5802u 
y
 vth0_value= 267.3710m
 u0_param=  48.5630m
 ags_param= 409.4116m
 
   *** monte carlo  index = 125 ***
x

 volt         param     
             i_d_0.2    
    0.         25.9384p 
   50.00000m  134.8286p 
  100.00000m  690.5646p 
  150.00000m    3.4036n 
  200.00000m   15.6342n 
  250.00000m   64.6957n 
  300.00000m  236.9394n 
  350.00000m  752.0751n 
  400.00000m    1.9753u 
  450.00000m    4.2065u 
  500.00000m    7.4415u 
  550.00000m   11.3486u 
  600.00000m   15.5052u 
  650.00000m   19.6676u 
  700.00000m   23.7384u 
  750.00000m   27.6777u 
  800.00000m   31.4666u 
  850.00000m   35.0958u 
  900.00000m   38.5605u 
  950.00000m   41.8586u 
    1.00000    44.9903u 
y
 vth0_value= 276.6719m
 u0_param=  47.8429m
 ags_param= 408.4609m
 
   *** monte carlo  index = 126 ***
x

 volt         param     
             i_d_0.2    
    0.         53.5354p 
   50.00000m  277.4091p 
  100.00000m    1.4031n 
  150.00000m    6.7482n 
  200.00000m   29.8011n 
  250.00000m  117.4336n 
  300.00000m  407.3365n 
  350.00000m    1.2030u 
  400.00000m    2.8973u 
  450.00000m    5.6932u 
  500.00000m    9.4358u 
  550.00000m   13.6951u 
  600.00000m   18.0900u 
  650.00000m   22.4414u 
  700.00000m   26.6785u 
  750.00000m   30.7705u 
  800.00000m   34.7020u 
  850.00000m   38.4647u 
  900.00000m   42.0546u 
  950.00000m   45.4701u 
    1.00000    48.7116u 
y
 vth0_value= 256.1586m
 u0_param=  49.6094m
 ags_param= 426.5614m
 
   *** monte carlo  index = 127 ***
x

 volt         param     
             i_d_0.2    
    0.         38.8879p 
   50.00000m  201.9349p 
  100.00000m    1.0279n 
  150.00000m    5.0040n 
  200.00000m   22.5234n 
  250.00000m   90.8208n 
  300.00000m  323.2498n 
  350.00000m  988.2074n 
  400.00000m    2.4781u 
  450.00000m    5.0508u 
  500.00000m    8.6207u 
  550.00000m   12.7916u 
  600.00000m   17.1510u 
  650.00000m   21.4875u 
  700.00000m   25.7176u 
  750.00000m   29.8060u 
  800.00000m   33.7359u 
  850.00000m   37.4982u 
  900.00000m   41.0885u 
  950.00000m   44.5051u 
    1.00000    47.7483u 
y
 vth0_value= 265.7197m
 u0_param=  49.6246m
 ags_param= 421.1189m
 
   *** monte carlo  index = 128 ***
x

 volt         param     
             i_d_0.2    
    0.         97.0546p 
   50.00000m  499.9255p 
  100.00000m    2.4932n 
  150.00000m   11.6871n 
  200.00000m   49.7091n 
  250.00000m  187.6561n 
  300.00000m  618.8403n 
  350.00000m    1.7079u 
  400.00000m    3.8225u 
  450.00000m    7.0495u 
  500.00000m   11.1106u 
  550.00000m   15.5447u 
  600.00000m   20.0381u 
  650.00000m   24.4580u 
  700.00000m   28.7506u 
  750.00000m   32.8910u 
  800.00000m   36.8660u 
  850.00000m   40.6684u 
  900.00000m   44.2946u 
  950.00000m   47.7434u 
    1.00000    51.0153u 
y
 vth0_value= 238.6855m
 u0_param=  50.1176m
 ags_param= 431.3720m
 
   *** monte carlo  index = 129 ***
x

 volt         param     
             i_d_0.2    
    0.         80.2626p 
   50.00000m  414.3656p 
  100.00000m    2.0769n 
  150.00000m    9.8231n 
  200.00000m   42.3148n 
  250.00000m  162.0287n 
  300.00000m  543.5659n 
  350.00000m    1.5347u 
  400.00000m    3.5178u 
  450.00000m    6.6205u 
  500.00000m   10.6025u 
  550.00000m   15.0056u 
  600.00000m   19.4910u 
  650.00000m   23.9115u 
  700.00000m   28.2080u 
  750.00000m   32.3536u 
  800.00000m   36.3344u 
  850.00000m   40.1430u 
  900.00000m   43.7756u 
  950.00000m   47.2308u 
    1.00000    50.5090u 
y
 vth0_value= 244.4341m
 u0_param=  50.2157m
 ags_param= 419.2899m
 
   *** monte carlo  index = 130 ***
x

 volt         param     
             i_d_0.2    
    0.         91.3311p 
   50.00000m  470.7434p 
  100.00000m    2.3510n 
  150.00000m   11.0483n 
  200.00000m   47.1591n 
  250.00000m  178.7364n 
  300.00000m  592.2875n 
  350.00000m    1.6451u 
  400.00000m    3.7066u 
  450.00000m    6.8745u 
  500.00000m   10.8828u 
  550.00000m   15.2744u 
  600.00000m   19.7309u 
  650.00000m   24.1168u 
  700.00000m   28.3775u 
  750.00000m   32.4875u 
  800.00000m   36.4337u 
  850.00000m   40.2088u 
  900.00000m   43.8092u 
  950.00000m   47.2336u 
    1.00000    50.4824u 
y
 vth0_value= 240.2726m
 u0_param=  49.7503m
 ags_param= 417.1011m
 
   *** monte carlo  index = 131 ***
x

 volt         param     
             i_d_0.2    
    0.         43.4898p 
   50.00000m  225.6839p 
  100.00000m    1.1463n 
  150.00000m    5.5573n 
  200.00000m   24.8485n 
  250.00000m   99.3854n 
  300.00000m  350.5562n 
  350.00000m    1.0589u 
  400.00000m    2.6176u 
  450.00000m    5.2656u 
  500.00000m    8.8929u 
  550.00000m   13.0904u 
  600.00000m   17.4564u 
  650.00000m   21.7917u 
  700.00000m   26.0180u 
  750.00000m   30.1015u 
  800.00000m   34.0260u 
  850.00000m   37.7827u 
  900.00000m   41.3675u 
  950.00000m   44.7786u 
    1.00000    48.0163u 
y
 vth0_value= 262.3246m
 u0_param=  49.5408m
 ags_param= 426.3374m
 
   *** monte carlo  index = 132 ***
x

 volt         param     
             i_d_0.2    
    0.         51.1459p 
   50.00000m  265.1347p 
  100.00000m    1.3425n 
  150.00000m    6.4694n 
  200.00000m   28.6575n 
  250.00000m  113.3368n 
  300.00000m  394.7367n 
  350.00000m    1.1722u 
  400.00000m    2.8409u 
  450.00000m    5.6136u 
  500.00000m    9.3455u 
  550.00000m   13.6094u 
  600.00000m   18.0174u 
  650.00000m   22.3847u 
  700.00000m   26.6383u 
  750.00000m   30.7467u 
  800.00000m   34.6941u 
  850.00000m   38.4722u 
  900.00000m   42.0769u 
  950.00000m   45.5066u 
    1.00000    48.7616u 
y
 vth0_value= 257.6607m
 u0_param=  49.8263m
 ags_param= 412.4010m
 
   *** monte carlo  index = 133 ***
x

 volt         param     
             i_d_0.2    
    0.         68.5254p 
   50.00000m  354.3273p 
  100.00000m    1.7826n 
  150.00000m    8.4877n 
  200.00000m   36.9227n 
  250.00000m  142.9692n 
  300.00000m  485.9940n 
  350.00000m    1.3967u 
  400.00000m    3.2632u 
  450.00000m    6.2434u 
  500.00000m   10.1298u 
  550.00000m   14.4734u 
  600.00000m   18.9187u 
  650.00000m   23.3070u 
  700.00000m   27.5751u 
  750.00000m   31.6947u 
  800.00000m   35.6514u 
  850.00000m   39.4374u 
  900.00000m   43.0488u 
  950.00000m   46.4843u 
    1.00000    49.7442u 
y
 vth0_value= 248.9738m
 u0_param=  49.9158m
 ags_param= 416.5224m
 
   *** monte carlo  index = 134 ***
x

 volt         param     
             i_d_0.2    
    0.        101.5476p 
   50.00000m  522.7153p 
  100.00000m    2.6031n 
  150.00000m   12.1714n 
  200.00000m   51.5875n 
  250.00000m  193.9918n 
  300.00000m  636.7026n 
  350.00000m    1.7463u 
  400.00000m    3.8833u 
  450.00000m    7.1234u 
  500.00000m   11.1796u 
  550.00000m   15.5941u 
  600.00000m   20.0616u 
  650.00000m   24.4540u 
  700.00000m   28.7193u 
  750.00000m   32.8329u 
  800.00000m   36.7821u 
  850.00000m   40.5597u 
  900.00000m   44.1623u 
  950.00000m   47.5886u 
    1.00000    50.8390u 
y
 vth0_value= 237.1140m
 u0_param=  49.7772m
 ags_param= 425.6433m
 
   *** monte carlo  index = 135 ***
x

 volt         param     
             i_d_0.2    
    0.         45.1277p 
   50.00000m  234.1486p 
  100.00000m    1.1887n 
  150.00000m    5.7563n 
  200.00000m   25.6946n 
  250.00000m  102.5563n 
  300.00000m  360.8925n 
  350.00000m    1.0866u 
  400.00000m    2.6762u 
  450.00000m    5.3652u 
  500.00000m    9.0363u 
  550.00000m   13.2741u 
  600.00000m   17.6771u 
  650.00000m   22.0472u 
  700.00000m   26.3065u 
  750.00000m   30.4216u 
  800.00000m   34.3761u 
  850.00000m   38.1615u 
  900.00000m   41.7734u 
  950.00000m   45.2102u 
    1.00000    48.4722u 
y
 vth0_value= 261.4680m
 u0_param=  49.9319m
 ags_param= 416.5066m
 
   *** monte carlo  index = 136 ***
x

 volt         param     
             i_d_0.2    
    0.         65.5457p 
   50.00000m  338.9719p 
  100.00000m    1.7061n 
  150.00000m    8.1314n 
  200.00000m   35.4220n 
  250.00000m  137.3827n 
  300.00000m  467.9254n 
  350.00000m    1.3484u 
  400.00000m    3.1597u 
  450.00000m    6.0614u 
  500.00000m    9.8551u 
  550.00000m   14.1019u 
  600.00000m   18.4513u 
  650.00000m   22.7463u 
  700.00000m   26.9242u 
  750.00000m   30.9573u 
  800.00000m   34.8312u 
  850.00000m   38.5384u 
  900.00000m   42.0749u 
  950.00000m   45.4393u 
    1.00000    48.6319u 
y
 vth0_value= 249.6163m
 u0_param=  48.8430m
 ags_param= 407.7541m
 
   *** monte carlo  index = 137 ***
x

 volt         param     
             i_d_0.2    
    0.         93.6804p 
   50.00000m  482.6334p 
  100.00000m    2.4081n 
  150.00000m   11.2974n 
  200.00000m   48.1083n 
  250.00000m  181.8576n 
  300.00000m  600.7351n 
  350.00000m    1.6617u 
  400.00000m    3.7278u 
  450.00000m    6.8890u 
  500.00000m   10.8748u 
  550.00000m   15.2317u 
  600.00000m   19.6488u 
  650.00000m   23.9947u 
  700.00000m   28.2159u 
  750.00000m   32.2878u 
  800.00000m   36.1974u 
  850.00000m   39.9374u 
  900.00000m   43.5044u 
  950.00000m   46.8970u 
    1.00000    50.1157u 
y
 vth0_value= 239.2034m
 u0_param=  49.2679m
 ags_param= 422.0596m
 
   *** monte carlo  index = 138 ***
x

 volt         param     
             i_d_0.2    
    0.        114.5949p 
   50.00000m  589.1281p 
  100.00000m    2.9257n 
  150.00000m   13.6136n 
  200.00000m   57.3146n 
  250.00000m  213.9282n 
  300.00000m  695.6351n 
  350.00000m    1.8848u 
  400.00000m    4.1396u 
  450.00000m    7.5145u 
  500.00000m   11.6978u 
  550.00000m   16.2235u 
  600.00000m   20.7923u 
  650.00000m   25.2803u 
  700.00000m   29.6364u 
  750.00000m   33.8366u 
  800.00000m   37.8682u 
  850.00000m   41.7242u 
  900.00000m   45.4011u 
  950.00000m   48.8976u 
    1.00000    52.2143u 
y
 vth0_value= 234.1644m
 u0_param=  50.8451m
 ags_param= 428.5963m
 
   *** monte carlo  index = 139 ***
x

 volt         param     
             i_d_0.2    
    0.         33.8746p 
   50.00000m  175.9638p 
  100.00000m  897.4108p 
  150.00000m    4.3853n 
  200.00000m   19.8597n 
  250.00000m   80.6963n 
  300.00000m  289.6816n 
  350.00000m  895.7551n 
  400.00000m    2.2776u 
  450.00000m    4.7024u 
  500.00000m    8.1109u 
  550.00000m   12.1311u 
  600.00000m   16.3533u 
  650.00000m   20.5610u 
  700.00000m   24.6686u 
  750.00000m   28.6402u 
  800.00000m   32.4586u 
  850.00000m   36.1150u 
  900.00000m   39.6048u 
  950.00000m   42.9263u 
    1.00000    46.0795u 
y
 vth0_value= 268.9194m
 u0_param=  48.1903m
 ags_param= 422.4482m
 
   *** monte carlo  index = 140 ***
x

 volt         param     
             i_d_0.2    
    0.         40.4152p 
   50.00000m  209.8451p 
  100.00000m    1.0676n 
  150.00000m    5.1923n 
  200.00000m   23.3335n 
  250.00000m   93.9007n 
  300.00000m  333.4658n 
  350.00000m    1.0164u 
  400.00000m    2.5396u 
  450.00000m    5.1587u 
  500.00000m    8.7810u 
  550.00000m   13.0030u 
  600.00000m   17.4106u 
  650.00000m   21.7930u 
  700.00000m   26.0671u 
  750.00000m   30.1976u 
  800.00000m   34.1676u 
  850.00000m   37.9681u 
  900.00000m   41.5947u 
  950.00000m   45.0457u 
    1.00000    48.3214u 
y
 vth0_value= 264.8989m
 u0_param=  50.1476m
 ags_param= 409.7211m
 
   *** monte carlo  index = 141 ***
x

 volt         param     
             i_d_0.2    
    0.         44.0707p 
   50.00000m  228.6783p 
  100.00000m    1.1612n 
  150.00000m    5.6265n 
  200.00000m   25.1376n 
  250.00000m  100.4411n 
  300.00000m  353.8833n 
  350.00000m    1.0673u 
  400.00000m    2.6338u 
  450.00000m    5.2896u 
  500.00000m    8.9218u 
  550.00000m   13.1202u 
  600.00000m   17.4847u 
  650.00000m   21.8178u 
  700.00000m   26.0415u 
  750.00000m   30.1225u 
  800.00000m   34.0444u 
  850.00000m   37.7987u 
  900.00000m   41.3811u 
  950.00000m   44.7899u 
    1.00000    48.0255u 
y
 vth0_value= 261.9095m
 u0_param=  49.5115m
 ags_param= 405.6001m
 
   *** monte carlo  index = 142 ***
x

 volt         param     
             i_d_0.2    
    0.         69.6695p 
   50.00000m  360.2025p 
  100.00000m    1.8116n 
  150.00000m    8.6213n 
  200.00000m   37.4742n 
  250.00000m  144.9716n 
  300.00000m  492.2657n 
  350.00000m    1.4126u 
  400.00000m    3.2951u 
  450.00000m    6.2956u 
  500.00000m   10.2031u 
  550.00000m   14.5665u 
  600.00000m   19.0302u 
  650.00000m   23.4361u 
  700.00000m   27.7210u 
  750.00000m   31.8566u 
  800.00000m   35.8285u 
  850.00000m   39.6290u 
  900.00000m   43.2543u 
  950.00000m   46.7028u 
    1.00000    49.9751u 
y
 vth0_value= 248.6045m
 u0_param=  50.1150m
 ags_param= 412.4951m
 
   *** monte carlo  index = 143 ***
x

 volt         param     
             i_d_0.2    
    0.         29.8443p 
   50.00000m  155.0898p 
  100.00000m  792.6017p 
  150.00000m    3.8892n 
  200.00000m   17.7333n 
  250.00000m   72.6812n 
  300.00000m  263.3998n 
  350.00000m  824.7264n 
  400.00000m    2.1294u 
  450.00000m    4.4608u 
  500.00000m    7.7857u 
  550.00000m   11.7507u 
  600.00000m   15.9394u 
  650.00000m   20.1228u 
  700.00000m   24.2101u 
  750.00000m   28.1636u 
  800.00000m   31.9654u 
  850.00000m   35.6063u 
  900.00000m   39.0817u 
  950.00000m   42.3897u 
    1.00000    45.5305u 
y
 vth0_value= 272.5743m
 u0_param=  47.9899m
 ags_param= 417.3711m
 
   *** monte carlo  index = 144 ***
x

 volt         param     
             i_d_0.2    
    0.        120.6157p 
   50.00000m  619.5343p 
  100.00000m    3.0711n 
  150.00000m   14.2453n 
  200.00000m   59.7196n 
  250.00000m  221.8695n 
  300.00000m  717.2865n 
  350.00000m    1.9289u 
  400.00000m    4.2049u 
  450.00000m    7.5857u 
  500.00000m   11.7512u 
  550.00000m   16.2411u 
  600.00000m   20.7675u 
  650.00000m   25.2115u 
  700.00000m   29.5242u 
  750.00000m   33.6823u 
  800.00000m   37.6734u 
  850.00000m   41.4905u 
  900.00000m   45.1302u 
  950.00000m   48.5914u 
    1.00000    51.8746u 
y
 vth0_value= 232.2921m
 u0_param=  50.3072m
 ags_param= 432.1777m
 
   *** monte carlo  index = 145 ***
x

 volt         param     
             i_d_0.2    
    0.        107.9857p 
   50.00000m  555.7546p 
  100.00000m    2.7662n 
  150.00000m   12.9218n 
  200.00000m   54.6941n 
  250.00000m  205.3485n 
  300.00000m  672.5754n 
  350.00000m    1.8395u 
  400.00000m    4.0787u 
  450.00000m    7.4628u 
  500.00000m   11.6895u 
  550.00000m   16.2840u 
  600.00000m   20.9311u 
  650.00000m   25.4989u 
  700.00000m   29.9334u 
  750.00000m   34.2096u 
  800.00000m   38.3142u 
  850.00000m   42.2400u 
  900.00000m   45.9834u 
  950.00000m   49.5431u 
    1.00000    52.9199u 
y
 vth0_value= 236.5398m
 u0_param=  51.8101m
 ags_param= 427.6545m
 
   *** monte carlo  index = 146 ***
x

 volt         param     
             i_d_0.2    
    0.         31.4276p 
   50.00000m  163.3398p 
  100.00000m  834.5522p 
  150.00000m    4.0927n 
  200.00000m   18.6431n 
  250.00000m   76.3127n 
  300.00000m  276.1486n 
  350.00000m  862.8845n 
  400.00000m    2.2222u 
  450.00000m    4.6435u 
  500.00000m    8.0877u 
  550.00000m   12.1877u 
  600.00000m   16.5153u 
  650.00000m   20.8358u 
  700.00000m   25.0561u 
  750.00000m   29.1377u 
  800.00000m   33.0621u 
  850.00000m   36.8200u 
  900.00000m   40.4067u 
  950.00000m   43.8205u 
    1.00000    47.0613u 
y
 vth0_value= 272.0563m
 u0_param=  49.5801m
 ags_param= 415.4241m
 
   *** monte carlo  index = 147 ***
x

 volt         param     
             i_d_0.2    
    0.         48.8210p 
   50.00000m  253.2017p 
  100.00000m    1.2836n 
  150.00000m    6.1999n 
  200.00000m   27.5609n 
  250.00000m  109.4593n 
  300.00000m  383.0303n 
  350.00000m    1.1446u 
  400.00000m    2.7943u 
  450.00000m    5.5574u 
  500.00000m    9.3001u 
  550.00000m   13.5963u 
  600.00000m   18.0476u 
  650.00000m   22.4613u 
  700.00000m   26.7613u 
  750.00000m   30.9149u 
  800.00000m   34.9059u 
  850.00000m   38.7259u 
  900.00000m   42.3705u 
  950.00000m   45.8382u 
    1.00000    49.1293u 
y
 vth0_value= 259.4123m
 u0_param=  50.4008m
 ags_param= 415.5969m
 
   *** monte carlo  index = 148 ***
x

 volt         param     
             i_d_0.2    
    0.         60.1445p 
   50.00000m  311.4053p 
  100.00000m    1.5716n 
  150.00000m    7.5277n 
  200.00000m   33.0361n 
  250.00000m  129.2265n 
  300.00000m  444.4701n 
  350.00000m    1.2977u 
  400.00000m    3.0854u 
  450.00000m    5.9940u 
  500.00000m    9.8438u 
  550.00000m   14.1911u 
  600.00000m   18.6606u 
  650.00000m   23.0800u 
  700.00000m   27.3810u 
  750.00000m   31.5335u 
  800.00000m   35.5223u 
  850.00000m   39.3394u 
  900.00000m   42.9808u 
  950.00000m   46.4450u 
    1.00000    49.7324u 
y
 vth0_value= 253.1439m
 u0_param=  50.3445m
 ags_param= 438.1534m
 
   *** monte carlo  index = 149 ***
x

 volt         param     
             i_d_0.2    
    0.         44.5220p 
   50.00000m  230.9950p 
  100.00000m    1.1726n 
  150.00000m    5.6789n 
  200.00000m   25.3497n 
  250.00000m  101.1850n 
  300.00000m  356.1023n 
  350.00000m    1.0724u 
  400.00000m    2.6417u 
  450.00000m    5.2971u 
  500.00000m    8.9231u 
  550.00000m   13.1094u 
  600.00000m   17.4588u 
  650.00000m   21.7759u 
  700.00000m   25.9838u 
  750.00000m   30.0493u 
  800.00000m   33.9564u 
  850.00000m   37.6965u 
  900.00000m   41.2653u 
  950.00000m   44.6612u 
    1.00000    47.8844u 
y
 vth0_value= 261.4792m
 u0_param=  49.3143m
 ags_param= 415.0668m
 
   *** monte carlo  index = 150 ***
x

 volt         param     
             i_d_0.2    
    0.         98.7756p 
   50.00000m  508.6385p 
  100.00000m    2.5351n 
  150.00000m   11.8701n 
  200.00000m   50.4096n 
  250.00000m  189.9759n 
  300.00000m  625.1882n 
  350.00000m    1.7207u 
  400.00000m    3.8403u 
  450.00000m    7.0656u 
  500.00000m   11.1153u 
  550.00000m   15.5307u 
  600.00000m   20.0025u 
  650.00000m   24.4004u 
  700.00000m   28.6714u 
  750.00000m   32.7907u 
  800.00000m   36.7455u 
  850.00000m   40.5286u 
  900.00000m   44.1365u 
  950.00000m   47.5678u 
    1.00000    50.8230u 
y
 vth0_value= 237.9936m
 u0_param=  49.8566m
 ags_param= 412.1440m
 
   *** monte carlo  index = 151 ***
x

 volt         param     
             i_d_0.2    
    0.        103.3565p 
   50.00000m  532.0911p 
  100.00000m    2.6503n 
  150.00000m   12.3958n 
  200.00000m   52.5594n 
  250.00000m  197.7239n 
  300.00000m  649.2183n 
  350.00000m    1.7815u 
  400.00000m    3.9636u 
  450.00000m    7.2731u 
  500.00000m   11.4180u 
  550.00000m   15.9307u 
  600.00000m   20.4981u 
  650.00000m   24.9888u 
  700.00000m   29.3492u 
  750.00000m   33.5543u 
  800.00000m   37.5910u 
  850.00000m   41.4522u 
  900.00000m   45.1342u 
  950.00000m   48.6358u 
    1.00000    51.9575u 
y
 vth0_value= 237.3049m
 u0_param=  50.9214m
 ags_param= 430.0660m
 
   *** monte carlo  index = 152 ***
x

 volt         param     
             i_d_0.2    
    0.         33.2340p 
   50.00000m  172.6740p 
  100.00000m  881.1877p 
  150.00000m    4.3112n 
  200.00000m   19.5629n 
  250.00000m   79.6870n 
  300.00000m  286.8234n 
  350.00000m  890.0095n 
  400.00000m    2.2725u 
  450.00000m    4.7105u 
  500.00000m    8.1507u 
  550.00000m   12.2208u 
  600.00000m   16.5025u 
  650.00000m   20.7719u 
  700.00000m   24.9406u 
  750.00000m   28.9715u 
  800.00000m   32.8470u 
  850.00000m   36.5579u 
  900.00000m   40.0997u 
  950.00000m   43.4706u 
    1.00000    46.6708u 
y
 vth0_value= 269.9741m
 u0_param=  48.9359m
 ags_param= 414.3032m
 
   *** monte carlo  index = 153 ***
x

 volt         param     
             i_d_0.2    
    0.         39.1964p 
   50.00000m  203.5051p 
  100.00000m    1.0355n 
  150.00000m    5.0374n 
  200.00000m   22.6479n 
  250.00000m   91.1953n 
  300.00000m  324.0915n 
  350.00000m  988.8104n 
  400.00000m    2.4738u 
  450.00000m    5.0310u 
  500.00000m    8.5721u 
  550.00000m   12.7026u 
  600.00000m   17.0160u 
  650.00000m   21.3054u 
  700.00000m   25.4893u 
  750.00000m   29.5331u 
  800.00000m   33.4199u 
  850.00000m   37.1412u 
  900.00000m   40.6923u 
  950.00000m   44.0718u 
    1.00000    47.2797u 
y
 vth0_value= 265.1261m
 u0_param=  49.0650m
 ags_param= 415.3239m
 
   *** monte carlo  index = 154 ***
x

 volt         param     
             i_d_0.2    
    0.         50.8808p 
   50.00000m  263.8101p 
  100.00000m    1.3363n 
  150.00000m    6.4444n 
  200.00000m   28.5795n 
  250.00000m  113.1800n 
  300.00000m  394.7721n 
  350.00000m    1.1746u 
  400.00000m    2.8531u 
  450.00000m    5.6488u 
  500.00000m    9.4189u 
  550.00000m   13.7328u 
  600.00000m   18.1956u 
  650.00000m   22.6181u 
  700.00000m   26.9259u 
  750.00000m   31.0865u 
  800.00000m   35.0840u 
  850.00000m   38.9100u 
  900.00000m   42.5603u 
  950.00000m   46.0332u 
    1.00000    49.3293u 
y
 vth0_value= 258.2267m
 u0_param=  50.4795m
 ags_param= 423.0590m
 
   *** monte carlo  index = 155 ***
x

 volt         param     
             i_d_0.2    
    0.         23.4828p 
   50.00000m  122.0844p 
  100.00000m  626.3383p 
  150.00000m    3.0976n 
  200.00000m   14.3113n 
  250.00000m   59.6754n 
  300.00000m  220.3863n 
  350.00000m  707.0283n 
  400.00000m    1.8823u 
  450.00000m    4.0618u 
  500.00000m    7.2643u 
  550.00000m   11.1727u 
  600.00000m   15.3557u 
  650.00000m   19.5542u 
  700.00000m   23.6636u 
  750.00000m   27.6414u 
  800.00000m   31.4682u 
  850.00000m   35.1339u 
  900.00000m   38.6336u 
  950.00000m   41.9653u 
    1.00000    45.1290u 
y
 vth0_value= 279.9765m
 u0_param=  48.3457m
 ags_param= 409.0026m
 
   *** monte carlo  index = 156 ***
x

 volt         param     
             i_d_0.2    
    0.         24.7913p 
   50.00000m  128.9008p 
  100.00000m  660.9743p 
  150.00000m    3.2653n 
  200.00000m   15.0579n 
  250.00000m   62.6314n 
  300.00000m  230.6575n 
  350.00000m  737.3167n 
  400.00000m    1.9539u 
  450.00000m    4.1970u 
  500.00000m    7.4775u 
  550.00000m   11.4667u 
  600.00000m   15.7277u 
  650.00000m   20.0010u 
  700.00000m   24.1823u 
  750.00000m   28.2290u 
  800.00000m   32.1215u 
  850.00000m   35.8499u 
  900.00000m   39.4092u 
  950.00000m   42.7973u 
    1.00000    46.0144u 
y
 vth0_value= 278.9003m
 u0_param=  49.1915m
 ags_param= 421.6046m
 
   *** monte carlo  index = 157 ***
x

 volt         param     
             i_d_0.2    
    0.         80.5295p 
   50.00000m  415.8385p 
  100.00000m    2.0852n 
  150.00000m    9.8698n 
  200.00000m   42.5622n 
  250.00000m  163.1699n 
  300.00000m  548.1339n 
  350.00000m    1.5504u 
  400.00000m    3.5603u 
  450.00000m    6.7108u 
  500.00000m   10.7603u 
  550.00000m   15.2431u 
  600.00000m   19.8121u 
  650.00000m   24.3154u 
  700.00000m   28.6924u 
  750.00000m   32.9155u 
  800.00000m   36.9707u 
  850.00000m   40.8502u 
  900.00000m   44.5502u 
  950.00000m   48.0695u 
    1.00000    51.4085u 
y
 vth0_value= 244.9422m
 u0_param=  51.1901m
 ags_param= 417.1665m
 
   *** monte carlo  index = 158 ***
x

 volt         param     
             i_d_0.2    
    0.         47.1451p 
   50.00000m  244.5284p 
  100.00000m    1.2401n 
  150.00000m    5.9940n 
  200.00000m   26.6761n 
  250.00000m  106.0922n 
  300.00000m  371.8437n 
  350.00000m    1.1136u 
  400.00000m    2.7256u 
  450.00000m    5.4336u 
  500.00000m    9.1100u 
  550.00000m   13.3368u 
  600.00000m   17.7195u 
  650.00000m   22.0664u 
  700.00000m   26.3021u 
  750.00000m   30.3939u 
  800.00000m   34.3258u 
  850.00000m   38.0895u 
  900.00000m   41.6806u 
  950.00000m   45.0975u 
    1.00000    48.3406u 
y
 vth0_value= 259.9717m
 u0_param=  49.6327m
 ags_param= 414.3729m
 
   *** monte carlo  index = 159 ***
x

 volt         param     
             i_d_0.2    
    0.         26.0960p 
   50.00000m  135.6420p 
  100.00000m  694.6175p 
  150.00000m    3.4225n 
  200.00000m   15.7125n 
  250.00000m   64.9737n 
  300.00000m  237.7771n 
  350.00000m  754.0053n 
  400.00000m    1.9780u 
  450.00000m    4.2073u 
  500.00000m    7.4357u 
  550.00000m   11.3314u 
  600.00000m   15.4735u 
  650.00000m   19.6206u 
  700.00000m   23.6762u 
  750.00000m   27.6006u 
  800.00000m   31.3752u 
  850.00000m   34.9908u 
  900.00000m   38.4423u 
  950.00000m   41.7280u 
    1.00000    44.8479u 
y
 vth0_value= 276.3676m
 u0_param=  47.6563m
 ags_param= 410.9539m
 
   *** monte carlo  index = 160 ***
x

 volt         param     
             i_d_0.2    
    0.         66.0125p 
   50.00000m  341.4004p 
  100.00000m    1.7185n 
  150.00000m    8.1907n 
  200.00000m   35.6848n 
  250.00000m  138.4185n 
  300.00000m  471.5061n 
  350.00000m    1.3589u 
  400.00000m    3.1848u 
  450.00000m    6.1100u 
  500.00000m    9.9349u 
  550.00000m   14.2173u 
  600.00000m   18.6033u 
  650.00000m   22.9343u 
  700.00000m   27.1474u 
  750.00000m   31.2142u 
  800.00000m   35.1205u 
  850.00000m   38.8585u 
  900.00000m   42.4244u 
  950.00000m   45.8166u 
    1.00000    49.0357u 
y
 vth0_value= 249.6755m
 u0_param=  49.2641m
 ags_param= 407.2054m
 
   *** monte carlo  index = 161 ***
x

 volt         param     
             i_d_0.2    
    0.         52.1696p 
   50.00000m  270.3994p 
  100.00000m    1.3686n 
  150.00000m    6.5897n 
  200.00000m   29.1547n 
  250.00000m  115.1346n 
  300.00000m  400.3367n 
  350.00000m    1.1862u 
  400.00000m    2.8675u 
  450.00000m    5.6534u 
  500.00000m    9.3947u 
  550.00000m   13.6625u 
  600.00000m   18.0711u 
  650.00000m   22.4378u 
  700.00000m   26.6904u 
  750.00000m   30.7975u 
  800.00000m   34.7436u 
  850.00000m   38.5204u 
  900.00000m   42.1238u 
  950.00000m   45.5522u 
    1.00000    48.8059u 
y
 vth0_value= 257.0544m
 u0_param=  49.8041m
 ags_param= 425.1133m
 
   *** monte carlo  index = 162 ***
x

 volt         param     
             i_d_0.2    
    0.         63.8149p 
   50.00000m  330.2377p 
  100.00000m    1.6645n 
  150.00000m    7.9533n 
  200.00000m   34.7775n 
  250.00000m  135.4649n 
  300.00000m  463.6589n 
  350.00000m    1.3448u 
  400.00000m    3.1741u 
  450.00000m    6.1267u 
  500.00000m   10.0103u 
  550.00000m   14.3768u 
  600.00000m   18.8574u 
  650.00000m   23.2846u 
  700.00000m   27.5921u 
  750.00000m   31.7502u 
  800.00000m   35.7442u 
  850.00000m   39.5660u 
  900.00000m   43.2118u 
  950.00000m   46.6800u 
    1.00000    49.9710u 
y
 vth0_value= 251.4151m
 u0_param=  50.4114m
 ags_param= 416.3192m
 
   *** monte carlo  index = 163 ***
x

 volt         param     
             i_d_0.2    
    0.        164.4082p 
   50.00000m  840.6633p 
  100.00000m    4.1288n 
  150.00000m   18.8539n 
  200.00000m   77.4229n 
  250.00000m  281.1880n 
  300.00000m  882.9827n 
  350.00000m    2.2884u 
  400.00000m    4.8115u 
  450.00000m    8.4254u 
  500.00000m   12.7550u 
  550.00000m   17.3479u 
  600.00000m   21.9496u 
  650.00000m   26.4573u 
  700.00000m   30.8274u 
  750.00000m   35.0387u 
  800.00000m   39.0795u 
  850.00000m   42.9432u 
  900.00000m   46.6266u 
  950.00000m   50.1286u 
    1.00000    53.4498u 
y
 vth0_value= 223.3872m
 u0_param=  50.9334m
 ags_param= 424.7376m
 
   *** monte carlo  index = 164 ***
x

 volt         param     
             i_d_0.2    
    0.         59.6293p 
   50.00000m  308.6913p 
  100.00000m    1.5576n 
  150.00000m    7.4568n 
  200.00000m   32.7030n 
  250.00000m  127.8271n 
  300.00000m  439.2998n 
  350.00000m    1.2812u 
  400.00000m    3.0427u 
  450.00000m    5.9052u 
  500.00000m    9.6905u 
  550.00000m   13.9616u 
  600.00000m   18.3513u 
  650.00000m   22.6913u 
  700.00000m   26.9152u 
  750.00000m   30.9933u 
  800.00000m   34.9109u 
  850.00000m   38.6601u 
  900.00000m   42.2368u 
  950.00000m   45.6396u 
    1.00000    48.8688u 
y
 vth0_value= 252.8154m
 u0_param=  49.4193m
 ags_param= 419.7293m
 
   *** monte carlo  index = 165 ***
x

 volt         param     
             i_d_0.2    
    0.         53.3966p 
   50.00000m  276.7194p 
  100.00000m    1.4000n 
  150.00000m    6.7357n 
  200.00000m   29.7644n 
  250.00000m  117.3737n 
  300.00000m  407.4531n 
  350.00000m    1.2046u 
  400.00000m    2.9046u 
  450.00000m    5.7136u 
  500.00000m    9.4775u 
  550.00000m   13.7643u 
  600.00000m   18.1894u 
  650.00000m   22.5712u 
  700.00000m   26.8380u 
  750.00000m   30.9587u 
  800.00000m   34.9177u 
  850.00000m   38.7067u 
  900.00000m   42.3217u 
  950.00000m   45.7610u 
    1.00000    49.0250u 
y
 vth0_value= 256.4654m
 u0_param=  49.9711m
 ags_param= 419.9897m
 
   *** monte carlo  index = 166 ***
x

 volt         param     
             i_d_0.2    
    0.        126.4118p 
   50.00000m  649.0976p 
  100.00000m    3.2153n 
  150.00000m   14.8955n 
  200.00000m   62.3376n 
  250.00000m  231.1448n 
  300.00000m  745.3887n 
  350.00000m    1.9979u 
  400.00000m    4.3408u 
  450.00000m    7.8090u 
  500.00000m   12.0712u 
  550.00000m   16.6589u 
  600.00000m   21.2811u 
  650.00000m   25.8180u 
  700.00000m   30.2202u 
  750.00000m   34.4641u 
  800.00000m   38.5371u 
  850.00000m   42.4322u 
  900.00000m   46.1461u 
  950.00000m   49.6776u 
    1.00000    53.0273u 
y
 vth0_value= 231.5540m
 u0_param=  51.3809m
 ags_param= 423.6876m
 
   *** monte carlo  index = 167 ***
x

 volt         param     
             i_d_0.2    
    0.         57.5170p 
   50.00000m  297.9074p 
  100.00000m    1.5049n 
  150.00000m    7.2204n 
  200.00000m   31.7704n 
  250.00000m  124.6548n 
  300.00000m  430.2475n 
  350.00000m    1.2621u 
  400.00000m    3.0167u 
  450.00000m    5.8880u 
  500.00000m    9.7059u 
  550.00000m   14.0309u 
  600.00000m   18.4841u 
  650.00000m   22.8898u 
  700.00000m   27.1784u 
  750.00000m   31.3193u 
  800.00000m   35.2973u 
  850.00000m   39.1042u 
  900.00000m   42.7360u 
  950.00000m   46.1912u 
    1.00000    49.4701u 
y
 vth0_value= 254.3950m
 u0_param=  50.2109m
 ags_param= 423.9927m
 
   *** monte carlo  index = 168 ***
x

 volt         param     
             i_d_0.2    
    0.         30.7354p 
   50.00000m  159.7179p 
  100.00000m  815.9732p 
  150.00000m    4.0011n 
  200.00000m   18.2220n 
  250.00000m   74.5720n 
  300.00000m  269.7991n 
  350.00000m  842.8904n 
  400.00000m    2.1703u 
  450.00000m    4.5344u 
  500.00000m    7.8971u 
  550.00000m   11.8992u 
  600.00000m   16.1228u 
  650.00000m   20.3394u 
  700.00000m   24.4585u 
  750.00000m   28.4423u 
  800.00000m   32.2731u 
  850.00000m   35.9416u 
  900.00000m   39.4432u 
  950.00000m   42.7761u 
    1.00000    45.9404u 
y
 vth0_value= 271.9412m
 u0_param=  48.3665m
 ags_param= 402.8463m
 
   *** monte carlo  index = 169 ***
x

 volt         param     
             i_d_0.2    
    0.         79.5616p 
   50.00000m  410.7121p 
  100.00000m    2.0583n 
  150.00000m    9.7330n 
  200.00000m   41.9139n 
  250.00000m  160.4414n 
  300.00000m  538.0555n 
  350.00000m    1.5185u 
  400.00000m    3.4791u 
  450.00000m    6.5453u 
  500.00000m   10.4790u 
  550.00000m   14.8274u 
  600.00000m   19.2565u 
  650.00000m   23.6214u 
  700.00000m   27.8639u 
  750.00000m   31.9576u 
  800.00000m   35.8887u 
  850.00000m   39.6499u 
  900.00000m   43.2374u 
  950.00000m   46.6498u 
    1.00000    49.8875u 
y
 vth0_value= 244.2853m
 u0_param=  49.5671m
 ags_param= 417.7295m
 
   *** monte carlo  index = 170 ***
x

 volt         param     
             i_d_0.2    
    0.         56.2760p 
   50.00000m  291.4159p 
  100.00000m    1.4717n 
  150.00000m    7.0570n 
  200.00000m   31.0261n 
  250.00000m  121.6260n 
  300.00000m  419.4091n 
  350.00000m    1.2289u 
  400.00000m    2.9336u 
  450.00000m    5.7198u 
  500.00000m    9.4208u 
  550.00000m   13.6094u 
  600.00000m   17.9203u 
  650.00000m   22.1848u 
  700.00000m   26.3361u 
  750.00000m   30.3447u 
  800.00000m   34.1960u 
  850.00000m   37.8820u 
  900.00000m   41.3987u 
  950.00000m   44.7447u 
    1.00000    47.9201u 
y
 vth0_value= 253.9916m
 u0_param=  48.5608m
 ags_param= 421.0327m
 
   *** monte carlo  index = 171 ***
x

 volt         param     
             i_d_0.2    
    0.         44.2755p 
   50.00000m  229.6779p 
  100.00000m    1.1656n 
  150.00000m    5.6418n 
  200.00000m   25.1632n 
  250.00000m  100.3424n 
  300.00000m  352.7709n 
  350.00000m    1.0609u 
  400.00000m    2.6094u 
  450.00000m    5.2253u 
  500.00000m    8.7926u 
  550.00000m   12.9065u 
  600.00000m   17.1782u 
  650.00000m   21.4176u 
  700.00000m   25.5495u 
  750.00000m   29.5419u 
  800.00000m   33.3787u 
  850.00000m   37.0517u 
  900.00000m   40.5567u 
  950.00000m   43.8919u 
    1.00000    47.0577u 
y
 vth0_value= 261.0542m
 u0_param=  48.3995m
 ags_param= 418.7160m
 
   *** monte carlo  index = 172 ***
x

 volt         param     
             i_d_0.2    
    0.         17.7053p 
   50.00000m   92.0094p 
  100.00000m  473.8335p 
  150.00000m    2.3624n 
  200.00000m   11.0680n 
  250.00000m   47.0410n 
  300.00000m  177.4249n 
  350.00000m  584.3749n 
  400.00000m    1.6099u 
  450.00000m    3.5959u 
  500.00000m    6.6190u 
  550.00000m   10.4119u 
  600.00000m   14.5397u 
  650.00000m   18.7103u 
  700.00000m   22.8023u 
  750.00000m   26.7674u 
  800.00000m   30.5838u 
  850.00000m   34.2409u 
  900.00000m   37.7331u 
  950.00000m   41.0584u 
    1.00000    44.2166u 
y
 vth0_value= 288.3696m
 u0_param=  48.2480m
 ags_param= 410.5570m
 
   *** monte carlo  index = 173 ***
x

 volt         param     
             i_d_0.2    
    0.         51.5520p 
   50.00000m  267.2068p 
  100.00000m    1.3526n 
  150.00000m    6.5145n 
  200.00000m   28.8329n 
  250.00000m  113.9180n 
  300.00000m  396.3247n 
  350.00000m    1.1752u 
  400.00000m    2.8434u 
  450.00000m    5.6102u 
  500.00000m    9.3287u 
  550.00000m   13.5727u 
  600.00000m   17.9579u 
  650.00000m   22.3018u 
  700.00000m   26.5325u 
  750.00000m   30.6186u 
  800.00000m   34.5446u 
  850.00000m   38.3023u 
  900.00000m   41.8875u 
  950.00000m   45.2986u 
    1.00000    48.5360u 
y
 vth0_value= 257.2462m
 u0_param=  49.5457m
 ags_param= 414.0220m
 
   *** monte carlo  index = 174 ***
x

 volt         param     
             i_d_0.2    
    0.         65.6172p 
   50.00000m  339.3588p 
  100.00000m    1.7083n 
  150.00000m    8.1428n 
  200.00000m   35.4807n 
  250.00000m  137.6490n 
  300.00000m  468.9788n 
  350.00000m    1.3520u 
  400.00000m    3.1696u 
  450.00000m    6.0826u 
  500.00000m    9.8925u 
  550.00000m   14.1587u 
  600.00000m   18.5284u 
  650.00000m   22.8435u 
  700.00000m   27.0412u 
  750.00000m   31.0932u 
  800.00000m   34.9853u 
  850.00000m   38.7098u 
  900.00000m   42.2628u 
  950.00000m   45.6429u 
    1.00000    48.8504u 
y
 vth0_value= 249.7357m
 u0_param=  49.0783m
 ags_param= 413.2856m
 
   *** monte carlo  index = 175 ***
x

 volt         param     
             i_d_0.2    
    0.         78.1302p 
   50.00000m  403.3106p 
  100.00000m    2.0212n 
  150.00000m    9.5580n 
  200.00000m   41.1625n 
  250.00000m  157.5808n 
  300.00000m  528.5541n 
  350.00000m    1.4921u 
  400.00000m    3.4196u 
  450.00000m    6.4354u 
  500.00000m   10.3054u 
  550.00000m   14.5835u 
  600.00000m   18.9412u 
  650.00000m   23.2360u 
  700.00000m   27.4106u 
  750.00000m   31.4389u 
  800.00000m   35.3075u 
  850.00000m   39.0090u 
  900.00000m   42.5397u 
  950.00000m   45.8982u 
    1.00000    49.0850u 
y
 vth0_value= 244.3030m
 u0_param=  48.7510m
 ags_param= 425.6796m
 
   *** monte carlo  index = 176 ***
x

 volt         param     
             i_d_0.2    
    0.         38.1142p 
   50.00000m  197.8470p 
  100.00000m    1.0065n 
  150.00000m    4.8950n 
  200.00000m   21.9972n 
  250.00000m   88.5282n 
  300.00000m  314.4592n 
  350.00000m  958.8696n 
  400.00000m    2.3973u 
  450.00000m    4.8731u 
  500.00000m    8.2997u 
  550.00000m   12.2945u 
  600.00000m   16.4647u 
  650.00000m   20.6116u 
  700.00000m   24.6567u 
  750.00000m   28.5666u 
  800.00000m   32.3252u 
  850.00000m   35.9239u 
  900.00000m   39.3585u 
  950.00000m   42.6272u 
    1.00000    45.7303u 
y
 vth0_value= 264.8761m
 u0_param=  47.4045m
 ags_param= 402.1124m
 
   *** monte carlo  index = 177 ***
x

 volt         param     
             i_d_0.2    
    0.         41.9307p 
   50.00000m  217.5960p 
  100.00000m    1.1056n 
  150.00000m    5.3628n 
  200.00000m   24.0011n 
  250.00000m   96.1078n 
  300.00000m  339.4563n 
  350.00000m    1.0272u 
  400.00000m    2.5451u 
  450.00000m    5.1305u 
  500.00000m    8.6793u 
  550.00000m   12.7917u 
  600.00000m   17.0718u 
  650.00000m   21.3231u 
  700.00000m   25.4681u 
  750.00000m   29.4734u 
  800.00000m   33.3231u 
  850.00000m   37.0085u 
  900.00000m   40.5254u 
  950.00000m   43.8722u 
    1.00000    47.0490u 
y
 vth0_value= 262.7903m
 u0_param=  48.5686m
 ags_param= 433.8870m
 
   *** monte carlo  index = 178 ***
x

 volt         param     
             i_d_0.2    
    0.         18.9229p 
   50.00000m   98.3475p 
  100.00000m  505.9609p 
  150.00000m    2.5171n 
  200.00000m   11.7484n 
  250.00000m   49.6715n 
  300.00000m  186.2649n 
  350.00000m  609.1509n 
  400.00000m    1.6626u 
  450.00000m    3.6785u 
  500.00000m    6.7171u 
  550.00000m   10.5002u 
  600.00000m   14.5974u 
  650.00000m   18.7290u 
  700.00000m   22.7799u 
  750.00000m   26.7042u 
  800.00000m   30.4809u 
  850.00000m   34.0996u 
  900.00000m   37.5552u 
  950.00000m   40.8454u 
    1.00000    43.9703u 
y
 vth0_value= 286.0325m
 u0_param=  47.7237m
 ags_param= 410.4909m
 
   *** monte carlo  index = 179 ***
x

 volt         param     
             i_d_0.2    
    0.         67.3231p 
   50.00000m  348.1106p 
  100.00000m    1.7514n 
  150.00000m    8.3407n 
  200.00000m   36.2920n 
  250.00000m  140.5696n 
  300.00000m  478.0252n 
  350.00000m    1.3745u 
  400.00000m    3.2135u 
  450.00000m    6.1518u 
  500.00000m    9.9858u 
  550.00000m   14.2719u 
  600.00000m   18.6590u 
  650.00000m   22.9902u 
  700.00000m   27.2030u 
  750.00000m   31.2693u 
  800.00000m   35.1751u 
  850.00000m   38.9125u 
  900.00000m   42.4778u 
  950.00000m   45.8694u 
    1.00000    49.0878u 
y
 vth0_value= 249.0803m
 u0_param=  49.2526m
 ags_param= 416.7829m
 
   *** monte carlo  index = 180 ***
x

 volt         param     
             i_d_0.2    
    0.         36.1981p 
   50.00000m  188.0188p 
  100.00000m  958.1681p 
  150.00000m    4.6751n 
  200.00000m   21.1195n 
  250.00000m   85.5464n 
  300.00000m  306.0109n 
  350.00000m  941.7860n 
  400.00000m    2.3808u 
  450.00000m    4.8889u 
  500.00000m    8.3952u 
  550.00000m   12.5146u 
  600.00000m   16.8324u 
  650.00000m   21.1320u 
  700.00000m   25.3280u 
  750.00000m   29.3842u 
  800.00000m   33.2836u 
  850.00000m   37.0170u 
  900.00000m   40.5800u 
  950.00000m   43.9709u 
    1.00000    47.1898u 
y
 vth0_value= 267.6157m
 u0_param=  49.2393m
 ags_param= 404.9878m
 
   *** monte carlo  index = 181 ***
x

 volt         param     
             i_d_0.2    
    0.         37.8045p 
   50.00000m  196.3220p 
  100.00000m  999.6962p 
  150.00000m    4.8702n 
  200.00000m   21.9465n 
  250.00000m   88.6225n 
  300.00000m  315.9367n 
  350.00000m  967.9495n 
  400.00000m    2.4337u 
  450.00000m    4.9722u 
  500.00000m    8.5034u 
  550.00000m   12.6364u 
  600.00000m   16.9600u 
  650.00000m   21.2624u 
  700.00000m   25.4598u 
  750.00000m   29.5171u 
  800.00000m   33.4171u 
  850.00000m   37.1510u 
  900.00000m   40.7144u 
  950.00000m   44.1055u 
    1.00000    47.3245u 
y
 vth0_value= 266.3196m
 u0_param=  49.2414m
 ags_param= 411.9649m
 
   *** monte carlo  index = 182 ***
x

 volt         param     
             i_d_0.2    
    0.         46.9225p 
   50.00000m  243.3585p 
  100.00000m    1.2341n 
  150.00000m    5.9638n 
  200.00000m   26.5348n 
  250.00000m  105.4995n 
  300.00000m  369.6566n 
  350.00000m    1.1066u 
  400.00000m    2.7074u 
  450.00000m    5.3954u 
  500.00000m    9.0434u 
  550.00000m   13.2361u 
  600.00000m   17.5827u 
  650.00000m   21.8936u 
  700.00000m   26.0942u 
  750.00000m   30.1521u 
  800.00000m   34.0516u 
  850.00000m   37.7843u 
  900.00000m   41.3459u 
  950.00000m   44.7348u 
    1.00000    47.9514u 
y
 vth0_value= 259.8416m
 u0_param=  49.2072m
 ags_param= 425.5556m
 
   *** monte carlo  index = 183 ***
x

 volt         param     
             i_d_0.2    
    0.         43.5849p 
   50.00000m  226.1750p 
  100.00000m    1.1488n 
  150.00000m    5.5687n 
  200.00000m   24.8967n 
  250.00000m   99.5634n 
  300.00000m  351.1260n 
  350.00000m    1.0603u 
  400.00000m    2.6206u 
  450.00000m    5.2703u 
  500.00000m    8.8991u 
  550.00000m   13.0976u 
  600.00000m   17.4643u 
  650.00000m   21.8003u 
  700.00000m   26.0271u 
  750.00000m   30.1111u 
  800.00000m   34.0360u 
  850.00000m   37.7932u 
  900.00000m   41.3784u 
  950.00000m   44.7899u 
    1.00000    48.0280u 
y
 vth0_value= 262.2638m
 u0_param=  49.5478m
 ags_param= 421.6426m
 
   *** monte carlo  index = 184 ***
x

 volt         param     
             i_d_0.2    
    0.         39.6879p 
   50.00000m  206.0465p 
  100.00000m    1.0482n 
  150.00000m    5.0972n 
  200.00000m   22.9023n 
  250.00000m   92.1472n 
  300.00000m  327.1864n 
  350.00000m  997.0743n 
  400.00000m    2.4909u 
  450.00000m    5.0593u 
  500.00000m    8.6112u 
  550.00000m   12.7503u 
  600.00000m   17.0708u 
  650.00000m   21.3666u 
  700.00000m   25.5563u 
  750.00000m   29.6056u 
  800.00000m   33.4978u 
  850.00000m   37.2240u 
  900.00000m   40.7799u 
  950.00000m   44.1638u 
    1.00000    47.3759u 
y
 vth0_value= 264.7986m
 u0_param=  49.1349m
 ags_param= 404.4488m
 
   *** monte carlo  index = 185 ***
x

 volt         param     
             i_d_0.2    
    0.         21.2193p 
   50.00000m  110.3006p 
  100.00000m  566.5609p 
  150.00000m    2.8091n 
  200.00000m   13.0354n 
  250.00000m   54.6769n 
  300.00000m  203.2478n 
  350.00000m  657.4770n 
  400.00000m    1.7692u 
  450.00000m    3.8587u 
  500.00000m    6.9626u 
  550.00000m   10.7826u 
  600.00000m   14.8909u 
  650.00000m   19.0223u 
  700.00000m   23.0690u 
  750.00000m   26.9875u 
  800.00000m   30.7579u 
  850.00000m   34.3701u 
  900.00000m   37.8190u 
  950.00000m   41.1028u 
    1.00000    44.2212u 
y
 vth0_value= 282.5360m
 u0_param=  47.6234m
 ags_param= 423.6296m
 
   *** monte carlo  index = 186 ***
x

 volt         param     
             i_d_0.2    
    0.         58.3599p 
   50.00000m  302.1767p 
  100.00000m    1.5254n 
  150.00000m    7.3094n 
  200.00000m   32.0997n 
  250.00000m  125.6651n 
  300.00000m  432.6444n 
  350.00000m    1.2649u 
  400.00000m    3.0120u 
  450.00000m    5.8595u 
  500.00000m    9.6337u 
  550.00000m   13.8992u 
  600.00000m   18.2864u 
  650.00000m   22.6253u 
  700.00000m   26.8484u 
  750.00000m   30.9260u 
  800.00000m   34.8432u 
  850.00000m   38.5921u 
  900.00000m   42.1686u 
  950.00000m   45.5712u 
    1.00000    48.8003u 
y
 vth0_value= 253.4581m
 u0_param=  49.4186m
 ags_param= 411.7325m
 
   *** monte carlo  index = 187 ***
x

 volt         param     
             i_d_0.2    
    0.         48.2826p 
   50.00000m  250.3809p 
  100.00000m    1.2691n 
  150.00000m    6.1281n 
  200.00000m   27.2301n 
  250.00000m  108.0931n 
  300.00000m  378.0632n 
  350.00000m    1.1291u 
  400.00000m    2.7544u 
  450.00000m    5.4749u 
  500.00000m    9.1577u 
  550.00000m   13.3830u 
  600.00000m   17.7596u 
  650.00000m   22.0990u 
  700.00000m   26.3267u 
  750.00000m   30.4106u 
  800.00000m   34.3348u 
  850.00000m   38.0910u 
  900.00000m   41.6749u 
  950.00000m   45.0850u 
    1.00000    48.3216u 
y
 vth0_value= 259.1937m
 u0_param=  49.5296m
 ags_param= 413.3831m
 
   *** monte carlo  index = 188 ***
x

 volt         param     
             i_d_0.2    
    0.        119.5658p 
   50.00000m  614.4077p 
  100.00000m    3.0483n 
  150.00000m   14.1602n 
  200.00000m   59.4790n 
  250.00000m  221.4410n 
  300.00000m  717.7492n 
  350.00000m    1.9366u 
  400.00000m    4.2353u 
  450.00000m    7.6611u 
  500.00000m   11.8932u 
  550.00000m   16.4626u 
  600.00000m   21.0720u 
  650.00000m   25.5984u 
  700.00000m   29.9912u 
  750.00000m   34.2264u 
  800.00000m   38.2914u 
  850.00000m   42.1791u 
  900.00000m   45.8859u 
  950.00000m   49.4109u 
    1.00000    52.7544u 
y
 vth0_value= 233.1615m
 u0_param=  51.2804m
 ags_param= 423.4550m
 
   *** monte carlo  index = 189 ***
x

 volt         param     
             i_d_0.2    
    0.         92.2846p 
   50.00000m  475.5307p 
  100.00000m    2.3736n 
  150.00000m   11.1438n 
  200.00000m   47.5020n 
  250.00000m  179.7685n 
  300.00000m  594.6512n 
  350.00000m    1.6479u 
  400.00000m    3.7038u 
  450.00000m    6.8555u 
  500.00000m   10.8354u 
  550.00000m   15.1901u 
  600.00000m   19.6068u 
  650.00000m   23.9529u 
  700.00000m   28.1745u 
  750.00000m   32.2469u 
  800.00000m   36.1570u 
  850.00000m   39.8977u 
  900.00000m   43.4652u 
  950.00000m   46.8584u 
    1.00000    50.0777u 
y
 vth0_value= 239.6581m
 u0_param=  49.2758m
 ags_param= 424.9027m
 
   *** monte carlo  index = 190 ***
x

 volt         param     
             i_d_0.2    
    0.        144.0455p 
   50.00000m  738.0791p 
  100.00000m    3.6403n 
  150.00000m   16.7405n 
  200.00000m   69.3774n 
  250.00000m  254.5108n 
  300.00000m  809.6615n 
  350.00000m    2.1329u 
  400.00000m    4.5556u 
  450.00000m    8.0811u 
  500.00000m   12.3561u 
  550.00000m   16.9218u 
  600.00000m   21.5080u 
  650.00000m   26.0049u 
  700.00000m   30.3663u 
  750.00000m   34.5701u 
  800.00000m   38.6041u 
  850.00000m   42.4618u 
  900.00000m   46.1397u 
  950.00000m   49.6368u 
    1.00000    52.9536u 
y
 vth0_value= 227.3113m
 u0_param=  50.8578m
 ags_param= 421.9700m
 
   *** monte carlo  index = 191 ***
x

 volt         param     
             i_d_0.2    
    0.         76.3880p 
   50.00000m  394.4895p 
  100.00000m    1.9789n 
  150.00000m    9.3733n 
  200.00000m   40.4647n 
  250.00000m  155.3275n 
  300.00000m  522.6440n 
  350.00000m    1.4816u 
  400.00000m    3.4108u 
  450.00000m    6.4433u 
  500.00000m   10.3490u 
  550.00000m   14.6778u 
  600.00000m   19.0918u 
  650.00000m   23.4435u 
  700.00000m   27.6740u 
  750.00000m   31.7564u 
  800.00000m   35.6769u 
  850.00000m   39.4280u 
  900.00000m   43.0060u 
  950.00000m   46.4095u 
    1.00000    49.6389u 
y
 vth0_value= 245.4160m
 u0_param=  49.4307m
 ags_param= 423.7963m
 
   *** monte carlo  index = 192 ***
x

 volt         param     
             i_d_0.2    
    0.         55.3001p 
   50.00000m  286.4697p 
  100.00000m    1.4479n 
  150.00000m    6.9535n 
  200.00000m   30.6417n 
  250.00000m  120.4398n 
  300.00000m  416.5592n 
  350.00000m    1.2254u 
  400.00000m    2.9384u 
  450.00000m    5.7514u 
  500.00000m    9.5024u 
  550.00000m   13.7596u 
  600.00000m   18.1470u 
  650.00000m   22.4891u 
  700.00000m   26.7164u 
  750.00000m   30.7986u 
  800.00000m   34.7205u 
  850.00000m   38.4740u 
  900.00000m   42.0550u 
  950.00000m   45.4621u 
    1.00000    48.6955u 
y
 vth0_value= 255.1107m
 u0_param=  49.4860m
 ags_param= 408.6215m
 
   *** monte carlo  index = 193 ***
x

 volt         param     
             i_d_0.2    
    0.         32.3656p 
   50.00000m  168.1750p 
  100.00000m  858.5860p 
  150.00000m    4.2042n 
  200.00000m   19.1029n 
  250.00000m   77.9476n 
  300.00000m  281.0966n 
  350.00000m  874.4297n 
  400.00000m    2.2396u 
  450.00000m    4.6558u 
  500.00000m    8.0752u 
  550.00000m   12.1295u 
  600.00000m   16.3995u 
  650.00000m   20.6591u 
  700.00000m   24.8189u 
  750.00000m   28.8415u 
  800.00000m   32.7092u 
  850.00000m   36.4128u 
  900.00000m   39.9477u 
  950.00000m   43.3121u 
    1.00000    46.5061u 
y
 vth0_value= 270.7019m
 u0_param=  48.8374m
 ags_param= 415.1014m
 
   *** monte carlo  index = 194 ***
x

 volt         param     
             i_d_0.2    
    0.         82.5455p 
   50.00000m  426.0078p 
  100.00000m    2.1336n 
  150.00000m   10.0777n 
  200.00000m   43.3269n 
  250.00000m  165.5396n 
  300.00000m  553.8913n 
  350.00000m    1.5584u 
  400.00000m    3.5589u 
  450.00000m    6.6767u 
  500.00000m   10.6656u 
  550.00000m   15.0675u 
  600.00000m   19.5479u 
  650.00000m   23.9620u 
  700.00000m   28.2518u 
  750.00000m   32.3907u 
  800.00000m   36.3650u 
  850.00000m   40.1673u 
  900.00000m   43.7938u 
  950.00000m   47.2432u 
    1.00000    50.5159u 
y
 vth0_value= 243.5390m
 u0_param=  50.1272m
 ags_param= 421.1019m
 
   *** monte carlo  index = 195 ***
x

 volt         param     
             i_d_0.2    
    0.        115.1136p 
   50.00000m  591.5043p 
  100.00000m    2.9347n 
  150.00000m   13.6332n 
  200.00000m   57.2709n 
  250.00000m  213.2619n 
  300.00000m  691.4835n 
  350.00000m    1.8666u 
  400.00000m    4.0848u 
  450.00000m    7.3929u 
  500.00000m   11.4813u 
  550.00000m   15.8958u 
  600.00000m   20.3492u 
  650.00000m   24.7230u 
  700.00000m   28.9681u 
  750.00000m   33.0616u 
  800.00000m   36.9909u 
  850.00000m   40.7492u 
  900.00000m   44.3331u 
  950.00000m   47.7414u 
    1.00000    50.9745u 
y
 vth0_value= 233.1828m
 u0_param=  49.5061m
 ags_param= 422.1848m
 
   *** monte carlo  index = 196 ***
x

 volt         param     
             i_d_0.2    
    0.         49.5893p 
   50.00000m  257.1708p 
  100.00000m    1.3034n 
  150.00000m    6.2930n 
  200.00000m   27.9565n 
  250.00000m  110.9416n 
  300.00000m  387.8620n 
  350.00000m    1.1576u 
  400.00000m    2.8219u 
  450.00000m    5.6051u 
  500.00000m    9.3699u 
  550.00000m   13.6878u 
  600.00000m   18.1597u 
  650.00000m   22.5930u 
  700.00000m   26.9119u 
  750.00000m   31.0835u 
  800.00000m   35.0917u 
  850.00000m   38.9280u 
  900.00000m   42.5882u 
  950.00000m   46.0706u 
    1.00000    49.3757u 
y
 vth0_value= 259.0860m
 u0_param=  50.6256m
 ags_param= 410.8343m
 
   *** monte carlo  index = 197 ***
x

 volt         param     
             i_d_0.2    
    0.         46.7595p 
   50.00000m  242.5532p 
  100.00000m    1.2304n 
  150.00000m    5.9500n 
  200.00000m   26.5000n 
  250.00000m  105.4864n 
  300.00000m  370.0902n 
  350.00000m    1.1098u 
  400.00000m    2.7206u 
  450.00000m    5.4312u 
  500.00000m    9.1162u 
  550.00000m   13.3571u 
  600.00000m   17.7565u 
  650.00000m   22.1207u 
  700.00000m   26.3734u 
  750.00000m   30.4818u 
  800.00000m   34.4296u 
  850.00000m   38.2085u 
  900.00000m   41.8141u 
  950.00000m   45.2449u 
    1.00000    48.5011u 
y
 vth0_value= 260.3471m
 u0_param=  49.8377m
 ags_param= 429.2218m
 
   *** monte carlo  index = 198 ***
x

 volt         param     
             i_d_0.2    
    0.         41.7093p 
   50.00000m  216.4980p 
  100.00000m    1.1005n 
  150.00000m    5.3436n 
  200.00000m   23.9513n 
  250.00000m   96.0824n 
  300.00000m  340.0303n 
  350.00000m    1.0316u 
  400.00000m    2.5636u 
  450.00000m    5.1818u 
  500.00000m    8.7850u 
  550.00000m   12.9692u 
  600.00000m   17.3289u 
  650.00000m   21.6608u 
  700.00000m   25.8847u 
  750.00000m   29.9664u 
  800.00000m   33.8894u 
  850.00000m   37.6448u 
  900.00000m   41.2285u 
  950.00000m   44.6386u 
    1.00000    47.8755u 
y
 vth0_value= 263.5652m
 u0_param=  49.5276m
 ags_param= 418.6591m
 
   *** monte carlo  index = 199 ***
x

 volt         param     
             i_d_0.2    
    0.         57.3646p 
   50.00000m  297.0947p 
  100.00000m    1.5006n 
  150.00000m    7.1979n 
  200.00000m   31.6595n 
  250.00000m  124.1668n 
  300.00000m  428.3642n 
  350.00000m    1.2558u 
  400.00000m    2.9997u 
  450.00000m    5.8512u 
  500.00000m    9.6408u 
  550.00000m   13.9319u 
  600.00000m   18.3493u 
  650.00000m   22.7194u 
  700.00000m   26.9732u 
  750.00000m   31.0806u 
  800.00000m   35.0265u 
  850.00000m   38.8028u 
  900.00000m   42.4055u 
  950.00000m   45.8330u 
    1.00000    49.0857u 
y
 vth0_value= 254.2114m
 u0_param=  49.7944m
 ags_param= 413.4778m
 
   *** monte carlo  index = 200 ***
x

 volt         param     
             i_d_0.2    
    0.         52.2876p 
   50.00000m  270.9627p 
  100.00000m    1.3709n 
  150.00000m    6.5967n 
  200.00000m   29.1558n 
  250.00000m  115.0033n 
  300.00000m  399.3611n 
  350.00000m    1.1812u 
  400.00000m    2.8500u 
  450.00000m    5.6093u 
  500.00000m    9.3087u 
  550.00000m   13.5233u 
  600.00000m   17.8744u 
  650.00000m   22.1833u 
  700.00000m   26.3795u 
  750.00000m   30.4321u 
  800.00000m   34.3260u 
  850.00000m   38.0529u 
  900.00000m   41.6088u 
  950.00000m   44.9920u 
    1.00000    48.2030u 
y
 vth0_value= 256.5540m
 u0_param=  49.1256m
 ags_param= 411.4127m
 
   *** monte carlo  index = 201 ***
x

 volt         param     
             i_d_0.2    
    0.         36.6775p 
   50.00000m  190.5018p 
  100.00000m  970.6408p 
  150.00000m    4.7342n 
  200.00000m   21.3737n 
  250.00000m   86.5113n 
  300.00000m  309.2053n 
  350.00000m  950.5634n 
  400.00000m    2.3998u 
  450.00000m    4.9217u 
  500.00000m    8.4429u 
  550.00000m   12.5760u 
  600.00000m   16.9061u 
  650.00000m   21.2171u 
  700.00000m   25.4239u 
  750.00000m   29.4905u 
  800.00000m   33.3996u 
  850.00000m   37.1424u 
  900.00000m   40.7143u 
  950.00000m   44.1136u 
    1.00000    47.3404u 
y
 vth0_value= 267.3025m
 u0_param=  49.3642m
 ags_param= 411.3870m
 
   *** monte carlo  index = 202 ***
x

 volt         param     
             i_d_0.2    
    0.         63.2133p 
   50.00000m  327.0312p 
  100.00000m    1.6475n 
  150.00000m    7.8648n 
  200.00000m   34.3445n 
  250.00000m  133.5784n 
  300.00000m  456.4559n 
  350.00000m    1.3211u 
  400.00000m    3.1109u 
  450.00000m    5.9930u 
  500.00000m    9.7766u 
  550.00000m   14.0240u 
  600.00000m   18.3793u 
  650.00000m   22.6819u 
  700.00000m   26.8680u 
  750.00000m   30.9093u 
  800.00000m   34.7912u 
  850.00000m   38.5061u 
  900.00000m   42.0501u 
  950.00000m   45.4217u 
    1.00000    48.6212u 
y
 vth0_value= 250.7658m
 u0_param=  48.9453m
 ags_param= 431.7206m
 
   *** monte carlo  index = 203 ***
x

 volt         param     
             i_d_0.2    
    0.         72.7873p 
   50.00000m  376.0796p 
  100.00000m    1.8887n 
  150.00000m    8.9649n 
  200.00000m   38.8193n 
  250.00000m  149.5270n 
  300.00000m  505.1862n 
  350.00000m    1.4400u 
  400.00000m    3.3346u 
  450.00000m    6.3313u 
  500.00000m   10.2101u 
  550.00000m   14.5232u 
  600.00000m   18.9273u 
  650.00000m   23.2717u 
  700.00000m   27.4958u 
  750.00000m   31.5724u 
  800.00000m   35.4876u 
  850.00000m   39.2339u 
  900.00000m   42.8073u 
  950.00000m   46.2066u 
    1.00000    49.4321u 
y
 vth0_value= 246.8201m
 u0_param=  49.3676m
 ags_param= 419.9884m
 
   *** monte carlo  index = 204 ***
x

 volt         param     
             i_d_0.2    
    0.         50.3709p 
   50.00000m  261.0794p 
  100.00000m    1.3217n 
  150.00000m    6.3670n 
  200.00000m   28.1892n 
  250.00000m  111.4202n 
  300.00000m  387.8336n 
  350.00000m    1.1508u 
  400.00000m    2.7868u 
  450.00000m    5.5031u 
  500.00000m    9.1565u 
  550.00000m   13.3282u 
  600.00000m   17.6395u 
  650.00000m   21.9107u 
  700.00000m   26.0710u 
  750.00000m   30.0893u 
  800.00000m   33.9504u 
  850.00000m   37.6462u 
  900.00000m   41.1725u 
  950.00000m   44.5278u 
    1.00000    47.7123u 
y
 vth0_value= 257.3982m
 u0_param=  48.7047m
 ags_param= 405.5599m
 
   *** monte carlo  index = 205 ***
x

 volt         param     
             i_d_0.2    
    0.        162.2423p 
   50.00000m  829.4621p 
  100.00000m    4.0727n 
  150.00000m   18.5899n 
  200.00000m   76.2988n 
  250.00000m  276.9629n 
  300.00000m  869.1820n 
  350.00000m    2.2509u 
  400.00000m    4.7297u 
  450.00000m    8.2780u 
  500.00000m   12.5265u 
  550.00000m   17.0316u 
  600.00000m   21.5448u 
  650.00000m   25.9659u 
  700.00000m   30.2523u 
  750.00000m   34.3831u 
  800.00000m   38.3468u 
  850.00000m   42.1371u 
  900.00000m   45.7506u 
  950.00000m   49.1864u 
    1.00000    52.4449u 
y
 vth0_value= 223.1491m
 u0_param=  49.9236m
 ags_param= 427.5973m
 
   *** monte carlo  index = 206 ***
x

 volt         param     
             i_d_0.2    
    0.         82.9651p 
   50.00000m  428.2929p 
  100.00000m    2.1462n 
  150.00000m   10.1464n 
  200.00000m   43.6795n 
  250.00000m  167.1246n 
  300.00000m  560.1021n 
  350.00000m    1.5792u 
  400.00000m    3.6144u 
  450.00000m    6.7933u 
  500.00000m   10.8679u 
  550.00000m   15.3704u 
  600.00000m   19.9557u 
  650.00000m   24.4738u 
  700.00000m   28.8647u 
  750.00000m   33.1010u 
  800.00000m   37.1685u 
  850.00000m   41.0598u 
  900.00000m   44.7710u 
  950.00000m   48.3007u 
    1.00000    51.6496u 
y
 vth0_value= 244.1487m
 u0_param=  51.3492m
 ags_param= 422.3729m
 
   *** monte carlo  index = 207 ***
x

 volt         param     
             i_d_0.2    
    0.         50.4478p 
   50.00000m  261.4398p 
  100.00000m    1.3231n 
  150.00000m    6.3704n 
  200.00000m   28.1809n 
  250.00000m  111.2801n 
  300.00000m  386.9386n 
  350.00000m    1.1466u 
  400.00000m    2.7722u 
  450.00000m    5.4667u 
  500.00000m    9.0859u 
  550.00000m   13.2142u 
  600.00000m   17.4785u 
  650.00000m   21.7023u 
  700.00000m   25.8163u 
  750.00000m   29.7899u 
  800.00000m   33.6081u 
  850.00000m   37.2629u 
  900.00000m   40.7502u 
  950.00000m   44.0684u 
    1.00000    47.2178u 
y
 vth0_value= 256.9861m
 u0_param=  48.1429m
 ags_param= 421.0501m
 
   *** monte carlo  index = 208 ***
x

 volt         param     
             i_d_0.2    
    0.         98.5632p 
   50.00000m  507.4844p 
  100.00000m    2.5287n 
  150.00000m   11.8360n 
  200.00000m   50.2381n 
  250.00000m  189.2240n 
  300.00000m  622.3102n 
  350.00000m    1.7114u 
  400.00000m    3.8162u 
  450.00000m    7.0166u 
  500.00000m   11.0321u 
  550.00000m   15.4080u 
  600.00000m   19.8388u 
  650.00000m   24.1962u 
  700.00000m   28.4279u 
  750.00000m   32.5094u 
  800.00000m   36.4279u 
  850.00000m   40.1764u 
  900.00000m   43.7513u 
  950.00000m   47.1513u 
    1.00000    50.3769u 
y
 vth0_value= 237.7525m
 u0_param=  49.3782m
 ags_param= 430.3532m
 
   *** monte carlo  index = 209 ***
x

 volt         param     
             i_d_0.2    
    0.        100.1527p 
   50.00000m  515.7801p 
  100.00000m    2.5710n 
  150.00000m   12.0415n 
  200.00000m   51.1544n 
  250.00000m  192.8462n 
  300.00000m  634.8578n 
  350.00000m    1.7481u 
  400.00000m    3.9030u 
  450.00000m    7.1835u 
  500.00000m   11.3036u 
  550.00000m   15.7973u 
  600.00000m   20.3487u 
  650.00000m   24.8248u 
  700.00000m   29.1716u 
  750.00000m   33.3638u 
  800.00000m   37.3884u 
  850.00000m   41.2380u 
  900.00000m   44.9091u 
  950.00000m   48.4004u 
    1.00000    51.7125u 
y
 vth0_value= 238.1497m
 u0_param=  50.7634m
 ags_param= 433.5582m
 
   *** monte carlo  index = 210 ***
x

 volt         param     
             i_d_0.2    
    0.         44.5260p 
   50.00000m  230.9962p 
  100.00000m    1.1724n 
  150.00000m    5.6761n 
  200.00000m   25.3249n 
  250.00000m  101.0272n 
  300.00000m  355.3249n 
  350.00000m    1.0692u 
  400.00000m    2.6313u 
  450.00000m    5.2719u 
  500.00000m    8.8747u 
  550.00000m   13.0314u 
  600.00000m   17.3485u 
  650.00000m   21.6332u 
  700.00000m   25.8093u 
  750.00000m   29.8441u 
  800.00000m   33.7217u 
  850.00000m   37.4337u 
  900.00000m   40.9757u 
  950.00000m   44.3461u 
    1.00000    47.5453u 
y
 vth0_value= 261.2281m
 u0_param=  48.9275m
 ags_param= 427.3474m
 
   *** monte carlo  index = 211 ***
x

 volt         param     
             i_d_0.2    
    0.         25.6916p 
   50.00000m  133.5375p 
  100.00000m  683.9437p 
  150.00000m    3.3709n 
  200.00000m   15.4844n 
  250.00000m   64.0766n 
  300.00000m  234.6822n 
  350.00000m  744.9724n 
  400.00000m    1.9569u 
  450.00000m    4.1678u 
  500.00000m    7.3741u 
  550.00000m   11.2466u 
  600.00000m   15.3665u 
  650.00000m   19.4921u 
  700.00000m   23.5270u 
  750.00000m   27.4316u 
  800.00000m   31.1873u 
  850.00000m   34.7848u 
  900.00000m   38.2192u 
  950.00000m   41.4887u 
    1.00000    44.5932u 
y
 vth0_value= 276.6721m
 u0_param=  47.4112m
 ags_param= 417.7028m
 
   *** monte carlo  index = 212 ***
x

 volt         param     
             i_d_0.2    
    0.        138.8432p 
   50.00000m  711.6055p 
  100.00000m    3.5117n 
  150.00000m   16.1649n 
  200.00000m   67.0783n 
  250.00000m  246.4376n 
  300.00000m  785.4964n 
  350.00000m    2.0743u 
  400.00000m    4.4416u 
  450.00000m    7.8949u 
  500.00000m   12.0902u 
  550.00000m   16.5752u 
  600.00000m   21.0821u 
  650.00000m   25.5021u 
  700.00000m   29.7894u 
  750.00000m   33.9221u 
  800.00000m   37.8883u 
  850.00000m   41.6813u 
  900.00000m   45.2978u 
  950.00000m   48.7366u 
    1.00000    51.9984u 
y
 vth0_value= 227.8560m
 u0_param=  49.9696m
 ags_param= 427.6499m
 
   *** monte carlo  index = 213 ***
x

 volt         param     
             i_d_0.2    
    0.         76.5633p 
   50.00000m  395.3038p 
  100.00000m    1.9821n 
  150.00000m    9.3808n 
  200.00000m   40.4501n 
  250.00000m  155.0730n 
  300.00000m  521.0221n 
  350.00000m    1.4741u 
  400.00000m    3.3867u 
  450.00000m    6.3867u 
  500.00000m   10.2442u 
  550.00000m   14.5141u 
  600.00000m   18.8658u 
  650.00000m   23.1555u 
  700.00000m   27.3255u 
  750.00000m   31.3496u 
  800.00000m   35.2142u 
  850.00000m   38.9120u 
  900.00000m   42.4391u 
  950.00000m   45.7944u 
    1.00000    48.9780u 
y
 vth0_value= 244.8757m
 u0_param=  48.6995m
 ags_param= 432.5107m
 
   *** monte carlo  index = 214 ***
x

 volt         param     
             i_d_0.2    
    0.         21.4239p 
   50.00000m  111.3713p 
  100.00000m  572.0550p 
  150.00000m    2.8362n 
  200.00000m   13.1601n 
  250.00000m   55.1935n 
  300.00000m  205.1372n 
  350.00000m  663.4469n 
  400.00000m    1.7848u 
  450.00000m    3.8914u 
  500.00000m    7.0198u 
  550.00000m   10.8690u 
  600.00000m   15.0084u 
  650.00000m   19.1709u 
  700.00000m   23.2479u 
  750.00000m   27.1956u 
  800.00000m   30.9941u 
  850.00000m   34.6330u 
  900.00000m   38.1075u 
  950.00000m   41.4155u 
    1.00000    44.5569u 
y
 vth0_value= 282.4887m
 u0_param=  47.9877m
 ags_param= 416.8809m
 
   *** monte carlo  index = 215 ***
x

 volt         param     
             i_d_0.2    
    0.        107.4716p 
   50.00000m  552.8548p 
  100.00000m    2.7494n 
  150.00000m   12.8239n 
  200.00000m   54.1691n 
  250.00000m  202.9361n 
  300.00000m  662.9625n 
  350.00000m    1.8072u 
  400.00000m    3.9938u 
  450.00000m    7.2877u 
  500.00000m   11.3906u 
  550.00000m   15.8422u 
  600.00000m   20.3416u 
  650.00000m   24.7634u 
  700.00000m   29.0563u 
  750.00000m   33.1961u 
  800.00000m   37.1701u 
  850.00000m   40.9714u 
  900.00000m   44.5962u 
  950.00000m   48.0435u 
    1.00000    51.3138u 
y
 vth0_value= 235.6172m
 u0_param=  50.0956m
 ags_param= 430.6471m
 
   *** monte carlo  index = 216 ***
x

 volt         param     
             i_d_0.2    
    0.         70.1968p 
   50.00000m  362.9142p 
  100.00000m    1.8250n 
  150.00000m    8.6835n 
  200.00000m   37.7332n 
  250.00000m  145.9230n 
  300.00000m  495.2910n 
  350.00000m    1.4205u 
  400.00000m    3.3115u 
  450.00000m    6.3235u 
  500.00000m   10.2440u 
  550.00000m   14.6202u 
  600.00000m   19.0965u 
  650.00000m   23.5145u 
  700.00000m   27.8110u 
  750.00000m   31.9578u 
  800.00000m   35.9403u 
  850.00000m   39.7510u 
  900.00000m   43.3859u 
  950.00000m   46.8435u 
    1.00000    50.1244u 
y
 vth0_value= 248.4653m
 u0_param=  50.2520m
 ags_param= 418.7576m
 
   *** monte carlo  index = 217 ***
x

 volt         param     
             i_d_0.2    
    0.         46.4028p 
   50.00000m  240.7191p 
  100.00000m    1.2213n 
  150.00000m    5.9082n 
  200.00000m   26.3282n 
  250.00000m  104.8717n 
  300.00000m  368.2029n 
  350.00000m    1.1053u 
  400.00000m    2.7125u 
  450.00000m    5.4204u 
  500.00000m    9.1055u 
  550.00000m   13.3498u 
  600.00000m   17.7544u 
  650.00000m   22.1243u 
  700.00000m   26.3828u 
  750.00000m   30.4968u 
  800.00000m   34.4501u 
  850.00000m   38.2342u 
  900.00000m   41.8448u 
  950.00000m   45.2803u 
    1.00000    48.5410u 
y
 vth0_value= 260.6228m
 u0_param=  49.9120m
 ags_param= 420.4696m
 
   *** monte carlo  index = 218 ***
x

 volt         param     
             i_d_0.2    
    0.         82.1914p 
   50.00000m  424.0906p 
  100.00000m    2.1232n 
  150.00000m   10.0214n 
  200.00000m   43.0425n 
  250.00000m  164.2777n 
  300.00000m  549.0017n 
  350.00000m    1.5422u 
  400.00000m    3.5161u 
  450.00000m    6.5874u 
  500.00000m   10.5114u 
  550.00000m   14.8374u 
  600.00000m   19.2386u 
  650.00000m   23.5743u 
  700.00000m   27.7879u 
  750.00000m   31.8534u 
  800.00000m   35.7574u 
  850.00000m   39.4925u 
  900.00000m   43.0551u 
  950.00000m   46.4438u 
    1.00000    49.6591u 
y
 vth0_value= 243.0815m
 u0_param=  49.2073m
 ags_param= 425.7276m
 
   *** monte carlo  index = 219 ***
x

 volt         param     
             i_d_0.2    
    0.         35.8530p 
   50.00000m  186.2163p 
  100.00000m  948.9581p 
  150.00000m    4.6300n 
  200.00000m   20.9148n 
  250.00000m   84.7137n 
  300.00000m  303.0273n 
  350.00000m  932.6110n 
  400.00000m    2.3577u 
  450.00000m    4.8416u 
  500.00000m    8.3145u 
  550.00000m   12.3944u 
  600.00000m   16.6706u 
  650.00000m   20.9287u 
  700.00000m   25.0843u 
  750.00000m   29.1017u 
  800.00000m   32.9637u 
  850.00000m   36.6616u 
  900.00000m   40.1907u 
  950.00000m   43.5494u 
    1.00000    46.7378u 
y
 vth0_value= 267.5881m
 u0_param=  48.7515m
 ags_param= 417.8501m
 
   *** monte carlo  index = 220 ***
x

 volt         param     
             i_d_0.2    
    0.        109.8816p 
   50.00000m  565.1540p 
  100.00000m    2.8094n 
  150.00000m   13.0949n 
  200.00000m   55.2606n 
  250.00000m  206.8004n 
  300.00000m  674.6574n 
  350.00000m    1.8358u 
  400.00000m    4.0494u 
  450.00000m    7.3774u 
  500.00000m   11.5169u 
  550.00000m   16.0044u 
  600.00000m   20.5385u 
  650.00000m   24.9939u 
  700.00000m   29.3190u 
  750.00000m   33.4897u 
  800.00000m   37.4932u 
  850.00000m   41.3225u 
  900.00000m   44.9740u 
  950.00000m   48.4465u 
    1.00000    51.7406u 
y
 vth0_value= 235.1969m
 u0_param=  50.4833m
 ags_param= 416.1825m
 
   *** monte carlo  index = 221 ***
x

 volt         param     
             i_d_0.2    
    0.         27.1094p 
   50.00000m  140.9228p 
  100.00000m  721.4688p 
  150.00000m    3.5527n 
  200.00000m   16.2941n 
  250.00000m   67.2903n 
  300.00000m  245.8886n 
  350.00000m  778.1933n 
  400.00000m    2.0363u 
  450.00000m    4.3207u 
  500.00000m    7.6206u 
  550.00000m   11.5951u 
  600.00000m   15.8169u 
  650.00000m   20.0420u 
  700.00000m   24.1731u 
  750.00000m   28.1701u 
  800.00000m   32.0143u 
  850.00000m   35.6961u 
  900.00000m   39.2108u 
  950.00000m   42.5563u 
    1.00000    45.7329u 
y
 vth0_value= 275.8149m
 u0_param=  48.5518m
 ags_param= 420.2053m
 
   *** monte carlo  index = 222 ***
x

 volt         param     
             i_d_0.2    
    0.         77.0935p 
   50.00000m  398.2448p 
  100.00000m    1.9987n 
  150.00000m    9.4759n 
  200.00000m   40.9603n 
  250.00000m  157.4501n 
  300.00000m  530.6146n 
  350.00000m    1.5073u 
  400.00000m    3.4773u 
  450.00000m    6.5805u 
  500.00000m   10.5846u 
  550.00000m   15.0283u 
  600.00000m   19.5623u 
  650.00000m   24.0330u 
  700.00000m   28.3791u 
  750.00000m   32.5728u 
  800.00000m   36.5999u 
  850.00000m   40.4528u 
  900.00000m   44.1277u 
  950.00000m   47.6231u 
    1.00000    50.9396u 
y
 vth0_value= 246.0229m
 u0_param=  50.8288m
 ags_param= 410.1428m
 
   *** monte carlo  index = 223 ***
x

 volt         param     
             i_d_0.2    
    0.         77.4089p 
   50.00000m  399.7828p 
  100.00000m    2.0055n 
  150.00000m    9.5004n 
  200.00000m   41.0174n 
  250.00000m  157.4629n 
  300.00000m  529.8584n 
  350.00000m    1.5021u 
  400.00000m    3.4581u 
  450.00000m    6.5325u 
  500.00000m   10.4924u 
  550.00000m   14.8817u 
  600.00000m   19.3576u 
  650.00000m   23.7703u 
  700.00000m   28.0599u 
  750.00000m   32.1992u 
  800.00000m   36.1741u 
  850.00000m   39.9772u 
  900.00000m   43.6045u 
  950.00000m   47.0549u 
    1.00000    50.3287u 
y
 vth0_value= 245.4716m
 u0_param=  50.1433m
 ags_param= 414.0203m
 
   *** monte carlo  index = 224 ***
x

 volt         param     
             i_d_0.2    
    0.         79.6334p 
   50.00000m  411.1211p 
  100.00000m    2.0607n 
  150.00000m    9.7475n 
  200.00000m   41.9950n 
  250.00000m  160.8303n 
  300.00000m  539.6606n 
  350.00000m    1.5241u 
  400.00000m    3.4947u 
  450.00000m    6.5789u 
  500.00000m   10.5382u 
  550.00000m   14.9169u 
  600.00000m   19.3777u 
  650.00000m   23.7741u 
  700.00000m   28.0473u 
  750.00000m   32.1705u 
  800.00000m   36.1300u 
  850.00000m   39.9181u 
  900.00000m   43.5313u 
  950.00000m   46.9681u 
    1.00000    50.2289u 
y
 vth0_value= 244.4933m
 u0_param=  49.9367m
 ags_param= 418.1482m
 
   *** monte carlo  index = 225 ***
x

 volt         param     
             i_d_0.2    
    0.         51.2838p 
   50.00000m  265.8549p 
  100.00000m    1.3462n 
  150.00000m    6.4873n 
  200.00000m   28.7384n 
  250.00000m  113.6635n 
  300.00000m  395.8970n 
  350.00000m    1.1757u 
  400.00000m    2.8497u 
  450.00000m    5.6313u 
  500.00000m    9.3754u 
  550.00000m   13.6535u 
  600.00000m   18.0763u 
  650.00000m   22.4582u 
  700.00000m   26.7261u 
  750.00000m   30.8482u 
  800.00000m   34.8088u 
  850.00000m   38.5994u 
  900.00000m   42.2160u 
  950.00000m   45.6570u 
    1.00000    48.9227u 
y
 vth0_value= 257.6875m
 u0_param=  49.9960m
 ags_param= 419.0343m
 
   *** monte carlo  index = 226 ***
x

 volt         param     
             i_d_0.2    
    0.         14.7022p 
   50.00000m   76.3335p 
  100.00000m  393.8933p 
  150.00000m    1.9727n 
  200.00000m    9.3174n 
  250.00000m   40.0569n 
  300.00000m  153.0336n 
  350.00000m  511.9492n 
  400.00000m    1.4399u 
  450.00000m    3.2864u 
  500.00000m    6.1614u 
  550.00000m    9.8335u 
  600.00000m   13.8754u 
  650.00000m   17.9785u 
  700.00000m   22.0112u 
  750.00000m   25.9216u 
  800.00000m   29.6869u 
  850.00000m   33.2959u 
  900.00000m   36.7428u 
  950.00000m   40.0255u 
    1.00000    43.1438u 
y
 vth0_value= 293.5292m
 u0_param=  47.6137m
 ags_param= 397.4202m
 
   *** monte carlo  index = 227 ***
x

 volt         param     
             i_d_0.2    
    0.         37.8458p 
   50.00000m  196.4898p 
  100.00000m    1.0001n 
  150.00000m    4.8674n 
  200.00000m   21.9017n 
  250.00000m   88.2832n 
  300.00000m  314.1253n 
  350.00000m  960.0085n 
  400.00000m    2.4066u 
  450.00000m    4.9038u 
  500.00000m    8.3685u 
  550.00000m   12.4150u 
  600.00000m   16.6433u 
  650.00000m   20.8493u 
  700.00000m   24.9523u 
  750.00000m   28.9184u 
  800.00000m   32.7308u 
  850.00000m   36.3811u 
  900.00000m   39.8647u 
  950.00000m   43.1801u 
    1.00000    46.3274u 
y
 vth0_value= 265.5474m
 u0_param=  48.1004m
 ags_param= 418.8123m
 
   *** monte carlo  index = 228 ***
x

 volt         param     
             i_d_0.2    
    0.        136.5993p 
   50.00000m  700.5627p 
  100.00000m    3.4616n 
  150.00000m   15.9688n 
  200.00000m   66.4526n 
  250.00000m  244.8811n 
  300.00000m  783.5130n 
  350.00000m    2.0791u 
  400.00000m    4.4725u 
  450.00000m    7.9802u 
  500.00000m   12.2574u 
  550.00000m   16.8402u 
  600.00000m   21.4493u 
  650.00000m   25.9704u 
  700.00000m   30.3562u 
  750.00000m   34.5836u 
  800.00000m   38.6406u 
  850.00000m   42.5203u 
  900.00000m   46.2193u 
  950.00000m   49.7365u 
    1.00000    53.0725u 
y
 vth0_value= 229.0943m
 u0_param=  51.1632m
 ags_param= 424.9363m
 
   *** monte carlo  index = 229 ***
x

 volt         param     
             i_d_0.2    
    0.         65.6673p 
   50.00000m  339.6215p 
  100.00000m    1.7096n 
  150.00000m    8.1495n 
  200.00000m   35.5110n 
  250.00000m  137.7721n 
  300.00000m  469.4191n 
  350.00000m    1.3533u 
  400.00000m    3.1729u 
  450.00000m    6.0893u 
  500.00000m    9.9039u 
  550.00000m   14.1755u 
  600.00000m   18.5508u 
  650.00000m   22.8714u 
  700.00000m   27.0744u 
  750.00000m   31.1316u 
  800.00000m   35.0286u 
  850.00000m   38.7578u 
  900.00000m   42.3153u 
  950.00000m   45.6996u 
    1.00000    48.9112u 
y
 vth0_value= 249.7539m
 u0_param=  49.1420m
 ags_param= 415.5690m
 
   *** monte carlo  index = 230 ***
x

 volt         param     
             i_d_0.2    
    0.         66.1258p 
   50.00000m  342.0110p 
  100.00000m    1.7218n 
  150.00000m    8.2085n 
  200.00000m   35.7746n 
  250.00000m  138.8214n 
  300.00000m  473.0873n 
  350.00000m    1.3642u 
  400.00000m    3.1994u 
  450.00000m    6.1413u 
  500.00000m    9.9901u 
  550.00000m   14.3007u 
  600.00000m   18.7165u 
  650.00000m   23.0771u 
  700.00000m   27.3189u 
  750.00000m   31.4134u 
  800.00000m   35.3463u 
  850.00000m   39.1096u 
  900.00000m   42.6996u 
  950.00000m   46.1147u 
    1.00000    49.3555u 
y
 vth0_value= 249.8434m
 u0_param=  49.6067m
 ags_param= 421.7021m
 
   *** monte carlo  index = 231 ***
x

 volt         param     
             i_d_0.2    
    0.        143.5048p 
   50.00000m  735.3310p 
  100.00000m    3.6270n 
  150.00000m   16.6811n 
  200.00000m   69.1415n 
  250.00000m  253.6878n 
  300.00000m  807.2208n 
  350.00000m    2.1270u 
  400.00000m    4.5445u 
  450.00000m    8.0631u 
  500.00000m   12.3307u 
  550.00000m   16.8891u 
  600.00000m   21.4682u 
  650.00000m   25.9581u 
  700.00000m   30.3128u 
  750.00000m   34.5102u 
  800.00000m   38.5381u 
  850.00000m   42.3899u 
  900.00000m   46.0623u 
  950.00000m   49.5541u 
    1.00000    52.8660u 
y
 vth0_value= 227.3737m
 u0_param=  50.7770m
 ags_param= 424.5205m
 
   *** monte carlo  index = 232 ***
x

 volt         param     
             i_d_0.2    
    0.        120.5556p 
   50.00000m  619.0533p 
  100.00000m    3.0671n 
  150.00000m   14.2138n 
  200.00000m   59.5158n 
  250.00000m  220.8298n 
  300.00000m  712.8118n 
  350.00000m    1.9131u 
  400.00000m    4.1622u 
  450.00000m    7.4968u 
  500.00000m   11.5988u 
  550.00000m   16.0159u 
  600.00000m   20.4671u 
  650.00000m   24.8370u 
  700.00000m   29.0778u 
  750.00000m   33.1666u 
  800.00000m   37.0914u 
  850.00000m   40.8452u 
  900.00000m   44.4247u 
  950.00000m   47.8288u 
    1.00000    51.0578u 
y
 vth0_value= 231.7559m
 u0_param=  49.4411m
 ags_param= 425.8105m
 
   *** monte carlo  index = 233 ***
x

 volt         param     
             i_d_0.2    
    0.        128.5988p 
   50.00000m  659.9247p 
  100.00000m    3.2650n 
  150.00000m   15.0946n 
  200.00000m   62.9986n 
  250.00000m  232.9093n 
  300.00000m  748.3366n 
  350.00000m    1.9965u 
  400.00000m    4.3178u 
  450.00000m    7.7385u 
  500.00000m   11.9269u 
  550.00000m   16.4250u 
  600.00000m   20.9531u 
  650.00000m   25.3966u 
  700.00000m   29.7078u 
  750.00000m   33.8641u 
  800.00000m   37.8531u 
  850.00000m   41.6681u 
  900.00000m   45.3057u 
  950.00000m   48.7647u 
    1.00000    52.0457u 
y
 vth0_value= 230.3509m
 u0_param=  50.2771m
 ags_param= 422.0289m
 
   *** monte carlo  index = 234 ***
x

 volt         param     
             i_d_0.2    
    0.         29.1911p 
   50.00000m  151.7176p 
  100.00000m  775.7903p 
  150.00000m    3.8108n 
  200.00000m   17.4066n 
  250.00000m   71.5042n 
  300.00000m  259.7727n 
  350.00000m  815.9641n 
  400.00000m    2.1151u 
  450.00000m    4.4474u 
  500.00000m    7.7861u 
  550.00000m   11.7792u 
  600.00000m   16.0043u 
  650.00000m   20.2265u 
  700.00000m   24.3526u 
  750.00000m   28.3439u 
  800.00000m   32.1820u 
  850.00000m   35.8578u 
  900.00000m   39.3665u 
  950.00000m   42.7062u 
    1.00000    45.8771u 
y
 vth0_value= 273.5462m
 u0_param=  48.4646m
 ags_param= 420.5908m
 
   *** monte carlo  index = 235 ***
x

 volt         param     
             i_d_0.2    
    0.         58.2168p 
   50.00000m  301.5855p 
  100.00000m    1.5239n 
  150.00000m    7.3154n 
  200.00000m   32.2125n 
  250.00000m  126.4966n 
  300.00000m  436.9952n 
  350.00000m    1.2834u 
  400.00000m    3.0715u 
  450.00000m    6.0013u 
  500.00000m    9.9011u 
  550.00000m   14.3228u 
  600.00000m   18.8777u 
  650.00000m   23.3843u 
  700.00000m   27.7710u 
  750.00000m   32.0064u 
  800.00000m   36.0750u 
  850.00000m   39.9684u 
  900.00000m   43.6825u 
  950.00000m   47.2157u 
    1.00000    50.5686u 
y
 vth0_value= 254.7689m
 u0_param=  51.3953m
 ags_param= 430.0699m
 
   *** monte carlo  index = 236 ***
x

 volt         param     
             i_d_0.2    
    0.         87.0935p 
   50.00000m  449.0281p 
  100.00000m    2.2441n 
  150.00000m   10.5594n 
  200.00000m   45.1539n 
  250.00000m  171.4893n 
  300.00000m  569.7286n 
  350.00000m    1.5879u 
  400.00000m    3.5906u 
  450.00000m    6.6801u 
  500.00000m   10.6007u 
  550.00000m   14.9039u 
  600.00000m   19.2738u 
  650.00000m   23.5759u 
  700.00000m   27.7558u 
  750.00000m   31.7885u 
  800.00000m   35.6607u 
  850.00000m   39.3654u 
  900.00000m   42.8988u 
  950.00000m   46.2598u 
    1.00000    49.4486u 
y
 vth0_value= 241.0769m
 u0_param=  48.7890m
 ags_param= 420.1106m
 
   *** monte carlo  index = 237 ***
x

 volt         param     
             i_d_0.2    
    0.         75.8541p 
   50.00000m  391.8177p 
  100.00000m    1.9664n 
  150.00000m    9.3216n 
  200.00000m   40.2882n 
  250.00000m  154.8510n 
  300.00000m  521.8260n 
  350.00000m    1.4822u 
  400.00000m    3.4196u 
  450.00000m    6.4714u 
  500.00000m   10.4092u 
  550.00000m   14.7789u 
  600.00000m   19.2369u 
  650.00000m   23.6328u 
  700.00000m   27.9064u 
  750.00000m   32.0304u 
  800.00000m   35.9907u 
  850.00000m   39.7800u 
  900.00000m   43.3943u 
  950.00000m   46.8322u 
    1.00000    50.0943u 
y
 vth0_value= 245.9579m
 u0_param=  49.9523m
 ags_param= 425.1441m
 
   *** monte carlo  index = 238 ***
x

 volt         param     
             i_d_0.2    
    0.         54.3408p 
   50.00000m  281.5284p 
  100.00000m    1.4233n 
  150.00000m    6.8394n 
  200.00000m   30.1644n 
  250.00000m  118.6828n 
  300.00000m  410.9584n 
  350.00000m    1.2108u 
  400.00000m    2.9086u 
  450.00000m    5.7022u 
  500.00000m    9.4331u 
  550.00000m   13.6721u 
  600.00000m   18.0429u 
  650.00000m   22.3692u 
  700.00000m   26.5816u 
  750.00000m   30.6496u 
  800.00000m   34.5579u 
  850.00000m   38.2985u 
  900.00000m   41.8672u 
  950.00000m   45.2627u 
    1.00000    48.4852u 
y
 vth0_value= 255.5210m
 u0_param=  49.3096m
 ags_param= 412.8569m
 
   *** monte carlo  index = 239 ***
x

 volt         param     
             i_d_0.2    
    0.         38.4772p 
   50.00000m  199.8452p 
  100.00000m    1.0178n 
  150.00000m    4.9597n 
  200.00000m   22.3594n 
  250.00000m   90.3344n 
  300.00000m  322.1942n 
  350.00000m  987.6966n 
  400.00000m    2.4850u 
  450.00000m    5.0800u 
  500.00000m    8.6915u 
  550.00000m   12.9207u 
  600.00000m   17.3465u 
  650.00000m   21.7507u 
  700.00000m   26.0474u 
  750.00000m   30.2003u 
  800.00000m   34.1921u 
  850.00000m   38.0136u 
  900.00000m   41.6603u 
  950.00000m   45.1305u 
    1.00000    48.4245u 
y
 vth0_value= 266.5460m
 u0_param=  50.4333m
 ags_param= 427.5434m
 
   *** monte carlo  index = 240 ***
x

 volt         param     
             i_d_0.2    
    0.         77.2021p 
   50.00000m  398.7542p 
  100.00000m    2.0008n 
  150.00000m    9.4813n 
  200.00000m   40.9566n 
  250.00000m  157.3215n 
  300.00000m  529.7428n 
  350.00000m    1.5031u 
  400.00000m    3.4638u 
  450.00000m    6.5486u 
  500.00000m   10.5251u 
  550.00000m   14.9351u 
  600.00000m   19.4333u 
  650.00000m   23.8682u 
  700.00000m   28.1795u 
  750.00000m   32.3396u 
  800.00000m   36.3346u 
  850.00000m   40.1568u 
  900.00000m   43.8024u 
  950.00000m   47.2701u 
    1.00000    50.5602u 
y
 vth0_value= 245.7155m
 u0_param=  50.4040m
 ags_param= 421.7552m
 
   *** monte carlo  index = 241 ***
x

 volt         param     
             i_d_0.2    
    0.        120.1023p 
   50.00000m  616.8956p 
  100.00000m    3.0580n 
  150.00000m   14.1849n 
  200.00000m   59.4674n 
  250.00000m  220.9391n 
  300.00000m  714.3115n 
  350.00000m    1.9210u 
  400.00000m    4.1880u 
  450.00000m    7.5557u 
  500.00000m   11.7053u 
  550.00000m   16.1782u 
  600.00000m   20.6874u 
  650.00000m   25.1147u 
  700.00000m   29.4113u 
  750.00000m   33.5538u 
  800.00000m   37.5300u 
  850.00000m   41.3330u 
  900.00000m   44.9592u 
  950.00000m   48.4076u 
    1.00000    51.6787u 
y
 vth0_value= 232.2986m
 u0_param=  50.1151m
 ags_param= 424.0592m
 
   *** monte carlo  index = 242 ***
x

 volt         param     
             i_d_0.2    
    0.        116.7965p 
   50.00000m  600.0473p 
  100.00000m    2.9760n 
  150.00000m   13.8160n 
  200.00000m   57.9885n 
  250.00000m  215.7260n 
  300.00000m  698.6252n 
  350.00000m    1.8830u 
  400.00000m    4.1140u 
  450.00000m    7.4360u 
  500.00000m   11.5363u 
  550.00000m   15.9603u 
  600.00000m   20.4221u 
  650.00000m   24.8036u 
  700.00000m   29.0561u 
  750.00000m   33.1564u 
  800.00000m   37.0922u 
  850.00000m   40.8568u 
  900.00000m   44.4466u 
  950.00000m   47.8604u 
    1.00000    51.0988u 
y
 vth0_value= 232.8011m
 u0_param=  49.5897m
 ags_param= 424.8740m
 
   *** monte carlo  index = 243 ***
x

 volt         param     
             i_d_0.2    
    0.        104.0897p 
   50.00000m  535.7173p 
  100.00000m    2.6669n 
  150.00000m   12.4613n 
  200.00000m   52.7674n 
  250.00000m  198.2212n 
  300.00000m  649.7219n 
  350.00000m    1.7789u 
  400.00000m    3.9486u 
  450.00000m    7.2319u 
  500.00000m   11.3363u 
  550.00000m   15.7995u 
  600.00000m   20.3146u 
  650.00000m   24.7533u 
  700.00000m   29.0630u 
  750.00000m   33.2193u 
  800.00000m   37.2093u 
  850.00000m   41.0258u 
  900.00000m   44.6653u 
  950.00000m   48.1265u 
    1.00000    51.4101u 
y
 vth0_value= 236.7101m
 u0_param=  50.3092m
 ags_param= 423.1081m
 
   *** monte carlo  index = 244 ***
x

 volt         param     
             i_d_0.2    
    0.         58.4017p 
   50.00000m  302.4461p 
  100.00000m    1.5273n 
  150.00000m    7.3229n 
  200.00000m   32.1884n 
  250.00000m  126.1446n 
  300.00000m  434.7981n 
  350.00000m    1.2731u 
  400.00000m    3.0368u 
  450.00000m    5.9164u 
  500.00000m    9.7386u 
  550.00000m   14.0631u 
  600.00000m   18.5133u 
  650.00000m   22.9150u 
  700.00000m   27.1994u 
  750.00000m   31.3361u 
  800.00000m   35.3100u 
  850.00000m   39.1130u 
  900.00000m   42.7409u 
  950.00000m   46.1925u 
    1.00000    49.4679u 
y
 vth0_value= 253.9045m
 u0_param=  50.1563m
 ags_param= 421.7072m
 
   *** monte carlo  index = 245 ***
x

 volt         param     
             i_d_0.2    
    0.         41.9759p 
   50.00000m  217.8442p 
  100.00000m    1.1069n 
  150.00000m    5.3707n 
  200.00000m   24.0447n 
  250.00000m   96.3208n 
  300.00000m  340.3521n 
  350.00000m    1.0305u 
  400.00000m    2.5548u 
  450.00000m    5.1529u 
  500.00000m    8.7212u 
  550.00000m   12.8580u 
  600.00000m   17.1647u 
  650.00000m   21.4428u 
  700.00000m   25.6139u 
  750.00000m   29.6445u 
  800.00000m   33.5184u 
  850.00000m   37.2269u 
  900.00000m   40.7659u 
  950.00000m   44.1336u 
    1.00000    47.3302u 
y
 vth0_value= 262.9646m
 u0_param=  48.8875m
 ags_param= 418.5063m
 
   *** monte carlo  index = 246 ***
x

 volt         param     
             i_d_0.2    
    0.         37.4008p 
   50.00000m  194.2246p 
  100.00000m  989.0911p 
  150.00000m    4.8193n 
  200.00000m   21.7227n 
  250.00000m   87.7475n 
  300.00000m  312.9362n 
  350.00000m  959.2546n 
  400.00000m    2.4133u 
  450.00000m    4.9336u 
  500.00000m    8.4416u 
  550.00000m   12.5490u 
  600.00000m   16.8468u 
  650.00000m   21.1237u 
  700.00000m   25.2966u 
  750.00000m   29.3302u 
  800.00000m   33.2076u 
  850.00000m   36.9199u 
  900.00000m   40.4628u 
  950.00000m   43.8344u 
    1.00000    47.0350u 
y
 vth0_value= 266.4519m
 u0_param=  48.9479m
 ags_param= 411.9126m
 
   *** monte carlo  index = 247 ***
x

 volt         param     
             i_d_0.2    
    0.        131.9199p 
   50.00000m  676.7716p 
  100.00000m    3.3463n 
  150.00000m   15.4543n 
  200.00000m   64.4097n 
  250.00000m  237.7580n 
  300.00000m  762.4044n 
  350.00000m    2.0288u 
  400.00000m    4.3767u 
  450.00000m    7.8277u 
  500.00000m   12.0449u 
  550.00000m   16.5689u 
  600.00000m   21.1209u 
  650.00000m   25.5871u 
  700.00000m   29.9200u 
  750.00000m   34.0969u 
  800.00000m   38.1056u 
  850.00000m   41.9393u 
  900.00000m   45.5947u 
  950.00000m   49.0705u 
    1.00000    52.3673u 
y
 vth0_value= 229.7465m
 u0_param=  50.5322m
 ags_param= 425.3479m
 
   *** monte carlo  index = 248 ***
x

 volt         param     
             i_d_0.2    
    0.         25.3459p 
   50.00000m  131.7521p 
  100.00000m  675.0435p 
  150.00000m    3.3295n 
  200.00000m   15.3123n 
  250.00000m   63.4644n 
  300.00000m  232.8354n 
  350.00000m  740.7098n 
  400.00000m    1.9510u 
  450.00000m    4.1662u 
  500.00000m    7.3871u 
  550.00000m   11.2855u 
  600.00000m   15.4378u 
  650.00000m   19.5979u 
  700.00000m   23.6670u 
  750.00000m   27.6050u 
  800.00000m   31.3929u 
  850.00000m   35.0211u 
  900.00000m   38.4849u 
  950.00000m   41.7823u 
    1.00000    44.9133u 
y
 vth0_value= 277.3548m
 u0_param=  47.8302m
 ags_param= 414.5832m
 
   *** monte carlo  index = 249 ***
x

 volt         param     
             i_d_0.2    
    0.         61.0929p 
   50.00000m  316.2880p 
  100.00000m    1.5959n 
  150.00000m    7.6402n 
  200.00000m   33.5062n 
  250.00000m  130.9556n 
  300.00000m  449.9747n 
  350.00000m    1.3120u 
  400.00000m    3.1148u 
  450.00000m    6.0429u 
  500.00000m    9.9136u 
  550.00000m   14.2807u 
  600.00000m   18.7690u 
  650.00000m   23.2063u 
  700.00000m   27.5244u 
  750.00000m   31.6933u 
  800.00000m   35.6977u 
  850.00000m   39.5298u 
  900.00000m   43.1853u 
  950.00000m   46.6629u 
    1.00000    49.9630u 
y
 vth0_value= 252.8065m
 u0_param=  50.5527m
 ags_param= 418.7869m
 
   *** monte carlo  index = 250 ***
x

 volt         param     
             i_d_0.2    
    0.         47.8591p 
   50.00000m  248.1919p 
  100.00000m    1.2582n 
  150.00000m    6.0766n 
  200.00000m   27.0107n 
  250.00000m  107.2677n 
  300.00000m  375.3585n 
  350.00000m    1.1217u 
  400.00000m    2.7386u 
  450.00000m    5.4473u 
  500.00000m    9.1166u 
  550.00000m   13.3285u 
  600.00000m   17.6922u 
  650.00000m   22.0192u 
  700.00000m   26.2350u 
  750.00000m   30.3074u 
  800.00000m   34.2207u 
  850.00000m   37.9665u 
  900.00000m   41.5406u 
  950.00000m   44.9413u 
    1.00000    48.1690u 
y
 vth0_value= 259.3669m
 u0_param=  49.3883m
 ags_param= 412.8232m
 
   *** monte carlo  index = 251 ***
x

 volt         param     
             i_d_0.2    
    0.        106.2396p 
   50.00000m  546.4982p 
  100.00000m    2.7177n 
  150.00000m   12.6753n 
  200.00000m   53.5384n 
  250.00000m  200.5647n 
  300.00000m  655.2033n 
  350.00000m    1.7860u 
  400.00000m    3.9471u 
  450.00000m    7.2026u 
  500.00000m   11.2578u 
  550.00000m   15.6574u 
  600.00000m   20.1043u 
  650.00000m   24.4746u 
  700.00000m   28.7177u 
  750.00000m   32.8096u 
  800.00000m   36.7378u 
  850.00000m   40.4953u 
  900.00000m   44.0786u 
  950.00000m   47.4865u 
    1.00000    50.7194u 
y
 vth0_value= 235.5836m
 u0_param=  49.5002m
 ags_param= 419.0505m
 
   *** monte carlo  index = 252 ***
x

 volt         param     
             i_d_0.2    
    0.         76.3352p 
   50.00000m  394.2567p 
  100.00000m    1.9781n 
  150.00000m    9.3730n 
  200.00000m   40.4841n 
  250.00000m  155.4899n 
  300.00000m  523.5287n 
  350.00000m    1.4854u 
  400.00000m    3.4226u 
  450.00000m    6.4703u 
  500.00000m   10.3988u 
  550.00000m   14.7551u 
  600.00000m   19.1983u 
  650.00000m   23.5791u 
  700.00000m   27.8379u 
  750.00000m   31.9475u 
  800.00000m   35.8942u 
  850.00000m   39.6703u 
  900.00000m   43.2720u 
  950.00000m   46.6981u 
    1.00000    49.9489u 
y
 vth0_value= 245.6556m
 u0_param=  49.7739m
 ags_param= 417.4712m
 
   *** monte carlo  index = 253 ***
x

 volt         param     
             i_d_0.2    
    0.         28.3707p 
   50.00000m  147.4494p 
  100.00000m  754.1583p 
  150.00000m    3.7065n 
  200.00000m   16.9457n 
  250.00000m   69.6931n 
  300.00000m  253.5282n 
  350.00000m  797.7447n 
  400.00000m    2.0724u 
  450.00000m    4.3670u 
  500.00000m    7.6587u 
  550.00000m   11.6018u 
  600.00000m   15.7777u 
  650.00000m   19.9521u 
  700.00000m   24.0320u 
  750.00000m   27.9790u 
  800.00000m   31.7748u 
  850.00000m   35.4102u 
  900.00000m   38.8805u 
  950.00000m   42.1838u 
    1.00000    45.3202u 
y
 vth0_value= 274.0416m
 u0_param=  47.9189m
 ags_param= 416.4208m
 
   *** monte carlo  index = 254 ***
x

 volt         param     
             i_d_0.2    
    0.         47.1948p 
   50.00000m  244.7025p 
  100.00000m    1.2401n 
  150.00000m    5.9866n 
  200.00000m   26.5910n 
  250.00000m  105.5113n 
  300.00000m  368.8879n 
  350.00000m    1.1011u 
  400.00000m    2.6850u 
  450.00000m    5.3348u 
  500.00000m    8.9207u 
  550.00000m   13.0329u 
  600.00000m   17.2914u 
  650.00000m   21.5134u 
  700.00000m   25.6271u 
  750.00000m   29.6011u 
  800.00000m   33.4200u 
  850.00000m   37.0757u 
  900.00000m   40.5640u 
  950.00000m   43.8833u 
    1.00000    47.0338u 
y
 vth0_value= 258.9905m
 u0_param=  48.1618m
 ags_param= 410.2289m
 
   *** monte carlo  index = 255 ***
x

 volt         param     
             i_d_0.2    
    0.         73.8739p 
   50.00000m  381.5960p 
  100.00000m    1.9153n 
  150.00000m    9.0822n 
  200.00000m   39.2696n 
  250.00000m  151.0121n 
  300.00000m  509.2246n 
  350.00000m    1.4478u 
  400.00000m    3.3434u 
  450.00000m    6.3332u 
  500.00000m   10.1941u 
  550.00000m   14.4805u 
  600.00000m   18.8544u 
  650.00000m   23.1679u 
  700.00000m   27.3617u 
  750.00000m   31.4091u 
  800.00000m   35.2961u 
  850.00000m   39.0154u 
  900.00000m   42.5632u 
  950.00000m   45.9381u 
    1.00000    49.1404u 
y
 vth0_value= 246.1392m
 u0_param=  48.9983m
 ags_param= 421.8902m
 
   *** monte carlo  index = 256 ***
x

 volt         param     
             i_d_0.2    
    0.         79.6555p 
   50.00000m  411.1053p 
  100.00000m    2.0594n 
  150.00000m    9.7305n 
  200.00000m   41.8570n 
  250.00000m  160.0298n 
  300.00000m  535.9264n 
  350.00000m    1.5097u 
  400.00000m    3.4523u 
  450.00000m    6.4845u 
  500.00000m   10.3682u 
  550.00000m   14.6564u 
  600.00000m   19.0221u 
  650.00000m   23.3240u 
  700.00000m   27.5052u 
  750.00000m   31.5398u 
  800.00000m   35.4142u 
  850.00000m   39.1213u 
  900.00000m   42.6572u 
  950.00000m   46.0207u 
    1.00000    49.2121u 
y
 vth0_value= 243.7734m
 u0_param=  48.8266m
 ags_param= 421.6471m
 
   *** monte carlo  index = 257 ***
x

 volt         param     
             i_d_0.2    
    0.         71.2735p 
   50.00000m  368.3569p 
  100.00000m    1.8511n 
  150.00000m    8.7959n 
  200.00000m   38.1492n 
  250.00000m  147.2153n 
  300.00000m  498.4427n 
  350.00000m    1.4248u 
  400.00000m    3.3098u 
  450.00000m    6.3009u 
  500.00000m   10.1826u 
  550.00000m   14.5065u 
  600.00000m   18.9252u 
  650.00000m   23.2851u 
  700.00000m   27.5247u 
  750.00000m   31.6164u 
  800.00000m   35.5462u 
  850.00000m   39.3065u 
  900.00000m   42.8933u 
  950.00000m   46.3053u 
    1.00000    49.5429u 
y
 vth0_value= 247.5728m
 u0_param=  49.5617m
 ags_param= 414.0883m
 
   *** monte carlo  index = 258 ***
x

 volt         param     
             i_d_0.2    
    0.         45.9441p 
   50.00000m  238.3160p 
  100.00000m    1.2090n 
  150.00000m    5.8471n 
  200.00000m   26.0469n 
  250.00000m  103.7098n 
  300.00000m  363.9765n 
  350.00000m    1.0920u 
  400.00000m    2.6784u 
  450.00000m    5.3498u 
  500.00000m    8.9835u 
  550.00000m   13.1667u 
  600.00000m   17.5070u 
  650.00000m   21.8129u 
  700.00000m   26.0090u 
  750.00000m   30.0629u 
  800.00000m   33.9586u 
  850.00000m   37.6878u 
  900.00000m   41.2461u 
  950.00000m   44.6320u 
    1.00000    47.8457u 
y
 vth0_value= 260.4431m
 u0_param=  49.1635m
 ags_param= 413.4701m
 
   *** monte carlo  index = 259 ***
x

 volt         param     
             i_d_0.2    
    0.         52.0378p 
   50.00000m  269.7052p 
  100.00000m    1.3649n 
  150.00000m    6.5716n 
  200.00000m   29.0692n 
  250.00000m  114.7732n 
  300.00000m  398.9930n 
  350.00000m    1.1818u 
  400.00000m    2.8562u 
  450.00000m    5.6295u 
  500.00000m    9.3529u 
  550.00000m   13.5994u 
  600.00000m   17.9855u 
  650.00000m   22.3298u 
  700.00000m   26.5607u 
  750.00000m   30.6468u 
  800.00000m   34.5728u 
  850.00000m   38.3304u 
  900.00000m   41.9156u 
  950.00000m   45.3266u 
    1.00000    48.5639u 
y
 vth0_value= 256.9643m
 u0_param=  49.5433m
 ags_param= 419.4500m
 
   *** monte carlo  index = 260 ***
x

 volt         param     
             i_d_0.2    
    0.         39.7046p 
   50.00000m  206.0885p 
  100.00000m    1.0480n 
  150.00000m    5.0918n 
  200.00000m   22.8483n 
  250.00000m   91.7864n 
  300.00000m  325.3627n 
  350.00000m  989.3719n 
  400.00000m    2.4654u 
  450.00000m    4.9961u 
  500.00000m    8.4880u 
  550.00000m   12.5499u 
  600.00000m   16.7855u 
  650.00000m   20.9955u 
  700.00000m   25.1013u 
  750.00000m   29.0694u 
  800.00000m   32.8837u 
  850.00000m   36.5355u 
  900.00000m   40.0205u 
  950.00000m   43.3370u 
    1.00000    46.4853u 
y
 vth0_value= 264.1243m
 u0_param=  48.1151m
 ags_param= 431.2129m
 
   *** monte carlo  index = 261 ***
x

 volt         param     
             i_d_0.2    
    0.         31.4031p 
   50.00000m  163.1724p 
  100.00000m  833.2799p 
  150.00000m    4.0826n 
  200.00000m   18.5686n 
  250.00000m   75.8612n 
  300.00000m  273.9545n 
  350.00000m  853.8013n 
  400.00000m    2.1919u 
  450.00000m    4.5666u 
  500.00000m    7.9348u 
  550.00000m   11.9348u 
  600.00000m   16.1512u 
  650.00000m   20.3588u 
  700.00000m   24.4684u 
  750.00000m   28.4428u 
  800.00000m   32.2644u 
  850.00000m   35.9241u 
  900.00000m   39.4172u 
  950.00000m   42.7420u 
    1.00000    45.8985u 
y
 vth0_value= 271.2178m
 u0_param=  48.2423m
 ags_param= 412.6709m
 
   *** monte carlo  index = 262 ***
x

 volt         param     
             i_d_0.2    
    0.        164.1490p 
   50.00000m  839.5716p 
  100.00000m    4.1256n 
  150.00000m   18.8559n 
  200.00000m   77.5170n 
  250.00000m  281.8617n 
  300.00000m  886.4236n 
  350.00000m    2.3015u 
  400.00000m    4.8475u 
  450.00000m    8.5005u 
  500.00000m   12.8828u 
  550.00000m   17.5353u 
  600.00000m   22.1980u 
  650.00000m   26.7658u 
  700.00000m   31.1942u 
  750.00000m   35.4615u 
  800.00000m   39.5559u 
  850.00000m   43.4708u 
  900.00000m   47.2028u 
  950.00000m   50.7509u 
    1.00000    54.1159u 
y
 vth0_value= 223.8706m
 u0_param=  51.6372m
 ags_param= 431.2339m
 
   *** monte carlo  index = 263 ***
x

 volt         param     
             i_d_0.2    
    0.         38.3268p 
   50.00000m  199.0249p 
  100.00000m    1.0132n 
  150.00000m    4.9342n 
  200.00000m   22.2200n 
  250.00000m   89.6529n 
  300.00000m  319.3169n 
  350.00000m  977.1086n 
  400.00000m    2.4531u 
  450.00000m    5.0051u 
  500.00000m    8.5501u 
  550.00000m   12.6952u 
  600.00000m   17.0291u 
  650.00000m   21.3409u 
  700.00000m   25.5473u 
  750.00000m   29.6130u 
  800.00000m   33.5210u 
  850.00000m   37.2626u 
  900.00000m   40.8332u 
  950.00000m   44.2311u 
    1.00000    47.4566u 
y
 vth0_value= 265.9746m
 u0_param=  49.3431m
 ags_param= 417.8005m
 
   *** monte carlo  index = 264 ***
x

 volt         param     
             i_d_0.2    
    0.         23.3517p 
   50.00000m  121.4210p 
  100.00000m  623.1886p 
  150.00000m    3.0845n 
  200.00000m   14.2697n 
  250.00000m   59.6079n 
  300.00000m  220.5563n 
  350.00000m  709.2467n 
  400.00000m    1.8939u 
  450.00000m    4.0988u 
  500.00000m    7.3481u 
  550.00000m   11.3229u 
  600.00000m   15.5832u 
  650.00000m   19.8616u 
  700.00000m   24.0498u 
  750.00000m   28.1041u 
  800.00000m   32.0043u 
  850.00000m   35.7402u 
  900.00000m   39.3069u 
  950.00000m   42.7022u 
    1.00000    45.9262u 
y
 vth0_value= 280.7590m
 u0_param=  49.2997m
 ags_param= 418.3452m
 
   *** monte carlo  index = 265 ***
x

 volt         param     
             i_d_0.2    
    0.        175.2059p 
   50.00000m  895.2325p 
  100.00000m    4.3904n 
  150.00000m   19.9995n 
  200.00000m   81.8687n 
  250.00000m  296.2916n 
  300.00000m  926.1005n 
  350.00000m    2.3862u 
  400.00000m    4.9894u 
  450.00000m    8.6972u 
  500.00000m   13.1210u 
  550.00000m   17.8036u 
  600.00000m   22.4912u 
  650.00000m   27.0814u 
  700.00000m   31.5307u 
  750.00000m   35.8176u 
  800.00000m   39.9306u 
  850.00000m   43.8630u 
  900.00000m   47.6116u 
  950.00000m   51.1753u 
    1.00000    54.5549u 
y
 vth0_value= 222.0618m
 u0_param=  51.8820m
 ags_param= 409.4942m
 
   *** monte carlo  index = 266 ***
x

 volt         param     
             i_d_0.2    
    0.         40.9537p 
   50.00000m  212.5696p 
  100.00000m    1.0807n 
  150.00000m    5.2478n 
  200.00000m   23.5284n 
  250.00000m   94.4180n 
  300.00000m  334.2785n 
  350.00000m    1.0148u 
  400.00000m    2.5235u 
  450.00000m    5.1041u 
  500.00000m    8.6582u 
  550.00000m   12.7871u 
  600.00000m   17.0901u 
  650.00000m   21.3659u 
  700.00000m   25.5355u 
  750.00000m   29.5649u 
  800.00000m   33.4378u 
  850.00000m   37.1455u 
  900.00000m   40.6837u 
  950.00000m   44.0507u 
    1.00000    47.2468u 
y
 vth0_value= 263.6958m
 u0_param=  48.8791m
 ags_param= 411.0077m
 
   *** monte carlo  index = 267 ***
x

 volt         param     
             i_d_0.2    
    0.         72.4378p 
   50.00000m  374.2994p 
  100.00000m    1.8801n 
  150.00000m    8.9263n 
  200.00000m   38.6678n 
  250.00000m  149.0113n 
  300.00000m  503.7127n 
  350.00000m    1.4368u 
  400.00000m    3.3298u 
  450.00000m    6.3264u 
  500.00000m   10.2076u 
  550.00000m   14.5251u 
  600.00000m   18.9347u 
  650.00000m   23.2846u 
  700.00000m   27.5143u 
  750.00000m   31.5964u 
  800.00000m   35.5168u 
  850.00000m   39.2680u 
  900.00000m   42.8463u 
  950.00000m   46.2501u 
    1.00000    49.4799u 
y
 vth0_value= 247.0078m
 u0_param=  49.4359m
 ags_param= 420.9430m
 
   *** monte carlo  index = 268 ***
x

 volt         param     
             i_d_0.2    
    0.         17.9236p 
   50.00000m   93.1405p 
  100.00000m  479.5099p 
  150.00000m    2.3891n 
  200.00000m   11.1810n 
  250.00000m   47.4476n 
  300.00000m  178.6551n 
  350.00000m  587.2191n 
  400.00000m    1.6134u 
  450.00000m    3.5938u 
  500.00000m    6.5999u 
  550.00000m   10.3630u 
  600.00000m   14.4525u 
  650.00000m   18.5820u 
  700.00000m   22.6330u 
  750.00000m   26.5580u 
  800.00000m   30.3359u 
  850.00000m   33.9560u 
  900.00000m   37.4130u 
  950.00000m   40.7047u 
    1.00000    43.8311u 
y
 vth0_value= 287.6745m
 u0_param=  47.7480m
 ags_param= 402.1394m
 
   *** monte carlo  index = 269 ***
x

 volt         param     
             i_d_0.2    
    0.        116.9193p 
   50.00000m  601.0273p 
  100.00000m    2.9842n 
  150.00000m   13.8804n 
  200.00000m   58.4069n 
  250.00000m  217.8721n 
  300.00000m  707.8909n 
  350.00000m    1.9160u 
  400.00000m    4.2034u 
  450.00000m    7.6233u 
  500.00000m   11.8586u 
  550.00000m   16.4385u 
  600.00000m   21.0613u 
  650.00000m   25.6018u 
  700.00000m   30.0086u 
  750.00000m   34.2575u 
  800.00000m   38.3356u 
  850.00000m   42.2359u 
  900.00000m   45.9549u 
  950.00000m   49.4913u 
    1.00000    52.8458u 
y
 vth0_value= 233.9404m
 u0_param=  51.4554m
 ags_param= 423.8244m
 
   *** monte carlo  index = 270 ***
x

 volt         param     
             i_d_0.2    
    0.        247.4288p 
   50.00000m    1.2559n 
  100.00000m    6.0807n 
  150.00000m   27.1325n 
  200.00000m  108.2544n 
  250.00000m  380.8470n 
  300.00000m    1.1465u 
  350.00000m    2.8238u 
  400.00000m    5.6626u 
  450.00000m    9.5423u 
  500.00000m   14.0300u 
  550.00000m   18.7047u 
  600.00000m   23.3568u 
  650.00000m   27.9024u 
  700.00000m   32.3044u 
  750.00000m   36.5439u 
  800.00000m   40.6101u 
  850.00000m   44.4971u 
  900.00000m   48.2017u 
  950.00000m   51.7230u 
    1.00000    55.0618u 
y
 vth0_value= 211.2678m
 u0_param=  51.2289m
 ags_param= 439.9546m
 
   *** monte carlo  index = 271 ***
x

 volt         param     
             i_d_0.2    
    0.         80.0996p 
   50.00000m  413.4152p 
  100.00000m    2.0711n 
  150.00000m    9.7869n 
  200.00000m   42.1056n 
  250.00000m  161.0053n 
  300.00000m  539.2831n 
  350.00000m    1.5195u 
  400.00000m    3.4754u 
  450.00000m    6.5290u 
  500.00000m   10.4408u 
  550.00000m   14.7607u 
  600.00000m   19.1588u 
  650.00000m   23.4926u 
  700.00000m   27.7048u 
  750.00000m   31.7691u 
  800.00000m   35.6721u 
  850.00000m   39.4063u 
  900.00000m   42.9681u 
  950.00000m   46.3562u 
    1.00000    49.5708u 
y
 vth0_value= 243.8446m
 u0_param=  49.1942m
 ags_param= 436.1958m
 
   *** monte carlo  index = 272 ***
x

 volt         param     
             i_d_0.2    
    0.         97.7654p 
   50.00000m  503.5916p 
  100.00000m    2.5115n 
  150.00000m   11.7726n 
  200.00000m   50.0714n 
  250.00000m  189.0159n 
  300.00000m  623.2785n 
  350.00000m    1.7200u 
  400.00000m    3.8490u 
  450.00000m    7.0976u 
  500.00000m   11.1854u 
  550.00000m   15.6486u 
  600.00000m   20.1714u 
  650.00000m   24.6201u 
  700.00000m   28.9407u 
  750.00000m   33.1078u 
  800.00000m   37.1084u 
  850.00000m   40.9353u 
  900.00000m   44.5848u 
  950.00000m   48.0557u 
    1.00000    51.3485u 
y
 vth0_value= 238.6779m
 u0_param=  50.4527m
 ags_param= 432.0521m
 
   *** monte carlo  index = 273 ***
x

 volt         param     
             i_d_0.2    
    0.         91.3474p 
   50.00000m  470.8152p 
  100.00000m    2.3513n 
  150.00000m   11.0485n 
  200.00000m   47.1543n 
  250.00000m  178.6954n 
  300.00000m  592.0674n 
  350.00000m    1.6442u 
  400.00000m    3.7039u 
  450.00000m    6.8685u 
  500.00000m   10.8719u 
  550.00000m   15.2575u 
  600.00000m   19.7077u 
  650.00000m   24.0873u 
  700.00000m   28.3418u 
  750.00000m   32.4459u 
  800.00000m   36.3864u 
  850.00000m   40.1561u 
  900.00000m   43.7514u 
  950.00000m   47.1708u 
    1.00000    50.4151u 
y
 vth0_value= 240.2172m
 u0_param=  49.6716m
 ags_param= 434.7855m
 
   *** monte carlo  index = 274 ***
x

 volt         param     
             i_d_0.2    
    0.         34.9095p 
   50.00000m  181.3342p 
  100.00000m  924.4857p 
  150.00000m    4.5145n 
  200.00000m   20.4218n 
  250.00000m   82.8627n 
  300.00000m  296.9838n 
  350.00000m  916.3743n 
  400.00000m    2.3239u 
  450.00000m    4.7862u 
  500.00000m    8.2389u 
  550.00000m   12.3039u 
  600.00000m   16.5693u 
  650.00000m   20.8185u 
  700.00000m   24.9660u 
  750.00000m   28.9759u 
  800.00000m   32.8309u 
  850.00000m   36.5221u 
  900.00000m   40.0450u 
  950.00000m   43.3978u 
    1.00000    46.5808u 
y
 vth0_value= 268.3281m
 u0_param=  48.6636m
 ags_param= 415.6295m
 
   *** monte carlo  index = 275 ***
x

 volt         param     
             i_d_0.2    
    0.         52.5805p 
   50.00000m  272.4615p 
  100.00000m    1.3783n 
  150.00000m    6.6299n 
  200.00000m   29.2884n 
  250.00000m  115.4597n 
  300.00000m  400.6868n 
  350.00000m    1.1841u 
  400.00000m    2.8542u 
  450.00000m    5.6127u 
  500.00000m    9.3077u 
  550.00000m   13.5148u 
  600.00000m   17.8569u 
  650.00000m   22.1564u 
  700.00000m   26.3433u 
  750.00000m   30.3870u 
  800.00000m   34.2722u 
  850.00000m   37.9908u 
  900.00000m   41.5388u 
  950.00000m   44.9145u 
    1.00000    48.1183u 
y
 vth0_value= 256.3144m
 u0_param=  49.0127m
 ags_param= 409.2211m
 
   *** monte carlo  index = 276 ***
x

 volt         param     
             i_d_0.2    
    0.         87.4744p 
   50.00000m  451.0750p 
  100.00000m    2.2551n 
  150.00000m   10.6175n 
  200.00000m   45.4400n 
  250.00000m  172.7304n 
  300.00000m  574.4418n 
  350.00000m    1.6032u 
  400.00000m    3.6301u 
  450.00000m    6.7613u 
  500.00000m   10.7393u 
  550.00000m   15.1090u 
  600.00000m   19.5480u 
  650.00000m   23.9185u 
  700.00000m   28.1648u 
  750.00000m   32.2614u 
  800.00000m   36.1948u 
  850.00000m   39.9580u 
  900.00000m   43.5471u 
  950.00000m   46.9608u 
    1.00000    50.1997u 
y
 vth0_value= 241.4610m
 u0_param=  49.5882m
 ags_param= 418.4205m
 
   *** monte carlo  index = 277 ***
x

 volt         param     
             i_d_0.2    
    0.         24.3052p 
   50.00000m  126.3789p 
  100.00000m  648.2754p 
  150.00000m    3.2049n 
  200.00000m   14.7978n 
  250.00000m   61.6511n 
  300.00000m  227.4549n 
  350.00000m  728.7332n 
  400.00000m    1.9367u 
  450.00000m    4.1719u 
  500.00000m    7.4502u 
  550.00000m   11.4457u 
  600.00000m   15.7191u 
  650.00000m   20.0071u 
  700.00000m   24.2034u 
  750.00000m   28.2651u 
  800.00000m   32.1720u 
  850.00000m   35.9143u 
  900.00000m   39.4868u 
  950.00000m   42.8877u 
    1.00000    46.1168u 
y
 vth0_value= 279.6162m
 u0_param=  49.3851m
 ags_param= 409.4728m
 
   *** monte carlo  index = 278 ***
x

 volt         param     
             i_d_0.2    
    0.         80.1857p 
   50.00000m  413.9333p 
  100.00000m    2.0744n 
  150.00000m    9.8084n 
  200.00000m   42.2343n 
  250.00000m  161.6480n 
  300.00000m  542.0104n 
  350.00000m    1.5293u 
  400.00000m    3.5029u 
  450.00000m    6.5886u 
  500.00000m   10.5463u 
  550.00000m   14.9207u 
  600.00000m   19.3763u 
  650.00000m   23.7671u 
  700.00000m   28.0347u 
  750.00000m   32.1525u 
  800.00000m   36.1067u 
  850.00000m   39.8899u 
  900.00000m   43.4982u 
  950.00000m   46.9305u 
    1.00000    50.1870u 
y
 vth0_value= 244.2435m
 u0_param=  49.8688m
 ags_param= 413.6858m
 
   *** monte carlo  index = 279 ***
x

 volt         param     
             i_d_0.2    
    0.         91.7369p 
   50.00000m  472.6968p 
  100.00000m    2.3594n 
  150.00000m   11.0765n 
  200.00000m   47.2123n 
  250.00000m  178.6626n 
  300.00000m  590.9684n 
  350.00000m    1.6376u 
  400.00000m    3.6806u 
  450.00000m    6.8125u 
  500.00000m   10.7672u 
  550.00000m   15.0941u 
  600.00000m   19.4824u 
  650.00000m   23.8006u 
  700.00000m   27.9953u 
  750.00000m   32.0417u 
  800.00000m   35.9269u 
  850.00000m   39.6439u 
  900.00000m   43.1889u 
  950.00000m   46.5606u 
    1.00000    49.7597u 
y
 vth0_value= 239.6266m
 u0_param=  48.9508m
 ags_param= 430.5175m
 
   *** monte carlo  index = 280 ***
x

 volt         param     
             i_d_0.2    
    0.        116.7988p 
   50.00000m  600.2810p 
  100.00000m    2.9793n 
  150.00000m   13.8480n 
  200.00000m   58.2166n 
  250.00000m  216.9474n 
  300.00000m  704.0438n 
  350.00000m    1.9026u 
  400.00000m    4.1678u 
  450.00000m    7.5494u 
  500.00000m   11.7321u 
  550.00000m   16.2516u 
  600.00000m   20.8120u 
  650.00000m   25.2909u 
  700.00000m   29.6380u 
  750.00000m   33.8294u 
  800.00000m   37.8525u 
  850.00000m   41.7003u 
  900.00000m   45.3693u 
  950.00000m   48.8583u 
    1.00000    52.1680u 
y
 vth0_value= 233.5253m
 u0_param=  50.7360m
 ags_param= 410.4171m
 
   *** monte carlo  index = 281 ***
x

 volt         param     
             i_d_0.2    
    0.         42.5931p 
   50.00000m  221.0092p 
  100.00000m    1.1225n 
  150.00000m    5.4416n 
  200.00000m   24.3291n 
  250.00000m   97.3006n 
  300.00000m  343.1932n 
  350.00000m    1.0366u 
  400.00000m    2.5627u 
  450.00000m    5.1555u 
  500.00000m    8.7076u 
  550.00000m   12.8178u 
  600.00000m   17.0930u 
  650.00000m   21.3383u 
  700.00000m   25.4770u 
  750.00000m   29.4763u 
  800.00000m   33.3200u 
  850.00000m   36.9997u 
  900.00000m   40.5111u 
  950.00000m   43.8526u 
    1.00000    47.0244u 
y
 vth0_value= 262.2759m
 u0_param=  48.4979m
 ags_param= 398.9335m
 
   *** monte carlo  index = 282 ***
x

 volt         param     
             i_d_0.2    
    0.        100.7270p 
   50.00000m  518.5631p 
  100.00000m    2.5832n 
  150.00000m   12.0844n 
  200.00000m   51.2547n 
  250.00000m  192.8897n 
  300.00000m  633.6840n 
  350.00000m    1.7401u 
  400.00000m    3.8746u 
  450.00000m    7.1149u 
  500.00000m   11.1756u 
  550.00000m   15.5978u 
  600.00000m   20.0743u 
  650.00000m   24.4759u 
  700.00000m   28.7503u 
  750.00000m   32.8728u 
  800.00000m   36.8304u 
  850.00000m   40.6162u 
  900.00000m   44.2266u 
  950.00000m   47.6602u 
    1.00000    50.9176u 
y
 vth0_value= 237.4284m
 u0_param=  49.8895m
 ags_param= 423.9095m
 
   *** monte carlo  index = 283 ***
x

 volt         param     
             i_d_0.2    
    0.        117.9056p 
   50.00000m  605.8790p 
  100.00000m    3.0061n 
  150.00000m   13.9653n 
  200.00000m   58.6676n 
  250.00000m  218.4556n 
  300.00000m  708.2422n 
  350.00000m    1.9115u 
  400.00000m    4.1821u 
  450.00000m    7.5671u 
  500.00000m   11.7500u 
  550.00000m   16.2668u 
  600.00000m   20.8233u 
  650.00000m   25.2980u 
  700.00000m   29.6408u 
  750.00000m   33.8281u 
  800.00000m   37.8471u 
  850.00000m   41.6910u 
  900.00000m   45.3563u 
  950.00000m   48.8418u 
    1.00000    52.1480u 
y
 vth0_value= 233.2071m
 u0_param=  50.6793m
 ags_param= 421.4498m
 
   *** monte carlo  index = 284 ***
x

 volt         param     
             i_d_0.2    
    0.         72.7617p 
   50.00000m  376.0392p 
  100.00000m    1.8894n 
  150.00000m    8.9759n 
  200.00000m   38.9151n 
  250.00000m  150.1019n 
  300.00000m  507.9190n 
  350.00000m    1.4507u 
  400.00000m    3.3669u 
  450.00000m    6.4045u 
  500.00000m   10.3435u 
  550.00000m   14.7293u 
  600.00000m   19.2104u 
  650.00000m   23.6313u 
  700.00000m   27.9300u 
  750.00000m   32.0785u 
  800.00000m   36.0626u 
  850.00000m   39.8747u 
  900.00000m   43.5108u 
  950.00000m   46.9695u 
    1.00000    50.2513u 
y
 vth0_value= 247.4026m
 u0_param=  50.2688m
 ags_param= 418.3877m
 
   *** monte carlo  index = 285 ***
x

 volt         param     
             i_d_0.2    
    0.         64.5206p 
   50.00000m  333.8709p 
  100.00000m    1.6826n 
  150.00000m    8.0371n 
  200.00000m   35.1282n 
  250.00000m  136.7592n 
  300.00000m  467.7983n 
  350.00000m    1.3557u 
  400.00000m    3.1967u 
  450.00000m    6.1652u 
  500.00000m   10.0666u 
  550.00000m   14.4507u 
  600.00000m   18.9484u 
  650.00000m   23.3921u 
  700.00000m   27.7153u 
  750.00000m   31.8885u 
  800.00000m   35.8970u 
  850.00000m   39.7326u 
  900.00000m   43.3914u 
  950.00000m   46.8720u 
    1.00000    50.1747u 
y
 vth0_value= 251.2041m
 u0_param=  50.5998m
 ags_param= 414.9710m
 
   *** monte carlo  index = 286 ***
x

 volt         param     
             i_d_0.2    
    0.        148.4378p 
   50.00000m  760.2736p 
  100.00000m    3.7466n 
  150.00000m   17.2050n 
  200.00000m   71.1696n 
  250.00000m  260.5513n 
  300.00000m  826.6896n 
  350.00000m    2.1704u 
  400.00000m    4.6208u 
  450.00000m    8.1747u 
  500.00000m   12.4734u 
  550.00000m   17.0580u 
  600.00000m   21.6606u 
  650.00000m   26.1726u 
  700.00000m   30.5483u 
  750.00000m   34.7655u 
  800.00000m   38.8123u 
  850.00000m   42.6822u 
  900.00000m   46.3715u 
  950.00000m   49.8794u 
    1.00000    53.2065u 
y
 vth0_value= 226.5121m
 u0_param=  51.0224m
 ags_param= 425.2760m
 
   *** monte carlo  index = 287 ***
x

 volt         param     
             i_d_0.2    
    0.         61.7228p 
   50.00000m  319.3789p 
  100.00000m    1.6097n 
  150.00000m    7.6912n 
  200.00000m   33.6300n 
  250.00000m  130.9978n 
  300.00000m  448.4272n 
  350.00000m    1.3010u 
  400.00000m    3.0716u 
  450.00000m    5.9308u 
  500.00000m    9.6930u 
  550.00000m   13.9229u 
  600.00000m   18.2632u 
  650.00000m   22.5521u 
  700.00000m   26.7254u 
  750.00000m   30.7544u 
  800.00000m   34.6247u 
  850.00000m   38.3287u 
  900.00000m   41.8622u 
  950.00000m   45.2240u 
    1.00000    48.4142u 
y
 vth0_value= 251.3841m
 u0_param=  48.7982m
 ags_param= 425.9758m
 
   *** monte carlo  index = 288 ***
x

 volt         param     
             i_d_0.2    
    0.        124.4706p 
   50.00000m  639.1032p 
  100.00000m    3.1657n 
  150.00000m   14.6645n 
  200.00000m   61.3666n 
  250.00000m  227.5358n 
  300.00000m  733.7513n 
  350.00000m    1.9668u 
  400.00000m    4.2734u 
  450.00000m    7.6883u 
  500.00000m   11.8850u 
  550.00000m   16.4020u 
  600.00000m   20.9529u 
  650.00000m   25.4200u 
  700.00000m   29.7547u 
  750.00000m   33.9337u 
  800.00000m   37.9447u 
  850.00000m   41.7807u 
  900.00000m   45.4383u 
  950.00000m   48.9165u 
    1.00000    52.2156u 
y
 vth0_value= 231.5124m
 u0_param=  50.5677m
 ags_param= 422.4997m
 
   *** monte carlo  index = 289 ***
x

 volt         param     
             i_d_0.2    
    0.         34.6967p 
   50.00000m  180.2313p 
  100.00000m  918.9416p 
  150.00000m    4.4882n 
  200.00000m   20.3084n 
  250.00000m   82.4312n 
  300.00000m  295.5511n 
  350.00000m  912.4177n 
  400.00000m    2.3153u 
  450.00000m    4.7713u 
  500.00000m    8.2170u 
  550.00000m   12.2756u 
  600.00000m   16.5353u 
  650.00000m   20.7792u 
  700.00000m   24.9217u 
  750.00000m   28.9268u 
  800.00000m   32.7773u 
  850.00000m   36.4642u 
  900.00000m   39.9830u 
  950.00000m   43.3319u 
    1.00000    46.5112u 
y
 vth0_value= 268.4743m
 u0_param=  48.6071m
 ags_param= 407.8212m
 
   *** monte carlo  index = 290 ***
x

 volt         param     
             i_d_0.2    
    0.         62.2591p 
   50.00000m  322.1287p 
  100.00000m    1.6233n 
  150.00000m    7.7531n 
  200.00000m   33.8829n 
  250.00000m  131.9013n 
  300.00000m  451.1954n 
  350.00000m    1.3077u 
  400.00000m    3.0842u 
  450.00000m    5.9496u 
  500.00000m    9.7163u 
  550.00000m   13.9487u 
  600.00000m   18.2905u 
  650.00000m   22.5804u 
  700.00000m   26.7545u 
  750.00000m   30.7842u 
  800.00000m   34.6552u 
  850.00000m   38.3597u 
  900.00000m   41.8938u 
  950.00000m   45.2561u 
    1.00000    48.4468u 
y
 vth0_value= 251.1319m
 u0_param=  48.8082m
 ags_param= 415.7432m
 
   *** monte carlo  index = 291 ***
x

 volt         param     
             i_d_0.2    
    0.         84.2347p 
   50.00000m  434.5439p 
  100.00000m    2.1745n 
  150.00000m   10.2544n 
  200.00000m   43.9881n 
  250.00000m  167.6480n 
  300.00000m  559.2997n 
  350.00000m    1.5675u 
  400.00000m    3.5651u 
  450.00000m    6.6651u 
  500.00000m   10.6180u 
  550.00000m   14.9701u 
  600.00000m   19.3956u 
  650.00000m   23.7543u 
  700.00000m   27.9898u 
  750.00000m   32.0762u 
  800.00000m   36.0002u 
  850.00000m   39.7543u 
  900.00000m   43.3349u 
  950.00000m   46.7407u 
    1.00000    49.9720u 
y
 vth0_value= 242.5123m
 u0_param=  49.4655m
 ags_param= 425.3876m
 
   *** monte carlo  index = 292 ***
x

 volt         param     
             i_d_0.2    
    0.         49.1510p 
   50.00000m  254.8968p 
  100.00000m    1.2920n 
  150.00000m    6.2383n 
  200.00000m   27.7175n 
  250.00000m  110.0149n 
  300.00000m  384.7135n 
  350.00000m    1.1486u 
  400.00000m    2.8011u 
  450.00000m    5.5656u 
  500.00000m    9.3068u 
  550.00000m   13.5984u 
  600.00000m   18.0435u 
  650.00000m   22.4506u 
  700.00000m   26.7440u 
  750.00000m   30.8911u 
  800.00000m   34.8759u 
  850.00000m   38.6899u 
  900.00000m   42.3288u 
  950.00000m   45.7911u 
    1.00000    49.0771u 
y
 vth0_value= 259.1606m
 u0_param=  50.3204m
 ags_param= 408.6733m
 
   *** monte carlo  index = 293 ***
x

 volt         param     
             i_d_0.2    
    0.        109.3908p 
   50.00000m  562.7342p 
  100.00000m    2.7984n 
  150.00000m   13.0520n 
  200.00000m   55.1279n 
  250.00000m  206.4990n 
  300.00000m  674.4496n 
  350.00000m    1.8379u 
  400.00000m    4.0602u 
  450.00000m    7.4064u 
  500.00000m   11.5734u 
  550.00000m   16.0943u 
  600.00000m   20.6635u 
  650.00000m   25.1537u 
  700.00000m   29.5127u 
  750.00000m   33.7161u 
  800.00000m   37.7509u 
  850.00000m   41.6101u 
  900.00000m   45.2901u 
  950.00000m   48.7897u 
    1.00000    52.1094u 
y
 vth0_value= 235.5874m
 u0_param=  50.8933m
 ags_param= 421.2812m
 
   *** monte carlo  index = 294 ***
x

 volt         param     
             i_d_0.2    
    0.         79.8812p 
   50.00000m  412.4526p 
  100.00000m    2.0679n 
  150.00000m    9.7854n 
  200.00000m   42.1833n 
  250.00000m  161.6552n 
  300.00000m  542.8213n 
  350.00000m    1.5345u 
  400.00000m    3.5220u 
  450.00000m    6.6357u 
  500.00000m   10.6361u 
  550.00000m   15.0631u 
  600.00000m   19.5743u 
  650.00000m   24.0206u 
  700.00000m   28.3423u 
  750.00000m   32.5123u 
  800.00000m   36.5165u 
  850.00000m   40.3474u 
  900.00000m   44.0012u 
  950.00000m   47.4765u 
    1.00000    50.7740u 
y
 vth0_value= 244.7697m
 u0_param=  50.5233m
 ags_param= 414.3677m
 
   *** monte carlo  index = 295 ***
x

 volt         param     
             i_d_0.2    
    0.         24.5323p 
   50.00000m  127.5410p 
  100.00000m  653.9476p 
  150.00000m    3.2302n 
  200.00000m   14.8926n 
  250.00000m   61.9269n 
  300.00000m  228.0014n 
  350.00000m  728.6027n 
  400.00000m    1.9301u 
  450.00000m    4.1444u 
  500.00000m    7.3819u 
  550.00000m   11.3177u 
  600.00000m   15.5206u 
  650.00000m   19.7354u 
  700.00000m   23.8595u 
  750.00000m   27.8510u 
  800.00000m   31.6906u 
  850.00000m   35.3684u 
  900.00000m   38.8795u 
  950.00000m   42.2219u 
    1.00000    45.3957u 
y
 vth0_value= 278.7731m
 u0_param=  48.5066m
 ags_param= 410.0548m
 
   *** monte carlo  index = 296 ***
x

 volt         param     
             i_d_0.2    
    0.         29.9586p 
   50.00000m  155.6702p 
  100.00000m  795.3908p 
  150.00000m    3.9012n 
  200.00000m   17.7756n 
  250.00000m   72.7898n 
  300.00000m  263.5419n 
  350.00000m  824.1596n 
  400.00000m    2.1247u 
  450.00000m    4.4447u 
  500.00000m    7.7487u 
  550.00000m   11.6843u 
  600.00000m   15.8395u 
  650.00000m   19.9884u 
  700.00000m   24.0418u 
  750.00000m   27.9624u 
  800.00000m   31.7327u 
  850.00000m   35.3434u 
  900.00000m   38.7900u 
  950.00000m   42.0707u 
    1.00000    45.1856u 
y
 vth0_value= 272.1904m
 u0_param=  47.5814m
 ags_param= 411.6229m
 
   *** monte carlo  index = 297 ***
x

 volt         param     
             i_d_0.2    
    0.         17.3736p 
   50.00000m   90.2716p 
  100.00000m  464.9000p 
  150.00000m    2.3181n 
  200.00000m   10.8632n 
  250.00000m   46.1862n 
  300.00000m  174.2712n 
  350.00000m  574.2943n 
  400.00000m    1.5833u 
  450.00000m    3.5392u 
  500.00000m    6.5189u 
  550.00000m   10.2598u 
  600.00000m   14.3322u 
  650.00000m   18.4475u 
  700.00000m   22.4855u 
  750.00000m   26.3985u 
  800.00000m   30.1650u 
  850.00000m   33.7743u 
  900.00000m   37.2211u 
  950.00000m   40.5032u 
    1.00000    43.6206u 
y
 vth0_value= 288.5131m
 u0_param=  47.6030m
 ags_param= 408.6142m
 
   *** monte carlo  index = 298 ***
x

 volt         param     
             i_d_0.2    
    0.         62.2089p 
   50.00000m  322.0431p 
  100.00000m    1.6246n 
  150.00000m    7.7742n 
  200.00000m   34.0717n 
  250.00000m  133.0643n 
  300.00000m  456.8083n 
  350.00000m    1.3303u 
  400.00000m    3.1538u 
  450.00000m    6.1111u 
  500.00000m   10.0157u 
  550.00000m   14.4176u 
  600.00000m   18.9400u 
  650.00000m   23.4103u 
  700.00000m   27.7603u 
  750.00000m   31.9598u 
  800.00000m   35.9934u 
  850.00000m   39.8533u 
  900.00000m   43.5352u 
  950.00000m   47.0379u 
    1.00000    50.3616u 
y
 vth0_value= 252.5015m
 u0_param=  50.9325m
 ags_param= 422.6733m
 
   *** monte carlo  index = 299 ***
x

 volt         param     
             i_d_0.2    
    0.         37.6345p 
   50.00000m  195.4000p 
  100.00000m  994.6328p 
  150.00000m    4.8422n 
  200.00000m   21.7967n 
  250.00000m   87.9017n 
  300.00000m  312.9317n 
  350.00000m  957.0249n 
  400.00000m    2.4011u 
  450.00000m    4.8964u 
  500.00000m    8.3609u 
  550.00000m   12.4096u 
  600.00000m   16.6415u 
  650.00000m   20.8514u 
  700.00000m   24.9585u 
  750.00000m   28.9285u 
  800.00000m   32.7448u 
  850.00000m   36.3988u 
  900.00000m   39.8859u 
  950.00000m   43.2047u 
    1.00000    46.3552u 
y
 vth0_value= 265.7483m
 u0_param=  48.1514m
 ags_param= 416.4440m
 
   *** monte carlo  index = 300 ***
x

 volt         param     
             i_d_0.2    
    0.         54.5609p 
   50.00000m  282.6284p 
  100.00000m    1.4284n 
  150.00000m    6.8602n 
  200.00000m   30.2307n 
  250.00000m  118.8277n 
  300.00000m  411.0151n 
  350.00000m    1.2093u 
  400.00000m    2.9001u 
  450.00000m    5.6776u 
  500.00000m    9.3819u 
  550.00000m   13.5863u 
  600.00000m   17.9191u 
  650.00000m   22.2072u 
  700.00000m   26.3822u 
  750.00000m   30.4140u 
  800.00000m   34.2877u 
  850.00000m   37.9952u 
  900.00000m   41.5324u 
  950.00000m   44.8979u 
    1.00000    48.0920u 
y
 vth0_value= 255.1082m
 u0_param=  48.8559m
 ags_param= 418.9915m
 
   *** monte carlo  index = 301 ***
x

 volt         param     
             i_d_0.2    
    0.         69.0404p 
   50.00000m  356.9724p 
  100.00000m    1.7956n 
  150.00000m    8.5478n 
  200.00000m   37.1712n 
  250.00000m  143.8719n 
  300.00000m  488.8232n 
  350.00000m    1.4039u 
  400.00000m    3.2776u 
  450.00000m    6.2670u 
  500.00000m   10.1630u 
  550.00000m   14.5156u 
  600.00000m   18.9694u 
  650.00000m   23.3657u 
  700.00000m   27.6414u 
  750.00000m   31.7683u 
  800.00000m   35.7319u 
  850.00000m   39.5245u 
  900.00000m   43.1423u 
  950.00000m   46.5837u 
    1.00000    49.8492u 
y
 vth0_value= 248.8072m
 u0_param=  50.0064m
 ags_param= 415.4050m
 
   *** monte carlo  index = 302 ***
x

 volt         param     
             i_d_0.2    
    0.         46.7669p 
   50.00000m  242.5725p 
  100.00000m    1.2303n 
  150.00000m    5.9478n 
  200.00000m   26.4787n 
  250.00000m  105.3465n 
  300.00000m  369.3894n 
  350.00000m    1.1069u 
  400.00000m    2.7111u 
  450.00000m    5.4080u 
  500.00000m    9.0717u 
  550.00000m   13.2856u 
  600.00000m   17.6559u 
  650.00000m   21.9907u 
  700.00000m   26.2148u 
  750.00000m   30.2955u 
  800.00000m   34.2168u 
  850.00000m   37.9704u 
  900.00000m   41.5518u 
  950.00000m   44.9597u 
    1.00000    48.1941u 
y
 vth0_value= 260.1239m
 u0_param=  49.4936m
 ags_param= 420.0403m
 
   *** monte carlo  index = 303 ***
x

 volt         param     
             i_d_0.2    
    0.         59.8156p 
   50.00000m  309.6273p 
  100.00000m    1.5620n 
  150.00000m    7.4753n 
  200.00000m   32.7669n 
  250.00000m  127.9998n 
  300.00000m  439.5941n 
  350.00000m    1.2809u 
  400.00000m    3.0390u 
  450.00000m    5.8928u 
  500.00000m    9.6634u 
  550.00000m   13.9152u 
  600.00000m   18.2838u 
  650.00000m   22.6027u 
  700.00000m   26.8058u 
  750.00000m   30.8639u 
  800.00000m   34.7622u 
  850.00000m   38.4930u 
  900.00000m   42.0523u 
  950.00000m   45.4384u 
    1.00000    48.6519u 
y
 vth0_value= 252.5614m
 u0_param=  49.1686m
 ags_param= 418.5817m
 
   *** monte carlo  index = 304 ***
x

 volt         param     
             i_d_0.2    
    0.         39.8539p 
   50.00000m  206.9077p 
  100.00000m    1.0526n 
  150.00000m    5.1180n 
  200.00000m   22.9931n 
  250.00000m   92.4996n 
  300.00000m  328.3863n 
  350.00000m    1.0005u 
  400.00000m    2.4989u 
  450.00000m    5.0744u 
  500.00000m    8.6352u 
  550.00000m   12.7841u 
  600.00000m   17.1143u 
  650.00000m   21.4195u 
  700.00000m   25.6184u 
  750.00000m   29.6765u 
  800.00000m   33.5770u 
  850.00000m   37.3112u 
  900.00000m   40.8747u 
  950.00000m   44.2658u 
    1.00000    47.4847u 
y
 vth0_value= 264.7412m
 u0_param=  49.2398m
 ags_param= 420.2120m
 
   *** monte carlo  index = 305 ***
x

 volt         param     
             i_d_0.2    
    0.        128.0157p 
   50.00000m  657.1669p 
  100.00000m    3.2536n 
  150.00000m   15.0597n 
  200.00000m   62.9508n 
  250.00000m  233.1210n 
  300.00000m  750.5623n 
  350.00000m    2.0077u 
  400.00000m    4.3532u 
  450.00000m    7.8182u 
  500.00000m   12.0697u 
  550.00000m   16.6413u 
  600.00000m   21.2456u 
  650.00000m   25.7644u 
  700.00000m   30.1488u 
  750.00000m   34.3754u 
  800.00000m   38.4318u 
  850.00000m   42.3112u 
  900.00000m   46.0100u 
  950.00000m   49.5271u 
    1.00000    52.8632u 
y
 vth0_value= 231.0394m
 u0_param=  51.1600m
 ags_param= 431.6389m
 
   *** monte carlo  index = 306 ***
x

 volt         param     
             i_d_0.2    
    0.         69.9690p 
   50.00000m  361.7202p 
  100.00000m    1.8189n 
  150.00000m    8.6531n 
  200.00000m   37.5938n 
  250.00000m  145.3532n 
  300.00000m  493.2441n 
  350.00000m    1.4142u 
  400.00000m    3.2958u 
  450.00000m    6.2918u 
  500.00000m   10.1906u 
  550.00000m   14.5417u 
  600.00000m   18.9919u 
  650.00000m   23.3840u 
  700.00000m   27.6553u 
  750.00000m   31.7779u 
  800.00000m   35.7373u 
  850.00000m   39.5258u 
  900.00000m   43.1397u 
  950.00000m   46.5774u 
    1.00000    49.8393u 
y
 vth0_value= 248.3721m
 u0_param=  49.9502m
 ags_param= 414.7119m
 
   *** monte carlo  index = 307 ***
x

 volt         param     
             i_d_0.2    
    0.         19.4401p 
   50.00000m  101.0489p 
  100.00000m  519.7656p 
  150.00000m    2.5847n 
  200.00000m   12.0548n 
  250.00000m   50.9142n 
  300.00000m  190.7011n 
  350.00000m  622.7346n 
  400.00000m    1.6964u 
  450.00000m    3.7456u 
  500.00000m    6.8282u 
  550.00000m   10.6597u 
  600.00000m   14.8054u 
  650.00000m   18.9843u 
  700.00000m   23.0810u 
  750.00000m   27.0492u 
  800.00000m   30.8680u 
  850.00000m   34.5268u 
  900.00000m   38.0205u 
  950.00000m   41.3469u 
    1.00000    44.5060u 
y
 vth0_value= 285.5791m
 u0_param=  48.2638m
 ags_param= 418.5715m
 
   *** monte carlo  index = 308 ***
x

 volt         param     
             i_d_0.2    
    0.         80.8516p 
   50.00000m  417.2685p 
  100.00000m    2.0901n 
  150.00000m    9.8735n 
  200.00000m   42.4600n 
  250.00000m  162.2798n 
  300.00000m  543.2212n 
  350.00000m    1.5293u 
  400.00000m    3.4948u 
  450.00000m    6.5605u 
  500.00000m   10.4849u 
  550.00000m   14.8168u 
  600.00000m   19.2265u 
  650.00000m   23.5714u 
  700.00000m   27.7942u 
  750.00000m   31.8687u 
  800.00000m   35.7814u 
  850.00000m   39.5249u 
  900.00000m   43.0955u 
  950.00000m   46.4918u 
    1.00000    49.7144u 
y
 vth0_value= 243.6490m
 u0_param=  49.3249m
 ags_param= 416.5420m
 
   *** monte carlo  index = 309 ***
x

 volt         param     
             i_d_0.2    
    0.         54.1837p 
   50.00000m  280.7199p 
  100.00000m    1.4193n 
  150.00000m    6.8208n 
  200.00000m   30.0871n 
  250.00000m  118.4009n 
  300.00000m  410.0705n 
  350.00000m    1.2086u 
  400.00000m    2.9041u 
  450.00000m    5.6952u 
  500.00000m    9.4238u 
  550.00000m   13.6609u 
  600.00000m   18.0301u 
  650.00000m   22.3551u 
  700.00000m   26.5661u 
  750.00000m   30.6328u 
  800.00000m   34.5399u 
  850.00000m   38.2794u 
  900.00000m   41.8471u 
  950.00000m   45.2416u 
    1.00000    48.4631u 
y
 vth0_value= 255.5963m
 u0_param=  49.2921m
 ags_param= 422.1198m
 
   *** monte carlo  index = 310 ***
x

 volt         param     
             i_d_0.2    
    0.         27.2043p 
   50.00000m  141.4135p 
  100.00000m  723.9201p 
  150.00000m    3.5642n 
  200.00000m   16.3422n 
  250.00000m   67.4646n 
  300.00000m  246.4294n 
  350.00000m  779.5174n 
  400.00000m    2.0385u 
  450.00000m    4.3228u 
  500.00000m    7.6206u 
  550.00000m   11.5906u 
  600.00000m   15.8065u 
  650.00000m   20.0253u 
  700.00000m   24.1501u 
  750.00000m   28.1409u 
  800.00000m   31.9791u 
  850.00000m   35.6553u 
  900.00000m   39.1644u 
  950.00000m   42.5048u 
    1.00000    45.6764u 
y
 vth0_value= 275.6591m
 u0_param=  48.4728m
 ags_param= 424.9314m
 
   *** monte carlo  index = 311 ***
x

 volt         param     
             i_d_0.2    
    0.        107.5999p 
   50.00000m  553.4407p 
  100.00000m    2.7516n 
  150.00000m   12.8284n 
  200.00000m   54.1550n 
  250.00000m  202.7506n 
  300.00000m  661.8354n 
  350.00000m    1.8023u 
  400.00000m    3.9789u 
  450.00000m    7.2545u 
  500.00000m   11.3312u 
  550.00000m   15.7519u 
  600.00000m   20.2191u 
  650.00000m   24.6090u 
  700.00000m   28.8709u 
  750.00000m   32.9809u 
  800.00000m   36.9263u 
  850.00000m   40.7003u 
  900.00000m   44.2992u 
  950.00000m   47.7218u 
    1.00000    50.9687u 
y
 vth0_value= 235.3431m
 u0_param=  49.7204m
 ags_param= 434.7533m
 
   *** monte carlo  index = 312 ***
x

 volt         param     
             i_d_0.2    
    0.         64.0308p 
   50.00000m  331.0102p 
  100.00000m    1.6650n 
  150.00000m    7.9263n 
  200.00000m   34.4719n 
  250.00000m  133.4578n 
  300.00000m  453.6749n 
  350.00000m    1.3040u 
  400.00000m    3.0476u 
  450.00000m    5.8333u 
  500.00000m    9.4672u 
  550.00000m   13.5277u 
  600.00000m   17.6828u 
  650.00000m   21.7851u 
  700.00000m   25.7758u 
  750.00000m   29.6284u 
  800.00000m   33.3295u 
  850.00000m   36.8716u 
  900.00000m   40.2510u 
  950.00000m   43.4662u 
    1.00000    46.5176u 
y
 vth0_value= 248.8252m
 u0_param=  46.5978m
 ags_param= 422.0169m
 
   *** monte carlo  index = 313 ***
x

 volt         param     
             i_d_0.2    
    0.         62.5066p 
   50.00000m  323.5005p 
  100.00000m    1.6311n 
  150.00000m    7.7977n 
  200.00000m   34.1262n 
  250.00000m  133.0603n 
  300.00000m  455.9642n 
  350.00000m    1.3246u 
  400.00000m    3.1320u 
  450.00000m    6.0550u 
  500.00000m    9.9057u 
  550.00000m   14.2394u 
  600.00000m   18.6884u 
  650.00000m   23.0852u 
  700.00000m   27.3633u 
  750.00000m   31.4934u 
  800.00000m   35.4605u 
  850.00000m   39.2569u 
  900.00000m   42.8784u 
  950.00000m   46.3236u 
    1.00000    49.5929u 
y
 vth0_value= 251.8136m
 u0_param=  50.0601m
 ags_param= 426.5832m
 
   *** monte carlo  index = 314 ***
x

 volt         param     
             i_d_0.2    
    0.         25.6637p 
   50.00000m  133.4456p 
  100.00000m  684.0679p 
  150.00000m    3.3772n 
  200.00000m   15.5560n 
  250.00000m   64.6047n 
  300.00000m  237.5197n 
  350.00000m  757.5696n 
  400.00000m    2.0019u 
  450.00000m    4.2879u 
  500.00000m    7.6216u 
  550.00000m   11.6668u 
  600.00000m   15.9825u 
  650.00000m   20.3087u 
  700.00000m   24.5410u 
  750.00000m   28.6366u 
  800.00000m   32.5758u 
  850.00000m   36.3487u 
  900.00000m   39.9503u 
  950.00000m   43.3786u 
    1.00000    46.6337u 
y
 vth0_value= 278.2533m
 u0_param=  49.8009m
 ags_param= 403.6221m
 
   *** monte carlo  index = 315 ***
x

 volt         param     
             i_d_0.2    
    0.         91.7946p 
   50.00000m  473.1072p 
  100.00000m    2.3625n 
  150.00000m   11.1001n 
  200.00000m   47.3662n 
  250.00000m  179.4610n 
  300.00000m  594.4463n 
  350.00000m    1.6503u 
  400.00000m    3.7160u 
  450.00000m    6.8886u 
  500.00000m   10.9011u 
  550.00000m   15.2959u 
  600.00000m   19.7551u 
  650.00000m   24.1436u 
  700.00000m   28.4067u 
  750.00000m   32.5189u 
  800.00000m   36.4673u 
  850.00000m   40.2444u 
  900.00000m   43.8467u 
  950.00000m   47.2729u 
    1.00000    50.5235u 
y
 vth0_value= 240.1386m
 u0_param=  49.7779m
 ags_param= 416.7257m
 
   *** monte carlo  index = 316 ***
x

 volt         param     
             i_d_0.2    
    0.         81.6828p 
   50.00000m  421.5911p 
  100.00000m    2.1119n 
  150.00000m    9.9789n 
  200.00000m   42.9247n 
  250.00000m  164.1011n 
  300.00000m  549.4733n 
  350.00000m    1.5475u 
  400.00000m    3.5375u 
  450.00000m    6.6424u 
  500.00000m   10.6183u 
  550.00000m   15.0082u 
  600.00000m   19.4773u 
  650.00000m   23.8809u 
  700.00000m   28.1606u 
  750.00000m   32.2898u 
  800.00000m   36.2549u 
  850.00000m   40.0484u 
  900.00000m   43.6666u 
  950.00000m   47.1081u 
    1.00000    50.3734u 
y
 vth0_value= 243.7789m
 u0_param=  50.0092m
 ags_param= 414.7997m
 
   *** monte carlo  index = 317 ***
x

 volt         param     
             i_d_0.2    
    0.         87.2933p 
   50.00000m  450.1807p 
  100.00000m    2.2511n 
  150.00000m   10.6017n 
  200.00000m   45.3922n 
  250.00000m  172.6321n 
  300.00000m  574.4435n 
  350.00000m    1.6044u 
  400.00000m    3.6357u 
  450.00000m    6.7762u 
  500.00000m   10.7685u 
  550.00000m   15.1559u 
  600.00000m   19.6136u 
  650.00000m   24.0028u 
  700.00000m   28.2673u 
  750.00000m   32.3814u 
  800.00000m   36.3317u 
  850.00000m   40.1109u 
  900.00000m   43.7153u 
  950.00000m   47.1435u 
    1.00000    50.3961u 
y
 vth0_value= 241.6626m
 u0_param=  49.8073m
 ags_param= 422.2188m
 
   *** monte carlo  index = 318 ***
x

 volt         param     
             i_d_0.2    
    0.         46.6129p 
   50.00000m  241.7268p 
  100.00000m    1.2256n 
  150.00000m    5.9210n 
  200.00000m   26.3318n 
  250.00000m  104.6356n 
  300.00000m  366.4205n 
  350.00000m    1.0961u 
  400.00000m    2.6795u 
  450.00000m    5.3359u 
  500.00000m    8.9385u 
  550.00000m   13.0767u 
  600.00000m   17.3653u 
  650.00000m   21.6184u 
  700.00000m   25.7627u 
  750.00000m   29.7663u 
  800.00000m   33.6138u 
  850.00000m   37.2967u 
  900.00000m   40.8110u 
  950.00000m   44.1550u 
    1.00000    47.3290u 
y
 vth0_value= 259.6023m
 u0_param=  48.5307m
 ags_param= 422.8760m
 
   *** monte carlo  index = 319 ***
x

 volt         param     
             i_d_0.2    
    0.         49.5400p 
   50.00000m  256.8331p 
  100.00000m    1.3009n 
  150.00000m    6.2736n 
  200.00000m   27.8211n 
  250.00000m  110.1771n 
  300.00000m  384.3307n 
  350.00000m    1.1437u 
  400.00000m    2.7787u 
  450.00000m    5.5031u 
  500.00000m    9.1780u 
  550.00000m   13.3830u 
  600.00000m   17.7332u 
  650.00000m   22.0443u 
  700.00000m   26.2439u 
  750.00000m   30.3004u 
  800.00000m   34.1982u 
  850.00000m   37.9291u 
  900.00000m   41.4888u 
  950.00000m   44.8759u 
    1.00000    48.0906u 
y
 vth0_value= 258.2030m
 u0_param=  49.1816m
 ags_param= 415.6946m
 
   *** monte carlo  index = 320 ***
x

 volt         param     
             i_d_0.2    
    0.        130.9322p 
   50.00000m  671.7562p 
  100.00000m    3.3220n 
  150.00000m   15.3466n 
  200.00000m   63.9847n 
  250.00000m  236.2876n 
  300.00000m  758.0944n 
  350.00000m    2.0187u 
  400.00000m    4.3580u 
  450.00000m    7.7985u 
  500.00000m   12.0052u 
  550.00000m   16.5193u 
  600.00000m   21.0620u 
  650.00000m   25.5192u 
  700.00000m   29.8435u 
  750.00000m   34.0121u 
  800.00000m   38.0130u 
  850.00000m   41.8392u 
  900.00000m   45.4874u 
  950.00000m   48.9565u 
    1.00000    52.2470u 
y
 vth0_value= 229.9080m
 u0_param=  50.4304m
 ags_param= 423.0186m
 
   *** monte carlo  index = 321 ***
x

 volt         param     
             i_d_0.2    
    0.         59.1571p 
   50.00000m  306.1652p 
  100.00000m    1.5441n 
  150.00000m    7.3859n 
  200.00000m   32.3506n 
  250.00000m  126.2679n 
  300.00000m  433.2575n 
  350.00000m    1.2610u 
  400.00000m    2.9878u 
  450.00000m    5.7875u 
  500.00000m    9.4826u 
  550.00000m   13.6457u 
  600.00000m   17.9215u 
  650.00000m   22.1483u 
  700.00000m   26.2618u 
  750.00000m   30.2337u 
  800.00000m   34.0494u 
  850.00000m   37.7013u 
  900.00000m   41.1854u 
  950.00000m   44.5002u 
    1.00000    47.6461u 
y
 vth0_value= 252.1958m
 u0_param=  48.0972m
 ags_param= 403.1681m
 
   *** monte carlo  index = 322 ***
x

 volt         param     
             i_d_0.2    
    0.         32.1018p 
   50.00000m  166.7728p 
  100.00000m  851.1588p 
  150.00000m    4.1654n 
  200.00000m   18.9090n 
  250.00000m   77.0671n 
  300.00000m  277.5874n 
  350.00000m  862.2015n 
  400.00000m    2.2043u 
  450.00000m    4.5747u 
  500.00000m    7.9238u 
  550.00000m   11.8894u 
  600.00000m   16.0625u 
  650.00000m   20.2244u 
  700.00000m   24.2886u 
  750.00000m   28.2188u 
  800.00000m   31.9979u 
  850.00000m   35.6168u 
  900.00000m   39.0711u 
  950.00000m   42.3589u 
    1.00000    45.4803u 
y
 vth0_value= 270.1941m
 u0_param=  47.6860m
 ags_param= 419.5546m
 
   *** monte carlo  index = 323 ***
x

 volt         param     
             i_d_0.2    
    0.         28.7206p 
   50.00000m  149.2739p 
  100.00000m  763.4510p 
  150.00000m    3.7518n 
  200.00000m   17.1489n 
  250.00000m   70.5095n 
  300.00000m  256.4151n 
  350.00000m  806.4715n 
  400.00000m    2.0939u 
  450.00000m    4.4098u 
  500.00000m    7.7301u 
  550.00000m   11.7061u 
  600.00000m   15.9158u 
  650.00000m   20.1238u 
  700.00000m   24.2363u 
  750.00000m   28.2146u 
  800.00000m   32.0405u 
  850.00000m   35.7046u 
  900.00000m   39.2022u 
  950.00000m   42.5314u 
    1.00000    45.6924u 
y
 vth0_value= 273.9303m
 u0_param=  48.3084m
 ags_param= 414.0785m
 
   *** monte carlo  index = 324 ***
x

 volt         param     
             i_d_0.2    
    0.         51.0615p 
   50.00000m  264.6632p 
  100.00000m    1.3398n 
  150.00000m    6.4534n 
  200.00000m   28.5674n 
  250.00000m  112.8921n 
  300.00000m  392.8556n 
  350.00000m    1.1653u 
  400.00000m    2.8207u 
  450.00000m    5.5677u 
  500.00000m    9.2609u 
  550.00000m   13.4771u 
  600.00000m   17.8339u 
  650.00000m   22.1498u 
  700.00000m   26.3534u 
  750.00000m   30.4134u 
  800.00000m   34.3145u 
  850.00000m   38.0484u 
  900.00000m   41.6109u 
  950.00000m   45.0005u 
    1.00000    48.2176u 
y
 vth0_value= 257.3229m
 u0_param=  49.2187m
 ags_param= 424.1461m
 
   *** monte carlo  index = 325 ***
x

 volt         param     
             i_d_0.2    
    0.         39.1154p 
   50.00000m  203.0896p 
  100.00000m    1.0335n 
  150.00000m    5.0281n 
  200.00000m   22.6105n 
  250.00000m   91.0673n 
  300.00000m  323.7234n 
  350.00000m  988.0352n 
  400.00000m    2.4729u 
  450.00000m    5.0311u 
  500.00000m    8.5749u 
  550.00000m   12.7097u 
  600.00000m   17.0283u 
  650.00000m   21.3231u 
  700.00000m   25.5124u 
  750.00000m   29.5614u 
  800.00000m   33.4532u 
  850.00000m   37.1792u 
  900.00000m   40.7350u 
  950.00000m   44.1188u 
    1.00000    47.3308u 
y
 vth0_value= 265.2305m
 u0_param=  49.1314m
 ags_param= 411.4825m
 
   *** monte carlo  index = 326 ***
x

 volt         param     
             i_d_0.2    
    0.         27.1951p 
   50.00000m  141.4009p 
  100.00000m  724.2411p 
  150.00000m    3.5694n 
  200.00000m   16.3936n 
  250.00000m   67.8232n 
  300.00000m  248.3074n 
  350.00000m  787.7134n 
  400.00000m    2.0673u 
  450.00000m    4.3987u 
  500.00000m    7.7757u 
  550.00000m   11.8523u 
  600.00000m   16.1886u 
  650.00000m   20.5305u 
  700.00000m   24.7763u 
  750.00000m   28.8843u 
  800.00000m   32.8350u 
  850.00000m   36.6186u 
  900.00000m   40.2302u 
  950.00000m   43.6679u 
    1.00000    46.9318u 
y
 vth0_value= 276.6085m
 u0_param=  49.9412m
 ags_param= 412.5458m
 
   *** monte carlo  index = 327 ***
x

 volt         param     
             i_d_0.2    
    0.         14.6884p 
   50.00000m   76.2581p 
  100.00000m  393.4695p 
  150.00000m    1.9703n 
  200.00000m    9.3031n 
  250.00000m   39.9785n 
  300.00000m  152.6653n 
  350.00000m  510.4545n 
  400.00000m    1.4347u 
  450.00000m    3.2723u 
  500.00000m    6.1315u 
  550.00000m    9.7813u 
  600.00000m   13.7967u 
  650.00000m   17.8722u 
  700.00000m   21.8775u 
  750.00000m   25.7613u 
  800.00000m   29.5010u 
  850.00000m   33.0855u 
  900.00000m   36.5091u 
  950.00000m   39.7696u 
    1.00000    42.8668u 
y
 vth0_value= 293.3348m
 u0_param=  47.2780m
 ags_param= 415.4354m
 
   *** monte carlo  index = 328 ***
x

 volt         param     
             i_d_0.2    
    0.         65.1835p 
   50.00000m  337.1333p 
  100.00000m    1.6973n 
  150.00000m    8.0925n 
  200.00000m   35.2739n 
  250.00000m  136.9032n 
  300.00000m  466.6647n 
  350.00000m    1.3462u 
  400.00000m    3.1583u 
  450.00000m    6.0647u 
  500.00000m    9.8684u 
  550.00000m   14.1294u 
  600.00000m   18.4946u 
  650.00000m   22.8055u 
  700.00000m   26.9992u 
  750.00000m   31.0474u 
  800.00000m   34.9359u 
  850.00000m   38.6570u 
  900.00000m   42.2068u 
  950.00000m   45.5838u 
    1.00000    48.7885u 
y
 vth0_value= 249.9043m
 u0_param=  49.0323m
 ags_param= 413.2591m
 
   *** monte carlo  index = 329 ***
x

 volt         param     
             i_d_0.2    
    0.         48.5585p 
   50.00000m  251.7630p 
  100.00000m    1.2756n 
  150.00000m    6.1546n 
  200.00000m   27.3151n 
  250.00000m  108.2778n 
  300.00000m  378.1259n 
  350.00000m    1.1269u 
  400.00000m    2.7428u 
  450.00000m    5.4406u 
  500.00000m    9.0854u 
  550.00000m   13.2604u 
  600.00000m   17.5817u 
  650.00000m   21.8650u 
  700.00000m   26.0379u 
  750.00000m   30.0688u 
  800.00000m   33.9421u 
  850.00000m   37.6497u 
  900.00000m   41.1873u 
  950.00000m   44.5534u 
    1.00000    47.7483u 
y
 vth0_value= 258.5963m
 u0_param=  48.8638m
 ags_param= 421.5856m
 
   *** monte carlo  index = 330 ***
x

 volt         param     
             i_d_0.2    
    0.         49.2232p 
   50.00000m  255.2118p 
  100.00000m    1.2930n 
  150.00000m    6.2376n 
  200.00000m   27.6778n 
  250.00000m  109.6858n 
  300.00000m  382.9139n 
  350.00000m    1.1407u 
  400.00000m    2.7747u 
  450.00000m    5.5009u 
  500.00000m    9.1822u 
  550.00000m   13.3977u 
  600.00000m   17.7603u 
  650.00000m   22.0844u 
  700.00000m   26.2967u 
  750.00000m   30.3655u 
  800.00000m   34.2751u 
  850.00000m   38.0173u 
  900.00000m   41.5879u 
  950.00000m   44.9852u 
    1.00000    48.2097u 
y
 vth0_value= 258.4934m
 u0_param=  49.3356m
 ags_param= 420.9197m
 
   *** monte carlo  index = 331 ***
x

 volt         param     
             i_d_0.2    
    0.         43.5700p 
   50.00000m  226.0965p 
  100.00000m    1.1484n 
  150.00000m    5.5667n 
  200.00000m   24.8872n 
  250.00000m   99.5235n 
  300.00000m  350.9782n 
  350.00000m    1.0599u 
  400.00000m    2.6193u 
  450.00000m    5.2677u 
  500.00000m    8.8945u 
  550.00000m   13.0906u 
  600.00000m   17.4548u 
  650.00000m   21.7882u 
  700.00000m   26.0125u 
  750.00000m   30.0942u 
  800.00000m   34.0168u 
  850.00000m   37.7718u 
  900.00000m   41.3549u 
  950.00000m   44.7644u 
    1.00000    48.0006u 
y
 vth0_value= 262.2549m
 u0_param=  49.5178m
 ags_param= 422.5693m
 
   *** monte carlo  index = 332 ***
x

 volt         param     
             i_d_0.2    
    0.        180.9208p 
   50.00000m  923.5571p 
  100.00000m    4.5209n 
  150.00000m   20.5322n 
  200.00000m   83.7301n 
  250.00000m  301.7841n 
  300.00000m  938.2521n 
  350.00000m    2.4018u 
  400.00000m    4.9913u 
  450.00000m    8.6574u 
  500.00000m   13.0108u 
  550.00000m   17.6067u 
  600.00000m   22.2031u 
  650.00000m   26.7027u 
  700.00000m   31.0638u 
  750.00000m   35.2658u 
  800.00000m   39.2973u 
  850.00000m   43.1519u 
  900.00000m   46.8264u 
  950.00000m   50.3198u 
    1.00000    53.6327u 
y
 vth0_value= 220.4287m
 u0_param=  50.8029m
 ags_param= 425.4256m
 
   *** monte carlo  index = 333 ***
x

 volt         param     
             i_d_0.2    
    0.         45.0429p 
   50.00000m  233.6295p 
  100.00000m    1.1852n 
  150.00000m    5.7327n 
  200.00000m   25.5408n 
  250.00000m  101.7135n 
  300.00000m  357.0638n 
  350.00000m    1.0717u 
  400.00000m    2.6298u 
  450.00000m    5.2553u 
  500.00000m    8.8282u 
  550.00000m   12.9424u 
  600.00000m   17.2113u 
  650.00000m   21.4467u 
  700.00000m   25.5744u 
  750.00000m   29.5624u 
  800.00000m   33.3951u 
  850.00000m   37.0640u 
  900.00000m   40.5650u 
  950.00000m   43.8965u 
    1.00000    47.0587u 
y
 vth0_value= 260.5037m
 u0_param=  48.3429m
 ags_param= 419.2257m
 
   *** monte carlo  index = 334 ***
x

 volt         param     
             i_d_0.2    
    0.         52.9500p 
   50.00000m  274.4658p 
  100.00000m    1.3892n 
  150.00000m    6.6901n 
  200.00000m   29.6035n 
  250.00000m  116.9269n 
  300.00000m  406.6237n 
  350.00000m    1.2050u 
  400.00000m    2.9134u 
  450.00000m    5.7443u 
  500.00000m    9.5463u 
  550.00000m   13.8841u 
  600.00000m   18.3656u 
  650.00000m   22.8044u 
  700.00000m   27.1272u 
  750.00000m   31.3018u 
  800.00000m   35.3126u 
  850.00000m   39.1511u 
  900.00000m   42.8132u 
  950.00000m   46.2974u 
    1.00000    49.6039u 
y
 vth0_value= 257.1421m
 u0_param=  50.6502m
 ags_param= 418.8220m
 
   *** monte carlo  index = 335 ***
x

 volt         param     
             i_d_0.2    
    0.         32.4914p 
   50.00000m  168.8346p 
  100.00000m  861.9810p 
  150.00000m    4.2210n 
  200.00000m   19.1811n 
  250.00000m   78.2746n 
  300.00000m  282.3035n 
  350.00000m  878.2850n 
  400.00000m    2.2498u 
  450.00000m    4.6775u 
  500.00000m    8.1135u 
  550.00000m   12.1880u 
  600.00000m   16.4796u 
  650.00000m   20.7608u 
  700.00000m   24.9417u 
  750.00000m   28.9847u 
  800.00000m   32.8718u 
  850.00000m   36.5941u 
  900.00000m   40.1467u 
  950.00000m   43.5279u 
    1.00000    46.7379u 
y
 vth0_value= 270.7489m
 u0_param=  49.0906m
 ags_param= 416.0859m
 
   *** monte carlo  index = 336 ***
x

 volt         param     
             i_d_0.2    
    0.         59.1405p 
   50.00000m  306.2131p 
  100.00000m    1.5456n 
  150.00000m    7.4048n 
  200.00000m   32.5085n 
  250.00000m  127.2185n 
  300.00000m  437.7957n 
  350.00000m    1.2792u 
  400.00000m    3.0438u 
  450.00000m    5.9177u 
  500.00000m    9.7244u 
  550.00000m   14.0249u 
  600.00000m   18.4474u 
  650.00000m   22.8208u 
  700.00000m   27.0772u 
  750.00000m   31.1868u 
  800.00000m   35.1347u 
  850.00000m   38.9128u 
  900.00000m   42.5171u 
  950.00000m   45.9460u 
    1.00000    49.2001u 
y
 vth0_value= 253.3132m
 u0_param=  49.8149m
 ags_param= 421.8749m
 
   *** monte carlo  index = 337 ***
x

 volt         param     
             i_d_0.2    
    0.         39.9237p 
   50.00000m  207.2236p 
  100.00000m    1.0537n 
  150.00000m    5.1189n 
  200.00000m   22.9655n 
  250.00000m   92.2344n 
  300.00000m  326.8592n 
  350.00000m  993.5436n 
  400.00000m    2.4747u 
  450.00000m    5.0127u 
  500.00000m    8.5133u 
  550.00000m   12.5841u 
  600.00000m   16.8285u 
  650.00000m   21.0469u 
  700.00000m   25.1609u 
  750.00000m   29.1369u 
  800.00000m   32.9587u 
  850.00000m   36.6176u 
  900.00000m   40.1094u 
  950.00000m   43.4324u 
    1.00000    46.5868u 
y
 vth0_value= 264.0247m
 u0_param=  48.2140m
 ags_param= 422.6201m
 
   *** monte carlo  index = 338 ***
x

 volt         param     
             i_d_0.2    
    0.         28.8107p 
   50.00000m  149.7558p 
  100.00000m  766.0363p 
  150.00000m    3.7656n 
  200.00000m   17.2203n 
  250.00000m   70.8461n 
  300.00000m  257.8029n 
  350.00000m  811.4807n 
  400.00000m    2.1090u 
  450.00000m    4.4455u 
  500.00000m    7.7985u 
  550.00000m   11.8165u 
  600.00000m   16.0727u 
  650.00000m   20.3278u 
  700.00000m   24.4865u 
  750.00000m   28.5095u 
  800.00000m   32.3782u 
  850.00000m   36.0832u 
  900.00000m   39.6198u 
  950.00000m   42.9861u 
    1.00000    46.1822u 
y
 vth0_value= 274.1980m
 u0_param=  48.8657m
 ags_param= 411.9848m
 
   *** monte carlo  index = 339 ***
x

 volt         param     
             i_d_0.2    
    0.         62.6790p 
   50.00000m  324.3565p 
  100.00000m    1.6350n 
  150.00000m    7.8133n 
  200.00000m   34.1726n 
  250.00000m  133.1459n 
  300.00000m  455.8896n 
  350.00000m    1.3230u 
  400.00000m    3.1245u 
  450.00000m    6.0342u 
  500.00000m    9.8637u 
  550.00000m   14.1703u 
  600.00000m   18.5901u 
  650.00000m   22.9575u 
  700.00000m   27.2070u 
  750.00000m   31.3094u 
  800.00000m   35.2500u 
  850.00000m   39.0210u 
  900.00000m   42.6184u 
  950.00000m   46.0407u 
    1.00000    49.2883u 
y
 vth0_value= 251.5125m
 u0_param=  49.7145m
 ags_param= 421.2577m
 
   *** monte carlo  index = 340 ***
x

 volt         param     
             i_d_0.2    
    0.         22.6519p 
   50.00000m  117.7355p 
  100.00000m  604.0182p 
  150.00000m    2.9874n 
  200.00000m   13.8038n 
  250.00000m   57.5704n 
  300.00000m  212.6743n 
  350.00000m  682.6024n 
  400.00000m    1.8184u 
  450.00000m    3.9267u 
  500.00000m    7.0271u 
  550.00000m   10.8125u 
  600.00000m   14.8644u 
  650.00000m   18.9317u 
  700.00000m   22.9131u 
  750.00000m   26.7675u 
  800.00000m   30.4758u 
  850.00000m   34.0284u 
  900.00000m   37.4204u 
  950.00000m   40.6499u 
    1.00000    43.7167u 
y
 vth0_value= 280.0409m
 u0_param=  46.8154m
 ags_param= 408.5015m
 
   *** monte carlo  index = 341 ***
x

 volt         param     
             i_d_0.2    
    0.         41.6142p 
   50.00000m  215.9354p 
  100.00000m    1.0970n 
  150.00000m    5.3202n 
  200.00000m   23.8032n 
  250.00000m   95.2808n 
  300.00000m  336.4097n 
  350.00000m    1.0175u 
  400.00000m    2.5197u 
  450.00000m    5.0768u 
  500.00000m    8.5852u 
  550.00000m   12.6492u 
  600.00000m   16.8782u 
  650.00000m   21.0785u 
  700.00000m   25.1738u 
  750.00000m   29.1313u 
  800.00000m   32.9350u 
  850.00000m   36.5766u 
  900.00000m   40.0518u 
  950.00000m   43.3589u 
    1.00000    46.4982u 
y
 vth0_value= 262.6303m
 u0_param=  47.9778m
 ags_param= 412.9515m
 
   *** monte carlo  index = 342 ***
x

 volt         param     
             i_d_0.2    
    0.         60.4554p 
   50.00000m  313.0849p 
  100.00000m    1.5808n 
  150.00000m    7.5770n 
  200.00000m   33.2890n 
  250.00000m  130.3778n 
  300.00000m  449.0342n 
  350.00000m    1.3134u 
  400.00000m    3.1287u 
  450.00000m    6.0880u 
  500.00000m   10.0114u 
  550.00000m   14.4476u 
  600.00000m   19.0115u 
  650.00000m   23.5251u 
  700.00000m   27.9177u 
  750.00000m   32.1586u 
  800.00000m   36.2321u 
  850.00000m   40.1301u 
  900.00000m   43.8484u 
  950.00000m   47.3857u 
    1.00000    50.7423u 
y
 vth0_value= 253.6810m
 u0_param=  51.4601m
 ags_param= 416.4493m
 
   *** monte carlo  index = 343 ***
x

 volt         param     
             i_d_0.2    
    0.         50.7662p 
   50.00000m  263.2057p 
  100.00000m    1.3332n 
  150.00000m    6.4286n 
  200.00000m   28.5043n 
  250.00000m  112.8603n 
  300.00000m  393.5769n 
  350.00000m    1.1707u 
  400.00000m    2.8429u 
  450.00000m    5.6271u 
  500.00000m    9.3808u 
  550.00000m   13.6751u 
  600.00000m   18.1171u 
  650.00000m   22.5189u 
  700.00000m   26.8065u 
  750.00000m   30.9476u 
  800.00000m   34.9265u 
  850.00000m   38.7347u 
  900.00000m   42.3681u 
  950.00000m   45.8250u 
    1.00000    49.1058u 
y
 vth0_value= 258.1419m
 u0_param=  50.2364m
 ags_param= 421.0941m
 
   *** monte carlo  index = 344 ***
x

 volt         param     
             i_d_0.2    
    0.        155.1259p 
   50.00000m  794.0606p 
  100.00000m    3.9084n 
  150.00000m   17.9117n 
  200.00000m   73.8964n 
  250.00000m  269.7446n 
  300.00000m  852.6206n 
  350.00000m    2.2278u 
  400.00000m    4.7211u 
  450.00000m    8.3202u 
  500.00000m   12.6583u 
  550.00000m   17.2757u 
  600.00000m   21.9078u 
  650.00000m   26.4473u 
  700.00000m   30.8491u 
  750.00000m   35.0912u 
  800.00000m   39.1617u 
  850.00000m   43.0539u 
  900.00000m   46.7645u 
  950.00000m   50.2924u 
    1.00000    53.6383u 
y
 vth0_value= 225.3795m
 u0_param=  51.3301m
 ags_param= 420.5704m
 
   *** monte carlo  index = 345 ***
x

 volt         param     
             i_d_0.2    
    0.         38.2589p 
   50.00000m  198.6340p 
  100.00000m    1.0109n 
  150.00000m    4.9192n 
  200.00000m   22.1278n 
  250.00000m   89.1603n 
  300.00000m  317.1058n 
  350.00000m  968.5300n 
  400.00000m    2.4262u 
  450.00000m    4.9403u 
  500.00000m    8.4259u 
  550.00000m   12.4951u 
  600.00000m   16.7462u 
  650.00000m   20.9744u 
  700.00000m   25.0990u 
  750.00000m   29.0857u 
  800.00000m   32.9179u 
  850.00000m   36.5870u 
  900.00000m   40.0887u 
  950.00000m   43.4211u 
    1.00000    46.5845u 
y
 vth0_value= 265.3920m
 u0_param=  48.3585m
 ags_param= 409.5042m
 
   *** monte carlo  index = 346 ***
x

 volt         param     
             i_d_0.2    
    0.         14.8675p 
   50.00000m   77.1990p 
  100.00000m  398.3397p 
  150.00000m    1.9947n 
  200.00000m    9.4189n 
  250.00000m   40.4784n 
  300.00000m  154.5791n 
  350.00000m  516.8537n 
  400.00000m    1.4527u 
  450.00000m    3.3132u 
  500.00000m    6.2076u 
  550.00000m    9.9023u 
  600.00000m   13.9674u 
  650.00000m   18.0932u 
  700.00000m   22.1481u 
  750.00000m   26.0798u 
  800.00000m   29.8655u 
  850.00000m   33.4939u 
  900.00000m   36.9594u 
  950.00000m   40.2596u 
    1.00000    43.3945u 
y
 vth0_value= 293.3641m
 u0_param=  47.8725m
 ags_param= 413.7018m
 
   *** monte carlo  index = 347 ***
x

 volt         param     
             i_d_0.2    
    0.         57.5132p 
   50.00000m  297.8018p 
  100.00000m    1.5035n 
  150.00000m    7.2064n 
  200.00000m   31.6602n 
  250.00000m  124.0047n 
  300.00000m  427.1770n 
  350.00000m    1.2499u 
  400.00000m    2.9791u 
  450.00000m    5.8002u 
  500.00000m    9.5426u 
  550.00000m   13.7741u 
  600.00000m   18.1274u 
  650.00000m   22.4330u 
  700.00000m   26.6240u 
  750.00000m   30.6708u 
  800.00000m   34.5586u 
  850.00000m   38.2793u 
  900.00000m   41.8291u 
  950.00000m   45.2063u 
    1.00000    48.4114u 
y
 vth0_value= 253.6474m
 u0_param=  49.0328m
 ags_param= 422.8511m
 
   *** monte carlo  index = 348 ***
x

 volt         param     
             i_d_0.2    
    0.         63.4378p 
   50.00000m  328.1194p 
  100.00000m    1.6523n 
  150.00000m    7.8810n 
  200.00000m   34.3736n 
  250.00000m  133.5094n 
  300.00000m  455.5208n 
  350.00000m    1.3157u 
  400.00000m    3.0913u 
  450.00000m    5.9440u 
  500.00000m    9.6819u 
  550.00000m   13.8722u 
  600.00000m   18.1663u 
  650.00000m   22.4076u 
  700.00000m   26.5339u 
  750.00000m   30.5174u 
  800.00000m   34.3440u 
  850.00000m   38.0061u 
  900.00000m   41.4997u 
  950.00000m   44.8234u 
    1.00000    47.9776u 
y
 vth0_value= 250.1900m
 u0_param=  48.2237m
 ags_param= 434.8967m
 
   *** monte carlo  index = 349 ***
x

 volt         param     
             i_d_0.2    
    0.         46.3462p 
   50.00000m  240.4244p 
  100.00000m    1.2198n 
  150.00000m    5.9009n 
  200.00000m   26.2957n 
  250.00000m  104.7414n 
  300.00000m  367.7419n 
  350.00000m    1.1039u 
  400.00000m    2.7090u 
  450.00000m    5.4133u 
  500.00000m    9.0935u 
  550.00000m   13.3321u 
  600.00000m   17.7308u 
  650.00000m   22.0950u 
  700.00000m   26.3480u 
  750.00000m   30.4567u 
  800.00000m   34.4049u 
  850.00000m   38.1842u 
  900.00000m   41.7902u 
  950.00000m   45.2213u 
    1.00000    48.4779u 
y
 vth0_value= 260.6204m
 u0_param=  49.8504m
 ags_param= 401.6568m
 
   *** monte carlo  index = 350 ***
x

 volt         param     
             i_d_0.2    
    0.         43.7676p 
   50.00000m  227.0738p 
  100.00000m    1.1528n 
  150.00000m    5.5834n 
  200.00000m   24.9288n 
  250.00000m   99.5309n 
  300.00000m  350.3969n 
  350.00000m    1.0557u 
  400.00000m    2.6021u 
  450.00000m    5.2206u 
  500.00000m    8.7981u 
  550.00000m   12.9298u 
  600.00000m   17.2230u 
  650.00000m   21.4847u 
  700.00000m   25.6388u 
  750.00000m   29.6526u 
  800.00000m   33.5102u 
  850.00000m   37.2030u 
  900.00000m   40.7268u 
  950.00000m   44.0800u 
    1.00000    47.2629u 
y
 vth0_value= 261.5761m
 u0_param=  48.6719m
 ags_param= 410.7106m
 
   *** monte carlo  index = 351 ***
x

 volt         param     
             i_d_0.2    
    0.        104.7379p 
   50.00000m  538.9650p 
  100.00000m    2.6821n 
  150.00000m   12.5254n 
  200.00000m   52.9965n 
  250.00000m  198.9083n 
  300.00000m  651.2862n 
  350.00000m    1.7807u 
  400.00000m    3.9472u 
  450.00000m    7.2209u 
  500.00000m   11.3087u 
  550.00000m   15.7506u 
  600.00000m   20.2429u 
  650.00000m   24.6588u 
  700.00000m   28.9462u 
  750.00000m   33.0811u 
  800.00000m   37.0504u 
  850.00000m   40.8472u 
  900.00000m   44.4680u 
  950.00000m   47.9114u 
    1.00000    51.1780u 
y
 vth0_value= 236.3528m
 u0_param=  50.0380m
 ags_param= 425.1505m
 
   *** monte carlo  index = 352 ***
x

 volt         param     
             i_d_0.2    
    0.         56.1412p 
   50.00000m  290.8534p 
  100.00000m    1.4702n 
  150.00000m    7.0618n 
  200.00000m   31.1263n 
  250.00000m  122.3752n 
  300.00000m  423.3521n 
  350.00000m    1.2457u 
  400.00000m    2.9880u 
  450.00000m    5.8498u 
  500.00000m    9.6667u 
  550.00000m   13.9998u 
  600.00000m   18.4659u 
  650.00000m   22.8859u 
  700.00000m   27.1889u 
  750.00000m   31.3440u 
  800.00000m   35.3357u 
  850.00000m   39.1558u 
  900.00000m   42.8002u 
  950.00000m   46.2674u 
    1.00000    49.5578u 
y
 vth0_value= 255.2331m
 u0_param=  50.3935m
 ags_param= 421.3286m
 
   *** monte carlo  index = 353 ***
x

 volt         param     
             i_d_0.2    
    0.         82.1366p 
   50.00000m  423.9121p 
  100.00000m    2.1233n 
  150.00000m   10.0306n 
  200.00000m   43.1341n 
  250.00000m  164.8456n 
  300.00000m  551.7447n 
  350.00000m    1.5530u 
  400.00000m    3.5483u 
  450.00000m    6.6594u 
  500.00000m   10.6413u 
  550.00000m   15.0364u 
  600.00000m   19.5103u 
  650.00000m   23.9182u 
  700.00000m   28.2020u 
  750.00000m   32.3352u 
  800.00000m   36.3040u 
  850.00000m   40.1011u 
  900.00000m   43.7227u 
  950.00000m   47.1673u 
    1.00000    50.4356u 
y
 vth0_value= 243.6415m
 u0_param=  50.0540m
 ags_param= 429.4985m
 
   *** monte carlo  index = 354 ***
x

 volt         param     
             i_d_0.2    
    0.         48.4168p 
   50.00000m  251.0549p 
  100.00000m    1.2723n 
  150.00000m    6.1413n 
  200.00000m   27.2740n 
  250.00000m  108.1984n 
  300.00000m  378.1685n 
  350.00000m    1.1283u 
  400.00000m    2.7497u 
  450.00000m    5.4605u 
  500.00000m    9.1269u 
  550.00000m   13.3303u 
  600.00000m   17.6827u 
  650.00000m   21.9976u 
  700.00000m   26.2013u 
  750.00000m   30.2619u 
  800.00000m   34.1639u 
  850.00000m   37.8987u 
  900.00000m   41.4624u 
  950.00000m   44.8532u 
    1.00000    48.0715u 
y
 vth0_value= 258.9237m
 u0_param=  49.2367m
 ags_param= 421.0078m
 
   *** monte carlo  index = 355 ***
x

 volt         param     
             i_d_0.2    
    0.         75.6824p 
   50.00000m  390.9842p 
  100.00000m    1.9627n 
  150.00000m    9.3089n 
  200.00000m   40.2623n 
  250.00000m  154.8744n 
  300.00000m  522.3815n 
  350.00000m    1.4856u 
  400.00000m    3.4317u 
  450.00000m    6.5016u 
  500.00000m   10.4668u 
  550.00000m   14.8702u 
  600.00000m   19.3641u 
  650.00000m   23.7959u 
  700.00000m   28.1044u 
  750.00000m   32.2620u 
  800.00000m   36.2547u 
  850.00000m   40.0747u 
  900.00000m   43.7184u 
  950.00000m   47.1842u 
    1.00000    50.4726u 
y
 vth0_value= 246.2916m
 u0_param=  50.3742m
 ags_param= 427.9475m
 
   *** monte carlo  index = 356 ***
x

 volt         param     
             i_d_0.2    
    0.         26.5835p 
   50.00000m  138.1935p 
  100.00000m  707.7145p 
  150.00000m    3.4871n 
  200.00000m   16.0104n 
  250.00000m   66.2098n 
  300.00000m  242.3059n 
  350.00000m  768.3513n 
  400.00000m    2.0155u 
  450.00000m    4.2867u 
  500.00000m    7.5755u 
  550.00000m   11.5438u 
  600.00000m   15.7635u 
  650.00000m   19.9882u 
  700.00000m   24.1194u 
  750.00000m   28.1168u 
  800.00000m   31.9614u 
  850.00000m   35.6438u 
  900.00000m   39.1590u 
  950.00000m   42.5051u 
    1.00000    45.6822u 
y
 vth0_value= 276.4059m
 u0_param=  48.5598m
 ags_param= 422.7986m
 
   *** monte carlo  index = 357 ***
x

 volt         param     
             i_d_0.2    
    0.         53.1103p 
   50.00000m  275.2860p 
  100.00000m    1.3933n 
  150.00000m    6.7083n 
  200.00000m   29.6762n 
  250.00000m  117.1774n 
  300.00000m  407.3531n 
  350.00000m    1.2066u 
  400.00000m    2.9157u 
  450.00000m    5.7462u 
  500.00000m    9.5459u 
  550.00000m   13.8796u 
  600.00000m   18.3560u 
  650.00000m   22.7896u 
  700.00000m   27.1072u 
  750.00000m   31.2768u 
  800.00000m   35.2828u 
  850.00000m   39.1167u 
  900.00000m   42.7744u 
  950.00000m   46.2543u 
    1.00000    49.5568u 
y
 vth0_value= 257.0114m
 u0_param=  50.5854m
 ags_param= 423.1052m
 
   *** monte carlo  index = 358 ***
x

 volt         param     
             i_d_0.2    
    0.         68.4647p 
   50.00000m  353.9980p 
  100.00000m    1.7808n 
  150.00000m    8.4779n 
  200.00000m   36.8724n 
  250.00000m  142.7418n 
  300.00000m  485.0991n 
  350.00000m    1.3936u 
  400.00000m    3.2550u 
  450.00000m    6.2258u 
  500.00000m   10.0990u 
  550.00000m   14.4267u 
  600.00000m   18.8552u 
  650.00000m   23.2268u 
  700.00000m   27.4787u 
  750.00000m   31.5826u 
  800.00000m   35.5242u 
  850.00000m   39.2958u 
  900.00000m   42.8936u 
  950.00000m   46.3161u 
    1.00000    49.5637u 
y
 vth0_value= 248.8740m
 u0_param=  49.7168m
 ags_param= 427.3940m
 
   *** monte carlo  index = 359 ***
x

 volt         param     
             i_d_0.2    
    0.         79.0401p 
   50.00000m  408.0128p 
  100.00000m    2.0448n 
  150.00000m    9.6688n 
  200.00000m   41.6370n 
  250.00000m  159.3816n 
  300.00000m  534.5117n 
  350.00000m    1.5085u 
  400.00000m    3.4565u 
  450.00000m    6.5032u 
  500.00000m   10.4119u 
  550.00000m   14.7327u 
  600.00000m   19.1337u 
  650.00000m   23.4710u 
  700.00000m   27.6868u 
  750.00000m   31.7547u 
  800.00000m   35.6612u 
  850.00000m   39.3989u 
  900.00000m   42.9640u 
  950.00000m   46.3552u 
    1.00000    49.5728u 
y
 vth0_value= 244.2768m
 u0_param=  49.2466m
 ags_param= 415.9485m
 
   *** monte carlo  index = 360 ***
x

 volt         param     
             i_d_0.2    
    0.         77.9460p 
   50.00000m  402.3907p 
  100.00000m    2.0170n 
  150.00000m    9.5404n 
  200.00000m   41.1033n 
  250.00000m  157.4246n 
  300.00000m  528.3054n 
  350.00000m    1.4924u 
  400.00000m    3.4229u 
  450.00000m    6.4455u 
  500.00000m   10.3265u 
  550.00000m   14.6187u 
  600.00000m   18.9916u 
  650.00000m   23.3015u 
  700.00000m   27.4909u 
  750.00000m   31.5335u 
  800.00000m   35.4158u 
  850.00000m   39.1304u 
  900.00000m   42.6735u 
  950.00000m   46.0439u 
    1.00000    49.2419u 
y
 vth0_value= 244.4899m
 u0_param=  48.9304m
 ags_param= 422.9069m
 
   *** monte carlo  index = 361 ***
x

 volt         param     
             i_d_0.2    
    0.         48.5106p 
   50.00000m  251.5378p 
  100.00000m    1.2747n 
  150.00000m    6.1524n 
  200.00000m   27.3201n 
  250.00000m  108.3663n 
  300.00000m  378.6952n 
  350.00000m    1.1297u 
  400.00000m    2.7523u 
  450.00000m    5.4644u 
  500.00000m    9.1317u 
  550.00000m   13.3356u 
  600.00000m   17.6882u 
  650.00000m   22.0031u 
  700.00000m   26.2068u 
  750.00000m   30.2675u 
  800.00000m   34.1694u 
  850.00000m   37.9043u 
  900.00000m   41.4679u 
  950.00000m   44.8587u 
    1.00000    48.0769u 
y
 vth0_value= 258.8658m
 u0_param=  49.2367m
 ags_param= 419.3309m
 
   *** monte carlo  index = 362 ***
x

 volt         param     
             i_d_0.2    
    0.         26.4674p 
   50.00000m  137.5801p 
  100.00000m  704.5018p 
  150.00000m    3.4707n 
  200.00000m   15.9300n 
  250.00000m   65.8518n 
  300.00000m  240.8992n 
  350.00000m  763.5152n 
  400.00000m    2.0016u 
  450.00000m    4.2547u 
  500.00000m    7.5155u 
  550.00000m   11.4482u 
  600.00000m   15.6288u 
  650.00000m   19.8139u 
  700.00000m   23.9064u 
  750.00000m   27.8664u 
  800.00000m   31.6751u 
  850.00000m   35.3231u 
  900.00000m   38.8057u 
  950.00000m   42.1207u 
    1.00000    45.2684u 
y
 vth0_value= 276.2341m
 u0_param=  48.0955m
 ags_param= 415.5428m
 
   *** monte carlo  index = 363 ***
x

 volt         param     
             i_d_0.2    
    0.         39.2497p 
   50.00000m  203.7686p 
  100.00000m    1.0367n 
  150.00000m    5.0419n 
  200.00000m   22.6582n 
  250.00000m   91.1898n 
  300.00000m  323.8920n 
  350.00000m  987.4835n 
  400.00000m    2.4683u 
  450.00000m    5.0161u 
  500.00000m    8.5413u 
  550.00000m   12.6507u 
  600.00000m   16.9408u 
  650.00000m   21.2066u 
  700.00000m   25.3674u 
  750.00000m   29.3887u 
  800.00000m   33.2541u 
  850.00000m   36.9548u 
  900.00000m   40.4864u 
  950.00000m   43.8472u 
    1.00000    47.0375u 
y
 vth0_value= 264.9048m
 u0_param=  48.7848m
 ags_param= 415.8706m
 
   *** monte carlo  index = 364 ***
x

 volt         param     
             i_d_0.2    
    0.         53.0780p 
   50.00000m  275.0261p 
  100.00000m    1.3910n 
  150.00000m    6.6895n 
  200.00000m   29.5388n 
  250.00000m  116.3877n 
  300.00000m  403.6740n 
  350.00000m    1.1920u 
  400.00000m    2.8707u 
  450.00000m    5.6406u 
  500.00000m    9.3482u 
  550.00000m   13.5671u 
  600.00000m   17.9202u 
  650.00000m   22.2301u 
  700.00000m   26.4270u 
  750.00000m   30.4802u 
  800.00000m   34.3745u 
  850.00000m   38.1017u 
  900.00000m   41.6579u 
  950.00000m   45.0414u 
    1.00000    48.2526u 
y
 vth0_value= 256.1056m
 u0_param=  49.1256m
 ags_param= 426.9695m
 
   *** monte carlo  index = 365 ***
x

 volt         param     
             i_d_0.2    
    0.         60.7694p 
   50.00000m  314.5533p 
  100.00000m    1.5866n 
  150.00000m    7.5910n 
  200.00000m   33.2596n 
  250.00000m  129.8571n 
  300.00000m  445.6964n 
  350.00000m    1.2976u 
  400.00000m    3.0756u 
  450.00000m    5.9586u 
  500.00000m    9.7646u 
  550.00000m   14.0540u 
  600.00000m   18.4602u 
  650.00000m   22.8158u 
  700.00000m   27.0544u 
  750.00000m   31.1466u 
  800.00000m   35.0775u 
  850.00000m   38.8394u 
  900.00000m   42.4282u 
  950.00000m   45.8424u 
    1.00000    49.0823u 
y
 vth0_value= 252.3590m
 u0_param=  49.5912m
 ags_param= 422.2345m
 
   *** monte carlo  index = 366 ***
x

 volt         param     
             i_d_0.2    
    0.         76.4722p 
   50.00000m  395.0532p 
  100.00000m    1.9830n 
  150.00000m    9.4032n 
  200.00000m   40.6592n 
  250.00000m  156.3519n 
  300.00000m  527.1546n 
  350.00000m    1.4984u 
  400.00000m    3.4591u 
  450.00000m    6.5499u 
  500.00000m   10.5402u 
  550.00000m   14.9702u 
  600.00000m   19.4908u 
  650.00000m   23.9486u 
  700.00000m   28.2823u 
  750.00000m   32.4641u 
  800.00000m   36.4799u 
  850.00000m   40.3220u 
  900.00000m   43.9865u 
  950.00000m   47.4722u 
    1.00000    50.7795u 
y
 vth0_value= 246.1718m
 u0_param=  50.6792m
 ags_param= 415.6653m
 
   *** monte carlo  index = 367 ***
x

 volt         param     
             i_d_0.2    
    0.         55.0712p 
   50.00000m  285.3421p 
  100.00000m    1.4428n 
  150.00000m    6.9345n 
  200.00000m   30.5940n 
  250.00000m  120.4166n 
  300.00000m  417.1109n 
  350.00000m    1.2295u 
  400.00000m    2.9549u 
  450.00000m    5.7952u 
  500.00000m    9.5899u 
  550.00000m   13.9030u 
  600.00000m   18.3510u 
  650.00000m   22.7539u 
  700.00000m   27.0407u 
  750.00000m   31.1803u 
  800.00000m   35.1572u 
  850.00000m   38.9633u 
  900.00000m   42.5944u 
  950.00000m   46.0490u 
    1.00000    49.3275u 
y
 vth0_value= 255.6881m
 u0_param=  50.2021m
 ags_param= 422.9031m
 
   *** monte carlo  index = 368 ***
x

 volt         param     
             i_d_0.2    
    0.         60.3105p 
   50.00000m  312.2160p 
  100.00000m    1.5752n 
  150.00000m    7.5404n 
  200.00000m   33.0631n 
  250.00000m  129.2023n 
  300.00000m  443.8866n 
  350.00000m    1.2941u 
  400.00000m    3.0716u 
  450.00000m    5.9586u 
  500.00000m    9.7745u 
  550.00000m   14.0789u 
  600.00000m   18.5025u 
  650.00000m   22.8758u 
  700.00000m   27.1318u 
  750.00000m   31.2409u 
  800.00000m   35.1880u 
  850.00000m   38.9654u 
  900.00000m   42.5690u 
  950.00000m   45.9972u 
    1.00000    49.2505u 
y
 vth0_value= 252.7211m
 u0_param=  49.8046m
 ags_param= 419.6781m
 
   *** monte carlo  index = 369 ***
x

 volt         param     
             i_d_0.2    
    0.         92.9514p 
   50.00000m  479.1010p 
  100.00000m    2.3927n 
  150.00000m   11.2434n 
  200.00000m   47.9864n 
  250.00000m  181.8442n 
  300.00000m  602.4481n 
  350.00000m    1.6728u 
  400.00000m    3.7676u 
  450.00000m    6.9853u 
  500.00000m   11.0553u 
  550.00000m   15.5140u 
  600.00000m   20.0383u 
  650.00000m   24.4907u 
  700.00000m   28.8157u 
  750.00000m   32.9875u 
  800.00000m   36.9928u 
  850.00000m   40.8243u 
  900.00000m   44.4783u 
  950.00000m   47.9536u 
    1.00000    51.2506u 
y
 vth0_value= 240.2315m
 u0_param=  50.5189m
 ags_param= 431.2399m
 
   *** monte carlo  index = 370 ***
x

 volt         param     
             i_d_0.2    
    0.         38.8821p 
   50.00000m  201.8551p 
  100.00000m    1.0270n 
  150.00000m    4.9949n 
  200.00000m   22.4491n 
  250.00000m   90.3588n 
  300.00000m  320.9898n 
  350.00000m  978.8534n 
  400.00000m    2.4474u 
  450.00000m    4.9750u 
  500.00000m    8.4732u 
  550.00000m   12.5518u 
  600.00000m   16.8100u 
  650.00000m   21.0443u 
  700.00000m   25.1744u 
  750.00000m   29.1662u 
  800.00000m   33.0033u 
  850.00000m   36.6771u 
  900.00000m   40.1830u 
  950.00000m   43.5195u 
    1.00000    46.6867u 
y
 vth0_value= 264.9481m
 u0_param=  48.4184m
 ags_param= 415.5355m
 
   *** monte carlo  index = 371 ***
x

 volt         param     
             i_d_0.2    
    0.         59.0608p 
   50.00000m  305.9197p 
  100.00000m    1.5453n 
  150.00000m    7.4138n 
  200.00000m   32.6164n 
  250.00000m  127.9473n 
  300.00000m  441.4712n 
  350.00000m    1.2944u 
  400.00000m    3.0922u 
  450.00000m    6.0318u 
  500.00000m    9.9385u 
  550.00000m   14.3631u 
  600.00000m   18.9186u 
  650.00000m   23.4250u 
  700.00000m   27.8113u 
  750.00000m   32.0462u 
  800.00000m   36.1142u 
  850.00000m   40.0070u 
  900.00000m   43.7204u 
  950.00000m   47.2531u 
    1.00000    50.6054u 
y
 vth0_value= 254.3350m
 u0_param=  51.3891m
 ags_param= 417.8965m
 
   *** monte carlo  index = 372 ***
x

 volt         param     
             i_d_0.2    
    0.         20.1045p 
   50.00000m  104.5039p 
  100.00000m  537.2426p 
  150.00000m    2.6685n 
  200.00000m   12.4210n 
  250.00000m   52.3174n 
  300.00000m  195.3680n 
  350.00000m  635.5989n 
  400.00000m    1.7230u 
  450.00000m    3.7858u 
  500.00000m    6.8732u 
  550.00000m   10.6957u 
  600.00000m   14.8215u 
  650.00000m   18.9765u 
  700.00000m   23.0484u 
  750.00000m   26.9921u 
  800.00000m   30.7871u 
  850.00000m   34.4230u 
  900.00000m   37.8948u 
  950.00000m   41.2003u 
    1.00000    44.3396u 
y
 vth0_value= 284.3701m
 u0_param=  47.9543m
 ags_param= 402.8867m
 
   *** monte carlo  index = 373 ***
x

 volt         param     
             i_d_0.2    
    0.         32.1769p 
   50.00000m  167.2294p 
  100.00000m  854.1747p 
  150.00000m    4.1864n 
  200.00000m   19.0513n 
  250.00000m   77.8849n 
  300.00000m  281.4418n 
  350.00000m  877.7942n 
  400.00000m    2.2554u 
  450.00000m    4.7026u 
  500.00000m    8.1759u 
  550.00000m   12.3038u 
  600.00000m   16.6570u 
  650.00000m   21.0017u 
  700.00000m   25.2451u 
  750.00000m   29.3486u 
  800.00000m   33.2939u 
  850.00000m   37.0718u 
  900.00000m   40.6775u 
  950.00000m   44.1091u 
    1.00000    47.3669u 
y
 vth0_value= 271.5235m
 u0_param=  49.8508m
 ags_param= 415.0635m
 
   *** monte carlo  index = 374 ***
x

 volt         param     
             i_d_0.2    
    0.        120.0267p 
   50.00000m  616.6912p 
  100.00000m    3.0588n 
  150.00000m   14.2022n 
  200.00000m   59.6176n 
  250.00000m  221.8048n 
  300.00000m  718.3227n 
  350.00000m    1.9360u 
  400.00000m    4.2296u 
  450.00000m    7.6439u 
  500.00000m   11.8583u 
  550.00000m   16.4060u 
  600.00000m   20.9926u 
  650.00000m   25.4964u 
  700.00000m   29.8671u 
  750.00000m   34.0811u 
  800.00000m   38.1257u 
  850.00000m   41.9939u 
  900.00000m   45.6823u 
  950.00000m   49.1897u 
    1.00000    52.5166u 
y
 vth0_value= 232.8800m
 u0_param=  51.0121m
 ags_param= 424.6391m
 
   *** monte carlo  index = 375 ***
x

 volt         param     
             i_d_0.2    
    0.        144.3375p 
   50.00000m  739.1719p 
  100.00000m    3.6419n 
  150.00000m   16.7187n 
  200.00000m   69.1316n 
  250.00000m  253.0064n 
  300.00000m  802.4850n 
  350.00000m    2.1061u 
  400.00000m    4.4826u 
  450.00000m    7.9287u 
  500.00000m   12.0956u 
  550.00000m   16.5381u 
  600.00000m   20.9979u 
  650.00000m   25.3700u 
  700.00000m   29.6105u 
  750.00000m   33.6979u 
  800.00000m   37.6206u 
  850.00000m   41.3719u 
  900.00000m   44.9487u 
  950.00000m   48.3498u 
    1.00000    51.5757u 
y
 vth0_value= 226.3244m
 u0_param=  49.3968m
 ags_param= 425.9400m
 
   *** monte carlo  index = 376 ***
x

 volt         param     
             i_d_0.2    
    0.         50.2122p 
   50.00000m  260.2956p 
  100.00000m    1.3181n 
  150.00000m    6.3535n 
  200.00000m   28.1547n 
  250.00000m  111.4000n 
  300.00000m  388.2092n 
  350.00000m    1.1537u 
  400.00000m    2.7987u 
  450.00000m    5.5349u 
  500.00000m    9.2208u 
  550.00000m   13.4343u 
  600.00000m   17.7911u 
  650.00000m   22.1082u 
  700.00000m   26.3132u 
  750.00000m   30.3748u 
  800.00000m   34.2774u 
  850.00000m   38.0128u 
  900.00000m   41.5768u 
  950.00000m   44.9680u 
    1.00000    48.1865u 
y
 vth0_value= 257.8386m
 u0_param=  49.2414m
 ags_param= 422.2873m
 
   *** monte carlo  index = 377 ***
x

 volt         param     
             i_d_0.2    
    0.         28.2384p 
   50.00000m  146.7567p 
  100.00000m  750.6041p 
  150.00000m    3.6890n 
  200.00000m   16.8650n 
  250.00000m   69.3592n 
  300.00000m  252.3088n 
  350.00000m  793.9002n 
  400.00000m    2.0624u 
  450.00000m    4.3460u 
  500.00000m    7.6219u 
  550.00000m   11.5461u 
  600.00000m   15.7017u 
  650.00000m   19.8559u 
  700.00000m   23.9161u 
  750.00000m   27.8440u 
  800.00000m   31.6216u 
  850.00000m   35.2395u 
  900.00000m   38.6932u 
  950.00000m   41.9808u 
    1.00000    45.1022u 
y
 vth0_value= 274.0247m
 u0_param=  47.6813m
 ags_param= 421.5857m
 
   *** monte carlo  index = 378 ***
x

 volt         param     
             i_d_0.2    
    0.         99.1206p 
   50.00000m  510.5654p 
  100.00000m    2.5461n 
  150.00000m   11.9333n 
  200.00000m   50.7455n 
  250.00000m  191.5161n 
  300.00000m  631.3209n 
  350.00000m    1.7414u 
  400.00000m    3.8951u 
  450.00000m    7.1796u 
  500.00000m   11.3109u 
  550.00000m   15.8210u 
  600.00000m   20.3909u 
  650.00000m   24.8857u 
  700.00000m   29.2508u 
  750.00000m   33.4608u 
  800.00000m   37.5024u 
  850.00000m   41.3683u 
  900.00000m   45.0550u 
  950.00000m   48.5610u 
    1.00000    51.8871u 
y
 vth0_value= 238.6007m
 u0_param=  50.9896m
 ags_param= 427.8921m
 
   *** monte carlo  index = 379 ***
x

 volt         param     
             i_d_0.2    
    0.         49.5026p 
   50.00000m  256.6054p 
  100.00000m    1.2994n 
  150.00000m    6.2635n 
  200.00000m   27.7560n 
  250.00000m  109.8270n 
  300.00000m  382.7609n 
  350.00000m    1.1377u 
  400.00000m    2.7603u 
  450.00000m    5.4602u 
  500.00000m    9.0978u 
  550.00000m   13.2563u 
  600.00000m   17.5563u 
  650.00000m   21.8171u 
  700.00000m   25.9676u 
  750.00000m   29.9767u 
  800.00000m   33.8291u 
  850.00000m   37.5165u 
  900.00000m   41.0349u 
  950.00000m   44.3827u 
    1.00000    47.5602u 
y
 vth0_value= 257.8421m
 u0_param=  48.5880m
 ags_param= 422.4897m
 
   *** monte carlo  index = 380 ***
x

 volt         param     
             i_d_0.2    
    0.        116.2374p 
   50.00000m  597.3137p 
  100.00000m    2.9638n 
  150.00000m   13.7702n 
  200.00000m   57.8570n 
  250.00000m  215.4811n 
  300.00000m  698.8038n 
  350.00000m    1.8868u 
  400.00000m    4.1297u 
  450.00000m    7.4753u 
  500.00000m   11.6106u 
  550.00000m   16.0765u 
  600.00000m   20.5820u 
  650.00000m   25.0068u 
  700.00000m   29.3014u 
  750.00000m   33.4423u 
  800.00000m   37.4171u 
  850.00000m   41.2188u 
  900.00000m   44.8440u 
  950.00000m   48.2914u 
    1.00000    51.5616u 
y
 vth0_value= 233.2691m
 u0_param=  50.0988m
 ags_param= 426.6821m
 
   *** monte carlo  index = 381 ***
x

 volt         param     
             i_d_0.2    
    0.         92.3377p 
   50.00000m  476.0704p 
  100.00000m    2.3789n 
  150.00000m   11.1896n 
  200.00000m   47.8230n 
  250.00000m  181.4990n 
  300.00000m  602.3760n 
  350.00000m    1.6765u 
  400.00000m    3.7850u 
  450.00000m    7.0316u 
  500.00000m   11.1465u 
  550.00000m   15.6605u 
  600.00000m   20.2434u 
  650.00000m   24.7543u 
  700.00000m   29.1363u 
  750.00000m   33.3630u 
  800.00000m   37.4210u 
  850.00000m   41.3028u 
  900.00000m   45.0047u 
  950.00000m   48.5254u 
    1.00000    51.8655u 
y
 vth0_value= 240.8630m
 u0_param=  51.2154m
 ags_param= 412.9604m
 
   *** monte carlo  index = 382 ***
x

 volt         param     
             i_d_0.2    
    0.         60.3434p 
   50.00000m  312.3338p 
  100.00000m    1.5753n 
  150.00000m    7.5363n 
  200.00000m   33.0155n 
  250.00000m  128.8861n 
  300.00000m  442.3040n 
  350.00000m    1.2875u 
  400.00000m    3.0511u 
  450.00000m    5.9105u 
  500.00000m    9.6848u 
  550.00000m   13.9378u 
  600.00000m   18.3064u 
  650.00000m   22.6247u 
  700.00000m   26.8271u 
  750.00000m   30.8844u 
  800.00000m   34.7820u 
  850.00000m   38.5120u 
  900.00000m   42.0704u 
  950.00000m   45.4559u 
    1.00000    48.6686u 
y
 vth0_value= 252.2912m
 u0_param=  49.1567m
 ags_param= 421.1897m
 
   *** monte carlo  index = 383 ***
x

 volt         param     
             i_d_0.2    
    0.         99.4790p 
   50.00000m  512.2194p 
  100.00000m    2.5525n 
  150.00000m   11.9479n 
  200.00000m   50.7179n 
  250.00000m  191.0466n 
  300.00000m  628.3458n 
  350.00000m    1.7281u 
  400.00000m    3.8537u 
  450.00000m    7.0857u 
  500.00000m   11.1410u 
  550.00000m   15.5608u 
  600.00000m   20.0362u 
  650.00000m   24.4373u 
  700.00000m   28.7113u 
  750.00000m   32.8335u 
  800.00000m   36.7910u 
  850.00000m   40.5767u 
  900.00000m   44.1870u 
  950.00000m   47.6205u 
    1.00000    50.8779u 
y
 vth0_value= 237.8008m
 u0_param=  49.8878m
 ags_param= 426.5194m
 
   *** monte carlo  index = 384 ***
x

 volt         param     
             i_d_0.2    
    0.        115.9163p 
   50.00000m  595.7738p 
  100.00000m    2.9572n 
  150.00000m   13.7482n 
  200.00000m   57.8128n 
  250.00000m  215.5102n 
  300.00000m  699.6654n 
  350.00000m    1.8918u 
  400.00000m    4.1465u 
  450.00000m    7.5142u 
  500.00000m   11.6817u 
  550.00000m   16.1855u 
  600.00000m   20.7305u 
  650.00000m   25.1944u 
  700.00000m   29.5271u 
  750.00000m   33.7046u 
  800.00000m   37.7145u 
  850.00000m   41.5496u 
  900.00000m   45.2066u 
  950.00000m   48.6843u 
    1.00000    51.9831u 
y
 vth0_value= 233.6409m
 u0_param=  50.5574m
 ags_param= 432.1587m
 
   *** monte carlo  index = 385 ***
x

 volt         param     
             i_d_0.2    
    0.         50.7709p 
   50.00000m  263.1851p 
  100.00000m    1.3326n 
  150.00000m    6.4219n 
  200.00000m   28.4475n 
  250.00000m  112.5103n 
  300.00000m  391.8805n 
  350.00000m    1.1638u 
  400.00000m    2.8209u 
  450.00000m    5.5748u 
  500.00000m    9.2817u 
  550.00000m   13.5173u 
  600.00000m   17.8961u 
  650.00000m   22.2345u 
  700.00000m   26.4602u 
  750.00000m   30.5416u 
  800.00000m   34.4632u 
  850.00000m   38.2168u 
  900.00000m   41.7980u 
  950.00000m   45.2055u 
    1.00000    48.4394u 
y
 vth0_value= 257.6677m
 u0_param=  49.4912m
 ags_param= 408.7188m
 
   *** monte carlo  index = 386 ***
x

 volt         param     
             i_d_0.2    
    0.         89.4084p 
   50.00000m  460.7534p 
  100.00000m    2.3005n 
  150.00000m   10.8061n 
  200.00000m   46.0971n 
  250.00000m  174.6042n 
  300.00000m  578.2190n 
  350.00000m    1.6048u 
  400.00000m    3.6128u 
  450.00000m    6.6965u 
  500.00000m   10.5956u 
  550.00000m   14.8650u 
  600.00000m   19.1964u 
  650.00000m   23.4592u 
  700.00000m   27.6005u 
  750.00000m   31.5957u 
  800.00000m   35.4320u 
  850.00000m   39.1022u 
  900.00000m   42.6028u 
  950.00000m   45.9325u 
    1.00000    49.0917u 
y
 vth0_value= 239.9826m
 u0_param=  48.3161m
 ags_param= 427.1866m
 
   *** monte carlo  index = 387 ***
x

 volt         param     
             i_d_0.2    
    0.         75.6395p 
   50.00000m  390.7592p 
  100.00000m    1.9616n 
  150.00000m    9.3032n 
  200.00000m   40.2357n 
  250.00000m  154.7654n 
  300.00000m  521.9863n 
  350.00000m    1.4844u 
  400.00000m    3.4286u 
  450.00000m    6.4953u 
  500.00000m   10.4561u 
  550.00000m   14.8545u 
  600.00000m   19.3433u 
  650.00000m   23.7700u 
  700.00000m   28.0736u 
  750.00000m   32.2265u 
  800.00000m   36.2146u 
  850.00000m   40.0304u 
  900.00000m   43.6699u 
  950.00000m   47.1318u 
    1.00000    50.4166u 
y
 vth0_value= 246.2730m
 u0_param=  50.3175m
 ags_param= 418.2906m
 
   *** monte carlo  index = 388 ***
x

 volt         param     
             i_d_0.2    
    0.         69.1697p 
   50.00000m  357.5377p 
  100.00000m    1.7974n 
  150.00000m    8.5477n 
  200.00000m   37.1153n 
  250.00000m  143.4170n 
  300.00000m  486.3653n 
  350.00000m    1.3934u 
  400.00000m    3.2444u 
  450.00000m    6.1896u 
  500.00000m   10.0194u 
  550.00000m   14.2909u 
  600.00000m   18.6584u 
  650.00000m   22.9686u 
  700.00000m   27.1604u 
  750.00000m   31.2063u 
  800.00000m   35.0923u 
  850.00000m   38.8108u 
  900.00000m   42.3580u 
  950.00000m   45.7324u 
    1.00000    48.9345u 
y
 vth0_value= 248.1005m
 u0_param=  48.9878m
 ags_param= 436.5929m
 
   *** monte carlo  index = 389 ***
x

 volt         param     
             i_d_0.2    
    0.        150.2122p 
   50.00000m  769.0865p 
  100.00000m    3.7874n 
  150.00000m   17.3718n 
  200.00000m   71.7503n 
  250.00000m  262.2465n 
  300.00000m  830.3349n 
  350.00000m    2.1743u 
  400.00000m    4.6175u 
  450.00000m    8.1521u 
  500.00000m   12.4191u 
  550.00000m   16.9646u 
  600.00000m   21.5260u 
  650.00000m   25.9970u 
  700.00000m   30.3328u 
  750.00000m   34.5116u 
  800.00000m   38.5216u 
  850.00000m   42.3562u 
  900.00000m   46.0120u 
  950.00000m   49.4881u 
    1.00000    52.7850u 
y
 vth0_value= 225.8512m
 u0_param=  50.5362m
 ags_param= 429.8815m
 
   *** monte carlo  index = 390 ***
x

 volt         param     
             i_d_0.2    
    0.         37.1541p 
   50.00000m  192.9636p 
  100.00000m  982.9332p 
  150.00000m    4.7917n 
  200.00000m   21.6163n 
  250.00000m   87.4056n 
  300.00000m  312.0578n 
  350.00000m  957.9352n 
  400.00000m    2.4141u 
  450.00000m    4.9431u 
  500.00000m    8.4685u 
  550.00000m   12.6013u 
  600.00000m   16.9285u 
  650.00000m   21.2356u 
  700.00000m   25.4382u 
  750.00000m   29.5006u 
  800.00000m   33.4057u 
  850.00000m   37.1445u 
  900.00000m   40.7126u 
  950.00000m   44.1083u 
    1.00000    47.3316u 
y
 vth0_value= 266.8818m
 u0_param=  49.3097m
 ags_param= 410.9058m
 
   *** monte carlo  index = 391 ***
x

 volt         param     
             i_d_0.2    
    0.         33.5545p 
   50.00000m  174.3212p 
  100.00000m  889.3207p 
  150.00000m    4.3485n 
  200.00000m   19.7128n 
  250.00000m   80.2003n 
  300.00000m  288.2926n 
  350.00000m  893.0403n 
  400.00000m    2.2755u 
  450.00000m    4.7076u 
  500.00000m    8.1329u 
  550.00000m   12.1793u 
  600.00000m   16.4326u 
  650.00000m   20.6725u 
  700.00000m   24.8120u 
  750.00000m   28.8146u 
  800.00000m   32.6628u 
  850.00000m   36.3477u 
  900.00000m   39.8646u 
  950.00000m   43.2119u 
    1.00000    46.3897u 
y
 vth0_value= 269.4577m
 u0_param=  48.5810m
 ags_param= 411.5825m
 
   *** monte carlo  index = 392 ***
x

 volt         param     
             i_d_0.2    
    0.         89.0124p 
   50.00000m  458.8938p 
  100.00000m    2.2930n 
  150.00000m   10.7856n 
  200.00000m   46.0976n 
  250.00000m  174.9692n 
  300.00000m  580.8460n 
  350.00000m    1.6172u 
  400.00000m    3.6528u 
  450.00000m    6.7893u 
  500.00000m   10.7660u 
  550.00000m   15.1284u 
  600.00000m   19.5575u 
  650.00000m   23.9175u 
  700.00000m   28.1534u 
  750.00000m   32.2397u 
  800.00000m   36.1632u 
  850.00000m   39.9169u 
  900.00000m   43.4969u 
  950.00000m   46.9019u 
    1.00000    50.1325u 
y
 vth0_value= 240.8549m
 u0_param=  49.4563m
 ags_param= 421.4535m
 
   *** monte carlo  index = 393 ***
x

 volt         param     
             i_d_0.2    
    0.        113.6508p 
   50.00000m  584.1888p 
  100.00000m    2.9004n 
  150.00000m   13.4900n 
  200.00000m   56.7608n 
  250.00000m  211.7315n 
  300.00000m  687.9946n 
  350.00000m    1.8624u 
  400.00000m    4.0867u 
  450.00000m    7.4131u 
  500.00000m   11.5333u 
  550.00000m   15.9884u 
  600.00000m   20.4853u 
  650.00000m   24.9026u 
  700.00000m   29.1902u 
  750.00000m   33.3246u 
  800.00000m   37.2932u 
  850.00000m   41.0891u 
  900.00000m   44.7087u 
  950.00000m   48.1510u 
    1.00000    51.4163u 
y
 vth0_value= 233.8975m
 u0_param=  50.0258m
 ags_param= 403.5009m
 
   *** monte carlo  index = 394 ***
x

 volt         param     
             i_d_0.2    
    0.         47.7486p 
   50.00000m  247.6116p 
  100.00000m    1.2552n 
  150.00000m    6.0616n 
  200.00000m   26.9405n 
  250.00000m  106.9731n 
  300.00000m  374.2710n 
  350.00000m    1.1183u 
  400.00000m    2.7296u 
  450.00000m    5.4283u 
  500.00000m    9.0835u 
  550.00000m   13.2785u 
  600.00000m   17.6243u 
  650.00000m   21.9334u 
  700.00000m   26.1317u 
  750.00000m   30.1874u 
  800.00000m   34.0846u 
  850.00000m   37.8151u 
  900.00000m   41.3745u 
  950.00000m   44.7614u 
    1.00000    47.9759u 
y
 vth0_value= 259.3012m
 u0_param=  49.1779m
 ags_param= 416.8005m
 
   *** monte carlo  index = 395 ***
x

 volt         param     
             i_d_0.2    
    0.         89.2926p 
   50.00000m  460.3723p 
  100.00000m    2.3007n 
  150.00000m   10.8243n 
  200.00000m   46.2781n 
  250.00000m  175.7148n 
  300.00000m  583.5518n 
  350.00000m    1.6256u 
  400.00000m    3.6737u 
  450.00000m    6.8310u 
  500.00000m   10.8357u 
  550.00000m   15.2303u 
  600.00000m   19.6927u 
  650.00000m   24.0856u 
  700.00000m   28.3532u 
  750.00000m   32.4702u 
  800.00000m   36.4232u 
  850.00000m   40.2048u 
  900.00000m   43.8115u 
  950.00000m   47.2418u 
    1.00000    50.4964u 
y
 vth0_value= 241.0045m
 u0_param=  49.8384m
 ags_param= 427.0305m
 
   *** monte carlo  index = 396 ***
x

 volt         param     
             i_d_0.2    
    0.         72.9411p 
   50.00000m  376.9698p 
  100.00000m    1.8941n 
  150.00000m    8.9983n 
  200.00000m   39.0125n 
  250.00000m  150.4792n 
  300.00000m  509.1993n 
  350.00000m    1.4544u 
  400.00000m    3.3754u 
  450.00000m    6.4207u 
  500.00000m   10.3697u 
  550.00000m   14.7666u 
  600.00000m   19.2591u 
  650.00000m   23.6911u 
  700.00000m   28.0006u 
  750.00000m   32.1596u 
  800.00000m   36.1537u 
  850.00000m   39.9752u 
  900.00000m   43.6203u 
  950.00000m   47.0876u 
    1.00000    50.3775u 
y
 vth0_value= 247.4092m
 u0_param=  50.3966m
 ags_param= 427.0663m
 
   *** monte carlo  index = 397 ***
x

 volt         param     
             i_d_0.2    
    0.        139.2821p 
   50.00000m  713.9693p 
  100.00000m    3.5244n 
  150.00000m   16.2315n 
  200.00000m   67.3979n 
  250.00000m  247.7776n 
  300.00000m  790.4150n 
  350.00000m    2.0895u 
  400.00000m    4.4783u 
  450.00000m    7.9664u 
  500.00000m   12.2073u 
  550.00000m   16.7434u 
  600.00000m   21.3026u 
  650.00000m   25.7739u 
  700.00000m   30.1111u 
  750.00000m   34.2916u 
  800.00000m   38.3036u 
  850.00000m   42.1404u 
  900.00000m   45.7985u 
  950.00000m   49.2768u 
    1.00000    52.5759u 
y
 vth0_value= 228.1417m
 u0_param=  50.5718m
 ags_param= 420.8188m
 
   *** monte carlo  index = 398 ***
x

 volt         param     
             i_d_0.2    
    0.        105.2574p 
   50.00000m  541.6828p 
  100.00000m    2.6961n 
  150.00000m   12.5935n 
  200.00000m   53.3023n 
  250.00000m  200.1254n 
  300.00000m  655.5297n 
  350.00000m    1.7932u 
  400.00000m    3.9768u 
  450.00000m    7.2780u 
  500.00000m   11.4019u 
  550.00000m   15.8843u 
  600.00000m   20.4181u 
  650.00000m   24.8748u 
  700.00000m   29.2019u 
  750.00000m   33.3748u 
  800.00000m   37.3806u 
  850.00000m   41.2122u 
  900.00000m   44.8661u 
  950.00000m   48.3409u 
    1.00000    51.6373u 
y
 vth0_value= 236.5060m
 u0_param=  50.5163m
 ags_param= 422.1708m
 
   *** monte carlo  index = 399 ***
x

 volt         param     
             i_d_0.2    
    0.        110.0059p 
   50.00000m  565.7729p 
  100.00000m    2.8123n 
  150.00000m   13.1066n 
  200.00000m   55.3008n 
  250.00000m  206.9140n 
  300.00000m  674.8842n 
  350.00000m    1.8359u 
  400.00000m    4.0485u 
  450.00000m    7.3743u 
  500.00000m   11.5100u 
  550.00000m   15.9925u 
  600.00000m   20.5214u 
  650.00000m   24.9714u 
  700.00000m   29.2914u 
  750.00000m   33.4570u 
  800.00000m   37.4557u 
  850.00000m   41.2804u 
  900.00000m   44.9276u 
  950.00000m   48.3960u 
    1.00000    51.6862u 
y
 vth0_value= 235.1207m
 u0_param=  50.4159m
 ags_param= 433.1109m
 
   *** monte carlo  index = 400 ***
x

 volt         param     
             i_d_0.2    
    0.         55.3816p 
   50.00000m  286.9174p 
  100.00000m    1.4504n 
  150.00000m    6.9677n 
  200.00000m   30.7184n 
  250.00000m  120.8054n 
  300.00000m  418.0680n 
  350.00000m    1.2308u 
  400.00000m    2.9538u 
  450.00000m    5.7860u 
  500.00000m    9.5654u 
  550.00000m   13.8572u 
  600.00000m   18.2813u 
  650.00000m   22.6599u 
  700.00000m   26.9229u 
  750.00000m   31.0395u 
  800.00000m   34.9944u 
  850.00000m   38.7794u 
  900.00000m   42.3904u 
  950.00000m   45.8259u 
    1.00000    49.0862u 
y
 vth0_value= 255.3374m
 u0_param=  49.9122m
 ags_param= 425.4156m
 
   *** monte carlo  index = 401 ***
x

 volt         param     
             i_d_0.2    
    0.         75.7186p 
   50.00000m  391.0149p 
  100.00000m    1.9614n 
  150.00000m    9.2895n 
  200.00000m   40.0980n 
  250.00000m  153.9023n 
  300.00000m  517.7938n 
  350.00000m    1.4677u 
  400.00000m    3.3783u 
  450.00000m    6.3813u 
  500.00000m   10.2489u 
  550.00000m   14.5348u 
  600.00000m   18.9049u 
  650.00000m   23.2135u 
  700.00000m   27.4020u 
  750.00000m   31.4441u 
  800.00000m   35.3260u 
  850.00000m   39.0404u 
  900.00000m   42.5834u 
  950.00000m   45.9536u 
    1.00000    49.1515u 
y
 vth0_value= 245.3575m
 u0_param=  48.9306m
 ags_param= 414.3595m
 
   *** monte carlo  index = 402 ***
x

 volt         param     
             i_d_0.2    
    0.        103.1511p 
   50.00000m  530.7676p 
  100.00000m    2.6411n 
  150.00000m   12.3326n 
  200.00000m   52.1730n 
  250.00000m  195.7943n 
  300.00000m  641.0309n 
  350.00000m    1.7525u 
  400.00000m    3.8844u 
  450.00000m    7.1060u 
  500.00000m   11.1284u 
  550.00000m   15.4985u 
  600.00000m   19.9180u 
  650.00000m   24.2625u 
  700.00000m   28.4808u 
  750.00000m   32.5491u 
  800.00000m   36.4548u 
  850.00000m   40.1910u 
  900.00000m   43.7540u 
  950.00000m   47.1427u 
    1.00000    50.3575u 
y
 vth0_value= 236.2787m
 u0_param=  49.2062m
 ags_param= 432.1570m
 
   *** monte carlo  index = 403 ***
x

 volt         param     
             i_d_0.2    
    0.         27.9184p 
   50.00000m  145.0855p 
  100.00000m  742.0626p 
  150.00000m    3.6472n 
  200.00000m   16.6749n 
  250.00000m   68.5839n 
  300.00000m  249.5203n 
  350.00000m  785.2706n 
  400.00000m    2.0405u 
  450.00000m    4.3008u 
  500.00000m    7.5443u 
  550.00000m   11.4303u 
  600.00000m   15.5458u 
  650.00000m   19.6601u 
  700.00000m   23.6815u 
  750.00000m   27.5720u 
  800.00000m   31.3138u 
  850.00000m   34.8975u 
  900.00000m   38.3186u 
  950.00000m   41.5753u 
    1.00000    44.6674u 
y
 vth0_value= 274.0608m
 u0_param=  47.2232m
 ags_param= 401.3293m
 
   *** monte carlo  index = 404 ***
x

 volt         param     
             i_d_0.2    
    0.         82.0341p 
   50.00000m  423.4765p 
  100.00000m    2.1221n 
  150.00000m   10.0323n 
  200.00000m   43.1885n 
  250.00000m  165.2509n 
  300.00000m  553.8627n 
  350.00000m    1.5618u 
  400.00000m    3.5751u 
  450.00000m    6.7203u 
  500.00000m   10.7523u 
  550.00000m   15.2077u 
  600.00000m   19.7451u 
  650.00000m   24.2162u 
  700.00000m   28.5616u 
  750.00000m   32.7541u 
  800.00000m   36.7797u 
  850.00000m   40.6311u 
  900.00000m   44.3042u 
  950.00000m   47.7979u 
    1.00000    51.1127u 
y
 vth0_value= 244.1473m
 u0_param=  50.8010m
 ags_param= 419.5674m
 
   *** monte carlo  index = 405 ***
x

 volt         param     
             i_d_0.2    
    0.         49.2794p 
   50.00000m  255.5297p 
  100.00000m    1.2948n 
  150.00000m    6.2489n 
  200.00000m   27.7435n 
  250.00000m  110.0184n 
  300.00000m  384.3465n 
  350.00000m    1.1460u 
  400.00000m    2.7906u 
  450.00000m    5.5376u 
  500.00000m    9.2502u 
  550.00000m   13.5047u 
  600.00000m   17.9092u 
  650.00000m   22.2753u 
  700.00000m   26.5286u 
  750.00000m   30.6370u 
  800.00000m   34.5846u 
  850.00000m   38.3631u 
  900.00000m   41.9682u 
  950.00000m   45.3983u 
    1.00000    48.6538u 
y
 vth0_value= 258.7747m
 u0_param=  49.8313m
 ags_param= 419.6730m
 
   *** monte carlo  index = 406 ***
x

 volt         param     
             i_d_0.2    
    0.        117.6502p 
   50.00000m  604.4389p 
  100.00000m    2.9978n 
  150.00000m   13.9171n 
  200.00000m   58.4119n 
  250.00000m  217.2944n 
  300.00000m  703.6637n 
  350.00000m    1.8964u 
  400.00000m    4.1429u 
  450.00000m    7.4875u 
  500.00000m   11.6155u 
  550.00000m   16.0694u 
  600.00000m   20.5612u 
  650.00000m   24.9720u 
  700.00000m   29.2529u 
  750.00000m   33.3805u 
  800.00000m   37.3425u 
  850.00000m   41.1319u 
  900.00000m   44.7454u 
  950.00000m   48.1817u 
    1.00000    51.4413u 
y
 vth0_value= 232.7996m
 u0_param=  49.9298m
 ags_param= 427.7440m
 
   *** monte carlo  index = 407 ***
x

 volt         param     
             i_d_0.2    
    0.        191.0989p 
   50.00000m  973.8521p 
  100.00000m    4.7515n 
  150.00000m   21.4645n 
  200.00000m   86.9516n 
  250.00000m  311.1436n 
  300.00000m  958.2783n 
  350.00000m    2.4252u 
  400.00000m    4.9866u 
  450.00000m    8.5753u 
  500.00000m   12.8022u 
  550.00000m   17.2452u 
  600.00000m   21.6819u 
  650.00000m   26.0230u 
  700.00000m   30.2300u 
  750.00000m   34.2834u 
  800.00000m   38.1725u 
  850.00000m   41.8912u 
  900.00000m   45.4363u 
  950.00000m   48.8067u 
    1.00000    52.0032u 
y
 vth0_value= 217.5888m
 u0_param=  48.9350m
 ags_param= 418.0046m
 
   *** monte carlo  index = 408 ***
x

 volt         param     
             i_d_0.2    
    0.        100.5928p 
   50.00000m  517.9021p 
  100.00000m    2.5802n 
  150.00000m   12.0728n 
  200.00000m   51.2198n 
  250.00000m  192.8158n 
  300.00000m  633.6674n 
  350.00000m    1.7409u 
  400.00000m    3.8781u 
  450.00000m    7.1241u 
  500.00000m   11.1935u 
  550.00000m   15.6264u 
  600.00000m   20.1141u 
  650.00000m   24.5271u 
  700.00000m   28.8123u 
  750.00000m   32.9454u 
  800.00000m   36.9131u 
  850.00000m   40.7086u 
  900.00000m   44.3281u 
  950.00000m   47.7705u 
    1.00000    51.0362u 
y
 vth0_value= 237.5534m
 u0_param=  50.0235m
 ags_param= 417.5274m
 
   *** monte carlo  index = 409 ***
x

 volt         param     
             i_d_0.2    
    0.         61.7650p 
   50.00000m  319.7596p 
  100.00000m    1.6132n 
  150.00000m    7.7217n 
  200.00000m   33.8535n 
  250.00000m  132.2653n 
  300.00000m  454.2768n 
  350.00000m    1.3238u 
  400.00000m    3.1405u 
  450.00000m    6.0891u 
  500.00000m    9.9846u 
  550.00000m   14.3781u 
  600.00000m   18.8927u 
  650.00000m   23.3557u 
  700.00000m   27.6987u 
  750.00000m   31.8913u 
  800.00000m   35.9186u 
  850.00000m   39.7724u 
  900.00000m   43.4486u 
  950.00000m   46.9457u 
    1.00000    50.2643u 
y
 vth0_value= 252.6647m
 u0_param=  50.8504m
 ags_param= 418.5181m
 
   *** monte carlo  index = 410 ***
x

 volt         param     
             i_d_0.2    
    0.        190.7840p 
   50.00000m  973.0628p 
  100.00000m    4.7551n 
  150.00000m   21.5354n 
  200.00000m   87.5108n 
  250.00000m  314.1834n 
  300.00000m  971.7883n 
  350.00000m    2.4720u 
  400.00000m    5.1069u 
  450.00000m    8.8154u 
  500.00000m   13.1996u 
  550.00000m   17.8173u 
  600.00000m   22.4314u 
  650.00000m   26.9469u 
  700.00000m   31.3227u 
  750.00000m   35.5385u 
  800.00000m   39.5830u 
  850.00000m   43.4499u 
  900.00000m   47.1360u 
  950.00000m   50.6403u 
    1.00000    53.9634u 
y
 vth0_value= 218.9361m
 u0_param=  50.9693m
 ags_param= 426.0339m
 
   *** monte carlo  index = 411 ***
x

 volt         param     
             i_d_0.2    
    0.         73.3262p 
   50.00000m  378.8590p 
  100.00000m    1.9026n 
  150.00000m    9.0297n 
  200.00000m   39.0939n 
  250.00000m  150.5564n 
  300.00000m  508.5446n 
  350.00000m    1.4491u 
  400.00000m    3.3545u 
  450.00000m    6.3670u 
  500.00000m   10.2652u 
  550.00000m   14.5990u 
  600.00000m   19.0240u 
  650.00000m   23.3887u 
  700.00000m   27.6325u 
  750.00000m   31.7281u 
  800.00000m   35.6614u 
  850.00000m   39.4249u 
  900.00000m   43.0148u 
  950.00000m   46.4296u 
    1.00000    49.6699u 
y
 vth0_value= 246.7497m
 u0_param=  49.6027m
 ags_param= 422.3393m
 
   *** monte carlo  index = 412 ***
x

 volt         param     
             i_d_0.2    
    0.         30.3246p 
   50.00000m  157.5851p 
  100.00000m  805.2110p 
  150.00000m    3.9496n 
  200.00000m   17.9979n 
  250.00000m   73.7079n 
  300.00000m  266.8872n 
  350.00000m  834.6778n 
  400.00000m    2.1520u 
  450.00000m    4.5018u 
  500.00000m    7.8484u 
  550.00000m   11.8351u 
  600.00000m   16.0446u 
  650.00000m   20.2478u 
  700.00000m   24.3542u 
  750.00000m   28.3258u 
  800.00000m   32.1450u 
  850.00000m   35.8025u 
  900.00000m   39.2936u 
  950.00000m   42.6166u 
    1.00000    45.7715u 
y
 vth0_value= 272.2453m
 u0_param=  48.2162m
 ags_param= 408.0302m
 
   *** monte carlo  index = 413 ***
x

 volt         param     
             i_d_0.2    
    0.         34.0177p 
   50.00000m  176.7621p 
  100.00000m  902.0237p 
  150.00000m    4.4128n 
  200.00000m   20.0204n 
  250.00000m   81.5314n 
  300.00000m  293.3718n 
  350.00000m  909.9157n 
  400.00000m    2.3220u 
  450.00000m    4.8102u 
  500.00000m    8.3191u 
  550.00000m   12.4689u 
  600.00000m   16.8339u 
  650.00000m   21.1860u 
  700.00000m   25.4351u 
  750.00000m   29.5434u 
  800.00000m   33.4931u 
  850.00000m   37.2748u 
  900.00000m   40.8840u 
  950.00000m   44.3189u 
    1.00000    47.5797u 
y
 vth0_value= 269.8915m
 u0_param=  49.8991m
 ags_param= 420.3266m
 
   *** monte carlo  index = 414 ***
x

 volt         param     
             i_d_0.2    
    0.         36.6737p 
   50.00000m  190.4968p 
  100.00000m  970.7661p 
  150.00000m    4.7362n 
  200.00000m   21.3926n 
  250.00000m   86.6373n 
  300.00000m  309.8432n 
  350.00000m  953.2723n 
  400.00000m    2.4089u 
  450.00000m    4.9446u 
  500.00000m    8.4880u 
  550.00000m   12.6499u 
  600.00000m   17.0118u 
  650.00000m   21.3551u 
  700.00000m   25.5934u 
  750.00000m   29.6906u 
  800.00000m   33.6290u 
  850.00000m   37.3998u 
  900.00000m   40.9983u 
  950.00000m   44.4229u 
    1.00000    47.6737u 
y
 vth0_value= 267.5485m
 u0_param=  49.7464m
 ags_param= 410.9962m
 
   *** monte carlo  index = 415 ***
x

 volt         param     
             i_d_0.2    
    0.         31.7253p 
   50.00000m  164.8407p 
  100.00000m  841.6468p 
  150.00000m    4.1221n 
  200.00000m   18.7372n 
  250.00000m   76.4927n 
  300.00000m  276.0082n 
  350.00000m  859.2760n 
  400.00000m    2.2030u 
  450.00000m    4.5840u 
  500.00000m    7.9570u 
  550.00000m   11.9589u 
  600.00000m   16.1751u 
  650.00000m   20.3816u 
  700.00000m   24.4899u 
  750.00000m   28.4629u 
  800.00000m   32.2831u 
  850.00000m   35.9414u 
  900.00000m   39.4332u 
  950.00000m   42.7567u 
    1.00000    45.9120u 
y
 vth0_value= 270.8994m
 u0_param=  48.2221m
 ags_param= 416.0649m
 
   *** monte carlo  index = 416 ***
x

 volt         param     
             i_d_0.2    
    0.         22.6020p 
   50.00000m  117.5348p 
  100.00000m  603.6635p 
  150.00000m    2.9921n 
  200.00000m   13.8758n 
  250.00000m   58.1504n 
  300.00000m  215.9235n 
  350.00000m  697.4179n 
  400.00000m    1.8729u 
  450.00000m    4.0761u 
  500.00000m    7.3411u 
  550.00000m   11.3531u 
  600.00000m   15.6650u 
  650.00000m   19.9996u 
  700.00000m   24.2445u 
  750.00000m   28.3541u 
  800.00000m   32.3076u 
  850.00000m   36.0947u 
  900.00000m   39.7102u 
  950.00000m   43.1520u 
    1.00000    46.4202u 
y
 vth0_value= 282.1800m
 u0_param=  50.0018m
 ags_param= 410.9447m
 
   *** monte carlo  index = 417 ***
x

 volt         param     
             i_d_0.2    
    0.         42.6925p 
   50.00000m  221.5696p 
  100.00000m    1.1258n 
  150.00000m    5.4614n 
  200.00000m   24.4449n 
  250.00000m   97.8939n 
  300.00000m  345.7783n 
  350.00000m    1.0464u 
  400.00000m    2.5924u 
  450.00000m    5.2255u 
  500.00000m    8.8394u 
  550.00000m   13.0275u 
  600.00000m   17.3871u 
  650.00000m   21.7172u 
  700.00000m   25.9388u 
  750.00000m   30.0181u 
  800.00000m   33.9385u 
  850.00000m   37.6915u 
  900.00000m   41.2727u 
  950.00000m   44.6805u 
    1.00000    47.9151u 
y
 vth0_value= 262.8480m
 u0_param=  49.4945m
 ags_param= 410.7413m
 
   *** monte carlo  index = 418 ***
x

 volt         param     
             i_d_0.2    
    0.         50.2870p 
   50.00000m  260.6748p 
  100.00000m    1.3200n 
  150.00000m    6.3614n 
  200.00000m   28.1837n 
  250.00000m  111.4864n 
  300.00000m  388.3988n 
  350.00000m    1.1538u 
  400.00000m    2.7977u 
  450.00000m    5.5308u 
  500.00000m    9.2110u 
  550.00000m   13.4170u 
  600.00000m   17.7655u 
  650.00000m   22.0741u 
  700.00000m   26.2710u 
  750.00000m   30.3246u 
  800.00000m   34.2197u 
  850.00000m   37.9478u 
  900.00000m   41.5050u 
  950.00000m   44.8895u 
    1.00000    48.1018u 
y
 vth0_value= 257.7333m
 u0_param=  49.1467m
 ags_param= 404.3175m
 
   *** monte carlo  index = 419 ***
x

 volt         param     
             i_d_0.2    
    0.         54.5590p 
   50.00000m  282.7940p 
  100.00000m    1.4310n 
  150.00000m    6.8880n 
  200.00000m   30.4560n 
  250.00000m  120.1816n 
  300.00000m  417.4791n 
  350.00000m    1.2352u 
  400.00000m    2.9813u 
  450.00000m    5.8688u 
  500.00000m    9.7405u 
  550.00000m   14.1533u 
  600.00000m   18.7101u 
  650.00000m   23.2226u 
  700.00000m   27.6166u 
  750.00000m   31.8597u 
  800.00000m   35.9359u 
  850.00000m   39.8368u 
  900.00000m   43.5582u 
  950.00000m   47.0986u 
    1.00000    50.4583u 
y
 vth0_value= 256.7740m
 u0_param=  51.5033m
 ags_param= 426.5640m
 
   *** monte carlo  index = 420 ***
x

 volt         param     
             i_d_0.2    
    0.         26.7892p 
   50.00000m  139.2681p 
  100.00000m  713.2080p 
  150.00000m    3.5141n 
  200.00000m   16.1328n 
  250.00000m   66.7089n 
  300.00000m  244.0994n 
  350.00000m  773.8858n 
  400.00000m    2.0295u 
  450.00000m    4.3153u 
  500.00000m    7.6242u 
  550.00000m   11.6162u 
  600.00000m   15.8608u 
  650.00000m   20.1104u 
  700.00000m   24.2658u 
  750.00000m   28.2865u 
  800.00000m   32.1536u 
  850.00000m   35.8573u 
  900.00000m   39.3929u 
  950.00000m   42.7583u 
    1.00000    45.9537u 
y
 vth0_value= 276.3657m
 u0_param=  48.8541m
 ags_param= 406.1480m
 
   *** monte carlo  index = 421 ***
x

 volt         param     
             i_d_0.2    
    0.         54.3803p 
   50.00000m  281.8014p 
  100.00000m    1.4254n 
  150.00000m    6.8551n 
  200.00000m   30.2731n 
  250.00000m  119.2890n 
  300.00000m  413.7332n 
  350.00000m    1.2216u 
  400.00000m    2.9417u 
  450.00000m    5.7792u 
  500.00000m    9.5765u 
  550.00000m   13.8979u 
  600.00000m   18.3570u 
  650.00000m   22.7719u 
  700.00000m   27.0706u 
  750.00000m   31.2219u 
  800.00000m   35.2101u 
  850.00000m   39.0270u 
  900.00000m   42.6684u 
  950.00000m   46.1329u 
    1.00000    49.4207u 
y
 vth0_value= 256.1607m
 u0_param=  50.3540m
 ags_param= 410.3421m
 
   *** monte carlo  index = 422 ***
x

 volt         param     
             i_d_0.2    
    0.         64.0287p 
   50.00000m  331.3466p 
  100.00000m    1.6701n 
  150.00000m    7.9799n 
  200.00000m   34.8937n 
  250.00000m  135.9156n 
  300.00000m  465.1887n 
  350.00000m    1.3492u 
  400.00000m    3.1843u 
  450.00000m    6.1460u 
  500.00000m   10.0415u 
  550.00000m   14.4212u 
  600.00000m   18.9154u 
  650.00000m   23.3560u 
  700.00000m   27.6763u 
  750.00000m   31.8469u 
  800.00000m   35.8528u 
  850.00000m   39.6860u 
  900.00000m   43.3426u 
  950.00000m   46.8210u 
    1.00000    50.1218u 
y
 vth0_value= 251.4118m
 u0_param=  50.5661m
 ags_param= 419.6889m
 
   *** monte carlo  index = 423 ***
x

 volt         param     
             i_d_0.2    
    0.         26.0639p 
   50.00000m  135.5290p 
  100.00000m  694.6359p 
  150.00000m    3.4282n 
  200.00000m   15.7818n 
  250.00000m   65.4922n 
  300.00000m  240.5774n 
  350.00000m  766.4759n 
  400.00000m    2.0225u 
  450.00000m    4.3262u 
  500.00000m    7.6809u 
  550.00000m   11.7472u 
  600.00000m   16.0829u 
  650.00000m   20.4281u 
  700.00000m   24.6784u 
  750.00000m   28.7913u 
  800.00000m   32.7471u 
  850.00000m   36.5357u 
  900.00000m   40.1523u 
  950.00000m   43.5948u 
    1.00000    46.8633u 
y
 vth0_value= 277.9248m
 u0_param=  50.0140m
 ags_param= 407.2484m
 
   *** monte carlo  index = 424 ***
x

 volt         param     
             i_d_0.2    
    0.         46.9369p 
   50.00000m  243.4190p 
  100.00000m    1.2342n 
  150.00000m    5.9632n 
  200.00000m   26.5231n 
  250.00000m  105.4101n 
  300.00000m  369.1791n 
  350.00000m    1.1046u 
  400.00000m    2.7005u 
  450.00000m    5.3783u 
  500.00000m    9.0104u 
  550.00000m   13.1831u 
  600.00000m   17.5079u 
  650.00000m   21.7969u 
  700.00000m   25.9761u 
  750.00000m   30.0135u 
  800.00000m   33.8932u 
  850.00000m   37.6070u 
  900.00000m   41.1506u 
  950.00000m   44.5225u 
    1.00000    47.7229u 
y
 vth0_value= 259.6685m
 u0_param=  48.9524m
 ags_param= 413.9352m
 
   *** monte carlo  index = 425 ***
x

 volt         param     
             i_d_0.2    
    0.         51.9627p 
   50.00000m  269.3353p 
  100.00000m    1.3633n 
  150.00000m    6.5654n 
  200.00000m   29.0541n 
  250.00000m  114.7702n 
  300.00000m  399.1976n 
  350.00000m    1.1833u 
  400.00000m    2.8620u 
  450.00000m    5.6449u 
  500.00000m    9.3838u 
  550.00000m   13.6502u 
  600.00000m   18.0582u 
  650.00000m   22.4244u 
  700.00000m   26.6767u 
  750.00000m   30.7837u 
  800.00000m   34.7296u 
  850.00000m   38.5063u 
  900.00000m   42.1095u 
  950.00000m   45.5378u 
    1.00000    48.7914u 
y
 vth0_value= 257.1744m
 u0_param=  49.8059m
 ags_param= 410.0761m
 
   *** monte carlo  index = 426 ***
x

 volt         param     
             i_d_0.2    
    0.         83.1842p 
   50.00000m  429.2497p 
  100.00000m    2.1493n 
  150.00000m   10.1467n 
  200.00000m   43.5933n 
  250.00000m  166.4291n 
  300.00000m  556.3613n 
  350.00000m    1.5635u 
  400.00000m    3.5660u 
  450.00000m    6.6827u 
  500.00000m   10.6662u 
  550.00000m   15.0588u 
  600.00000m   19.5284u 
  650.00000m   23.9314u 
  700.00000m   28.2102u 
  750.00000m   32.3385u 
  800.00000m   36.3025u 
  850.00000m   40.0950u 
  900.00000m   43.7121u 
  950.00000m   47.1526u 
    1.00000    50.4169u 
y
 vth0_value= 243.2207m
 u0_param=  49.9884m
 ags_param= 436.8248m
 
   *** monte carlo  index = 427 ***
x

 volt         param     
             i_d_0.2    
    0.         38.3236p 
   50.00000m  198.9735p 
  100.00000m    1.0126n 
  150.00000m    4.9279n 
  200.00000m   22.1683n 
  250.00000m   89.3301n 
  300.00000m  317.7332n 
  350.00000m  970.5379n 
  400.00000m    2.4315u 
  450.00000m    4.9516u 
  500.00000m    8.4458u 
  550.00000m   12.5253u 
  600.00000m   16.7874u 
  650.00000m   21.0266u 
  700.00000m   25.1618u 
  750.00000m   29.1588u 
  800.00000m   33.0010u 
  850.00000m   36.6795u 
  900.00000m   40.1901u 
  950.00000m   43.5311u 
    1.00000    46.7025u 
y
 vth0_value= 265.4241m
 u0_param=  48.4854m
 ags_param= 415.0547m
 
   *** monte carlo  index = 428 ***
x

 volt         param     
             i_d_0.2    
    0.         98.4039p 
   50.00000m  506.7144p 
  100.00000m    2.5254n 
  150.00000m   11.8244n 
  200.00000m   50.2128n 
  250.00000m  189.2251n 
  300.00000m  622.6903n 
  350.00000m    1.7138u 
  400.00000m    3.8246u 
  450.00000m    7.0366u 
  500.00000m   11.0693u 
  550.00000m   15.4660u 
  600.00000m   19.9188u 
  650.00000m   24.2979u 
  700.00000m   28.5507u 
  750.00000m   32.6527u 
  800.00000m   36.5908u 
  850.00000m   40.3580u 
  900.00000m   43.9506u 
  950.00000m   47.3675u 
    1.00000    50.6092u 
y
 vth0_value= 237.9669m
 u0_param=  49.6374m
 ags_param= 417.1654m
 
   *** monte carlo  index = 429 ***
x

 volt         param     
             i_d_0.2    
    0.         79.0701p 
   50.00000m  408.3939p 
  100.00000m    2.0489n 
  150.00000m    9.7068n 
  200.00000m   41.9144n 
  250.00000m  160.9256n 
  300.00000m  541.5483n 
  350.00000m    1.5353u 
  400.00000m    3.5347u 
  450.00000m    6.6770u 
  500.00000m   10.7244u 
  550.00000m   15.2112u 
  600.00000m   19.7867u 
  650.00000m   24.2976u 
  700.00000m   28.6822u 
  750.00000m   32.9128u 
  800.00000m   36.9752u 
  850.00000m   40.8617u 
  900.00000m   44.5684u 
  950.00000m   48.0940u 
    1.00000    51.4391u 
y
 vth0_value= 245.5475m
 u0_param=  51.2845m
 ags_param= 427.4889m
 
   *** monte carlo  index = 430 ***
x

 volt         param     
             i_d_0.2    
    0.         43.3425p 
   50.00000m  224.9339p 
  100.00000m    1.1427n 
  150.00000m    5.5412n 
  200.00000m   24.7876n 
  250.00000m   99.1946n 
  300.00000m  350.0846n 
  350.00000m    1.0582u 
  400.00000m    2.6183u 
  450.00000m    5.2713u 
  500.00000m    8.9081u 
  550.00000m   13.1192u 
  600.00000m   17.5008u 
  650.00000m   21.8522u 
  700.00000m   26.0943u 
  750.00000m   30.1931u 
  800.00000m   34.1323u 
  850.00000m   37.9031u 
  900.00000m   41.5012u 
  950.00000m   44.9251u 
    1.00000    48.1749u 
y
 vth0_value= 262.5512m
 u0_param=  49.7380m
 ags_param= 406.5785m
 
   *** monte carlo  index = 431 ***
x

 volt         param     
             i_d_0.2    
    0.        114.5535p 
   50.00000m  588.7742p 
  100.00000m    2.9226n 
  150.00000m   13.5885n 
  200.00000m   57.1484n 
  250.00000m  213.0676n 
  300.00000m  691.8957n 
  350.00000m    1.8714u 
  400.00000m    4.1031u 
  450.00000m    7.4378u 
  500.00000m   11.5654u 
  550.00000m   16.0266u 
  600.00000m   20.5289u 
  650.00000m   24.9511u 
  700.00000m   29.2434u 
  750.00000m   33.3822u 
  800.00000m   37.3549u 
  850.00000m   41.1548u 
  900.00000m   44.7782u 
  950.00000m   48.2239u 
    1.00000    51.4926u 
y
 vth0_value= 233.6905m
 u0_param=  50.0735m
 ags_param= 428.7977m
 
   *** monte carlo  index = 432 ***
x

 volt         param     
             i_d_0.2    
    0.         31.6393p 
   50.00000m  164.3719p 
  100.00000m  839.0448p 
  150.00000m    4.1075n 
  200.00000m   18.6566n 
  250.00000m   76.0926n 
  300.00000m  274.2943n 
  350.00000m  852.8699n 
  400.00000m    2.1833u 
  450.00000m    4.5366u 
  500.00000m    7.8658u 
  550.00000m   11.8113u 
  600.00000m   15.9654u 
  650.00000m   20.1090u 
  700.00000m   24.1557u 
  750.00000m   28.0692u 
  800.00000m   31.8323u 
  850.00000m   35.4359u 
  900.00000m   38.8757u 
  950.00000m   42.1498u 
    1.00000    45.2583u 
y
 vth0_value= 270.4920m
 u0_param=  47.4811m
 ags_param= 415.5149m
 
   *** monte carlo  index = 433 ***
x

 volt         param     
             i_d_0.2    
    0.         35.9225p 
   50.00000m  186.5642p 
  100.00000m  950.5780p 
  150.00000m    4.6365n 
  200.00000m   20.9339n 
  250.00000m   84.7398n 
  300.00000m  302.9248n 
  350.00000m  931.5097n 
  400.00000m    2.3525u 
  450.00000m    4.8266u 
  500.00000m    8.2824u 
  550.00000m   12.3394u 
  600.00000m   16.5900u 
  650.00000m   20.8220u 
  700.00000m   24.9520u 
  750.00000m   28.9446u 
  800.00000m   32.7829u 
  850.00000m   36.4580u 
  900.00000m   39.9655u 
  950.00000m   43.3036u 
    1.00000    46.4725u 
y
 vth0_value= 267.3298m
 u0_param=  48.4426m
 ags_param= 415.3893m
 
   *** monte carlo  index = 434 ***
x

 volt         param     
             i_d_0.2    
    0.         81.5377p 
   50.00000m  420.9244p 
  100.00000m    2.1094n 
  150.00000m    9.9738n 
  200.00000m   42.9445n 
  250.00000m  164.3529n 
  300.00000m  551.0015n 
  350.00000m    1.5543u 
  400.00000m    3.5593u 
  450.00000m    6.6931u 
  500.00000m   10.7115u 
  550.00000m   15.1529u 
  600.00000m   19.6764u 
  650.00000m   24.1339u 
  700.00000m   28.4662u 
  750.00000m   32.6460u 
  800.00000m   36.6597u 
  850.00000m   40.4995u 
  900.00000m   44.1618u 
  950.00000m   47.6452u 
    1.00000    50.9501u 
y
 vth0_value= 244.2301m
 u0_param=  50.6426m
 ags_param= 424.5313m
 
   *** monte carlo  index = 435 ***
x

 volt         param     
             i_d_0.2    
    0.         20.4237p 
   50.00000m  106.1689p 
  100.00000m  545.7199p 
  150.00000m    2.7097n 
  200.00000m   12.6055n 
  250.00000m   53.0522n 
  300.00000m  197.9366n 
  350.00000m  643.2354n 
  400.00000m    1.7412u 
  450.00000m    3.8201u 
  500.00000m    6.9267u 
  550.00000m   10.7685u 
  600.00000m   14.9124u 
  650.00000m   19.0844u 
  700.00000m   23.1725u 
  750.00000m   27.1317u 
  800.00000m   30.9414u 
  850.00000m   34.5914u 
  900.00000m   38.0765u 
  950.00000m   41.3947u 
    1.00000    44.5459u 
y
 vth0_value= 284.0227m
 u0_param=  48.1442m
 ags_param= 401.8378m
 
   *** monte carlo  index = 436 ***
x

 volt         param     
             i_d_0.2    
    0.         37.3450p 
   50.00000m  193.9186p 
  100.00000m  987.3799p 
  150.00000m    4.8096n 
  200.00000m   21.6690n 
  250.00000m   87.4824n 
  300.00000m  311.8101n 
  350.00000m  955.0931n 
  400.00000m    2.4008u 
  450.00000m    4.9041u 
  500.00000m    8.3857u 
  550.00000m   12.4597u 
  600.00000m   16.7208u 
  650.00000m   20.9608u 
  700.00000m   25.0975u 
  750.00000m   29.0961u 
  800.00000m   32.9400u 
  850.00000m   36.6203u 
  900.00000m   40.1326u 
  950.00000m   43.4753u 
    1.00000    46.6484u 
y
 vth0_value= 266.2117m
 u0_param=  48.5077m
 ags_param= 428.0849m
 
   *** monte carlo  index = 437 ***
x

 volt         param     
             i_d_0.2    
    0.         89.3143p 
   50.00000m  460.4776p 
  100.00000m    2.3012n 
  150.00000m   10.8259n 
  200.00000m   46.2817n 
  250.00000m  175.7147n 
  300.00000m  583.4974n 
  350.00000m    1.6252u 
  400.00000m    3.6724u 
  450.00000m    6.8279u 
  500.00000m   10.8300u 
  550.00000m   15.2213u 
  600.00000m   19.6803u 
  650.00000m   24.0697u 
  700.00000m   28.3340u 
  750.00000m   32.4478u 
  800.00000m   36.3977u 
  850.00000m   40.1764u 
  900.00000m   43.7803u 
  950.00000m   47.2080u 
    1.00000    50.4601u 
y
 vth0_value= 240.9720m
 u0_param=  49.7987m
 ags_param= 425.4379m
 
   *** monte carlo  index = 438 ***
x

 volt         param     
             i_d_0.2    
    0.         36.8329p 
   50.00000m  191.3293p 
  100.00000m  975.0329p 
  150.00000m    4.7572n 
  200.00000m   21.4889n 
  250.00000m   87.0333n 
  300.00000m  311.2794n 
  350.00000m  957.7595n 
  400.00000m    2.4204u 
  450.00000m    4.9685u 
  500.00000m    8.5295u 
  550.00000m   12.7124u 
  600.00000m   17.0965u 
  650.00000m   21.4619u 
  700.00000m   25.7218u 
  750.00000m   29.8396u 
  800.00000m   33.7980u 
  850.00000m   37.5877u 
  900.00000m   41.2044u 
  950.00000m   44.6461u 
    1.00000    47.9132u 
y
 vth0_value= 267.5829m
 u0_param=  50.0058m
 ags_param= 411.2833m
 
   *** monte carlo  index = 439 ***
x

 volt         param     
             i_d_0.2    
    0.         43.0258p 
   50.00000m  223.2647p 
  100.00000m    1.1340n 
  150.00000m    5.4973n 
  200.00000m   24.5790n 
  250.00000m   98.3022n 
  300.00000m  346.7271n 
  350.00000m    1.0473u 
  400.00000m    2.5890u 
  450.00000m    5.2083u 
  500.00000m    8.7964u 
  550.00000m   12.9484u 
  600.00000m   17.2668u 
  650.00000m   21.5550u 
  700.00000m   25.7353u 
  750.00000m   29.7747u 
  800.00000m   33.6568u 
  850.00000m   37.3731u 
  900.00000m   40.9194u 
  950.00000m   44.2939u 
    1.00000    47.4971u 
y
 vth0_value= 262.2919m
 u0_param=  48.9891m
 ags_param= 429.1920m
 
   *** monte carlo  index = 440 ***
x

 volt         param     
             i_d_0.2    
    0.         57.1469p 
   50.00000m  296.0138p 
  100.00000m    1.4956n 
  150.00000m    7.1784n 
  200.00000m   31.6020n 
  250.00000m  124.0705n 
  300.00000m  428.5280n 
  350.00000m    1.2582u 
  400.00000m    3.0106u 
  450.00000m    5.8814u 
  500.00000m    9.7022u 
  550.00000m   14.0332u 
  600.00000m   18.4942u 
  650.00000m   22.9079u 
  700.00000m   27.2044u 
  750.00000m   31.3531u 
  800.00000m   35.3385u 
  850.00000m   39.1526u 
  900.00000m   42.7912u 
  950.00000m   46.2529u 
    1.00000    49.5380u 
y
 vth0_value= 254.6506m
 u0_param=  50.3107m
 ags_param= 418.3247m
 
   *** monte carlo  index = 441 ***
x

 volt         param     
             i_d_0.2    
    0.         32.9146p 
   50.00000m  171.0094p 
  100.00000m  872.7211p 
  150.00000m    4.2702n 
  200.00000m   19.3790n 
  250.00000m   78.9513n 
  300.00000m  284.2341n 
  350.00000m  882.2304n 
  400.00000m    2.2535u 
  450.00000m    4.6727u 
  500.00000m    8.0877u 
  550.00000m   12.1289u 
  600.00000m   16.3807u 
  650.00000m   20.6206u 
  700.00000m   24.7606u 
  750.00000m   28.7639u 
  800.00000m   32.6129u 
  850.00000m   36.2985u 
  900.00000m   39.8163u 
  950.00000m   43.1645u 
    1.00000    46.3430u 
y
 vth0_value= 270.0417m
 u0_param=  48.5940m
 ags_param= 408.7753m
 
   *** monte carlo  index = 442 ***
x

 volt         param     
             i_d_0.2    
    0.         39.9467p 
   50.00000m  207.3748p 
  100.00000m    1.0548n 
  150.00000m    5.1271n 
  200.00000m   23.0228n 
  250.00000m   92.5641n 
  300.00000m  328.4047n 
  350.00000m  999.7375n 
  400.00000m    2.4945u 
  450.00000m    5.0608u 
  500.00000m    8.6059u 
  550.00000m   12.7336u 
  600.00000m   17.0401u 
  650.00000m   21.3212u 
  700.00000m   25.4964u 
  750.00000m   29.5316u 
  800.00000m   33.4102u 
  850.00000m   37.1234u 
  900.00000m   40.6669u 
  950.00000m   44.0390u 
    1.00000    47.2399u 
y
 vth0_value= 264.4875m
 u0_param=  48.9531m
 ags_param= 421.8228m
 
   *** monte carlo  index = 443 ***
x

 volt         param     
             i_d_0.2    
    0.         87.6824p 
   50.00000m  452.1694p 
  100.00000m    2.2608n 
  150.00000m   10.6458n 
  200.00000m   45.5706n 
  250.00000m  173.2656n 
  300.00000m  576.3691n 
  350.00000m    1.6091u 
  400.00000m    3.6448u 
  450.00000m    6.7904u 
  500.00000m   10.7880u 
  550.00000m   15.1800u 
  600.00000m   19.6421u 
  650.00000m   24.0354u 
  700.00000m   28.3038u 
  750.00000m   32.4216u 
  800.00000m   36.3755u 
  850.00000m   40.1580u 
  900.00000m   43.7656u 
  950.00000m   47.1969u 
    1.00000    50.4523u 
y
 vth0_value= 241.5582m
 u0_param=  49.8525m
 ags_param= 425.1466m
 
   *** monte carlo  index = 444 ***
x

 volt         param     
             i_d_0.2    
    0.        108.9004p 
   50.00000m  559.9582p 
  100.00000m    2.7822n 
  150.00000m   12.9574n 
  200.00000m   54.6192n 
  250.00000m  204.1610n 
  300.00000m  665.1322n 
  350.00000m    1.8067u 
  400.00000m    3.9784u 
  450.00000m    7.2380u 
  500.00000m   11.2865u 
  550.00000m   15.6710u 
  600.00000m   20.0994u 
  650.00000m   24.4504u 
  700.00000m   28.6744u 
  750.00000m   32.7477u 
  800.00000m   36.6581u 
  850.00000m   40.3984u 
  900.00000m   43.9654u 
  950.00000m   47.3576u 
    1.00000    50.5757u 
y
 vth0_value= 234.6889m
 u0_param=  49.2615m
 ags_param= 429.8562m
 
   *** monte carlo  index = 445 ***
x

 volt         param     
             i_d_0.2    
    0.         25.3393p 
   50.00000m  131.7074p 
  100.00000m  674.7064p 
  150.00000m    3.3268n 
  200.00000m   15.2922n 
  250.00000m   63.3393n 
  300.00000m  232.2151n 
  350.00000m  738.0973n 
  400.00000m    1.9420u 
  450.00000m    4.1428u 
  500.00000m    7.3393u 
  550.00000m   11.2051u 
  600.00000m   15.3205u 
  650.00000m   19.4427u 
  700.00000m   23.4748u 
  750.00000m   27.3767u 
  800.00000m   31.1301u 
  850.00000m   34.7253u 
  900.00000m   38.1576u 
  950.00000m   41.4250u 
    1.00000    44.5277u 
y
 vth0_value= 277.0649m
 u0_param=  47.3806m
 ags_param= 421.4248m
 
   *** monte carlo  index = 446 ***
x

 volt         param     
             i_d_0.2    
    0.         32.4223p 
   50.00000m  168.4813p 
  100.00000m  860.2564p 
  150.00000m    4.2133n 
  200.00000m   19.1517n 
  250.00000m   78.1829n 
  300.00000m  282.0836n 
  350.00000m  878.0482n 
  400.00000m    2.2506u 
  450.00000m    4.6819u 
  500.00000m    8.1250u 
  550.00000m   12.2097u 
  600.00000m   16.5130u 
  650.00000m   20.8064u 
  700.00000m   24.9993u 
  750.00000m   29.0538u 
  800.00000m   32.9521u 
  850.00000m   36.6850u 
  900.00000m   40.2478u 
  950.00000m   43.6386u 
    1.00000    46.8578u 
y
 vth0_value= 270.9050m
 u0_param=  49.2350m
 ags_param= 420.0681m
 
   *** monte carlo  index = 447 ***
x

 volt         param     
             i_d_0.2    
    0.         82.9051p 
   50.00000m  427.7556p 
  100.00000m    2.1413n 
  150.00000m   10.1049n 
  200.00000m   43.3884n 
  250.00000m  165.5421n 
  300.00000m  552.9951n 
  350.00000m    1.5525u 
  400.00000m    3.5375u 
  450.00000m    6.6239u 
  500.00000m   10.5654u 
  550.00000m   14.9094u 
  600.00000m   19.3283u 
  650.00000m   23.6813u 
  700.00000m   27.9115u 
  750.00000m   31.9930u 
  800.00000m   35.9122u 
  850.00000m   39.6619u 
  900.00000m   43.2383u 
  950.00000m   46.6402u 
    1.00000    49.8678u 
y
 vth0_value= 242.9514m
 u0_param=  49.4077m
 ags_param= 417.7277m
 
   *** monte carlo  index = 448 ***
x

 volt         param     
             i_d_0.2    
    0.         96.4716p 
   50.00000m  497.0863p 
  100.00000m    2.4807n 
  150.00000m   11.6416n 
  200.00000m   49.5944n 
  250.00000m  187.5463n 
  300.00000m  619.7462n 
  350.00000m    1.7150u 
  400.00000m    3.8488u 
  450.00000m    7.1143u 
  500.00000m   11.2328u 
  550.00000m   15.7366u 
  600.00000m   20.3033u 
  650.00000m   24.7962u 
  700.00000m   29.1599u 
  750.00000m   33.3687u 
  800.00000m   37.4093u 
  850.00000m   41.2743u 
  900.00000m   44.9602u 
  950.00000m   48.4656u 
    1.00000    51.7911u 
y
 vth0_value= 239.4059m
 u0_param=  50.9799m
 ags_param= 423.9461m
 
   *** monte carlo  index = 449 ***
x

 volt         param     
             i_d_0.2    
    0.         64.5903p 
   50.00000m  334.1947p 
  100.00000m    1.6838n 
  150.00000m    8.0399n 
  200.00000m   35.1200n 
  250.00000m  136.6366n 
  300.00000m  467.0321n 
  350.00000m    1.3522u 
  400.00000m    3.1849u 
  450.00000m    6.1368u 
  500.00000m   10.0129u 
  550.00000m   14.3657u 
  600.00000m   18.8297u 
  650.00000m   23.2398u 
  700.00000m   27.5303u 
  750.00000m   31.6719u 
  800.00000m   35.6500u 
  850.00000m   39.4567u 
  900.00000m   43.0880u 
  950.00000m   46.5424u 
    1.00000    49.8204u 
y
 vth0_value= 250.9227m
 u0_param=  50.2021m
 ags_param= 418.0947m
 
   *** monte carlo  index = 450 ***
x

 volt         param     
             i_d_0.2    
    0.         88.6280p 
   50.00000m  457.1337p 
  100.00000m    2.2864n 
  150.00000m   10.7726n 
  200.00000m   46.1509n 
  250.00000m  175.6236n 
  300.00000m  584.7829n 
  350.00000m    1.6347u 
  400.00000m    3.7074u 
  450.00000m    6.9144u 
  500.00000m   10.9942u 
  550.00000m   15.4801u 
  600.00000m   20.0390u 
  650.00000m   24.5278u 
  700.00000m   28.8890u 
  750.00000m   33.0961u 
  800.00000m   37.1354u 
  850.00000m   40.9995u 
  900.00000m   44.6846u 
  950.00000m   48.1895u 
    1.00000    51.5147u 
y
 vth0_value= 241.9373m
 u0_param=  50.9680m
 ags_param= 437.1859m
 
   *** monte carlo  index = 451 ***
x

 volt         param     
             i_d_0.2    
    0.         68.4171p 
   50.00000m  353.7314p 
  100.00000m    1.7792n 
  150.00000m    8.4688n 
  200.00000m   36.8224n 
  250.00000m  142.5019n 
  300.00000m  484.1069n 
  350.00000m    1.3901u 
  400.00000m    3.2451u 
  450.00000m    6.2041u 
  500.00000m   10.0602u 
  550.00000m   14.3675u 
  600.00000m   18.7746u 
  650.00000m   23.1248u 
  700.00000m   27.3558u 
  750.00000m   31.4396u 
  800.00000m   35.3620u 
  850.00000m   39.1153u 
  900.00000m   42.6957u 
  950.00000m   46.1016u 
    1.00000    49.3335u 
y
 vth0_value= 248.7355m
 u0_param=  49.4669m
 ags_param= 422.9530m
 
   *** monte carlo  index = 452 ***
x

 volt         param     
             i_d_0.2    
    0.         52.4322p 
   50.00000m  271.7179p 
  100.00000m    1.3748n 
  150.00000m    6.6156n 
  200.00000m   29.2411n 
  250.00000m  115.3482n 
  300.00000m  400.5864n 
  350.00000m    1.1850u 
  400.00000m    2.8593u 
  450.00000m    5.6279u 
  500.00000m    9.3401u 
  550.00000m   13.5696u 
  600.00000m   17.9363u 
  650.00000m   22.2606u 
  700.00000m   26.4718u 
  750.00000m   30.5390u 
  800.00000m   34.4467u 
  850.00000m   38.1869u 
  900.00000m   41.7554u 
  950.00000m   45.1506u 
    1.00000    48.3730u 
y
 vth0_value= 256.5882m
 u0_param=  49.3075m
 ags_param= 406.8397m
 
   *** monte carlo  index = 453 ***
x

 volt         param     
             i_d_0.2    
    0.         50.6584p 
   50.00000m  262.6106p 
  100.00000m    1.3298n 
  150.00000m    6.4092n 
  200.00000m   28.3978n 
  250.00000m  112.3426n 
  300.00000m  391.4090n 
  350.00000m    1.1628u 
  400.00000m    2.8198u 
  450.00000m    5.5748u 
  500.00000m    9.2847u 
  550.00000m   13.5249u 
  600.00000m   17.9090u 
  650.00000m   22.2528u 
  700.00000m   26.4839u 
  750.00000m   30.5705u 
  800.00000m   34.4971u 
  850.00000m   38.2554u 
  900.00000m   41.8412u 
  950.00000m   45.2530u 
    1.00000    48.4911u 
y
 vth0_value= 257.7754m
 u0_param=  49.5564m
 ags_param= 410.1223m
 
   *** monte carlo  index = 454 ***
x

 volt         param     
             i_d_0.2    
    0.         38.9068p 
   50.00000m  202.0397p 
  100.00000m    1.0285n 
  150.00000m    5.0075n 
  200.00000m   22.5431n 
  250.00000m   90.9195n 
  300.00000m  323.6745n 
  350.00000m  989.7950n 
  400.00000m    2.4829u 
  450.00000m    5.0622u 
  500.00000m    8.6423u 
  550.00000m   12.8262u 
  600.00000m   17.1998u 
  650.00000m   21.5506u 
  700.00000m   25.7947u 
  750.00000m   29.8967u 
  800.00000m   33.8395u 
  850.00000m   37.6142u 
  900.00000m   41.2163u 
  950.00000m   44.6442u 
    1.00000    47.8980u 
y
 vth0_value= 265.8133m
 u0_param=  49.7953m
 ags_param= 416.2933m
 
   *** monte carlo  index = 455 ***
x

 volt         param     
             i_d_0.2    
    0.         29.5571p 
   50.00000m  153.5921p 
  100.00000m  784.9728p 
  150.00000m    3.8521n 
  200.00000m   17.5664n 
  250.00000m   72.0102n 
  300.00000m  261.0248n 
  350.00000m  817.5368n 
  400.00000m    2.1117u 
  450.00000m    4.4253u 
  500.00000m    7.7262u 
  550.00000m   11.6636u 
  600.00000m   15.8236u 
  650.00000m   19.9787u 
  700.00000m   24.0384u 
  750.00000m   27.9653u 
  800.00000m   31.7416u 
  850.00000m   35.3582u 
  900.00000m   38.8105u 
  950.00000m   42.0966u 
    1.00000    45.2166u 
y
 vth0_value= 272.6466m
 u0_param=  47.6612m
 ags_param= 416.1274m
 
   *** monte carlo  index = 456 ***
x

 volt         param     
             i_d_0.2    
    0.        115.9358p 
   50.00000m  595.7106p 
  100.00000m    2.9553n 
  150.00000m   13.7271n 
  200.00000m   57.6546n 
  250.00000m  214.6434n 
  300.00000m  695.7638n 
  350.00000m    1.8775u 
  400.00000m    4.1070u 
  450.00000m    7.4306u 
  500.00000m   11.5369u 
  550.00000m   15.9700u 
  600.00000m   20.4419u 
  650.00000m   24.8336u 
  700.00000m   29.0962u 
  750.00000m   33.2062u 
  800.00000m   37.1514u 
  850.00000m   40.9249u 
  900.00000m   44.5232u 
  950.00000m   47.9451u 
    1.00000    51.1912u 
y
 vth0_value= 233.1010m
 u0_param=  49.7118m
 ags_param= 428.0133m
 
   *** monte carlo  index = 457 ***
x

 volt         param     
             i_d_0.2    
    0.         94.8430p 
   50.00000m  488.6082p 
  100.00000m    2.4377n 
  150.00000m   11.4341n 
  200.00000m   48.6778n 
  250.00000m  183.9544n 
  300.00000m  607.4235n 
  350.00000m    1.6793u 
  400.00000m    3.7653u 
  450.00000m    6.9548u 
  500.00000m   10.9744u 
  550.00000m   15.3672u 
  600.00000m   19.8202u 
  650.00000m   24.2011u 
  700.00000m   28.4563u 
  750.00000m   32.5607u 
  800.00000m   36.5013u 
  850.00000m   40.2710u 
  900.00000m   43.8661u 
  950.00000m   47.2855u 
    1.00000    50.5295u 
y
 vth0_value= 239.0916m
 u0_param=  49.6699m
 ags_param= 433.2816m
 
   *** monte carlo  index = 458 ***
x

 volt         param     
             i_d_0.2    
    0.        107.8779p 
   50.00000m  554.9827p 
  100.00000m    2.7603n 
  150.00000m   12.8774n 
  200.00000m   54.4104n 
  250.00000m  203.8978n 
  300.00000m  666.3215n 
  350.00000m    1.8171u 
  400.00000m    4.0173u 
  450.00000m    7.3330u 
  500.00000m   11.4644u 
  550.00000m   15.9481u 
  600.00000m   20.4804u 
  650.00000m   24.9346u 
  700.00000m   29.2588u 
  750.00000m   33.4289u 
  800.00000m   37.4318u 
  850.00000m   41.2606u 
  900.00000m   44.9117u 
  950.00000m   48.3839u 
    1.00000    51.6777u 
y
 vth0_value= 235.7436m
 u0_param=  50.4757m
 ags_param= 424.2883m
 
   *** monte carlo  index = 459 ***
x

 volt         param     
             i_d_0.2    
    0.         65.0325p 
   50.00000m  336.3696p 
  100.00000m    1.6936n 
  150.00000m    8.0767n 
  200.00000m   35.2155n 
  250.00000m  136.7234n 
  300.00000m  466.2337n 
  350.00000m    1.3456u 
  400.00000m    3.1588u 
  450.00000m    6.0687u 
  500.00000m    9.8788u 
  550.00000m   14.1484u 
  600.00000m   18.5230u 
  650.00000m   22.8435u 
  700.00000m   27.0466u 
  750.00000m   31.1038u 
  800.00000m   35.0010u 
  850.00000m   38.7304u 
  900.00000m   42.2881u 
  950.00000m   45.6726u 
    1.00000    48.8843u 
y
 vth0_value= 250.0460m
 u0_param=  49.1446m
 ags_param= 417.3719m
 
   *** monte carlo  index = 460 ***
x

 volt         param     
             i_d_0.2    
    0.        115.9235p 
   50.00000m  595.6183p 
  100.00000m    2.9546n 
  150.00000m   13.7215n 
  200.00000m   57.6186n 
  250.00000m  214.4602n 
  300.00000m  694.9762n 
  350.00000m    1.8747u 
  400.00000m    4.0994u 
  450.00000m    7.4148u 
  500.00000m   11.5097u 
  550.00000m   15.9298u 
  600.00000m   20.3882u 
  650.00000m   24.7666u 
  700.00000m   29.0162u 
  750.00000m   33.1138u 
  800.00000m   37.0471u 
  850.00000m   40.8092u 
  900.00000m   44.3967u 
  950.00000m   47.8083u 
    1.00000    51.0447u 
y
 vth0_value= 233.0050m
 u0_param=  49.5568m
 ags_param= 425.0125m
 
   *** monte carlo  index = 461 ***
x

 volt         param     
             i_d_0.2    
    0.         51.9127p 
   50.00000m  269.0764p 
  100.00000m    1.3620n 
  150.00000m    6.5593n 
  200.00000m   29.0277n 
  250.00000m  114.6698n 
  300.00000m  398.8646n 
  350.00000m    1.1824u 
  400.00000m    2.8599u 
  450.00000m    5.6413u 
  500.00000m    9.3782u 
  550.00000m   13.6426u 
  600.00000m   18.0484u 
  650.00000m   22.4126u 
  700.00000m   26.6629u 
  750.00000m   30.7679u 
  800.00000m   34.7120u 
  850.00000m   38.4869u 
  900.00000m   42.0885u 
  950.00000m   45.5152u 
    1.00000    48.7673u 
y
 vth0_value= 257.1872m
 u0_param=  49.7808m
 ags_param= 415.0389m
 
   *** monte carlo  index = 462 ***
x

 volt         param     
             i_d_0.2    
    0.         98.5919p 
   50.00000m  507.8576p 
  100.00000m    2.5328n 
  150.00000m   11.8725n 
  200.00000m   50.4966n 
  250.00000m  190.6169n 
  300.00000m  628.5212n 
  350.00000m    1.7343u 
  400.00000m    3.8805u 
  450.00000m    7.1549u 
  500.00000m   11.2748u 
  550.00000m   15.7732u 
  600.00000m   20.3317u 
  650.00000m   24.8155u 
  700.00000m   29.1700u 
  750.00000m   33.3698u 
  800.00000m   37.4017u 
  850.00000m   41.2584u 
  900.00000m   44.9362u 
  950.00000m   48.4340u 
    1.00000    51.7522u 
y
 vth0_value= 238.6848m
 u0_param=  50.8671m
 ags_param= 410.4507m
 
   *** monte carlo  index = 463 ***
x

 volt         param     
             i_d_0.2    
    0.        107.9158p 
   50.00000m  555.3085p 
  100.00000m    2.7632n 
  150.00000m   12.9009n 
  200.00000m   54.5676n 
  250.00000m  204.7195n 
  300.00000m  669.9131n 
  350.00000m    1.8301u 
  400.00000m    4.0531u 
  450.00000m    7.4088u 
  500.00000m   11.5962u 
  550.00000m   16.1450u 
  600.00000m   20.7449u 
  650.00000m   25.2659u 
  700.00000m   29.6551u 
  750.00000m   33.8876u 
  800.00000m   37.9505u 
  850.00000m   41.8364u 
  900.00000m   45.5419u 
  950.00000m   49.0657u 
    1.00000    52.4083u 
y
 vth0_value= 236.2237m
 u0_param=  51.2636m
 ags_param= 415.8585m
 
   *** monte carlo  index = 464 ***
x

 volt         param     
             i_d_0.2    
    0.        109.3391p 
   50.00000m  562.2186p 
  100.00000m    2.7935n 
  150.00000m   13.0098n 
  200.00000m   54.8407n 
  250.00000m  204.9881n 
  300.00000m  667.8133n 
  350.00000m    1.8139u 
  400.00000m    3.9941u 
  450.00000m    7.2663u 
  500.00000m   11.3304u 
  550.00000m   15.7317u 
  600.00000m   20.1771u 
  650.00000m   24.5449u 
  700.00000m   28.7850u 
  750.00000m   32.8739u 
  800.00000m   36.7991u 
  850.00000m   40.5537u 
  900.00000m   44.1341u 
  950.00000m   47.5392u 
    1.00000    50.7694u 
y
 vth0_value= 234.6941m
 u0_param=  49.4570m
 ags_param= 423.9764m
 
   *** monte carlo  index = 465 ***
x

 volt         param     
             i_d_0.2    
    0.         41.1578p 
   50.00000m  213.6012p 
  100.00000m    1.0856n 
  150.00000m    5.2688n 
  200.00000m   23.6016n 
  250.00000m   94.6108n 
  300.00000m  334.5748n 
  350.00000m    1.0141u 
  400.00000m    2.5174u 
  450.00000m    5.0836u 
  500.00000m    8.6122u 
  550.00000m   12.7063u 
  600.00000m   16.9705u 
  650.00000m   21.2068u 
  700.00000m   25.3377u 
  750.00000m   29.3296u 
  800.00000m   33.1665u 
  850.00000m   36.8398u 
  900.00000m   40.3452u 
  950.00000m   43.6811u 
    1.00000    46.8476u 
y
 vth0_value= 263.2432m
 u0_param=  48.4104m
 ags_param= 409.9190m
 
   *** monte carlo  index = 466 ***
x

 volt         param     
             i_d_0.2    
    0.        141.0670p 
   50.00000m  722.9155p 
  100.00000m    3.5666n 
  150.00000m   16.4100n 
  200.00000m   68.0545n 
  250.00000m  249.8535n 
  300.00000m  795.6705n 
  350.00000m    2.0988u 
  400.00000m    4.4888u 
  450.00000m    7.9713u 
  500.00000m   12.1984u 
  550.00000m   16.7153u 
  600.00000m   21.2536u 
  650.00000m   25.7038u 
  700.00000m   30.0203u 
  750.00000m   34.1810u 
  800.00000m   38.1739u 
  850.00000m   41.9924u 
  900.00000m   45.6330u 
  950.00000m   49.0948u 
    1.00000    52.3782u 
y
 vth0_value= 227.6009m
 u0_param=  50.3199m
 ags_param= 421.1899m
 
   *** monte carlo  index = 467 ***
x

 volt         param     
             i_d_0.2    
    0.         33.3974p 
   50.00000m  173.4894p 
  100.00000m  884.9516p 
  150.00000m    4.3260n 
  200.00000m   19.6027n 
  250.00000m   79.7119n 
  300.00000m  286.3862n 
  350.00000m  886.5438n 
  400.00000m    2.2572u 
  450.00000m    4.6662u 
  500.00000m    8.0568u 
  550.00000m   12.0598u 
  600.00000m   16.2660u 
  650.00000m   20.4585u 
  700.00000m   24.5516u 
  750.00000m   28.5094u 
  800.00000m   32.3147u 
  850.00000m   35.9586u 
  900.00000m   39.4364u 
  950.00000m   42.7466u 
    1.00000    45.8892u 
y
 vth0_value= 269.2339m
 u0_param=  48.0234m
 ags_param= 411.7779m
 
   *** monte carlo  index = 468 ***
x

 volt         param     
             i_d_0.2    
    0.         44.2449p 
   50.00000m  229.5931p 
  100.00000m    1.1659n 
  150.00000m    5.6501n 
  200.00000m   25.2477n 
  250.00000m  100.9036n 
  300.00000m  355.5943n 
  350.00000m    1.0728u 
  400.00000m    2.6482u 
  450.00000m    5.3201u 
  500.00000m    8.9753u 
  550.00000m   13.2013u 
  600.00000m   17.5950u 
  650.00000m   21.9573u 
  700.00000m   26.2094u 
  750.00000m   30.3177u 
  800.00000m   34.2658u 
  850.00000m   38.0451u 
  900.00000m   41.6513u 
  950.00000m   45.0828u 
    1.00000    48.3397u 
y
 vth0_value= 262.0071m
 u0_param=  49.8510m
 ags_param= 414.8344m
 
   *** monte carlo  index = 469 ***
x

 volt         param     
             i_d_0.2    
    0.         32.1201p 
   50.00000m  166.9214p 
  100.00000m  852.4829p 
  150.00000m    4.1771n 
  200.00000m   19.0006n 
  250.00000m   77.6370n 
  300.00000m  280.3920n 
  350.00000m  873.9123n 
  400.00000m    2.2436u 
  450.00000m    4.6742u 
  500.00000m    8.1215u 
  550.00000m   12.2159u 
  600.00000m   16.5321u 
  650.00000m   20.8393u 
  700.00000m   25.0460u 
  750.00000m   29.1140u 
  800.00000m   33.0254u 
  850.00000m   36.7707u 
  900.00000m   40.3454u 
  950.00000m   43.7476u 
    1.00000    46.9775u 
y
 vth0_value= 271.2937m
 u0_param=  49.4054m
 ags_param= 420.9831m
 
   *** monte carlo  index = 470 ***
x

 volt         param     
             i_d_0.2    
    0.         14.8332p 
   50.00000m   77.0201p 
  100.00000m  397.4297p 
  150.00000m    1.9903n 
  200.00000m    9.3993n 
  250.00000m   40.4013n 
  300.00000m  154.3159n 
  350.00000m  516.0968n 
  400.00000m    1.4510u 
  450.00000m    3.3104u 
  500.00000m    6.2043u 
  550.00000m    9.8992u 
  600.00000m   13.9653u 
  650.00000m   18.0926u 
  700.00000m   22.1490u 
  750.00000m   26.0823u 
  800.00000m   29.8694u 
  850.00000m   33.4993u 
  900.00000m   36.9661u 
  950.00000m   40.2677u 
    1.00000    43.4038u 
y
 vth0_value= 293.4477m
 u0_param=  47.8941m
 ags_param= 405.7012m
 
   *** monte carlo  index = 471 ***
x

 volt         param     
             i_d_0.2    
    0.         55.4954p 
   50.00000m  287.5210p 
  100.00000m    1.4536n 
  150.00000m    6.9840n 
  200.00000m   30.7974n 
  250.00000m  121.1476n 
  300.00000m  419.3686n 
  350.00000m    1.2351u 
  400.00000m    2.9653u 
  450.00000m    5.8105u 
  500.00000m    9.6083u 
  550.00000m   13.9224u 
  600.00000m   18.3701u 
  650.00000m   22.7723u 
  700.00000m   27.0582u 
  750.00000m   31.1969u 
  800.00000m   35.1729u 
  850.00000m   38.9781u 
  900.00000m   42.6083u 
  950.00000m   46.0621u 
    1.00000    49.3397u 
y
 vth0_value= 255.4509m
 u0_param=  50.1895m
 ags_param= 421.9030m
 
   *** monte carlo  index = 472 ***
x

 volt         param     
             i_d_0.2    
    0.         37.7523p 
   50.00000m  196.0583p 
  100.00000m  998.4406p 
  150.00000m    4.8649n 
  200.00000m   21.9284n 
  250.00000m   88.5782n 
  300.00000m  315.8913n 
  350.00000m  968.2648n 
  400.00000m    2.4358u 
  450.00000m    4.9792u 
  500.00000m    8.5189u 
  550.00000m   12.6635u 
  600.00000m   17.0000u 
  650.00000m   21.3154u 
  700.00000m   25.5257u 
  750.00000m   29.5953u 
  800.00000m   33.5073u 
  850.00000m   37.2526u 
  900.00000m   40.8268u 
  950.00000m   44.2282u 
    1.00000    47.4570u 
y
 vth0_value= 266.4581m
 u0_param=  49.3936m
 ags_param= 425.3632m
 
   *** monte carlo  index = 473 ***
x

 volt         param     
             i_d_0.2    
    0.         48.9600p 
   50.00000m  253.8602p 
  100.00000m    1.2863n 
  150.00000m    6.2070n 
  200.00000m   27.5528n 
  250.00000m  109.2420n 
  300.00000m  381.5670n 
  350.00000m    1.1375u 
  400.00000m    2.7692u 
  450.00000m    5.4941u 
  500.00000m    9.1762u 
  550.00000m   13.3949u 
  600.00000m   17.7618u 
  650.00000m   22.0905u 
  700.00000m   26.3074u 
  750.00000m   30.3807u 
  800.00000m   34.2947u 
  850.00000m   38.0411u 
  900.00000m   41.6156u 
  950.00000m   45.0168u 
    1.00000    48.2448u 
y
 vth0_value= 258.6887m
 u0_param=  49.3905m
 ags_param= 431.1935m
 
   *** monte carlo  index = 474 ***
x

 volt         param     
             i_d_0.2    
    0.         46.3474p 
   50.00000m  240.3862p 
  100.00000m    1.2192n 
  150.00000m    5.8938n 
  200.00000m   26.2364n 
  250.00000m  104.3761n 
  300.00000m  365.9711n 
  350.00000m    1.0966u 
  400.00000m    2.6858u 
  450.00000m    5.3575u 
  500.00000m    8.9870u 
  550.00000m   13.1614u 
  600.00000m   17.4904u 
  650.00000m   21.7845u 
  700.00000m   25.9689u 
  750.00000m   30.0114u 
  800.00000m   33.8961u 
  850.00000m   37.6147u 
  900.00000m   41.1630u 
  950.00000m   44.5393u 
    1.00000    47.7439u 
y
 vth0_value= 260.0893m
 u0_param=  49.0193m
 ags_param= 412.6953m
 
   *** monte carlo  index = 475 ***
x

 volt         param     
             i_d_0.2    
    0.         62.8419p 
   50.00000m  325.1774p 
  100.00000m    1.6389n 
  150.00000m    7.8298n 
  200.00000m   34.2315n 
  250.00000m  133.3152n 
  300.00000m  456.2353n 
  350.00000m    1.3231u 
  400.00000m    3.1223u 
  450.00000m    6.0261u 
  500.00000m    9.8453u 
  550.00000m   14.1385u 
  600.00000m   18.5435u 
  650.00000m   22.8961u 
  700.00000m   27.1311u 
  750.00000m   31.2195u 
  800.00000m   35.1467u 
  850.00000m   38.9049u 
  900.00000m   42.4900u 
  950.00000m   45.9007u 
    1.00000    49.1373u 
y
 vth0_value= 251.3240m
 u0_param=  49.5404m
 ags_param= 414.8093m
 
   *** monte carlo  index = 476 ***
x

 volt         param     
             i_d_0.2    
    0.         33.3503p 
   50.00000m  173.2560p 
  100.00000m  883.8912p 
  150.00000m    4.3220n 
  200.00000m   19.5935n 
  250.00000m   79.7195n 
  300.00000m  286.5861n 
  350.00000m  887.8560n 
  400.00000m    2.2627u 
  450.00000m    4.6817u 
  500.00000m    8.0892u 
  550.00000m   12.1148u 
  600.00000m   16.3464u 
  650.00000m   20.5648u 
  700.00000m   24.6834u 
  750.00000m   28.6657u 
  800.00000m   32.4946u 
  850.00000m   36.1610u 
  900.00000m   39.6604u 
  950.00000m   42.9910u 
    1.00000    46.1529u 
y
 vth0_value= 269.4759m
 u0_param=  48.3286m
 ags_param= 417.3785m
 
   *** monte carlo  index = 477 ***
x

 volt         param     
             i_d_0.2    
    0.        100.1146p 
   50.00000m  515.5411p 
  100.00000m    2.5694n 
  150.00000m   12.0308n 
  200.00000m   51.0894n 
  250.00000m  192.5228n 
  300.00000m  633.4843n 
  350.00000m    1.7432u 
  400.00000m    3.8896u 
  450.00000m    7.1549u 
  500.00000m   11.2539u 
  550.00000m   15.7230u 
  600.00000m   20.2490u 
  650.00000m   24.7000u 
  700.00000m   29.0224u 
  750.00000m   33.1911u 
  800.00000m   37.1931u 
  850.00000m   41.0213u 
  900.00000m   44.6720u 
  950.00000m   48.1439u 
    1.00000    51.4376u 
y
 vth0_value= 237.9793m
 u0_param=  50.4726m
 ags_param= 417.1721m
 
   *** monte carlo  index = 478 ***
x

 volt         param     
             i_d_0.2    
    0.         53.3392p 
   50.00000m  276.4199p 
  100.00000m    1.3984n 
  150.00000m    6.7283n 
  200.00000m   29.7310n 
  250.00000m  117.2398n 
  300.00000m  406.9802n 
  350.00000m    1.2031u 
  400.00000m    2.9011u 
  450.00000m    5.7066u 
  500.00000m    9.4656u 
  550.00000m   13.7469u 
  600.00000m   18.1662u 
  650.00000m   22.5423u 
  700.00000m   26.8036u 
  750.00000m   30.9190u 
  800.00000m   34.8728u 
  850.00000m   38.6570u 
  900.00000m   42.2673u 
  950.00000m   45.7023u 
    1.00000    48.9621u 
y
 vth0_value= 256.4560m
 u0_param=  49.9053m
 ags_param= 416.5823m
 
   *** monte carlo  index = 479 ***
x

 volt         param     
             i_d_0.2    
    0.         36.0426p 
   50.00000m  187.2340p 
  100.00000m  954.4418p 
  150.00000m    4.6594n 
  200.00000m   21.0672n 
  250.00000m   85.4269n 
  300.00000m  305.9393n 
  350.00000m  942.9955n 
  400.00000m    2.3882u 
  450.00000m    4.9124u 
  500.00000m    8.4469u 
  550.00000m   12.6048u 
  600.00000m   16.9660u 
  650.00000m   21.3099u 
  700.00000m   25.5493u 
  750.00000m   29.6476u 
  800.00000m   33.5873u 
  850.00000m   37.3594u 
  900.00000m   40.9592u 
  950.00000m   44.3850u 
    1.00000    47.6370u 
y
 vth0_value= 268.0784m
 u0_param=  49.7642m
 ags_param= 413.8211m
 
   *** monte carlo  index = 480 ***
x

 volt         param     
             i_d_0.2    
    0.         43.7258p 
   50.00000m  226.8845p 
  100.00000m    1.1521n 
  150.00000m    5.5828n 
  200.00000m   24.9442n 
  250.00000m   99.6795n 
  300.00000m  351.2496n 
  350.00000m    1.0596u 
  400.00000m    2.6153u 
  450.00000m    5.2539u 
  500.00000m    8.8633u 
  550.00000m   13.0359u 
  600.00000m   17.3739u 
  650.00000m   21.6807u 
  700.00000m   25.8790u 
  750.00000m   29.9354u 
  800.00000m   33.8339u 
  850.00000m   37.5658u 
  900.00000m   41.1269u 
  950.00000m   44.5155u 
    1.00000    47.7319u 
y
 vth0_value= 261.9492m
 u0_param=  49.2063m
 ags_param= 405.9678m
 
   *** monte carlo  index = 481 ***
x

 volt         param     
             i_d_0.2    
    0.         25.7884p 
   50.00000m  134.0547p 
  100.00000m  686.7163p 
  150.00000m    3.3857n 
  200.00000m   15.5610n 
  250.00000m   64.4394n 
  300.00000m  236.1872n 
  350.00000m  750.4425n 
  400.00000m    1.9735u 
  450.00000m    4.2078u 
  500.00000m    7.4514u 
  550.00000m   11.3725u 
  600.00000m   15.5463u 
  650.00000m   19.7268u 
  700.00000m   23.8156u 
  750.00000m   27.7722u 
  800.00000m   31.5780u 
  850.00000m   35.2232u 
  900.00000m   38.7032u 
  950.00000m   42.0158u 
    1.00000    45.1613u 
y
 vth0_value= 276.9873m
 u0_param=  48.0588m
 ags_param= 418.5906m
 
   *** monte carlo  index = 482 ***
x

 volt         param     
             i_d_0.2    
    0.         67.7507p 
   50.00000m  350.2919p 
  100.00000m    1.7620n 
  150.00000m    8.3883n 
  200.00000m   36.4803n 
  250.00000m  141.2148n 
  300.00000m  479.8897n 
  350.00000m    1.3786u 
  400.00000m    3.2198u 
  450.00000m    6.1586u 
  500.00000m    9.9899u 
  550.00000m   14.2707u 
  600.00000m   18.6510u 
  650.00000m   22.9751u 
  700.00000m   27.1808u 
  750.00000m   31.2403u 
  800.00000m   35.1395u 
  850.00000m   38.8707u 
  900.00000m   42.4299u 
  950.00000m   45.8158u 
    1.00000    49.0288u 
y
 vth0_value= 248.8346m
 u0_param=  49.1650m
 ags_param= 421.8148m
 
   *** monte carlo  index = 483 ***
x

 volt         param     
             i_d_0.2    
    0.         72.2147p 
   50.00000m  373.0930p 
  100.00000m    1.8735n 
  150.00000m    8.8909n 
  200.00000m   38.4882n 
  250.00000m  148.2075n 
  300.00000m  500.5718n 
  350.00000m    1.4263u 
  400.00000m    3.3015u 
  450.00000m    6.2664u 
  500.00000m   10.1027u 
  550.00000m   14.3673u 
  600.00000m   18.7214u 
  650.00000m   23.0162u 
  700.00000m   27.1923u 
  750.00000m   31.2227u 
  800.00000m   35.0937u 
  850.00000m   38.7977u 
  900.00000m   42.3309u 
  950.00000m   45.6920u 
    1.00000    48.8814u 
y
 vth0_value= 246.6846m
 u0_param=  48.7910m
 ags_param= 420.2466m
 
   *** monte carlo  index = 484 ***
x

 volt         param     
             i_d_0.2    
    0.         13.2412p 
   50.00000m   68.7038p 
  100.00000m  354.9650p 
  150.00000m    1.7828n 
  200.00000m    8.4640n 
  250.00000m   36.6598n 
  300.00000m  141.2403n 
  350.00000m  477.2371n 
  400.00000m    1.3603u 
  450.00000m    3.1494u 
  500.00000m    5.9773u 
  550.00000m    9.6326u 
  600.00000m   13.6881u 
  650.00000m   17.8188u 
  700.00000m   21.8835u 
  750.00000m   25.8269u 
  800.00000m   29.6247u 
  850.00000m   33.2652u 
  900.00000m   36.7426u 
  950.00000m   40.0545u 
    1.00000    43.2006u 
y
 vth0_value= 296.9581m
 u0_param=  48.0458m
 ags_param= 414.9105m
 
   *** monte carlo  index = 485 ***
x

 volt         param     
             i_d_0.2    
    0.         38.2665p 
   50.00000m  198.6957p 
  100.00000m    1.0114n 
  150.00000m    4.9239n 
  200.00000m   22.1638n 
  250.00000m   89.3780n 
  300.00000m  318.1563n 
  350.00000m  972.8401n 
  400.00000m    2.4402u 
  450.00000m    4.9750u 
  500.00000m    8.4934u 
  550.00000m   12.6047u 
  600.00000m   16.9019u 
  650.00000m   21.1766u 
  700.00000m   25.3468u 
  750.00000m   29.3775u 
  800.00000m   33.2520u 
  850.00000m   36.9615u 
  900.00000m   40.5016u 
  950.00000m   43.8705u 
    1.00000    47.0685u 
y
 vth0_value= 265.7412m
 u0_param=  48.9061m
 ags_param= 418.0146m
 
   *** monte carlo  index = 486 ***
x

 volt         param     
             i_d_0.2    
    0.        154.5346p 
   50.00000m  790.8668p 
  100.00000m    3.8911n 
  150.00000m   17.8210n 
  200.00000m   73.4615n 
  250.00000m  267.9263n 
  300.00000m  845.9695n 
  350.00000m    2.2075u 
  400.00000m    4.6723u 
  450.00000m    8.2262u 
  500.00000m   12.5053u 
  550.00000m   17.0571u 
  600.00000m   21.6224u 
  650.00000m   26.0963u 
  700.00000m   30.4345u 
  750.00000m   34.6154u 
  800.00000m   38.6273u 
  850.00000m   42.4637u 
  900.00000m   46.1212u 
  950.00000m   49.5988u 
    1.00000    52.8970u 
y
 vth0_value= 225.0138m
 u0_param=  50.5595m
 ags_param= 428.4340m
 
   *** monte carlo  index = 487 ***
x

 volt         param     
             i_d_0.2    
    0.         25.7066p 
   50.00000m  133.5973p 
  100.00000m  684.0498p 
  150.00000m    3.3696n 
  200.00000m   15.4638n 
  250.00000m   63.9149n 
  300.00000m  233.7923n 
  350.00000m  740.9633n 
  400.00000m    1.9425u 
  450.00000m    4.1293u 
  500.00000m    7.2946u 
  550.00000m   11.1119u 
  600.00000m   15.1692u 
  650.00000m   19.2308u 
  700.00000m   23.2028u 
  750.00000m   27.0465u 
  800.00000m   30.7438u 
  850.00000m   34.2854u 
  900.00000m   37.6665u 
  950.00000m   40.8853u 
    1.00000    43.9418u 
y
 vth0_value= 276.1475m
 u0_param=  46.6551m
 ags_param= 414.2284m
 
   *** monte carlo  index = 488 ***
x

 volt         param     
             i_d_0.2    
    0.         42.4316p 
   50.00000m  220.2476p 
  100.00000m    1.1195n 
  150.00000m    5.4341n 
  200.00000m   24.3473n 
  250.00000m   97.6216n 
  300.00000m  345.2741n 
  350.00000m    1.0467u 
  400.00000m    2.5985u 
  450.00000m    5.2476u 
  500.00000m    8.8900u 
  550.00000m   13.1171u 
  600.00000m   17.5203u 
  650.00000m   21.8947u 
  700.00000m   26.1598u 
  750.00000m   30.2811u 
  800.00000m   34.2419u 
  850.00000m   38.0335u 
  900.00000m   41.6515u 
  950.00000m   45.0942u 
    1.00000    48.3620u 
y
 vth0_value= 263.3629m
 u0_param=  50.0181m
 ags_param= 427.5901m
 
   *** monte carlo  index = 489 ***
x

 volt         param     
             i_d_0.2    
    0.         72.7372p 
   50.00000m  375.9045p 
  100.00000m    1.8887n 
  150.00000m    8.9716n 
  200.00000m   38.8924n 
  250.00000m  149.9967n 
  300.00000m  507.4990n 
  350.00000m    1.4493u 
  400.00000m    3.3630u 
  450.00000m    6.3962u 
  500.00000m   10.3290u 
  550.00000m   14.7072u 
  600.00000m   19.1803u 
  650.00000m   23.5932u 
  700.00000m   27.8841u 
  750.00000m   32.0251u 
  800.00000m   36.0020u 
  850.00000m   39.8072u 
  900.00000m   43.4367u 
  950.00000m   46.8892u 
    1.00000    50.1652u 
y
 vth0_value= 247.3508m
 u0_param=  50.1705m
 ags_param= 434.2194m
 
   *** monte carlo  index = 490 ***
x

 volt         param     
             i_d_0.2    
    0.         83.8478p 
   50.00000m  432.6232p 
  100.00000m    2.1656n 
  150.00000m   10.2191n 
  200.00000m   43.8754n 
  250.00000m  167.3819n 
  300.00000m  559.0509n 
  350.00000m    1.5692u 
  400.00000m    3.5745u 
  450.00000m    6.6916u 
  500.00000m   10.6713u 
  550.00000m   15.0571u 
  600.00000m   19.5183u 
  650.00000m   23.9129u 
  700.00000m   28.1833u 
  750.00000m   32.3034u 
  800.00000m   36.2596u 
  850.00000m   40.0446u 
  900.00000m   43.6545u 
  950.00000m   47.0882u 
    1.00000    50.3460u 
y
 vth0_value= 242.9200m
 u0_param=  49.8891m
 ags_param= 420.3416m
 
   *** monte carlo  index = 491 ***
x

 volt         param     
             i_d_0.2    
    0.         55.7111p 
   50.00000m  288.5625p 
  100.00000m    1.4580n 
  150.00000m    6.9986n 
  200.00000m   30.8159n 
  250.00000m  121.0119n 
  300.00000m  418.1035n 
  350.00000m    1.2282u 
  400.00000m    2.9406u 
  450.00000m    5.7479u 
  500.00000m    9.4863u 
  550.00000m   13.7251u 
  600.00000m   18.0913u 
  650.00000m   22.4117u 
  700.00000m   26.6177u 
  750.00000m   30.6793u 
  800.00000m   34.5814u 
  850.00000m   38.3160u 
  900.00000m   41.8789u 
  950.00000m   45.2688u 
    1.00000    48.4859u 
y
 vth0_value= 254.7215m
 u0_param=  49.2236m
 ags_param= 421.1858m
 
   *** monte carlo  index = 492 ***
x

 volt         param     
             i_d_0.2    
    0.         32.5258p 
   50.00000m  168.9793p 
  100.00000m  862.3532p 
  150.00000m    4.2194n 
  200.00000m   19.1491n 
  250.00000m   78.0173n 
  300.00000m  280.8911n 
  350.00000m  871.9604n 
  400.00000m    2.2276u 
  450.00000m    4.6199u 
  500.00000m    7.9976u 
  550.00000m   11.9950u 
  600.00000m   16.2007u 
  650.00000m   20.3947u 
  700.00000m   24.4900u 
  750.00000m   28.4501u 
  800.00000m   32.2578u 
  850.00000m   35.9041u 
  900.00000m   39.3844u 
  950.00000m   42.6968u 
    1.00000    45.8417u 
y
 vth0_value= 270.0462m
 u0_param=  48.0566m
 ags_param= 417.2446m
 
   *** monte carlo  index = 493 ***
x

 volt         param     
             i_d_0.2    
    0.         48.0244p 
   50.00000m  249.1198p 
  100.00000m    1.2635n 
  150.00000m    6.1087n 
  200.00000m   27.1950n 
  250.00000m  108.1935n 
  300.00000m  379.3300n 
  350.00000m    1.1365u 
  400.00000m    2.7827u 
  450.00000m    5.5490u 
  500.00000m    9.3058u 
  550.00000m   13.6266u 
  600.00000m   18.1078u 
  650.00000m   22.5525u 
  700.00000m   26.8832u 
  750.00000m   31.0666u 
  800.00000m   35.0863u 
  850.00000m   38.9337u 
  900.00000m   42.6045u 
  950.00000m   46.0970u 
    1.00000    49.4118u 
y
 vth0_value= 260.1390m
 u0_param=  50.7783m
 ags_param= 413.9001m
 
   *** monte carlo  index = 494 ***
x

 volt         param     
             i_d_0.2    
    0.         25.5722p 
   50.00000m  132.9705p 
  100.00000m  681.6694p 
  150.00000m    3.3657n 
  200.00000m   15.5061n 
  250.00000m   64.4136n 
  300.00000m  236.8828n 
  350.00000m  755.8075n 
  400.00000m    1.9981u 
  450.00000m    4.2818u 
  500.00000m    7.6135u 
  550.00000m   11.6578u 
  600.00000m   15.9733u 
  650.00000m   20.2996u 
  700.00000m   24.5319u 
  750.00000m   28.6278u 
  800.00000m   32.5672u 
  850.00000m   36.3403u 
  900.00000m   39.9421u 
  950.00000m   43.3706u 
    1.00000    46.6260u 
y
 vth0_value= 278.3608m
 u0_param=  49.8021m
 ags_param= 411.9015m
 
   *** monte carlo  index = 495 ***
x

 volt         param     
             i_d_0.2    
    0.         42.0711p 
   50.00000m  218.3705p 
  100.00000m    1.1099n 
  150.00000m    5.3879n 
  200.00000m   24.1414n 
  250.00000m   96.8018n 
  300.00000m  342.4032n 
  350.00000m    1.0381u 
  400.00000m    2.5777u 
  450.00000m    5.2063u 
  500.00000m    8.8212u 
  550.00000m   13.0168u 
  600.00000m   17.3873u 
  650.00000m   21.7294u 
  700.00000m   25.9631u 
  750.00000m   30.0542u 
  800.00000m   33.9861u 
  850.00000m   37.7501u 
  900.00000m   41.3418u 
  950.00000m   44.7596u 
    1.00000    48.0037u 
y
 vth0_value= 263.3810m
 u0_param=  49.6438m
 ags_param= 417.0793m
 
   *** monte carlo  index = 496 ***
x

 volt         param     
             i_d_0.2    
    0.        156.7310p 
   50.00000m  802.0439p 
  100.00000m    3.9454n 
  150.00000m   18.0642n 
  200.00000m   74.4346n 
  250.00000m  271.3507n 
  300.00000m  856.2536n 
  350.00000m    2.2326u 
  400.00000m    4.7218u 
  450.00000m    8.3079u 
  500.00000m   12.6234u 
  550.00000m   17.2126u 
  600.00000m   21.8148u 
  650.00000m   26.3245u 
  700.00000m   30.6973u 
  750.00000m   34.9114u 
  800.00000m   38.9551u 
  850.00000m   42.8217u 
  900.00000m   46.5079u 
  950.00000m   50.0127u 
    1.00000    53.3366u 
y
 vth0_value= 224.8492m
 u0_param=  50.9738m
 ags_param= 431.4397m
 
   *** monte carlo  index = 497 ***
x

 volt         param     
             i_d_0.2    
    0.         28.6500p 
   50.00000m  148.9199p 
  100.00000m  761.8020p 
  150.00000m    3.7452n 
  200.00000m   17.1303n 
  250.00000m   70.4934n 
  300.00000m  256.5913n 
  350.00000m  807.9646n 
  400.00000m    2.1008u 
  450.00000m    4.4303u 
  500.00000m    7.7747u 
  550.00000m   11.7837u 
  600.00000m   16.0312u 
  650.00000m   20.2779u 
  700.00000m   24.4285u 
  750.00000m   28.4436u 
  800.00000m   32.3049u 
  850.00000m   36.0028u 
  900.00000m   39.5327u 
  950.00000m   42.8926u 
    1.00000    46.0826u 
y
 vth0_value= 274.3027m
 u0_param=  48.7687m
 ags_param= 414.7066m
 
   *** monte carlo  index = 498 ***
x

 volt         param     
             i_d_0.2    
    0.         99.5235p 
   50.00000m  512.4404p 
  100.00000m    2.5535n 
  150.00000m   11.9520n 
  200.00000m   50.7313n 
  250.00000m  191.0803n 
  300.00000m  628.3874n 
  350.00000m    1.7279u 
  400.00000m    3.8528u 
  450.00000m    7.0831u 
  500.00000m   11.1359u 
  550.00000m   15.5526u 
  600.00000m   20.0249u 
  650.00000m   24.4229u 
  700.00000m   28.6939u 
  750.00000m   32.8132u 
  800.00000m   36.7679u 
  850.00000m   40.5509u 
  900.00000m   44.1586u 
  950.00000m   47.5897u 
    1.00000    50.8448u 
y
 vth0_value= 237.7659m
 u0_param=  49.8539m
 ags_param= 415.2032m
 
   *** monte carlo  index = 499 ***
x

 volt         param     
             i_d_0.2    
    0.         66.7787p 
   50.00000m  345.3197p 
  100.00000m    1.7377n 
  150.00000m    8.2778n 
  200.00000m   36.0352n 
  250.00000m  139.6491n 
  300.00000m  475.1926n 
  350.00000m    1.3675u 
  400.00000m    3.2001u 
  450.00000m    6.1311u 
  500.00000m    9.9586u 
  550.00000m   14.2397u 
  600.00000m   18.6227u 
  650.00000m   22.9501u 
  700.00000m   27.1594u 
  750.00000m   31.2225u 
  800.00000m   35.1251u 
  850.00000m   38.8596u 
  900.00000m   42.4221u 
  950.00000m   45.8111u 
    1.00000    49.0270u 
y
 vth0_value= 249.2972m
 u0_param=  49.2124m
 ags_param= 418.9667m
 
   *** monte carlo  index = 500 ***
x

 volt         param     
             i_d_0.2    
    0.         83.4713p 
   50.00000m  430.7682p 
  100.00000m    2.1572n 
  150.00000m   10.1869n 
  200.00000m   43.7822n 
  250.00000m  167.2161n 
  300.00000m  559.2358n 
  350.00000m    1.5724u 
  400.00000m    3.5884u 
  450.00000m    6.7279u 
  500.00000m   10.7423u 
  550.00000m   15.1710u 
  600.00000m   19.6780u 
  650.00000m   24.1182u 
  700.00000m   28.4330u 
  750.00000m   32.5960u 
  800.00000m   36.5934u 
  850.00000m   40.4176u 
  900.00000m   44.0650u 
  950.00000m   47.5341u 
    1.00000    50.8256u 
y
 vth0_value= 243.3963m
 u0_param=  50.4308m
 ags_param= 408.4645m
 
   *** monte carlo  index = 501 ***
x

 volt         param     
             i_d_0.2    
    0.         54.0239p 
   50.00000m  279.8951p 
  100.00000m    1.4152n 
  150.00000m    6.8015n 
  200.00000m   30.0051n 
  250.00000m  118.0936n 
  300.00000m  409.0687n 
  350.00000m    1.2059u 
  400.00000m    2.8984u 
  450.00000m    5.6851u 
  500.00000m    9.4087u 
  550.00000m   13.6407u 
  600.00000m   18.0049u 
  650.00000m   22.3250u 
  700.00000m   26.5314u 
  750.00000m   30.5936u 
  800.00000m   34.4964u 
  850.00000m   38.2318u 
  900.00000m   41.7956u 
  950.00000m   45.1864u 
    1.00000    48.4044u 
y
 vth0_value= 255.6480m
 u0_param=  49.2351m
 ags_param= 427.3153m
 
   *** monte carlo  index = 502 ***
x

 volt         param     
             i_d_0.2    
    0.         44.5233p 
   50.00000m  231.0159p 
  100.00000m    1.1729n 
  150.00000m    5.6814n 
  200.00000m   25.3700n 
  250.00000m  101.3091n 
  300.00000m  356.7018n 
  350.00000m    1.0748u 
  400.00000m    2.6496u 
  450.00000m    5.3162u 
  500.00000m    8.9597u 
  550.00000m   13.1682u 
  600.00000m   17.5417u 
  650.00000m   21.8831u 
  700.00000m   26.1147u 
  750.00000m   30.2032u 
  800.00000m   34.1322u 
  850.00000m   37.8933u 
  900.00000m   41.4821u 
  950.00000m   44.8970u 
    1.00000    48.1383u 
y
 vth0_value= 261.6610m
 u0_param=  49.6008m
 ags_param= 416.4833m
 
   *** monte carlo  index = 503 ***
x

 volt         param     
             i_d_0.2    
    0.         35.8225p 
   50.00000m  186.0119p 
  100.00000m  947.4452p 
  150.00000m    4.6183n 
  200.00000m   20.8311n 
  250.00000m   84.2210n 
  300.00000m  300.6828n 
  350.00000m  923.0807n 
  400.00000m    2.3266u 
  450.00000m    4.7649u 
  500.00000m    8.1649u 
  550.00000m   12.1505u 
  600.00000m   16.3230u 
  650.00000m   20.4762u 
  700.00000m   24.5291u 
  750.00000m   28.4472u 
  800.00000m   32.2140u 
  850.00000m   35.8208u 
  900.00000m   39.2632u 
  950.00000m   42.5395u 
    1.00000    45.6498u 
y
 vth0_value= 266.8023m
 u0_param=  47.5141m
 ags_param= 418.1349m
 
   *** monte carlo  index = 504 ***
x

 volt         param     
             i_d_0.2    
    0.         38.8668p 
   50.00000m  201.8278p 
  100.00000m    1.0274n 
  150.00000m    5.0018n 
  200.00000m   22.5152n 
  250.00000m   90.7970n 
  300.00000m  323.1997n 
  350.00000m  988.1910n 
  400.00000m    2.4785u 
  450.00000m    5.0522u 
  500.00000m    8.6242u 
  550.00000m   12.7981u 
  600.00000m   17.1609u 
  650.00000m   21.5008u 
  700.00000m   25.7343u 
  750.00000m   29.8261u 
  800.00000m   33.7592u 
  850.00000m   37.5245u 
  900.00000m   41.1178u 
  950.00000m   44.5372u 
    1.00000    47.7830u 
y
 vth0_value= 265.7639m
 u0_param=  49.6688m
 ags_param= 412.1176m
 
   *** monte carlo  index = 505 ***
x

 volt         param     
             i_d_0.2    
    0.         83.0014p 
   50.00000m  428.4499p 
  100.00000m    2.1467n 
  150.00000m   10.1463n 
  200.00000m   43.6637n 
  250.00000m  166.9996n 
  300.00000m  559.4323n 
  350.00000m    1.5764u 
  400.00000m    3.6057u 
  450.00000m    6.7734u 
  500.00000m   10.8314u 
  550.00000m   15.3141u 
  600.00000m   19.8787u 
  650.00000m   24.3762u 
  700.00000m   28.7470u 
  750.00000m   32.9640u 
  800.00000m   37.0130u 
  850.00000m   40.8866u 
  900.00000m   44.5810u 
  950.00000m   48.0948u 
    1.00000    51.4285u 
y
 vth0_value= 243.9877m
 u0_param=  51.1093m
 ags_param= 409.4605m
 
   *** monte carlo  index = 506 ***
x

 volt         param     
             i_d_0.2    
    0.         28.5357p 
   50.00000m  148.3508p 
  100.00000m  759.1930p 
  150.00000m    3.7352n 
  200.00000m   17.1063n 
  250.00000m   70.5085n 
  300.00000m  257.0889n 
  350.00000m  811.3039n 
  400.00000m    2.1152u 
  450.00000m    4.4722u 
  500.00000m    7.8645u 
  550.00000m   11.9393u 
  600.00000m   16.2617u 
  650.00000m   20.5851u 
  700.00000m   24.8111u 
  750.00000m   28.8993u 
  800.00000m   32.8308u 
  850.00000m   36.5958u 
  900.00000m   40.1896u 
  950.00000m   43.6102u 
    1.00000    46.8578u 
y
 vth0_value= 275.0066m
 u0_param=  49.6824m
 ags_param= 418.6988m
 
   *** monte carlo  index = 507 ***
x

 volt         param     
             i_d_0.2    
    0.         93.0601p 
   50.00000m  479.7818p 
  100.00000m    2.3972n 
  150.00000m   11.2743n 
  200.00000m   48.1751n 
  250.00000m  182.7912n 
  300.00000m  606.4785n 
  350.00000m    1.6873u 
  400.00000m    3.8075u 
  450.00000m    7.0708u 
  500.00000m   11.2052u 
  550.00000m   15.7397u 
  600.00000m   20.3431u 
  650.00000m   24.8739u 
  700.00000m   29.2751u 
  750.00000m   33.5203u 
  800.00000m   37.5960u 
  850.00000m   41.4946u 
  900.00000m   45.2125u 
  950.00000m   48.7484u 
    1.00000    52.1028u 
y
 vth0_value= 240.7719m
 u0_param=  51.4463m
 ags_param= 414.3540m
 
   *** monte carlo  index = 508 ***
x

 volt         param     
             i_d_0.2    
    0.         61.3730p 
   50.00000m  317.7458p 
  100.00000m    1.6033n 
  150.00000m    7.6760n 
  200.00000m   33.6650n 
  250.00000m  131.5840n 
  300.00000m  452.1535n 
  350.00000m    1.3184u 
  400.00000m    3.1301u 
  450.00000m    6.0726u 
  500.00000m    9.9626u 
  550.00000m   14.3517u 
  600.00000m   18.8629u 
  650.00000m   23.3229u 
  700.00000m   27.6631u 
  750.00000m   31.8532u 
  800.00000m   35.8780u 
  850.00000m   39.7294u 
  900.00000m   43.4034u 
  950.00000m   46.8985u 
    1.00000    50.2152u 
y
 vth0_value= 252.8384m
 u0_param=  50.8236m
 ags_param= 399.2561m
 
   *** monte carlo  index = 509 ***
x

 volt         param     
             i_d_0.2    
    0.         74.5819p 
   50.00000m  385.2203p 
  100.00000m    1.9331n 
  150.00000m    9.1631n 
  200.00000m   39.5981n 
  250.00000m  152.1812n 
  300.00000m  512.7911n 
  350.00000m    1.4565u 
  400.00000m    3.3600u 
  450.00000m    6.3587u 
  500.00000m   10.2279u 
  550.00000m   14.5208u 
  600.00000m   18.9003u 
  650.00000m   23.2188u 
  700.00000m   27.4174u 
  750.00000m   31.4693u 
  800.00000m   35.3606u 
  850.00000m   39.0840u 
  900.00000m   42.6356u 
  950.00000m   46.0141u 
    1.00000    49.2198u 
y
 vth0_value= 245.8884m
 u0_param=  49.0519m
 ags_param= 426.8274m
 
   *** monte carlo  index = 510 ***
x

 volt         param     
             i_d_0.2    
    0.         43.2691p 
   50.00000m  224.5310p 
  100.00000m    1.1404n 
  150.00000m    5.5284n 
  200.00000m   24.7173n 
  250.00000m   98.8514n 
  300.00000m  348.6419n 
  350.00000m    1.0530u 
  400.00000m    2.6027u 
  450.00000m    5.2351u 
  500.00000m    8.8408u 
  550.00000m   13.0128u 
  600.00000m   17.3521u 
  650.00000m   21.6610u 
  700.00000m   25.8615u 
  750.00000m   29.9202u 
  800.00000m   33.8209u 
  850.00000m   37.5550u 
  900.00000m   41.1181u 
  950.00000m   44.5087u 
    1.00000    47.7270u 
y
 vth0_value= 262.2808m
 u0_param=  49.2340m
 ags_param= 414.9850m
 
   *** monte carlo  index = 511 ***
x

 volt         param     
             i_d_0.2    
    0.         33.6794p 
   50.00000m  174.9916p 
  100.00000m  892.9384p 
  150.00000m    4.3679n 
  200.00000m   19.8141n 
  250.00000m   80.6784n 
  300.00000m  290.2603n 
  350.00000m  900.1210n 
  400.00000m    2.2966u 
  450.00000m    4.7569u 
  500.00000m    8.2261u 
  550.00000m   12.3283u 
  600.00000m   16.6426u 
  650.00000m   20.9441u 
  700.00000m   25.1438u 
  750.00000m   29.2045u 
  800.00000m   33.1086u 
  850.00000m   36.8468u 
  900.00000m   40.4146u 
  950.00000m   43.8101u 
    1.00000    47.0336u 
y
 vth0_value= 269.8132m
 u0_param=  49.3054m
 ags_param= 419.9566m
 
   *** monte carlo  index = 512 ***
x

 volt         param     
             i_d_0.2    
    0.        218.0088p 
   50.00000m    1.1097n 
  100.00000m    5.4011n 
  150.00000m   24.3035n 
  200.00000m   97.9658n 
  250.00000m  348.5797n 
  300.00000m    1.0654u 
  350.00000m    2.6712u 
  400.00000m    5.4445u 
  450.00000m    9.2959u 
  500.00000m   13.8044u 
  550.00000m   18.5290u 
  600.00000m   23.2410u 
  650.00000m   27.8487u 
  700.00000m   32.3123u 
  750.00000m   36.6116u 
  800.00000m   40.7355u 
  850.00000m   44.6778u 
  900.00000m   48.4353u 
  950.00000m   52.0071u 
    1.00000    55.3939u 
y
 vth0_value= 215.5614m
 u0_param=  52.0052m
 ags_param= 421.7386m
 
   *** monte carlo  index = 513 ***
x

 volt         param     
             i_d_0.2    
    0.         36.1826p 
   50.00000m  187.9758p 
  100.00000m  958.3430p 
  150.00000m    4.6795n 
  200.00000m   21.1659n 
  250.00000m   85.8651n 
  300.00000m  307.6514n 
  350.00000m  948.8340n 
  400.00000m    2.4047u 
  450.00000m    4.9494u 
  500.00000m    8.5149u 
  550.00000m   12.7115u 
  600.00000m   17.1145u 
  650.00000m   21.5003u 
  700.00000m   25.7807u 
  750.00000m   29.9186u 
  800.00000m   33.8963u 
  850.00000m   37.7046u 
  900.00000m   41.3389u 
  950.00000m   44.7974u 
    1.00000    48.0805u 
y
 vth0_value= 268.2732m
 u0_param=  50.2575m
 ags_param= 422.2952m
 
   *** monte carlo  index = 514 ***
x

 volt         param     
             i_d_0.2    
    0.        109.3622p 
   50.00000m  562.4785p 
  100.00000m    2.7961n 
  150.00000m   13.0329n 
  200.00000m   54.9996n 
  250.00000m  205.8285n 
  300.00000m  671.5173n 
  350.00000m    1.8273u 
  400.00000m    4.0311u 
  450.00000m    7.3448u 
  500.00000m   11.4665u 
  550.00000m   15.9347u 
  600.00000m   20.4495u 
  650.00000m   24.8857u 
  700.00000m   29.1924u 
  750.00000m   33.3453u 
  800.00000m   37.3318u 
  850.00000m   41.1449u 
  900.00000m   44.7811u 
  950.00000m   48.2390u 
    1.00000    51.5193u 
y
 vth0_value= 235.1977m
 u0_param=  50.2587m
 ags_param= 426.3447m
 
   *** monte carlo  index = 515 ***
x

 volt         param     
             i_d_0.2    
    0.         34.9169p 
   50.00000m  181.3368p 
  100.00000m  924.1270p 
  150.00000m    4.5093n 
  200.00000m   20.3738n 
  250.00000m   82.5447n 
  300.00000m  295.3759n 
  350.00000m  909.5505n 
  400.00000m    2.3009u 
  450.00000m    4.7284u 
  500.00000m    8.1247u 
  550.00000m   12.1162u 
  600.00000m   16.3003u 
  650.00000m   20.4672u 
  700.00000m   24.5340u 
  750.00000m   28.4659u 
  800.00000m   32.2460u 
  850.00000m   35.8657u 
  900.00000m   39.3205u 
  950.00000m   42.6085u 
    1.00000    45.7301u 
y
 vth0_value= 267.6842m
 u0_param=  47.6899m
 ags_param= 420.7389m
 
   *** monte carlo  index = 516 ***
x

 volt         param     
             i_d_0.2    
    0.         50.8942p 
   50.00000m  263.7788p 
  100.00000m    1.3351n 
  150.00000m    6.4298n 
  200.00000m   28.4541n 
  250.00000m  112.4041n 
  300.00000m  391.0070n 
  350.00000m    1.1592u 
  400.00000m    2.8044u 
  450.00000m    5.5327u 
  500.00000m    9.1992u 
  550.00000m   13.3832u 
  600.00000m   17.7060u 
  650.00000m   21.9881u 
  700.00000m   26.1588u 
  750.00000m   30.1871u 
  800.00000m   34.0577u 
  850.00000m   37.7625u 
  900.00000m   41.2974u 
  950.00000m   44.6608u 
    1.00000    47.8530u 
y
 vth0_value= 257.1687m
 u0_param=  48.8272m
 ags_param= 405.6894m
 
   *** monte carlo  index = 517 ***
x

 volt         param     
             i_d_0.2    
    0.         41.9067p 
   50.00000m  217.4995p 
  100.00000m    1.1054n 
  150.00000m    5.3644n 
  200.00000m   24.0269n 
  250.00000m   96.2991n 
  300.00000m  340.4632n 
  350.00000m    1.0316u 
  400.00000m    2.5597u 
  450.00000m    5.1666u 
  500.00000m    8.7496u 
  550.00000m   12.9060u 
  600.00000m   17.2346u 
  650.00000m   21.5347u 
  700.00000m   25.7274u 
  750.00000m   29.7790u 
  800.00000m   33.6730u 
  850.00000m   37.4008u 
  900.00000m   40.9581u 
  950.00000m   44.3431u 
    1.00000    47.5563u 
y
 vth0_value= 263.1842m
 u0_param=  49.1522m
 ags_param= 408.1369m
 
   *** monte carlo  index = 518 ***
x

 volt         param     
             i_d_0.2    
    0.         43.2306p 
   50.00000m  224.3492p 
  100.00000m    1.1397n 
  150.00000m    5.5266n 
  200.00000m   24.7211n 
  250.00000m   98.9242n 
  300.00000m  349.1184n 
  350.00000m    1.0553u 
  400.00000m    2.6109u 
  450.00000m    5.2563u 
  500.00000m    8.8827u 
  550.00000m   13.0815u 
  600.00000m   17.4501u 
  650.00000m   21.7886u 
  700.00000m   26.0179u 
  750.00000m   30.1046u 
  800.00000m   34.0320u 
  850.00000m   37.7917u 
  900.00000m   41.3792u 
  950.00000m   44.7930u 
    1.00000    48.0332u 
y
 vth0_value= 262.5291m
 u0_param=  49.5815m
 ags_param= 423.1660m
 
   *** monte carlo  index = 519 ***
x

 volt         param     
             i_d_0.2    
    0.         65.2193p 
   50.00000m  337.3757p 
  100.00000m    1.6991n 
  150.00000m    8.1057n 
  200.00000m   35.3621n 
  250.00000m  137.3792n 
  300.00000m  468.7971n 
  350.00000m    1.3543u 
  400.00000m    3.1823u 
  450.00000m    6.1190u 
  500.00000m    9.9673u 
  550.00000m   14.2824u 
  600.00000m   18.7050u 
  650.00000m   23.0732u 
  700.00000m   27.3226u 
  750.00000m   31.4247u 
  800.00000m   35.3647u 
  850.00000m   39.1350u 
  900.00000m   42.7316u 
  950.00000m   46.1531u 
    1.00000    49.3999u 
y
 vth0_value= 250.3172m
 u0_param=  49.7028m
 ags_param= 421.3609m
 
   *** monte carlo  index = 520 ***
x

 volt         param     
             i_d_0.2    
    0.         86.1540p 
   50.00000m  444.3187p 
  100.00000m    2.2220n 
  150.00000m   10.4667n 
  200.00000m   44.8267n 
  250.00000m  170.5381n 
  300.00000m  567.7180n 
  350.00000m    1.5866u 
  400.00000m    3.5975u 
  450.00000m    6.7086u 
  500.00000m   10.6658u 
  550.00000m   15.0156u 
  600.00000m   19.4357u 
  650.00000m   23.7882u 
  700.00000m   28.0172u 
  750.00000m   32.0972u 
  800.00000m   36.0149u 
  850.00000m   39.7629u 
  900.00000m   43.3377u 
  950.00000m   46.7380u 
    1.00000    49.9640u 
y
 vth0_value= 241.7842m
 u0_param=  49.3818m
 ags_param= 424.3909m
 
   *** monte carlo  index = 521 ***
x

 volt         param     
             i_d_0.2    
    0.         27.2185p 
   50.00000m  141.5059p 
  100.00000m  724.5925p 
  150.00000m    3.5693n 
  200.00000m   16.3801n 
  250.00000m   67.6960n 
  300.00000m  247.5643n 
  350.00000m  784.2534n 
  400.00000m    2.0546u 
  450.00000m    4.3644u 
  500.00000m    7.7047u 
  550.00000m   11.7315u 
  600.00000m   16.0114u 
  650.00000m   20.2956u 
  700.00000m   24.4847u 
  750.00000m   28.5377u 
  800.00000m   32.4357u 
  850.00000m   36.1689u 
  900.00000m   39.7324u 
  950.00000m   43.1245u 
    1.00000    46.3451u 
y
 vth0_value= 276.1466m
 u0_param=  49.2535m
 ags_param= 410.9471m
 
   *** monte carlo  index = 522 ***
x

 volt         param     
             i_d_0.2    
    0.         81.2878p 
   50.00000m  419.5961p 
  100.00000m    2.1024n 
  150.00000m    9.9377n 
  200.00000m   42.7716n 
  250.00000m  163.6179n 
  300.00000m  548.2584n 
  350.00000m    1.5456u 
  400.00000m    3.5368u 
  450.00000m    6.6469u 
  500.00000m   10.6328u 
  550.00000m   15.0363u 
  600.00000m   19.5204u 
  650.00000m   23.9390u 
  700.00000m   28.2334u 
  750.00000m   32.3769u 
  800.00000m   36.3556u 
  850.00000m   40.1622u 
  900.00000m   43.7928u 
  950.00000m   47.2461u 
    1.00000    50.5226u 
y
 vth0_value= 244.0365m
 u0_param=  50.1875m
 ags_param= 418.4495m
 
   *** monte carlo  index = 523 ***
x

 volt         param     
             i_d_0.2    
    0.         67.4711p 
   50.00000m  348.8253p 
  100.00000m    1.7545n 
  150.00000m    8.3510n 
  200.00000m   36.3088n 
  250.00000m  140.5123n 
  300.00000m  477.3587n 
  350.00000m    1.3708u 
  400.00000m    3.2002u 
  450.00000m    6.1190u 
  500.00000m    9.9229u 
  550.00000m   14.1718u 
  600.00000m   18.5192u 
  650.00000m   22.8107u 
  700.00000m   26.9848u 
  750.00000m   31.0139u 
  800.00000m   34.8838u 
  850.00000m   38.5871u 
  900.00000m   42.1198u 
  950.00000m   45.4806u 
    1.00000    48.6698u 
y
 vth0_value= 248.7155m
 u0_param=  48.7890m
 ags_param= 404.9347m
 
   *** monte carlo  index = 524 ***
x

 volt         param     
             i_d_0.2    
    0.        129.9923p 
   50.00000m  666.9604p 
  100.00000m    3.2986n 
  150.00000m   15.2409n 
  200.00000m   63.5576n 
  250.00000m  234.7678n 
  300.00000m  753.4616n 
  350.00000m    2.0072u 
  400.00000m    4.3350u 
  450.00000m    7.7601u 
  500.00000m   11.9493u 
  550.00000m   16.4454u 
  600.00000m   20.9703u 
  650.00000m   25.4103u 
  700.00000m   29.7179u 
  750.00000m   33.8706u 
  800.00000m   37.8562u 
  850.00000m   41.6680u 
  900.00000m   45.3024u 
  950.00000m   48.7584u 
    1.00000    52.0365u 
y
 vth0_value= 229.9992m
 u0_param=  50.2322m
 ags_param= 418.8134m
 
   *** monte carlo  index = 525 ***
x

 volt         param     
             i_d_0.2    
    0.         23.5476p 
   50.00000m  122.4231p 
  100.00000m  628.0743p 
  150.00000m    3.1062n 
  200.00000m   14.3505n 
  250.00000m   59.8368n 
  300.00000m  220.9729n 
  350.00000m  708.8657n 
  400.00000m    1.8871u 
  450.00000m    4.0717u 
  500.00000m    7.2814u 
  550.00000m   11.1983u 
  600.00000m   15.3904u 
  650.00000m   19.5979u 
  700.00000m   23.7162u 
  750.00000m   27.7026u 
  800.00000m   31.5375u 
  850.00000m   35.2111u 
  900.00000m   38.7182u 
  950.00000m   42.0570u 
    1.00000    45.2274u 
y
 vth0_value= 279.9642m
 u0_param=  48.4534m
 ags_param= 402.6423m
 
   *** monte carlo  index = 526 ***
x

 volt         param     
             i_d_0.2    
    0.         29.6683p 
   50.00000m  154.1797p 
  100.00000m  788.0510p 
  150.00000m    3.8679n 
  200.00000m   17.6432n 
  250.00000m   72.3504n 
  300.00000m  262.3512n 
  350.00000m  822.0490n 
  400.00000m    2.1244u 
  450.00000m    4.4541u 
  500.00000m    7.7795u 
  550.00000m   11.7479u 
  600.00000m   15.9417u 
  650.00000m   20.1309u 
  700.00000m   24.2241u 
  750.00000m   28.1833u 
  800.00000m   31.9907u 
  850.00000m   35.6369u 
  900.00000m   39.1174u 
  950.00000m   42.4304u 
    1.00000    45.5758u 
y
 vth0_value= 272.8018m
 u0_param=  48.0671m
 ags_param= 400.0257m
 
   *** monte carlo  index = 527 ***
x

 volt         param     
             i_d_0.2    
    0.         51.5183p 
   50.00000m  266.9915p 
  100.00000m    1.3511n 
  150.00000m    6.5037n 
  200.00000m   28.7617n 
  250.00000m  113.5280n 
  300.00000m  394.5587n 
  350.00000m    1.1683u 
  400.00000m    2.8225u 
  450.00000m    5.5616u 
  500.00000m    9.2380u 
  550.00000m   13.4296u 
  600.00000m   17.7584u 
  650.00000m   22.0457u 
  700.00000m   26.2211u 
  750.00000m   30.2539u 
  800.00000m   34.1288u 
  850.00000m   37.8376u 
  900.00000m   41.3763u 
  950.00000m   44.7432u 
    1.00000    47.9388u 
y
 vth0_value= 256.8359m
 u0_param=  48.8757m
 ags_param= 427.4545m
 
   *** monte carlo  index = 528 ***
x

 volt         param     
             i_d_0.2    
    0.        101.5105p 
   50.00000m  522.3792p 
  100.00000m    2.6000n 
  150.00000m   12.1458n 
  200.00000m   51.4138n 
  250.00000m  193.0762n 
  300.00000m  632.6741n 
  350.00000m    1.7316u 
  400.00000m    3.8426u 
  450.00000m    7.0365u 
  500.00000m   11.0281u 
  550.00000m   15.3671u 
  600.00000m   19.7562u 
  650.00000m   24.0711u 
  700.00000m   28.2610u 
  750.00000m   32.3020u 
  800.00000m   36.1817u 
  850.00000m   39.8930u 
  900.00000m   43.4325u 
  950.00000m   46.7988u 
    1.00000    49.9925u 
y
 vth0_value= 236.5410m
 u0_param=  48.8691m
 ags_param= 427.6782m
 
   *** monte carlo  index = 529 ***
x

 volt         param     
             i_d_0.2    
    0.         72.8914p 
   50.00000m  376.5482p 
  100.00000m    1.8904n 
  150.00000m    8.9670n 
  200.00000m   38.7922n 
  250.00000m  149.2673n 
  300.00000m  503.7124n 
  350.00000m    1.4335u 
  400.00000m    3.3141u 
  450.00000m    6.2836u 
  500.00000m   10.1219u 
  550.00000m   14.3855u 
  600.00000m   18.7373u 
  650.00000m   23.0294u 
  700.00000m   27.2026u 
  750.00000m   31.2302u 
  800.00000m   35.0984u 
  850.00000m   38.7998u 
  900.00000m   42.3305u 
  950.00000m   45.6891u 
    1.00000    48.8762u 
y
 vth0_value= 246.3811m
 u0_param=  48.7534m
 ags_param= 423.8815m
 
   *** monte carlo  index = 530 ***
x

 volt         param     
             i_d_0.2    
    0.         37.7967p 
   50.00000m  196.2437p 
  100.00000m  998.9056p 
  150.00000m    4.8628n 
  200.00000m   21.8876n 
  250.00000m   88.2594n 
  300.00000m  314.1675n 
  350.00000m  960.6413n 
  400.00000m    2.4097u 
  450.00000m    4.9129u 
  500.00000m    8.3877u 
  550.00000m   12.4479u 
  600.00000m   16.6916u 
  650.00000m   20.9132u 
  700.00000m   25.0317u 
  750.00000m   29.0126u 
  800.00000m   32.8393u 
  850.00000m   36.5032u 
  900.00000m   39.9999u 
  950.00000m   43.3276u 
    1.00000    46.4866u 
y
 vth0_value= 265.7091m
 u0_param=  48.2881m
 ags_param= 410.2529m
 
   *** monte carlo  index = 531 ***
x

 volt         param     
             i_d_0.2    
    0.         29.1984p 
   50.00000m  151.7540p 
  100.00000m  775.9604p 
  150.00000m    3.8115n 
  200.00000m   17.4086n 
  250.00000m   71.5067n 
  300.00000m  259.7594n 
  350.00000m  815.8311n 
  400.00000m    2.1145u 
  450.00000m    4.4455u 
  500.00000m    7.7819u 
  550.00000m   11.7718u 
  600.00000m   15.9934u 
  650.00000m   20.2121u 
  700.00000m   24.3346u 
  750.00000m   28.3224u 
  800.00000m   32.1572u 
  850.00000m   35.8299u 
  900.00000m   39.3355u 
  950.00000m   42.6724u 
    1.00000    45.8406u 
y
 vth0_value= 273.5111m
 u0_param=  48.4221m
 ags_param= 418.4203m
 
   *** monte carlo  index = 532 ***
x

 volt         param     
             i_d_0.2    
    0.        144.5159p 
   50.00000m  740.1777p 
  100.00000m    3.6477n 
  150.00000m   16.7519n 
  200.00000m   69.3035n 
  250.00000m  253.7693n 
  300.00000m  805.4332n 
  350.00000m    2.1156u 
  400.00000m    4.5062u 
  450.00000m    7.9755u 
  500.00000m   12.1730u 
  550.00000m   16.6499u 
  600.00000m   21.1448u 
  650.00000m   25.5515u 
  700.00000m   29.8254u 
  750.00000m   33.9450u 
  800.00000m   37.8984u 
  850.00000m   41.6792u 
  900.00000m   45.2839u 
  950.00000m   48.7115u 
    1.00000    51.9625u 
y
 vth0_value= 226.5449m
 u0_param=  49.7987m
 ags_param= 429.5646m
 
   *** monte carlo  index = 533 ***
x

 volt         param     
             i_d_0.2    
    0.         59.1003p 
   50.00000m  305.8532p 
  100.00000m    1.5423n 
  150.00000m    7.3760n 
  200.00000m   32.2979n 
  250.00000m  126.0206n 
  300.00000m  432.2551n 
  350.00000m    1.2575u 
  400.00000m    2.9781u 
  450.00000m    5.7661u 
  500.00000m    9.4443u 
  550.00000m   13.5869u 
  600.00000m   17.8408u 
  650.00000m   22.0457u 
  700.00000m   26.1379u 
  750.00000m   30.0891u 
  800.00000m   33.8851u 
  850.00000m   37.5181u 
  900.00000m   40.9842u 
  950.00000m   44.2820u 
    1.00000    47.4117u 
y
 vth0_value= 252.0514m
 u0_param=  47.8348m
 ags_param= 427.7968m
 
   *** monte carlo  index = 534 ***
x

 volt         param     
             i_d_0.2    
    0.         44.0122p 
   50.00000m  228.3872p 
  100.00000m    1.1599n 
  150.00000m    5.6213n 
  200.00000m   25.1233n 
  250.00000m  100.4266n 
  300.00000m  353.9957n 
  350.00000m    1.0683u 
  400.00000m    2.6381u 
  450.00000m    5.3017u 
  500.00000m    8.9467u 
  550.00000m   13.1619u 
  600.00000m   17.5451u 
  650.00000m   21.8970u 
  700.00000m   26.1391u 
  750.00000m   30.2379u 
  800.00000m   34.1768u 
  850.00000m   37.9475u 
  900.00000m   41.5454u 
  950.00000m   44.9690u 
    1.00000    48.2185u 
y
 vth0_value= 262.0903m
 u0_param=  49.7335m
 ags_param= 409.2843m
 
   *** monte carlo  index = 535 ***
x

 volt         param     
             i_d_0.2    
    0.         46.1840p 
   50.00000m  239.5519p 
  100.00000m    1.2151n 
  150.00000m    5.8756n 
  200.00000m   26.1657n 
  250.00000m  104.1433n 
  300.00000m  365.3422n 
  350.00000m    1.0955u 
  400.00000m    2.6851u 
  450.00000m    5.3600u 
  500.00000m    8.9962u 
  550.00000m   13.1806u 
  600.00000m   17.5211u 
  650.00000m   21.8269u 
  700.00000m   26.0229u 
  750.00000m   30.0766u 
  800.00000m   33.9722u 
  850.00000m   37.7011u 
  900.00000m   41.2591u 
  950.00000m   44.6448u 
    1.00000    47.8582u 
y
 vth0_value= 260.2857m
 u0_param=  49.1608m
 ags_param= 410.5520m
 
   *** monte carlo  index = 536 ***
x

 volt         param     
             i_d_0.2    
    0.         61.2175p 
   50.00000m  316.9870p 
  100.00000m    1.5999n 
  150.00000m    7.6640n 
  200.00000m   33.6400n 
  250.00000m  131.6087n 
  300.00000m  452.7108n 
  350.00000m    1.3219u 
  400.00000m    3.1432u 
  450.00000m    6.1062u 
  500.00000m   10.0284u 
  550.00000m   14.4580u 
  600.00000m   19.0128u 
  650.00000m   23.5164u 
  700.00000m   27.8991u 
  750.00000m   32.1303u 
  800.00000m   36.1944u 
  850.00000m   40.0834u 
  900.00000m   43.7932u 
  950.00000m   47.3223u 
    1.00000    50.6711u 
y
 vth0_value= 253.2294m
 u0_param=  51.3340m
 ags_param= 423.4010m
 
   *** monte carlo  index = 537 ***
x

 volt         param     
             i_d_0.2    
    0.         32.9411p 
   50.00000m  171.1267p 
  100.00000m  873.0931p 
  150.00000m    4.2699n 
  200.00000m   19.3624n 
  250.00000m   78.8066n 
  300.00000m  283.4186n 
  350.00000m  878.5289n 
  400.00000m    2.2404u 
  450.00000m    4.6387u 
  500.00000m    8.0194u 
  550.00000m   12.0152u 
  600.00000m   16.2163u 
  650.00000m   20.4046u 
  700.00000m   24.4939u 
  750.00000m   28.4483u 
  800.00000m   32.2503u 
  850.00000m   35.8910u 
  900.00000m   39.3660u 
  950.00000m   42.6735u 
    1.00000    45.8135u 
y
 vth0_value= 269.6160m
 u0_param=  47.9791m
 ags_param= 425.6371m
 
   *** monte carlo  index = 538 ***
x

 volt         param     
             i_d_0.2    
    0.         57.1170p 
   50.00000m  295.8583p 
  100.00000m    1.4948n 
  150.00000m    7.1746n 
  200.00000m   31.5855n 
  250.00000m  124.0060n 
  300.00000m  428.3069n 
  350.00000m    1.2576u 
  400.00000m    3.0091u 
  450.00000m    5.8785u 
  500.00000m    9.6974u 
  550.00000m   14.0264u 
  600.00000m   18.4852u 
  650.00000m   22.8968u 
  700.00000m   27.1914u 
  750.00000m   31.3381u 
  800.00000m   35.3217u 
  850.00000m   39.1340u 
  900.00000m   42.7709u 
  950.00000m   46.2310u 
    1.00000    49.5146u 
y
 vth0_value= 254.6513m
 u0_param=  50.2868m
 ags_param= 416.5928m
 
   *** monte carlo  index = 539 ***
x

 volt         param     
             i_d_0.2    
    0.        100.4295p 
   50.00000m  517.1813p 
  100.00000m    2.5778n 
  150.00000m   12.0710n 
  200.00000m   51.2672n 
  250.00000m  193.2198n 
  300.00000m  635.8791n 
  350.00000m    1.7502u 
  400.00000m    3.9059u 
  450.00000m    7.1860u 
  500.00000m   11.3043u 
  550.00000m   15.7950u 
  600.00000m   20.3430u 
  650.00000m   24.8157u 
  700.00000m   29.1591u 
  750.00000m   33.3480u 
  800.00000m   37.3694u 
  850.00000m   41.2160u 
  900.00000m   44.8842u 
  950.00000m   48.3728u 
    1.00000    51.6823u 
y
 vth0_value= 238.0425m
 u0_param=  50.7240m
 ags_param= 424.4752m
 
   *** monte carlo  index = 540 ***
x

 volt         param     
             i_d_0.2    
    0.         46.2934p 
   50.00000m  240.1633p 
  100.00000m    1.2186n 
  150.00000m    5.8965n 
  200.00000m   26.2847n 
  250.00000m  104.7395n 
  300.00000m  367.8962n 
  350.00000m    1.1050u 
  400.00000m    2.7135u 
  450.00000m    5.4256u 
  500.00000m    9.1185u 
  550.00000m   13.3737u 
  600.00000m   17.7906u 
  650.00000m   22.1731u 
  700.00000m   26.4440u 
  750.00000m   30.5700u 
  800.00000m   34.5348u 
  850.00000m   38.3299u 
  900.00000m   41.9510u 
  950.00000m   45.3964u 
    1.00000    48.6666u 
y
 vth0_value= 260.7899m
 u0_param=  50.0651m
 ags_param= 410.4827m
 
   *** monte carlo  index = 541 ***
x

 volt         param     
             i_d_0.2    
    0.         45.1426p 
   50.00000m  234.1637p 
  100.00000m    1.1881n 
  150.00000m    5.7479n 
  200.00000m   25.6180n 
  250.00000m  102.0647n 
  300.00000m  358.4596n 
  350.00000m    1.0765u 
  400.00000m    2.6435u 
  450.00000m    5.2856u 
  500.00000m    8.8834u 
  550.00000m   13.0282u 
  600.00000m   17.3300u 
  650.00000m   21.5984u 
  700.00000m   25.7582u 
  750.00000m   29.7773u 
  800.00000m   33.6397u 
  850.00000m   37.3370u 
  900.00000m   40.8651u 
  950.00000m   44.2223u 
    1.00000    47.4088u 
y
 vth0_value= 260.6899m
 u0_param=  48.7307m
 ags_param= 414.7305m
 
   *** monte carlo  index = 542 ***
x

 volt         param     
             i_d_0.2    
    0.         32.6273p 
   50.00000m  169.5155p 
  100.00000m  865.1570p 
  150.00000m    4.2338n 
  200.00000m   19.2184n 
  250.00000m   78.3217n 
  300.00000m  282.0688n 
  350.00000m  875.9356n 
  400.00000m    2.2388u 
  450.00000m    4.6449u 
  500.00000m    8.0434u 
  550.00000m   12.0667u 
  600.00000m   16.3005u 
  650.00000m   20.5227u 
  700.00000m   24.6456u 
  750.00000m   28.6324u 
  800.00000m   32.4657u 
  850.00000m   36.1364u 
  900.00000m   39.6399u 
  950.00000m   42.9744u 
    1.00000    46.1402u 
y
 vth0_value= 270.1695m
 u0_param=  48.3875m
 ags_param= 421.1327m
 
   *** monte carlo  index = 543 ***
x

 volt         param     
             i_d_0.2    
    0.         48.2077p 
   50.00000m  249.9424p 
  100.00000m    1.2664n 
  150.00000m    6.1106n 
  200.00000m   27.1230n 
  250.00000m  107.5304n 
  300.00000m  375.5780n 
  350.00000m    1.1196u 
  400.00000m    2.7257u 
  450.00000m    5.4082u 
  500.00000m    9.0331u 
  550.00000m   13.1860u 
  600.00000m   17.4846u 
  650.00000m   21.7457u 
  700.00000m   25.8970u 
  750.00000m   29.9072u 
  800.00000m   33.7606u 
  850.00000m   37.4493u 
  900.00000m   40.9688u 
  950.00000m   44.3178u 
    1.00000    47.4965u 
y
 vth0_value= 258.6458m
 u0_param=  48.6058m
 ags_param= 421.9261m
 
   *** monte carlo  index = 544 ***
x

 volt         param     
             i_d_0.2    
    0.         57.6563p 
   50.00000m  298.5350p 
  100.00000m    1.5071n 
  150.00000m    7.2228n 
  200.00000m   31.7261n 
  250.00000m  124.2354n 
  300.00000m  427.8634n 
  350.00000m    1.2515u 
  400.00000m    2.9817u 
  450.00000m    5.8034u 
  500.00000m    9.5451u 
  550.00000m   13.7751u 
  600.00000m   18.1263u 
  650.00000m   22.4298u 
  700.00000m   26.6187u 
  750.00000m   30.6634u 
  800.00000m   34.5491u 
  850.00000m   38.2679u 
  900.00000m   41.8158u 
  950.00000m   45.1913u 
    1.00000    48.3947u 
y
 vth0_value= 253.5569m
 u0_param=  49.0078m
 ags_param= 416.0813m
 
   *** monte carlo  index = 545 ***
x

 volt         param     
             i_d_0.2    
    0.         33.8651p 
   50.00000m  175.9135p 
  100.00000m  897.1451p 
  150.00000m    4.3839n 
  200.00000m   19.8528n 
  250.00000m   80.6656n 
  300.00000m  289.5601n 
  350.00000m  895.3354n 
  400.00000m    2.2764u 
  450.00000m    4.6997u 
  500.00000m    8.1058u 
  550.00000m   12.1231u 
  600.00000m   16.3421u 
  650.00000m   20.5466u 
  700.00000m   24.6511u 
  750.00000m   28.6197u 
  800.00000m   32.4353u 
  850.00000m   36.0889u 
  900.00000m   39.5761u 
  950.00000m   42.8951u 
    1.00000    46.0460u 
y
 vth0_value= 268.9034m
 u0_param=  48.1531m
 ags_param= 421.3523m
 
   *** monte carlo  index = 546 ***
x

 volt         param     
             i_d_0.2    
    0.         36.4138p 
   50.00000m  189.1117p 
  100.00000m  963.4014p 
  150.00000m    4.6975n 
  200.00000m   21.1982n 
  250.00000m   85.7531n 
  300.00000m  306.3208n 
  350.00000m  941.0232n 
  400.00000m    2.3737u 
  450.00000m    4.8646u 
  500.00000m    8.3401u 
  550.00000m   12.4168u 
  600.00000m   16.6862u 
  650.00000m   20.9362u 
  700.00000m   25.0835u 
  750.00000m   29.0927u 
  800.00000m   32.9467u 
  850.00000m   36.6369u 
  900.00000m   40.1586u 
  950.00000m   43.5103u 
    1.00000    46.6921u 
y
 vth0_value= 267.0546m
 u0_param=  48.6439m
 ags_param= 426.1717m
 
   *** monte carlo  index = 547 ***
x

 volt         param     
             i_d_0.2    
    0.         65.7960p 
   50.00000m  340.3126p 
  100.00000m    1.7133n 
  150.00000m    8.1692n 
  200.00000m   35.6100n 
  250.00000m  138.2117n 
  300.00000m  471.1255n 
  350.00000m    1.3590u 
  400.00000m    3.1883u 
  450.00000m    6.1220u 
  500.00000m    9.9613u 
  550.00000m   14.2622u 
  600.00000m   18.6685u 
  650.00000m   23.0200u 
  700.00000m   27.2530u 
  750.00000m   31.3390u 
  800.00000m   35.2638u 
  850.00000m   39.0194u 
  900.00000m   42.6021u 
  950.00000m   46.0103u 
    1.00000    49.2445u 
y
 vth0_value= 249.9281m
 u0_param=  49.5051m
 ags_param= 408.2866m
 
   *** monte carlo  index = 548 ***
x

 volt         param     
             i_d_0.2    
    0.         45.1130p 
   50.00000m  234.0511p 
  100.00000m    1.1879n 
  150.00000m    5.7510n 
  200.00000m   25.6577n 
  250.00000m  102.3468n 
  300.00000m  359.9203n 
  350.00000m    1.0828u 
  400.00000m    2.6641u 
  450.00000m    5.3363u 
  500.00000m    8.9812u 
  550.00000m   13.1860u 
  600.00000m   17.5531u 
  650.00000m   21.8871u 
  700.00000m   26.1112u 
  750.00000m   30.1923u 
  800.00000m   34.1141u 
  850.00000m   37.8683u 
  900.00000m   41.4505u 
  950.00000m   44.8591u 
    1.00000    48.0944u 
y
 vth0_value= 261.2071m
 u0_param=  49.5052m
 ags_param= 418.4661m
 
   *** monte carlo  index = 549 ***
x

 volt         param     
             i_d_0.2    
    0.         33.4529p 
   50.00000m  173.8277p 
  100.00000m  887.1933p 
  150.00000m    4.3417n 
  200.00000m   19.7086n 
  250.00000m   80.3180n 
  300.00000m  289.2328n 
  350.00000m  898.0192n 
  400.00000m    2.2946u 
  450.00000m    4.7593u 
  500.00000m    8.2393u 
  550.00000m   12.3587u 
  600.00000m   16.6937u 
  650.00000m   21.0168u 
  700.00000m   25.2379u 
  750.00000m   29.3194u 
  800.00000m   33.2435u 
  850.00000m   37.0008u 
  900.00000m   40.5868u 
  950.00000m   43.9996u 
    1.00000    47.2396u 
y
 vth0_value= 270.1833m
 u0_param=  49.5697m
 ags_param= 407.2141m
 
   *** monte carlo  index = 550 ***
x

 volt         param     
             i_d_0.2    
    0.         99.4836p 
   50.00000m  512.0876p 
  100.00000m    2.5503n 
  150.00000m   11.9257n 
  200.00000m   50.5531n 
  250.00000m  190.1404n 
  300.00000m  624.2510n 
  350.00000m    1.7128u 
  400.00000m    3.8108u 
  450.00000m    6.9933u 
  500.00000m   10.9790u 
  550.00000m   15.3172u 
  600.00000m   19.7078u 
  650.00000m   24.0249u 
  700.00000m   28.2174u 
  750.00000m   32.2610u 
  800.00000m   36.1433u 
  850.00000m   39.8571u 
  900.00000m   43.3990u 
  950.00000m   46.7677u 
    1.00000    49.9636u 
y
 vth0_value= 237.1691m
 u0_param=  48.9056m
 ags_param= 422.8999m
 
   *** monte carlo  index = 551 ***
x

 volt         param     
             i_d_0.2    
    0.         47.0346p 
   50.00000m  243.9000p 
  100.00000m    1.2364n 
  150.00000m    5.9712n 
  200.00000m   26.5418n 
  250.00000m  105.4056n 
  300.00000m  368.8637n 
  350.00000m    1.1024u 
  400.00000m    2.6920u 
  450.00000m    5.3556u 
  500.00000m    8.9646u 
  550.00000m   13.1071u 
  600.00000m   17.3990u 
  650.00000m   21.6547u 
  700.00000m   25.8013u 
  750.00000m   29.8071u 
  800.00000m   33.6566u 
  850.00000m   37.3415u 
  900.00000m   40.8576u 
  950.00000m   44.2033u 
    1.00000    47.3789u 
y
 vth0_value= 259.3494m
 u0_param=  48.5556m
 ags_param= 425.7650m
 
   *** monte carlo  index = 552 ***
x

 volt         param     
             i_d_0.2    
    0.         33.0827p 
   50.00000m  171.8892p 
  100.00000m  877.2334p 
  150.00000m    4.2924n 
  200.00000m   19.4811n 
  250.00000m   79.3731n 
  300.00000m  285.7710n 
  350.00000m  887.0630n 
  400.00000m    2.2660u 
  450.00000m    4.6989u 
  500.00000m    8.1335u 
  550.00000m   12.1982u 
  600.00000m   16.4748u 
  650.00000m   20.7395u 
  700.00000m   24.9036u 
  750.00000m   28.9302u 
  800.00000m   32.8015u 
  850.00000m   36.5086u 
  900.00000m   40.0466u 
  950.00000m   43.4140u 
    1.00000    46.6109u 
y
 vth0_value= 270.0759m
 u0_param=  48.8823m
 ags_param= 415.5751m
 
   *** monte carlo  index = 553 ***
x

 volt         param     
             i_d_0.2    
    0.         32.1640p 
   50.00000m  167.1329p 
  100.00000m  853.3709p 
  150.00000m    4.1796n 
  200.00000m   18.9991n 
  250.00000m   77.5631n 
  300.00000m  279.8645n 
  350.00000m  871.2252n 
  400.00000m    2.2334u 
  450.00000m    4.6467u 
  500.00000m    8.0649u 
  550.00000m   12.1203u 
  600.00000m   16.3930u 
  650.00000m   20.6559u 
  700.00000m   24.8191u 
  750.00000m   28.8450u 
  800.00000m   32.7159u 
  850.00000m   36.4226u 
  900.00000m   39.9605u 
  950.00000m   43.3278u 
    1.00000    46.5246u 
y
 vth0_value= 270.9168m
 u0_param=  48.8811m
 ags_param= 411.6820m
 
   *** monte carlo  index = 554 ***
x

 volt         param     
             i_d_0.2    
    0.        115.5645p 
   50.00000m  593.7711p 
  100.00000m    2.9454n 
  150.00000m   13.6790n 
  200.00000m   57.4405n 
  250.00000m  213.8011n 
  300.00000m  692.8620n 
  350.00000m    1.8691u 
  400.00000m    4.0873u 
  450.00000m    7.3934u 
  500.00000m   11.4768u 
  550.00000m   15.8845u 
  600.00000m   20.3304u 
  650.00000m   24.6966u 
  700.00000m   28.9344u 
  750.00000m   33.0206u 
  800.00000m   36.9430u 
  850.00000m   40.6948u 
  900.00000m   44.2724u 
  950.00000m   47.6747u 
    1.00000    50.9022u 
y
 vth0_value= 233.0063m
 u0_param=  49.4137m
 ags_param= 430.2474m
 
   *** monte carlo  index = 555 ***
x

 volt         param     
             i_d_0.2    
    0.         54.4987p 
   50.00000m  282.3635p 
  100.00000m    1.4277n 
  150.00000m    6.8616n 
  200.00000m   30.2703n 
  250.00000m  119.1357n 
  300.00000m  412.6577n 
  350.00000m    1.2163u 
  400.00000m    2.9231u 
  450.00000m    5.7329u 
  500.00000m    9.4868u 
  550.00000m   13.7534u 
  600.00000m   18.1534u 
  650.00000m   22.5088u 
  700.00000m   26.7495u 
  750.00000m   30.8448u 
  800.00000m   34.7793u 
  850.00000m   38.5449u 
  900.00000m   42.1374u 
  950.00000m   45.5555u 
    1.00000    48.7993u 
y
 vth0_value= 255.6538m
 u0_param=  49.6537m
 ags_param= 401.8591m
 
   *** monte carlo  index = 556 ***
x

 volt         param     
             i_d_0.2    
    0.         34.2967p 
   50.00000m  178.2060p 
  100.00000m  909.2593p 
  150.00000m    4.4469n 
  200.00000m   20.1657n 
  250.00000m   82.0745n 
  300.00000m  295.1337n 
  350.00000m  914.5979n 
  400.00000m    2.3315u 
  450.00000m    4.8252u 
  500.00000m    8.3384u 
  550.00000m   12.4902u 
  600.00000m   16.8555u 
  650.00000m   21.2073u 
  700.00000m   25.4558u 
  750.00000m   29.5634u 
  800.00000m   33.5124u 
  850.00000m   37.2935u 
  900.00000m   40.9021u 
  950.00000m   44.3363u 
    1.00000    47.5964u 
y
 vth0_value= 269.6405m
 u0_param=  49.8883m
 ags_param= 425.0857m
 
   *** monte carlo  index = 557 ***
x

 volt         param     
             i_d_0.2    
    0.        170.7399p 
   50.00000m  872.4619p 
  100.00000m    4.2793n 
  150.00000m   19.4988n 
  200.00000m   79.8480n 
  250.00000m  289.1109n 
  300.00000m  904.2546n 
  350.00000m    2.3319u 
  400.00000m    4.8801u 
  450.00000m    8.5128u 
  500.00000m   12.8494u 
  550.00000m   17.4407u 
  600.00000m   22.0373u 
  650.00000m   26.5389u 
  700.00000m   30.9027u 
  750.00000m   35.1076u 
  800.00000m   39.1420u 
  850.00000m   42.9997u 
  900.00000m   46.6772u 
  950.00000m   50.1735u 
    1.00000    53.4893u 
y
 vth0_value= 222.1978m
 u0_param=  50.8473m
 ags_param= 425.6021m
 
   *** monte carlo  index = 558 ***
x

 volt         param     
             i_d_0.2    
    0.        125.1667p 
   50.00000m  642.3997p 
  100.00000m    3.1793n 
  150.00000m   14.7067n 
  200.00000m   61.4268n 
  250.00000m  227.2982n 
  300.00000m  731.1573n 
  350.00000m    1.9536u 
  400.00000m    4.2315u 
  450.00000m    7.5937u 
  500.00000m   11.7153u 
  550.00000m   16.1443u 
  600.00000m   20.6040u 
  650.00000m   24.9810u 
  700.00000m   29.2281u 
  750.00000m   33.3227u 
  800.00000m   37.2529u 
  850.00000m   41.0118u 
  900.00000m   44.5961u 
  950.00000m   48.0045u 
    1.00000    51.2377u 
y
 vth0_value= 230.6737m
 u0_param=  49.5092m
 ags_param= 422.5571m
 
   *** monte carlo  index = 559 ***
x

 volt         param     
             i_d_0.2    
    0.         83.1236p 
   50.00000m  428.9627p 
  100.00000m    2.1481n 
  150.00000m   10.1432n 
  200.00000m   43.5910n 
  250.00000m  166.4730n 
  300.00000m  556.7100n 
  350.00000m    1.5652u 
  400.00000m    3.5716u 
  450.00000m    6.6961u 
  500.00000m   10.6910u 
  550.00000m   15.0977u 
  600.00000m   19.5822u 
  650.00000m   24.0001u 
  700.00000m   28.2934u 
  750.00000m   32.4357u 
  800.00000m   36.4132u 
  850.00000m   40.2185u 
  900.00000m   43.8478u 
  950.00000m   47.2999u 
    1.00000    50.5751u 
y
 vth0_value= 243.3564m
 u0_param=  50.1688m
 ags_param= 418.5402m
 
   *** monte carlo  index = 560 ***
x

 volt         param     
             i_d_0.2    
    0.         74.2008p 
   50.00000m  383.2493p 
  100.00000m    1.9233n 
  150.00000m    9.1165n 
  200.00000m   39.3979n 
  250.00000m  151.4192n 
  300.00000m  510.2601n 
  350.00000m    1.4494u 
  400.00000m    3.3442u 
  450.00000m    6.3295u 
  500.00000m   10.1818u 
  550.00000m   14.4561u 
  600.00000m   18.8167u 
  650.00000m   23.1167u 
  700.00000m   27.2973u 
  750.00000m   31.3318u 
  800.00000m   35.2065u 
  850.00000m   38.9141u 
  900.00000m   42.4507u 
  950.00000m   45.8149u 
    1.00000    49.0071u 
y
 vth0_value= 245.9015m
 u0_param=  48.8351m
 ags_param= 431.8924m
 
   *** monte carlo  index = 561 ***
x

 volt         param     
             i_d_0.2    
    0.         52.2427p 
   50.00000m  270.6887p 
  100.00000m    1.3691n 
  150.00000m    6.5845n 
  200.00000m   29.0777n 
  250.00000m  114.5857n 
  300.00000m  397.4979n 
  350.00000m    1.1741u 
  400.00000m    2.8285u 
  450.00000m    5.5596u 
  500.00000m    9.2163u 
  550.00000m   13.3780u 
  600.00000m   17.6723u 
  650.00000m   21.9242u 
  700.00000m   26.0649u 
  750.00000m   30.0640u 
  800.00000m   33.9064u 
  850.00000m   37.5843u 
  900.00000m   41.0934u 
  950.00000m   44.4322u 
    1.00000    47.6011u 
y
 vth0_value= 256.1449m
 u0_param=  48.4542m
 ags_param= 420.2789m
 
   *** monte carlo  index = 562 ***
x

 volt         param     
             i_d_0.2    
    0.         32.0332p 
   50.00000m  166.4898p 
  100.00000m  850.5090p 
  150.00000m    4.1695n 
  200.00000m   18.9824n 
  250.00000m   77.6451n 
  300.00000m  280.7391n 
  350.00000m  876.2677n 
  400.00000m    2.2536u 
  450.00000m    4.7029u 
  500.00000m    8.1824u 
  550.00000m   12.3203u 
  600.00000m   16.6857u 
  650.00000m   21.0431u 
  700.00000m   25.2991u 
  750.00000m   29.4148u 
  800.00000m   33.3719u 
  850.00000m   37.1610u 
  900.00000m   40.7774u 
  950.00000m   44.2192u 
    1.00000    47.4867u 
y
 vth0_value= 271.7527m
 u0_param=  50.0023m
 ags_param= 424.7193m
 
   *** monte carlo  index = 563 ***
x

 volt         param     
             i_d_0.2    
    0.         55.0477p 
   50.00000m  285.1865p 
  100.00000m    1.4417n 
  150.00000m    6.9262n 
  200.00000m   30.5379n 
  250.00000m  120.1078n 
  300.00000m  415.7057n 
  350.00000m    1.2241u 
  400.00000m    2.9383u 
  450.00000m    5.7566u 
  500.00000m    9.5181u 
  550.00000m   13.7902u 
  600.00000m   18.1943u 
  650.00000m   22.5532u 
  700.00000m   26.7972u 
  750.00000m   30.8955u 
  800.00000m   34.8328u 
  850.00000m   38.6011u 
  900.00000m   42.1962u 
  950.00000m   45.6166u 
    1.00000    48.8627u 
y
 vth0_value= 255.3756m
 u0_param=  49.6873m
 ags_param= 411.4236m
 
   *** monte carlo  index = 564 ***
x

 volt         param     
             i_d_0.2    
    0.         43.3465p 
   50.00000m  224.9111p 
  100.00000m    1.1421n 
  150.00000m    5.5345n 
  200.00000m   24.7296n 
  250.00000m   98.8297n 
  300.00000m  348.2950n 
  350.00000m    1.0508u 
  400.00000m    2.5944u 
  450.00000m    5.2129u 
  500.00000m    8.7957u 
  550.00000m   12.9380u 
  600.00000m   17.2445u 
  650.00000m   21.5202u 
  700.00000m   25.6882u 
  750.00000m   29.7155u 
  800.00000m   33.5860u 
  850.00000m   37.2913u 
  900.00000m   40.8270u 
  950.00000m   44.1916u 
    1.00000    47.3851u 
y
 vth0_value= 261.9738m
 u0_param=  48.8400m
 ags_param= 419.9519m
 
   *** monte carlo  index = 565 ***
x

 volt         param     
             i_d_0.2    
    0.        123.5059p 
   50.00000m  634.1641p 
  100.00000m    3.1414n 
  150.00000m   14.5536n 
  200.00000m   60.9120n 
  250.00000m  225.8916n 
  300.00000m  728.6327n 
  350.00000m    1.9537u 
  400.00000m    4.2464u 
  450.00000m    7.6421u 
  500.00000m   11.8163u 
  550.00000m   16.3095u 
  600.00000m   20.8366u 
  650.00000m   25.2805u 
  700.00000m   29.5928u 
  750.00000m   33.7502u 
  800.00000m   37.7406u 
  850.00000m   41.5570u 
  900.00000m   45.1960u 
  950.00000m   48.6565u 
    1.00000    51.9389u 
y
 vth0_value= 231.5749m
 u0_param=  50.2960m
 ags_param= 432.6489m
 
   *** monte carlo  index = 566 ***
x

 volt         param     
             i_d_0.2    
    0.        111.1793p 
   50.00000m  571.8591p 
  100.00000m    2.8429n 
  150.00000m   13.2528n 
  200.00000m   55.9352n 
  250.00000m  209.3524n 
  300.00000m  683.0642n 
  350.00000m    1.8589u 
  400.00000m    4.1008u 
  450.00000m    7.4717u 
  500.00000m   11.6648u 
  550.00000m   16.2111u 
  600.00000m   20.8049u 
  650.00000m   25.3187u 
  700.00000m   29.7004u 
  750.00000m   33.9256u 
  800.00000m   37.9811u 
  850.00000m   41.8601u 
  900.00000m   45.5588u 
  950.00000m   49.0762u 
    1.00000    52.4127u 
y
 vth0_value= 235.2707m
 u0_param=  51.1661m
 ags_param= 414.4807m
 
   *** monte carlo  index = 567 ***
x

 volt         param     
             i_d_0.2    
    0.         37.1255p 
   50.00000m  192.7716p 
  100.00000m  981.5085p 
  150.00000m    4.7807n 
  200.00000m   21.5374n 
  250.00000m   86.9433n 
  300.00000m  309.8623n 
  350.00000m  949.0284n 
  400.00000m    2.3852u 
  450.00000m    4.8719u 
  500.00000m    8.3300u 
  550.00000m   12.3761u 
  600.00000m   16.6080u 
  650.00000m   20.8189u 
  700.00000m   24.9273u 
  750.00000m   28.8987u 
  800.00000m   32.7164u 
  850.00000m   36.3718u 
  900.00000m   39.8604u 
  950.00000m   43.1805u 
    1.00000    46.3323u 
y
 vth0_value= 266.1702m
 u0_param=  48.1743m
 ags_param= 405.2740m
 
   *** monte carlo  index = 568 ***
x

 volt         param     
             i_d_0.2    
    0.         60.8801p 
   50.00000m  315.0940p 
  100.00000m    1.5890n 
  150.00000m    7.5995n 
  200.00000m   33.2780n 
  250.00000m  129.8448n 
  300.00000m  445.3296n 
  350.00000m    1.2953u 
  400.00000m    3.0668u 
  450.00000m    5.9361u 
  500.00000m    9.7206u 
  550.00000m   13.9829u 
  600.00000m   18.3600u 
  650.00000m   22.6864u 
  700.00000m   26.8964u 
  750.00000m   30.9611u 
  800.00000m   34.8656u 
  850.00000m   38.6023u 
  900.00000m   42.1670u 
  950.00000m   45.5584u 
    1.00000    48.7768u 
y
 vth0_value= 252.0847m
 u0_param=  49.2474m
 ags_param= 418.8861m
 
   *** monte carlo  index = 569 ***
x

 volt         param     
             i_d_0.2    
    0.         15.8846p 
   50.00000m   82.5060p 
  100.00000m  425.3763p 
  150.00000m    2.1262n 
  200.00000m   10.0071n 
  250.00000m   42.8063n 
  300.00000m  162.6182n 
  350.00000m  540.3360n 
  400.00000m    1.5060u 
  450.00000m    3.4049u 
  500.00000m    6.3321u 
  550.00000m   10.0415u 
  600.00000m   14.1036u 
  650.00000m   18.2184u 
  700.00000m   22.2594u 
  750.00000m   26.1767u 
  800.00000m   29.9479u 
  850.00000m   33.5622u 
  900.00000m   37.0141u 
  950.00000m   40.3012u 
    1.00000    43.4235u 
y
 vth0_value= 291.2488m
 u0_param=  47.6763m
 ags_param= 413.5580m
 
   *** monte carlo  index = 570 ***
x

 volt         param     
             i_d_0.2    
    0.         49.8893p 
   50.00000m  258.5637p 
  100.00000m    1.3088n 
  150.00000m    6.3041n 
  200.00000m   27.9044n 
  250.00000m  110.2673n 
  300.00000m  383.7292n 
  350.00000m    1.1383u 
  400.00000m    2.7557u 
  450.00000m    5.4402u 
  500.00000m    9.0501u 
  550.00000m   13.1710u 
  600.00000m   17.4291u 
  650.00000m   21.6476u 
  700.00000m   25.7564u 
  750.00000m   29.7253u 
  800.00000m   33.5390u 
  850.00000m   37.1895u 
  900.00000m   40.6727u 
  950.00000m   43.9871u 
    1.00000    47.1329u 
y
 vth0_value= 257.2818m
 u0_param=  48.0865m
 ags_param= 416.0833m
 
   *** monte carlo  index = 571 ***
x

 volt         param     
             i_d_0.2    
    0.         66.0357p 
   50.00000m  341.5529p 
  100.00000m    1.7195n 
  150.00000m    8.1987n 
  200.00000m   35.7370n 
  250.00000m  138.6976n 
  300.00000m  472.7495n 
  350.00000m    1.3636u 
  400.00000m    3.1986u 
  450.00000m    6.1412u 
  500.00000m    9.9917u 
  550.00000m   14.3050u 
  600.00000m   18.7239u 
  650.00000m   23.0877u 
  700.00000m   27.3326u 
  750.00000m   31.4302u 
  800.00000m   35.3659u 
  850.00000m   39.1321u 
  900.00000m   42.7247u 
  950.00000m   46.1424u 
    1.00000    49.3855u 
y
 vth0_value= 249.9105m
 u0_param=  49.6481m
 ags_param= 409.4077m
 
   *** monte carlo  index = 572 ***
x

 volt         param     
             i_d_0.2    
    0.         68.5643p 
   50.00000m  354.5398p 
  100.00000m    1.7837n 
  150.00000m    8.4942n 
  200.00000m   36.9567n 
  250.00000m  143.1258n 
  300.00000m  486.6215n 
  350.00000m    1.3988u 
  400.00000m    3.2692u 
  450.00000m    6.2563u 
  500.00000m   10.1526u 
  550.00000m   14.5081u 
  600.00000m   18.9659u 
  650.00000m   23.3666u 
  700.00000m   27.6467u 
  750.00000m   31.7779u 
  800.00000m   35.7456u 
  850.00000m   39.5422u 
  900.00000m   43.1637u 
  950.00000m   46.6088u 
    1.00000    49.8778u 
y
 vth0_value= 249.0477m
 u0_param=  50.0595m
 ags_param= 422.3030m
 
   *** monte carlo  index = 573 ***
x

 volt         param     
             i_d_0.2    
    0.         79.8743p 
   50.00000m  412.3330p 
  100.00000m    2.0665n 
  150.00000m    9.7718n 
  200.00000m   42.0823n 
  250.00000m  161.0906n 
  300.00000m  540.2430n 
  350.00000m    1.5247u 
  400.00000m    3.4933u 
  450.00000m    6.5722u 
  500.00000m   10.5220u 
  550.00000m   14.8884u 
  600.00000m   19.3359u 
  650.00000m   23.7189u 
  700.00000m   27.9790u 
  750.00000m   32.0895u 
  800.00000m   36.0368u 
  850.00000m   39.8134u 
  900.00000m   43.4155u 
  950.00000m   46.8418u 
    1.00000    50.0927u 
y
 vth0_value= 244.3020m
 u0_param=  49.7775m
 ags_param= 418.5807m
 
   *** monte carlo  index = 574 ***
x

 volt         param     
             i_d_0.2    
    0.         76.9666p 
   50.00000m  397.4237p 
  100.00000m    1.9930n 
  150.00000m    9.4354n 
  200.00000m   40.7015n 
  250.00000m  156.1036n 
  300.00000m  524.7295n 
  350.00000m    1.4855u 
  400.00000m    3.4150u 
  450.00000m    6.4432u 
  500.00000m   10.3390u 
  550.00000m   14.6533u 
  600.00000m   19.0511u 
  650.00000m   23.3864u 
  700.00000m   27.6007u 
  750.00000m   31.6675u 
  800.00000m   35.5730u 
  850.00000m   39.3098u 
  900.00000m   42.8741u 
  950.00000m   46.2646u 
    1.00000    49.4817u 
y
 vth0_value= 245.0661m
 u0_param=  49.2371m
 ags_param= 412.0648m
 
   *** monte carlo  index = 575 ***
x

 volt         param     
             i_d_0.2    
    0.         77.1733p 
   50.00000m  398.4106p 
  100.00000m    1.9972n 
  150.00000m    9.4482n 
  200.00000m   40.7152n 
  250.00000m  155.9794n 
  300.00000m  523.6314n 
  350.00000m    1.4799u 
  400.00000m    3.3958u 
  450.00000m    6.3975u 
  500.00000m   10.2532u 
  550.00000m   14.5184u 
  600.00000m   18.8641u 
  650.00000m   23.1475u 
  700.00000m   27.3113u 
  750.00000m   31.3292u 
  800.00000m   35.1880u 
  850.00000m   38.8801u 
  900.00000m   42.4019u 
  950.00000m   45.7520u 
    1.00000    48.9308u 
y
 vth0_value= 244.5887m
 u0_param=  48.6234m
 ags_param= 427.2857m
 
   *** monte carlo  index = 576 ***
x

 volt         param     
             i_d_0.2    
    0.         40.7563p 
   50.00000m  211.5488p 
  100.00000m    1.0755n 
  150.00000m    5.2238n 
  200.00000m   23.4261n 
  250.00000m   94.0340n 
  300.00000m  333.0251n 
  350.00000m    1.0114u 
  400.00000m    2.5164u 
  450.00000m    5.0921u 
  500.00000m    8.6410u 
  550.00000m   12.7653u 
  600.00000m   17.0642u 
  650.00000m   21.3363u 
  700.00000m   25.5024u 
  750.00000m   29.5284u 
  800.00000m   33.3981u 
  850.00000m   37.1028u 
  900.00000m   40.6381u 
  950.00000m   44.0024u 
    1.00000    47.1959u 
y
 vth0_value= 263.8147m
 u0_param=  48.8395m
 ags_param= 405.0525m
 
   *** monte carlo  index = 577 ***
x

 volt         param     
             i_d_0.2    
    0.         16.1410p 
   50.00000m   83.8351p 
  100.00000m  432.0394p 
  150.00000m    2.1576n 
  200.00000m   10.1385n 
  250.00000m   43.2713n 
  300.00000m  163.9790n 
  350.00000m  543.2554n 
  400.00000m    1.5083u 
  450.00000m    3.3964u 
  500.00000m    6.2949u 
  550.00000m    9.9558u 
  600.00000m   13.9559u 
  650.00000m   18.0042u 
  700.00000m   21.9789u 
  750.00000m   25.8315u 
  800.00000m   29.5404u 
  850.00000m   33.0950u 
  900.00000m   36.4899u 
  950.00000m   39.7228u 
    1.00000    42.7936u 
y
 vth0_value= 290.2300m
 u0_param=  46.8680m
 ags_param= 409.3771m
 
   *** monte carlo  index = 578 ***
x

 volt         param     
             i_d_0.2    
    0.         76.0933p 
   50.00000m  392.9410p 
  100.00000m    1.9709n 
  150.00000m    9.3336n 
  200.00000m   40.2815n 
  250.00000m  154.5763n 
  300.00000m  519.9386n 
  350.00000m    1.4733u 
  400.00000m    3.3901u 
  450.00000m    6.4016u 
  500.00000m   10.2790u 
  550.00000m   14.5751u 
  600.00000m   18.9551u 
  650.00000m   23.2733u 
  700.00000m   27.4712u 
  750.00000m   31.5222u 
  800.00000m   35.4127u 
  850.00000m   39.1351u 
  900.00000m   42.6858u 
  950.00000m   46.0634u 
    1.00000    49.2683u 
y
 vth0_value= 245.2802m
 u0_param=  49.0395m
 ags_param= 421.4633m
 
   *** monte carlo  index = 579 ***
x

 volt         param     
             i_d_0.2    
    0.         94.1327p 
   50.00000m  484.9789p 
  100.00000m    2.4199n 
  150.00000m   11.3537n 
  200.00000m   48.3530n 
  250.00000m  182.8009n 
  300.00000m  603.9132n 
  350.00000m    1.6707u 
  400.00000m    3.7485u 
  450.00000m    6.9278u 
  500.00000m   10.9368u 
  550.00000m   15.3195u 
  600.00000m   19.7630u 
  650.00000m   24.1348u 
  700.00000m   28.3812u 
  750.00000m   32.4773u 
  800.00000m   36.4099u 
  850.00000m   40.1721u 
  900.00000m   43.7601u 
  950.00000m   47.1726u 
    1.00000    50.4102u 
y
 vth0_value= 239.2527m
 u0_param=  49.5696m
 ags_param= 421.7331m
 
   *** monte carlo  index = 580 ***
x

 volt         param     
             i_d_0.2    
    0.         56.3558p 
   50.00000m  291.9420p 
  100.00000m    1.4754n 
  150.00000m    7.0847n 
  200.00000m   31.2118n 
  250.00000m  122.6415n 
  300.00000m  424.0042n 
  350.00000m    1.2466u 
  400.00000m    2.9872u 
  450.00000m    5.8435u 
  500.00000m    9.6498u 
  550.00000m   13.9684u 
  600.00000m   18.4181u 
  650.00000m   22.8215u 
  700.00000m   27.1082u 
  750.00000m   31.2475u 
  800.00000m   35.2241u 
  850.00000m   39.0297u 
  900.00000m   42.6603u 
  950.00000m   46.1144u 
    1.00000    49.3924u 
y
 vth0_value= 254.9933m
 u0_param=  50.1930m
 ags_param= 429.2793m
 
   *** monte carlo  index = 581 ***
x

 volt         param     
             i_d_0.2    
    0.         25.2131p 
   50.00000m  131.0640p 
  100.00000m  671.5906p 
  150.00000m    3.3132n 
  200.00000m   15.2429n 
  250.00000m   63.2069n 
  300.00000m  232.0123n 
  350.00000m  738.5874n 
  400.00000m    1.9471u 
  450.00000m    4.1613u 
  500.00000m    7.3833u 
  550.00000m   11.2857u 
  600.00000m   15.4437u 
  650.00000m   19.6101u 
  700.00000m   23.6856u 
  750.00000m   27.6297u 
  800.00000m   31.4236u 
  850.00000m   35.0576u 
  900.00000m   38.5268u 
  950.00000m   41.8294u 
    1.00000    44.9654u 
y
 vth0_value= 277.5620m
 u0_param=  47.9062m
 ags_param= 423.4885m
 
   *** monte carlo  index = 582 ***
x

 volt         param     
             i_d_0.2    
    0.         60.8116p 
   50.00000m  314.7968p 
  100.00000m    1.5881n 
  150.00000m    7.6000n 
  200.00000m   33.3127n 
  250.00000m  130.1238n 
  300.00000m  446.8343n 
  350.00000m    1.3018u 
  400.00000m    3.0877u 
  450.00000m    5.9857u 
  500.00000m    9.8138u 
  550.00000m   14.1302u 
  600.00000m   18.5652u 
  650.00000m   22.9495u 
  700.00000m   27.2161u 
  750.00000m   31.3353u 
  800.00000m   35.2921u 
  850.00000m   39.0787u 
  900.00000m   42.6910u 
  950.00000m   46.1275u 
    1.00000    49.3886u 
y
 vth0_value= 252.5539m
 u0_param=  49.9311m
 ags_param= 414.5710m
 
   *** monte carlo  index = 583 ***
x

 volt         param     
             i_d_0.2    
    0.         53.9687p 
   50.00000m  279.7248p 
  100.00000m    1.4155n 
  150.00000m    6.8132n 
  200.00000m   30.1251n 
  250.00000m  118.8783n 
  300.00000m  412.9733n 
  350.00000m    1.2220u 
  400.00000m    2.9497u 
  450.00000m    5.8074u 
  500.00000m    9.6396u 
  550.00000m   14.0076u 
  600.00000m   18.5182u 
  650.00000m   22.9850u 
  700.00000m   27.3346u 
  750.00000m   31.5349u 
  800.00000m   35.5703u 
  850.00000m   39.4322u 
  900.00000m   43.1166u 
  950.00000m   46.6218u 
    1.00000    49.9482u 
y
 vth0_value= 256.7711m
 u0_param=  50.9701m
 ags_param= 419.4653m
 
   *** monte carlo  index = 584 ***
x

 volt         param     
             i_d_0.2    
    0.         93.2254p 
   50.00000m  480.3725p 
  100.00000m    2.3976n 
  150.00000m   11.2554n 
  200.00000m   47.9703n 
  250.00000m  181.5064n 
  300.00000m  600.2498n 
  350.00000m    1.6628u 
  400.00000m    3.7360u 
  450.00000m    6.9129u 
  500.00000m   10.9235u 
  550.00000m   15.3110u 
  600.00000m   19.7606u 
  650.00000m   24.1389u 
  700.00000m   28.3917u 
  750.00000m   32.4940u 
  800.00000m   36.4327u 
  850.00000m   40.2006u 
  900.00000m   43.7941u 
  950.00000m   47.2118u 
    1.00000    50.4544u 
y
 vth0_value= 239.5915m
 u0_param=  49.6460m
 ags_param= 434.9494m
 
   *** monte carlo  index = 585 ***
x

 volt         param     
             i_d_0.2    
    0.         22.6222p 
   50.00000m  117.6220p 
  100.00000m  603.9008p 
  150.00000m    2.9912n 
  200.00000m   13.8561n 
  250.00000m   57.9801n 
  300.00000m  214.9433n 
  350.00000m  692.8779n 
  400.00000m    1.8560u 
  450.00000m    4.0293u 
  500.00000m    7.2422u 
  550.00000m   11.1823u 
  600.00000m   15.4114u 
  650.00000m   19.6609u 
  700.00000m   23.8218u 
  750.00000m   27.8500u 
  800.00000m   31.7254u 
  850.00000m   35.4378u 
  900.00000m   38.9821u 
  950.00000m   42.3562u 
    1.00000    45.5603u 
y
 vth0_value= 281.5066m
 u0_param=  48.9841m
 ags_param= 405.4187m
 
   *** monte carlo  index = 586 ***
x

 volt         param     
             i_d_0.2    
    0.         36.0381p 
   50.00000m  187.1874p 
  100.00000m  953.9628p 
  150.00000m    4.6549n 
  200.00000m   21.0307n 
  250.00000m   85.1993n 
  300.00000m  304.8237n 
  350.00000m  938.3676n 
  400.00000m    2.3729u 
  450.00000m    4.8742u 
  500.00000m    8.3720u 
  550.00000m   12.4821u 
  600.00000m   16.7904u 
  650.00000m   21.0807u 
  700.00000m   25.2676u 
  750.00000m   29.3152u 
  800.00000m   33.2061u 
  850.00000m   36.9316u 
  900.00000m   40.4870u 
  950.00000m   43.8707u 
    1.00000    47.0828u 
y
 vth0_value= 267.6745m
 u0_param=  49.1245m
 ags_param= 431.0867m
 
   *** monte carlo  index = 587 ***
x

 volt         param     
             i_d_0.2    
    0.         64.0054p 
   50.00000m  331.0986p 
  100.00000m    1.6676n 
  150.00000m    7.9573n 
  200.00000m   34.7255n 
  250.00000m  134.9570n 
  300.00000m  460.7518n 
  350.00000m    1.3319u 
  400.00000m    3.1321u 
  450.00000m    6.0266u 
  500.00000m    9.8222u 
  550.00000m   14.0798u 
  600.00000m   18.4442u 
  650.00000m   22.7553u 
  700.00000m   26.9495u 
  750.00000m   30.9985u 
  800.00000m   34.8877u 
  850.00000m   38.6096u 
  900.00000m   42.1602u 
  950.00000m   45.5379u 
    1.00000    48.7433u 
y
 vth0_value= 250.4579m
 u0_param=  49.0450m
 ags_param= 408.5731m
 
   *** monte carlo  index = 588 ***
x

 volt         param     
             i_d_0.2    
    0.         47.7273p 
   50.00000m  247.5565p 
  100.00000m    1.2554n 
  150.00000m    6.0680n 
  200.00000m   27.0038n 
  250.00000m  107.3860n 
  300.00000m  376.3281n 
  350.00000m    1.1268u 
  400.00000m    2.7572u 
  450.00000m    5.4951u 
  500.00000m    9.2111u 
  550.00000m   13.4831u 
  600.00000m   17.9125u 
  650.00000m   22.3057u 
  700.00000m   26.5862u 
  750.00000m   30.7212u 
  800.00000m   34.6945u 
  850.00000m   38.4976u 
  900.00000m   42.1262u 
  950.00000m   45.5788u 
    1.00000    48.8557u 
y
 vth0_value= 259.9472m
 u0_param=  50.1742m
 ags_param= 404.5455m
 
   *** monte carlo  index = 589 ***
x

 volt         param     
             i_d_0.2    
    0.         59.4252p 
   50.00000m  307.6434p 
  100.00000m    1.5524n 
  150.00000m    7.4330n 
  200.00000m   32.6055n 
  250.00000m  127.4764n 
  300.00000m  438.2141n 
  350.00000m    1.2786u 
  400.00000m    3.0376u 
  450.00000m    5.8974u 
  500.00000m    9.6804u 
  550.00000m   13.9499u 
  600.00000m   18.3386u 
  650.00000m   22.6778u 
  700.00000m   26.9010u 
  750.00000m   30.9784u 
  800.00000m   34.8954u 
  850.00000m   38.6440u 
  900.00000m   42.2201u 
  950.00000m   45.6224u 
    1.00000    48.8512u 
y
 vth0_value= 252.9135m
 u0_param=  49.4125m
 ags_param= 416.0276m
 
   *** monte carlo  index = 590 ***
x

 volt         param     
             i_d_0.2    
    0.        131.1967p 
   50.00000m  673.1377p 
  100.00000m    3.3291n 
  150.00000m   15.3808n 
  200.00000m   64.1366n 
  250.00000m  236.8832n 
  300.00000m  760.1406n 
  350.00000m    2.0246u 
  400.00000m    4.3716u 
  450.00000m    7.8243u 
  500.00000m   12.0466u 
  550.00000m   16.5779u 
  600.00000m   21.1380u 
  650.00000m   25.6123u 
  700.00000m   29.9532u 
  750.00000m   34.1378u 
  800.00000m   38.1539u 
  850.00000m   41.9947u 
  900.00000m   45.6567u 
  950.00000m   49.1389u 
    1.00000    52.4419u 
y
 vth0_value= 229.9717m
 u0_param=  50.6282m
 ags_param= 431.1083m
 
   *** monte carlo  index = 591 ***
x

 volt         param     
             i_d_0.2    
    0.         44.8975p 
   50.00000m  232.9247p 
  100.00000m    1.1822n 
  150.00000m    5.7227n 
  200.00000m   25.5291n 
  250.00000m  101.8226n 
  300.00000m  358.0397n 
  350.00000m    1.0770u 
  400.00000m    2.6495u 
  450.00000m    5.3064u 
  500.00000m    8.9301u 
  550.00000m   13.1100u 
  600.00000m   17.4509u 
  650.00000m   21.7589u 
  700.00000m   25.9577u 
  750.00000m   30.0144u 
  800.00000m   33.9129u 
  850.00000m   37.6447u 
  900.00000m   41.2057u 
  950.00000m   44.5941u 
    1.00000    47.8103u 
y
 vth0_value= 261.1559m
 u0_param=  49.2013m
 ags_param= 416.8910m
 
   *** monte carlo  index = 592 ***
x

 volt         param     
             i_d_0.2    
    0.         54.2358p 
   50.00000m  280.9446p 
  100.00000m    1.4200n 
  150.00000m    6.8200n 
  200.00000m   30.0568n 
  250.00000m  118.1595n 
  300.00000m  408.7701n 
  350.00000m    1.2029u 
  400.00000m    2.8857u 
  450.00000m    5.6508u 
  500.00000m    9.3393u 
  550.00000m   13.5264u 
  600.00000m   17.8417u 
  650.00000m   22.1126u 
  700.00000m   26.2710u 
  750.00000m   30.2868u 
  800.00000m   34.1451u 
  850.00000m   37.8379u 
  900.00000m   41.3613u 
  950.00000m   44.7136u 
    1.00000    47.8951u 
y
 vth0_value= 255.1576m
 u0_param=  48.6566m
 ags_param= 419.9154m
 
   *** monte carlo  index = 593 ***
x

 volt         param     
             i_d_0.2    
    0.         29.3460p 
   50.00000m  152.4993p 
  100.00000m  779.4922p 
  150.00000m    3.8262n 
  200.00000m   17.4561n 
  250.00000m   71.5985n 
  300.00000m  259.6935n 
  350.00000m  814.0255n 
  400.00000m    2.1047u 
  450.00000m    4.4149u 
  500.00000m    7.7141u 
  550.00000m   11.6524u 
  600.00000m   15.8150u 
  650.00000m   19.9731u 
  700.00000m   24.0361u 
  750.00000m   27.9662u 
  800.00000m   31.7457u 
  850.00000m   35.3654u 
  900.00000m   38.8206u 
  950.00000m   42.1094u 
    1.00000    45.2321u 
y
 vth0_value= 272.8874m
 u0_param=  47.7013m
 ags_param= 422.5164m
 
   *** monte carlo  index = 594 ***
x

 volt         param     
             i_d_0.2    
    0.         95.9988p 
   50.00000m  494.4685p 
  100.00000m    2.4659n 
  150.00000m   11.5583n 
  200.00000m   49.1576n 
  250.00000m  185.5629n 
  300.00000m  611.9139n 
  350.00000m    1.6887u 
  400.00000m    3.7795u 
  450.00000m    6.9704u 
  500.00000m   10.9858u 
  550.00000m   15.3699u 
  600.00000m   19.8123u 
  650.00000m   24.1823u 
  700.00000m   28.4266u 
  750.00000m   32.5205u 
  800.00000m   36.4510u 
  850.00000m   40.2110u 
  900.00000m   43.7969u 
  950.00000m   47.2074u 
    1.00000    50.4431u 
y
 vth0_value= 238.6445m
 u0_param=  49.5380m
 ags_param= 427.5059m
 
   *** monte carlo  index = 595 ***
x

 volt         param     
             i_d_0.2    
    0.         60.0111p 
   50.00000m  310.7535p 
  100.00000m    1.5688n 
  150.00000m    7.5173n 
  200.00000m   33.0133n 
  250.00000m  129.2391n 
  300.00000m  444.9006n 
  350.00000m    1.3005u 
  400.00000m    3.0959u 
  450.00000m    6.0209u 
  500.00000m    9.8968u 
  550.00000m   14.2770u 
  600.00000m   18.7824u 
  650.00000m   23.2377u 
  700.00000m   27.5738u 
  750.00000m   31.7601u 
  800.00000m   35.7815u 
  850.00000m   39.6296u 
  900.00000m   43.3006u 
  950.00000m   46.7929u 
    1.00000    50.1069u 
y
 vth0_value= 253.4788m
 u0_param=  50.7749m
 ags_param= 420.5198m
 
   *** monte carlo  index = 596 ***
x

 volt         param     
             i_d_0.2    
    0.         24.9512p 
   50.00000m  129.7088p 
  100.00000m  664.8022p 
  150.00000m    3.2812n 
  200.00000m   15.1079n 
  250.00000m   62.7124n 
  300.00000m  230.4568n 
  350.00000m  734.6853n 
  400.00000m    1.9403u 
  450.00000m    4.1540u 
  500.00000m    7.3811u 
  550.00000m   11.2949u 
  600.00000m   15.4687u 
  650.00000m   19.6521u 
  700.00000m   23.7447u 
  750.00000m   27.7056u 
  800.00000m   31.5156u 
  850.00000m   35.1650u 
  900.00000m   38.6490u 
  950.00000m   41.9657u 
    1.00000    45.1150u 
y
 vth0_value= 278.0140m
 u0_param=  48.1191m
 ags_param= 413.6910m
 
   *** monte carlo  index = 597 ***
x

 volt         param     
             i_d_0.2    
    0.         49.6004p 
   50.00000m  257.1772p 
  100.00000m    1.3030n 
  150.00000m    6.2861n 
  200.00000m   27.8944n 
  250.00000m  110.5502n 
  300.00000m  385.9445n 
  350.00000m    1.1497u 
  400.00000m    2.7968u 
  450.00000m    5.5446u 
  500.00000m    9.2551u 
  550.00000m   13.5043u 
  600.00000m   17.9019u 
  650.00000m   22.2607u 
  700.00000m   26.5067u 
  750.00000m   30.6081u 
  800.00000m   34.5489u 
  850.00000m   38.3208u 
  900.00000m   41.9196u 
  950.00000m   45.3438u 
    1.00000    48.5937u 
y
 vth0_value= 258.5247m
 u0_param=  49.7430m
 ags_param= 413.9815m
 
   *** monte carlo  index = 598 ***
x

 volt         param     
             i_d_0.2    
    0.         49.3387p 
   50.00000m  255.7374p 
  100.00000m    1.2949n 
  150.00000m    6.2402n 
  200.00000m   27.6437n 
  250.00000m  109.3411n 
  300.00000m  380.9138n 
  350.00000m    1.1316u 
  400.00000m    2.7439u 
  450.00000m    5.4250u 
  500.00000m    9.0353u 
  550.00000m   13.1611u 
  600.00000m   17.4264u 
  650.00000m   21.6526u 
  700.00000m   25.7693u 
  750.00000m   29.7459u 
  800.00000m   33.5670u 
  850.00000m   37.2247u 
  900.00000m   40.7147u 
  950.00000m   44.0356u 
    1.00000    47.1875u 
y
 vth0_value= 257.6774m
 u0_param=  48.1839m
 ags_param= 417.6431m
 
   *** monte carlo  index = 599 ***
x

 volt         param     
             i_d_0.2    
    0.         46.8079p 
   50.00000m  242.7776p 
  100.00000m    1.2313n 
  150.00000m    5.9517n 
  200.00000m   26.4902n 
  250.00000m  105.3670n 
  300.00000m  369.3640n 
  350.00000m    1.1065u 
  400.00000m    2.7089u 
  450.00000m    5.4017u 
  500.00000m    9.0585u 
  550.00000m   13.2635u 
  600.00000m   17.6238u 
  650.00000m   21.9486u 
  700.00000m   26.1628u 
  750.00000m   30.2339u 
  800.00000m   34.1461u 
  850.00000m   37.8909u 
  900.00000m   41.4640u 
  950.00000m   44.8639u 
    1.00000    48.0909u 
y
 vth0_value= 260.0206m
 u0_param=  49.3729m
 ags_param= 424.7544m
 
   *** monte carlo  index = 600 ***
x

 volt         param     
             i_d_0.2    
    0.         68.1336p 
   50.00000m  352.3178p 
  100.00000m    1.7726n 
  150.00000m    8.4423n 
  200.00000m   36.7371n 
  250.00000m  142.3028n 
  300.00000m  483.9362n 
  350.00000m    1.3916u 
  400.00000m    3.2533u 
  450.00000m    6.2279u 
  500.00000m   10.1091u 
  550.00000m   14.4484u 
  600.00000m   18.8901u 
  650.00000m   23.2751u 
  700.00000m   27.5401u 
  750.00000m   31.6567u 
  800.00000m   35.6105u 
  850.00000m   39.3938u 
  900.00000m   43.0027u 
  950.00000m   46.4358u 
    1.00000    49.6934u 
y
 vth0_value= 249.1224m
 u0_param=  49.8798m
 ags_param= 415.3314m
 
   *** monte carlo  index = 601 ***
x

 volt         param     
             i_d_0.2    
    0.         55.5634p 
   50.00000m  287.8014p 
  100.00000m    1.4542n 
  150.00000m    6.9810n 
  200.00000m   30.7419n 
  250.00000m  120.7389n 
  300.00000m  417.2311n 
  350.00000m    1.2260u 
  400.00000m    2.9359u 
  450.00000m    5.7402u 
  500.00000m    9.4753u 
  550.00000m   13.7110u 
  600.00000m   18.0743u 
  650.00000m   22.3919u 
  700.00000m   26.5952u 
  750.00000m   30.6543u 
  800.00000m   34.5539u 
  850.00000m   38.2861u 
  900.00000m   41.8469u 
  950.00000m   45.2346u 
    1.00000    48.4498u 
y
 vth0_value= 254.7790m
 u0_param=  49.1894m
 ags_param= 431.1153m
 
   *** monte carlo  index = 602 ***
x

 volt         param     
             i_d_0.2    
    0.         30.3558p 
   50.00000m  157.7555p 
  100.00000m  806.1619p 
  150.00000m    3.9550n 
  200.00000m   18.0280n 
  250.00000m   73.8594n 
  300.00000m  267.5430n 
  350.00000m  837.1531n 
  400.00000m    2.1597u 
  450.00000m    4.5206u 
  500.00000m    7.8847u 
  550.00000m   11.8943u 
  600.00000m   16.1289u 
  650.00000m   20.3578u 
  700.00000m   24.4893u 
  750.00000m   28.4852u 
  800.00000m   32.3277u 
  850.00000m   36.0075u 
  900.00000m   39.5198u 
  950.00000m   42.8630u 
    1.00000    46.0370u 
y
 vth0_value= 272.4124m
 u0_param=  48.5197m
 ags_param= 405.1012m
 
   *** monte carlo  index = 603 ***
x

 volt         param     
             i_d_0.2    
    0.         62.8201p 
   50.00000m  325.0271p 
  100.00000m    1.6378n 
  150.00000m    7.8213n 
  200.00000m   34.1737n 
  250.00000m  133.0002n 
  300.00000m  454.8161n 
  350.00000m    1.3177u 
  400.00000m    3.1062u 
  450.00000m    5.9895u 
  500.00000m    9.7782u 
  550.00000m   14.0342u 
  600.00000m   18.3997u 
  650.00000m   22.7128u 
  700.00000m   26.9093u 
  750.00000m   30.9606u 
  800.00000m   34.8522u 
  850.00000m   38.5764u 
  900.00000m   42.1292u 
  950.00000m   45.5092u 
    1.00000    48.7167u 
y
 vth0_value= 251.0362m
 u0_param=  49.0752m
 ags_param= 419.4349m
 
   *** monte carlo  index = 604 ***
x

 volt         param     
             i_d_0.2    
    0.         91.9850p 
   50.00000m  474.2281p 
  100.00000m    2.3695n 
  150.00000m   11.1437n 
  200.00000m   47.6174n 
  250.00000m  180.6812n 
  300.00000m  599.5268n 
  350.00000m    1.6681u 
  400.00000m    3.7650u 
  450.00000m    6.9929u 
  500.00000m   11.0830u 
  550.00000m   15.5688u 
  600.00000m   20.1229u 
  650.00000m   24.6052u 
  700.00000m   28.9595u 
  750.00000m   33.1596u 
  800.00000m   37.1921u 
  850.00000m   41.0496u 
  900.00000m   44.7283u 
  950.00000m   48.2271u 
    1.00000    51.5464u 
y
 vth0_value= 240.7685m
 u0_param=  50.8780m
 ags_param= 424.3933m
 
   *** monte carlo  index = 605 ***
x

 volt         param     
             i_d_0.2    
    0.         38.7661p 
   50.00000m  201.2665p 
  100.00000m    1.0242n 
  150.00000m    4.9827n 
  200.00000m   22.4053n 
  250.00000m   90.2370n 
  300.00000m  320.7680n 
  350.00000m  979.0261n 
  400.00000m    2.4504u 
  450.00000m    4.9857u 
  500.00000m    8.4979u 
  550.00000m   12.5956u 
  600.00000m   16.8753u 
  650.00000m   21.1315u 
  700.00000m   25.2830u 
  750.00000m   29.2957u 
  800.00000m   33.1527u 
  850.00000m   36.8455u 
  900.00000m   40.3696u 
  950.00000m   43.7234u 
    1.00000    46.9069u 
y
 vth0_value= 265.2041m
 u0_param=  48.6748m
 ags_param= 429.0226m
 
   *** monte carlo  index = 606 ***
x

 volt         param     
             i_d_0.2    
    0.        121.1912p 
   50.00000m  622.5945p 
  100.00000m    3.0872n 
  150.00000m   14.3277n 
  200.00000m   60.1065n 
  250.00000m  223.4690n 
  300.00000m  723.0823n 
  350.00000m    1.9466u 
  400.00000m    4.2480u 
  450.00000m    7.6700u 
  500.00000m   11.8900u 
  550.00000m   16.4414u 
  600.00000m   21.0308u 
  650.00000m   25.5369u 
  700.00000m   29.9099u 
  750.00000m   34.1258u 
  800.00000m   38.1723u 
  850.00000m   42.0423u 
  900.00000m   45.7324u 
  950.00000m   49.2413u 
    1.00000    52.5696u 
y
 vth0_value= 232.6056m
 u0_param=  51.0364m
 ags_param= 422.8381m
 
   *** monte carlo  index = 607 ***
x

 volt         param     
             i_d_0.2    
    0.         35.1662p 
   50.00000m  182.6417p 
  100.00000m  930.8208p 
  150.00000m    4.5423n 
  200.00000m   20.5254n 
  250.00000m   83.1705n 
  300.00000m  297.6536n 
  350.00000m  916.6995n 
  400.00000m    2.3194u 
  450.00000m    4.7670u 
  500.00000m    8.1918u 
  550.00000m   12.2175u 
  600.00000m   16.4378u 
  650.00000m   20.6409u 
  700.00000m   24.7430u 
  750.00000m   28.7089u 
  800.00000m   32.5216u 
  850.00000m   36.1724u 
  900.00000m   39.6568u 
  950.00000m   42.9730u 
    1.00000    46.1212u 
y
 vth0_value= 267.7497m
 u0_param=  48.1121m
 ags_param= 420.4592m
 
   *** monte carlo  index = 608 ***
x

 volt         param     
             i_d_0.2    
    0.         37.8051p 
   50.00000m  196.2795p 
  100.00000m  999.0083p 
  150.00000m    4.8626n 
  200.00000m   21.8814n 
  250.00000m   88.2092n 
  300.00000m  313.8924n 
  350.00000m  959.4173n 
  400.00000m    2.4055u 
  450.00000m    4.9022u 
  500.00000m    8.3666u 
  550.00000m   12.4133u 
  600.00000m   16.6421u 
  650.00000m   20.8486u 
  700.00000m   24.9522u 
  750.00000m   28.9188u 
  800.00000m   32.7319u 
  850.00000m   36.3826u 
  900.00000m   39.8668u 
  950.00000m   43.1827u 
    1.00000    46.3305u 
y
 vth0_value= 265.5856m
 u0_param=  48.1094m
 ags_param= 411.8353m
 
   *** monte carlo  index = 609 ***
x

 volt         param     
             i_d_0.2    
    0.         26.9284p 
   50.00000m  140.0075p 
  100.00000m  717.1159p 
  150.00000m    3.5344n 
  200.00000m   16.2346n 
  250.00000m   67.1742n 
  300.00000m  245.9704n 
  350.00000m  780.4760n 
  400.00000m    2.0489u 
  450.00000m    4.3609u 
  500.00000m    7.7109u 
  550.00000m   11.7557u 
  600.00000m   16.0586u 
  650.00000m   20.3673u 
  700.00000m   24.5808u 
  750.00000m   28.6576u 
  800.00000m   32.5784u 
  850.00000m   36.3335u 
  900.00000m   39.9180u 
  950.00000m   43.3300u 
    1.00000    46.5695u 
y
 vth0_value= 276.6583m
 u0_param=  49.5540m
 ags_param= 408.0157m
 
   *** monte carlo  index = 610 ***
x

 volt         param     
             i_d_0.2    
    0.        111.3783p 
   50.00000m  572.6795p 
  100.00000m    2.8451n 
  150.00000m   13.2470n 
  200.00000m   55.8215n 
  250.00000m  208.5701n 
  300.00000m  679.1163n 
  350.00000m    1.8433u 
  400.00000m    4.0557u 
  450.00000m    7.3736u 
  500.00000m   11.4919u 
  550.00000m   15.9507u 
  600.00000m   20.4536u 
  650.00000m   24.8774u 
  700.00000m   29.1717u 
  750.00000m   33.3126u 
  800.00000m   37.2876u 
  850.00000m   41.0895u 
  900.00000m   44.7150u 
  950.00000m   48.1629u 
    1.00000    51.4336u 
y
 vth0_value= 234.5525m
 u0_param=  50.1041m
 ags_param= 430.5689m
 
   *** monte carlo  index = 611 ***
x

 volt         param     
             i_d_0.2    
    0.         46.4053p 
   50.00000m  240.7297p 
  100.00000m    1.2214n 
  150.00000m    5.9081n 
  200.00000m   26.3264n 
  250.00000m  104.8577n 
  300.00000m  368.1254n 
  350.00000m    1.1049u 
  400.00000m    2.7113u 
  450.00000m    5.4174u 
  500.00000m    9.0998u 
  550.00000m   13.3405u 
  600.00000m   17.7413u 
  650.00000m   22.1075u 
  700.00000m   26.3623u 
  750.00000m   30.4728u 
  800.00000m   34.4227u 
  850.00000m   38.2036u 
  900.00000m   41.8111u 
  950.00000m   45.2437u 
    1.00000    48.5017u 
y
 vth0_value= 260.5949m
 u0_param=  49.8703m
 ags_param= 410.4581m
 
   *** monte carlo  index = 612 ***
x

 volt         param     
             i_d_0.2    
    0.         92.6807p 
   50.00000m  477.5786p 
  100.00000m    2.3839n 
  150.00000m   11.1921n 
  200.00000m   47.7092n 
  250.00000m  180.5555n 
  300.00000m  597.2588n 
  350.00000m    1.6551u 
  400.00000m    3.7200u 
  450.00000m    6.8855u 
  500.00000m   10.8827u 
  550.00000m   15.2565u 
  600.00000m   19.6925u 
  650.00000m   24.0575u 
  700.00000m   28.2976u 
  750.00000m   32.3876u 
  800.00000m   36.3146u 
  850.00000m   40.0714u 
  900.00000m   43.6543u 
  950.00000m   47.0620u 
    1.00000    50.2951u 
y
 vth0_value= 239.6707m
 u0_param=  49.4953m
 ags_param= 428.3950m
 
   *** monte carlo  index = 613 ***
x

 volt         param     
             i_d_0.2    
    0.         63.8043p 
   50.00000m  330.1827p 
  100.00000m    1.6642n 
  150.00000m    7.9520n 
  200.00000m   34.7718n 
  250.00000m  135.4433n 
  300.00000m  463.5863n 
  350.00000m    1.3446u 
  400.00000m    3.1736u 
  450.00000m    6.1258u 
  500.00000m   10.0089u 
  550.00000m   14.3748u 
  600.00000m   18.8549u 
  650.00000m   23.2815u 
  700.00000m   27.5884u 
  750.00000m   31.7460u 
  800.00000m   35.7395u 
  850.00000m   39.5609u 
  900.00000m   43.2062u 
  950.00000m   46.6740u 
    1.00000    49.9646u 
y
 vth0_value= 251.4160m
 u0_param=  50.4049m
 ags_param= 416.0095m
 
   *** monte carlo  index = 614 ***
x

 volt         param     
             i_d_0.2    
    0.         60.2916p 
   50.00000m  312.1348p 
  100.00000m    1.5750n 
  150.00000m    7.5407n 
  200.00000m   33.0741n 
  250.00000m  129.2883n 
  300.00000m  444.3464n 
  350.00000m    1.2960u 
  400.00000m    3.0780u 
  450.00000m    5.9737u 
  500.00000m    9.8030u 
  550.00000m   14.1240u 
  600.00000m   18.5652u 
  650.00000m   22.9562u 
  700.00000m   27.2295u 
  750.00000m   31.3552u 
  800.00000m   35.3183u 
  850.00000m   39.1109u 
  900.00000m   42.7290u 
  950.00000m   46.1710u 
    1.00000    49.4374u 
y
 vth0_value= 252.8617m
 u0_param=  50.0120m
 ags_param= 424.1211m
 
   *** monte carlo  index = 615 ***
x

 volt         param     
             i_d_0.2    
    0.         78.5449p 
   50.00000m  405.5741p 
  100.00000m    2.0337n 
  150.00000m    9.6267n 
  200.00000m   41.5175n 
  250.00000m  159.1869n 
  300.00000m  534.8796n 
  350.00000m    1.5134u 
  400.00000m    3.4768u 
  450.00000m    6.5562u 
  500.00000m   10.5156u 
  550.00000m   14.8992u 
  600.00000m   19.3672u 
  650.00000m   23.7715u 
  700.00000m   28.0525u 
  750.00000m   32.1834u 
  800.00000m   36.1503u 
  850.00000m   39.9456u 
  900.00000m   43.5656u 
  950.00000m   47.0089u 
    1.00000    50.2760u 
y
 vth0_value= 244.9695m
 u0_param=  50.0384m
 ags_param= 405.9218m
 
   *** monte carlo  index = 616 ***
x

 volt         param     
             i_d_0.2    
    0.         59.0704p 
   50.00000m  305.8170p 
  100.00000m    1.5433n 
  150.00000m    7.3909n 
  200.00000m   32.4298n 
  250.00000m  126.8305n 
  300.00000m  436.1583n 
  350.00000m    1.2732u 
  400.00000m    3.0266u 
  450.00000m    5.8791u 
  500.00000m    9.6543u 
  550.00000m   13.9165u 
  600.00000m   18.2982u 
  650.00000m   22.6308u 
  700.00000m   26.8476u 
  750.00000m   30.9190u 
  800.00000m   34.8302u 
  850.00000m   38.5733u 
  900.00000m   42.1442u 
  950.00000m   45.5415u 
    1.00000    48.7656u 
y
 vth0_value= 253.0440m
 u0_param=  49.3367m
 ags_param= 419.8129m
 
   *** monte carlo  index = 617 ***
x

 volt         param     
             i_d_0.2    
    0.         14.5564p 
   50.00000m   75.5619p 
  100.00000m  389.8306p 
  150.00000m    1.9517n 
  200.00000m    9.2121n 
  250.00000m   39.5687n 
  300.00000m  151.0240n 
  350.00000m  504.6833n 
  400.00000m    1.4174u 
  450.00000m    3.2306u 
  500.00000m    6.0496u 
  550.00000m    9.6459u 
  600.00000m   13.6007u 
  650.00000m   17.6137u 
  700.00000m   21.5575u 
  750.00000m   25.3818u 
  800.00000m   29.0643u 
  850.00000m   32.5941u 
  900.00000m   35.9655u 
  950.00000m   39.1765u 
    1.00000    42.2267u 
y
 vth0_value= 293.1113m
 u0_param=  46.5410m
 ags_param= 407.5119m
 
   *** monte carlo  index = 618 ***
x

 volt         param     
             i_d_0.2    
    0.         33.6990p 
   50.00000m  175.1178p 
  100.00000m  893.8352p 
  150.00000m    4.3746n 
  200.00000m   19.8617n 
  250.00000m   80.9586n 
  300.00000m  291.5977n 
  350.00000m  905.5778n 
  400.00000m    2.3146u 
  450.00000m    4.8018u 
  500.00000m    8.3145u 
  550.00000m   12.4735u 
  600.00000m   16.8509u 
  650.00000m   21.2163u 
  700.00000m   25.4787u 
  750.00000m   29.6000u 
  800.00000m   33.5622u 
  850.00000m   37.3559u 
  900.00000m   40.9766u 
  950.00000m   44.4224u 
    1.00000    47.6935u 
y
 vth0_value= 270.2776m
 u0_param=  50.0655m
 ags_param= 413.9118m
 
   *** monte carlo  index = 619 ***
x

 volt         param     
             i_d_0.2    
    0.         93.9687p 
   50.00000m  484.0927p 
  100.00000m    2.4151n 
  150.00000m   11.3280n 
  200.00000m   48.2252n 
  250.00000m  182.2425n 
  300.00000m  601.7751n 
  350.00000m    1.6637u 
  400.00000m    3.7304u 
  450.00000m    6.8907u 
  500.00000m   10.8736u 
  550.00000m   15.2263u 
  600.00000m   19.6388u 
  650.00000m   23.9800u 
  700.00000m   28.1966u 
  750.00000m   32.2641u 
  800.00000m   36.1694u 
  850.00000m   39.9054u 
  900.00000m   43.4685u 
  950.00000m   46.8574u 
    1.00000    50.0726u 
y
 vth0_value= 239.0784m
 u0_param=  49.2166m
 ags_param= 403.6134m
 
   *** monte carlo  index = 620 ***
x

 volt         param     
             i_d_0.2    
    0.         50.6103p 
   50.00000m  262.3876p 
  100.00000m    1.3289n 
  150.00000m    6.4076n 
  200.00000m   28.4068n 
  250.00000m  112.4548n 
  300.00000m  392.0923n 
  350.00000m    1.1660u 
  400.00000m    2.8308u 
  450.00000m    5.6020u 
  500.00000m    9.3373u 
  550.00000m   13.6097u 
  600.00000m   18.0287u 
  650.00000m   22.4076u 
  700.00000m   26.6729u 
  750.00000m   30.7925u 
  800.00000m   34.7508u 
  850.00000m   38.5393u 
  900.00000m   42.1540u 
  950.00000m   45.5931u 
    1.00000    48.8571u 
y
 vth0_value= 258.0642m
 u0_param=  49.9670m
 ags_param= 422.3126m
 
   *** monte carlo  index = 621 ***
x

 volt         param     
             i_d_0.2    
    0.         62.3805p 
   50.00000m  322.6934p 
  100.00000m    1.6255n 
  150.00000m    7.7581n 
  200.00000m   33.8688n 
  250.00000m  131.6892n 
  300.00000m  449.8680n 
  350.00000m    1.3016u 
  400.00000m    3.0637u 
  450.00000m    5.9004u 
  500.00000m    9.6232u 
  550.00000m   13.8011u 
  600.00000m   18.0846u 
  650.00000m   22.3162u 
  700.00000m   26.4334u 
  750.00000m   30.4083u 
  800.00000m   34.2268u 
  850.00000m   37.8810u 
  900.00000m   41.3673u 
  950.00000m   44.6841u 
    1.00000    47.8317u 
y
 vth0_value= 250.6260m
 u0_param=  48.1223m
 ags_param= 421.2384m
 
   *** monte carlo  index = 622 ***
x

 volt         param     
             i_d_0.2    
    0.         49.9749p 
   50.00000m  259.0005p 
  100.00000m    1.3110n 
  150.00000m    6.3136n 
  200.00000m   27.9416n 
  250.00000m  110.3912n 
  300.00000m  384.0723n 
  350.00000m    1.1390u 
  400.00000m    2.7564u 
  450.00000m    5.4399u 
  500.00000m    9.0475u 
  550.00000m   13.1646u 
  600.00000m   17.4184u 
  650.00000m   21.6324u 
  700.00000m   25.7369u 
  750.00000m   29.7014u 
  800.00000m   33.5110u 
  850.00000m   37.1576u 
  900.00000m   40.6371u 
  950.00000m   43.9479u 
    1.00000    47.0902u 
y
 vth0_value= 257.1936m
 u0_param=  48.0303m
 ags_param= 426.3149m
 
   *** monte carlo  index = 623 ***
x

 volt         param     
             i_d_0.2    
    0.         59.3589p 
   50.00000m  307.1929p 
  100.00000m    1.5491n 
  150.00000m    7.4081n 
  200.00000m   32.4368n 
  250.00000m  126.5558n 
  300.00000m  434.0579n 
  350.00000m    1.2626u 
  400.00000m    2.9898u 
  450.00000m    5.7881u 
  500.00000m    9.4794u 
  550.00000m   13.6365u 
  600.00000m   17.9053u 
  650.00000m   22.1248u 
  700.00000m   26.2312u 
  750.00000m   30.1961u 
  800.00000m   34.0051u 
  850.00000m   37.6506u 
  900.00000m   41.1286u 
  950.00000m   44.4376u 
    1.00000    47.5780u 
y
 vth0_value= 252.0333m
 u0_param=  48.0051m
 ags_param= 423.6521m
 
   *** monte carlo  index = 624 ***
x

 volt         param     
             i_d_0.2    
    0.         97.6618p 
   50.00000m  503.3668p 
  100.00000m    2.5134n 
  150.00000m   11.8058n 
  200.00000m   50.3577n 
  250.00000m  190.6889n 
  300.00000m  631.1000n 
  350.00000m    1.7499u 
  400.00000m    3.9350u 
  450.00000m    7.2853u 
  500.00000m   11.5180u 
  550.00000m   16.1522u 
  600.00000m   20.8534u 
  650.00000m   25.4791u 
  700.00000m   29.9715u 
  750.00000m   34.3042u 
  800.00000m   38.4634u 
  850.00000m   42.4416u 
  900.00000m   46.2352u 
  950.00000m   49.8427u 
    1.00000    53.2649u 
y
 vth0_value= 239.9911m
 u0_param=  52.5390m
 ags_param= 427.4752m
 
   *** monte carlo  index = 625 ***
x

 volt         param     
             i_d_0.2    
    0.         74.1412p 
   50.00000m  383.0696p 
  100.00000m    1.9236n 
  150.00000m    9.1288n 
  200.00000m   39.5174n 
  250.00000m  152.1610n 
  300.00000m  513.8464n 
  350.00000m    1.4637u 
  400.00000m    3.3871u 
  450.00000m    6.4269u 
  500.00000m   10.3591u 
  550.00000m   14.7299u 
  600.00000m   19.1925u 
  650.00000m   23.5940u 
  700.00000m   27.8734u 
  750.00000m   32.0032u 
  800.00000m   35.9692u 
  850.00000m   39.7640u 
  900.00000m   43.3835u 
  950.00000m   46.8265u 
    1.00000    50.0934u 
y
 vth0_value= 246.6888m
 u0_param=  50.0276m
 ags_param= 430.3649m
 
   *** monte carlo  index = 626 ***
x

 volt         param     
             i_d_0.2    
    0.         55.3112p 
   50.00000m  286.4969p 
  100.00000m    1.4477n 
  150.00000m    6.9501n 
  200.00000m   30.6091n 
  250.00000m  120.2330n 
  300.00000m  415.5481n 
  350.00000m    1.2213u 
  400.00000m    2.9254u 
  450.00000m    5.7210u 
  500.00000m    9.4454u 
  550.00000m   13.6694u 
  600.00000m   18.0211u 
  650.00000m   22.3272u 
  700.00000m   26.5195u 
  750.00000m   30.5679u 
  800.00000m   34.4573u 
  850.00000m   38.1798u 
  900.00000m   41.7313u 
  950.00000m   45.1104u 
    1.00000    48.3172u 
y
 vth0_value= 254.8300m
 u0_param=  49.0574m
 ags_param= 430.5915m
 
   *** monte carlo  index = 627 ***
x

 volt         param     
             i_d_0.2    
    0.         53.4719p 
   50.00000m  277.0776p 
  100.00000m    1.4014n 
  150.00000m    6.7399n 
  200.00000m   29.7634n 
  250.00000m  117.2806n 
  300.00000m  406.7888n 
  350.00000m    1.2013u 
  400.00000m    2.8930u 
  450.00000m    5.6846u 
  500.00000m    9.4211u 
  550.00000m   13.6733u 
  600.00000m   18.0609u 
  650.00000m   22.4050u 
  700.00000m   26.6351u 
  750.00000m   30.7203u 
  800.00000m   34.6453u 
  850.00000m   38.4018u 
  900.00000m   41.9858u 
  950.00000m   45.3957u 
    1.00000    48.6319u 
y
 vth0_value= 256.1418m
 u0_param=  49.5274m
 ags_param= 416.3084m
 
   *** monte carlo  index = 628 ***
x

 volt         param     
             i_d_0.2    
    0.         55.5208p 
   50.00000m  287.5684p 
  100.00000m    1.4530n 
  150.00000m    6.9738n 
  200.00000m   30.7030n 
  250.00000m  120.5548n 
  300.00000m  416.4763n 
  350.00000m    1.2233u 
  400.00000m    2.9283u 
  450.00000m    5.7231u 
  500.00000m    9.4444u 
  550.00000m   13.6633u 
  600.00000m   18.0087u 
  650.00000m   22.3085u 
  700.00000m   26.4945u 
  750.00000m   30.5368u 
  800.00000m   34.4204u 
  850.00000m   38.1373u 
  900.00000m   41.6835u 
  950.00000m   45.0574u 
    1.00000    48.2594u 
y
 vth0_value= 254.6688m
 u0_param=  48.9827m
 ags_param= 422.5485m
 
   *** monte carlo  index = 629 ***
x

 volt         param     
             i_d_0.2    
    0.        109.3386p 
   50.00000m  562.3536p 
  100.00000m    2.7955n 
  150.00000m   13.0296n 
  200.00000m   54.9844n 
  250.00000m  205.7657n 
  300.00000m  671.2899n 
  350.00000m    1.8266u 
  400.00000m    4.0294u 
  450.00000m    7.3414u 
  500.00000m   11.4609u 
  550.00000m   15.9266u 
  600.00000m   20.4387u 
  650.00000m   24.8725u 
  700.00000m   29.1767u 
  750.00000m   33.3273u 
  800.00000m   37.3116u 
  850.00000m   41.1226u 
  900.00000m   44.7567u 
  950.00000m   48.2127u 
    1.00000    51.4912u 
y
 vth0_value= 235.1862m
 u0_param=  50.2304m
 ags_param= 422.5790m
 
   *** monte carlo  index = 630 ***
x

 volt         param     
             i_d_0.2    
    0.         28.9275p 
   50.00000m  150.3422p 
  100.00000m  768.7804p 
  150.00000m    3.7767n 
  200.00000m   17.2528n 
  250.00000m   70.8845n 
  300.00000m  257.5736n 
  350.00000m  809.2837n 
  400.00000m    2.0986u 
  450.00000m    4.4142u 
  500.00000m    7.7302u 
  550.00000m   11.6971u 
  600.00000m   15.8951u 
  650.00000m   20.0905u 
  700.00000m   24.1904u 
  750.00000m   28.1565u 
  800.00000m   31.9706u 
  850.00000m   35.6234u 
  900.00000m   39.1102u 
  950.00000m   42.4291u 
    1.00000    45.5803u 
y
 vth0_value= 273.6146m
 u0_param=  48.1538m
 ags_param= 415.9256m
 
   *** monte carlo  index = 631 ***
x

 volt         param     
             i_d_0.2    
    0.        152.9475p 
   50.00000m  783.2388p 
  100.00000m    3.8583n 
  150.00000m   17.7065n 
  200.00000m   73.1806n 
  250.00000m  267.6461n 
  300.00000m  848.0664n 
  350.00000m    2.2227u 
  400.00000m    4.7242u 
  450.00000m    8.3457u 
  500.00000m   12.7208u 
  550.00000m   17.3839u 
  600.00000m   22.0640u 
  650.00000m   26.6513u 
  700.00000m   31.0996u 
  750.00000m   35.3865u 
  800.00000m   39.4999u 
  850.00000m   43.4331u 
  900.00000m   47.1828u 
  950.00000m   50.7478u 
    1.00000    54.1288u 
y
 vth0_value= 226.1521m
 u0_param=  51.8958m
 ags_param= 424.8994m
 
   *** monte carlo  index = 632 ***
x

 volt         param     
             i_d_0.2    
    0.         26.1660p 
   50.00000m  135.9991p 
  100.00000m  696.3466p 
  150.00000m    3.4300n 
  200.00000m   15.7399n 
  250.00000m   65.0482n 
  300.00000m  237.8971n 
  350.00000m  753.7739n 
  400.00000m    1.9754u 
  450.00000m    4.1976u 
  500.00000m    7.4128u 
  550.00000m   11.2894u 
  600.00000m   15.4095u 
  650.00000m   19.5337u 
  700.00000m   23.5668u 
  750.00000m   27.4694u 
  800.00000m   31.2231u 
  850.00000m   34.8185u 
  900.00000m   38.2509u 
  950.00000m   41.5184u 
    1.00000    44.6211u 
y
 vth0_value= 276.1065m
 u0_param=  47.3836m
 ags_param= 412.0220m
 
   *** monte carlo  index = 633 ***
x

 volt         param     
             i_d_0.2    
    0.         50.7870p 
   50.00000m  263.3002p 
  100.00000m    1.3335n 
  150.00000m    6.4290n 
  200.00000m   28.4978n 
  250.00000m  112.7957n 
  300.00000m  393.2045n 
  350.00000m    1.1690u 
  400.00000m    2.8372u 
  450.00000m    5.6131u 
  500.00000m    9.3537u 
  550.00000m   13.6314u 
  600.00000m   18.0555u 
  650.00000m   22.4393u 
  700.00000m   26.7093u 
  750.00000m   30.8335u 
  800.00000m   34.7961u 
  850.00000m   38.5888u 
  900.00000m   42.2073u 
  950.00000m   45.6501u 
    1.00000    48.9176u 
y
 vth0_value= 257.9959m
 u0_param=  50.0238m
 ags_param= 419.5955m
 
   *** monte carlo  index = 634 ***
x

 volt         param     
             i_d_0.2    
    0.         66.5217p 
   50.00000m  344.0490p 
  100.00000m    1.7319n 
  150.00000m    8.2554n 
  200.00000m   35.9709n 
  250.00000m  139.5459n 
  300.00000m  475.4052n 
  350.00000m    1.3703u 
  400.00000m    3.2121u 
  450.00000m    6.1632u 
  500.00000m   10.0224u 
  550.00000m   14.3435u 
  600.00000m   18.7695u 
  650.00000m   23.1399u 
  700.00000m   27.3912u 
  750.00000m   31.4948u 
  800.00000m   35.4363u 
  850.00000m   39.2079u 
  900.00000m   42.8057u 
  950.00000m   46.2283u 
    1.00000    49.4761u 
y
 vth0_value= 249.7358m
 u0_param=  49.7182m
 ags_param= 426.4437m
 
   *** monte carlo  index = 635 ***
x

 volt         param     
             i_d_0.2    
    0.         48.3017p 
   50.00000m  250.4677p 
  100.00000m    1.2694n 
  150.00000m    6.1285n 
  200.00000m   27.2243n 
  250.00000m  108.0343n 
  300.00000m  377.7242n 
  350.00000m    1.1275u 
  400.00000m    2.7492u 
  450.00000m    5.4621u 
  500.00000m    9.1329u 
  550.00000m   13.3429u 
  600.00000m   17.7028u 
  650.00000m   22.0253u 
  700.00000m   26.2365u 
  750.00000m   30.3044u 
  800.00000m   34.2134u 
  850.00000m   37.9549u 
  900.00000m   41.5250u 
  950.00000m   44.9218u 
    1.00000    48.1459u 
y
 vth0_value= 259.0525m
 u0_param=  49.3269m
 ags_param= 426.1177m
 
   *** monte carlo  index = 636 ***
x

 volt         param     
             i_d_0.2    
    0.         33.3817p 
   50.00000m  173.4416p 
  100.00000m  885.0704p 
  150.00000m    4.3299n 
  200.00000m   19.6449n 
  250.00000m   80.0074n 
  300.00000m  287.9214n 
  350.00000m  893.1869n 
  400.00000m    2.2799u 
  450.00000m    4.7244u 
  500.00000m    8.1727u 
  550.00000m   12.2515u 
  600.00000m   16.5419u 
  650.00000m   20.8197u 
  700.00000m   24.9966u 
  750.00000m   29.0353u 
  800.00000m   32.9182u 
  850.00000m   36.6363u 
  900.00000m   40.1849u 
  950.00000m   43.5623u 
    1.00000    46.7686u 
y
 vth0_value= 269.9036m
 u0_param=  49.0323m
 ags_param= 416.6340m
 
   *** monte carlo  index = 637 ***
x

 volt         param     
             i_d_0.2    
    0.         49.3735p 
   50.00000m  255.9637p 
  100.00000m    1.2965n 
  150.00000m    6.2519n 
  200.00000m   27.7232n 
  250.00000m  109.7818n 
  300.00000m  382.9270n 
  350.00000m    1.1394u 
  400.00000m    2.7681u 
  450.00000m    5.4818u 
  500.00000m    9.1420u 
  550.00000m   13.3299u 
  600.00000m   17.6621u 
  650.00000m   21.9555u 
  700.00000m   26.1378u 
  750.00000m   30.1776u 
  800.00000m   34.0594u 
  850.00000m   37.7750u 
  900.00000m   41.3203u 
  950.00000m   44.6936u 
    1.00000    47.8952u 
y
 vth0_value= 258.1698m
 u0_param=  48.9735m
 ags_param= 417.4648m
 
   *** monte carlo  index = 638 ***
x

 volt         param     
             i_d_0.2    
    0.        109.6430p 
   50.00000m  564.0126p 
  100.00000m    2.8046n 
  150.00000m   13.0791n 
  200.00000m   55.2328n 
  250.00000m  206.8532n 
  300.00000m  675.4510n 
  350.00000m    1.8401u 
  400.00000m    4.0638u 
  450.00000m    7.4111u 
  500.00000m   11.5784u 
  550.00000m   16.0989u 
  600.00000m   20.6675u 
  650.00000m   25.1570u 
  700.00000m   29.5152u 
  750.00000m   33.7178u 
  800.00000m   37.7519u 
  850.00000m   41.6104u 
  900.00000m   45.2897u 
  950.00000m   48.7886u 
    1.00000    52.1077u 
y
 vth0_value= 235.5112m
 u0_param=  50.8819m
 ags_param= 427.0541m
 
   *** monte carlo  index = 639 ***
x

 volt         param     
             i_d_0.2    
    0.         87.4852p 
   50.00000m  451.1461p 
  100.00000m    2.2556n 
  150.00000m   10.6211n 
  200.00000m   45.4628n 
  250.00000m  172.8473n 
  300.00000m  574.9483n 
  350.00000m    1.6050u 
  400.00000m    3.6353u 
  450.00000m    6.7725u 
  500.00000m   10.7590u 
  550.00000m   15.1388u 
  600.00000m   19.5883u 
  650.00000m   23.9693u 
  700.00000m   28.2258u 
  750.00000m   32.3321u 
  800.00000m   36.2750u 
  850.00000m   40.0471u 
  900.00000m   43.6447u 
  950.00000m   47.0665u 
    1.00000    50.3131u 
y
 vth0_value= 241.5357m
 u0_param=  49.7110m
 ags_param= 417.8816m
 
   *** monte carlo  index = 640 ***
x

 volt         param     
             i_d_0.2    
    0.         33.6593p 
   50.00000m  174.8639p 
  100.00000m  892.0471p 
  150.00000m    4.3614n 
  200.00000m   19.7683n 
  250.00000m   80.4105n 
  300.00000m  288.9871n 
  350.00000m  894.9417n 
  400.00000m    2.2796u 
  450.00000m    4.7145u 
  500.00000m    8.1427u 
  550.00000m   12.1916u 
  600.00000m   16.4469u 
  650.00000m   20.6886u 
  700.00000m   24.8297u 
  750.00000m   28.8339u 
  800.00000m   32.6836u 
  850.00000m   36.3698u 
  900.00000m   39.8881u 
  950.00000m   43.2366u 
    1.00000    46.4155u 
y
 vth0_value= 269.3757m
 u0_param=  48.5981m
 ags_param= 418.1969m
 
   *** monte carlo  index = 641 ***
x

 volt         param     
             i_d_0.2    
    0.         39.0582p 
   50.00000m  202.7867p 
  100.00000m    1.0319n 
  150.00000m    5.0199n 
  200.00000m   22.5704n 
  250.00000m   90.8903n 
  300.00000m  323.0363n 
  350.00000m  985.7108n 
  400.00000m    2.4664u 
  450.00000m    5.0167u 
  500.00000m    8.5487u 
  550.00000m   12.6689u 
  600.00000m   16.9719u 
  650.00000m   21.2510u 
  700.00000m   25.4250u 
  750.00000m   29.4591u 
  800.00000m   33.3368u 
  850.00000m   37.0493u 
  900.00000m   40.5921u 
  950.00000m   43.9637u 
    1.00000    47.1641u 
y
 vth0_value= 265.1560m
 u0_param=  48.9475m
 ags_param= 408.6102m
 
   *** monte carlo  index = 642 ***
x

 volt         param     
             i_d_0.2    
    0.         35.7050p 
   50.00000m  185.4898p 
  100.00000m  945.7320p 
  150.00000m    4.6186n 
  200.00000m   20.8954n 
  250.00000m   84.7945n 
  300.00000m  303.9269n 
  350.00000m  937.8182n 
  400.00000m    2.3783u 
  450.00000m    4.8979u 
  500.00000m    8.4304u 
  550.00000m   12.5899u 
  600.00000m   16.9549u 
  650.00000m   21.3033u 
  700.00000m   25.5474u 
  750.00000m   29.6504u 
  800.00000m   33.5947u 
  850.00000m   37.3711u 
  900.00000m   40.9751u 
  950.00000m   44.4049u 
    1.00000    47.6608u 
y
 vth0_value= 268.3987m
 u0_param=  49.8258m
 ags_param= 408.9984m
 
   *** monte carlo  index = 643 ***
x

 volt         param     
             i_d_0.2    
    0.         74.6978p 
   50.00000m  385.8027p 
  100.00000m    1.9359n 
  150.00000m    9.1747n 
  200.00000m   39.6393n 
  250.00000m  152.3010n 
  300.00000m  513.0433n 
  350.00000m    1.4566u 
  400.00000m    3.3589u 
  450.00000m    6.3545u 
  500.00000m   10.2181u 
  550.00000m   14.5039u 
  600.00000m   18.8756u 
  650.00000m   23.1865u 
  700.00000m   27.3775u 
  750.00000m   31.4220u 
  800.00000m   35.3063u 
  850.00000m   39.0230u 
  900.00000m   42.5683u 
  950.00000m   45.9407u 
    1.00000    49.1407u 
y
 vth0_value= 245.7831m
 u0_param=  48.9608m
 ags_param= 425.1064m
 
   *** monte carlo  index = 644 ***
x

 volt         param     
             i_d_0.2    
    0.         69.6698p 
   50.00000m  360.1115p 
  100.00000m    1.8102n 
  150.00000m    8.6070n 
  200.00000m   37.3635n 
  250.00000m  144.3328n 
  300.00000m  489.2914n 
  350.00000m    1.4010u 
  400.00000m    3.2605u 
  450.00000m    6.2171u 
  500.00000m   10.0600u 
  550.00000m   14.3450u 
  600.00000m   18.7259u 
  650.00000m   23.0491u 
  700.00000m   27.2535u 
  750.00000m   31.3115u 
  800.00000m   35.2091u 
  850.00000m   38.9386u 
  900.00000m   42.4962u 
  950.00000m   45.8806u 
    1.00000    49.0920u 
y
 vth0_value= 247.9857m
 u0_param=  49.1439m
 ags_param= 411.3525m
 
   *** monte carlo  index = 645 ***
x

 volt         param     
             i_d_0.2    
    0.         38.3914p 
   50.00000m  199.3646p 
  100.00000m    1.0150n 
  150.00000m    4.9430n 
  200.00000m   22.2615n 
  250.00000m   89.8287n 
  300.00000m  319.9742n 
  350.00000m  979.2421n 
  400.00000m    2.4588u 
  450.00000m    5.0174u 
  500.00000m    8.5720u 
  550.00000m   12.7288u 
  600.00000m   17.0752u 
  650.00000m   21.3994u 
  700.00000m   25.6179u 
  750.00000m   29.6953u 
  800.00000m   33.6145u 
  850.00000m   37.3667u 
  900.00000m   40.9475u 
  950.00000m   44.3551u 
    1.00000    47.5898u 
y
 vth0_value= 266.0165m
 u0_param=  49.4877m
 ags_param= 423.2343m
 
   *** monte carlo  index = 646 ***
x

 volt         param     
             i_d_0.2    
    0.         51.3647p 
   50.00000m  266.2776p 
  100.00000m    1.3483n 
  150.00000m    6.4979n 
  200.00000m   28.7867n 
  250.00000m  113.8598n 
  300.00000m  396.5993n 
  350.00000m    1.1779u 
  400.00000m    2.8551u 
  450.00000m    5.6423u 
  500.00000m    9.3940u 
  550.00000m   13.6811u 
  600.00000m   18.1133u 
  650.00000m   22.5045u 
  700.00000m   26.7815u 
  750.00000m   30.9124u 
  800.00000m   34.8813u 
  850.00000m   38.6800u 
  900.00000m   42.3042u 
  950.00000m   45.7524u 
    1.00000    49.0250u 
y
 vth0_value= 257.7096m
 u0_param=  50.1059m
 ags_param= 417.5684m
 
   *** monte carlo  index = 647 ***
x

 volt         param     
             i_d_0.2    
    0.         62.8231p 
   50.00000m  325.0498p 
  100.00000m    1.6379n 
  150.00000m    7.8228n 
  200.00000m   34.1840n 
  250.00000m  133.0570n 
  300.00000m  455.0721n 
  350.00000m    1.3187u 
  400.00000m    3.1090u 
  450.00000m    5.9959u 
  500.00000m    9.7900u 
  550.00000m   14.0526u 
  600.00000m   18.4252u 
  650.00000m   22.7455u 
  700.00000m   26.9489u 
  750.00000m   31.0069u 
  800.00000m   34.9050u 
  850.00000m   38.6354u 
  900.00000m   42.1940u 
  950.00000m   45.5796u 
    1.00000    48.7923u 
y
 vth0_value= 251.0909m
 u0_param=  49.1624m
 ags_param= 406.2356m
 
   *** monte carlo  index = 648 ***
x

 volt         param     
             i_d_0.2    
    0.         72.0789p 
   50.00000m  372.4580p 
  100.00000m    1.8710n 
  150.00000m    8.8846n 
  200.00000m   38.4964n 
  250.00000m  148.3910n 
  300.00000m  501.7757n 
  350.00000m    1.4319u 
  400.00000m    3.3199u 
  450.00000m    6.3101u 
  500.00000m   10.1846u 
  550.00000m   14.4958u 
  600.00000m   18.8995u 
  650.00000m   23.2439u 
  700.00000m   27.4683u 
  750.00000m   31.5452u 
  800.00000m   35.4608u 
  850.00000m   39.2074u 
  900.00000m   42.7812u 
  950.00000m   46.1809u 
    1.00000    49.4068u 
y
 vth0_value= 247.1181m
 u0_param=  49.3762m
 ags_param= 407.8869m
 
   *** monte carlo  index = 649 ***
x

 volt         param     
             i_d_0.2    
    0.         72.4969p 
   50.00000m  374.7040p 
  100.00000m    1.8831n 
  150.00000m    8.9487n 
  200.00000m   38.8165n 
  250.00000m  149.8045n 
  300.00000m  507.2363n 
  350.00000m    1.4500u 
  400.00000m    3.3683u 
  450.00000m    6.4122u 
  500.00000m   10.3623u 
  550.00000m   14.7629u 
  600.00000m   19.2602u 
  650.00000m   23.6975u 
  700.00000m   28.0121u 
  750.00000m   32.1761u 
  800.00000m   36.1750u 
  850.00000m   40.0012u 
  900.00000m   43.6507u 
  950.00000m   47.1223u 
    1.00000    50.4162u 
y
 vth0_value= 247.6337m
 u0_param=  50.4633m
 ags_param= 416.5906m
 
   *** monte carlo  index = 650 ***
x

 volt         param     
             i_d_0.2    
    0.         43.9441p 
   50.00000m  227.9878p 
  100.00000m    1.1574n 
  150.00000m    5.6052n 
  200.00000m   25.0227n 
  250.00000m   99.8900n 
  300.00000m  351.5956n 
  350.00000m    1.0590u 
  400.00000m    2.6095u 
  450.00000m    5.2341u 
  500.00000m    8.8189u 
  550.00000m   12.9582u 
  600.00000m   17.2590u 
  650.00000m   21.5280u 
  700.00000m   25.6892u 
  750.00000m   29.7099u 
  800.00000m   33.5739u 
  850.00000m   37.2729u 
  900.00000m   40.8027u 
  950.00000m   44.1615u 
    1.00000    47.3497u 
y
 vth0_value= 261.5109m
 u0_param=  48.7567m
 ags_param= 408.8823m
 
   *** monte carlo  index = 651 ***
x

 volt         param     
             i_d_0.2    
    0.         70.3629p 
   50.00000m  363.8140p 
  100.00000m    1.8299n 
  150.00000m    8.7101n 
  200.00000m   37.8695n 
  250.00000m  146.5387n 
  300.00000m  497.7147n 
  350.00000m    1.4287u 
  400.00000m    3.3338u 
  450.00000m    6.3711u 
  500.00000m   10.3276u 
  550.00000m   14.7468u 
  600.00000m   19.2682u 
  650.00000m   23.7310u 
  700.00000m   28.0712u 
  750.00000m   32.2600u 
  800.00000m   36.2828u 
  850.00000m   40.1319u 
  900.00000m   43.8034u 
  950.00000m   47.2958u 
    1.00000    50.6096u 
y
 vth0_value= 248.7249m
 u0_param=  50.7802m
 ags_param= 415.8252m
 
   *** monte carlo  index = 652 ***
x

 volt         param     
             i_d_0.2    
    0.         96.4714p 
   50.00000m  496.8224p 
  100.00000m    2.4768n 
  150.00000m   11.6029n 
  200.00000m   49.3082n 
  250.00000m  185.9699n 
  300.00000m  612.6167n 
  350.00000m    1.6884u 
  400.00000m    3.7734u 
  450.00000m    6.9510u 
  500.00000m   10.9451u 
  550.00000m   15.3028u 
  600.00000m   19.7171u 
  650.00000m   24.0591u 
  700.00000m   28.2761u 
  750.00000m   32.3437u 
  800.00000m   36.2490u 
  850.00000m   39.9849u 
  900.00000m   43.5479u 
  950.00000m   46.9366u 
    1.00000    50.1516u 
y
 vth0_value= 238.2870m
 u0_param=  49.2101m
 ags_param= 418.9934m
 
   *** monte carlo  index = 653 ***
x

 volt         param     
             i_d_0.2    
    0.         40.0831p 
   50.00000m  208.0755p 
  100.00000m    1.0582n 
  150.00000m    5.1430n 
  200.00000m   23.0868n 
  250.00000m   92.7869n 
  300.00000m  329.0613n 
  350.00000m    1.0012u 
  400.00000m    2.4965u 
  450.00000m    5.0620u 
  500.00000m    8.6040u 
  550.00000m   12.7261u 
  600.00000m   17.0259u 
  650.00000m   21.2999u 
  700.00000m   25.4683u 
  750.00000m   29.4967u 
  800.00000m   33.3687u 
  850.00000m   37.0757u 
  900.00000m   40.6133u 
  950.00000m   43.9797u 
    1.00000    47.1753u 
y
 vth0_value= 264.3303m
 u0_param=  48.8674m
 ags_param= 424.1380m
 
   *** monte carlo  index = 654 ***
x

 volt         param     
             i_d_0.2    
    0.         48.0468p 
   50.00000m  249.1357p 
  100.00000m    1.2626n 
  150.00000m    6.0951n 
  200.00000m   27.0729n 
  250.00000m  107.4197n 
  300.00000m  375.5275n 
  350.00000m    1.1208u 
  400.00000m    2.7323u 
  450.00000m    5.4278u 
  500.00000m    9.0745u 
  550.00000m   13.2563u 
  600.00000m   17.5867u 
  650.00000m   21.8800u 
  700.00000m   26.0627u 
  750.00000m   30.1032u 
  800.00000m   33.9859u 
  850.00000m   37.7024u 
  900.00000m   41.2485u 
  950.00000m   44.6228u 
    1.00000    47.8253u 
y
 vth0_value= 258.9920m
 u0_param=  48.9863m
 ags_param= 421.0008m
 
   *** monte carlo  index = 655 ***
x

 volt         param     
             i_d_0.2    
    0.        100.6905p 
   50.00000m  518.3802p 
  100.00000m    2.5823n 
  150.00000m   12.0808n 
  200.00000m   51.2418n 
  250.00000m  192.8509n 
  300.00000m  633.5941n 
  350.00000m    1.7400u 
  400.00000m    3.8747u 
  450.00000m    7.1154u 
  500.00000m   11.1770u 
  550.00000m   15.6003u 
  600.00000m   20.0781u 
  650.00000m   24.4810u 
  700.00000m   28.7567u 
  750.00000m   32.8803u 
  800.00000m   36.8392u 
  850.00000m   40.6261u 
  900.00000m   44.2375u 
  950.00000m   47.6722u 
    1.00000    50.9305u 
y
 vth0_value= 237.4499m
 u0_param=  49.9061m
 ags_param= 418.5753m
 
   *** monte carlo  index = 656 ***
x

 volt         param     
             i_d_0.2    
    0.         65.5995p 
   50.00000m  339.3312p 
  100.00000m    1.7087n 
  150.00000m    8.1506n 
  200.00000m   35.5492n 
  250.00000m  138.0657n 
  300.00000m  470.9781n 
  350.00000m    1.3599u 
  400.00000m    3.1939u 
  450.00000m    6.1386u 
  500.00000m    9.9957u 
  550.00000m   14.3194u 
  600.00000m   18.7502u 
  650.00000m   23.1262u 
  700.00000m   27.3832u 
  750.00000m   31.4925u 
  800.00000m   35.4395u 
  850.00000m   39.2164u 
  900.00000m   42.8193u 
  950.00000m   46.2467u 
    1.00000    49.4991u 
y
 vth0_value= 250.2008m
 u0_param=  49.7931m
 ags_param= 419.6939m
 
   *** monte carlo  index = 657 ***
x

 volt         param     
             i_d_0.2    
    0.         29.6437p 
   50.00000m  154.0603p 
  100.00000m  787.5389p 
  150.00000m    3.8663n 
  200.00000m   17.6429n 
  250.00000m   72.3847n 
  300.00000m  262.6148n 
  350.00000m  823.4339n 
  400.00000m    2.1298u 
  450.00000m    4.4689u 
  500.00000m    7.8103u 
  550.00000m   11.8002u 
  600.00000m   16.0183u 
  650.00000m   20.2322u 
  700.00000m   24.3496u 
  750.00000m   28.3323u 
  800.00000m   32.1621u 
  850.00000m   35.8299u 
  900.00000m   39.3310u 
  950.00000m   42.6634u 
    1.00000    45.8273u 
y
 vth0_value= 273.0164m
 u0_param=  48.3573m
 ags_param= 410.3277m
 
   *** monte carlo  index = 658 ***
x

 volt         param     
             i_d_0.2    
    0.         72.0342p 
   50.00000m  372.2735p 
  100.00000m    1.8705n 
  150.00000m    8.8864n 
  200.00000m   38.5286n 
  250.00000m  148.6210n 
  300.00000m  502.9607n 
  350.00000m    1.4368u 
  400.00000m    3.3352u 
  450.00000m    6.3452u 
  500.00000m   10.2491u 
  550.00000m   14.5962u 
  600.00000m   19.0378u 
  650.00000m   23.4200u 
  700.00000m   27.6811u 
  750.00000m   31.7936u 
  800.00000m   35.7432u 
  850.00000m   39.5223u 
  900.00000m   43.1270u 
  950.00000m   46.5560u 
    1.00000    49.8097u 
y
 vth0_value= 247.4198m
 u0_param=  49.8203m
 ags_param= 409.0282m
 
   *** monte carlo  index = 659 ***
x

 volt         param     
             i_d_0.2    
    0.         53.9581p 
   50.00000m  279.5728p 
  100.00000m    1.4138n 
  150.00000m    6.7963n 
  200.00000m   29.9939n 
  250.00000m  118.1022n 
  300.00000m  409.3005n 
  350.00000m    1.2073u 
  400.00000m    2.9040u 
  450.00000m    5.6999u 
  500.00000m    9.4381u 
  550.00000m   13.6888u 
  600.00000m   18.0731u 
  650.00000m   22.4134u 
  700.00000m   26.6396u 
  750.00000m   30.7209u 
  800.00000m   34.6421u 
  850.00000m   38.3950u 
  900.00000m   41.9755u 
  950.00000m   45.3821u 
    1.00000    48.6151u 
y
 vth0_value= 255.8371m
 u0_param=  49.4738m
 ags_param= 429.8986m
 
   *** monte carlo  index = 660 ***
x

 volt         param     
             i_d_0.2    
    0.         31.1788p 
   50.00000m  161.9646p 
  100.00000m  826.7226p 
  150.00000m    4.0469n 
  200.00000m   18.3803n 
  250.00000m   74.9597n 
  300.00000m  270.1994n 
  350.00000m  840.1265n 
  400.00000m    2.1506u 
  450.00000m    4.4690u 
  500.00000m    7.7490u 
  550.00000m   11.6360u 
  600.00000m   15.7281u 
  650.00000m   19.8100u 
  700.00000m   23.7965u 
  750.00000m   27.6519u 
  800.00000m   31.3593u 
  850.00000m   34.9098u 
  900.00000m   38.2989u 
  950.00000m   41.5249u 
    1.00000    44.5878u 
y
 vth0_value= 270.4474m
 u0_param=  46.7603m
 ags_param= 422.8754m
 
   *** monte carlo  index = 661 ***
x

 volt         param     
             i_d_0.2    
    0.         14.9634p 
   50.00000m   77.6967p 
  100.00000m  400.8453p 
  150.00000m    2.0066n 
  200.00000m    9.4695n 
  250.00000m   40.6619n 
  300.00000m  155.1360n 
  350.00000m  518.1493n 
  400.00000m    1.4542u 
  450.00000m    3.3116u 
  500.00000m    6.1968u 
  550.00000m    9.8749u 
  600.00000m   13.9183u 
  650.00000m   18.0207u 
  700.00000m   22.0520u 
  750.00000m   25.9607u 
  800.00000m   29.7243u 
  850.00000m   33.3315u 
  900.00000m   36.7767u 
  950.00000m   40.0577u 
    1.00000    43.1743u 
y
 vth0_value= 292.9814m
 u0_param=  47.5846m
 ags_param= 413.2188m
 
   *** monte carlo  index = 662 ***
x

 volt         param     
             i_d_0.2    
    0.         51.0688p 
   50.00000m  264.7351p 
  100.00000m    1.3405n 
  150.00000m    6.4598n 
  200.00000m   28.6157n 
  250.00000m  113.1755n 
  300.00000m  394.1914n 
  350.00000m    1.1706u 
  400.00000m    2.8373u 
  450.00000m    5.6070u 
  500.00000m    9.3349u 
  550.00000m   13.5944u 
  600.00000m   17.9980u 
  650.00000m   22.3609u 
  700.00000m   26.6103u 
  750.00000m   30.7146u 
  800.00000m   34.6581u 
  850.00000m   38.4325u 
  900.00000m   42.0336u 
  950.00000m   45.4600u 
    1.00000    48.7118u 
y
 vth0_value= 257.6732m
 u0_param=  49.7749m
 ags_param= 414.8361m
 
   *** monte carlo  index = 663 ***
x

 volt         param     
             i_d_0.2    
    0.         80.8417p 
   50.00000m  417.2839p 
  100.00000m    2.0908n 
  150.00000m    9.8824n 
  200.00000m   42.5316n 
  250.00000m  162.6936n 
  300.00000m  545.1497n 
  350.00000m    1.5368u 
  400.00000m    3.5167u 
  450.00000m    6.6092u 
  500.00000m   10.5724u 
  550.00000m   14.9507u 
  600.00000m   19.4091u 
  650.00000m   23.8023u 
  700.00000m   28.0721u 
  750.00000m   32.1918u 
  800.00000m   36.1479u 
  850.00000m   39.9329u 
  900.00000m   43.5429u 
  950.00000m   46.9767u 
    1.00000    50.2347u 
y
 vth0_value= 244.0125m
 u0_param=  49.8889m
 ags_param= 428.4934m
 
   *** monte carlo  index = 664 ***
x

 volt         param     
             i_d_0.2    
    0.         68.5890p 
   50.00000m  354.5972p 
  100.00000m    1.7833n 
  150.00000m    8.4863n 
  200.00000m   36.8853n 
  250.00000m  142.6880n 
  300.00000m  484.5173n 
  350.00000m    1.3905u 
  400.00000m    3.2437u 
  450.00000m    6.1981u 
  500.00000m   10.0460u 
  550.00000m   14.3423u 
  600.00000m   18.7373u 
  650.00000m   23.0754u 
  700.00000m   27.2945u 
  750.00000m   31.3669u 
  800.00000m   35.2782u 
  850.00000m   39.0210u 
  900.00000m   42.5913u 
  950.00000m   45.9876u 
    1.00000    49.2105u 
y
 vth0_value= 248.5664m
 u0_param=  49.3199m
 ags_param= 434.2371m
 
   *** monte carlo  index = 665 ***
x

 volt         param     
             i_d_0.2    
    0.         58.0658p 
   50.00000m  300.6535p 
  100.00000m    1.5178n 
  150.00000m    7.2730n 
  200.00000m   31.9422n 
  250.00000m  125.0595n 
  300.00000m  430.6060n 
  350.00000m    1.2591u 
  400.00000m    2.9988u 
  450.00000m    5.8347u 
  500.00000m    9.5942u 
  550.00000m   13.8434u 
  600.00000m   18.2142u 
  650.00000m   22.5369u 
  700.00000m   26.7443u 
  750.00000m   30.8069u 
  800.00000m   34.7097u 
  850.00000m   38.4448u 
  900.00000m   42.0082u 
  950.00000m   45.3984u 
    1.00000    48.6158u 
y
 vth0_value= 253.4903m
 u0_param=  49.2331m
 ags_param= 403.6158m
 
   *** monte carlo  index = 666 ***
x

 volt         param     
             i_d_0.2    
    0.         57.6146p 
   50.00000m  298.3629p 
  100.00000m    1.5067n 
  150.00000m    7.2246n 
  200.00000m   31.7597n 
  250.00000m  124.4814n 
  300.00000m  429.1471n 
  350.00000m    1.2569u 
  400.00000m    2.9992u 
  450.00000m    5.8449u 
  500.00000m    9.6235u 
  550.00000m   13.8991u 
  600.00000m   18.2993u 
  650.00000m   22.6517u 
  700.00000m   26.8884u 
  750.00000m   30.9792u 
  800.00000m   34.9091u 
  850.00000m   38.6701u 
  900.00000m   42.2582u 
  950.00000m   45.6719u 
    1.00000    48.9115u 
y
 vth0_value= 253.9476m
 u0_param=  49.5837m
 ags_param= 419.4819m
 
   *** monte carlo  index = 667 ***
x

 volt         param     
             i_d_0.2    
    0.         81.0618p 
   50.00000m  418.2814p 
  100.00000m    2.0944n 
  150.00000m    9.8881n 
  200.00000m   42.4861n 
  250.00000m  162.2259n 
  300.00000m  542.4438n 
  350.00000m    1.5249u 
  400.00000m    3.4795u 
  450.00000m    6.5233u 
  500.00000m   10.4150u 
  550.00000m   14.7069u 
  600.00000m   19.0743u 
  650.00000m   23.3770u 
  700.00000m   27.5586u 
  750.00000m   31.5935u 
  800.00000m   35.4682u 
  850.00000m   39.1755u 
  900.00000m   42.7115u 
  950.00000m   46.0751u 
    1.00000    49.2665u 
y
 vth0_value= 243.2509m
 u0_param=  48.8285m
 ags_param= 419.7367m
 
   *** monte carlo  index = 668 ***
x

 volt         param     
             i_d_0.2    
    0.         62.1270p 
   50.00000m  321.4675p 
  100.00000m    1.6202n 
  150.00000m    7.7403n 
  200.00000m   33.8401n 
  250.00000m  131.7930n 
  300.00000m  451.0520n 
  350.00000m    1.3082u 
  400.00000m    3.0876u 
  450.00000m    5.9600u 
  500.00000m    9.7383u 
  550.00000m   13.9855u 
  600.00000m   18.3433u 
  650.00000m   22.6494u 
  700.00000m   26.8392u 
  750.00000m   30.8841u 
  800.00000m   34.7697u 
  850.00000m   38.4882u 
  900.00000m   42.0355u 
  950.00000m   45.4104u 
    1.00000    48.6130u 
y
 vth0_value= 251.3166m
 u0_param=  48.9956m
 ags_param= 427.1036m
 
   *** monte carlo  index = 669 ***
x

 volt         param     
             i_d_0.2    
    0.         53.1573p 
   50.00000m  275.5155p 
  100.00000m    1.3943n 
  150.00000m    6.7118n 
  200.00000m   29.6826n 
  250.00000m  117.1606n 
  300.00000m  407.1336n 
  350.00000m    1.2053u 
  400.00000m    2.9109u 
  450.00000m    5.7337u 
  500.00000m    9.5211u 
  550.00000m   13.8392u 
  600.00000m   18.2987u 
  650.00000m   22.7152u 
  700.00000m   27.0161u 
  750.00000m   31.1697u 
  800.00000m   35.1602u 
  850.00000m   38.9794u 
  900.00000m   42.6231u 
  950.00000m   46.0897u 
    1.00000    49.3796u 
y
 vth0_value= 256.8597m
 u0_param=  50.3848m
 ags_param= 418.1038m
 
   *** monte carlo  index = 670 ***
x

 volt         param     
             i_d_0.2    
    0.         97.7032p 
   50.00000m  503.1982p 
  100.00000m    2.5088n 
  150.00000m   11.7544n 
  200.00000m   49.9611n 
  250.00000m  188.4640n 
  300.00000m  620.9318n 
  350.00000m    1.7116u 
  400.00000m    3.8260u 
  450.00000m    7.0486u 
  500.00000m   11.1000u 
  550.00000m   15.5208u 
  600.00000m   19.9995u 
  650.00000m   24.4046u 
  700.00000m   28.6827u 
  750.00000m   32.8091u 
  800.00000m   36.7706u 
  850.00000m   40.5602u 
  900.00000m   44.1742u 
  950.00000m   47.6114u 
    1.00000    50.8722u 
y
 vth0_value= 238.3753m
 u0_param=  49.9429m
 ags_param= 423.9620m
 
   *** monte carlo  index = 671 ***
x

 volt         param     
             i_d_0.2    
    0.        130.2111p 
   50.00000m  668.0513p 
  100.00000m    3.3037n 
  150.00000m   15.2619n 
  200.00000m   63.6318n 
  250.00000m  234.9889n 
  300.00000m  753.9604n 
  350.00000m    2.0079u 
  400.00000m    4.3348u 
  450.00000m    7.7577u 
  500.00000m   11.9429u 
  550.00000m   16.4339u 
  600.00000m   20.9533u 
  650.00000m   25.3877u 
  700.00000m   29.6900u 
  750.00000m   33.8376u 
  800.00000m   37.8182u 
  850.00000m   41.6252u 
  900.00000m   45.2551u 
  950.00000m   48.7068u 
    1.00000    51.9809u 
y
 vth0_value= 229.9058m
 u0_param=  50.1643m
 ags_param= 429.7909m
 
   *** monte carlo  index = 672 ***
x

 volt         param     
             i_d_0.2    
    0.         77.3906p 
   50.00000m  399.6480p 
  100.00000m    2.0045n 
  150.00000m    9.4921n 
  200.00000m   40.9613n 
  250.00000m  157.1631n 
  300.00000m  528.5275n 
  350.00000m    1.4971u 
  400.00000m    3.4438u 
  450.00000m    6.5009u 
  500.00000m   10.4358u 
  550.00000m   14.7950u 
  600.00000m   19.2391u 
  650.00000m   23.6203u 
  700.00000m   27.8791u 
  750.00000m   31.9887u 
  800.00000m   35.9353u 
  850.00000m   39.7112u 
  900.00000m   43.3128u 
  950.00000m   46.7386u 
    1.00000    49.9892u 
y
 vth0_value= 245.2410m
 u0_param=  49.7679m
 ags_param= 429.7995m
 
   *** monte carlo  index = 673 ***
x

 volt         param     
             i_d_0.2    
    0.         65.5745p 
   50.00000m  339.1298p 
  100.00000m    1.7070n 
  150.00000m    8.1363n 
  200.00000m   35.4481n 
  250.00000m  137.5046n 
  300.00000m  468.4208n 
  350.00000m    1.3501u 
  400.00000m    3.1646u 
  450.00000m    6.0721u 
  500.00000m    9.8741u 
  550.00000m   14.1308u 
  600.00000m   18.4906u 
  650.00000m   22.7958u 
  700.00000m   26.9838u 
  750.00000m   31.0265u 
  800.00000m   34.9097u 
  850.00000m   38.6257u 
  900.00000m   42.1706u 
  950.00000m   45.5429u 
    1.00000    48.7431u 
y
 vth0_value= 249.6789m
 u0_param=  48.9601m
 ags_param= 421.3018m
 
   *** monte carlo  index = 674 ***
x

 volt         param     
             i_d_0.2    
    0.         62.3077p 
   50.00000m  322.4133p 
  100.00000m    1.6250n 
  150.00000m    7.7642n 
  200.00000m   33.9493n 
  250.00000m  132.2379n 
  300.00000m  452.6460n 
  350.00000m    1.3131u 
  400.00000m    3.0998u 
  450.00000m    5.9846u 
  500.00000m    9.7800u 
  550.00000m   14.0470u 
  600.00000m   18.4255u 
  650.00000m   22.7519u 
  700.00000m   26.9616u 
  750.00000m   31.0257u 
  800.00000m   34.9296u 
  850.00000m   38.6656u 
  900.00000m   42.2296u 
  950.00000m   45.6202u 
    1.00000    48.8378u 
y
 vth0_value= 251.3832m
 u0_param=  49.2340m
 ags_param= 428.5135m
 
   *** monte carlo  index = 675 ***
x

 volt         param     
             i_d_0.2    
    0.         69.9047p 
   50.00000m  361.4685p 
  100.00000m    1.8184n 
  150.00000m    8.6577n 
  200.00000m   37.6572n 
  250.00000m  145.7866n 
  300.00000m  495.4379n 
  350.00000m    1.4233u 
  400.00000m    3.3238u 
  450.00000m    6.3566u 
  500.00000m   10.3100u 
  550.00000m   14.7277u 
  600.00000m   19.2484u 
  650.00000m   23.7109u 
  700.00000m   28.0509u 
  750.00000m   32.2395u 
  800.00000m   36.2622u 
  850.00000m   40.1113u 
  900.00000m   43.7827u 
  950.00000m   47.2750u 
    1.00000    50.5888u 
y
 vth0_value= 248.9180m
 u0_param=  50.7767m
 ags_param= 426.4526m
 
   *** monte carlo  index = 676 ***
x

 volt         param     
             i_d_0.2    
    0.         25.8404p 
   50.00000m  134.3354p 
  100.00000m  688.2478p 
  150.00000m    3.3942n 
  200.00000m   15.6063n 
  250.00000m   64.6621n 
  300.00000m  237.1381n 
  350.00000m  753.9917n 
  400.00000m    1.9846u 
  450.00000m    4.2349u 
  500.00000m    7.5042u 
  550.00000m   11.4594u 
  600.00000m   15.6712u 
  650.00000m   19.8905u 
  700.00000m   24.0173u 
  750.00000m   28.0107u 
  800.00000m   31.8518u 
  850.00000m   35.5309u 
  900.00000m   39.0430u 
  950.00000m   42.3863u 
    1.00000    45.5608u 
y
 vth0_value= 277.2286m
 u0_param=  48.5210m
 ags_param= 406.0832m
 
   *** monte carlo  index = 677 ***
x

 volt         param     
             i_d_0.2    
    0.         24.4366p 
   50.00000m  127.0391p 
  100.00000m  651.3593p 
  150.00000m    3.2173n 
  200.00000m   14.8324n 
  250.00000m   61.6719n 
  300.00000m  227.0471n 
  350.00000m  725.4952n 
  400.00000m    1.9217u 
  450.00000m    4.1260u 
  500.00000m    7.3485u 
  550.00000m   11.2659u 
  600.00000m   15.4490u 
  650.00000m   19.6439u 
  700.00000m   23.7485u 
  750.00000m   27.7213u 
  800.00000m   31.5429u 
  850.00000m   35.2035u 
  900.00000m   38.6982u 
  950.00000m   42.0251u 
    1.00000    45.1842u 
y
 vth0_value= 278.7406m
 u0_param=  48.2770m
 ags_param= 394.5716m
 
   *** monte carlo  index = 678 ***
x

 volt         param     
             i_d_0.2    
    0.         86.2070p 
   50.00000m  444.6696p 
  100.00000m    2.2245n 
  150.00000m   10.4847n 
  200.00000m   44.9411n 
  250.00000m  171.1277n 
  300.00000m  570.2756n 
  350.00000m    1.5959u 
  400.00000m    3.6238u 
  450.00000m    6.7655u 
  500.00000m   10.7663u 
  550.00000m   15.1678u 
  600.00000m   19.6419u 
  650.00000m   24.0480u 
  700.00000m   28.3292u 
  750.00000m   32.4594u 
  800.00000m   36.4252u 
  850.00000m   40.2193u 
  900.00000m   43.8378u 
  950.00000m   47.2795u 
    1.00000    50.5449u 
y
 vth0_value= 242.1677m
 u0_param=  50.0126m
 ags_param= 417.7486m
 
   *** monte carlo  index = 679 ***
x

 volt         param     
             i_d_0.2    
    0.         70.0252p 
   50.00000m  362.0507p 
  100.00000m    1.8209n 
  150.00000m    8.6661n 
  200.00000m   37.6713n 
  250.00000m  145.7425n 
  300.00000m  494.9070n 
  350.00000m    1.4203u 
  400.00000m    3.3131u 
  450.00000m    6.3302u 
  500.00000m   10.2595u 
  550.00000m   14.6474u 
  600.00000m   19.1364u 
  650.00000m   23.5671u 
  700.00000m   27.8762u 
  750.00000m   32.0350u 
  800.00000m   36.0291u 
  850.00000m   39.8509u 
  900.00000m   43.4963u 
  950.00000m   46.9640u 
    1.00000    50.2544u 
y
 vth0_value= 248.6347m
 u0_param=  50.4054m
 ags_param= 413.1290m
 
   *** monte carlo  index = 680 ***
x

 volt         param     
             i_d_0.2    
    0.         85.7299p 
   50.00000m  442.1362p 
  100.00000m    2.2112n 
  150.00000m   10.4164n 
  200.00000m   44.6162n 
  250.00000m  169.7579n 
  300.00000m  565.2082n 
  350.00000m    1.5799u 
  400.00000m    3.5832u 
  450.00000m    6.6832u 
  500.00000m   10.6269u 
  550.00000m   14.9625u 
  600.00000m   19.3684u 
  650.00000m   23.7070u 
  700.00000m   27.9226u 
  750.00000m   31.9897u 
  800.00000m   35.8951u 
  850.00000m   39.6314u 
  900.00000m   43.1951u 
  950.00000m   46.5847u 
    1.00000    49.8008u 
y
 vth0_value= 241.8305m
 u0_param=  49.2239m
 ags_param= 415.1667m
 
   *** monte carlo  index = 681 ***
x

 volt         param     
             i_d_0.2    
    0.         24.5475p 
   50.00000m  127.6047p 
  100.00000m  654.0989p 
  150.00000m    3.2293n 
  200.00000m   14.8756n 
  250.00000m   61.7867n 
  300.00000m  227.2135n 
  350.00000m  725.0055n 
  400.00000m    1.9170u 
  450.00000m    4.1088u 
  500.00000m    7.3077u 
  550.00000m   11.1910u 
  600.00000m   15.3341u 
  650.00000m   19.4876u 
  700.00000m   23.5513u 
  750.00000m   27.4844u 
  800.00000m   31.2678u 
  850.00000m   34.8920u 
  900.00000m   38.3519u 
  950.00000m   41.6457u 
    1.00000    44.7734u 
y
 vth0_value= 278.2781m
 u0_param=  47.7785m
 ags_param= 405.8241m
 
   *** monte carlo  index = 682 ***
x

 volt         param     
             i_d_0.2    
    0.         35.0954p 
   50.00000m  182.2244p 
  100.00000m  928.1926p 
  150.00000m    4.5249n 
  200.00000m   20.4139n 
  250.00000m   82.5556n 
  300.00000m  294.8334n 
  350.00000m  905.5510n 
  400.00000m    2.2838u 
  450.00000m    4.6799u 
  500.00000m    8.0232u 
  550.00000m   11.9437u 
  600.00000m   16.0486u 
  650.00000m   20.1349u 
  700.00000m   24.1228u 
  750.00000m   27.9783u 
  800.00000m   31.6851u 
  850.00000m   35.2346u 
  900.00000m   38.6225u 
  950.00000m   41.8471u 
    1.00000    44.9084u 
y
 vth0_value= 266.8970m
 u0_param=  46.7410m
 ags_param= 412.7188m
 
   *** monte carlo  index = 683 ***
x

 volt         param     
             i_d_0.2    
    0.         68.8970p 
   50.00000m  356.2407p 
  100.00000m    1.7921n 
  150.00000m    8.5319n 
  200.00000m   37.1082n 
  250.00000m  143.6571n 
  300.00000m  488.2077n 
  350.00000m    1.4026u 
  400.00000m    3.2757u 
  450.00000m    6.2652u 
  500.00000m   10.1624u 
  550.00000m   14.5172u 
  600.00000m   18.9736u 
  650.00000m   23.3726u 
  700.00000m   27.6510u 
  750.00000m   31.7805u 
  800.00000m   35.7466u 
  850.00000m   39.5416u 
  900.00000m   43.1616u 
  950.00000m   46.6052u 
    1.00000    49.8728u 
y
 vth0_value= 248.8888m
 u0_param=  50.0371m
 ags_param= 423.3997m
 
   *** monte carlo  index = 684 ***
x

 volt         param     
             i_d_0.2    
    0.         38.9217p 
   50.00000m  202.0347p 
  100.00000m    1.0276n 
  150.00000m    4.9955n 
  200.00000m   22.4342n 
  250.00000m   90.2133n 
  300.00000m  320.1471n 
  350.00000m  974.9892n 
  400.00000m    2.4340u 
  450.00000m    4.9406u 
  500.00000m    8.4052u 
  550.00000m   12.4401u 
  600.00000m   16.6501u 
  650.00000m   20.8356u 
  700.00000m   24.9180u 
  750.00000m   28.8638u 
  800.00000m   32.6566u 
  850.00000m   36.2880u 
  900.00000m   39.7537u 
  950.00000m   43.0519u 
    1.00000    46.1828u 
y
 vth0_value= 264.5395m
 u0_param=  47.8416m
 ags_param= 422.4536m
 
   *** monte carlo  index = 685 ***
x

 volt         param     
             i_d_0.2    
    0.         92.4517p 
   50.00000m  476.5895p 
  100.00000m    2.3808n 
  150.00000m   11.1930n 
  200.00000m   47.8046n 
  250.00000m  181.2917n 
  300.00000m  601.1540n 
  350.00000m    1.6712u 
  400.00000m    3.7684u 
  450.00000m    6.9939u 
  500.00000m   11.0779u 
  550.00000m   15.5549u 
  600.00000m   20.0991u 
  650.00000m   24.5716u 
  700.00000m   28.9161u 
  750.00000m   33.1069u 
  800.00000m   37.1303u 
  850.00000m   40.9792u 
  900.00000m   44.6497u 
  950.00000m   48.1406u 
    1.00000    51.4525u 
y
 vth0_value= 240.5448m
 u0_param=  50.7621m
 ags_param= 412.9530m
 
   *** monte carlo  index = 686 ***
x

 volt         param     
             i_d_0.2    
    0.         84.5508p 
   50.00000m  436.3861p 
  100.00000m    2.1857n 
  150.00000m   10.3243n 
  200.00000m   44.3902n 
  250.00000m  169.6068n 
  300.00000m  567.4741n 
  350.00000m    1.5965u 
  400.00000m    3.6452u 
  450.00000m    6.8374u 
  500.00000m   10.9210u 
  550.00000m   15.4277u 
  600.00000m   20.0147u 
  650.00000m   24.5337u 
  700.00000m   28.9251u 
  750.00000m   33.1617u 
  800.00000m   37.2294u 
  850.00000m   41.1209u 
  900.00000m   44.8321u 
  950.00000m   48.3619u 
    1.00000    51.7107u 
y
 vth0_value= 243.5825m
 u0_param=  51.3496m
 ags_param= 424.0816m
 
   *** monte carlo  index = 687 ***
x

 volt         param     
             i_d_0.2    
    0.         70.8415p 
   50.00000m  366.0614p 
  100.00000m    1.8390n 
  150.00000m    8.7336n 
  200.00000m   37.8489n 
  250.00000m  145.9295n 
  300.00000m  493.6123n 
  350.00000m    1.4092u 
  400.00000m    3.2691u 
  450.00000m    6.2166u 
  500.00000m   10.0374u 
  550.00000m   14.2898u 
  600.00000m   18.6338u 
  650.00000m   22.9195u 
  700.00000m   27.0871u 
  750.00000m   31.1094u 
  800.00000m   34.9728u 
  850.00000m   38.6695u 
  900.00000m   42.1960u 
  950.00000m   45.5506u 
    1.00000    48.7339u 
y
 vth0_value= 247.1969m
 u0_param=  48.6956m
 ags_param= 411.9696m
 
   *** monte carlo  index = 688 ***
x

 volt         param     
             i_d_0.2    
    0.         38.0026p 
   50.00000m  197.2803p 
  100.00000m    1.0038n 
  150.00000m    4.8831n 
  200.00000m   21.9541n 
  250.00000m   88.4050n 
  300.00000m  314.2169n 
  350.00000m  958.9207n 
  400.00000m    2.3998u 
  450.00000m    4.8825u 
  500.00000m    8.3218u 
  550.00000m   12.3339u 
  600.00000m   16.5237u 
  650.00000m   20.6903u 
  700.00000m   24.7548u 
  750.00000m   28.6835u 
  800.00000m   32.4602u 
  850.00000m   36.0762u 
  900.00000m   39.5272u 
  950.00000m   42.8116u 
    1.00000    45.9294u 
y
 vth0_value= 265.1161m
 u0_param=  47.6337m
 ags_param= 423.6502m
 
   *** monte carlo  index = 689 ***
x

 volt         param     
             i_d_0.2    
    0.         85.6673p 
   50.00000m  441.7992p 
  100.00000m    2.2093n 
  150.00000m   10.4068n 
  200.00000m   44.5682n 
  250.00000m  169.5486n 
  300.00000m  564.4109n 
  350.00000m    1.5773u 
  400.00000m    3.5765u 
  450.00000m    6.6694u 
  500.00000m   10.6033u 
  550.00000m   14.9275u 
  600.00000m   19.3215u 
  650.00000m   23.6482u 
  700.00000m   27.8523u 
  750.00000m   31.9084u 
  800.00000m   35.8031u 
  850.00000m   39.5294u 
  900.00000m   43.0834u 
  950.00000m   46.4638u 
    1.00000    49.6712u 
y
 vth0_value= 241.7619m
 u0_param=  49.0835m
 ags_param= 423.5898m
 
   *** monte carlo  index = 690 ***
x

 volt         param     
             i_d_0.2    
    0.        123.6446p 
   50.00000m  634.9600p 
  100.00000m    3.1461n 
  150.00000m   14.5817n 
  200.00000m   61.0639n 
  250.00000m  226.5885n 
  300.00000m  731.3992n 
  350.00000m    1.9629u 
  400.00000m    4.2701u 
  450.00000m    7.6901u 
  500.00000m   11.8973u 
  550.00000m   16.4281u 
  600.00000m   20.9941u 
  650.00000m   25.4764u 
  700.00000m   29.8259u 
  750.00000m   34.0192u 
  800.00000m   38.0439u 
  850.00000m   41.8930u 
  900.00000m   45.5632u 
  950.00000m   49.0532u 
    1.00000    52.3636u 
y
 vth0_value= 231.8264m
 u0_param=  50.7503m
 ags_param= 415.1682m
 
   *** monte carlo  index = 691 ***
x

 volt         param     
             i_d_0.2    
    0.         39.8488p 
   50.00000m  206.8969p 
  100.00000m    1.0527n 
  150.00000m    5.1199n 
  200.00000m   23.0119n 
  250.00000m   92.6246n 
  300.00000m  329.0179n 
  350.00000m    1.0032u 
  400.00000m    2.5078u 
  450.00000m    5.0964u 
  500.00000m    8.6782u 
  550.00000m   12.8540u 
  600.00000m   17.2138u 
  650.00000m   21.5489u 
  700.00000m   25.7771u 
  750.00000m   29.8635u 
  800.00000m   33.7911u 
  850.00000m   37.5512u 
  900.00000m   41.1394u 
  950.00000m   44.5540u 
    1.00000    47.7951u 
y
 vth0_value= 264.9707m
 u0_param=  49.5937m
 ags_param= 419.8952m
 
   *** monte carlo  index = 692 ***
x

 volt         param     
             i_d_0.2    
    0.         49.7120p 
   50.00000m  257.7546p 
  100.00000m    1.3059n 
  150.00000m    6.2998n 
  200.00000m   27.9532n 
  250.00000m  110.7736n 
  300.00000m  386.6858n 
  350.00000m    1.1518u 
  400.00000m    2.8013u 
  450.00000m    5.5528u 
  500.00000m    9.2677u 
  550.00000m   13.5215u 
  600.00000m   17.9238u 
  650.00000m   22.2870u 
  700.00000m   26.5374u 
  750.00000m   30.6429u 
  800.00000m   34.5876u 
  850.00000m   38.3634u 
  900.00000m   41.9658u 
  950.00000m   45.3934u 
    1.00000    48.6465u 
y
 vth0_value= 258.4904m
 u0_param=  49.7947m
 ags_param= 413.6202m
 
   *** monte carlo  index = 693 ***
x

 volt         param     
             i_d_0.2    
    0.         94.6752p 
   50.00000m  487.9815p 
  100.00000m    2.4368n 
  150.00000m   11.4492n 
  200.00000m   48.8545n 
  250.00000m  185.0818n 
  300.00000m  612.9314n 
  350.00000m    1.7010u 
  400.00000m    3.8287u 
  450.00000m    7.0946u 
  500.00000m   11.2238u 
  550.00000m   15.7465u 
  600.00000m   20.3352u 
  650.00000m   24.8509u 
  700.00000m   29.2370u 
  750.00000m   33.4675u 
  800.00000m   37.5290u 
  850.00000m   41.4141u 
  900.00000m   45.1191u 
  950.00000m   48.6427u 
    1.00000    51.9854u 
y
 vth0_value= 240.1423m
 u0_param=  51.2604m
 ags_param= 409.0844m
 
   *** monte carlo  index = 694 ***
x

 volt         param     
             i_d_0.2    
    0.        303.1975p 
   50.00000m    1.5335n 
  100.00000m    7.3747n 
  150.00000m   32.5624n 
  200.00000m  128.2921n 
  250.00000m  444.9392n 
  300.00000m    1.3139u 
  350.00000m    3.1647u 
  400.00000m    6.2200u 
  450.00000m   10.3142u 
  500.00000m   14.9845u 
  550.00000m   19.8169u 
  600.00000m   24.6141u 
  650.00000m   29.2966u 
  700.00000m   33.8288u 
  750.00000m   38.1922u 
  800.00000m   42.3764u 
  850.00000m   46.3752u 
  900.00000m   50.1858u 
  950.00000m   53.8073u 
    1.00000    57.2406u 
y
 vth0_value= 206.0771m
 u0_param=  52.7666m
 ags_param= 448.8847m
 
   *** monte carlo  index = 695 ***
x

 volt         param     
             i_d_0.2    
    0.         47.3916p 
   50.00000m  245.6736p 
  100.00000m    1.2445n 
  150.00000m    6.0031n 
  200.00000m   26.6322n 
  250.00000m  105.5251n 
  300.00000m  368.3668n 
  350.00000m    1.0973u 
  400.00000m    2.6695u 
  450.00000m    5.2931u 
  500.00000m    8.8364u 
  550.00000m   12.8933u 
  600.00000m   17.0912u 
  650.00000m   21.2522u 
  700.00000m   25.3061u 
  750.00000m   29.2223u 
  800.00000m   32.9858u 
  850.00000m   36.5885u 
  900.00000m   40.0263u 
  950.00000m   43.2977u 
    1.00000    46.4028u 
y
 vth0_value= 258.3882m
 u0_param=  47.4389m
 ags_param= 422.4655m
 
   *** monte carlo  index = 696 ***
x

 volt         param     
             i_d_0.2    
    0.         22.2609p 
   50.00000m  115.7080p 
  100.00000m  593.8237p 
  150.00000m    2.9391n 
  200.00000m   13.5970n 
  250.00000m   56.7996n 
  300.00000m  210.1974n 
  350.00000m  676.1567n 
  400.00000m    1.8064u 
  450.00000m    3.9118u 
  500.00000m    7.0166u 
  550.00000m   10.8159u 
  600.00000m   14.8881u 
  650.00000m   18.9777u 
  700.00000m   22.9816u 
  750.00000m   26.8580u 
  800.00000m   30.5877u 
  850.00000m   34.1607u 
  900.00000m   37.5722u 
  950.00000m   40.8202u 
    1.00000    43.9047u 
y
 vth0_value= 280.7463m
 u0_param=  47.0896m
 ags_param= 422.7732m
 
   *** monte carlo  index = 697 ***
x

 volt         param     
             i_d_0.2    
    0.         31.2349p 
   50.00000m  162.3201p 
  100.00000m  829.2003p 
  150.00000m    4.0652n 
  200.00000m   18.5084n 
  250.00000m   75.7136n 
  300.00000m  273.8033n 
  350.00000m  854.8682n 
  400.00000m    2.1994u 
  450.00000m    4.5918u 
  500.00000m    7.9920u 
  550.00000m   12.0366u 
  600.00000m   16.3037u 
  650.00000m   20.5633u 
  700.00000m   24.7239u 
  750.00000m   28.7478u 
  800.00000m   32.6168u 
  850.00000m   36.3219u 
  900.00000m   39.8583u 
  950.00000m   43.2242u 
    1.00000    46.4198u 
y
 vth0_value= 271.7775m
 u0_param=  48.8573m
 ags_param= 425.9434m
 
   *** monte carlo  index = 698 ***
x

 volt         param     
             i_d_0.2    
    0.         27.9516p 
   50.00000m  145.3105p 
  100.00000m  743.7674p 
  150.00000m    3.6607n 
  200.00000m   16.7759n 
  250.00000m   69.2048n 
  300.00000m  252.5737n 
  350.00000m  798.0456n 
  400.00000m    2.0839u 
  450.00000m    4.4127u 
  500.00000m    7.7697u 
  550.00000m   11.8069u 
  600.00000m   16.0919u 
  650.00000m   20.3790u 
  700.00000m   24.5701u 
  750.00000m   28.6247u 
  800.00000m   32.5241u 
  850.00000m   36.2585u 
  900.00000m   39.8232u 
  950.00000m   43.2162u 
    1.00000    46.4377u 
y
 vth0_value= 275.3617m
 u0_param=  49.2688m
 ags_param= 408.9144m
 
   *** monte carlo  index = 699 ***
x

 volt         param     
             i_d_0.2    
    0.         73.8264p 
   50.00000m  381.4381p 
  100.00000m    1.9154n 
  150.00000m    9.0898n 
  200.00000m   39.3478n 
  250.00000m  151.5067n 
  300.00000m  511.6369n 
  350.00000m    1.4574u 
  400.00000m    3.3726u 
  450.00000m    6.3995u 
  500.00000m   10.3151u 
  550.00000m   14.6674u 
  600.00000m   19.1111u 
  650.00000m   23.4940u 
  700.00000m   27.7555u 
  750.00000m   31.8680u 
  800.00000m   35.8175u 
  850.00000m   39.5965u 
  900.00000m   43.2010u 
  950.00000m   46.6298u 
    1.00000    49.8833u 
y
 vth0_value= 246.6809m
 u0_param=  49.8142m
 ags_param= 420.9032m
 
   *** monte carlo  index = 700 ***
x

 volt         param     
             i_d_0.2    
    0.         34.3965p 
   50.00000m  178.7069p 
  100.00000m  911.6097p 
  150.00000m    4.4565n 
  200.00000m   20.1951n 
  250.00000m   82.1233n 
  300.00000m  295.0349n 
  350.00000m  913.1903n 
  400.00000m    2.3245u 
  450.00000m    4.8042u 
  500.00000m    8.2931u 
  550.00000m   12.4119u 
  600.00000m   16.7399u 
  650.00000m   21.0538u 
  700.00000m   25.2650u 
  750.00000m   29.3367u 
  800.00000m   33.2511u 
  850.00000m   36.9991u 
  900.00000m   40.5762u 
  950.00000m   43.9805u 
    1.00000    47.2122u 
y
 vth0_value= 269.2690m
 u0_param=  49.4392m
 ags_param= 414.5169m
 
   *** monte carlo  index = 701 ***
x

 volt         param     
             i_d_0.2    
    0.        161.1723p 
   50.00000m  824.1028p 
  100.00000m    4.0475n 
  150.00000m   18.4829n 
  200.00000m   75.9030n 
  250.00000m  275.6981n 
  300.00000m  865.9182n 
  350.00000m    2.2448u 
  400.00000m    4.7213u 
  450.00000m    8.2699u 
  500.00000m   12.5218u 
  550.00000m   17.0322u 
  600.00000m   21.5514u 
  650.00000m   25.9785u 
  700.00000m   30.2709u 
  750.00000m   34.4074u 
  800.00000m   38.3767u 
  850.00000m   42.1723u 
  900.00000m   45.7909u 
  950.00000m   49.2314u 
    1.00000    52.4945u 
y
 vth0_value= 223.3920m
 u0_param=  49.9928m
 ags_param= 442.9677m
 
   *** monte carlo  index = 702 ***
x

 volt         param     
             i_d_0.2    
    0.         60.6487p 
   50.00000m  314.0051p 
  100.00000m    1.5846n 
  150.00000m    7.5881n 
  200.00000m   33.2907n 
  250.00000m  130.1731n 
  300.00000m  447.5221n 
  350.00000m    1.3058u 
  400.00000m    3.1024u 
  450.00000m    6.0232u 
  500.00000m    9.8868u 
  550.00000m   14.2480u 
  600.00000m   18.7312u 
  650.00000m   23.1639u 
  700.00000m   27.4777u 
  750.00000m   31.6424u 
  800.00000m   35.6430u 
  850.00000m   39.4713u 
  900.00000m   43.1233u 
  950.00000m   46.5976u 
    1.00000    49.8945u 
y
 vth0_value= 252.9942m
 u0_param=  50.5040m
 ags_param= 411.5903m
 
   *** monte carlo  index = 703 ***
x

 volt         param     
             i_d_0.2    
    0.         88.3159p 
   50.00000m  455.3102p 
  100.00000m    2.2752n 
  150.00000m   10.7031n 
  200.00000m   45.7520n 
  250.00000m  173.6894n 
  300.00000m  576.7363n 
  350.00000m    1.6063u 
  400.00000m    3.6295u 
  450.00000m    6.7480u 
  500.00000m   10.7031u 
  550.00000m   15.0424u 
  600.00000m   19.4484u 
  650.00000m   23.7857u 
  700.00000m   27.9997u 
  750.00000m   32.0649u 
  800.00000m   35.9684u 
  850.00000m   39.7028u 
  900.00000m   43.2646u 
  950.00000m   46.6523u 
    1.00000    49.8666u 
y
 vth0_value= 240.9210m
 u0_param=  49.1930m
 ags_param= 426.8074m
 
   *** monte carlo  index = 704 ***
x

 volt         param     
             i_d_0.2    
    0.         70.0590p 
   50.00000m  362.0050p 
  100.00000m    1.8185n 
  150.00000m    8.6363n 
  200.00000m   37.4259n 
  250.00000m  144.2953n 
  300.00000m  488.0895n 
  350.00000m    1.3935u 
  400.00000m    3.2329u 
  450.00000m    6.1481u 
  500.00000m    9.9273u 
  550.00000m   14.1332u 
  600.00000m   18.4297u 
  650.00000m   22.6686u 
  700.00000m   26.7908u 
  750.00000m   30.7694u 
  800.00000m   34.5909u 
  850.00000m   38.2478u 
  900.00000m   41.7363u 
  950.00000m   45.0549u 
    1.00000    48.2041u 
y
 vth0_value= 247.1734m
 u0_param=  48.1516m
 ags_param= 416.1673m
 
   *** monte carlo  index = 705 ***
x

 volt         param     
             i_d_0.2    
    0.         30.7228p 
   50.00000m  159.6693p 
  100.00000m  815.9100p 
  150.00000m    4.0025n 
  200.00000m   18.2412n 
  250.00000m   74.7166n 
  300.00000m  270.5766n 
  350.00000m  846.3363n 
  400.00000m    2.1824u 
  450.00000m    4.5660u 
  500.00000m    7.9608u 
  550.00000m   12.0057u 
  600.00000m   16.2770u 
  650.00000m   20.5422u 
  700.00000m   24.7089u 
  750.00000m   28.7388u 
  800.00000m   32.6138u 
  850.00000m   36.3246u 
  900.00000m   39.8665u 
  950.00000m   43.2377u 
    1.00000    46.4383u 
y
 vth0_value= 272.3249m
 u0_param=  48.9399m
 ags_param= 411.4679m
 
   *** monte carlo  index = 706 ***
x

 volt         param     
             i_d_0.2    
    0.         33.5880p 
   50.00000m  174.4571p 
  100.00000m  889.6065p 
  150.00000m    4.3461n 
  200.00000m   19.6747n 
  250.00000m   79.9075n 
  300.00000m  286.7126n 
  350.00000m  886.0392n 
  400.00000m    2.2512u 
  450.00000m    4.6450u 
  500.00000m    8.0078u 
  550.00000m   11.9721u 
  600.00000m   16.1343u 
  650.00000m   20.2818u 
  700.00000m   24.3308u 
  750.00000m   28.2458u 
  800.00000m   32.0100u 
  850.00000m   35.6146u 
  900.00000m   39.0550u 
  950.00000m   42.3296u 
    1.00000    45.4385u 
y
 vth0_value= 268.7133m
 u0_param=  47.4929m
 ags_param= 398.2687m
 
   *** monte carlo  index = 707 ***
x

 volt         param     
             i_d_0.2    
    0.         66.2337p 
   50.00000m  342.5245p 
  100.00000m    1.7239n 
  150.00000m    8.2148n 
  200.00000m   35.7773n 
  250.00000m  138.7237n 
  300.00000m  472.3351n 
  350.00000m    1.3604u 
  400.00000m    3.1864u 
  450.00000m    6.1096u 
  500.00000m    9.9299u 
  550.00000m   14.2053u 
  600.00000m   18.5835u 
  650.00000m   22.9067u 
  700.00000m   27.1119u 
  750.00000m   31.1712u 
  800.00000m   35.0703u 
  850.00000m   38.8014u 
  900.00000m   42.3606u 
  950.00000m   45.7466u 
    1.00000    48.9597u 
y
 vth0_value= 249.5150m
 u0_param=  49.1699m
 ags_param= 404.3694m
 
   *** monte carlo  index = 708 ***
x

 volt         param     
             i_d_0.2    
    0.        123.3663p 
   50.00000m  633.4894p 
  100.00000m    3.1385n 
  150.00000m   14.5433n 
  200.00000m   60.8868n 
  250.00000m  225.8697n 
  300.00000m  728.8442n 
  350.00000m    1.9552u 
  400.00000m    4.2518u 
  450.00000m    7.6548u 
  500.00000m   11.8397u 
  550.00000m   16.3454u 
  600.00000m   20.8857u 
  650.00000m   25.3427u 
  700.00000m   29.6677u 
  750.00000m   33.8374u 
  800.00000m   37.8394u 
  850.00000m   41.6670u 
  900.00000m   45.3167u 
  950.00000m   48.7872u 
    1.00000    52.0792u 
y
 vth0_value= 231.7066m
 u0_param=  50.4513m
 ags_param= 426.2061m
 
   *** monte carlo  index = 709 ***
x

 volt         param     
             i_d_0.2    
    0.         41.1660p 
   50.00000m  213.6988p 
  100.00000m    1.0866n 
  150.00000m    5.2790n 
  200.00000m   23.6828n 
  250.00000m   95.1081n 
  300.00000m  336.9852n 
  350.00000m    1.0240u 
  400.00000m    2.5495u 
  450.00000m    5.1621u 
  500.00000m    8.7638u 
  550.00000m   12.9516u 
  600.00000m   17.3179u 
  650.00000m   21.6574u 
  700.00000m   25.8890u 
  750.00000m   29.9783u 
  800.00000m   33.9086u 
  850.00000m   37.6711u 
  900.00000m   41.2615u 
  950.00000m   44.6781u 
    1.00000    47.9212u 
y
 vth0_value= 264.0198m
 u0_param=  49.6265m
 ags_param= 413.0031m
 
   *** monte carlo  index = 710 ***
x

 volt         param     
             i_d_0.2    
    0.         69.6956p 
   50.00000m  360.2721p 
  100.00000m    1.8113n 
  150.00000m    8.6144n 
  200.00000m   37.4097n 
  250.00000m  144.5731n 
  300.00000m  490.3437n 
  350.00000m    1.4050u 
  400.00000m    3.2719u 
  450.00000m    6.2425u 
  500.00000m   10.1058u 
  550.00000m   14.4153u 
  600.00000m   18.8220u 
  650.00000m   23.1709u 
  700.00000m   27.4003u 
  750.00000m   31.4824u 
  800.00000m   35.4031u 
  850.00000m   39.1547u 
  900.00000m   42.7333u 
  950.00000m   46.1376u 
    1.00000    49.3679u 
y
 vth0_value= 248.1660m
 u0_param=  49.4420m
 ags_param= 424.0580m
 
   *** monte carlo  index = 711 ***
x

 volt         param     
             i_d_0.2    
    0.         99.4276p 
   50.00000m  511.9394p 
  100.00000m    2.5509n 
  150.00000m   11.9395n 
  200.00000m   50.6757n 
  250.00000m  190.8603n 
  300.00000m  627.6250n 
  350.00000m    1.7257u 
  400.00000m    3.8475u 
  450.00000m    7.0730u 
  500.00000m   11.1194u 
  550.00000m   15.5290u 
  600.00000m   19.9939u 
  650.00000m   24.3847u 
  700.00000m   28.6487u 
  750.00000m   32.7612u 
  800.00000m   36.7095u 
  850.00000m   40.4863u 
  900.00000m   44.0881u 
  950.00000m   47.5137u 
    1.00000    50.7636u 
y
 vth0_value= 237.7406m
 u0_param=  49.7688m
 ags_param= 418.1171m
 
   *** monte carlo  index = 712 ***
x

 volt         param     
             i_d_0.2    
    0.         58.1868p 
   50.00000m  301.3433p 
  100.00000m    1.5218n 
  150.00000m    7.2979n 
  200.00000m   32.0864n 
  250.00000m  125.7803n 
  300.00000m  433.6816n 
  350.00000m    1.2704u 
  400.00000m    3.0318u 
  450.00000m    5.9092u 
  500.00000m    9.7300u 
  550.00000m   14.0542u 
  600.00000m   18.5047u 
  650.00000m   22.9070u 
  700.00000m   27.1920u 
  750.00000m   31.3293u 
  800.00000m   35.3038u 
  850.00000m   39.1073u 
  900.00000m   42.7359u 
  950.00000m   46.1879u 
    1.00000    49.4639u 
y
 vth0_value= 254.0195m
 u0_param=  50.1640m
 ags_param= 423.6894m
 
   *** monte carlo  index = 713 ***
x

 volt         param     
             i_d_0.2    
    0.        118.3341p 
   50.00000m  608.0082p 
  100.00000m    3.0159n 
  150.00000m   14.0053n 
  200.00000m   58.8031n 
  250.00000m  218.8300n 
  300.00000m  708.9392n 
  350.00000m    1.9116u 
  400.00000m    4.1784u 
  450.00000m    7.5547u 
  500.00000m   11.7237u 
  550.00000m   16.2232u 
  600.00000m   20.7615u 
  650.00000m   25.2180u 
  700.00000m   29.5431u 
  750.00000m   33.7133u 
  800.00000m   37.7160u 
  850.00000m   41.5443u 
  900.00000m   45.1947u 
  950.00000m   48.6660u 
    1.00000    51.9588u 
y
 vth0_value= 232.9622m
 u0_param=  50.4621m
 ags_param= 430.1111m
 
   *** monte carlo  index = 714 ***
x

 volt         param     
             i_d_0.2    
    0.         61.1502p 
   50.00000m  316.5212p 
  100.00000m    1.5964n 
  150.00000m    7.6373n 
  200.00000m   33.4573n 
  250.00000m  130.6046n 
  300.00000m  448.1588n 
  350.00000m    1.3044u 
  400.00000m    3.0904u 
  450.00000m    5.9855u 
  500.00000m    9.8061u 
  550.00000m   14.1112u 
  600.00000m   18.5332u 
  650.00000m   22.9042u 
  700.00000m   27.1577u 
  750.00000m   31.2642u 
  800.00000m   35.2089u 
  850.00000m   38.9838u 
  900.00000m   42.5850u 
  950.00000m   46.0110u 
    1.00000    49.2621u 
y
 vth0_value= 252.2867m
 u0_param=  49.7713m
 ags_param= 415.7406m
 
   *** monte carlo  index = 715 ***
x

 volt         param     
             i_d_0.2    
    0.        104.3810p 
   50.00000m  537.3204p 
  100.00000m    2.6758n 
  150.00000m   12.5111n 
  200.00000m   53.0237n 
  250.00000m  199.3674n 
  300.00000m  654.1928n 
  350.00000m    1.7936u 
  400.00000m    3.9870u 
  450.00000m    7.3108u 
  500.00000m   11.4706u 
  550.00000m   15.9975u 
  600.00000m   20.5784u 
  650.00000m   25.0821u 
  700.00000m   29.4549u 
  750.00000m   33.6719u 
  800.00000m   37.7200u 
  850.00000m   41.5920u 
  900.00000m   45.2843u 
  950.00000m   48.7956u 
    1.00000    52.1265u 
y
 vth0_value= 237.1003m
 u0_param=  51.0678m
 ags_param= 437.2181m
 
   *** monte carlo  index = 716 ***
x

 volt         param     
             i_d_0.2    
    0.         40.1682p 
   50.00000m  208.5337p 
  100.00000m    1.0607n 
  150.00000m    5.1564n 
  200.00000m   23.1571n 
  250.00000m   93.1169n 
  300.00000m  330.4087n 
  350.00000m    1.0060u 
  400.00000m    2.5105u 
  450.00000m    5.0940u 
  500.00000m    8.6634u 
  550.00000m   12.8198u 
  600.00000m   17.1568u 
  650.00000m   21.4683u 
  700.00000m   25.6732u 
  750.00000m   29.7370u 
  800.00000m   33.6429u 
  850.00000m   37.3822u 
  900.00000m   40.9506u 
  950.00000m   44.3463u 
    1.00000    47.5696u 
y
 vth0_value= 264.5516m
 u0_param=  49.3104m
 ags_param= 416.3841m
 
   *** monte carlo  index = 717 ***
x

 volt         param     
             i_d_0.2    
    0.         42.9236p 
   50.00000m  222.7840p 
  100.00000m    1.1321n 
  150.00000m    5.4928n 
  200.00000m   24.5925n 
  250.00000m   98.5169n 
  300.00000m  348.0943n 
  350.00000m    1.0538u 
  400.00000m    2.6122u 
  450.00000m    5.2675u 
  500.00000m    8.9134u 
  550.00000m   13.1402u 
  600.00000m   17.5408u 
  650.00000m   21.9119u 
  700.00000m   26.1735u 
  750.00000m   30.2913u 
  800.00000m   34.2486u 
  850.00000m   38.0369u 
  900.00000m   41.6517u 
  950.00000m   45.0914u 
    1.00000    48.3562u 
y
 vth0_value= 262.9914m
 u0_param=  49.9752m
 ags_param= 414.6219m
 
   *** monte carlo  index = 718 ***
x

 volt         param     
             i_d_0.2    
    0.        101.9143p 
   50.00000m  524.7114p 
  100.00000m    2.6141n 
  150.00000m   12.2308n 
  200.00000m   51.8867n 
  250.00000m  195.3068n 
  300.00000m  641.7517n 
  350.00000m    1.7627u 
  400.00000m    3.9257u 
  450.00000m    7.2098u 
  500.00000m   11.3263u 
  550.00000m   15.8101u 
  600.00000m   20.3492u 
  650.00000m   24.8124u 
  700.00000m   29.1464u 
  750.00000m   33.3262u 
  800.00000m   37.3387u 
  850.00000m   41.1769u 
  900.00000m   44.8370u 
  950.00000m   48.3178u 
    1.00000    51.6200u 
y
 vth0_value= 237.5301m
 u0_param=  50.6075m
 ags_param= 421.7664m
 
   *** monte carlo  index = 719 ***
x

 volt         param     
             i_d_0.2    
    0.         91.5191p 
   50.00000m  471.7133p 
  100.00000m    2.3559n 
  150.00000m   11.0710n 
  200.00000m   47.2557n 
  250.00000m  179.1002n 
  300.00000m  593.4826n 
  350.00000m    1.6484u 
  400.00000m    3.7139u 
  450.00000m    6.8878u 
  500.00000m   10.9037u 
  550.00000m   15.3034u 
  600.00000m   19.7682u 
  650.00000m   24.1622u 
  700.00000m   28.4307u 
  750.00000m   32.5483u 
  800.00000m   36.5017u 
  850.00000m   40.2837u 
  900.00000m   43.8906u 
  950.00000m   47.3212u 
    1.00000    50.5759u 
y
 vth0_value= 240.2700m
 u0_param=  49.8430m
 ags_param= 422.5265m
 
   *** monte carlo  index = 720 ***
x

 volt         param     
             i_d_0.2    
    0.         54.1673p 
   50.00000m  280.6347p 
  100.00000m    1.4189n 
  150.00000m    6.8188n 
  200.00000m   30.0780n 
  250.00000m  118.3648n 
  300.00000m  409.9452n 
  350.00000m    1.2082u 
  400.00000m    2.9032u 
  450.00000m    5.6934u 
  500.00000m    9.4208u 
  550.00000m   13.6566u 
  600.00000m   18.0245u 
  650.00000m   22.3481u 
  700.00000m   26.5579u 
  750.00000m   30.6233u 
  800.00000m   34.5293u 
  850.00000m   38.2676u 
  900.00000m   41.8343u 
  950.00000m   45.2277u 
    1.00000    48.4483u 
y
 vth0_value= 255.5962m
 u0_param=  49.2778m
 ags_param= 417.8618m
 
   *** monte carlo  index = 721 ***
x

 volt         param     
             i_d_0.2    
    0.         30.2421p 
   50.00000m  157.1530p 
  100.00000m  802.9906p 
  150.00000m    3.9387n 
  200.00000m   17.9472n 
  250.00000m   73.4970n 
  300.00000m  266.1134n 
  350.00000m  832.2256n 
  400.00000m    2.1456u 
  450.00000m    4.4883u 
  500.00000m    7.8246u 
  550.00000m   11.7990u 
  600.00000m   15.9951u 
  650.00000m   20.1851u 
  700.00000m   24.2785u 
  750.00000m   28.2377u 
  800.00000m   32.0448u 
  850.00000m   35.6909u 
  900.00000m   39.1711u 
  950.00000m   42.4837u 
    1.00000    45.6288u 
y
 vth0_value= 272.2241m
 u0_param=  48.0593m
 ags_param= 413.7590m
 
   *** monte carlo  index = 722 ***
x

 volt         param     
             i_d_0.2    
    0.        349.2866p 
   50.00000m    1.7602n 
  100.00000m    8.4070n 
  150.00000m   36.7401n 
  200.00000m  143.0273n 
  250.00000m  489.3117n 
  300.00000m    1.4186u 
  350.00000m    3.3473u 
  400.00000m    6.4610u 
  450.00000m   10.5607u 
  500.00000m   15.1794u 
  550.00000m   19.9311u 
  600.00000m   24.6386u 
  650.00000m   29.2304u 
  700.00000m   33.6736u 
  750.00000m   37.9508u 
  800.00000m   42.0520u 
  850.00000m   45.9714u 
  900.00000m   49.7063u 
  950.00000m   53.2556u 
    1.00000    56.6204u 
y
 vth0_value= 201.1228m
 u0_param=  51.6613m
 ags_param= 438.6950m
 
   *** monte carlo  index = 723 ***
x

 volt         param     
             i_d_0.2    
    0.        105.5931p 
   50.00000m  543.3052p 
  100.00000m    2.7031n 
  150.00000m   12.6181n 
  200.00000m   53.3579n 
  250.00000m  200.1384n 
  300.00000m  654.8029n 
  350.00000m    1.7885u 
  400.00000m    3.9603u 
  450.00000m    7.2386u 
  500.00000m   11.3288u 
  550.00000m   15.7709u 
  600.00000m   20.2625u 
  650.00000m   24.6773u 
  700.00000m   28.9636u 
  750.00000m   33.0973u 
  800.00000m   37.0655u 
  850.00000m   40.8612u 
  900.00000m   44.4808u 
  950.00000m   47.9232u 
    1.00000    51.1889u 
y
 vth0_value= 236.0992m
 u0_param=  50.0223m
 ags_param= 425.5088m
 
   *** monte carlo  index = 724 ***
x

 volt         param     
             i_d_0.2    
    0.         43.9614p 
   50.00000m  228.1159p 
  100.00000m    1.1584n 
  150.00000m    5.6137n 
  200.00000m   25.0845n 
  250.00000m  100.2507n 
  300.00000m  353.2970n 
  350.00000m    1.0659u 
  400.00000m    2.6312u 
  450.00000m    5.2863u 
  500.00000m    8.9188u 
  550.00000m   13.1184u 
  600.00000m   17.4848u 
  650.00000m   21.8199u 
  700.00000m   26.0456u 
  750.00000m   30.1286u 
  800.00000m   34.0524u 
  850.00000m   37.8085u 
  900.00000m   41.3927u 
  950.00000m   44.8031u 
    1.00000    48.0402u 
y
 vth0_value= 261.9992m
 u0_param=  49.5358m
 ags_param= 408.7812m
 
   *** monte carlo  index = 725 ***
x

 volt         param     
             i_d_0.2    
    0.         28.3359p 
   50.00000m  147.3033p 
  100.00000m  753.7945p 
  150.00000m    3.7084n 
  200.00000m   16.9811n 
  250.00000m   69.9811n 
  300.00000m  255.1275n 
  350.00000m  804.9776n 
  400.00000m    2.0983u 
  450.00000m    4.4357u 
  500.00000m    7.7993u 
  550.00000m   11.8389u 
  600.00000m   16.1235u 
  650.00000m   20.4088u 
  700.00000m   24.5977u 
  750.00000m   28.6501u 
  800.00000m   32.5472u 
  850.00000m   36.2794u 
  900.00000m   39.8419u 
  950.00000m   43.2328u 
    1.00000    46.4523u 
y
 vth0_value= 274.9318m
 u0_param=  49.2350m
 ags_param= 419.6916m
 
   *** monte carlo  index = 726 ***
x

 volt         param     
             i_d_0.2    
    0.         22.4578p 
   50.00000m  116.7650p 
  100.00000m  599.5427p 
  150.00000m    2.9701n 
  200.00000m   13.7618n 
  250.00000m   57.6061n 
  300.00000m  213.6421n 
  350.00000m  689.0379n 
  400.00000m    1.8469u 
  450.00000m    4.0124u 
  500.00000m    7.2158u 
  550.00000m   11.1463u 
  600.00000m   15.3663u 
  650.00000m   19.6071u 
  700.00000m   23.7597u 
  750.00000m   27.7800u 
  800.00000m   31.6477u 
  850.00000m   35.3529u 
  900.00000m   38.8903u 
  950.00000m   42.2579u 
    1.00000    45.4558u 
y
 vth0_value= 281.6601m
 u0_param=  48.8833m
 ags_param= 416.4250m
 
   *** monte carlo  index = 727 ***
x

 volt         param     
             i_d_0.2    
    0.         88.5650p 
   50.00000m  456.7113p 
  100.00000m    2.2833n 
  150.00000m   10.7505n 
  200.00000m   46.0094n 
  250.00000m  174.8921n 
  300.00000m  581.5990n 
  350.00000m    1.6230u 
  400.00000m    3.6746u 
  450.00000m    6.8433u 
  500.00000m   10.8685u 
  550.00000m   15.2901u 
  600.00000m   19.7818u 
  650.00000m   24.2041u 
  700.00000m   28.5005u 
  750.00000m   32.6453u 
  800.00000m   36.6248u 
  850.00000m   40.4319u 
  900.00000m   44.0628u 
  950.00000m   47.5162u 
    1.00000    50.7926u 
y
 vth0_value= 241.4710m
 u0_param=  50.1884m
 ags_param= 424.2118m
 
   *** monte carlo  index = 728 ***
x

 volt         param     
             i_d_0.2    
    0.         33.3254p 
   50.00000m  173.1140p 
  100.00000m  883.0412p 
  150.00000m    4.3167n 
  200.00000m   19.5611n 
  250.00000m   79.5452n 
  300.00000m  285.7983n 
  350.00000m  884.7744n 
  400.00000m    2.2528u 
  450.00000m    4.6576u 
  500.00000m    8.0424u 
  550.00000m   12.0387u 
  600.00000m   16.2379u 
  650.00000m   20.4236u 
  700.00000m   24.5100u 
  750.00000m   28.4614u 
  800.00000m   32.2605u 
  850.00000m   35.8984u 
  900.00000m   39.3707u 
  950.00000m   42.6755u 
    1.00000    45.8131u 
y
 vth0_value= 269.2455m
 u0_param=  47.9428m
 ags_param= 414.3345m
 
   *** monte carlo  index = 729 ***
x

 volt         param     
             i_d_0.2    
    0.         62.4981p 
   50.00000m  323.4217p 
  100.00000m    1.6303n 
  150.00000m    7.7912n 
  200.00000m   34.0783n 
  250.00000m  132.7887n 
  300.00000m  454.7099n 
  350.00000m    1.3198u 
  400.00000m    3.1173u 
  450.00000m    6.0212u 
  500.00000m    9.8434u 
  550.00000m   14.1423u 
  600.00000m   18.5541u 
  650.00000m   22.9138u 
  700.00000m   27.1558u 
  750.00000m   31.2510u 
  800.00000m   35.1848u 
  850.00000m   38.9492u 
  900.00000m   42.5404u 
  950.00000m   45.9567u 
    1.00000    49.1987u 
y
 vth0_value= 251.5410m
 u0_param=  49.6235m
 ags_param= 426.7599m
 
   *** monte carlo  index = 730 ***
x

 volt         param     
             i_d_0.2    
    0.         39.4393p 
   50.00000m  204.7931p 
  100.00000m    1.0423n 
  150.00000m    5.0724n 
  200.00000m   22.8194n 
  250.00000m   91.9545n 
  300.00000m  327.0440n 
  350.00000m  998.8127n 
  400.00000m    2.5017u 
  450.00000m    5.0931u 
  500.00000m    8.6851u 
  550.00000m   12.8785u 
  600.00000m   17.2597u 
  650.00000m   21.6172u 
  700.00000m   25.8676u 
  750.00000m   29.9755u 
  800.00000m   33.9239u 
  850.00000m   37.7038u 
  900.00000m   41.3110u 
  950.00000m   44.7435u 
    1.00000    48.0018u 
y
 vth0_value= 265.4530m
 u0_param=  49.8678m
 ags_param= 411.3452m
 
   *** monte carlo  index = 731 ***
x

 volt         param     
             i_d_0.2    
    0.         38.9959p 
   50.00000m  202.4684p 
  100.00000m    1.0303n 
  150.00000m    5.0129n 
  200.00000m   22.5436n 
  250.00000m   90.8040n 
  300.00000m  322.8160n 
  350.00000m  985.3910n 
  400.00000m    2.4666u 
  450.00000m    5.0192u 
  500.00000m    8.5557u 
  550.00000m   12.6823u 
  600.00000m   16.9925u 
  650.00000m   21.2789u 
  700.00000m   25.4600u 
  750.00000m   29.5011u 
  800.00000m   33.3855u 
  850.00000m   37.1043u 
  900.00000m   40.6532u 
  950.00000m   44.0305u 
    1.00000    47.2364u 
y
 vth0_value= 265.2566m
 u0_param=  49.0298m
 ags_param= 427.7277m
 
   *** monte carlo  index = 732 ***
x

 volt         param     
             i_d_0.2    
    0.         20.0754p 
   50.00000m  104.3407p 
  100.00000m  536.2794p 
  150.00000m    2.6625n 
  200.00000m   12.3839n 
  250.00000m   52.1085n 
  300.00000m  194.3784n 
  350.00000m  631.5586n 
  400.00000m    1.7092u 
  450.00000m    3.7493u 
  500.00000m    6.7978u 
  550.00000m   10.5669u 
  600.00000m   14.6315u 
  650.00000m   18.7234u 
  700.00000m   22.7331u 
  750.00000m   26.6165u 
  800.00000m   30.3536u 
  850.00000m   33.9341u 
  900.00000m   37.3531u 
  950.00000m   40.6085u 
    1.00000    43.7001u 
y
 vth0_value= 283.9158m
 u0_param=  47.2026m
 ags_param= 408.0800m
 
   *** monte carlo  index = 733 ***
x

 volt         param     
             i_d_0.2    
    0.         42.7937p 
   50.00000m  222.0374p 
  100.00000m    1.1276n 
  150.00000m    5.4645n 
  200.00000m   24.4207n 
  250.00000m   97.6149n 
  300.00000m  344.1010n 
  350.00000m    1.0386u 
  400.00000m    2.5652u 
  450.00000m    5.1564u 
  500.00000m    8.7035u 
  550.00000m   12.8053u 
  600.00000m   17.0703u 
  650.00000m   21.3050u 
  700.00000m   25.4332u 
  750.00000m   29.4223u 
  800.00000m   33.2562u 
  850.00000m   36.9265u 
  900.00000m   40.4289u 
  950.00000m   43.7619u 
    1.00000    46.9255u 
y
 vth0_value= 262.0487m
 u0_param=  48.3647m
 ags_param= 419.2357m
 
   *** monte carlo  index = 734 ***
x

 volt         param     
             i_d_0.2    
    0.         21.1877p 
   50.00000m  110.1275p 
  100.00000m  565.5866p 
  150.00000m    2.8035n 
  200.00000m   13.0030n 
  250.00000m   54.5056n 
  300.00000m  202.4714n 
  350.00000m  654.4163n 
  400.00000m    1.7591u 
  450.00000m    3.8326u 
  500.00000m    6.9096u 
  550.00000m   10.6932u 
  600.00000m   14.7601u 
  650.00000m   18.8491u 
  700.00000m   22.8541u 
  750.00000m   26.7321u 
  800.00000m   30.4637u 
  850.00000m   34.0388u 
  900.00000m   37.4524u 
  950.00000m   40.7025u 
    1.00000    43.7890u 
y
 vth0_value= 282.2475m
 u0_param=  47.1226m
 ags_param= 415.6261m
 
   *** monte carlo  index = 735 ***
x

 volt         param     
             i_d_0.2    
    0.         40.2508p 
   50.00000m  208.9377p 
  100.00000m    1.0625n 
  150.00000m    5.1626n 
  200.00000m   23.1672n 
  250.00000m   93.0718n 
  300.00000m  329.9224n 
  350.00000m    1.0032u 
  400.00000m    2.4998u 
  450.00000m    5.0653u 
  500.00000m    8.6050u 
  550.00000m   12.7225u 
  600.00000m   17.0165u 
  650.00000m   21.2844u 
  700.00000m   25.4466u 
  750.00000m   29.4691u 
  800.00000m   33.3354u 
  850.00000m   37.0369u 
  900.00000m   40.5692u 
  950.00000m   43.9306u 
    1.00000    47.1214u 
y
 vth0_value= 264.1575m
 u0_param=  48.7930m
 ags_param= 420.7084m
 
   *** monte carlo  index = 736 ***
x

 volt         param     
             i_d_0.2    
    0.         96.4517p 
   50.00000m  496.8810p 
  100.00000m    2.4787n 
  150.00000m   11.6241n 
  200.00000m   49.4719n 
  250.00000m  186.8885n 
  300.00000m  616.8150n 
  350.00000m    1.7042u 
  400.00000m    3.8182u 
  450.00000m    7.0482u 
  500.00000m   11.1167u 
  550.00000m   15.5616u 
  600.00000m   20.0670u 
  650.00000m   24.4991u 
  700.00000m   28.8037u 
  750.00000m   32.9557u 
  800.00000m   36.9418u 
  850.00000m   40.7549u 
  900.00000m   44.3913u 
  950.00000m   47.8498u 
    1.00000    51.1308u 
y
 vth0_value= 238.9667m
 u0_param=  50.2675m
 ags_param= 417.5774m
 
   *** monte carlo  index = 737 ***
x

 volt         param     
             i_d_0.2    
    0.         71.4371p 
   50.00000m  369.1633p 
  100.00000m    1.8547n 
  150.00000m    8.8098n 
  200.00000m   38.1876n 
  250.00000m  147.2702n 
  300.00000m  498.2689n 
  350.00000m    1.4230u 
  400.00000m    3.3021u 
  450.00000m    6.2808u 
  500.00000m   10.1431u 
  550.00000m   14.4427u 
  600.00000m   18.8353u 
  650.00000m   23.1690u 
  700.00000m   27.3831u 
  750.00000m   31.4503u 
  800.00000m   35.3565u 
  850.00000m   39.0942u 
  900.00000m   42.6595u 
  950.00000m   46.0512u 
    1.00000    49.2694u 
y
 vth0_value= 247.3051m
 u0_param=  49.2507m
 ags_param= 425.0932m
 
   *** monte carlo  index = 738 ***
x

 volt         param     
             i_d_0.2    
    0.        195.0529p 
   50.00000m  994.5777p 
  100.00000m    4.8577n 
  150.00000m   21.9814n 
  200.00000m   89.2272n 
  250.00000m  319.9598n 
  300.00000m  988.0627n 
  350.00000m    2.5085u 
  400.00000m    5.1726u 
  450.00000m    8.9153u 
  500.00000m   13.3339u 
  550.00000m   17.9846u 
  600.00000m   22.6305u 
  650.00000m   27.1766u 
  700.00000m   31.5817u 
  750.00000m   35.8255u 
  800.00000m   39.8968u 
  850.00000m   43.7892u 
  900.00000m   47.4995u 
  950.00000m   51.0266u 
    1.00000    54.3714u 
y
 vth0_value= 218.4881m
 u0_param=  51.3194m
 ags_param= 426.3785m
 
   *** monte carlo  index = 739 ***
x

 volt         param     
             i_d_0.2    
    0.         94.7610p 
   50.00000m  488.2563p 
  100.00000m    2.4366n 
  150.00000m   11.4347n 
  200.00000m   48.7138n 
  250.00000m  184.2261n 
  300.00000m  608.8466n 
  350.00000m    1.6851u 
  400.00000m    3.7826u 
  450.00000m    6.9935u 
  500.00000m   11.0439u 
  550.00000m   15.4732u 
  600.00000m   19.9645u 
  650.00000m   24.3834u 
  700.00000m   28.6755u 
  750.00000m   32.8155u 
  800.00000m   36.7903u 
  850.00000m   40.5926u 
  900.00000m   44.2187u 
  950.00000m   47.6675u 
    1.00000    50.9394u 
y
 vth0_value= 239.4034m
 u0_param=  50.1203m
 ags_param= 417.8917m
 
   *** monte carlo  index = 740 ***
x

 volt         param     
             i_d_0.2    
    0.         42.4397p 
   50.00000m  220.2386p 
  100.00000m    1.1189n 
  150.00000m    5.4266n 
  200.00000m   24.2806n 
  250.00000m   97.1951n 
  300.00000m  343.1620n 
  350.00000m    1.0379u 
  400.00000m    2.5698u 
  450.00000m    5.1770u 
  500.00000m    8.7536u 
  550.00000m   12.8965u 
  600.00000m   17.2079u 
  650.00000m   21.4898u 
  700.00000m   25.6645u 
  750.00000m   29.6984u 
  800.00000m   33.5754u 
  850.00000m   37.2869u 
  900.00000m   40.8287u 
  950.00000m   44.1990u 
    1.00000    47.3981u 
y
 vth0_value= 262.6621m
 u0_param=  48.9275m
 ags_param= 416.3755m
 
   *** monte carlo  index = 741 ***
x

 volt         param     
             i_d_0.2    
    0.         69.0224p 
   50.00000m  356.8256p 
  100.00000m    1.7944n 
  150.00000m    8.5373n 
  200.00000m   37.0972n 
  250.00000m  143.4629n 
  300.00000m  486.9653n 
  350.00000m    1.3968u 
  400.00000m    3.2566u 
  450.00000m    6.2195u 
  500.00000m   10.0767u 
  550.00000m   14.3822u 
  600.00000m   18.7862u 
  650.00000m   23.1329u 
  700.00000m   27.3603u 
  750.00000m   31.4406u 
  800.00000m   35.3596u 
  850.00000m   39.1096u 
  900.00000m   42.6868u 
  950.00000m   46.0897u 
    1.00000    49.3187u 
y
 vth0_value= 248.4446m
 u0_param=  49.4239m
 ags_param= 412.9649m
 
   *** monte carlo  index = 742 ***
x

 volt         param     
             i_d_0.2    
    0.         51.1151p 
   50.00000m  264.9197p 
  100.00000m    1.3408n 
  150.00000m    6.4566n 
  200.00000m   28.5682n 
  250.00000m  112.8332n 
  300.00000m  392.4144n 
  350.00000m    1.1630u 
  400.00000m    2.8127u 
  450.00000m    5.5475u 
  500.00000m    9.2215u 
  550.00000m   13.4132u 
  600.00000m   17.7434u 
  650.00000m   22.0328u 
  700.00000m   26.2104u 
  750.00000m   30.2453u 
  800.00000m   34.1223u 
  850.00000m   37.8332u 
  900.00000m   41.3738u 
  950.00000m   44.7427u 
    1.00000    47.9400u 
y
 vth0_value= 257.0910m
 u0_param=  48.9071m
 ags_param= 415.2604m
 
   *** monte carlo  index = 743 ***
x

 volt         param     
             i_d_0.2    
    0.         66.5629p 
   50.00000m  344.2941p 
  100.00000m    1.7334n 
  150.00000m    8.2654n 
  200.00000m   36.0316n 
  250.00000m  139.8546n 
  300.00000m  476.7343n 
  350.00000m    1.3752u 
  400.00000m    3.2262u 
  450.00000m    6.1946u 
  500.00000m   10.0791u 
  550.00000m   14.4309u 
  600.00000m   18.8894u 
  650.00000m   23.2923u 
  700.00000m   27.5753u 
  750.00000m   31.7094u 
  800.00000m   35.6801u 
  850.00000m   39.4796u 
  900.00000m   43.1040u 
  950.00000m   46.5519u 
    1.00000    49.8235u 
y
 vth0_value= 249.9613m
 u0_param=  50.1036m
 ags_param= 413.6320m
 
   *** monte carlo  index = 744 ***
x

 volt         param     
             i_d_0.2    
    0.         74.1501p 
   50.00000m  383.3454p 
  100.00000m    1.9273n 
  150.00000m    9.1652n 
  200.00000m   39.7950n 
  250.00000m  153.7450n 
  300.00000m  521.1669n 
  350.00000m    1.4920u 
  400.00000m    3.4711u 
  450.00000m    6.6158u 
  500.00000m   10.7019u 
  550.00000m   15.2589u 
  600.00000m   19.9183u 
  650.00000m   24.5158u 
  700.00000m   28.9860u 
  750.00000m   33.2997u 
  800.00000m   37.4420u 
  850.00000m   41.4050u 
  900.00000m   45.1847u 
  950.00000m   48.7798u 
    1.00000    52.1907u 
y
 vth0_value= 248.1154m
 u0_param=  52.3459m
 ags_param= 413.4276m
 
   *** monte carlo  index = 745 ***
x

 volt         param     
             i_d_0.2    
    0.         86.2427p 
   50.00000m  444.8168p 
  100.00000m    2.2249n 
  150.00000m   10.4834n 
  200.00000m   44.9175n 
  250.00000m  170.9621n 
  300.00000m  569.4303n 
  350.00000m    1.5924u 
  400.00000m    3.6134u 
  450.00000m    6.7422u 
  500.00000m   10.7242u 
  550.00000m   15.1033u 
  600.00000m   19.5540u 
  650.00000m   23.9366u 
  700.00000m   28.1951u 
  750.00000m   32.3034u 
  800.00000m   36.2482u 
  850.00000m   40.0222u 
  900.00000m   43.6217u 
  950.00000m   47.0453u 
    1.00000    50.2936u 
y
 vth0_value= 241.9811m
 u0_param=  49.7382m
 ags_param= 416.9521m
 
   *** monte carlo  index = 746 ***
x

 volt         param     
             i_d_0.2    
    0.         36.4386p 
   50.00000m  189.2557p 
  100.00000m  964.2885p 
  150.00000m    4.7032n 
  200.00000m   21.2341n 
  250.00000m   85.9480n 
  300.00000m  307.2031n 
  350.00000m  944.4673n 
  400.00000m    2.3846u 
  450.00000m    4.8910u 
  500.00000m    8.3909u 
  550.00000m   12.4991u 
  600.00000m   16.8032u 
  650.00000m   21.0884u 
  700.00000m   25.2701u 
  750.00000m   29.3125u 
  800.00000m   33.1986u 
  850.00000m   36.9192u 
  900.00000m   40.4701u 
  950.00000m   43.8494u 
    1.00000    47.0573u 
y
 vth0_value= 267.3059m
 u0_param=  49.0648m
 ags_param= 405.3150m
 
   *** monte carlo  index = 747 ***
x

 volt         param     
             i_d_0.2    
    0.         52.7321p 
   50.00000m  273.2010p 
  100.00000m    1.3815n 
  150.00000m    6.6414n 
  200.00000m   29.3104n 
  250.00000m  115.4167n 
  300.00000m  400.0433n 
  350.00000m    1.1803u 
  400.00000m    2.8397u 
  450.00000m    5.5753u 
  500.00000m    9.2339u 
  550.00000m   13.3943u 
  600.00000m   17.6857u 
  650.00000m   21.9343u 
  700.00000m   26.0714u 
  750.00000m   30.0669u 
  800.00000m   33.9060u 
  850.00000m   37.5805u 
  900.00000m   41.0865u 
  950.00000m   44.4223u 
    1.00000    47.5884u 
y
 vth0_value= 255.8365m
 u0_param=  48.4087m
 ags_param= 421.1167m
 
   *** monte carlo  index = 748 ***
x

 volt         param     
             i_d_0.2    
    0.         73.4620p 
   50.00000m  379.5354p 
  100.00000m    1.9057n 
  150.00000m    9.0424n 
  200.00000m   39.1345n 
  250.00000m  150.6525n 
  300.00000m  508.6344n 
  350.00000m    1.4484u 
  400.00000m    3.3508u 
  450.00000m    6.3565u 
  500.00000m   10.2438u 
  550.00000m   14.5637u 
  600.00000m   18.9738u 
  650.00000m   23.3236u 
  700.00000m   27.5528u 
  750.00000m   31.6344u 
  800.00000m   35.5542u 
  850.00000m   39.3049u 
  900.00000m   42.8825u 
  950.00000m   46.2857u 
    1.00000    49.5149u 
y
 vth0_value= 246.5820m
 u0_param=  49.4268m
 ags_param= 421.9813m
 
   *** monte carlo  index = 749 ***
x

 volt         param     
             i_d_0.2    
    0.         54.4686p 
   50.00000m  282.2034p 
  100.00000m    1.4268n 
  150.00000m    6.8573n 
  200.00000m   30.2494n 
  250.00000m  119.0457n 
  300.00000m  412.3206n 
  350.00000m    1.2153u 
  400.00000m    2.9203u 
  450.00000m    5.7271u 
  500.00000m    9.4767u 
  550.00000m   13.7380u 
  600.00000m   18.1322u 
  650.00000m   22.4818u 
  700.00000m   26.7169u 
  750.00000m   30.8067u 
  800.00000m   34.7360u 
  850.00000m   38.4966u 
  900.00000m   42.0844u 
  950.00000m   45.4980u 
    1.00000    48.7375u 
y
 vth0_value= 255.6232m
 u0_param=  49.5796m
 ags_param= 425.5886m
 
   *** monte carlo  index = 750 ***
x

 volt         param     
             i_d_0.2    
    0.         68.0637p 
   50.00000m  351.9112p 
  100.00000m    1.7702n 
  150.00000m    8.4268n 
  200.00000m   36.6461n 
  250.00000m  141.8486n 
  300.00000m  482.0052n 
  350.00000m    1.3845u 
  400.00000m    3.2332u 
  450.00000m    6.1835u 
  500.00000m   10.0293u 
  550.00000m   14.3260u 
  600.00000m   18.7226u 
  650.00000m   23.0627u 
  700.00000m   27.2840u 
  750.00000m   31.3584u 
  800.00000m   35.2719u 
  850.00000m   39.0167u 
  900.00000m   42.5889u 
  950.00000m   45.9871u 
    1.00000    49.2118u 
y
 vth0_value= 248.8172m
 u0_param=  49.3525m
 ags_param= 415.7932m
 
   *** monte carlo  index = 751 ***
x

 volt         param     
             i_d_0.2    
    0.         50.2198p 
   50.00000m  260.3467p 
  100.00000m    1.3185n 
  150.00000m    6.3563n 
  200.00000m   28.1740n 
  250.00000m  111.5076n 
  300.00000m  388.7022n 
  350.00000m    1.1556u 
  400.00000m    2.8046u 
  450.00000m    5.5489u 
  500.00000m    9.2469u 
  550.00000m   13.4757u 
  600.00000m   17.8490u 
  650.00000m   22.1826u 
  700.00000m   26.4037u 
  750.00000m   30.4809u 
  800.00000m   34.3984u 
  850.00000m   38.1481u 
  900.00000m   41.7258u 
  950.00000m   45.1298u 
    1.00000    48.3605u 
y
 vth0_value= 257.9595m
 u0_param=  49.4374m
 ags_param= 417.7283m
 
   *** monte carlo  index = 752 ***
x

 volt         param     
             i_d_0.2    
    0.         44.8275p 
   50.00000m  232.5125p 
  100.00000m    1.1796n 
  150.00000m    5.7059n 
  200.00000m   25.4241n 
  250.00000m  101.2629n 
  300.00000m  355.5397n 
  350.00000m    1.0674u 
  400.00000m    2.6199u 
  450.00000m    5.2367u 
  500.00000m    8.7987u 
  550.00000m   12.9011u 
  600.00000m   17.1580u 
  650.00000m   21.3816u 
  700.00000m   25.4980u 
  750.00000m   29.4750u 
  800.00000m   33.2972u 
  850.00000m   36.9562u 
  900.00000m   40.4477u 
  950.00000m   43.7701u 
    1.00000    46.9238u 
y
 vth0_value= 260.5583m
 u0_param=  48.2074m
 ags_param= 418.9354m
 
   *** monte carlo  index = 753 ***
x

 volt         param     
             i_d_0.2    
    0.         20.0124p 
   50.00000m  104.0207p 
  100.00000m  534.7462p 
  150.00000m    2.6560n 
  200.00000m   12.3622n 
  250.00000m   52.0667n 
  300.00000m  194.4212n 
  350.00000m  632.4865n 
  400.00000m    1.7145u 
  450.00000m    3.7669u 
  500.00000m    6.8387u 
  550.00000m   10.6416u 
  600.00000m   14.7461u 
  650.00000m   18.8795u 
  700.00000m   22.9302u 
  750.00000m   26.8534u 
  800.00000m   30.6287u 
  850.00000m   34.2459u 
  900.00000m   37.6998u 
  950.00000m   40.9883u 
    1.00000    44.1114u 
y
 vth0_value= 284.3388m
 u0_param=  47.6981m
 ags_param= 410.9899m
 
   *** monte carlo  index = 754 ***
x

 volt         param     
             i_d_0.2    
    0.        149.9867p 
   50.00000m  768.5337p 
  100.00000m    3.7903n 
  150.00000m   17.4285n 
  200.00000m   72.2155n 
  250.00000m  264.8417n 
  300.00000m  842.1022n 
  350.00000m    2.2168u 
  400.00000m    4.7313u 
  450.00000m    8.3869u 
  500.00000m   12.8177u 
  550.00000m   17.5495u 
  600.00000m   22.3020u 
  650.00000m   26.9613u 
  700.00000m   31.4797u 
  750.00000m   35.8341u 
  800.00000m   40.0123u 
  850.00000m   44.0073u 
  900.00000m   47.8157u 
  950.00000m   51.4366u 
    1.00000    54.8706u 
y
 vth0_value= 227.2594m
 u0_param=  52.7546m
 ags_param= 413.8191m
 
   *** monte carlo  index = 755 ***
x

 volt         param     
             i_d_0.2    
    0.         95.5320p 
   50.00000m  492.2127p 
  100.00000m    2.4561n 
  150.00000m   11.5245n 
  200.00000m   49.0850n 
  250.00000m  185.5807n 
  300.00000m  613.1166n 
  350.00000m    1.6962u 
  400.00000m    3.8056u 
  450.00000m    7.0331u 
  500.00000m   11.1028u 
  550.00000m   15.5524u 
  600.00000m   20.0638u 
  650.00000m   24.5022u 
  700.00000m   28.8132u 
  750.00000m   32.9713u 
  800.00000m   36.9634u 
  850.00000m   40.7822u 
  900.00000m   44.4240u 
  950.00000m   47.8877u 
    1.00000    51.1736u 
y
 vth0_value= 239.3029m
 u0_param=  50.3460m
 ags_param= 419.0600m
 
   *** monte carlo  index = 756 ***
x

 volt         param     
             i_d_0.2    
    0.         34.9982p 
   50.00000m  181.8039p 
  100.00000m  926.9573p 
  150.00000m    4.5272n 
  200.00000m   20.4845n 
  250.00000m   83.1418n 
  300.00000m  298.0768n 
  350.00000m  920.1125n 
  400.00000m    2.3345u 
  450.00000m    4.8101u 
  500.00000m    8.2828u 
  550.00000m   12.3729u 
  600.00000m   16.6654u 
  650.00000m   20.9419u 
  700.00000m   25.1160u 
  750.00000m   29.1516u 
  800.00000m   33.0312u 
  850.00000m   36.7460u 
  900.00000m   40.2913u 
  950.00000m   43.6654u 
    1.00000    46.8685u 
y
 vth0_value= 268.4582m
 u0_param=  48.9822m
 ags_param= 423.0265m
 
   *** monte carlo  index = 757 ***
x

 volt         param     
             i_d_0.2    
    0.         78.0402p 
   50.00000m  402.9881p 
  100.00000m    2.0210n 
  150.00000m    9.5687n 
  200.00000m   41.2806n 
  250.00000m  158.3374n 
  300.00000m  532.2648n 
  350.00000m    1.5069u 
  400.00000m    3.4642u 
  450.00000m    6.5360u 
  500.00000m   10.4879u 
  550.00000m   14.8647u 
  600.00000m   19.3264u 
  650.00000m   23.7246u 
  700.00000m   27.9999u 
  750.00000m   32.1253u 
  800.00000m   36.0869u 
  850.00000m   39.8773u 
  900.00000m   43.4925u 
  950.00000m   46.9313u 
    1.00000    50.1942u 
y
 vth0_value= 245.1182m
 u0_param=  49.9686m
 ags_param= 413.6156m
 
   *** monte carlo  index = 758 ***
x

 volt         param     
             i_d_0.2    
    0.         27.3043p 
   50.00000m  141.9476p 
  100.00000m  726.7772p 
  150.00000m    3.5793n 
  200.00000m   16.4204n 
  250.00000m   67.8320n 
  300.00000m  247.9419n 
  350.00000m  784.9675n 
  400.00000m    2.0549u 
  450.00000m    4.3619u 
  500.00000m    7.6955u 
  550.00000m   11.7120u 
  600.00000m   15.9795u 
  650.00000m   20.2507u 
  700.00000m   24.4269u 
  750.00000m   28.4674u 
  800.00000m   32.3534u 
  850.00000m   36.0751u 
  900.00000m   39.6277u 
  950.00000m   43.0094u 
    1.00000    46.2201u 
y
 vth0_value= 275.9518m
 u0_param=  49.0962m
 ags_param= 412.8973m
 
   *** monte carlo  index = 759 ***
x

 volt         param     
             i_d_0.2    
    0.         54.4745p 
   50.00000m  282.2138p 
  100.00000m    1.4267n 
  150.00000m    6.8548n 
  200.00000m   30.2266n 
  250.00000m  118.9019n 
  300.00000m  411.6176n 
  350.00000m    1.2124u 
  400.00000m    2.9113u 
  450.00000m    5.7056u 
  500.00000m    9.4363u 
  550.00000m   13.6741u 
  600.00000m   18.0431u 
  650.00000m   22.3675u 
  700.00000m   26.5780u 
  750.00000m   30.6440u 
  800.00000m   34.5505u 
  850.00000m   38.2893u 
  900.00000m   41.8564u 
  950.00000m   45.2503u 
    1.00000    48.4712u 
y
 vth0_value= 255.4308m
 u0_param=  49.2835m
 ags_param= 420.3690m
 
   *** monte carlo  index = 760 ***
x

 volt         param     
             i_d_0.2    
    0.         28.0926p 
   50.00000m  145.9948p 
  100.00000m  746.7043p 
  150.00000m    3.6699n 
  200.00000m   16.7776n 
  250.00000m   69.0005n 
  300.00000m  251.0106n 
  350.00000m  789.8503n 
  400.00000m    2.0521u 
  450.00000m    4.3243u 
  500.00000m    7.5844u 
  550.00000m   11.4898u 
  600.00000m   15.6256u 
  650.00000m   19.7600u 
  700.00000m   23.8009u 
  750.00000m   27.7102u 
  800.00000m   31.4699u 
  850.00000m   35.0709u 
  900.00000m   38.5083u 
  950.00000m   41.7805u 
    1.00000    44.8874u 
y
 vth0_value= 274.0277m
 u0_param=  47.4526m
 ags_param= 414.5226m
 
   *** monte carlo  index = 761 ***
x

 volt         param     
             i_d_0.2    
    0.        123.2163p 
   50.00000m  632.8161p 
  100.00000m    3.1361n 
  150.00000m   14.5395n 
  200.00000m   60.9117n 
  250.00000m  226.1241n 
  300.00000m  730.3045n 
  350.00000m    1.9613u 
  400.00000m    4.2698u 
  450.00000m    7.6940u 
  500.00000m   11.9087u 
  550.00000m   16.4492u 
  600.00000m   21.0255u 
  650.00000m   25.5180u 
  700.00000m   29.8775u 
  750.00000m   34.0805u 
  800.00000m   38.1144u 
  850.00000m   41.9724u 
  900.00000m   45.6509u 
  950.00000m   49.1489u 
    1.00000    52.4669u 
y
 vth0_value= 232.0051m
 u0_param=  50.8700m
 ags_param= 423.1023m
 
   *** monte carlo  index = 762 ***
x

 volt         param     
             i_d_0.2    
    0.         47.7168p 
   50.00000m  247.4609p 
  100.00000m    1.2545n 
  150.00000m    6.0599n 
  200.00000m   26.9424n 
  250.00000m  107.0237n 
  300.00000m  374.6132n 
  350.00000m    1.1199u 
  400.00000m    2.7355u 
  450.00000m    5.4434u 
  500.00000m    9.1131u 
  550.00000m   13.3265u 
  600.00000m   17.6924u 
  650.00000m   22.0217u 
  700.00000m   26.2397u 
  750.00000m   30.3144u 
  800.00000m   34.2299u 
  850.00000m   37.9778u 
  900.00000m   41.5538u 
  950.00000m   44.9564u 
    1.00000    48.1859u 
y
 vth0_value= 259.4714m
 u0_param=  49.4128m
 ags_param= 429.0193m
 
   *** monte carlo  index = 763 ***
x

 volt         param     
             i_d_0.2    
    0.         67.4795p 
   50.00000m  348.8862p 
  100.00000m    1.7550n 
  150.00000m    8.3547n 
  200.00000m   36.3340n 
  250.00000m  140.6502n 
  300.00000m  477.9831n 
  350.00000m    1.3732u 
  400.00000m    3.2073u 
  450.00000m    6.1351u 
  500.00000m    9.9522u 
  550.00000m   14.2170u 
  600.00000m   18.5811u 
  650.00000m   22.8891u 
  700.00000m   27.0794u 
  750.00000m   31.1240u 
  800.00000m   35.0089u 
  850.00000m   38.7264u 
  900.00000m   42.2727u 
  950.00000m   45.6463u 
    1.00000    48.8476u 
y
 vth0_value= 248.8347m
 u0_param=  48.9790m
 ags_param= 422.6393m
 
   *** monte carlo  index = 764 ***
x

 volt         param     
             i_d_0.2    
    0.         38.4388p 
   50.00000m  199.5679p 
  100.00000m    1.0156n 
  150.00000m    4.9417n 
  200.00000m   22.2266n 
  250.00000m   89.5446n 
  300.00000m  318.4158n 
  350.00000m  972.2950n 
  400.00000m    2.4349u 
  450.00000m    4.9567u 
  500.00000m    8.4520u 
  550.00000m   12.5316u 
  600.00000m   16.7933u 
  650.00000m   21.0318u 
  700.00000m   25.1664u 
  750.00000m   29.1627u 
  800.00000m   33.0041u 
  850.00000m   36.6820u 
  900.00000m   40.1920u 
  950.00000m   43.5323u 
    1.00000    46.7032u 
y
 vth0_value= 265.3293m
 u0_param=  48.4774m
 ags_param= 410.0698m
 
   *** monte carlo  index = 765 ***
x

 volt         param     
             i_d_0.2    
    0.         49.8176p 
   50.00000m  258.2642p 
  100.00000m    1.3080n 
  150.00000m    6.3068n 
  200.00000m   27.9605n 
  250.00000m  110.6914n 
  300.00000m  385.9745n 
  350.00000m    1.1480u 
  400.00000m    2.7874u 
  450.00000m    5.5173u 
  500.00000m    9.1976u 
  550.00000m   13.4073u 
  600.00000m   17.7615u 
  650.00000m   22.0764u 
  700.00000m   26.2796u 
  750.00000m   30.3395u 
  800.00000m   34.2405u 
  850.00000m   37.9745u 
  900.00000m   41.5371u 
  950.00000m   44.9270u 
    1.00000    48.1443u 
y
 vth0_value= 258.0644m
 u0_param=  49.2258m
 ags_param= 405.3476m
 
   *** monte carlo  index = 766 ***
x

 volt         param     
             i_d_0.2    
    0.         25.2423p 
   50.00000m  131.2362p 
  100.00000m  672.6815p 
  150.00000m    3.3205n 
  200.00000m   15.2917n 
  250.00000m   63.4901n 
  300.00000m  233.3669n 
  350.00000m  744.1458n 
  400.00000m    1.9658u 
  450.00000m    4.2099u 
  500.00000m    7.4817u 
  550.00000m   11.4509u 
  600.00000m   15.6844u 
  650.00000m   19.9280u 
  700.00000m   24.0794u 
  750.00000m   28.0970u 
  800.00000m   31.9614u 
  850.00000m   35.6628u 
  900.00000m   39.1964u 
  950.00000m   42.5600u 
    1.00000    45.7539u 
y
 vth0_value= 278.1250m
 u0_param=  48.8240m
 ags_param= 418.9446m
 
   *** monte carlo  index = 767 ***
x

 volt         param     
             i_d_0.2    
    0.        103.6545p 
   50.00000m  533.5744p 
  100.00000m    2.6572n 
  150.00000m   12.4238n 
  200.00000m   52.6542n 
  250.00000m  197.9812n 
  300.00000m  649.6671n 
  350.00000m    1.7813u 
  400.00000m    3.9599u 
  450.00000m    7.2615u 
  500.00000m   11.3938u 
  550.00000m   15.8908u 
  600.00000m   20.4417u 
  650.00000m   24.9159u 
  700.00000m   29.2603u 
  750.00000m   33.4500u 
  800.00000m   37.4719u 
  850.00000m   41.3189u 
  900.00000m   44.9875u 
  950.00000m   48.4763u 
    1.00000    51.7860u 
y
 vth0_value= 237.0995m
 u0_param=  50.7301m
 ags_param= 417.6268m
 
   *** monte carlo  index = 768 ***
x

 volt         param     
             i_d_0.2    
    0.         22.7244p 
   50.00000m  118.1366p 
  100.00000m  606.3187p 
  150.00000m    3.0011n 
  200.00000m   13.8846n 
  250.00000m   58.0051n 
  300.00000m  214.6622n 
  350.00000m  690.4883n 
  400.00000m    1.8445u 
  450.00000m    3.9938u 
  500.00000m    7.1626u 
  550.00000m   11.0402u 
  600.00000m   15.1966u 
  650.00000m   19.3709u 
  700.00000m   23.4576u 
  750.00000m   27.4139u 
  800.00000m   31.2202u 
  850.00000m   34.8664u 
  900.00000m   38.3477u 
  950.00000m   41.6620u 
    1.00000    44.8092u 
y
 vth0_value= 280.7888m
 u0_param=  48.0852m
 ags_param= 403.6537m
 
   *** monte carlo  index = 769 ***
x

 volt         param     
             i_d_0.2    
    0.         33.6666p 
   50.00000m  174.9285p 
  100.00000m  892.6522p 
  150.00000m    4.3669n 
  200.00000m   19.8118n 
  250.00000m   80.6813n 
  300.00000m  290.3185n 
  350.00000m  900.4912n 
  400.00000m    2.2981u 
  450.00000m    4.7612u 
  500.00000m    8.2350u 
  550.00000m   12.3435u 
  600.00000m   16.6649u 
  650.00000m   20.9737u 
  700.00000m   25.1806u 
  750.00000m   29.2482u 
  800.00000m   33.1589u 
  850.00000m   36.9034u 
  900.00000m   40.4772u 
  950.00000m   43.8785u 
    1.00000    47.1074u 
y
 vth0_value= 269.8803m
 u0_param=  49.3928m
 ags_param= 416.1279m
 
   *** monte carlo  index = 770 ***
x

 volt         param     
             i_d_0.2    
    0.         71.3282p 
   50.00000m  368.6013p 
  100.00000m    1.8519n 
  150.00000m    8.7966n 
  200.00000m   38.1317n 
  250.00000m  147.0596n 
  300.00000m  497.5761n 
  350.00000m    1.4211u 
  400.00000m    3.2978u 
  450.00000m    6.2731u 
  500.00000m   10.1311u 
  550.00000m   14.4260u 
  600.00000m   18.8140u 
  650.00000m   23.1431u 
  700.00000m   27.3529u 
  750.00000m   31.4158u 
  800.00000m   35.3180u 
  850.00000m   39.0519u 
  900.00000m   42.6136u 
  950.00000m   46.0017u 
    1.00000    49.2168u 
y
 vth0_value= 247.3184m
 u0_param=  49.2003m
 ags_param= 417.0561m
 
   *** monte carlo  index = 771 ***
x

 volt         param     
             i_d_0.2    
    0.        144.4195p 
   50.00000m  739.9195p 
  100.00000m    3.6486n 
  150.00000m   16.7733n 
  200.00000m   69.4826n 
  250.00000m  254.7774n 
  300.00000m  810.0302n 
  350.00000m    2.1322u 
  400.00000m    4.5511u 
  450.00000m    8.0682u 
  500.00000m   12.3308u 
  550.00000m   16.8818u 
  600.00000m   21.4526u 
  650.00000m   25.9341u 
  700.00000m   30.2807u 
  750.00000m   34.4701u 
  800.00000m   38.4904u 
  850.00000m   42.3350u 
  900.00000m   46.0004u 
  950.00000m   49.4857u 
    1.00000    52.7913u 
y
 vth0_value= 227.1203m
 u0_param=  50.6769m
 ags_param= 423.4464m
 
   *** monte carlo  index = 772 ***
x

 volt         param     
             i_d_0.2    
    0.         64.9332p 
   50.00000m  335.8692p 
  100.00000m    1.6912n 
  150.00000m    8.0665n 
  200.00000m   35.1794n 
  250.00000m  136.6185n 
  300.00000m  466.0151n 
  350.00000m    1.3455u 
  400.00000m    3.1600u 
  450.00000m    6.0734u 
  500.00000m    9.8893u 
  550.00000m   14.1665u 
  600.00000m   18.5495u 
  650.00000m   22.8783u 
  700.00000m   27.0894u 
  750.00000m   31.1545u 
  800.00000m   35.0592u 
  850.00000m   38.7958u 
  900.00000m   42.3603u 
  950.00000m   45.7513u 
    1.00000    48.9692u 
y
 vth0_value= 250.1529m
 u0_param=  49.2397m
 ags_param= 429.8937m
 
   *** monte carlo  index = 773 ***
x

 volt         param     
             i_d_0.2    
    0.         59.7049p 
   50.00000m  309.1204p 
  100.00000m    1.5601n 
  150.00000m    7.4720n 
  200.00000m   32.7906n 
  250.00000m  128.2613n 
  300.00000m  441.1388n 
  350.00000m    1.2879u 
  400.00000m    3.0622u 
  450.00000m    5.9487u 
  500.00000m    9.7695u 
  550.00000m   14.0839u 
  600.00000m   18.5196u 
  650.00000m   22.9056u 
  700.00000m   27.1742u 
  750.00000m   31.2955u 
  800.00000m   35.2545u 
  850.00000m   39.0432u 
  900.00000m   42.6576u 
  950.00000m   46.0961u 
    1.00000    49.3592u 
y
 vth0_value= 253.1214m
 u0_param=  49.9603m
 ags_param= 418.0867m
 
   *** monte carlo  index = 774 ***
x

 volt         param     
             i_d_0.2    
    0.         28.1146p 
   50.00000m  146.1535p 
  100.00000m  747.9858p 
  150.00000m    3.6805n 
  200.00000m   16.8595n 
  250.00000m   69.5114n 
  300.00000m  253.5412n 
  350.00000m  800.4897n 
  400.00000m    2.0883u 
  450.00000m    4.4180u 
  500.00000m    7.7732u 
  550.00000m   11.8052u 
  600.00000m   16.0830u 
  650.00000m   20.3622u 
  700.00000m   24.5453u 
  750.00000m   28.5921u 
  800.00000m   32.4840u 
  850.00000m   36.2112u 
  900.00000m   39.7690u 
  950.00000m   43.1555u 
    1.00000    46.3707u 
y
 vth0_value= 275.1236m
 u0_param=  49.1683m
 ags_param= 416.8514m
 
   *** monte carlo  index = 775 ***
x

 volt         param     
             i_d_0.2    
    0.        161.3728p 
   50.00000m  825.5152p 
  100.00000m    4.0580n 
  150.00000m   18.5580n 
  200.00000m   76.3522n 
  250.00000m  277.8696n 
  300.00000m  874.8807n 
  350.00000m    2.2748u 
  400.00000m    4.7981u 
  450.00000m    8.4236u 
  500.00000m   12.7775u 
  550.00000m   17.4025u 
  600.00000m   22.0385u 
  650.00000m   26.5806u 
  700.00000m   30.9844u 
  750.00000m   35.2280u 
  800.00000m   39.2999u 
  850.00000m   43.1933u 
  900.00000m   46.9050u 
  950.00000m   50.4338u 
    1.00000    53.7805u 
y
 vth0_value= 224.2002m
 u0_param=  51.3407m
 ags_param= 436.4266m
 
   *** monte carlo  index = 776 ***
x

 volt         param     
             i_d_0.2    
    0.        167.6590p 
   50.00000m  856.6115p 
  100.00000m    4.2007n 
  150.00000m   19.1344n 
  200.00000m   78.3252n 
  250.00000m  283.4946n 
  300.00000m  886.3234n 
  350.00000m    2.2846u 
  400.00000m    4.7791u 
  450.00000m    8.3342u 
  500.00000m   12.5764u 
  550.00000m   17.0664u 
  600.00000m   21.5614u 
  650.00000m   25.9637u 
  700.00000m   30.2314u 
  750.00000m   34.3440u 
  800.00000m   38.2903u 
  850.00000m   42.0638u 
  900.00000m   45.6613u 
  950.00000m   49.0817u 
    1.00000    52.3258u 
y
 vth0_value= 222.0149m
 u0_param=  49.6934m
 ags_param= 419.8115m
 
   *** monte carlo  index = 777 ***
x

 volt         param     
             i_d_0.2    
    0.         33.6883p 
   50.00000m  174.9950p 
  100.00000m  892.5041p 
  150.00000m    4.3617n 
  200.00000m   19.7553n 
  250.00000m   80.2860n 
  300.00000m  288.2644n 
  350.00000m  891.6047n 
  400.00000m    2.2677u 
  450.00000m    4.6835u 
  500.00000m    8.0803u 
  550.00000m   12.0877u 
  600.00000m   16.2969u 
  650.00000m   20.4918u 
  700.00000m   24.5871u 
  750.00000m   28.5469u 
  800.00000m   32.3540u 
  850.00000m   35.9996u 
  900.00000m   39.4791u 
  950.00000m   42.7908u 
    1.00000    45.9348u 
y
 vth0_value= 268.9896m
 u0_param=  48.0459m
 ags_param= 413.2228m
 
   *** monte carlo  index = 778 ***
x

 volt         param     
             i_d_0.2    
    0.         51.9496p 
   50.00000m  269.2354p 
  100.00000m    1.3625n 
  150.00000m    6.5587n 
  200.00000m   29.0053n 
  250.00000m  114.4917n 
  300.00000m  397.9042n 
  350.00000m    1.1782u 
  400.00000m    2.8462u 
  450.00000m    5.6079u 
  500.00000m    9.3143u 
  550.00000m   13.5403u 
  600.00000m   17.9047u 
  650.00000m   22.2273u 
  700.00000m   26.4370u 
  750.00000m   30.5027u 
  800.00000m   34.4092u 
  850.00000m   38.1482u 
  900.00000m   41.7155u 
  950.00000m   45.1097u 
    1.00000    48.3310u 
y
 vth0_value= 256.8527m
 u0_param=  49.2892m
 ags_param= 416.7108m
 
   *** monte carlo  index = 779 ***
x

 volt         param     
             i_d_0.2    
    0.         58.3363p 
   50.00000m  302.0406p 
  100.00000m    1.5246n 
  150.00000m    7.3043n 
  200.00000m   32.0694n 
  250.00000m  125.5128n 
  300.00000m  431.9923n 
  350.00000m    1.2625u 
  400.00000m    3.0050u 
  450.00000m    5.8438u 
  500.00000m    9.6051u 
  550.00000m   13.8547u 
  600.00000m   18.2251u 
  650.00000m   22.5470u 
  700.00000m   26.7536u 
  750.00000m   30.8153u 
  800.00000m   34.7172u 
  850.00000m   38.4515u 
  900.00000m   42.0141u 
  950.00000m   45.4035u 
    1.00000    48.6201u 
y
 vth0_value= 253.3408m
 u0_param=  49.2166m
 ags_param= 422.8122m
 
   *** monte carlo  index = 780 ***
x

 volt         param     
             i_d_0.2    
    0.         31.1174p 
   50.00000m  161.7265p 
  100.00000m  826.3811p 
  150.00000m    4.0534n 
  200.00000m   18.4695n 
  250.00000m   75.6315n 
  300.00000m  273.8036n 
  350.00000m  856.0560n 
  400.00000m    2.2062u 
  450.00000m    4.6133u 
  500.00000m    8.0397u 
  550.00000m   12.1207u 
  600.00000m   16.4293u 
  650.00000m   20.7315u 
  700.00000m   24.9341u 
  750.00000m   28.9985u 
  800.00000m   32.9066u 
  850.00000m   36.6490u 
  900.00000m   40.2210u 
  950.00000m   43.6207u 
    1.00000    46.8483u 
y
 vth0_value= 272.2190m
 u0_param=  49.3700m
 ags_param= 409.5888m
 
   *** monte carlo  index = 781 ***
x

 volt         param     
             i_d_0.2    
    0.         67.1261p 
   50.00000m  347.1368p 
  100.00000m    1.7470n 
  150.00000m    8.3236n 
  200.00000m   36.2430n 
  250.00000m  140.4906n 
  300.00000m  478.1849n 
  350.00000m    1.3766u 
  400.00000m    3.2225u 
  450.00000m    6.1759u 
  500.00000m   10.0336u 
  550.00000m   14.3499u 
  600.00000m   18.7694u 
  650.00000m   23.1329u 
  700.00000m   27.3774u 
  750.00000m   31.4743u 
  800.00000m   35.4093u 
  850.00000m   39.1747u 
  900.00000m   42.7666u 
  950.00000m   46.1836u 
    1.00000    49.4260u 
y
 vth0_value= 249.4139m
 u0_param=  49.6372m
 ags_param= 409.5344m
 
   *** monte carlo  index = 782 ***
x

 volt         param     
             i_d_0.2    
    0.         21.4648p 
   50.00000m  111.6089p 
  100.00000m  573.5411p 
  150.00000m    2.8461n 
  200.00000m   13.2260n 
  250.00000m   55.5816n 
  300.00000m  207.0236n 
  350.00000m  671.2937n 
  400.00000m    1.8119u 
  450.00000m    3.9635u 
  500.00000m    7.1689u 
  550.00000m   11.1236u 
  600.00000m   15.3839u 
  650.00000m   19.6707u 
  700.00000m   23.8703u 
  750.00000m   27.9368u 
  800.00000m   31.8492u 
  850.00000m   35.5973u 
  900.00000m   39.1757u 
  950.00000m   42.5824u 
    1.00000    45.8174u 
y
 vth0_value= 283.3898m
 u0_param=  49.4716m
 ags_param= 414.0148m
 
   *** monte carlo  index = 783 ***
x

 volt         param     
             i_d_0.2    
    0.         82.9790p 
   50.00000m  428.1535p 
  100.00000m    2.1435n 
  150.00000m   10.1163n 
  200.00000m   43.4452n 
  250.00000m  165.7913n 
  300.00000m  553.9524n 
  350.00000m    1.5557u 
  400.00000m    3.5458u 
  450.00000m    6.6411u 
  500.00000m   10.5950u 
  550.00000m   14.9533u 
  600.00000m   19.3872u 
  650.00000m   23.7550u 
  700.00000m   27.9996u 
  750.00000m   32.0949u 
  800.00000m   36.0274u 
  850.00000m   39.7898u 
  900.00000m   43.3782u 
  950.00000m   46.7915u 
    1.00000    50.0300u 
y
 vth0_value= 243.0346m
 u0_param=  49.5795m
 ags_param= 423.2808m
 
   *** monte carlo  index = 784 ***
x

 volt         param     
             i_d_0.2    
    0.         43.7051p 
   50.00000m  226.8050p 
  100.00000m    1.1520n 
  150.00000m    5.5848n 
  200.00000m   24.9713n 
  250.00000m   99.8737n 
  300.00000m  352.2609n 
  350.00000m    1.0639u 
  400.00000m    2.6298u 
  450.00000m    5.2896u 
  500.00000m    8.9326u 
  550.00000m   13.1481u 
  600.00000m   17.5329u 
  650.00000m   21.8869u 
  700.00000m   26.1313u 
  750.00000m   30.2323u 
  800.00000m   34.1735u 
  850.00000m   37.9462u 
  900.00000m   41.5462u 
  950.00000m   44.9718u 
    1.00000    48.2231u 
y
 vth0_value= 262.3184m
 u0_param=  49.7633m
 ags_param= 408.4252m
 
   *** monte carlo  index = 785 ***
x

 volt         param     
             i_d_0.2    
    0.        134.5518p 
   50.00000m  690.4657p 
  100.00000m    3.4157n 
  150.00000m   15.7875n 
  200.00000m   65.8673n 
  250.00000m  243.3960n 
  300.00000m  781.4522n 
  350.00000m    2.0827u 
  400.00000m    4.4995u 
  450.00000m    8.0564u 
  500.00000m   12.4084u 
  550.00000m   17.0810u 
  600.00000m   21.7839u 
  650.00000m   26.3983u 
  700.00000m   30.8746u 
  750.00000m   35.1894u 
  800.00000m   39.3300u 
  850.00000m   43.2896u 
  900.00000m   47.0645u 
  950.00000m   50.6538u 
    1.00000    54.0581u 
y
 vth0_value= 230.2232m
 u0_param=  52.2657m
 ags_param= 425.2776m
 
   *** monte carlo  index = 786 ***
x

 volt         param     
             i_d_0.2    
    0.         13.0143p 
   50.00000m   67.5015p 
  100.00000m  348.6157p 
  150.00000m    1.7497n 
  200.00000m    8.2967n 
  250.00000m   35.8728n 
  300.00000m  137.9449n 
  350.00000m  465.1129n 
  400.00000m    1.3220u 
  450.00000m    3.0519u 
  500.00000m    5.7781u 
  550.00000m    9.2935u 
  600.00000m   13.1863u 
  650.00000m   17.1481u 
  700.00000m   21.0459u 
  750.00000m   24.8273u 
  800.00000m   28.4694u 
  850.00000m   31.9609u 
  900.00000m   35.2963u 
  950.00000m   38.4732u 
    1.00000    41.4913u 
y
 vth0_value= 296.1327m
 u0_param=  46.0353m
 ags_param= 406.3732m
 
   *** monte carlo  index = 787 ***
x

 volt         param     
             i_d_0.2    
    0.         56.9935p 
   50.00000m  295.1455p 
  100.00000m    1.4905n 
  150.00000m    7.1478n 
  200.00000m   31.4268n 
  250.00000m  123.2015n 
  300.00000m  424.8438n 
  350.00000m    1.2448u 
  400.00000m    2.9714u 
  450.00000m    5.7932u 
  500.00000m    9.5412u 
  550.00000m   13.7832u 
  600.00000m   18.1492u 
  650.00000m   22.4679u 
  700.00000m   26.6720u 
  750.00000m   30.7314u 
  800.00000m   34.6312u 
  850.00000m   38.3636u 
  900.00000m   41.9244u 
  950.00000m   45.3122u 
    1.00000    48.5273u 
y
 vth0_value= 254.0203m
 u0_param=  49.1908m
 ags_param= 427.8809m
 
   *** monte carlo  index = 788 ***
x

 volt         param     
             i_d_0.2    
    0.         28.4569p 
   50.00000m  147.8967p 
  100.00000m  756.4155p 
  150.00000m    3.7173n 
  200.00000m   16.9927n 
  250.00000m   69.8737n 
  300.00000m  254.1335n 
  350.00000m  799.4328n 
  400.00000m    2.0761u 
  450.00000m    4.3733u 
  500.00000m    7.6676u 
  550.00000m   11.6130u 
  600.00000m   15.7907u 
  650.00000m   19.9669u 
  700.00000m   24.0485u 
  750.00000m   27.9970u 
  800.00000m   31.7943u 
  850.00000m   35.4312u 
  900.00000m   38.9028u 
  950.00000m   42.2074u 
    1.00000    45.3450u 
y
 vth0_value= 273.9660m
 u0_param=  47.9419m
 ags_param= 400.1321m
 
   *** monte carlo  index = 789 ***
x

 volt         param     
             i_d_0.2    
    0.        104.5210p 
   50.00000m  537.5181p 
  100.00000m    2.6718n 
  150.00000m   12.4518n 
  200.00000m   52.5397n 
  250.00000m  196.6136n 
  300.00000m  641.5064n 
  350.00000m    1.7460u 
  400.00000m    3.8527u 
  450.00000m    7.0218u 
  500.00000m   10.9643u 
  550.00000m   15.2376u 
  600.00000m   19.5554u 
  650.00000m   23.7986u 
  700.00000m   27.9184u 
  750.00000m   31.8918u 
  800.00000m   35.7065u 
  850.00000m   39.3558u 
  900.00000m   42.8361u 
  950.00000m   46.1462u 
    1.00000    49.2865u 
y
 vth0_value= 235.1098m
 u0_param=  48.0216m
 ags_param= 422.3713m
 
   *** monte carlo  index = 790 ***
x

 volt         param     
             i_d_0.2    
    0.         41.1217p 
   50.00000m  213.4447p 
  100.00000m    1.0851n 
  150.00000m    5.2694n 
  200.00000m   23.6247n 
  250.00000m   94.8022n 
  300.00000m  335.6288n 
  350.00000m    1.0188u 
  400.00000m    2.5335u 
  450.00000m    5.1240u 
  500.00000m    8.6915u 
  550.00000m   12.8357u 
  600.00000m   17.1546u 
  650.00000m   21.4462u 
  700.00000m   25.6311u 
  750.00000m   29.6752u 
  800.00000m   33.5621u 
  850.00000m   37.2833u 
  900.00000m   40.8342u 
  950.00000m   44.2134u 
    1.00000    47.4209u 
y
 vth0_value= 263.6888m
 u0_param=  49.0581m
 ags_param= 426.5765m
 
   *** monte carlo  index = 791 ***
x

 volt         param     
             i_d_0.2    
    0.        147.4354p 
   50.00000m  755.1835p 
  100.00000m    3.7220n 
  150.00000m   17.0956n 
  200.00000m   70.7371n 
  250.00000m  259.0498n 
  300.00000m  822.2689n 
  350.00000m    2.1600u 
  400.00000m    4.6010u 
  450.00000m    8.1431u 
  500.00000m   12.4293u 
  550.00000m   17.0014u 
  600.00000m   21.5920u 
  650.00000m   26.0923u 
  700.00000m   30.4567u 
  750.00000m   34.6632u 
  800.00000m   38.6997u 
  850.00000m   42.5597u 
  900.00000m   46.2398u 
  950.00000m   49.7389u 
    1.00000    53.0576u 
y
 vth0_value= 226.6313m
 u0_param=  50.8871m
 ags_param= 428.4673m
 
   *** monte carlo  index = 792 ***
x

 volt         param     
             i_d_0.2    
    0.         44.3237p 
   50.00000m  229.8786p 
  100.00000m    1.1661n 
  150.00000m    5.6397n 
  200.00000m   25.1222n 
  250.00000m  100.0300n 
  300.00000m  351.1081n 
  350.00000m    1.0537u 
  400.00000m    2.5853u 
  450.00000m    5.1659u 
  500.00000m    8.6776u 
  550.00000m   12.7206u 
  600.00000m   16.9151u 
  650.00000m   21.0767u 
  700.00000m   25.1326u 
  750.00000m   29.0515u 
  800.00000m   32.8179u 
  850.00000m   36.4236u 
  900.00000m   39.8644u 
  950.00000m   43.1387u 
    1.00000    46.2468u 
y
 vth0_value= 260.4177m
 u0_param=  47.4831m
 ags_param= 424.6919m
 
   *** monte carlo  index = 793 ***
x

 volt         param     
             i_d_0.2    
    0.         95.3042p 
   50.00000m  490.9582p 
  100.00000m    2.4491n 
  150.00000m   11.4854n 
  200.00000m   48.8820n 
  250.00000m  184.6662n 
  300.00000m  609.5294n 
  350.00000m    1.6842u 
  400.00000m    3.7742u 
  450.00000m    6.9680u 
  500.00000m   10.9913u 
  550.00000m   15.3869u 
  600.00000m   19.8423u 
  650.00000m   24.2254u 
  700.00000m   28.4826u 
  750.00000m   32.5889u 
  800.00000m   36.5314u 
  850.00000m   40.3028u 
  900.00000m   43.8996u 
  950.00000m   47.3205u 
    1.00000    50.5660u 
y
 vth0_value= 238.9626m
 u0_param=  49.6955m
 ags_param= 425.0265m
 
   *** monte carlo  index = 794 ***
x

 volt         param     
             i_d_0.2    
    0.         95.0736p 
   50.00000m  489.6984p 
  100.00000m    2.4421n 
  150.00000m   11.4473n 
  200.00000m   48.6876n 
  250.00000m  183.8017n 
  300.00000m  606.1750n 
  350.00000m    1.6732u 
  400.00000m    3.7454u 
  450.00000m    6.9086u 
  500.00000m   10.8898u 
  550.00000m   15.2367u 
  600.00000m   19.6416u 
  650.00000m   23.9748u 
  700.00000m   28.1835u 
  750.00000m   32.2432u 
  800.00000m   36.1409u 
  850.00000m   39.8697u 
  900.00000m   43.4259u 
  950.00000m   46.8083u 
    1.00000    50.0172u 
y
 vth0_value= 238.6607m
 u0_param=  49.1118m
 ags_param= 425.9862m
 
   *** monte carlo  index = 795 ***
x

 volt         param     
             i_d_0.2    
    0.         57.0597p 
   50.00000m  295.5098p 
  100.00000m    1.4926n 
  150.00000m    7.1593n 
  200.00000m   31.4892n 
  250.00000m  123.4975n 
  300.00000m  426.0571n 
  350.00000m    1.2491u 
  400.00000m    2.9837u 
  450.00000m    5.8202u 
  500.00000m    9.5901u 
  550.00000m   13.8587u 
  600.00000m   18.2530u 
  650.00000m   22.6001u 
  700.00000m   26.8317u 
  750.00000m   30.9177u 
  800.00000m   34.8431u 
  850.00000m   38.5999u 
  900.00000m   42.1839u 
  950.00000m   45.5938u 
    1.00000    48.8298u 
y
 vth0_value= 254.2002m
 u0_param=  49.5262m
 ags_param= 417.8349m
 
   *** monte carlo  index = 796 ***
x

 volt         param     
             i_d_0.2    
    0.        113.2053p 
   50.00000m  582.1290p 
  100.00000m    2.8924n 
  150.00000m   13.4706n 
  200.00000m   56.7807n 
  250.00000m  212.2128n 
  300.00000m  691.1692n 
  350.00000m    1.8766u 
  400.00000m    4.1302u 
  450.00000m    7.5106u 
  500.00000m   11.7077u 
  550.00000m   16.2530u 
  600.00000m   20.8437u 
  650.00000m   25.3538u 
  700.00000m   29.7316u 
  750.00000m   33.9527u 
  800.00000m   38.0044u 
  850.00000m   41.8797u 
  900.00000m   45.5748u 
  950.00000m   49.0887u 
    1.00000    52.4219u 
y
 vth0_value= 234.6962m
 u0_param=  51.1123m
 ags_param= 419.9415m
 
   *** monte carlo  index = 797 ***
x

 volt         param     
             i_d_0.2    
    0.         86.1312p 
   50.00000m  444.2944p 
  100.00000m    2.2228n 
  150.00000m   10.4779n 
  200.00000m   44.9203n 
  250.00000m  171.0827n 
  300.00000m  570.2598n 
  350.00000m    1.5963u 
  400.00000m    3.6260u 
  450.00000m    6.7715u 
  500.00000m   10.7780u 
  550.00000m   15.1867u 
  600.00000m   19.6686u 
  650.00000m   24.0823u 
  700.00000m   28.3709u 
  750.00000m   32.5083u 
  800.00000m   36.4810u 
  850.00000m   40.2816u 
  900.00000m   43.9064u 
  950.00000m   47.3541u 
    1.00000    50.6251u 
y
 vth0_value= 242.2508m
 u0_param=  50.1024m
 ags_param= 418.8198m
 
   *** monte carlo  index = 798 ***
x

 volt         param     
             i_d_0.2    
    0.         81.6308p 
   50.00000m  421.3960p 
  100.00000m    2.1117n 
  150.00000m    9.9837n 
  200.00000m   42.9822n 
  250.00000m  164.4760n 
  300.00000m  551.3284n 
  350.00000m    1.5549u 
  400.00000m    3.5599u 
  450.00000m    6.6929u 
  500.00000m   10.7097u 
  550.00000m   15.1487u 
  600.00000m   19.6696u 
  650.00000m   24.1245u 
  700.00000m   28.4541u 
  750.00000m   32.6315u 
  800.00000m   36.6427u 
  850.00000m   40.4803u 
  900.00000m   44.1404u 
  950.00000m   47.6217u 
    1.00000    50.9247u 
y
 vth0_value= 244.1770m
 u0_param=  50.6122m
 ags_param= 419.7867m
 
   *** monte carlo  index = 799 ***
x

 volt         param     
             i_d_0.2    
    0.         64.7647p 
   50.00000m  335.0195p 
  100.00000m    1.6872n 
  150.00000m    8.0493n 
  200.00000m   35.1170n 
  250.00000m  136.4330n 
  300.00000m  465.6026n 
  350.00000m    1.3452u 
  400.00000m    3.1614u 
  450.00000m    6.0795u 
  500.00000m    9.9041u 
  550.00000m   14.1927u 
  600.00000m   18.5882u 
  650.00000m   22.9297u 
  700.00000m   27.1533u 
  750.00000m   31.2304u 
  800.00000m   35.1466u 
  850.00000m   38.8942u 
  900.00000m   42.4692u 
  950.00000m   45.8702u 
    1.00000    49.0976u 
y
 vth0_value= 250.3284m
 u0_param=  49.3925m
 ags_param= 421.7691m
 
   *** monte carlo  index = 800 ***
x

 volt         param     
             i_d_0.2    
    0.         46.1116p 
   50.00000m  239.1644p 
  100.00000m    1.2130n 
  150.00000m    5.8646n 
  200.00000m   26.1098n 
  250.00000m  103.8894n 
  300.00000m  364.3338n 
  350.00000m    1.0920u 
  400.00000m    2.6753u 
  450.00000m    5.3381u 
  500.00000m    8.9564u 
  550.00000m   13.1188u 
  600.00000m   17.4358u 
  650.00000m   21.7181u 
  700.00000m   25.8911u 
  750.00000m   29.9227u 
  800.00000m   33.7969u 
  850.00000m   37.5055u 
  900.00000m   41.0443u 
  950.00000m   44.4116u 
    1.00000    47.6076u 
y
 vth0_value= 260.1546m
 u0_param=  48.8843m
 ags_param= 409.1416m
 
   *** monte carlo  index = 801 ***
x

 volt         param     
             i_d_0.2    
    0.         56.7520p 
   50.00000m  293.9210p 
  100.00000m    1.4846n 
  150.00000m    7.1221n 
  200.00000m   31.3306n 
  250.00000m  122.9007n 
  300.00000m  424.1008n 
  350.00000m    1.2438u 
  400.00000m    2.9721u 
  450.00000m    5.7996u 
  500.00000m    9.5586u 
  550.00000m   13.8159u 
  600.00000m   18.1990u 
  650.00000m   22.5352u 
  700.00000m   26.7563u 
  750.00000m   30.8322u 
  800.00000m   34.7479u 
  850.00000m   38.4955u 
  900.00000m   42.0708u 
  950.00000m   45.4723u 
    1.00000    48.7005u 
y
 vth0_value= 254.2819m
 u0_param=  49.4011m
 ags_param= 416.2786m
 
   *** monte carlo  index = 802 ***
x

 volt         param     
             i_d_0.2    
    0.         70.9972p 
   50.00000m  366.9671p 
  100.00000m    1.8445n 
  150.00000m    8.7681n 
  200.00000m   38.0505n 
  250.00000m  146.9298n 
  300.00000m  497.8500n 
  350.00000m    1.4246u 
  400.00000m    3.3127u 
  450.00000m    6.3124u 
  500.00000m   10.2087u 
  550.00000m   14.5516u 
  600.00000m   18.9909u 
  650.00000m   23.3714u 
  700.00000m   27.6311u 
  750.00000m   31.7424u 
  800.00000m   35.6908u 
  850.00000m   39.4689u 
  900.00000m   43.0727u 
  950.00000m   46.5009u 
    1.00000    49.7538u 
y
 vth0_value= 247.8425m
 u0_param=  49.8030m
 ags_param= 426.3974m
 
   *** monte carlo  index = 803 ***
x

 volt         param     
             i_d_0.2    
    0.        112.4018p 
   50.00000m  578.1211p 
  100.00000m    2.8737n 
  150.00000m   13.3936n 
  200.00000m   56.5132n 
  250.00000m  211.4456n 
  300.00000m  689.5989n 
  350.00000m    1.8756u 
  400.00000m    4.1353u 
  450.00000m    7.5307u 
  500.00000m   11.7525u 
  550.00000m   16.3286u 
  600.00000m   20.9519u 
  650.00000m   25.4946u 
  700.00000m   29.9040u 
  750.00000m   34.1558u 
  800.00000m   38.2368u 
  850.00000m   42.1400u 
  900.00000m   45.8618u 
  950.00000m   49.4010u 
    1.00000    52.7582u 
y
 vth0_value= 235.1467m
 u0_param=  51.4965m
 ags_param= 426.9026m
 
   *** monte carlo  index = 804 ***
x

 volt         param     
             i_d_0.2    
    0.         23.4861p 
   50.00000m  122.1225p 
  100.00000m  626.7689p 
  150.00000m    3.1020n 
  200.00000m   14.3488n 
  250.00000m   59.9273n 
  300.00000m  221.6924n 
  350.00000m  712.7050n 
  400.00000m    1.9025u 
  450.00000m    4.1158u 
  500.00000m    7.3763u 
  550.00000m   11.3638u 
  600.00000m   15.6371u 
  650.00000m   19.9283u 
  700.00000m   24.1290u 
  750.00000m   28.1953u 
  800.00000m   32.1069u 
  850.00000m   35.8539u 
  900.00000m   39.4309u 
  950.00000m   42.8362u 
    1.00000    46.0696u 
y
 vth0_value= 280.6838m
 u0_param=  49.4511m
 ags_param= 408.7672m
 
   *** monte carlo  index = 805 ***
x

 volt         param     
             i_d_0.2    
    0.         75.3151p 
   50.00000m  389.0868p 
  100.00000m    1.9532n 
  150.00000m    9.2643n 
  200.00000m   40.0711n 
  250.00000m  154.1489n 
  300.00000m  519.9783n 
  350.00000m    1.4790u 
  400.00000m    3.4168u 
  450.00000m    6.4740u 
  500.00000m   10.4233u 
  550.00000m   14.8095u 
  600.00000m   19.2860u 
  650.00000m   23.7006u 
  700.00000m   27.9926u 
  750.00000m   32.1343u 
  800.00000m   36.1118u 
  850.00000m   39.9174u 
  900.00000m   43.5472u 
  950.00000m   47.0000u 
    1.00000    50.2761u 
y
 vth0_value= 246.3147m
 u0_param=  50.1795m
 ags_param= 413.0755m
 
   *** monte carlo  index = 806 ***
x

 volt         param     
             i_d_0.2    
    0.         68.2259p 
   50.00000m  352.7875p 
  100.00000m    1.7749n 
  150.00000m    8.4524n 
  200.00000m   36.7764n 
  250.00000m  142.4341n 
  300.00000m  484.3017n 
  350.00000m    1.3923u 
  400.00000m    3.2542u 
  450.00000m    6.2284u 
  500.00000m   10.1082u 
  550.00000m   14.4454u 
  600.00000m   18.8846u 
  650.00000m   23.2670u 
  700.00000m   27.5294u 
  750.00000m   31.6436u 
  800.00000m   35.5950u 
  850.00000m   39.3761u 
  900.00000m   42.9828u 
  950.00000m   46.4138u 
    1.00000    49.6695u 
y
 vth0_value= 249.0617m
 u0_param=  49.8478m
 ags_param= 418.5685m
 
   *** monte carlo  index = 807 ***
x

 volt         param     
             i_d_0.2    
    0.         20.0055p 
   50.00000m  103.9603p 
  100.00000m  534.1628p 
  150.00000m    2.6505n 
  200.00000m   12.3160n 
  250.00000m   51.7552n 
  300.00000m  192.7931n 
  350.00000m  625.3647n 
  400.00000m    1.6889u 
  450.00000m    3.6969u 
  500.00000m    6.6912u 
  550.00000m   10.3870u 
  600.00000m   14.3679u 
  650.00000m   18.3737u 
  700.00000m   22.2987u 
  750.00000m   26.1000u 
  800.00000m   29.7581u 
  850.00000m   33.2632u 
  900.00000m   36.6103u 
  950.00000m   39.7972u 
    1.00000    42.8240u 
y
 vth0_value= 283.3303m
 u0_param=  46.1809m
 ags_param= 417.1922m
 
   *** monte carlo  index = 808 ***
x

 volt         param     
             i_d_0.2    
    0.         97.0576p 
   50.00000m  500.1141p 
  100.00000m    2.4958n 
  150.00000m   11.7129n 
  200.00000m   49.8994n 
  250.00000m  188.7017n 
  300.00000m  623.5573n 
  350.00000m    1.7255u 
  400.00000m    3.8722u 
  450.00000m    7.1572u 
  500.00000m   11.3002u 
  550.00000m   15.8310u 
  600.00000m   20.4251u 
  650.00000m   24.9448u 
  700.00000m   29.3345u 
  750.00000m   33.5684u 
  800.00000m   37.6329u 
  850.00000m   41.5208u 
  900.00000m   45.2284u 
  950.00000m   48.7544u 
    1.00000    52.0994u 
y
 vth0_value= 239.4202m
 u0_param=  51.2961m
 ags_param= 415.3725m
 
   *** monte carlo  index = 809 ***
x

 volt         param     
             i_d_0.2    
    0.         39.6169p 
   50.00000m  205.6962p 
  100.00000m    1.0466n 
  150.00000m    5.0915n 
  200.00000m   22.8897n 
  250.00000m   92.1621n 
  300.00000m  327.4913n 
  350.00000m  999.0157n 
  400.00000m    2.4988u 
  450.00000m    5.0808u 
  500.00000m    8.6553u 
  550.00000m   12.8243u 
  600.00000m   17.1778u 
  650.00000m   21.5069u 
  700.00000m   25.7293u 
  750.00000m   29.8102u 
  800.00000m   33.7326u 
  850.00000m   37.4878u 
  900.00000m   41.0713u 
  950.00000m   44.4814u 
    1.00000    47.7183u 
y
 vth0_value= 265.1021m
 u0_param=  49.5261m
 ags_param= 420.9143m
 
   *** monte carlo  index = 810 ***
x

 volt         param     
             i_d_0.2    
    0.        101.3797p 
   50.00000m  521.7939p 
  100.00000m    2.5980n 
  150.00000m   12.1431n 
  200.00000m   51.4424n 
  250.00000m  193.3456n 
  300.00000m  634.1915n 
  350.00000m    1.7380u 
  400.00000m    3.8619u 
  450.00000m    7.0794u 
  500.00000m   11.1048u 
  550.00000m   15.4837u 
  600.00000m   19.9145u 
  650.00000m   24.2706u 
  700.00000m   28.5006u 
  750.00000m   32.5804u 
  800.00000m   36.4971u 
  850.00000m   40.2438u 
  900.00000m   43.8169u 
  950.00000m   47.2151u 
    1.00000    50.4390u 
y
 vth0_value= 236.8925m
 u0_param=  49.3535m
 ags_param= 423.5436m
 
   *** monte carlo  index = 811 ***
x

 volt         param     
             i_d_0.2    
    0.        140.1772p 
   50.00000m  718.4050p 
  100.00000m    3.5448n 
  150.00000m   16.3140n 
  200.00000m   67.6783n 
  250.00000m  248.5622n 
  300.00000m  791.9281n 
  350.00000m    2.0902u 
  400.00000m    4.4730u 
  450.00000m    7.9470u 
  500.00000m   12.1657u 
  550.00000m   16.6749u 
  600.00000m   21.2057u 
  650.00000m   25.6489u 
  700.00000m   29.9586u 
  750.00000m   34.1128u 
  800.00000m   38.0996u 
  850.00000m   41.9122u 
  900.00000m   45.5472u 
  950.00000m   49.0037u 
    1.00000    52.2822u 
y
 vth0_value= 227.7401m
 u0_param=  50.2395m
 ags_param= 421.1172m
 
   *** monte carlo  index = 812 ***
x

 volt         param     
             i_d_0.2    
    0.         31.8180p 
   50.00000m  165.3157p 
  100.00000m  843.9817p 
  150.00000m    4.1327n 
  200.00000m   18.7789n 
  250.00000m   76.6301n 
  300.00000m  276.3756n 
  350.00000m  859.9001n 
  400.00000m    2.2030u 
  450.00000m    4.5808u 
  500.00000m    7.9469u 
  550.00000m   11.9386u 
  600.00000m   16.1427u 
  650.00000m   20.3368u 
  700.00000m   24.4329u 
  750.00000m   28.3940u 
  800.00000m   32.2028u 
  850.00000m   35.8502u 
  900.00000m   39.3316u 
  950.00000m   42.6452u 
    1.00000    45.7911u 
y
 vth0_value= 270.7161m
 u0_param=  48.0754m
 ags_param= 408.9263m
 
   *** monte carlo  index = 813 ***
x

 volt         param     
             i_d_0.2    
    0.         20.5900p 
   50.00000m  107.0383p 
  100.00000m  550.1741p 
  150.00000m    2.7316n 
  200.00000m   12.7058n 
  250.00000m   53.4646n 
  300.00000m  199.4333n 
  350.00000m  647.9211n 
  400.00000m    1.7532u 
  450.00000m    3.8451u 
  500.00000m    6.9698u 
  550.00000m   10.8329u 
  600.00000m   14.9990u 
  650.00000m   19.1930u 
  700.00000m   23.3026u 
  750.00000m   27.2824u 
  800.00000m   31.1119u 
  850.00000m   34.7808u 
  900.00000m   38.2839u 
  950.00000m   41.6192u 
    1.00000    44.7865u 
y
 vth0_value= 283.9453m
 u0_param=  48.3978m
 ags_param= 411.9120m
 
   *** monte carlo  index = 814 ***
x

 volt         param     
             i_d_0.2    
    0.         84.4556p 
   50.00000m  435.6202p 
  100.00000m    2.1792n 
  150.00000m   10.2716n 
  200.00000m   44.0296n 
  250.00000m  167.6723n 
  300.00000m  558.8565n 
  350.00000m    1.5643u 
  400.00000m    3.5532u 
  450.00000m    6.6358u 
  500.00000m   10.5622u 
  550.00000m   14.8821u 
  600.00000m   19.2735u 
  650.00000m   23.5982u 
  700.00000m   27.8007u 
  750.00000m   31.8553u 
  800.00000m   35.7486u 
  850.00000m   39.4736u 
  900.00000m   43.0265u 
  950.00000m   46.4059u 
    1.00000    49.6123u 
y
 vth0_value= 242.1790m
 u0_param=  49.0690m
 ags_param= 415.8193m
 
   *** monte carlo  index = 815 ***
x

 volt         param     
             i_d_0.2    
    0.         58.9564p 
   50.00000m  305.3144p 
  100.00000m    1.5417n 
  150.00000m    7.3907n 
  200.00000m   32.4794n 
  250.00000m  127.2513n 
  300.00000m  438.4710n 
  350.00000m    1.2833u 
  400.00000m    3.0595u 
  450.00000m    5.9579u 
  500.00000m    9.8033u 
  550.00000m   14.1528u 
  600.00000m   18.6282u 
  650.00000m   23.0545u 
  700.00000m   27.3628u 
  750.00000m   31.5224u 
  800.00000m   35.5182u 
  850.00000m   39.3420u 
  900.00000m   42.9899u 
  950.00000m   46.4602u 
    1.00000    49.7535u 
y
 vth0_value= 253.8008m
 u0_param=  50.4413m
 ags_param= 424.2546m
 
   *** monte carlo  index = 816 ***
x

 volt         param     
             i_d_0.2    
    0.         37.6885p 
   50.00000m  195.7192p 
  100.00000m  996.6457p 
  150.00000m    4.8555n 
  200.00000m   21.8819n 
  250.00000m   88.3690n 
  300.00000m  315.0661n 
  350.00000m  965.4254n 
  400.00000m    2.4278u 
  450.00000m    4.9611u 
  500.00000m    8.4856u 
  550.00000m   12.6111u 
  600.00000m   16.9271u 
  650.00000m   21.2219u 
  700.00000m   25.4121u 
  750.00000m   29.4623u 
  800.00000m   33.3555u 
  850.00000m   37.0830u 
  900.00000m   40.6403u 
  950.00000m   44.0255u 
    1.00000    47.2391u 
y
 vth0_value= 266.3530m
 u0_param=  49.1503m
 ags_param= 426.3558m
 
   *** monte carlo  index = 817 ***
x

 volt         param     
             i_d_0.2    
    0.         70.9814p 
   50.00000m  366.8116p 
  100.00000m    1.8430n 
  150.00000m    8.7548n 
  200.00000m   37.9540n 
  250.00000m  146.3910n 
  300.00000m  495.3864n 
  350.00000m    1.4151u 
  400.00000m    3.2847u 
  450.00000m    6.2494u 
  500.00000m   10.0944u 
  550.00000m   14.3753u 
  600.00000m   18.7492u 
  650.00000m   23.0646u 
  700.00000m   27.2610u 
  750.00000m   31.3111u 
  800.00000m   35.2011u 
  850.00000m   38.9233u 
  900.00000m   42.4739u 
  950.00000m   45.8515u 
    1.00000    49.0565u 
y
 vth0_value= 247.3618m
 u0_param=  49.0414m
 ags_param= 415.3994m
 
   *** monte carlo  index = 818 ***
x

 volt         param     
             i_d_0.2    
    0.         45.0271p 
   50.00000m  233.5991p 
  100.00000m    1.1856n 
  150.00000m    5.7392n 
  200.00000m   25.6025n 
  250.00000m  102.1133n 
  300.00000m  359.0517n 
  350.00000m    1.0800u 
  400.00000m    2.6567u 
  450.00000m    5.3206u 
  500.00000m    8.9536u 
  550.00000m   13.1440u 
  600.00000m   17.4959u 
  650.00000m   21.8147u 
  700.00000m   26.0240u 
  750.00000m   30.0908u 
  800.00000m   33.9990u 
  850.00000m   37.7401u 
  900.00000m   41.3099u 
  950.00000m   44.7067u 
    1.00000    47.9308u 
y
 vth0_value= 261.1504m
 u0_param=  49.3272m
 ags_param= 417.6145m
 
   *** monte carlo  index = 819 ***
x

 volt         param     
             i_d_0.2    
    0.         38.7075p 
   50.00000m  201.0188p 
  100.00000m    1.0235n 
  150.00000m    4.9849n 
  200.00000m   22.4539n 
  250.00000m   90.6228n 
  300.00000m  322.8612n 
  350.00000m  988.2874n 
  400.00000m    2.4821u 
  450.00000m    5.0659u 
  500.00000m    8.6562u 
  550.00000m   12.8555u 
  600.00000m   17.2471u 
  650.00000m   21.6164u 
  700.00000m   25.8788u 
  750.00000m   29.9986u 
  800.00000m   33.9584u 
  850.00000m   37.7494u 
  900.00000m   41.3670u 
  950.00000m   44.8097u 
    1.00000    48.0775u 
y
 vth0_value= 266.1077m
 u0_param=  50.0185m
 ags_param= 415.7207m
 
   *** monte carlo  index = 820 ***
x

 volt         param     
             i_d_0.2    
    0.         62.9675p 
   50.00000m  325.8540p 
  100.00000m    1.6425n 
  150.00000m    7.8494n 
  200.00000m   34.3309n 
  250.00000m  133.7620n 
  300.00000m  457.9896n 
  350.00000m    1.3290u 
  400.00000m    3.1386u 
  450.00000m    6.0611u 
  500.00000m    9.9072u 
  550.00000m   14.2326u 
  600.00000m   18.6717u 
  650.00000m   23.0581u 
  700.00000m   27.3260u 
  750.00000m   31.4462u 
  800.00000m   35.4038u 
  850.00000m   39.1910u 
  900.00000m   42.8038u 
  950.00000m   46.2408u 
    1.00000    49.5022u 
y
 vth0_value= 251.5165m
 u0_param=  49.9375m
 ags_param= 415.9945m
 
   *** monte carlo  index = 821 ***
x

 volt         param     
             i_d_0.2    
    0.         48.6966p 
   50.00000m  252.5382p 
  100.00000m    1.2801n 
  150.00000m    6.1814n 
  200.00000m   27.4687n 
  250.00000m  109.0472n 
  300.00000m  381.4178n 
  350.00000m    1.1391u 
  400.00000m    2.7791u 
  450.00000m    5.5240u 
  500.00000m    9.2399u 
  550.00000m   13.5034u 
  600.00000m   17.9198u 
  650.00000m   22.2986u 
  700.00000m   26.5646u 
  750.00000m   30.6854u 
  800.00000m   34.6449u 
  850.00000m   38.4348u 
  900.00000m   42.0508u 
  950.00000m   45.4913u 
    1.00000    48.7567u 
y
 vth0_value= 259.2296m
 u0_param=  49.9886m
 ags_param= 418.4157m
 
   *** monte carlo  index = 822 ***
x

 volt         param     
             i_d_0.2    
    0.         52.5101p 
   50.00000m  272.1721p 
  100.00000m    1.3776n 
  150.00000m    6.6333n 
  200.00000m   29.3484n 
  250.00000m  115.9037n 
  300.00000m  403.0177n 
  350.00000m    1.1941u 
  400.00000m    2.8867u 
  450.00000m    5.6912u 
  500.00000m    9.4573u 
  550.00000m   13.7535u 
  600.00000m   18.1917u 
  650.00000m   22.5876u 
  700.00000m   26.8686u 
  750.00000m   31.0031u 
  800.00000m   34.9754u 
  850.00000m   38.7772u 
  900.00000m   42.4044u 
  950.00000m   45.8554u 
    1.00000    49.1305u 
y
 vth0_value= 257.0766m
 u0_param=  50.1471m
 ags_param= 420.2762m
 
   *** monte carlo  index = 823 ***
x

 volt         param     
             i_d_0.2    
    0.         54.5035p 
   50.00000m  282.3707p 
  100.00000m    1.4275n 
  150.00000m    6.8594n 
  200.00000m   30.2504n 
  250.00000m  119.0108n 
  300.00000m  412.0506n 
  350.00000m    1.2139u 
  400.00000m    2.9154u 
  450.00000m    5.7147u 
  500.00000m    9.4526u 
  550.00000m   13.6992u 
  600.00000m   18.0776u 
  650.00000m   22.4114u 
  700.00000m   26.6310u 
  750.00000m   30.7059u 
  800.00000m   34.6208u 
  850.00000m   38.3678u 
  900.00000m   41.9426u 
  950.00000m   45.3438u 
    1.00000    48.5716u 
y
 vth0_value= 255.4869m
 u0_param=  49.3961m
 ags_param= 412.1199m
 
   *** monte carlo  index = 824 ***
x

 volt         param     
             i_d_0.2    
    0.         83.4432p 
   50.00000m  430.5460p 
  100.00000m    2.1554n 
  150.00000m   10.1719n 
  200.00000m   43.6800n 
  250.00000m  166.6688n 
  300.00000m  556.8031n 
  350.00000m    1.5634u 
  400.00000m    3.5625u 
  450.00000m    6.6712u 
  500.00000m   10.6413u 
  550.00000m   15.0172u 
  600.00000m   19.4688u 
  650.00000m   23.8539u 
  700.00000m   28.1152u 
  750.00000m   32.2266u 
  800.00000m   36.1745u 
  850.00000m   39.9515u 
  900.00000m   43.5539u 
  950.00000m   46.9804u 
    1.00000    50.2314u 
y
 vth0_value= 242.9955m
 u0_param=  49.7801m
 ags_param= 422.7689m
 
   *** monte carlo  index = 825 ***
x

 volt         param     
             i_d_0.2    
    0.         75.9065p 
   50.00000m  392.0639p 
  100.00000m    1.9674n 
  150.00000m    9.3242n 
  200.00000m   40.2868n 
  250.00000m  154.7913n 
  300.00000m  521.4139n 
  350.00000m    1.4803u 
  400.00000m    3.4131u 
  450.00000m    6.4561u 
  500.00000m   10.3806u 
  550.00000m   14.7340u 
  600.00000m   19.1748u 
  650.00000m   23.5536u 
  700.00000m   27.8105u 
  750.00000m   31.9184u 
  800.00000m   35.8633u 
  850.00000m   39.6378u 
  900.00000m   43.2381u 
  950.00000m   46.6627u 
    1.00000    49.9122u 
y
 vth0_value= 245.8097m
 u0_param=  49.7512m
 ags_param= 422.9471m
 
   *** monte carlo  index = 826 ***
x

 volt         param     
             i_d_0.2    
    0.         45.2351p 
   50.00000m  234.6493p 
  100.00000m    1.1906n 
  150.00000m    5.7604n 
  200.00000m   25.6759n 
  250.00000m  102.3064n 
  300.00000m  359.3470n 
  350.00000m    1.0793u 
  400.00000m    2.6508u 
  450.00000m    5.3009u 
  500.00000m    8.9100u 
  550.00000m   13.0683u 
  600.00000m   17.3844u 
  650.00000m   21.6670u 
  700.00000m   25.8408u 
  750.00000m   29.8733u 
  800.00000m   33.7485u 
  850.00000m   37.4582u 
  900.00000m   40.9979u 
  950.00000m   44.3662u 
    1.00000    47.5633u 
y
 vth0_value= 260.7378m
 u0_param=  48.8994m
 ags_param= 409.1326m
 
   *** monte carlo  index = 827 ***
x

 volt         param     
             i_d_0.2    
    0.         30.8825p 
   50.00000m  160.4464p 
  100.00000m  819.2747p 
  150.00000m    4.0133n 
  200.00000m   18.2488n 
  250.00000m   74.5321n 
  300.00000m  269.0805n 
  350.00000m  838.3509n 
  400.00000m    2.1514u 
  450.00000m    4.4810u 
  500.00000m    7.7845u 
  550.00000m   11.7064u 
  600.00000m   15.8395u 
  650.00000m   19.9638u 
  700.00000m   23.9920u 
  750.00000m   27.8880u 
  800.00000m   31.6344u 
  850.00000m   35.2222u 
  900.00000m   38.6469u 
  950.00000m   41.9068u 
    1.00000    45.0018u 
y
 vth0_value= 271.0739m
 u0_param=  47.2682m
 ags_param= 413.9989m
 
   *** monte carlo  index = 828 ***
x

 volt         param     
             i_d_0.2    
    0.         97.3224p 
   50.00000m  501.2746p 
  100.00000m    2.4996n 
  150.00000m   11.7146n 
  200.00000m   49.8106n 
  250.00000m  187.9755n 
  300.00000m  619.6376n 
  350.00000m    1.7092u 
  400.00000m    3.8232u 
  450.00000m    7.0475u 
  500.00000m   11.1033u 
  550.00000m   15.5305u 
  600.00000m   20.0162u 
  650.00000m   24.4285u 
  700.00000m   28.7138u 
  750.00000m   32.8470u 
  800.00000m   36.8151u 
  850.00000m   40.6109u 
  900.00000m   44.2309u 
  950.00000m   47.6738u 
    1.00000    50.9400u 
y
 vth0_value= 238.5473m
 u0_param=  50.0296m
 ags_param= 422.5102m
 
   *** monte carlo  index = 829 ***
x

 volt         param     
             i_d_0.2    
    0.         58.8616p 
   50.00000m  304.8393p 
  100.00000m    1.5394n 
  150.00000m    7.3815n 
  200.00000m   32.4484n 
  250.00000m  127.1734n 
  300.00000m  438.3708n 
  350.00000m    1.2837u 
  400.00000m    3.0622u 
  450.00000m    5.9660u 
  500.00000m    9.8205u 
  550.00000m   14.1819u 
  600.00000m   18.6702u 
  650.00000m   23.1096u 
  700.00000m   27.4305u 
  750.00000m   31.6024u 
  800.00000m   35.6100u 
  850.00000m   39.4451u 
  900.00000m   43.1037u 
  950.00000m   46.5843u 
    1.00000    49.8872u 
y
 vth0_value= 253.9446m
 u0_param=  50.5946m
 ags_param= 429.3388m
 
   *** monte carlo  index = 830 ***
x

 volt         param     
             i_d_0.2    
    0.        192.6772p 
   50.00000m  981.9965p 
  100.00000m    4.7921n 
  150.00000m   21.6542n 
  200.00000m   87.7497n 
  250.00000m  314.1086n 
  300.00000m  967.8315n 
  350.00000m    2.4506u 
  400.00000m    5.0412u 
  450.00000m    8.6723u 
  500.00000m   12.9508u 
  550.00000m   17.4488u 
  600.00000m   21.9406u 
  650.00000m   26.3356u 
  700.00000m   30.5946u 
  750.00000m   34.6981u 
  800.00000m   38.6351u 
  850.00000m   42.3993u 
  900.00000m   45.9878u 
  950.00000m   49.3994u 
    1.00000    52.6348u 
y
 vth0_value= 217.7419m
 u0_param=  49.5537m
 ags_param= 442.4647m
 
   *** monte carlo  index = 831 ***
x

 volt         param     
             i_d_0.2    
    0.         60.2033p 
   50.00000m  311.6576p 
  100.00000m    1.5724n 
  150.00000m    7.5267n 
  200.00000m   33.0020n 
  250.00000m  128.9602n 
  300.00000m  443.0447n 
  350.00000m    1.2916u 
  400.00000m    3.0657u 
  450.00000m    5.9469u 
  500.00000m    9.7552u 
  550.00000m   14.0510u 
  600.00000m   18.4655u 
  650.00000m   22.8298u 
  700.00000m   27.0771u 
  750.00000m   31.1778u 
  800.00000m   35.1170u 
  850.00000m   38.8867u 
  900.00000m   42.4829u 
  950.00000m   45.9043u 
    1.00000    49.1510u 
y
 vth0_value= 252.7069m
 u0_param=  49.6985m
 ags_param= 425.2658m
 
   *** monte carlo  index = 832 ***
x

 volt         param     
             i_d_0.2    
    0.        103.6300p 
   50.00000m  533.1857p 
  100.00000m    2.6527n 
  150.00000m   12.3827n 
  200.00000m   52.3626n 
  250.00000m  196.4132n 
  300.00000m  642.6839n 
  350.00000m    1.7557u 
  400.00000m    3.8885u 
  450.00000m    7.1088u 
  500.00000m   11.1271u 
  550.00000m   15.4912u 
  600.00000m   19.9040u 
  650.00000m   24.2416u 
  700.00000m   28.4532u 
  750.00000m   32.5150u 
  800.00000m   36.4145u 
  850.00000m   40.1447u 
  900.00000m   43.7020u 
  950.00000m   47.0853u 
    1.00000    50.2949u 
y
 vth0_value= 236.0885m
 u0_param=  49.1264m
 ags_param= 423.7156m
 
   *** monte carlo  index = 833 ***
x

 volt         param     
             i_d_0.2    
    0.         76.6890p 
   50.00000m  396.0760p 
  100.00000m    1.9871n 
  150.00000m    9.4147n 
  200.00000m   40.6577n 
  250.00000m  156.1276n 
  300.00000m  525.5551n 
  350.00000m    1.4907u 
  400.00000m    3.4336u 
  450.00000m    6.4892u 
  500.00000m   10.4267u 
  550.00000m   14.7923u 
  600.00000m   19.2446u 
  650.00000m   23.6344u 
  700.00000m   27.9018u 
  750.00000m   32.0197u 
  800.00000m   35.9742u 
  850.00000m   39.7578u 
  900.00000m   43.3667u 
  950.00000m   46.7996u 
    1.00000    50.0568u 
y
 vth0_value= 245.5836m
 u0_param=  49.8785m
 ags_param= 410.2435m
 
   *** monte carlo  index = 834 ***
x

 volt         param     
             i_d_0.2    
    0.         27.5350p 
   50.00000m  143.1368p 
  100.00000m  732.6853p 
  150.00000m    3.6067n 
  200.00000m   16.5324n 
  250.00000m   68.2231n 
  300.00000m  249.0883n 
  350.00000m  787.4534n 
  400.00000m    2.0577u 
  450.00000m    4.3601u 
  500.00000m    7.6815u 
  550.00000m   11.6777u 
  600.00000m   15.9204u 
  650.00000m   20.1655u 
  700.00000m   24.3158u 
  750.00000m   28.3312u 
  800.00000m   32.1929u 
  850.00000m   35.8914u 
  900.00000m   39.4220u 
  950.00000m   42.7826u 
    1.00000    45.9734u 
y
 vth0_value= 275.4974m
 u0_param=  48.7810m
 ags_param= 408.3946m
 
   *** monte carlo  index = 835 ***
x

 volt         param     
             i_d_0.2    
    0.         18.0512p 
   50.00000m   93.7977p 
  100.00000m  482.7570p 
  150.00000m    2.4039n 
  200.00000m   11.2392n 
  250.00000m   47.6297n 
  300.00000m  179.0751n 
  350.00000m  587.5499n 
  400.00000m    1.6106u 
  450.00000m    3.5790u 
  500.00000m    6.5598u 
  550.00000m   10.2841u 
  600.00000m   14.3262u 
  650.00000m   18.4058u 
  700.00000m   22.4072u 
  750.00000m   26.2841u 
  800.00000m   30.0155u 
  850.00000m   33.5912u 
  900.00000m   37.0058u 
  950.00000m   40.2573u 
    1.00000    43.3455u 
y
 vth0_value= 287.0618m
 u0_param=  47.1452m
 ags_param= 405.2728m
 
   *** monte carlo  index = 836 ***
x

 volt         param     
             i_d_0.2    
    0.         79.4006p 
   50.00000m  409.8848p 
  100.00000m    2.0542n 
  150.00000m    9.7141n 
  200.00000m   41.8354n 
  250.00000m  160.1535n 
  300.00000m  537.1410n 
  350.00000m    1.5161u 
  400.00000m    3.4741u 
  450.00000m    6.5367u 
  500.00000m   10.4662u 
  550.00000m   14.8103u 
  600.00000m   19.2352u 
  650.00000m   23.5960u 
  700.00000m   27.8346u 
  750.00000m   31.9245u 
  800.00000m   35.8520u 
  850.00000m   39.6097u 
  900.00000m   43.1939u 
  950.00000m   46.6031u 
    1.00000    49.8379u 
y
 vth0_value= 244.3164m
 u0_param=  49.5208m
 ags_param= 414.4731m
 
   *** monte carlo  index = 837 ***
x

 volt         param     
             i_d_0.2    
    0.        102.1276p 
   50.00000m  525.7129p 
  100.00000m    2.6181n 
  150.00000m   12.2421n 
  200.00000m   51.8896n 
  250.00000m  195.1367n 
  300.00000m  640.4844n 
  350.00000m    1.7567u 
  400.00000m    3.9067u 
  450.00000m    7.1663u 
  500.00000m   11.2472u 
  550.00000m   15.6887u 
  600.00000m   20.1835u 
  650.00000m   24.6029u 
  700.00000m   28.8941u 
  750.00000m   33.0327u 
  800.00000m   37.0058u 
  850.00000m   40.8063u 
  900.00000m   44.4306u 
  950.00000m   47.8774u 
    1.00000    51.1473u 
y
 vth0_value= 237.1407m
 u0_param=  50.0881m
 ags_param= 431.4402m
 
   *** monte carlo  index = 838 ***
x

 volt         param     
             i_d_0.2    
    0.         68.3721p 
   50.00000m  353.4789p 
  100.00000m    1.7778n 
  150.00000m    8.4603n 
  200.00000m   36.7752n 
  250.00000m  142.2755n 
  300.00000m  483.1694n 
  350.00000m    1.3868u 
  400.00000m    3.2357u 
  450.00000m    6.1836u 
  500.00000m   10.0235u 
  550.00000m   14.3115u 
  600.00000m   18.6982u 
  650.00000m   23.0283u 
  700.00000m   27.2397u 
  750.00000m   31.3046u 
  800.00000m   35.2088u 
  850.00000m   38.9448u 
  900.00000m   42.5087u 
  950.00000m   45.8989u 
    1.00000    49.1160u 
y
 vth0_value= 248.6052m
 u0_param=  49.2328m
 ags_param= 413.1003m
 
   *** monte carlo  index = 839 ***
x

 volt         param     
             i_d_0.2    
    0.         62.3358p 
   50.00000m  322.6237p 
  100.00000m    1.6267n 
  150.00000m    7.7778n 
  200.00000m   34.0443n 
  250.00000m  132.7644n 
  300.00000m  455.0422n 
  350.00000m    1.3223u 
  400.00000m    3.1275u 
  450.00000m    6.0478u 
  500.00000m    9.8959u 
  550.00000m   14.2277u 
  600.00000m   18.6750u 
  650.00000m   23.0702u 
  700.00000m   27.3470u 
  750.00000m   31.4757u 
  800.00000m   35.4416u 
  850.00000m   39.2368u 
  900.00000m   42.8571u 
  950.00000m   46.3013u 
    1.00000    49.5696u 
y
 vth0_value= 251.8867m
 u0_param=  50.0463m
 ags_param= 417.4509m
 
   *** monte carlo  index = 840 ***
x

 volt         param     
             i_d_0.2    
    0.         74.3222p 
   50.00000m  384.1303p 
  100.00000m    1.9302n 
  150.00000m    9.1701n 
  200.00000m   39.7602n 
  250.00000m  153.3692n 
  300.00000m  518.9679n 
  350.00000m    1.4822u 
  400.00000m    3.4396u 
  450.00000m    6.5419u 
  500.00000m   10.5643u 
  550.00000m   15.0434u 
  600.00000m   19.6200u 
  650.00000m   24.1349u 
  700.00000m   28.5247u 
  750.00000m   32.7608u 
  800.00000m   36.8288u 
  850.00000m   40.7209u 
  900.00000m   44.4331u 
  950.00000m   47.9640u 
    1.00000    51.3142u 
y
 vth0_value= 247.4504m
 u0_param=  51.3669m
 ags_param= 417.0192m
 
   *** monte carlo  index = 841 ***
x

 volt         param     
             i_d_0.2    
    0.         74.7697p 
   50.00000m  386.0907p 
  100.00000m    1.9365n 
  150.00000m    9.1708n 
  200.00000m   39.5795n 
  250.00000m  151.8900n 
  300.00000m  510.9618n 
  350.00000m    1.4481u 
  400.00000m    3.3329u 
  450.00000m    6.2952u 
  500.00000m   10.1099u 
  550.00000m   14.3365u 
  600.00000m   18.6458u 
  650.00000m   22.8944u 
  700.00000m   27.0248u 
  750.00000m   31.0109u 
  800.00000m   34.8393u 
  850.00000m   38.5025u 
  900.00000m   41.9968u 
  950.00000m   45.3209u 
    1.00000    48.4751u 
y
 vth0_value= 245.2784m
 u0_param=  48.2304m
 ags_param= 430.2181m
 
   *** monte carlo  index = 842 ***
x

 volt         param     
             i_d_0.2    
    0.         34.7793p 
   50.00000m  180.6782p 
  100.00000m  921.3855p 
  150.00000m    4.5016n 
  200.00000m   20.3802n 
  250.00000m   82.7770n 
  300.00000m  296.9981n 
  350.00000m  917.7078n 
  400.00000m    2.3312u 
  450.00000m    4.8088u 
  500.00000m    8.2882u 
  550.00000m   12.3897u 
  600.00000m   16.6962u 
  650.00000m   20.9874u 
  700.00000m   25.1761u 
  750.00000m   29.2258u 
  800.00000m   33.1191u 
  850.00000m   36.8469u 
  900.00000m   40.4046u 
  950.00000m   43.7906u 
    1.00000    47.0049u 
y
 vth0_value= 268.7608m
 u0_param=  49.1616m
 ags_param= 418.3308m
 
   *** monte carlo  index = 843 ***
x

 volt         param     
             i_d_0.2    
    0.         31.9108p 
   50.00000m  165.7965p 
  100.00000m  846.3953p 
  150.00000m    4.1441n 
  200.00000m   18.8278n 
  250.00000m   76.8143n 
  300.00000m  276.9790n 
  350.00000m  861.5291n 
  400.00000m    2.2064u 
  450.00000m    4.5863u 
  500.00000m    7.9543u 
  550.00000m   11.9472u 
  600.00000m   16.1521u 
  650.00000m   20.3467u 
  700.00000m   24.4432u 
  750.00000m   28.4047u 
  800.00000m   32.2138u 
  850.00000m   35.8615u 
  900.00000m   39.3431u 
  950.00000m   42.6570u 
    1.00000    45.8032u 
y
 vth0_value= 270.6311m
 u0_param=  48.0785m
 ags_param= 411.9321m
 
   *** monte carlo  index = 844 ***
x

 volt         param     
             i_d_0.2    
    0.         16.9799p 
   50.00000m   88.2131p 
  100.00000m  454.3574p 
  150.00000m    2.2663n 
  200.00000m   10.6265n 
  250.00000m   45.2166n 
  300.00000m  170.7715n 
  350.00000m  563.4171n 
  400.00000m    1.5557u 
  450.00000m    3.4831u 
  500.00000m    6.4246u 
  550.00000m   10.1223u 
  600.00000m   14.1508u 
  650.00000m   18.2231u 
  700.00000m   22.2195u 
  750.00000m   26.0925u 
  800.00000m   29.8207u 
  850.00000m   33.3935u 
  900.00000m   36.8055u 
  950.00000m   40.0547u 
    1.00000    43.1408u 
y
 vth0_value= 288.8742m
 u0_param=  47.1127m
 ags_param= 397.6710m
 
   *** monte carlo  index = 845 ***
x

 volt         param     
             i_d_0.2    
    0.         30.0322p 
   50.00000m  156.0874p 
  100.00000m  797.8698p 
  150.00000m    3.9166n 
  200.00000m   17.8695n 
  250.00000m   73.2981n 
  300.00000m  265.8559n 
  350.00000m  833.2808n 
  400.00000m    2.1542u 
  450.00000m    4.5180u 
  500.00000m    7.8929u 
  550.00000m   11.9215u 
  600.00000m   16.1798u 
  650.00000m   20.4336u 
  700.00000m   24.5897u 
  750.00000m   28.6097u 
  800.00000m   32.4753u 
  850.00000m   36.1772u 
  900.00000m   39.7107u 
  950.00000m   43.0739u 
    1.00000    46.2670u 
y
 vth0_value= 272.9264m
 u0_param=  48.8189m
 ags_param= 417.0406m
 
   *** monte carlo  index = 846 ***
x

 volt         param     
             i_d_0.2    
    0.         65.2939p 
   50.00000m  337.7697p 
  100.00000m    1.7011n 
  150.00000m    8.1161n 
  200.00000m   35.4114n 
  250.00000m  137.5870n 
  300.00000m  469.5669n 
  350.00000m    1.3567u 
  400.00000m    3.1886u 
  450.00000m    6.1321u 
  500.00000m    9.9898u 
  550.00000m   14.3161u 
  600.00000m   18.7504u 
  650.00000m   23.1301u 
  700.00000m   27.3908u 
  750.00000m   31.5037u 
  800.00000m   35.4541u 
  850.00000m   39.2344u 
  900.00000m   42.8405u 
  950.00000m   46.2709u 
    1.00000    49.5262u 
y
 vth0_value= 250.3697m
 u0_param=  49.8393m
 ags_param= 418.6276m
 
   *** monte carlo  index = 847 ***
x

 volt         param     
             i_d_0.2    
    0.         69.8637p 
   50.00000m  361.2262p 
  100.00000m    1.8169n 
  150.00000m    8.6480n 
  200.00000m   37.5995n 
  250.00000m  145.4953n 
  300.00000m  494.1879n 
  350.00000m    1.4187u 
  400.00000m    3.3106u 
  450.00000m    6.3273u 
  500.00000m   10.2573u 
  550.00000m   14.6469u 
  600.00000m   19.1380u 
  650.00000m   23.5710u 
  700.00000m   27.8822u 
  750.00000m   32.0431u 
  800.00000m   36.0393u 
  850.00000m   39.8630u 
  900.00000m   43.5103u 
  950.00000m   46.9798u 
    1.00000    50.2719u 
y
 vth0_value= 248.7199m
 u0_param=  50.4312m
 ags_param= 418.2603m
 
   *** monte carlo  index = 848 ***
x

 volt         param     
             i_d_0.2    
    0.         51.4620p 
   50.00000m  266.7134p 
  100.00000m    1.3498n 
  150.00000m    6.4990n 
  200.00000m   28.7497n 
  250.00000m  113.5212n 
  300.00000m  394.6885n 
  350.00000m    1.1693u 
  400.00000m    2.8265u 
  450.00000m    5.5723u 
  500.00000m    9.2594u 
  550.00000m   13.4650u 
  600.00000m   17.8091u 
  650.00000m   22.1119u 
  700.00000m   26.3025u 
  750.00000m   30.3500u 
  800.00000m   34.2389u 
  850.00000m   37.9611u 
  900.00000m   41.5126u 
  950.00000m   44.8917u 
    1.00000    48.0988u 
y
 vth0_value= 256.9893m
 u0_param=  49.0629m
 ags_param= 411.4430m
 
   *** monte carlo  index = 849 ***
x

 volt         param     
             i_d_0.2    
    0.        108.0296p 
   50.00000m  555.9476p 
  100.00000m    2.7668n 
  150.00000m   12.9222n 
  200.00000m   54.6808n 
  250.00000m  205.2377n 
  300.00000m  671.9730n 
  350.00000m    1.8370u 
  400.00000m    4.0713u 
  450.00000m    7.4463u 
  500.00000m   11.6602u 
  550.00000m   16.2395u 
  600.00000m   20.8709u 
  650.00000m   25.4232u 
  700.00000m   29.8426u 
  750.00000m   34.1042u 
  800.00000m   38.1949u 
  850.00000m   42.1074u 
  900.00000m   45.8382u 
  950.00000m   49.3860u 
    1.00000    52.7514u 
y
 vth0_value= 236.4165m
 u0_param=  51.6283m
 ags_param= 421.9301m
 
   *** monte carlo  index = 850 ***
x

 volt         param     
             i_d_0.2    
    0.         53.2647p 
   50.00000m  276.0377p 
  100.00000m    1.3965n 
  150.00000m    6.7196n 
  200.00000m   29.6959n 
  250.00000m  117.1158n 
  300.00000m  406.6078n 
  350.00000m    1.2023u 
  400.00000m    2.8997u 
  450.00000m    5.7049u 
  500.00000m    9.4644u 
  550.00000m   13.7467u 
  600.00000m   18.1672u 
  650.00000m   22.5446u 
  700.00000m   26.8072u 
  750.00000m   30.9238u 
  800.00000m   34.8788u 
  850.00000m   38.6641u 
  900.00000m   42.2755u 
  950.00000m   45.7115u 
    1.00000    48.9723u 
y
 vth0_value= 256.5054m
 u0_param=  49.9174m
 ags_param= 430.7709m
 
   *** monte carlo  index = 851 ***
x

 volt         param     
             i_d_0.2    
    0.         47.1489p 
   50.00000m  244.5373p 
  100.00000m    1.2400n 
  150.00000m    5.9927n 
  200.00000m   26.6637n 
  250.00000m  106.0115n 
  300.00000m  371.4417n 
  350.00000m    1.1119u 
  400.00000m    2.7202u 
  450.00000m    5.4204u 
  500.00000m    9.0848u 
  550.00000m   13.2964u 
  600.00000m   17.6626u 
  650.00000m   21.9930u 
  700.00000m   26.2125u 
  750.00000m   30.2887u 
  800.00000m   34.2056u 
  850.00000m   37.9550u 
  900.00000m   41.5324u 
  950.00000m   44.9364u 
    1.00000    48.1673u 
y
 vth0_value= 259.8455m
 u0_param=  49.4383m
 ags_param= 410.2810m
 
   *** monte carlo  index = 852 ***
x

 volt         param     
             i_d_0.2    
    0.         70.6361p 
   50.00000m  365.1788p 
  100.00000m    1.8363n 
  150.00000m    8.7361n 
  200.00000m   37.9553n 
  250.00000m  146.7516n 
  300.00000m  497.9754n 
  350.00000m    1.4277u 
  400.00000m    3.3269u 
  450.00000m    6.3507u 
  500.00000m   10.2852u 
  550.00000m   14.6764u 
  600.00000m   19.1676u 
  650.00000m   23.6001u 
  700.00000m   27.9106u 
  750.00000m   32.0709u 
  800.00000m   36.0663u 
  850.00000m   39.8893u 
  900.00000m   43.5359u 
  950.00000m   47.0046u 
    1.00000    50.2960u 
y
 vth0_value= 248.3862m
 u0_param=  50.4232m
 ags_param= 407.0290m
 
   *** monte carlo  index = 853 ***
x

 volt         param     
             i_d_0.2    
    0.         87.3456p 
   50.00000m  450.4824p 
  100.00000m    2.2529n 
  150.00000m   10.6128n 
  200.00000m   45.4551n 
  250.00000m  172.9352n 
  300.00000m  575.7004n 
  350.00000m    1.6088u 
  400.00000m    3.6479u 
  450.00000m    6.8022u 
  500.00000m   10.8141u 
  550.00000m   15.2243u 
  600.00000m   19.7059u 
  650.00000m   24.1186u 
  700.00000m   28.4061u 
  750.00000m   32.5423u 
  800.00000m   36.5137u 
  850.00000m   40.3131u 
  900.00000m   43.9366u 
  950.00000m   47.3831u 
    1.00000    50.6530u 
y
 vth0_value= 241.8179m
 u0_param=  50.0805m
 ags_param= 435.1597m
 
   *** monte carlo  index = 854 ***
x

 volt         param     
             i_d_0.2    
    0.         29.4842p 
   50.00000m  153.2288p 
  100.00000m  783.3016p 
  150.00000m    3.8456n 
  200.00000m   17.5500n 
  250.00000m   72.0110n 
  300.00000m  261.2911n 
  350.00000m  819.4277n 
  400.00000m    2.1199u 
  450.00000m    4.4492u 
  500.00000m    7.7773u 
  550.00000m   11.7519u 
  600.00000m   15.9541u 
  650.00000m   20.1522u 
  700.00000m   24.2542u 
  750.00000m   28.2221u 
  800.00000m   32.0377u 
  850.00000m   35.6920u 
  900.00000m   39.1801u 
  950.00000m   42.5003u 
    1.00000    45.6526u 
y
 vth0_value= 273.0558m
 u0_param=  48.1707m
 ags_param= 421.6850m
 
   *** monte carlo  index = 855 ***
x

 volt         param     
             i_d_0.2    
    0.         59.7302p 
   50.00000m  309.1555p 
  100.00000m    1.5593n 
  150.00000m    7.4601n 
  200.00000m   32.6842n 
  250.00000m  127.6061n 
  300.00000m  437.9755n 
  350.00000m    1.2752u 
  400.00000m    3.0227u 
  450.00000m    5.8568u 
  500.00000m    9.5987u 
  550.00000m   13.8155u 
  600.00000m   18.1472u 
  650.00000m   22.4291u 
  700.00000m   26.5963u 
  750.00000m   30.6197u 
  800.00000m   34.4849u 
  850.00000m   38.1839u 
  900.00000m   41.7129u 
  950.00000m   45.0704u 
    1.00000    48.2567u 
y
 vth0_value= 252.3241m
 u0_param=  48.7350m
 ags_param= 421.1911m
 
   *** monte carlo  index = 856 ***
x

 volt         param     
             i_d_0.2    
    0.         47.8150p 
   50.00000m  247.8593p 
  100.00000m    1.2554n 
  150.00000m    6.0541n 
  200.00000m   26.8479n 
  250.00000m  106.3289n 
  300.00000m  370.9697n 
  350.00000m    1.1043u 
  400.00000m    2.6840u 
  450.00000m    5.3179u 
  500.00000m    8.8722u 
  550.00000m   12.9396u 
  600.00000m   17.1474u 
  650.00000m   21.3177u 
  700.00000m   25.3805u 
  750.00000m   29.3053u 
  800.00000m   33.0769u 
  850.00000m   36.6874u 
  900.00000m   40.1325u 
  950.00000m   43.4108u 
    1.00000    46.5225u 
y
 vth0_value= 258.1919m
 u0_param=  47.5434m
 ags_param= 422.5570m
 
   *** monte carlo  index = 857 ***
x

 volt         param     
             i_d_0.2    
    0.         76.5504p 
   50.00000m  395.3229p 
  100.00000m    1.9830n 
  150.00000m    9.3922n 
  200.00000m   40.5425n 
  250.00000m  155.6100n 
  300.00000m  523.5282n 
  350.00000m    1.4839u 
  400.00000m    3.4154u 
  450.00000m    6.4508u 
  500.00000m   10.3599u 
  550.00000m   14.6919u 
  600.00000m   19.1089u 
  650.00000m   23.4637u 
  700.00000m   27.6970u 
  750.00000m   31.7822u 
  800.00000m   35.7053u 
  850.00000m   39.4589u 
  900.00000m   43.0393u 
  950.00000m   46.4450u 
    1.00000    49.6765u 
y
 vth0_value= 245.3743m
 u0_param=  49.4648m
 ags_param= 423.2768m
 
   *** monte carlo  index = 858 ***
x

 volt         param     
             i_d_0.2    
    0.         69.8690p 
   50.00000m  361.2403p 
  100.00000m    1.8168n 
  150.00000m    8.6466n 
  200.00000m   37.5861n 
  250.00000m  145.4117n 
  300.00000m  493.7829n 
  350.00000m    1.4171u 
  400.00000m    3.3056u 
  450.00000m    6.3160u 
  500.00000m   10.2365u 
  550.00000m   14.6145u 
  600.00000m   19.0935u 
  650.00000m   23.5143u 
  700.00000m   27.8137u 
  750.00000m   31.9633u 
  800.00000m   35.9486u 
  850.00000m   39.7619u 
  900.00000m   43.3992u 
  950.00000m   46.8593u 
    1.00000    50.1425u 
y
 vth0_value= 248.6288m
 u0_param=  50.2896m
 ags_param= 413.2729m
 
   *** monte carlo  index = 859 ***
x

 volt         param     
             i_d_0.2    
    0.         23.7918p 
   50.00000m  123.6650p 
  100.00000m  634.0492p 
  150.00000m    3.1319n 
  200.00000m   14.4396n 
  250.00000m   60.0459n 
  300.00000m  221.1032n 
  350.00000m  706.7267n 
  400.00000m    1.8728u 
  450.00000m    4.0230u 
  500.00000m    7.1682u 
  550.00000m   10.9927u 
  600.00000m   15.0768u 
  650.00000m   19.1727u 
  700.00000m   23.1807u 
  750.00000m   27.0602u 
  800.00000m   30.7924u 
  850.00000m   34.3676u 
  900.00000m   37.7811u 
  950.00000m   41.0307u 
    1.00000    44.1166u 
y
 vth0_value= 278.7747m
 u0_param=  47.1178m
 ags_param= 408.0377m
 
   *** monte carlo  index = 860 ***
x

 volt         param     
             i_d_0.2    
    0.         51.5976p 
   50.00000m  267.4564p 
  100.00000m    1.3540n 
  150.00000m    6.5223n 
  200.00000m   28.8753n 
  250.00000m  114.1207n 
  300.00000m  397.1630n 
  350.00000m    1.1782u 
  400.00000m    2.8521u 
  450.00000m    5.6298u 
  500.00000m    9.3646u 
  550.00000m   13.6287u 
  600.00000m   18.0352u 
  650.00000m   22.4004u 
  700.00000m   26.6519u 
  750.00000m   30.7581u 
  800.00000m   34.7033u 
  850.00000m   38.4794u 
  900.00000m   42.0820u 
  950.00000m   45.5097u 
    1.00000    48.7629u 
y
 vth0_value= 257.3780m
 u0_param=  49.7948m
 ags_param= 421.6293m
 
   *** monte carlo  index = 861 ***
x

 volt         param     
             i_d_0.2    
    0.         26.2756p 
   50.00000m  136.5963p 
  100.00000m  699.6701p 
  150.00000m    3.4489n 
  200.00000m   15.8451n 
  250.00000m   65.5829n 
  300.00000m  240.2386n 
  350.00000m  762.7220n 
  400.00000m    2.0038u 
  450.00000m    4.2682u 
  500.00000m    7.5519u 
  550.00000m   11.5188u 
  600.00000m   15.7397u 
  650.00000m   19.9667u 
  700.00000m   24.1005u 
  750.00000m   28.1006u 
  800.00000m   31.9479u 
  850.00000m   35.6328u 
  900.00000m   39.1505u 
  950.00000m   42.4990u 
    1.00000    45.6785u 
y
 vth0_value= 276.7778m
 u0_param=  48.5961m
 ags_param= 421.0743m
 
   *** monte carlo  index = 862 ***
x

 volt         param     
             i_d_0.2    
    0.         72.3973p 
   50.00000m  374.1349p 
  100.00000m    1.8797n 
  150.00000m    8.9282n 
  200.00000m   38.6997n 
  250.00000m  149.2356n 
  300.00000m  504.8621n 
  350.00000m    1.4416u 
  400.00000m    3.3445u 
  450.00000m    6.3603u 
  500.00000m   10.2698u 
  550.00000m   14.6218u 
  600.00000m   19.0678u 
  650.00000m   23.4539u 
  700.00000m   27.7189u 
  750.00000m   31.8349u 
  800.00000m   35.7880u 
  850.00000m   39.5703u 
  900.00000m   43.1781u 
  950.00000m   46.6101u 
    1.00000    49.8665u 
y
 vth0_value= 247.2940m
 u0_param=  49.8590m
 ags_param= 431.5900m
 
   *** monte carlo  index = 863 ***
x

 volt         param     
             i_d_0.2    
    0.         51.9449p 
   50.00000m  269.2078p 
  100.00000m    1.3623n 
  150.00000m    6.5576n 
  200.00000m   28.9987n 
  250.00000m  114.4571n 
  300.00000m  397.7535n 
  350.00000m    1.1776u 
  400.00000m    2.8445u 
  450.00000m    5.6040u 
  500.00000m    9.3073u 
  550.00000m   13.5292u 
  600.00000m   17.8892u 
  650.00000m   22.2074u 
  700.00000m   26.4128u 
  750.00000m   30.4745u 
  800.00000m   34.3769u 
  850.00000m   38.1121u 
  900.00000m   41.6759u 
  950.00000m   45.0666u 
    1.00000    48.2847u 
y
 vth0_value= 256.8213m
 u0_param=  49.2359m
 ags_param= 422.8888m
 
   *** monte carlo  index = 864 ***
x

 volt         param     
             i_d_0.2    
    0.         26.7424p 
   50.00000m  138.9932p 
  100.00000m  711.4699p 
  150.00000m    3.5024n 
  200.00000m   16.0559n 
  250.00000m   66.2671n 
  300.00000m  242.0050n 
  350.00000m  765.3558n 
  400.00000m    2.0010u 
  450.00000m    4.2424u 
  500.00000m    7.4778u 
  550.00000m   11.3719u 
  600.00000m   15.5064u 
  650.00000m   19.6435u 
  700.00000m   23.6886u 
  750.00000m   27.6024u 
  800.00000m   31.3669u 
  850.00000m   34.9725u 
  900.00000m   38.4146u 
  950.00000m   41.6912u 
    1.00000    44.8025u 
y
 vth0_value= 275.5441m
 u0_param=  47.5180m
 ags_param= 421.5137m
 
   *** monte carlo  index = 865 ***
x

 volt         param     
             i_d_0.2    
    0.         65.8724p 
   50.00000m  340.7061p 
  100.00000m    1.7153n 
  150.00000m    8.1783n 
  200.00000m   35.6484n 
  250.00000m  138.3553n 
  300.00000m  471.5943n 
  350.00000m    1.3603u 
  400.00000m    3.1911u 
  450.00000m    6.1272u 
  500.00000m    9.9692u 
  550.00000m   14.2730u 
  600.00000m   18.6821u 
  650.00000m   23.0362u 
  700.00000m   27.2718u 
  750.00000m   31.3603u 
  800.00000m   35.2874u 
  850.00000m   39.0453u 
  900.00000m   42.6301u 
  950.00000m   46.0403u 
    1.00000    49.2764u 
y
 vth0_value= 249.9101m
 u0_param=  49.5313m
 ags_param= 425.7625m
 
   *** monte carlo  index = 866 ***
x

 volt         param     
             i_d_0.2    
    0.         50.4815p 
   50.00000m  261.7531p 
  100.00000m    1.3261n 
  150.00000m    6.3969n 
  200.00000m   28.3813n 
  250.00000m  112.4536n 
  300.00000m  392.4705n 
  350.00000m    1.1687u 
  400.00000m    2.8413u 
  450.00000m    5.6302u 
  500.00000m    9.3941u 
  550.00000m   13.7033u 
  600.00000m   18.1625u 
  650.00000m   22.5820u 
  700.00000m   26.8869u 
  750.00000m   31.0448u 
  800.00000m   35.0398u 
  850.00000m   38.8635u 
  900.00000m   42.5115u 
  950.00000m   45.9824u 
    1.00000    49.2764u 
y
 vth0_value= 258.4420m
 u0_param=  50.4474m
 ags_param= 423.5810m
 
   *** monte carlo  index = 867 ***
x

 volt         param     
             i_d_0.2    
    0.         31.1017p 
   50.00000m  161.6331p 
  100.00000m  825.7846p 
  150.00000m    4.0493n 
  200.00000m   18.4430n 
  250.00000m   75.4807n 
  300.00000m  273.0963n 
  350.00000m  853.2019n 
  400.00000m    2.1969u 
  450.00000m    4.5898u 
  500.00000m    7.9931u 
  550.00000m   12.0439u 
  600.00000m   16.3190u 
  650.00000m   20.5871u 
  700.00000m   24.7563u 
  750.00000m   28.7885u 
  800.00000m   32.6656u 
  850.00000m   36.3784u 
  900.00000m   39.9221u 
  950.00000m   43.2950u 
    1.00000    46.4972u 
y
 vth0_value= 271.9763m
 u0_param=  48.9675m
 ags_param= 405.0176m
 
   *** monte carlo  index = 868 ***
x

 volt         param     
             i_d_0.2    
    0.         54.9289p 
   50.00000m  284.6084p 
  100.00000m    1.4391n 
  150.00000m    6.9175n 
  200.00000m   30.5222n 
  250.00000m  120.1503n 
  300.00000m  416.2508n 
  350.00000m    1.2272u 
  400.00000m    2.9500u 
  450.00000m    5.7868u 
  500.00000m    9.5776u 
  550.00000m   13.8870u 
  600.00000m   18.3314u 
  650.00000m   22.7309u 
  700.00000m   27.0145u 
  750.00000m   31.1510u 
  800.00000m   35.1250u 
  850.00000m   38.9283u 
  900.00000m   42.5568u 
  950.00000m   46.0089u 
    1.00000    49.2850u 
y
 vth0_value= 255.7435m
 u0_param=  50.1672m
 ags_param= 410.6772m
 
   *** monte carlo  index = 869 ***
x

 volt         param     
             i_d_0.2    
    0.        102.7315p 
   50.00000m  528.7888p 
  100.00000m    2.6331n 
  150.00000m   12.3091n 
  200.00000m   52.1566n 
  250.00000m  196.0691n 
  300.00000m  643.2541n 
  350.00000m    1.7633u 
  400.00000m    3.9189u 
  450.00000m    7.1850u 
  500.00000m   11.2720u 
  550.00000m   15.7187u 
  600.00000m   20.2183u 
  650.00000m   24.6421u 
  700.00000m   28.9375u 
  750.00000m   33.0802u 
  800.00000m   37.0571u 
  850.00000m   40.8613u 
  900.00000m   44.4890u 
  950.00000m   47.9391u 
    1.00000    51.2121u 
y
 vth0_value= 236.9947m
 u0_param=  50.1366m
 ags_param= 436.1411m
 
   *** monte carlo  index = 870 ***
x

 volt         param     
             i_d_0.2    
    0.         48.5105p 
   50.00000m  251.5879p 
  100.00000m    1.2754n 
  150.00000m    6.1606n 
  200.00000m   27.3876n 
  250.00000m  108.7780n 
  300.00000m  380.6775n 
  350.00000m    1.1377u 
  400.00000m    2.7778u 
  450.00000m    5.5254u 
  500.00000m    9.2476u 
  550.00000m   13.5207u 
  600.00000m   17.9482u 
  650.00000m   22.3385u 
  700.00000m   26.6159u 
  750.00000m   30.7476u 
  800.00000m   34.7177u 
  850.00000m   38.5177u 
  900.00000m   42.1434u 
  950.00000m   45.5931u 
    1.00000    48.8671u 
y
 vth0_value= 259.4345m
 u0_param=  50.1322m
 ags_param= 398.9155m
 
   *** monte carlo  index = 871 ***
x

 volt         param     
             i_d_0.2    
    0.         20.5494p 
   50.00000m  106.8359p 
  100.00000m  549.2462p 
  150.00000m    2.7281n 
  200.00000m   12.6981n 
  250.00000m   53.4816n 
  300.00000m  199.6947n 
  350.00000m  649.5527n 
  400.00000m    1.7604u 
  450.00000m    3.8667u 
  500.00000m    7.0179u 
  550.00000m   10.9185u 
  600.00000m   15.1287u 
  650.00000m   19.3683u 
  700.00000m   23.5229u 
  750.00000m   27.5464u 
  800.00000m   31.4180u 
  850.00000m   35.1270u 
  900.00000m   38.6685u 
  950.00000m   42.0401u 
    1.00000    45.2420u 
y
 vth0_value= 284.3577m
 u0_param=  48.9445m
 ags_param= 411.4797m
 
   *** monte carlo  index = 872 ***
x

 volt         param     
             i_d_0.2    
    0.         33.5060p 
   50.00000m  174.1205p 
  100.00000m  888.8519p 
  150.00000m    4.3513n 
  200.00000m   19.7632n 
  250.00000m   80.5968n 
  300.00000m  290.4502n 
  350.00000m  902.6495n 
  400.00000m    2.3091u 
  450.00000m    4.7943u 
  500.00000m    8.3070u 
  550.00000m   12.4685u 
  600.00000m   16.8500u 
  650.00000m   21.2199u 
  700.00000m   25.4870u 
  750.00000m   29.6128u 
  800.00000m   33.5794u 
  850.00000m   37.3774u 
  900.00000m   41.0021u 
  950.00000m   44.4518u 
    1.00000    47.7266u 
y
 vth0_value= 270.4848m
 u0_param=  50.1222m
 ags_param= 419.5729m
 
   *** monte carlo  index = 873 ***
x

 volt         param     
             i_d_0.2    
    0.         64.1873p 
   50.00000m  332.0907p 
  100.00000m    1.6731n 
  150.00000m    7.9875n 
  200.00000m   34.8836n 
  250.00000m  135.6859n 
  300.00000m  463.6727n 
  350.00000m    1.3420u 
  400.00000m    3.1600u 
  450.00000m    6.0872u 
  500.00000m    9.9299u 
  550.00000m   14.2442u 
  600.00000m   18.6684u 
  650.00000m   23.0390u 
  700.00000m   27.2911u 
  750.00000m   31.3959u 
  800.00000m   35.3386u 
  850.00000m   39.1116u 
  900.00000m   42.7108u 
  950.00000m   46.1348u 
    1.00000    49.3839u 
y
 vth0_value= 250.8199m
 u0_param=  49.7433m
 ags_param= 407.7500m
 
   *** monte carlo  index = 874 ***
x

 volt         param     
             i_d_0.2    
    0.         18.7819p 
   50.00000m   97.6377p 
  100.00000m  502.6462p 
  150.00000m    2.5039n 
  200.00000m   11.7135n 
  250.00000m   49.6789n 
  300.00000m  186.9229n 
  350.00000m  613.7883n 
  400.00000m    1.6841u 
  450.00000m    3.7459u 
  500.00000m    6.8703u 
  550.00000m   10.7772u 
  600.00000m   15.0206u 
  650.00000m   19.3045u 
  700.00000m   23.5062u 
  750.00000m   27.5767u 
  800.00000m   31.4940u 
  850.00000m   35.2472u 
  900.00000m   38.8310u 
  950.00000m   42.2432u 
    1.00000    45.4836u 
y
 vth0_value= 287.4389m
 u0_param=  49.5517m
 ags_param= 415.9554m
 
   *** monte carlo  index = 875 ***
x

 volt         param     
             i_d_0.2    
    0.         30.2293p 
   50.00000m  157.0511p 
  100.00000m  802.0992p 
  150.00000m    3.9309n 
  200.00000m   17.8862n 
  250.00000m   73.1164n 
  300.00000m  264.2351n 
  350.00000m  824.3598n 
  400.00000m    2.1191u 
  450.00000m    4.4206u 
  500.00000m    7.6897u 
  550.00000m   11.5753u 
  600.00000m   15.6725u 
  650.00000m   19.7619u 
  700.00000m   23.7567u 
  750.00000m   27.6204u 
  800.00000m   31.3360u 
  850.00000m   34.8945u 
  900.00000m   38.2913u 
  950.00000m   41.5246u 
    1.00000    44.5945u 
y
 vth0_value= 271.4472m
 u0_param=  46.8717m
 ags_param= 415.6318m
 
   *** monte carlo  index = 876 ***
x

 volt         param     
             i_d_0.2    
    0.        146.7385p 
   50.00000m  751.4468p 
  100.00000m    3.7020n 
  150.00000m   16.9923n 
  200.00000m   70.2479n 
  250.00000m  257.0223n 
  300.00000m  814.9072n 
  350.00000m    2.1376u 
  400.00000m    4.5473u 
  450.00000m    8.0395u 
  500.00000m   12.2607u 
  550.00000m   16.7605u 
  600.00000m   21.2774u 
  650.00000m   25.7053u 
  700.00000m   29.9996u 
  750.00000m   34.1387u 
  800.00000m   38.1108u 
  850.00000m   41.9092u 
  900.00000m   45.5308u 
  950.00000m   48.9743u 
    1.00000    52.2404u 
y
 vth0_value= 226.2420m
 u0_param=  50.0427m
 ags_param= 422.8084m
 
   *** monte carlo  index = 877 ***
x

 volt         param     
             i_d_0.2    
    0.        136.1074p 
   50.00000m  698.1389p 
  100.00000m    3.4506n 
  150.00000m   15.9255n 
  200.00000m   66.3134n 
  250.00000m  244.5298n 
  300.00000m  783.0336n 
  350.00000m    2.0800u 
  400.00000m    4.4789u 
  450.00000m    7.9983u 
  500.00000m   12.2932u 
  550.00000m   16.8973u 
  600.00000m   21.5286u 
  650.00000m   26.0719u 
  700.00000m   30.4792u 
  750.00000m   34.7275u 
  800.00000m   38.8043u 
  850.00000m   42.7030u 
  900.00000m   46.4201u 
  950.00000m   49.9544u 
    1.00000    53.3067u 
y
 vth0_value= 229.3664m
 u0_param=  51.4282m
 ags_param= 413.0239m
 
   *** monte carlo  index = 878 ***
x

 volt         param     
             i_d_0.2    
    0.        205.0883p 
   50.00000m    1.0447n 
  100.00000m    5.0929n 
  150.00000m   22.9741n 
  200.00000m   92.8972n 
  250.00000m  331.7082n 
  300.00000m    1.0186u 
  350.00000m    2.5685u 
  400.00000m    5.2631u 
  450.00000m    9.0250u 
  500.00000m   13.4455u 
  550.00000m   18.0867u 
  600.00000m   22.7189u 
  650.00000m   27.2501u 
  700.00000m   31.6402u 
  750.00000m   35.8694u 
  800.00000m   39.9264u 
  850.00000m   43.8050u 
  900.00000m   47.5021u 
  950.00000m   51.0167u 
    1.00000    54.3495u 
y
 vth0_value= 216.8584m
 u0_param=  51.1265m
 ags_param= 429.6798m
 
   *** monte carlo  index = 879 ***
x

 volt         param     
             i_d_0.2    
    0.         36.4782p 
   50.00000m  189.4532p 
  100.00000m  965.2016p 
  150.00000m    4.7068n 
  200.00000m   21.2441n 
  250.00000m   85.9576n 
  300.00000m  307.1188n 
  350.00000m  943.7335n 
  400.00000m    2.3813u 
  450.00000m    4.8815u 
  500.00000m    8.3710u 
  550.00000m   12.4652u 
  600.00000m   16.7535u 
  650.00000m   21.0228u 
  700.00000m   25.1889u 
  750.00000m   29.2162u 
  800.00000m   33.0876u 
  850.00000m   36.7944u 
  900.00000m   40.3320u 
  950.00000m   43.6988u 
    1.00000    46.8948u 
y
 vth0_value= 267.1517m
 u0_param=  48.8756m
 ags_param= 404.2922m
 
   *** monte carlo  index = 880 ***
x

 volt         param     
             i_d_0.2    
    0.        112.5682p 
   50.00000m  578.9529p 
  100.00000m    2.8776n 
  150.00000m   13.4098n 
  200.00000m   56.5703n 
  250.00000m  211.6134n 
  300.00000m  689.9618n 
  350.00000m    1.8759u 
  400.00000m    4.1346u 
  450.00000m    7.5273u 
  500.00000m   11.7444u 
  550.00000m   16.3147u 
  600.00000m   20.9319u 
  650.00000m   25.4684u 
  700.00000m   29.8719u 
  750.00000m   34.1179u 
  800.00000m   38.1935u 
  850.00000m   42.0914u 
  900.00000m   45.8082u 
  950.00000m   49.3427u 
    1.00000    52.6954u 
y
 vth0_value= 235.0586m
 u0_param=  51.4253m
 ags_param= 421.6477m
 
   *** monte carlo  index = 881 ***
x

 volt         param     
             i_d_0.2    
    0.         46.1740p 
   50.00000m  239.5107p 
  100.00000m    1.2150n 
  150.00000m    5.8761n 
  200.00000m   26.1744n 
  250.00000m  104.2089n 
  300.00000m  365.6906n 
  350.00000m    1.0970u 
  400.00000m    2.6902u 
  450.00000m    5.3723u 
  500.00000m    9.0201u 
  550.00000m   13.2192u 
  600.00000m   17.5757u 
  650.00000m   21.8975u 
  700.00000m   26.1092u 
  750.00000m   30.1781u 
  800.00000m   34.0881u 
  850.00000m   37.8309u 
  900.00000m   41.4022u 
  950.00000m   44.8004u 
    1.00000    48.0257u 
y
 vth0_value= 260.4131m
 u0_param=  49.3495m
 ags_param= 413.1596m
 
   *** monte carlo  index = 882 ***
x

 volt         param     
             i_d_0.2    
    0.         29.6651p 
   50.00000m  154.1851p 
  100.00000m  788.3133p 
  150.00000m    3.8713n 
  200.00000m   17.6755n 
  250.00000m   72.5677n 
  300.00000m  263.4681n 
  350.00000m  826.8645n 
  400.00000m    2.1411u 
  450.00000m    4.4973u 
  500.00000m    7.8666u 
  550.00000m   11.8932u 
  600.00000m   16.1521u 
  650.00000m   20.4075u 
  700.00000m   24.5657u 
  750.00000m   28.5877u 
  800.00000m   32.4554u 
  850.00000m   36.1593u 
  900.00000m   39.6947u 
  950.00000m   43.0598u 
    1.00000    46.2547u 
y
 vth0_value= 273.3123m
 u0_param=  48.8470m
 ags_param= 417.7261m
 
   *** monte carlo  index = 883 ***
x

 volt         param     
             i_d_0.2    
    0.         24.7095p 
   50.00000m  128.4594p 
  100.00000m  658.5576p 
  150.00000m    3.2520n 
  200.00000m   14.9854n 
  250.00000m   62.2705n 
  300.00000m  229.0981n 
  350.00000m  731.4240n 
  400.00000m    1.9353u 
  450.00000m    4.1507u 
  500.00000m    7.3861u 
  550.00000m   11.3157u 
  600.00000m   15.5098u 
  650.00000m   19.7150u 
  700.00000m   23.8293u 
  750.00000m   27.8113u 
  800.00000m   31.6417u 
  850.00000m   35.3106u 
  900.00000m   38.8133u 
  950.00000m   42.1476u 
    1.00000    45.3138u 
y
 vth0_value= 278.4796m
 u0_param=  48.3864m
 ags_param= 408.1612m
 
   *** monte carlo  index = 884 ***
x

 volt         param     
             i_d_0.2    
    0.         64.2068p 
   50.00000m  332.2451p 
  100.00000m    1.6744n 
  150.00000m    7.9983n 
  200.00000m   34.9600n 
  250.00000m  136.1122n 
  300.00000m  465.6226n 
  350.00000m    1.3496u 
  400.00000m    3.1827u 
  450.00000m    6.1389u 
  500.00000m   10.0247u 
  550.00000m   14.3915u 
  600.00000m   18.8715u 
  650.00000m   23.2978u 
  700.00000m   27.6041u 
  750.00000m   31.7612u 
  800.00000m   35.7541u 
  850.00000m   39.5749u 
  900.00000m   43.2196u 
  950.00000m   46.6869u 
    1.00000    49.9770u 
y
 vth0_value= 251.2224m
 u0_param=  50.3959m
 ags_param= 419.3237m
 
   *** monte carlo  index = 885 ***
x

 volt         param     
             i_d_0.2    
    0.        107.5802p 
   50.00000m  553.5020p 
  100.00000m    2.7534n 
  150.00000m   12.8496n 
  200.00000m   54.3166n 
  250.00000m  203.6432n 
  300.00000m  665.8730n 
  350.00000m    1.8173u 
  400.00000m    4.0207u 
  450.00000m    7.3436u 
  500.00000m   11.4866u 
  550.00000m   15.9847u 
  600.00000m   20.5323u 
  650.00000m   25.0018u 
  700.00000m   29.3410u 
  750.00000m   33.5253u 
  800.00000m   37.5420u 
  850.00000m   41.3839u 
  900.00000m   45.0475u 
  950.00000m   48.5316u 
    1.00000    51.8367u 
y
 vth0_value= 235.9403m
 u0_param=  50.6573m
 ags_param= 419.8272m
 
   *** monte carlo  index = 886 ***
x

 volt         param     
             i_d_0.2    
    0.        167.5596p 
   50.00000m  856.5445p 
  100.00000m    4.2045n 
  150.00000m   19.1821n 
  200.00000m   78.6786n 
  250.00000m  285.3810n 
  300.00000m  894.6429n 
  350.00000m    2.3137u 
  400.00000m    4.8551u 
  450.00000m    8.4878u 
  500.00000m   12.8334u 
  550.00000m   17.4394u 
  600.00000m   22.0526u 
  650.00000m   26.5712u 
  700.00000m   30.9516u 
  750.00000m   35.1726u 
  800.00000m   39.2226u 
  850.00000m   43.0951u 
  900.00000m   46.7867u 
  950.00000m   50.2965u 
    1.00000    53.6252u 
y
 vth0_value= 222.8903m
 u0_param=  51.0516m
 ags_param= 430.7222m
 
   *** monte carlo  index = 887 ***
x

 volt         param     
             i_d_0.2    
    0.         98.4601p 
   50.00000m  507.0664p 
  100.00000m    2.5278n 
  150.00000m   11.8402n 
  200.00000m   50.3084n 
  250.00000m  189.7002n 
  300.00000m  624.7005n 
  350.00000m    1.7209u 
  400.00000m    3.8441u 
  450.00000m    7.0780u 
  500.00000m   11.1414u 
  550.00000m   15.5738u 
  600.00000m   20.0636u 
  650.00000m   24.4795u 
  700.00000m   28.7679u 
  750.00000m   32.9042u 
  800.00000m   36.8752u 
  850.00000m   40.6737u 
  900.00000m   44.2963u 
  950.00000m   47.7415u 
    1.00000    51.0100u 
y
 vth0_value= 238.2226m
 u0_param=  50.0666m
 ags_param= 420.3785m
 
   *** monte carlo  index = 888 ***
x

 volt         param     
             i_d_0.2    
    0.         45.5137p 
   50.00000m  236.0753p 
  100.00000m    1.1976n 
  150.00000m    5.7921n 
  200.00000m   25.8018n 
  250.00000m  102.7356n 
  300.00000m  360.5753n 
  350.00000m    1.0819u 
  400.00000m    2.6539u 
  450.00000m    5.3016u 
  500.00000m    8.9035u 
  550.00000m   13.0502u 
  600.00000m   17.3525u 
  650.00000m   21.6208u 
  700.00000m   25.7805u 
  750.00000m   29.7993u 
  800.00000m   33.6613u 
  850.00000m   37.3584u 
  900.00000m   40.8861u 
  950.00000m   44.2429u 
    1.00000    47.4291u 
y
 vth0_value= 260.4410m
 u0_param=  48.7241m
 ags_param= 421.2660m
 
   *** monte carlo  index = 889 ***
x

 volt         param     
             i_d_0.2    
    0.         73.9464p 
   50.00000m  382.0407p 
  100.00000m    1.9183n 
  150.00000m    9.1017n 
  200.00000m   39.3894n 
  250.00000m  151.6245n 
  300.00000m  511.8712n 
  350.00000m    1.4575u 
  400.00000m    3.3712u 
  450.00000m    6.3944u 
  500.00000m   10.3038u 
  550.00000m   14.6479u 
  600.00000m   19.0827u 
  650.00000m   23.4567u 
  700.00000m   27.7094u 
  750.00000m   31.8134u 
  800.00000m   35.7548u 
  850.00000m   39.5260u 
  900.00000m   43.1232u 
  950.00000m   46.5450u 
    1.00000    49.7917u 
y
 vth0_value= 246.5631m
 u0_param=  49.7054m
 ags_param= 430.9957m
 
   *** monte carlo  index = 890 ***
x

 volt         param     
             i_d_0.2    
    0.         75.6043p 
   50.00000m  390.5766p 
  100.00000m    1.9607n 
  150.00000m    9.2988n 
  200.00000m   40.2164n 
  250.00000m  154.6904n 
  300.00000m  521.7332n 
  350.00000m    1.4837u 
  400.00000m    3.4270u 
  450.00000m    6.4922u 
  500.00000m   10.4512u 
  550.00000m   14.8476u 
  600.00000m   19.3342u 
  650.00000m   23.7587u 
  700.00000m   28.0602u 
  750.00000m   32.2111u 
  800.00000m   36.1973u 
  850.00000m   40.0112u 
  900.00000m   43.6490u 
  950.00000m   47.1092u 
    1.00000    50.3924u 
y
 vth0_value= 246.2697m
 u0_param=  50.2901m
 ags_param= 426.6513m
 
   *** monte carlo  index = 891 ***
x

 volt         param     
             i_d_0.2    
    0.         57.7299p 
   50.00000m  298.9803p 
  100.00000m    1.5100n 
  150.00000m    7.2420n 
  200.00000m   31.8464n 
  250.00000m  124.8667n 
  300.00000m  430.6456n 
  350.00000m    1.2620u 
  400.00000m    3.0129u 
  450.00000m    5.8746u 
  500.00000m    9.6760u 
  550.00000m   13.9792u 
  600.00000m   18.4086u 
  650.00000m   22.7902u 
  700.00000m   27.0553u 
  750.00000m   31.1734u 
  800.00000m   35.1296u 
  850.00000m   38.9156u 
  900.00000m   42.5276u 
  950.00000m   45.9639u 
    1.00000    49.2249u 
y
 vth0_value= 254.1059m
 u0_param=  49.9273m
 ags_param= 414.9874m
 
   *** monte carlo  index = 892 ***
x

 volt         param     
             i_d_0.2    
    0.         48.8756p 
   50.00000m  253.5053p 
  100.00000m    1.2853n 
  150.00000m    6.2100n 
  200.00000m   27.6176n 
  250.00000m  109.7397n 
  300.00000m  384.2196n 
  350.00000m    1.1490u 
  400.00000m    2.8072u 
  450.00000m    5.5872u 
  500.00000m    9.3552u 
  550.00000m   13.6830u 
  600.00000m   18.1682u 
  650.00000m   22.6159u 
  700.00000m   26.9491u 
  750.00000m   31.1346u 
  800.00000m   35.1563u 
  850.00000m   39.0055u 
  900.00000m   42.6780u 
  950.00000m   46.1722u 
    1.00000    49.4884u 
y
 vth0_value= 259.6278m
 u0_param=  50.8005m
 ags_param= 422.1722m
 
   *** monte carlo  index = 893 ***
x

 volt         param     
             i_d_0.2    
    0.         21.5548p 
   50.00000m  112.0632p 
  100.00000m  575.6842p 
  150.00000m    2.8549n 
  200.00000m   13.2520n 
  250.00000m   55.6082n 
  300.00000m  206.7916n 
  350.00000m  669.2334n 
  400.00000m    1.8018u 
  450.00000m    3.9318u 
  500.00000m    7.0971u 
  550.00000m   10.9944u 
  600.00000m   15.1874u 
  650.00000m   19.4045u 
  700.00000m   23.5351u 
  750.00000m   27.5347u 
  800.00000m   31.3829u 
  850.00000m   35.0695u 
  900.00000m   38.5893u 
  950.00000m   41.9403u 
    1.00000    45.1225u 
y
 vth0_value= 282.7265m
 u0_param=  48.6323m
 ags_param= 421.5053m
 
   *** monte carlo  index = 894 ***
x

 volt         param     
             i_d_0.2    
    0.         19.0088p 
   50.00000m   98.7956p 
  100.00000m  508.2436p 
  150.00000m    2.5282n 
  200.00000m   11.7981n 
  250.00000m   49.8700n 
  300.00000m  186.9587n 
  350.00000m  611.2139n 
  400.00000m    1.6675u 
  450.00000m    3.6876u 
  500.00000m    6.7313u 
  550.00000m   10.5192u 
  600.00000m   14.6207u 
  650.00000m   18.7563u 
  700.00000m   22.8111u 
  750.00000m   26.7390u 
  800.00000m   30.5192u 
  850.00000m   34.1412u 
  900.00000m   37.5999u 
  950.00000m   40.8931u 
    1.00000    44.0208u 
y
 vth0_value= 285.9265m
 u0_param=  47.7687m
 ags_param= 408.1497m
 
   *** monte carlo  index = 895 ***
x

 volt         param     
             i_d_0.2    
    0.         40.3958p 
   50.00000m  209.6354p 
  100.00000m    1.0655n 
  150.00000m    5.1716n 
  200.00000m   23.1696n 
  250.00000m   92.8984n 
  300.00000m  328.6096n 
  350.00000m  996.4441n 
  400.00000m    2.4748u 
  450.00000m    5.0000u 
  500.00000m    8.4741u 
  550.00000m   12.5060u 
  600.00000m   16.7057u 
  650.00000m   20.8784u 
  700.00000m   24.9473u 
  750.00000m   28.8796u 
  800.00000m   32.6594u 
  850.00000m   36.2782u 
  900.00000m   39.7317u 
  950.00000m   43.0184u 
    1.00000    46.1382u 
y
 vth0_value= 263.3143m
 u0_param=  47.6690m
 ags_param= 418.0225m
 
   *** monte carlo  index = 896 ***
x

 volt         param     
             i_d_0.2    
    0.         85.1894p 
   50.00000m  439.3874p 
  100.00000m    2.1978n 
  150.00000m   10.3572n 
  200.00000m   44.3841n 
  250.00000m  168.9666n 
  300.00000m  562.9391n 
  350.00000m    1.5749u 
  400.00000m    3.5751u 
  450.00000m    6.6732u 
  500.00000m   10.6175u 
  550.00000m   14.9558u 
  600.00000m   19.3654u 
  650.00000m   23.7079u 
  700.00000m   27.9275u 
  750.00000m   31.9984u 
  800.00000m   35.9075u 
  850.00000m   39.6474u 
  900.00000m   43.2145u 
  950.00000m   46.6073u 
    1.00000    49.8265u 
y
 vth0_value= 242.0517m
 u0_param=  49.2735m
 ags_param= 412.8057m
 
   *** monte carlo  index = 897 ***
x

 volt         param     
             i_d_0.2    
    0.         76.0233p 
   50.00000m  392.7214p 
  100.00000m    1.9712n 
  150.00000m    9.3467n 
  200.00000m   40.4111n 
  250.00000m  155.3834n 
  300.00000m  523.8462n 
  350.00000m    1.4888u 
  400.00000m    3.4368u 
  450.00000m    6.5072u 
  500.00000m   10.4709u 
  550.00000m   14.8710u 
  600.00000m   19.3608u 
  650.00000m   23.7882u 
  700.00000m   28.0925u 
  750.00000m   32.2459u 
  800.00000m   36.2346u 
  850.00000m   40.0508u 
  900.00000m   43.6908u 
  950.00000m   47.1531u 
    1.00000    50.4383u 
y
 vth0_value= 246.1251m
 u0_param=  50.3231m
 ags_param= 421.1863m
 
   *** monte carlo  index = 898 ***
x

 volt         param     
             i_d_0.2    
    0.         31.6992p 
   50.00000m  164.7044p 
  100.00000m  840.9549p 
  150.00000m    4.1188n 
  200.00000m   18.7223n 
  250.00000m   76.4335n 
  300.00000m  275.8012n 
  350.00000m  858.6575n 
  400.00000m    2.2015u 
  450.00000m    4.5810u 
  500.00000m    7.9521u 
  550.00000m   11.9518u 
  600.00000m   16.1657u 
  650.00000m   20.3701u 
  700.00000m   24.4762u 
  750.00000m   28.4472u 
  800.00000m   32.2655u 
  850.00000m   35.9219u 
  900.00000m   39.4119u 
  950.00000m   42.7338u 
    1.00000    45.8875u 
y
 vth0_value= 270.9085m
 u0_param=  48.1982m
 ags_param= 410.6307m
 
   *** monte carlo  index = 899 ***
x

 volt         param     
             i_d_0.2    
    0.         37.7539p 
   50.00000m  196.0501p 
  100.00000m  998.2290p 
  150.00000m    4.8623n 
  200.00000m   21.9056n 
  250.00000m   88.4315n 
  300.00000m  315.1595n 
  350.00000m  965.1906n 
  400.00000m    2.4256u 
  450.00000m    4.9537u 
  500.00000m    8.4690u 
  550.00000m   12.5819u 
  600.00000m   16.8837u 
  650.00000m   21.1640u 
  700.00000m   25.3399u 
  750.00000m   29.3764u 
  800.00000m   33.2565u 
  850.00000m   36.9713u 
  900.00000m   40.5166u 
  950.00000m   43.8904u 
    1.00000    47.0931u 
y
 vth0_value= 266.1916m
 u0_param=  48.9797m
 ags_param= 419.9652m
 
   *** monte carlo  index = 900 ***
x

 volt         param     
             i_d_0.2    
    0.         95.4334p 
   50.00000m  491.6395p 
  100.00000m    2.4526n 
  150.00000m   11.5031n 
  200.00000m   48.9640n 
  250.00000m  185.0020n 
  300.00000m  610.7355n 
  350.00000m    1.6879u 
  400.00000m    3.7832u 
  450.00000m    6.9858u 
  500.00000m   11.0209u 
  550.00000m   15.4299u 
  600.00000m   19.8992u 
  650.00000m   24.2960u 
  700.00000m   28.5664u 
  750.00000m   32.6856u 
  800.00000m   36.6403u 
  850.00000m   40.4234u 
  900.00000m   44.0313u 
  950.00000m   47.4628u 
    1.00000    50.7182u 
y
 vth0_value= 239.0247m
 u0_param=  49.8569m
 ags_param= 419.8689m
 
   *** monte carlo  index = 901 ***
x

 volt         param     
             i_d_0.2    
    0.         50.8624p 
   50.00000m  263.7403p 
  100.00000m    1.3362n 
  150.00000m    6.4463n 
  200.00000m   28.6038n 
  250.00000m  113.3494n 
  300.00000m  395.6401n 
  350.00000m    1.1782u 
  400.00000m    2.8650u 
  450.00000m    5.6776u 
  500.00000m    9.4738u 
  550.00000m   13.8206u 
  600.00000m   18.3192u 
  650.00000m   22.7777u 
  700.00000m   27.1205u 
  750.00000m   31.3150u 
  800.00000m   35.3451u 
  850.00000m   39.2021u 
  900.00000m   42.8820u 
  950.00000m   46.3830u 
    1.00000    49.7057u 
y
 vth0_value= 258.5040m
 u0_param=  50.9081m
 ags_param= 412.7695m
 
   *** monte carlo  index = 902 ***
x

 volt         param     
             i_d_0.2    
    0.         33.6168p 
   50.00000m  174.6255p 
  100.00000m  890.6558p 
  150.00000m    4.3530n 
  200.00000m   19.7185n 
  250.00000m   80.1494n 
  300.00000m  287.8258n 
  350.00000m  890.4616n 
  400.00000m    2.2655u 
  450.00000m    4.6802u 
  500.00000m    8.0764u 
  550.00000m   12.0838u 
  600.00000m   16.2935u 
  650.00000m   20.4891u 
  700.00000m   24.5850u 
  750.00000m   28.5455u 
  800.00000m   32.3533u 
  850.00000m   35.9995u 
  900.00000m   39.4796u 
  950.00000m   42.7919u 
    1.00000    45.9365u 
y
 vth0_value= 269.0578m
 u0_param=  48.0532m
 ags_param= 419.5050m
 
   *** monte carlo  index = 903 ***
x

 volt         param     
             i_d_0.2    
    0.         55.0675p 
   50.00000m  285.2805p 
  100.00000m    1.4421n 
  150.00000m    6.9273n 
  200.00000m   30.5374n 
  250.00000m  120.0823n 
  300.00000m  415.5284n 
  350.00000m    1.2232u 
  400.00000m    2.9353u 
  450.00000m    5.7491u 
  500.00000m    9.5037u 
  550.00000m   13.7670u 
  600.00000m   18.1615u 
  650.00000m   22.5109u 
  700.00000m   26.7455u 
  750.00000m   30.8347u 
  800.00000m   34.7633u 
  850.00000m   38.5233u 
  900.00000m   42.1105u 
  950.00000m   45.5234u 
    1.00000    48.7624u 
y
 vth0_value= 255.2918m
 u0_param=  49.5724m
 ags_param= 417.3188m
 
   *** monte carlo  index = 904 ***
x

 volt         param     
             i_d_0.2    
    0.        154.7472p 
   50.00000m  791.7708p 
  100.00000m    3.8938n 
  150.00000m   17.8204n 
  200.00000m   73.3904n 
  250.00000m  267.4010n 
  300.00000m  843.2518n 
  350.00000m    2.1970u 
  400.00000m    4.6432u 
  450.00000m    8.1653u 
  500.00000m   12.4011u 
  550.00000m   16.9037u 
  600.00000m   21.4185u 
  650.00000m   25.8427u 
  700.00000m   30.1327u 
  750.00000m   34.2673u 
  800.00000m   38.2349u 
  850.00000m   42.0289u 
  900.00000m   45.6461u 
  950.00000m   49.0855u 
    1.00000    52.3475u 
y
 vth0_value= 224.6048m
 u0_param=  49.9779m
 ags_param= 427.0215m
 
   *** monte carlo  index = 905 ***
x

 volt         param     
             i_d_0.2    
    0.         73.5115p 
   50.00000m  379.9090p 
  100.00000m    1.9087n 
  150.00000m    9.0665n 
  200.00000m   39.2999n 
  250.00000m  151.5496n 
  300.00000m  512.6591n 
  350.00000m    1.4637u 
  400.00000m    3.3952u 
  450.00000m    6.4556u 
  500.00000m   10.4225u 
  550.00000m   14.8384u 
  600.00000m   19.3499u 
  650.00000m   23.8006u 
  700.00000m   28.1281u 
  750.00000m   32.3043u 
  800.00000m   36.3149u 
  850.00000m   40.1522u 
  900.00000m   43.8123u 
  950.00000m   47.2938u 
    1.00000    50.5972u 
y
 vth0_value= 247.3140m
 u0_param=  50.6169m
 ags_param= 409.1582m
 
   *** monte carlo  index = 906 ***
x

 volt         param     
             i_d_0.2    
    0.         64.9473p 
   50.00000m  335.9374p 
  100.00000m    1.6915n 
  150.00000m    8.0675n 
  200.00000m   35.1806n 
  250.00000m  136.6097n 
  300.00000m  465.9322n 
  350.00000m    1.3451u 
  400.00000m    3.1584u 
  450.00000m    6.0694u 
  500.00000m    9.8817u 
  550.00000m   14.1544u 
  600.00000m   18.5327u 
  650.00000m   22.8568u 
  700.00000m   27.0635u 
  750.00000m   31.1242u 
  800.00000m   35.0247u 
  850.00000m   38.7573u 
  900.00000m   42.3181u 
  950.00000m   45.7055u 
    1.00000    48.9200u 
y
 vth0_value= 250.1136m
 u0_param=  49.1888m
 ags_param= 415.6393m
 
   *** monte carlo  index = 907 ***
x

 volt         param     
             i_d_0.2    
    0.         30.6149p 
   50.00000m  159.1221p 
  100.00000m  813.2887p 
  150.00000m    3.9913n 
  200.00000m   18.2025n 
  250.00000m   74.6221n 
  300.00000m  270.4842n 
  350.00000m  847.0510n 
  400.00000m    2.1874u 
  450.00000m    4.5828u 
  500.00000m    7.9990u 
  550.00000m   12.0737u 
  600.00000m   16.3792u 
  650.00000m   20.6793u 
  700.00000m   24.8805u 
  750.00000m   28.9437u 
  800.00000m   32.8507u 
  850.00000m   36.5922u 
  900.00000m   40.1632u 
  950.00000m   43.5621u 
    1.00000    46.7890u 
y
 vth0_value= 272.6966m
 u0_param=  49.3557m
 ags_param= 418.3798m
 
   *** monte carlo  index = 908 ***
x

 volt         param     
             i_d_0.2    
    0.         58.4473p 
   50.00000m  302.5917p 
  100.00000m    1.5271n 
  150.00000m    7.3143n 
  200.00000m   32.0992n 
  250.00000m  125.5656n 
  300.00000m  431.9300n 
  350.00000m    1.2614u 
  400.00000m    2.9998u 
  450.00000m    5.8295u 
  500.00000m    9.5760u 
  550.00000m   13.8068u 
  600.00000m   18.1566u 
  650.00000m   22.4579u 
  700.00000m   26.6444u 
  750.00000m   30.6867u 
  800.00000m   34.5700u 
  850.00000m   38.2864u 
  900.00000m   41.8321u 
  950.00000m   45.2054u 
    1.00000    48.4067u 
y
 vth0_value= 253.1275m
 u0_param=  48.9735m
 ags_param= 422.4268m
 
   *** monte carlo  index = 909 ***
x

 volt         param     
             i_d_0.2    
    0.         30.5382p 
   50.00000m  158.7040p 
  100.00000m  810.9661p 
  150.00000m    3.9782n 
  200.00000m   18.1300n 
  250.00000m   74.2596n 
  300.00000m  268.9209n 
  350.00000m  841.1675n 
  400.00000m    2.1691u 
  450.00000m    4.5384u 
  500.00000m    7.9130u 
  550.00000m   11.9338u 
  600.00000m   16.1795u 
  650.00000m   20.4192u 
  700.00000m   24.5610u 
  750.00000m   28.5669u 
  800.00000m   32.4189u 
  850.00000m   36.1078u 
  900.00000m   39.6288u 
  950.00000m   42.9801u 
    1.00000    46.1619u 
y
 vth0_value= 272.3117m
 u0_param=  48.6405m
 ags_param= 414.9115m
 
   *** monte carlo  index = 910 ***
x

 volt         param     
             i_d_0.2    
    0.         22.2073p 
   50.00000m  115.4536p 
  100.00000m  592.8094p 
  150.00000m    2.9368n 
  200.00000m   13.6084n 
  250.00000m   56.9689n 
  300.00000m  211.3045n 
  350.00000m  681.6254n 
  400.00000m    1.8275u 
  450.00000m    3.9713u 
  500.00000m    7.1438u 
  550.00000m   11.0370u 
  600.00000m   15.2171u 
  650.00000m   19.4179u 
  700.00000m   23.5315u 
  750.00000m   27.5141u 
  800.00000m   31.3458u 
  850.00000m   35.0165u 
  900.00000m   38.5211u 
  950.00000m   41.8576u 
    1.00000    45.0259u 
y
 vth0_value= 281.6910m
 u0_param=  48.4121m
 ags_param= 429.8133m
 
   *** monte carlo  index = 911 ***
x

 volt         param     
             i_d_0.2    
    0.         66.5612p 
   50.00000m  344.1953p 
  100.00000m    1.7320n 
  150.00000m    8.2513n 
  200.00000m   35.9216n 
  250.00000m  139.2181n 
  300.00000m  473.7635n 
  350.00000m    1.3636u 
  400.00000m    3.1912u 
  450.00000m    6.1148u 
  500.00000m    9.9329u 
  550.00000m   14.2039u 
  600.00000m   18.5766u 
  650.00000m   22.8940u 
  700.00000m   27.0936u 
  750.00000m   31.1474u 
  800.00000m   35.0411u 
  850.00000m   38.7671u 
  900.00000m   42.3215u 
  950.00000m   45.7029u 
    1.00000    48.9116u 
y
 vth0_value= 249.3213m
 u0_param=  49.0982m
 ags_param= 412.0428m
 
   *** monte carlo  index = 912 ***
x

 volt         param     
             i_d_0.2    
    0.         37.6085p 
   50.00000m  195.3223p 
  100.00000m  994.8356p 
  150.00000m    4.8486n 
  200.00000m   21.8648n 
  250.00000m   88.3689n 
  300.00000m  315.3277n 
  350.00000m  967.2701n 
  400.00000m    2.4355u 
  450.00000m    4.9827u 
  500.00000m    8.5306u 
  550.00000m   12.6874u 
  600.00000m   17.0383u 
  650.00000m   21.3685u 
  700.00000m   25.5935u 
  750.00000m   29.6774u 
  800.00000m   33.6030u 
  850.00000m   37.3614u 
  900.00000m   40.9481u 
  950.00000m   44.3614u 
    1.00000    47.6014u 
y
 vth0_value= 266.6883m
 u0_param=  49.5759m
 ags_param= 411.4641m
 
   *** monte carlo  index = 913 ***
x

 volt         param     
             i_d_0.2    
    0.         50.3686p 
   50.00000m  261.0785p 
  100.00000m    1.3218n 
  150.00000m    6.3685n 
  200.00000m   28.2025n 
  250.00000m  111.5040n 
  300.00000m  388.2478n 
  350.00000m    1.1525u 
  400.00000m    2.7924u 
  450.00000m    5.5164u 
  500.00000m    9.1819u 
  550.00000m   13.3685u 
  600.00000m   17.6957u 
  650.00000m   21.9827u 
  700.00000m   26.1584u 
  750.00000m   30.1917u 
  800.00000m   34.0671u 
  850.00000m   37.7765u 
  900.00000m   41.3157u 
  950.00000m   44.6833u 
    1.00000    47.8795u 
y
 vth0_value= 257.5149m
 u0_param=  48.8828m
 ags_param= 437.3130m
 
   *** monte carlo  index = 914 ***
x

 volt         param     
             i_d_0.2    
    0.         53.6839p 
   50.00000m  278.1994p 
  100.00000m    1.4073n 
  150.00000m    6.7699n 
  200.00000m   29.9077n 
  250.00000m  117.9014n 
  300.00000m  409.1344n 
  350.00000m    1.2089u 
  400.00000m    2.9135u 
  450.00000m    5.7281u 
  500.00000m    9.4975u 
  550.00000m   13.7893u 
  600.00000m   18.2188u 
  650.00000m   22.6048u 
  700.00000m   26.8756u 
  750.00000m   31.0001u 
  800.00000m   34.9627u 
  850.00000m   38.7551u 
  900.00000m   42.3733u 
  950.00000m   45.8157u 
    1.00000    49.0827u 
y
 vth0_value= 256.3362m
 u0_param=  50.0205m
 ags_param= 408.4933m
 
   *** monte carlo  index = 915 ***
x

 volt         param     
             i_d_0.2    
    0.         86.9348p 
   50.00000m  448.3428p 
  100.00000m    2.2420n 
  150.00000m   10.5602n 
  200.00000m   45.2220n 
  250.00000m  172.0163n 
  300.00000m  572.5223n 
  350.00000m    1.5995u 
  400.00000m    3.6258u 
  450.00000m    6.7595u 
  500.00000m   10.7443u 
  550.00000m   15.1241u 
  600.00000m   19.5745u 
  650.00000m   23.9565u 
  700.00000m   28.2142u 
  750.00000m   32.3217u 
  800.00000m   36.2658u 
  850.00000m   40.0390u 
  900.00000m   43.6377u 
  950.00000m   47.0606u 
    1.00000    50.3081u 
y
 vth0_value= 241.7347m
 u0_param=  49.7268m
 ags_param= 417.8184m
 
   *** monte carlo  index = 916 ***
x

 volt         param     
             i_d_0.2    
    0.         23.4075p 
   50.00000m  121.7086p 
  100.00000m  624.6151p 
  150.00000m    3.0910n 
  200.00000m   14.2963n 
  250.00000m   59.6975n 
  300.00000m  220.8027n 
  350.00000m  709.6982n 
  400.00000m    1.8940u 
  450.00000m    4.0965u 
  500.00000m    7.3402u 
  550.00000m   11.3064u 
  600.00000m   15.5562u 
  650.00000m   19.8235u 
  700.00000m   24.0008u 
  750.00000m   28.0444u 
  800.00000m   31.9344u 
  850.00000m   35.6605u 
  900.00000m   39.2178u 
  950.00000m   42.6043u 
    1.00000    45.8199u 
y
 vth0_value= 280.6020m
 u0_param=  49.1657m
 ags_param= 419.3691m
 
   *** monte carlo  index = 917 ***
x

 volt         param     
             i_d_0.2    
    0.         97.8647p 
   50.00000m  504.0941p 
  100.00000m    2.5139n 
  150.00000m   11.7832n 
  200.00000m   50.1120n 
  250.00000m  189.1504n 
  300.00000m  623.6457n 
  350.00000m    1.7207u 
  400.00000m    3.8500u 
  450.00000m    7.0984u 
  500.00000m   11.1854u 
  550.00000m   15.6475u 
  600.00000m   20.1689u 
  650.00000m   24.6163u 
  700.00000m   28.9356u 
  750.00000m   33.1015u 
  800.00000m   37.1009u 
  850.00000m   40.9266u 
  900.00000m   44.5750u 
  950.00000m   48.0448u 
    1.00000    51.3366u 
y
 vth0_value= 238.6386m
 u0_param=  50.4384m
 ags_param= 425.1426m
 
   *** monte carlo  index = 918 ***
x

 volt         param     
             i_d_0.2    
    0.         63.3996p 
   50.00000m  328.0965p 
  100.00000m    1.6539n 
  150.00000m    7.9035n 
  200.00000m   34.5675n 
  250.00000m  134.6826n 
  300.00000m  461.1276n 
  350.00000m    1.3381u 
  400.00000m    3.1597u 
  450.00000m    6.1015u 
  500.00000m    9.9727u 
  550.00000m   14.3262u 
  600.00000m   18.7941u 
  650.00000m   23.2089u 
  700.00000m   27.5044u 
  750.00000m   31.6510u 
  800.00000m   35.6340u 
  850.00000m   39.4454u 
  900.00000m   43.0812u 
  950.00000m   46.5399u 
    1.00000    49.8221u 
y
 vth0_value= 251.5194m
 u0_param=  50.2664m
 ags_param= 423.6275m
 
   *** monte carlo  index = 919 ***
x

 volt         param     
             i_d_0.2    
    0.         61.9647p 
   50.00000m  320.7213p 
  100.00000m    1.6174n 
  150.00000m    7.7351n 
  200.00000m   33.8703n 
  250.00000m  132.1454n 
  300.00000m  453.1561n 
  350.00000m    1.3178u 
  400.00000m    3.1191u 
  450.00000m    6.0358u 
  500.00000m    9.8816u 
  550.00000m   14.2127u 
  600.00000m   18.6603u 
  650.00000m   23.0562u 
  700.00000m   27.3337u 
  750.00000m   31.4633u 
  800.00000m   35.4299u 
  850.00000m   39.2258u 
  900.00000m   42.8470u 
  950.00000m   46.2918u 
    1.00000    49.5608u 
y
 vth0_value= 252.0720m
 u0_param=  50.0571m
 ags_param= 417.2942m
 
   *** monte carlo  index = 920 ***
x

 volt         param     
             i_d_0.2    
    0.         37.3110p 
   50.00000m  193.7567p 
  100.00000m  986.7139p 
  150.00000m    4.8078n 
  200.00000m   21.6714n 
  250.00000m   87.5430n 
  300.00000m  312.2194n 
  350.00000m  957.1129n 
  400.00000m    2.4081u 
  450.00000m    4.9233u 
  500.00000m    8.4244u 
  550.00000m   12.5240u 
  600.00000m   16.8137u 
  650.00000m   21.0826u 
  700.00000m   25.2477u 
  750.00000m   29.2738u 
  800.00000m   33.1441u 
  850.00000m   36.8496u 
  900.00000m   40.3859u 
  950.00000m   43.7514u 
    1.00000    46.9462u 
y
 vth0_value= 266.4644m
 u0_param=  48.8557m
 ags_param= 408.6822m
 
   *** monte carlo  index = 921 ***
x

 volt         param     
             i_d_0.2    
    0.         40.5644p 
   50.00000m  210.5538p 
  100.00000m    1.0705n 
  150.00000m    5.1999n 
  200.00000m   23.3225n 
  250.00000m   93.6359n 
  300.00000m  331.6874n 
  350.00000m    1.0076u 
  400.00000m    2.5080u 
  450.00000m    5.0767u 
  500.00000m    8.6174u 
  550.00000m   12.7328u 
  600.00000m   17.0230u 
  650.00000m   21.2865u 
  700.00000m   25.4443u 
  750.00000m   29.4624u 
  800.00000m   33.3244u 
  850.00000m   37.0218u 
  900.00000m   40.5502u 
  950.00000m   43.9080u 
    1.00000    47.0952u 
y
 vth0_value= 263.8892m
 u0_param=  48.7367m
 ags_param= 421.3197m
 
   *** monte carlo  index = 922 ***
x

 volt         param     
             i_d_0.2    
    0.         91.4381p 
   50.00000m  471.4133p 
  100.00000m    2.3555n 
  150.00000m   11.0788n 
  200.00000m   47.3450n 
  250.00000m  179.6709n 
  300.00000m  596.2769n 
  350.00000m    1.6595u 
  400.00000m    3.7464u 
  450.00000m    6.9600u 
  500.00000m   11.0327u 
  550.00000m   15.5000u 
  600.00000m   20.0353u 
  650.00000m   24.4994u 
  700.00000m   28.8360u 
  750.00000m   33.0192u 
  800.00000m   37.0354u 
  850.00000m   40.8774u 
  900.00000m   44.5414u 
  950.00000m   48.0262u 
    1.00000    51.3323u 
y
 vth0_value= 240.8139m
 u0_param=  50.6644m
 ags_param= 429.3181m
 
   *** monte carlo  index = 923 ***
x

 volt         param     
             i_d_0.2    
    0.         21.7524p 
   50.00000m  113.0870p 
  100.00000m  580.8213p 
  150.00000m    2.8792n 
  200.00000m   13.3548n 
  250.00000m   55.9841n 
  300.00000m  207.9659n 
  350.00000m  672.1349n 
  400.00000m    1.8065u 
  450.00000m    3.9353u 
  500.00000m    7.0934u 
  550.00000m   10.9765u 
  600.00000m   15.1507u 
  650.00000m   19.3475u 
  700.00000m   23.4578u 
  750.00000m   27.4377u 
  800.00000m   31.2668u 
  850.00000m   34.9351u 
  900.00000m   38.4374u 
  950.00000m   41.7719u 
    1.00000    44.9383u 
y
 vth0_value= 282.2921m
 u0_param=  48.3839m
 ags_param= 419.0970m
 
   *** monte carlo  index = 924 ***
x

 volt         param     
             i_d_0.2    
    0.         45.1288p 
   50.00000m  234.1033p 
  100.00000m    1.1879n 
  150.00000m    5.7481n 
  200.00000m   25.6260n 
  250.00000m  102.1315n 
  300.00000m  358.8287n 
  350.00000m    1.0782u 
  400.00000m    2.6491u 
  450.00000m    5.2995u 
  500.00000m    8.9105u 
  550.00000m   13.0720u 
  600.00000m   17.3919u 
  650.00000m   21.6784u 
  700.00000m   25.8560u 
  750.00000m   29.8921u 
  800.00000m   33.7709u 
  850.00000m   37.4840u 
  900.00000m   41.0270u 
  950.00000m   44.3983u 
    1.00000    47.5983u 
y
 vth0_value= 260.8346m
 u0_param=  48.9403m
 ags_param= 431.9209m
 
   *** monte carlo  index = 925 ***
x

 volt         param     
             i_d_0.2    
    0.        159.0376p 
   50.00000m  813.8144p 
  100.00000m    4.0029n 
  150.00000m   18.3241n 
  200.00000m   75.4868n 
  250.00000m  275.1026n 
  300.00000m  867.7191n 
  350.00000m    2.2613u 
  400.00000m    4.7796u 
  450.00000m    8.4057u 
  500.00000m   12.7676u 
  550.00000m   17.4054u 
  600.00000m   22.0560u 
  650.00000m   26.6129u 
  700.00000m   31.0313u 
  750.00000m   35.2891u 
  800.00000m   39.3746u 
  850.00000m   43.2810u 
  900.00000m   47.0051u 
  950.00000m   50.5457u 
    1.00000    53.9037u 
y
 vth0_value= 224.7521m
 u0_param=  51.5254m
 ags_param= 419.4066m
 
   *** monte carlo  index = 926 ***
x

 volt         param     
             i_d_0.2    
    0.         55.7343p 
   50.00000m  288.7337p 
  100.00000m    1.4594n 
  150.00000m    7.0096n 
  200.00000m   30.8932n 
  250.00000m  121.4467n 
  300.00000m  420.1020n 
  350.00000m    1.2360u 
  400.00000m    2.9644u 
  450.00000m    5.8031u 
  500.00000m    9.5889u 
  550.00000m   13.8864u 
  600.00000m   18.3156u 
  650.00000m   22.6991u 
  700.00000m   26.9666u 
  750.00000m   31.0876u 
  800.00000m   35.0466u 
  850.00000m   38.8355u 
  900.00000m   42.4502u 
  950.00000m   45.8893u 
    1.00000    49.1530u 
y
 vth0_value= 255.1840m
 u0_param=  49.9696m
 ags_param= 409.2999m
 
   *** monte carlo  index = 927 ***
x

 volt         param     
             i_d_0.2    
    0.         44.5529p 
   50.00000m  231.1168p 
  100.00000m    1.1729n 
  150.00000m    5.6764n 
  200.00000m   25.3142n 
  250.00000m  100.9274n 
  300.00000m  354.7546n 
  350.00000m    1.0666u 
  400.00000m    2.6224u 
  450.00000m    5.2496u 
  500.00000m    8.8312u 
  550.00000m   12.9608u 
  600.00000m   17.2485u 
  650.00000m   21.5036u 
  700.00000m   25.6508u 
  750.00000m   29.6578u 
  800.00000m   33.5086u 
  850.00000m   37.1950u 
  900.00000m   40.7127u 
  950.00000m   44.0600u 
    1.00000    47.2373u 
y
 vth0_value= 260.9878m
 u0_param=  48.5842m
 ags_param= 406.5261m
 
   *** monte carlo  index = 928 ***
x

 volt         param     
             i_d_0.2    
    0.         45.6968p 
   50.00000m  237.0873p 
  100.00000m    1.2033n 
  150.00000m    5.8251n 
  200.00000m   25.9859n 
  250.00000m  103.6421n 
  300.00000m  364.4100n 
  350.00000m    1.0960u 
  400.00000m    2.6958u 
  450.00000m    5.3980u 
  500.00000m    9.0827u 
  550.00000m   13.3327u 
  600.00000m   17.7464u 
  650.00000m   22.1265u 
  700.00000m   26.3952u 
  750.00000m   30.5193u 
  800.00000m   34.4823u 
  850.00000m   38.2758u 
  900.00000m   41.8953u 
  950.00000m   45.3394u 
    1.00000    48.6082u 
y
 vth0_value= 261.1612m
 u0_param=  50.0391m
 ags_param= 427.4403m
 
   *** monte carlo  index = 929 ***
x

 volt         param     
             i_d_0.2    
    0.        169.9524p 
   50.00000m  868.4488p 
  100.00000m    4.2598n 
  150.00000m   19.4107n 
  200.00000m   79.4933n 
  250.00000m  287.8537n 
  300.00000m  900.4447n 
  350.00000m    2.3225u 
  400.00000m    4.8612u 
  450.00000m    8.4812u 
  500.00000m   12.8030u 
  550.00000m   17.3788u 
  600.00000m   21.9600u 
  650.00000m   26.4466u 
  700.00000m   30.7958u 
  750.00000m   34.9868u 
  800.00000m   39.0079u 
  850.00000m   42.8529u 
  900.00000m   46.5183u 
  950.00000m   50.0032u 
    1.00000    53.3082u 
y
 vth0_value= 222.2258m
 u0_param=  50.6702m
 ags_param= 435.8277m
 
   *** monte carlo  index = 930 ***
x

 volt         param     
             i_d_0.2    
    0.         51.9027p 
   50.00000m  268.9506p 
  100.00000m    1.3606n 
  150.00000m    6.5461n 
  200.00000m   28.9256n 
  250.00000m  114.0661n 
  300.00000m  396.0063n 
  350.00000m    1.1709u 
  400.00000m    2.8242u 
  450.00000m    5.5570u 
  500.00000m    9.2199u 
  550.00000m   13.3917u 
  600.00000m   17.6979u 
  650.00000m   21.9623u 
  700.00000m   26.1151u 
  750.00000m   30.1261u 
  800.00000m   33.9799u 
  850.00000m   37.6687u 
  900.00000m   41.1882u 
  950.00000m   44.5370u 
    1.00000    47.7152u 
y
 vth0_value= 256.4371m
 u0_param=  48.6032m
 ags_param= 420.4322m
 
   *** monte carlo  index = 931 ***
x

 volt         param     
             i_d_0.2    
    0.         78.3238p 
   50.00000m  404.4036p 
  100.00000m    2.0276n 
  150.00000m    9.5956n 
  200.00000m   41.3703n 
  250.00000m  158.5688n 
  300.00000m  532.6057n 
  350.00000m    1.5062u 
  400.00000m    3.4587u 
  450.00000m    6.5194u 
  500.00000m   10.4531u 
  550.00000m   14.8068u 
  600.00000m   19.2436u 
  650.00000m   23.6169u 
  700.00000m   27.8679u 
  750.00000m   31.9698u 
  800.00000m   35.9089u 
  850.00000m   39.6778u 
  900.00000m   43.2726u 
  950.00000m   46.6919u 
    1.00000    49.9363u 
y
 vth0_value= 244.8209m
 u0_param=  49.6712m
 ags_param= 424.7153m
 
   *** monte carlo  index = 932 ***
x

 volt         param     
             i_d_0.2    
    0.         83.3141p 
   50.00000m  429.9602p 
  100.00000m    2.1532n 
  150.00000m   10.1684n 
  200.00000m   43.7055n 
  250.00000m  166.9352n 
  300.00000m  558.3482n 
  350.00000m    1.5701u 
  400.00000m    3.5837u 
  450.00000m    6.7199u 
  500.00000m   10.7305u 
  550.00000m   15.1553u 
  600.00000m   19.6583u 
  650.00000m   24.0946u 
  700.00000m   28.4058u 
  750.00000m   32.5652u 
  800.00000m   36.5591u 
  850.00000m   40.3800u 
  900.00000m   44.0243u 
  950.00000m   47.4905u 
    1.00000    50.7791u 
y
 vth0_value= 243.4228m
 u0_param=  50.3832m
 ags_param= 420.0067m
 
   *** monte carlo  index = 933 ***
x

 volt         param     
             i_d_0.2    
    0.         54.9404p 
   50.00000m  284.6782p 
  100.00000m    1.4396n 
  150.00000m    6.9205n 
  200.00000m   30.5416n 
  250.00000m  120.2535n 
  300.00000m  416.7112n 
  350.00000m    1.2290u 
  400.00000m    2.9554u 
  450.00000m    5.7992u 
  500.00000m    9.6005u 
  550.00000m   13.9228u 
  600.00000m   18.3811u 
  650.00000m   22.7944u 
  700.00000m   27.0915u 
  750.00000m   31.2410u 
  800.00000m   35.2275u 
  850.00000m   39.0427u 
  900.00000m   42.6825u 
  950.00000m   46.1453u 
    1.00000    49.4317u 
y
 vth0_value= 255.8382m
 u0_param=  50.3279m
 ags_param= 419.6232m
 
   *** monte carlo  index = 934 ***
x

 volt         param     
             i_d_0.2    
    0.         13.1134p 
   50.00000m   68.0312p 
  100.00000m  351.4673p 
  150.00000m    1.7651n 
  200.00000m    8.3787n 
  250.00000m   36.2833n 
  300.00000m  139.7614n 
  350.00000m  472.1435n 
  400.00000m    1.3454u 
  450.00000m    3.1142u 
  500.00000m    5.9093u 
  550.00000m    9.5215u 
  600.00000m   13.5283u 
  650.00000m   17.6091u 
  700.00000m   21.6247u 
  750.00000m   25.5205u 
  800.00000m   29.2726u 
  850.00000m   32.8694u 
  900.00000m   36.3052u 
  950.00000m   39.5776u 
    1.00000    42.6862u 
y
 vth0_value= 296.8619m
 u0_param=  47.4569m
 ags_param= 406.0561m
 
   *** monte carlo  index = 935 ***
x

 volt         param     
             i_d_0.2    
    0.        120.1868p 
   50.00000m  617.3456p 
  100.00000m    3.0604n 
  150.00000m   14.1971n 
  200.00000m   59.5249n 
  250.00000m  221.1779n 
  300.00000m  715.1805n 
  350.00000m    1.9237u 
  400.00000m    4.1945u 
  450.00000m    7.5685u 
  500.00000m   11.7263u 
  550.00000m   16.2086u 
  600.00000m   20.7274u 
  650.00000m   25.1641u 
  700.00000m   29.4698u 
  750.00000m   33.6212u 
  800.00000m   37.6058u 
  850.00000m   41.4168u 
  900.00000m   45.0507u 
  950.00000m   48.5064u 
    1.00000    51.7843u 
y
 vth0_value= 232.3472m
 u0_param=  50.2252m
 ags_param= 424.3802m
 
   *** monte carlo  index = 936 ***
x

 volt         param     
             i_d_0.2    
    0.         46.6603p 
   50.00000m  242.0478p 
  100.00000m    1.2279n 
  150.00000m    5.9391n 
  200.00000m   26.4585n 
  250.00000m  105.3537n 
  300.00000m  369.7484n 
  350.00000m    1.1093u 
  400.00000m    2.7207u 
  450.00000m    5.4337u 
  500.00000m    9.1237u 
  550.00000m   13.3720u 
  600.00000m   17.7798u 
  650.00000m   22.1527u 
  700.00000m   26.4139u 
  750.00000m   30.5305u 
  800.00000m   34.4863u 
  850.00000m   38.2728u 
  900.00000m   41.8856u 
  950.00000m   45.3233u 
    1.00000    48.5860u 
y
 vth0_value= 260.4787m
 u0_param=  49.9455m
 ags_param= 413.7921m
 
   *** monte carlo  index = 937 ***
x

 volt         param     
             i_d_0.2    
    0.        137.0437p 
   50.00000m  702.7684p 
  100.00000m    3.4718n 
  150.00000m   16.0102n 
  200.00000m   66.5941n 
  250.00000m  245.2799n 
  300.00000m  784.2949n 
  350.00000m    2.0795u 
  400.00000m    4.4699u 
  450.00000m    7.9704u 
  500.00000m   12.2363u 
  550.00000m   16.8053u 
  600.00000m   21.3999u 
  650.00000m   25.9068u 
  700.00000m   30.2786u 
  750.00000m   34.4926u 
  800.00000m   38.5367u 
  850.00000m   42.4042u 
  900.00000m   46.0915u 
  950.00000m   49.5975u 
    1.00000    52.9230u 
y
 vth0_value= 228.8934m
 u0_param=  50.9966m
 ags_param= 414.3038m
 
   *** monte carlo  index = 938 ***
x

 volt         param     
             i_d_0.2    
    0.        110.5096p 
   50.00000m  568.0921p 
  100.00000m    2.8212n 
  150.00000m   13.1271n 
  200.00000m   55.2676n 
  250.00000m  206.3087n 
  300.00000m  671.0125n 
  350.00000m    1.8187u 
  400.00000m    3.9961u 
  450.00000m    7.2571u 
  500.00000m   11.3002u 
  550.00000m   15.6742u 
  600.00000m   20.0903u 
  650.00000m   24.4287u 
  700.00000m   28.6401u 
  750.00000m   32.7013u 
  800.00000m   36.5999u 
  850.00000m   40.3291u 
  900.00000m   43.8854u 
  950.00000m   47.2675u 
    1.00000    50.4759u 
y
 vth0_value= 234.1528m
 u0_param=  49.1120m
 ags_param= 411.2047m
 
   *** monte carlo  index = 939 ***
x

 volt         param     
             i_d_0.2    
    0.         51.4672p 
   50.00000m  266.7662p 
  100.00000m    1.3503n 
  150.00000m    6.5038n 
  200.00000m   28.7858n 
  250.00000m  113.7332n 
  300.00000m  395.6892n 
  350.00000m    1.1733u 
  400.00000m    2.8390u 
  450.00000m    5.6018u 
  500.00000m    9.3149u 
  550.00000m   13.5530u 
  600.00000m   17.9320u 
  650.00000m   22.2697u 
  700.00000m   26.4945u 
  750.00000m   30.5749u 
  800.00000m   34.4954u 
  850.00000m   38.2478u 
  900.00000m   41.8280u 
  950.00000m   45.2344u 
    1.00000    48.4673u 
y
 vth0_value= 257.2495m
 u0_param=  49.4738m
 ags_param= 415.9294m
 
   *** monte carlo  index = 940 ***
x

 volt         param     
             i_d_0.2    
    0.         53.7635p 
   50.00000m  278.5793p 
  100.00000m    1.4089n 
  150.00000m    6.7746n 
  200.00000m   29.9083n 
  250.00000m  117.8131n 
  300.00000m  408.4845n 
  350.00000m    1.2057u 
  400.00000m    2.9020u 
  450.00000m    5.6994u 
  500.00000m    9.4417u 
  550.00000m   13.6991u 
  600.00000m   18.0912u 
  650.00000m   22.4396u 
  700.00000m   26.6738u 
  750.00000m   30.7628u 
  800.00000m   34.6913u 
  850.00000m   38.4513u 
  900.00000m   42.0386u 
  950.00000m   45.4516u 
    1.00000    48.6907u 
y
 vth0_value= 256.0078m
 u0_param=  49.5722m
 ags_param= 424.3360m
 
   *** monte carlo  index = 941 ***
x

 volt         param     
             i_d_0.2    
    0.        108.2400p 
   50.00000m  556.8291p 
  100.00000m    2.7693n 
  150.00000m   12.9180n 
  200.00000m   54.5729n 
  250.00000m  204.4703n 
  300.00000m  668.0423n 
  350.00000m    1.8213u 
  400.00000m    4.0253u 
  450.00000m    7.3456u 
  500.00000m   11.4819u 
  550.00000m   15.9702u 
  600.00000m   20.5069u 
  650.00000m   24.9654u 
  700.00000m   29.2938u 
  750.00000m   33.4677u 
  800.00000m   37.4744u 
  850.00000m   41.3067u 
  900.00000m   44.9612u 
  950.00000m   48.4366u 
    1.00000    51.7334u 
y
 vth0_value= 235.6740m
 u0_param=  50.5247m
 ags_param= 422.4388m
 
   *** monte carlo  index = 942 ***
x

 volt         param     
             i_d_0.2    
    0.         68.1816p 
   50.00000m  352.4618p 
  100.00000m    1.7723n 
  150.00000m    8.4321n 
  200.00000m   36.6369n 
  250.00000m  141.6739n 
  300.00000m  480.8775n 
  350.00000m    1.3793u 
  400.00000m    3.2158u 
  450.00000m    6.1419u 
  500.00000m    9.9512u 
  550.00000m   14.2029u 
  600.00000m   18.5516u 
  650.00000m   22.8438u 
  700.00000m   27.0184u 
  750.00000m   31.0478u 
  800.00000m   34.9181u 
  850.00000m   38.6216u 
  900.00000m   42.1546u 
  950.00000m   45.5156u 
    1.00000    48.7049u 
y
 vth0_value= 248.4016m
 u0_param=  48.7880m
 ags_param= 421.5449m
 
   *** monte carlo  index = 943 ***
x

 volt         param     
             i_d_0.2    
    0.         40.0571p 
   50.00000m  207.9518p 
  100.00000m    1.0577n 
  150.00000m    5.1416n 
  200.00000m   23.0887n 
  250.00000m   92.8331n 
  300.00000m  329.3717n 
  350.00000m    1.0027u 
  400.00000m    2.5020u 
  450.00000m    5.0763u 
  500.00000m    8.6326u 
  550.00000m   12.7733u 
  600.00000m   17.0936u 
  650.00000m   21.3885u 
  700.00000m   25.5771u 
  750.00000m   29.6253u 
  800.00000m   33.5162u 
  850.00000m   37.2412u 
  900.00000m   40.7959u 
  950.00000m   44.1787u 
    1.00000    47.3897u 
y
 vth0_value= 264.5084m
 u0_param=  49.1139m
 ags_param= 421.6009m
 
   *** monte carlo  index = 944 ***
x

 volt         param     
             i_d_0.2    
    0.         22.8299p 
   50.00000m  118.6937p 
  100.00000m  609.2319p 
  150.00000m    3.0159n 
  200.00000m   13.9572n 
  250.00000m   58.3288n 
  300.00000m  215.9385n 
  350.00000m  694.8994n 
  400.00000m    1.8574u 
  450.00000m    4.0237u 
  500.00000m    7.2194u 
  550.00000m   11.1315u 
  600.00000m   15.3261u 
  650.00000m   19.5391u 
  700.00000m   23.6637u 
  750.00000m   27.6567u 
  800.00000m   31.4982u 
  850.00000m   35.1781u 
  900.00000m   38.6914u 
  950.00000m   42.0361u 
    1.00000    45.2121u 
y
 vth0_value= 280.9448m
 u0_param=  48.5372m
 ags_param= 422.6178m
 
   *** monte carlo  index = 945 ***
x

 volt         param     
             i_d_0.2    
    0.         57.1960p 
   50.00000m  296.1654p 
  100.00000m    1.4954n 
  150.00000m    7.1682n 
  200.00000m   31.4984n 
  250.00000m  123.3992n 
  300.00000m  425.2054n 
  350.00000m    1.2446u 
  400.00000m    2.9676u 
  450.00000m    5.7801u 
  500.00000m    9.5122u 
  550.00000m   13.7332u 
  600.00000m   18.0762u 
  650.00000m   22.3719u 
  700.00000m   26.5532u 
  750.00000m   30.5908u 
  800.00000m   34.4697u 
  850.00000m   38.1820u 
  900.00000m   41.7238u 
  950.00000m   45.0934u 
    1.00000    48.2913u 
y
 vth0_value= 253.7394m
 u0_param=  48.9193m
 ags_param= 418.5371m
 
   *** monte carlo  index = 946 ***
x

 volt         param     
             i_d_0.2    
    0.         60.9935p 
   50.00000m  315.7015p 
  100.00000m    1.5922n 
  150.00000m    7.6167n 
  200.00000m   33.3639n 
  250.00000m  130.2261n 
  300.00000m  446.8113n 
  350.00000m    1.3003u 
  400.00000m    3.0803u 
  450.00000m    5.9651u 
  500.00000m    9.7717u 
  550.00000m   14.0606u 
  600.00000m   18.4657u 
  650.00000m   22.8199u 
  700.00000m   27.0571u 
  750.00000m   31.1479u 
  800.00000m   35.0776u 
  850.00000m   38.8382u 
  900.00000m   42.4257u 
  950.00000m   45.8387u 
    1.00000    49.0776u 
y
 vth0_value= 252.2384m
 u0_param=  49.5747m
 ags_param= 418.2254m
 
   *** monte carlo  index = 947 ***
x

 volt         param     
             i_d_0.2    
    0.         37.8725p 
   50.00000m  196.7064p 
  100.00000m    1.0020n 
  150.00000m    4.8840n 
  200.00000m   22.0287n 
  250.00000m   89.0529n 
  300.00000m  317.8437n 
  350.00000m  975.2728n 
  400.00000m    2.4565u 
  450.00000m    5.0271u 
  500.00000m    8.6085u 
  550.00000m   12.8058u 
  600.00000m   17.1997u 
  650.00000m   21.5729u 
  700.00000m   25.8397u 
  750.00000m   29.9640u 
  800.00000m   33.9283u 
  850.00000m   37.7236u 
  900.00000m   41.3455u 
  950.00000m   44.7922u 
    1.00000    48.0639u 
y
 vth0_value= 266.7972m
 u0_param=  50.0788m
 ags_param= 417.7874m
 
   *** monte carlo  index = 948 ***
x

 volt         param     
             i_d_0.2    
    0.         34.3472p 
   50.00000m  178.4409p 
  100.00000m  910.1561p 
  150.00000m    4.4485n 
  200.00000m   20.1526n 
  250.00000m   81.9185n 
  300.00000m  294.1808n 
  350.00000m  910.0848n 
  400.00000m    2.3152u 
  450.00000m    4.7824u 
  500.00000m    8.2518u 
  550.00000m   12.3456u 
  600.00000m   16.6462u 
  650.00000m   20.9323u 
  700.00000m   25.1164u 
  750.00000m   29.1618u 
  800.00000m   33.0510u 
  850.00000m   36.7749u 
  900.00000m   40.3290u 
  950.00000m   43.7115u 
    1.00000    46.9226u 
y
 vth0_value= 269.0987m
 u0_param=  49.1059m
 ags_param= 433.4646m
 
   *** monte carlo  index = 949 ***
x

 volt         param     
             i_d_0.2    
    0.         42.8813p 
   50.00000m  222.5029p 
  100.00000m    1.1300n 
  150.00000m    5.4773n 
  200.00000m   24.4838n 
  250.00000m   97.8950n 
  300.00000m  345.1924n 
  350.00000m    1.0423u 
  400.00000m    2.5755u 
  450.00000m    5.1792u 
  500.00000m    8.7446u 
  550.00000m   12.8690u 
  600.00000m   17.1583u 
  650.00000m   21.4173u 
  700.00000m   25.5692u 
  750.00000m   29.5811u 
  800.00000m   33.4369u 
  850.00000m   37.1282u 
  900.00000m   40.6505u 
  950.00000m   44.0024u 
    1.00000    47.1841u 
y
 vth0_value= 262.1734m
 u0_param=  48.6503m
 ags_param= 417.0255m
 
   *** monte carlo  index = 950 ***
x

 volt         param     
             i_d_0.2    
    0.         86.3915p 
   50.00000m  445.5213p 
  100.00000m    2.2278n 
  150.00000m   10.4920n 
  200.00000m   44.9230n 
  250.00000m  170.8538n 
  300.00000m  568.5676n 
  350.00000m    1.5882u 
  400.00000m    3.5994u 
  450.00000m    6.7094u 
  500.00000m   10.6635u 
  550.00000m   15.0088u 
  600.00000m   19.4240u 
  650.00000m   23.7713u 
  700.00000m   27.9954u 
  750.00000m   32.0705u 
  800.00000m   35.9836u 
  850.00000m   39.7272u 
  900.00000m   43.2978u 
  950.00000m   46.6940u 
    1.00000    49.9163u 
y
 vth0_value= 241.6637m
 u0_param=  49.3224m
 ags_param= 419.1362m
 
   *** monte carlo  index = 951 ***
x

 volt         param     
             i_d_0.2    
    0.         50.4886p 
   50.00000m  261.7606p 
  100.00000m    1.3258n 
  150.00000m    6.3931n 
  200.00000m   28.3466n 
  250.00000m  112.2344n 
  300.00000m  391.3958n 
  350.00000m    1.1642u 
  400.00000m    2.8272u 
  450.00000m    5.5964u 
  500.00000m    9.3300u 
  550.00000m   13.6011u 
  600.00000m   18.0191u 
  650.00000m   22.3972u 
  700.00000m   26.6617u 
  750.00000m   30.7806u 
  800.00000m   34.7383u 
  850.00000m   38.5262u 
  900.00000m   42.1402u 
  950.00000m   45.5788u 
    1.00000    48.8423u 
y
 vth0_value= 258.1310m
 u0_param=  49.9588m
 ags_param= 421.9854m
 
   *** monte carlo  index = 952 ***
x

 volt         param     
             i_d_0.2    
    0.         69.6249p 
   50.00000m  359.9732p 
  100.00000m    1.8104n 
  150.00000m    8.6160n 
  200.00000m   37.4525n 
  250.00000m  144.8929n 
  300.00000m  492.0202n 
  350.00000m    1.4120u 
  400.00000m    3.2939u 
  450.00000m    6.2937u 
  500.00000m   10.2005u 
  550.00000m   14.5632u 
  600.00000m   19.0263u 
  650.00000m   23.4315u 
  700.00000m   27.7158u 
  750.00000m   31.8508u 
  800.00000m   35.8221u 
  850.00000m   39.6221u 
  900.00000m   43.2468u 
  950.00000m   46.6949u 
    1.00000    49.9667u 
y
 vth0_value= 248.6176m
 u0_param=  50.1054m
 ags_param= 421.1270m
 
   *** monte carlo  index = 953 ***
x

 volt         param     
             i_d_0.2    
    0.         51.4777p 
   50.00000m  266.8572p 
  100.00000m    1.3512n 
  150.00000m    6.5110n 
  200.00000m   28.8398n 
  250.00000m  114.0478n 
  300.00000m  397.1681n 
  350.00000m    1.1792u 
  400.00000m    2.8574u 
  450.00000m    5.6452u 
  500.00000m    9.3967u 
  550.00000m   13.6826u 
  600.00000m   18.1131u 
  650.00000m   22.5024u 
  700.00000m   26.7776u 
  750.00000m   30.9065u 
  800.00000m   34.8737u 
  850.00000m   38.6706u 
  900.00000m   42.2932u 
  950.00000m   45.7398u 
    1.00000    49.0109u 
y
 vth0_value= 257.6280m
 u0_param=  50.0806m
 ags_param= 424.0092m
 
   *** monte carlo  index = 954 ***
x

 volt         param     
             i_d_0.2    
    0.         84.4887p 
   50.00000m  435.8387p 
  100.00000m    2.1808n 
  150.00000m   10.2827n 
  200.00000m   44.1002n 
  250.00000m  168.0367n 
  300.00000m  560.4411n 
  350.00000m    1.5701u 
  400.00000m    3.5696u 
  450.00000m    6.6714u 
  500.00000m   10.6252u 
  550.00000m   14.9775u 
  600.00000m   19.4028u 
  650.00000m   23.7612u 
  700.00000m   27.9963u 
  750.00000m   32.0824u 
  800.00000m   36.0059u 
  850.00000m   39.7597u 
  900.00000m   43.3399u 
  950.00000m   46.7453u 
    1.00000    49.9764u 
y
 vth0_value= 242.4192m
 u0_param=  49.4610m
 ags_param= 422.5034m
 
   *** monte carlo  index = 955 ***
x

 volt         param     
             i_d_0.2    
    0.         83.5730p 
   50.00000m  431.2921p 
  100.00000m    2.1598n 
  150.00000m   10.1990n 
  200.00000m   43.8337n 
  250.00000m  167.4087n 
  300.00000m  559.8612n 
  350.00000m    1.5741u 
  400.00000m    3.5921u 
  450.00000m    6.7344u 
  500.00000m   10.7524u 
  550.00000m   15.1849u 
  600.00000m   19.6957u 
  650.00000m   24.1396u 
  700.00000m   28.4582u 
  750.00000m   32.6247u 
  800.00000m   36.6254u 
  850.00000m   40.4528u 
  900.00000m   44.1032u 
  950.00000m   47.5753u 
    1.00000    50.8694u 
y
 vth0_value= 243.3879m
 u0_param=  50.4755m
 ags_param= 405.3199m
 
   *** monte carlo  index = 956 ***
x

 volt         param     
             i_d_0.2    
    0.         54.6181p 
   50.00000m  282.9745p 
  100.00000m    1.4307n 
  150.00000m    6.8752n 
  200.00000m   30.3248n 
  250.00000m  119.3252n 
  300.00000m  413.2213n 
  350.00000m    1.2176u 
  400.00000m    2.9253u 
  450.00000m    5.7356u 
  500.00000m    9.4892u 
  550.00000m   13.7542u 
  600.00000m   18.1520u 
  650.00000m   22.5050u 
  700.00000m   26.7433u 
  750.00000m   30.8363u 
  800.00000m   34.7685u 
  850.00000m   38.5319u 
  900.00000m   42.1224u 
  950.00000m   45.5384u 
    1.00000    48.7804u 
y
 vth0_value= 255.5646m
 u0_param=  49.6164m
 ags_param= 431.4207m
 
   *** monte carlo  index = 957 ***
x

 volt         param     
             i_d_0.2    
    0.         31.7708p 
   50.00000m  165.0793p 
  100.00000m  842.8765p 
  150.00000m    4.1282n 
  200.00000m   18.7657n 
  250.00000m   76.6121n 
  300.00000m  276.4494n 
  350.00000m  860.6850n 
  400.00000m    2.2067u 
  450.00000m    4.5919u 
  500.00000m    7.9709u 
  550.00000m   11.9802u 
  600.00000m   16.2043u 
  650.00000m   20.4188u 
  700.00000m   24.5348u 
  750.00000m   28.5154u 
  800.00000m   32.3428u 
  850.00000m   36.0080u 
  900.00000m   39.5063u 
  950.00000m   42.8360u 
    1.00000    45.9973u 
y
 vth0_value= 270.9192m
 u0_param=  48.3180m
 ags_param= 406.2468m
 
   *** monte carlo  index = 958 ***
x

 volt         param     
             i_d_0.2    
    0.         46.9711p 
   50.00000m  243.6139p 
  100.00000m    1.2354n 
  150.00000m    5.9704n 
  200.00000m   26.5653n 
  250.00000m  105.6270n 
  300.00000m  370.1251n 
  350.00000m    1.1081u 
  400.00000m    2.7113u 
  450.00000m    5.4034u 
  500.00000m    9.0574u 
  550.00000m   13.2573u 
  600.00000m   17.6115u 
  650.00000m   21.9299u 
  700.00000m   26.1378u 
  750.00000m   30.2028u 
  800.00000m   34.1091u 
  850.00000m   37.8482u 
  900.00000m   41.4160u 
  950.00000m   44.8108u 
    1.00000    48.0329u 
y
 vth0_value= 259.8671m
 u0_param=  49.2955m
 ags_param= 425.0672m
 
   *** monte carlo  index = 959 ***
x

 volt         param     
             i_d_0.2    
    0.         41.7107p 
   50.00000m  216.4915p 
  100.00000m    1.1004n 
  150.00000m    5.3415n 
  200.00000m   23.9328n 
  250.00000m   95.9649n 
  300.00000m  339.4501n 
  350.00000m    1.0292u 
  400.00000m    2.5557u 
  450.00000m    5.1624u 
  500.00000m    8.7475u 
  550.00000m   12.9085u 
  600.00000m   17.2430u 
  650.00000m   21.5493u 
  700.00000m   25.7482u 
  750.00000m   29.8058u 
  800.00000m   33.7056u 
  850.00000m   37.4390u 
  900.00000m   41.0015u 
  950.00000m   44.3917u 
    1.00000    47.6096u 
y
 vth0_value= 263.3716m
 u0_param=  49.2259m
 ags_param= 417.8887m
 
   *** monte carlo  index = 960 ***
x

 volt         param     
             i_d_0.2    
    0.         34.7320p 
   50.00000m  180.4257p 
  100.00000m  920.0370p 
  150.00000m    4.4945n 
  200.00000m   20.3439n 
  250.00000m   82.6098n 
  300.00000m  296.3240n 
  350.00000m  915.3354n 
  400.00000m    2.3243u 
  450.00000m    4.7930u 
  500.00000m    8.2586u 
  550.00000m   12.3427u 
  600.00000m   16.6303u 
  650.00000m   20.9023u 
  700.00000m   25.0723u 
  750.00000m   29.1040u 
  800.00000m   32.9799u 
  850.00000m   36.6912u 
  900.00000m   40.2332u 
  950.00000m   43.6041u 
    1.00000    46.8043u 
y
 vth0_value= 268.6556m
 u0_param=  48.9347m
 ags_param= 423.6335m
 
   *** monte carlo  index = 961 ***
x

 volt         param     
             i_d_0.2    
    0.         51.1712p 
   50.00000m  265.1381p 
  100.00000m    1.3412n 
  150.00000m    6.4520n 
  200.00000m   28.5041n 
  250.00000m  112.3816n 
  300.00000m  390.0904n 
  350.00000m    1.1532u 
  400.00000m    2.7809u 
  450.00000m    5.4710u 
  500.00000m    9.0761u 
  550.00000m   13.1813u 
  600.00000m   17.4183u 
  650.00000m   21.6141u 
  700.00000m   25.7003u 
  750.00000m   29.6470u 
  800.00000m   33.4394u 
  850.00000m   37.0694u 
  900.00000m   40.5331u 
  950.00000m   43.8288u 
    1.00000    46.9569u 
y
 vth0_value= 256.3382m
 u0_param=  47.8055m
 ags_param= 420.1401m
 
   *** monte carlo  index = 962 ***
x

 volt         param     
             i_d_0.2    
    0.         77.9707p 
   50.00000m  402.5555p 
  100.00000m    2.0181n 
  150.00000m    9.5490n 
  200.00000m   41.1588n 
  250.00000m  157.7148n 
  300.00000m  529.5770n 
  350.00000m    1.4971u 
  400.00000m    3.4363u 
  450.00000m    6.4750u 
  500.00000m   10.3792u 
  550.00000m   14.6991u 
  600.00000m   19.1010u 
  650.00000m   23.4398u 
  700.00000m   27.6573u 
  750.00000m   31.7270u 
  800.00000m   35.6352u 
  850.00000m   39.3746u 
  900.00000m   42.9413u 
  950.00000m   46.3341u 
    1.00000    49.5533u 
y
 vth0_value= 244.6989m
 u0_param=  49.2692m
 ags_param= 421.3818m
 
   *** monte carlo  index = 963 ***
x

 volt         param     
             i_d_0.2    
    0.        107.4924p 
   50.00000m  553.0510p 
  100.00000m    2.7512n 
  150.00000m   12.8393n 
  200.00000m   54.2734n 
  250.00000m  203.4838n 
  300.00000m  665.3639n 
  350.00000m    1.8159u 
  400.00000m    4.0178u 
  450.00000m    7.3385u 
  500.00000m   11.4789u 
  550.00000m   15.9742u 
  600.00000m   20.5189u 
  650.00000m   24.9856u 
  700.00000m   29.3220u 
  750.00000m   33.5038u 
  800.00000m   37.5180u 
  850.00000m   41.3575u 
  900.00000m   45.0189u 
  950.00000m   48.5008u 
    1.00000    51.8038u 
y
 vth0_value= 235.9441m
 u0_param=  50.6243m
 ags_param= 421.1231m
 
   *** monte carlo  index = 964 ***
x

 volt         param     
             i_d_0.2    
    0.         61.9309p 
   50.00000m  320.5147p 
  100.00000m    1.6160n 
  150.00000m    7.7259n 
  200.00000m   33.8128n 
  250.00000m  131.8448n 
  300.00000m  451.8344n 
  350.00000m    1.3128u 
  400.00000m    3.1045u 
  450.00000m    6.0026u 
  500.00000m    9.8211u 
  550.00000m   14.1188u 
  600.00000m   18.5310u 
  650.00000m   22.8915u 
  700.00000m   27.1344u 
  750.00000m   31.2307u 
  800.00000m   35.1654u 
  850.00000m   38.9309u 
  900.00000m   42.5230u 
  950.00000m   45.9403u 
    1.00000    49.1832u 
y
 vth0_value= 251.8242m
 u0_param=  49.6403m
 ags_param= 416.7780m
 
   *** monte carlo  index = 965 ***
x

 volt         param     
             i_d_0.2    
    0.         63.4722p 
   50.00000m  328.3887p 
  100.00000m    1.6545n 
  150.00000m    7.8994n 
  200.00000m   34.5035n 
  250.00000m  134.2300n 
  300.00000m  458.8020n 
  350.00000m    1.3284u 
  400.00000m    3.1291u 
  450.00000m    6.0297u 
  500.00000m    9.8388u 
  550.00000m   14.1159u 
  600.00000m   18.5023u 
  650.00000m   22.8357u 
  700.00000m   27.0518u 
  750.00000m   31.1219u 
  800.00000m   35.0316u 
  850.00000m   38.7729u 
  900.00000m   42.3420u 
  950.00000m   45.7374u 
    1.00000    48.9596u 
y
 vth0_value= 250.8775m
 u0_param=  49.3087m
 ags_param= 419.6800m
 
   *** monte carlo  index = 966 ***
x

 volt         param     
             i_d_0.2    
    0.         57.4708p 
   50.00000m  297.6404p 
  100.00000m    1.5033n 
  150.00000m    7.2104n 
  200.00000m   31.7108n 
  250.00000m  124.3523n 
  300.00000m  428.9403n 
  350.00000m    1.2573u 
  400.00000m    3.0024u 
  450.00000m    5.8553u 
  500.00000m    9.6460u 
  550.00000m   13.9378u 
  600.00000m   18.3557u 
  650.00000m   22.7261u 
  700.00000m   26.9804u 
  750.00000m   31.0881u 
  800.00000m   35.0344u 
  850.00000m   38.8110u 
  900.00000m   42.4139u 
  950.00000m   45.8417u 
    1.00000    49.0946u 
y
 vth0_value= 254.1601m
 u0_param=  49.8006m
 ags_param= 404.4059m
 
   *** monte carlo  index = 967 ***
x

 volt         param     
             i_d_0.2    
    0.         49.3613p 
   50.00000m  255.8996p 
  100.00000m    1.2962n 
  150.00000m    6.2502n 
  200.00000m   27.7153n 
  250.00000m  109.7481n 
  300.00000m  382.8011n 
  350.00000m    1.1390u 
  400.00000m    2.7671u 
  450.00000m    5.4795u 
  500.00000m    9.1379u 
  550.00000m   13.3238u 
  600.00000m   17.6538u 
  650.00000m   21.9450u 
  700.00000m   26.1252u 
  750.00000m   30.1629u 
  800.00000m   34.0428u 
  850.00000m   37.7565u 
  900.00000m   41.3000u 
  950.00000m   44.6716u 
    1.00000    47.8716u 
y
 vth0_value= 258.1609m
 u0_param=  48.9482m
 ags_param= 416.2324m
 
   *** monte carlo  index = 968 ***
x

 volt         param     
             i_d_0.2    
    0.         54.2700p 
   50.00000m  281.2081p 
  100.00000m    1.4222n 
  150.00000m    6.8380n 
  200.00000m   30.1858n 
  250.00000m  118.8933n 
  300.00000m  412.1692n 
  350.00000m    1.2163u 
  400.00000m    2.9268u 
  450.00000m    5.7467u 
  500.00000m    9.5183u 
  550.00000m   13.8084u 
  600.00000m   18.2341u 
  650.00000m   22.6155u 
  700.00000m   26.8817u 
  750.00000m   31.0015u 
  800.00000m   34.9595u 
  850.00000m   38.7477u 
  900.00000m   42.3617u 
  950.00000m   45.8001u 
    1.00000    49.0632u 
y
 vth0_value= 255.9703m
 u0_param=  49.9549m
 ags_param= 430.3893m
 
   *** monte carlo  index = 969 ***
x

 volt         param     
             i_d_0.2    
    0.         52.1839p 
   50.00000m  270.4597p 
  100.00000m    1.3687n 
  150.00000m    6.5893n 
  200.00000m   29.1446n 
  250.00000m  115.0571n 
  300.00000m  399.9243n 
  350.00000m    1.1844u 
  400.00000m    2.8617u 
  450.00000m    5.6393u 
  500.00000m    9.3677u 
  550.00000m   13.6193u 
  600.00000m   18.0104u 
  650.00000m   22.3595u 
  700.00000m   26.5950u 
  750.00000m   30.6856u 
  800.00000m   34.6158u 
  850.00000m   38.3775u 
  900.00000m   41.9665u 
  950.00000m   45.3812u 
    1.00000    48.6219u 
y
 vth0_value= 256.9149m
 u0_param=  49.5972m
 ags_param= 424.6319m
 
   *** monte carlo  index = 970 ***
x

 volt         param     
             i_d_0.2    
    0.         61.1034p 
   50.00000m  316.2400p 
  100.00000m    1.5946n 
  150.00000m    7.6254n 
  200.00000m   33.3841n 
  250.00000m  130.2251n 
  300.00000m  446.5025n 
  350.00000m    1.2982u 
  400.00000m    3.0723u 
  450.00000m    5.9445u 
  500.00000m    9.7313u 
  550.00000m   13.9951u 
  600.00000m   18.3732u 
  650.00000m   22.7004u 
  700.00000m   26.9111u 
  750.00000m   30.9764u 
  800.00000m   34.8816u 
  850.00000m   38.6188u 
  900.00000m   42.1840u 
  950.00000m   45.5759u 
    1.00000    48.7947u 
y
 vth0_value= 251.9791m
 u0_param=  49.2535m
 ags_param= 423.7610m
 
   *** monte carlo  index = 971 ***
x

 volt         param     
             i_d_0.2    
    0.         92.3781p 
   50.00000m  476.0354p 
  100.00000m    2.3763n 
  150.00000m   11.1583n 
  200.00000m   47.5744n 
  250.00000m  180.0839n 
  300.00000m  595.8547n 
  350.00000m    1.6518u 
  400.00000m    3.7139u 
  450.00000m    6.8762u 
  500.00000m   10.8707u 
  550.00000m   15.2422u 
  600.00000m   19.6763u 
  650.00000m   24.0396u 
  700.00000m   28.2781u 
  750.00000m   32.3666u 
  800.00000m   36.2921u 
  850.00000m   40.0475u 
  900.00000m   43.6291u 
  950.00000m   47.0356u 
    1.00000    50.2675u 
y
 vth0_value= 239.7572m
 u0_param=  49.4775m
 ags_param= 424.7921m
 
   *** monte carlo  index = 972 ***
x

 volt         param     
             i_d_0.2    
    0.         74.7664p 
   50.00000m  386.0616p 
  100.00000m    1.9363n 
  150.00000m    9.1685n 
  200.00000m   39.5632n 
  250.00000m  151.8003n 
  300.00000m  510.5520n 
  350.00000m    1.4465u 
  400.00000m    3.3283u 
  450.00000m    6.2848u 
  500.00000m   10.0912u 
  550.00000m   14.3079u 
  600.00000m   18.6069u 
  650.00000m   22.8453u 
  700.00000m   26.9658u 
  750.00000m   30.9424u 
  800.00000m   34.7616u 
  850.00000m   38.4160u 
  900.00000m   41.9021u 
  950.00000m   45.2183u 
    1.00000    48.3650u 
y
 vth0_value= 245.2040m
 u0_param=  48.1154m
 ags_param= 413.6951m
 
   *** monte carlo  index = 973 ***
x

 volt         param     
             i_d_0.2    
    0.         92.2674p 
   50.00000m  475.4689p 
  100.00000m    2.3736n 
  150.00000m   11.1456n 
  200.00000m   47.5223n 
  250.00000m  179.8952n 
  300.00000m  595.2616n 
  350.00000m    1.6502u 
  400.00000m    3.7107u 
  450.00000m    6.8706u 
  500.00000m   10.8624u 
  550.00000m   15.2312u 
  600.00000m   19.6628u 
  650.00000m   24.0236u 
  700.00000m   28.2596u 
  750.00000m   32.3459u 
  800.00000m   36.2692u 
  850.00000m   40.0226u 
  900.00000m   43.6022u 
  950.00000m   47.0068u 
    1.00000    50.2370u 
y
 vth0_value= 239.7777m
 u0_param=  49.4535m
 ags_param= 407.4139m
 
   *** monte carlo  index = 974 ***
x

 volt         param     
             i_d_0.2    
    0.         80.4177p 
   50.00000m  415.1206p 
  100.00000m    2.0802n 
  150.00000m    9.8349n 
  200.00000m   42.3420n 
  250.00000m  162.0320n 
  300.00000m  543.1847n 
  350.00000m    1.5322u 
  400.00000m    3.5085u 
  450.00000m    6.5973u 
  500.00000m   10.5582u 
  550.00000m   14.9355u 
  600.00000m   19.3935u 
  650.00000m   23.7867u 
  700.00000m   28.0566u 
  750.00000m   32.1765u 
  800.00000m   36.1327u 
  850.00000m   39.9179u 
  900.00000m   43.5281u 
  950.00000m   46.9620u 
    1.00000    50.2202u 
y
 vth0_value= 244.1735m
 u0_param=  49.8947m
 ags_param= 415.5132m
 
   *** monte carlo  index = 975 ***
x

 volt         param     
             i_d_0.2    
    0.        117.9829p 
   50.00000m  606.1187p 
  100.00000m    3.0058n 
  150.00000m   13.9519n 
  200.00000m   58.5444n 
  250.00000m  217.7316n 
  300.00000m  704.8511n 
  350.00000m    1.8988u 
  400.00000m    4.1464u 
  450.00000m    7.4912u 
  500.00000m   11.6181u 
  550.00000m   16.0700u 
  600.00000m   20.5594u 
  650.00000m   24.9678u 
  700.00000m   29.2463u 
  750.00000m   33.3715u 
  800.00000m   37.3312u 
  850.00000m   41.1185u 
  900.00000m   44.7299u 
  950.00000m   48.1642u 
    1.00000    51.4220u 
y
 vth0_value= 232.6970m
 u0_param=  49.9016m
 ags_param= 421.6763m
 
   *** monte carlo  index = 976 ***
x

 volt         param     
             i_d_0.2    
    0.         24.7595p 
   50.00000m  128.7005p 
  100.00000m  659.5727p 
  150.00000m    3.2549n 
  200.00000m   14.9827n 
  250.00000m   62.1718n 
  300.00000m  228.3935n 
  350.00000m  727.8199n 
  400.00000m    1.9212u 
  450.00000m    4.1114u 
  500.00000m    7.3027u 
  550.00000m   11.1718u 
  600.00000m   15.2966u 
  650.00000m   19.4306u 
  700.00000m   23.4748u 
  750.00000m   27.3889u 
  800.00000m   31.1540u 
  850.00000m   34.7606u 
  900.00000m   38.2038u 
  950.00000m   41.4817u 
    1.00000    44.5942u 
y
 vth0_value= 277.8613m
 u0_param=  47.5371m
 ags_param= 417.8287m
 
   *** monte carlo  index = 977 ***
x

 volt         param     
             i_d_0.2    
    0.         53.4205p 
   50.00000m  276.8154p 
  100.00000m    1.4002n 
  150.00000m    6.7342n 
  200.00000m   29.7411n 
  250.00000m  117.2058n 
  300.00000m  406.5797n 
  350.00000m    1.2008u 
  400.00000m    2.8926u 
  450.00000m    5.6845u 
  500.00000m    9.4222u 
  550.00000m   13.6763u 
  600.00000m   18.0661u 
  650.00000m   22.4126u 
  700.00000m   26.6450u 
  750.00000m   30.7324u 
  800.00000m   34.6595u 
  850.00000m   38.4181u 
  900.00000m   42.0041u 
  950.00000m   45.4159u 
    1.00000    48.6538u 
y
 vth0_value= 256.1898m
 u0_param=  49.5577m
 ags_param= 407.7700m
 
   *** monte carlo  index = 978 ***
x

 volt         param     
             i_d_0.2    
    0.         51.8691p 
   50.00000m  268.8015p 
  100.00000m    1.3601n 
  150.00000m    6.5460n 
  200.00000m   28.9404n 
  250.00000m  114.1949n 
  300.00000m  396.7229n 
  350.00000m    1.1741u 
  400.00000m    2.8348u 
  450.00000m    5.5828u 
  500.00000m    9.2692u 
  550.00000m   13.4707u 
  600.00000m   17.8088u 
  650.00000m   22.1051u 
  700.00000m   26.2892u 
  750.00000m   30.3303u 
  800.00000m   34.2131u 
  850.00000m   37.9294u 
  900.00000m   41.4752u 
  950.00000m   44.8489u 
    1.00000    48.0509u 
y
 vth0_value= 256.6982m
 u0_param=  48.9766m
 ags_param= 432.6010m
 
   *** monte carlo  index = 979 ***
x

 volt         param     
             i_d_0.2    
    0.         24.2256p 
   50.00000m  125.9746p 
  100.00000m  646.3323p 
  150.00000m    3.1966n 
  200.00000m   14.7691n 
  250.00000m   61.5854n 
  300.00000m  227.4273n 
  350.00000m  729.5031n 
  400.00000m    1.9417u 
  450.00000m    4.1887u 
  500.00000m    7.4890u 
  550.00000m   11.5162u 
  600.00000m   15.8264u 
  650.00000m   20.1525u 
  700.00000m   24.3864u 
  750.00000m   28.4844u 
  800.00000m   32.4264u 
  850.00000m   36.2021u 
  900.00000m   39.8065u 
  950.00000m   43.2377u 
    1.00000    46.4956u 
y
 vth0_value= 280.0022m
 u0_param=  49.8394m
 ags_param= 419.8934m
 
   *** monte carlo  index = 980 ***
x

 volt         param     
             i_d_0.2    
    0.        113.1922p 
   50.00000m  581.8343p 
  100.00000m    2.8888n 
  150.00000m   13.4364n 
  200.00000m   56.5383n 
  250.00000m  210.9164n 
  300.00000m  685.4186n 
  350.00000m    1.8557u 
  400.00000m    4.0726u 
  450.00000m    7.3887u 
  500.00000m   11.4964u 
  550.00000m   15.9382u 
  600.00000m   20.4216u 
  650.00000m   24.8257u 
  700.00000m   29.1006u 
  750.00000m   33.2227u 
  800.00000m   37.1795u 
  850.00000m   40.9642u 
  900.00000m   44.5732u 
  950.00000m   48.0053u 
    1.00000    51.2611u 
y
 vth0_value= 233.9182m
 u0_param=  49.8675m
 ags_param= 423.5635m
 
   *** monte carlo  index = 981 ***
x

 volt         param     
             i_d_0.2    
    0.        139.8723p 
   50.00000m  716.5283p 
  100.00000m    3.5326n 
  150.00000m   16.2354n 
  200.00000m   67.2317n 
  250.00000m  246.4567n 
  300.00000m  783.3850n 
  350.00000m    2.0616u 
  400.00000m    4.3995u 
  450.00000m    7.7989u 
  500.00000m   11.9177u 
  550.00000m   16.3138u 
  600.00000m   20.7288u 
  650.00000m   25.0579u 
  700.00000m   29.2570u 
  750.00000m   33.3048u 
  800.00000m   37.1897u 
  850.00000m   40.9051u 
  900.00000m   44.4477u 
  950.00000m   47.8164u 
    1.00000    51.0117u 
y
 vth0_value= 226.9499m
 u0_param=  48.9052m
 ags_param= 430.2035m
 
   *** monte carlo  index = 982 ***
x

 volt         param     
             i_d_0.2    
    0.         41.3619p 
   50.00000m  214.7064p 
  100.00000m    1.0916n 
  150.00000m    5.3020n 
  200.00000m   23.7774n 
  250.00000m   95.4457n 
  300.00000m  338.0155n 
  350.00000m    1.0265u 
  400.00000m    2.5537u 
  450.00000m    5.1669u 
  500.00000m    8.7670u 
  550.00000m   12.9506u 
  600.00000m   17.3115u 
  650.00000m   21.6451u 
  700.00000m   25.8710u 
  750.00000m   29.9546u 
  800.00000m   33.8795u 
  850.00000m   37.6368u 
  900.00000m   41.2222u 
  950.00000m   44.6340u 
    1.00000    47.8726u 
y
 vth0_value= 263.8326m
 u0_param=  49.5550m
 ags_param= 412.3713m
 
   *** monte carlo  index = 983 ***
x

 volt         param     
             i_d_0.2    
    0.         98.4518p 
   50.00000m  507.0226p 
  100.00000m    2.5275n 
  150.00000m   11.8391n 
  200.00000m   50.3031n 
  250.00000m  189.6784n 
  300.00000m  624.6225n 
  350.00000m    1.7206u 
  400.00000m    3.8435u 
  450.00000m    7.0769u 
  500.00000m   11.1395u 
  550.00000m   15.5711u 
  600.00000m   20.0600u 
  650.00000m   24.4750u 
  700.00000m   28.7626u 
  750.00000m   32.8981u 
  800.00000m   36.8683u 
  850.00000m   40.6661u 
  900.00000m   44.2879u 
  950.00000m   47.7325u 
    1.00000    51.0004u 
y
 vth0_value= 238.2184m
 u0_param=  50.0560m
 ags_param= 421.9985m
 
   *** monte carlo  index = 984 ***
x

 volt         param     
             i_d_0.2    
    0.        104.0266p 
   50.00000m  535.4502p 
  100.00000m    2.6661n 
  150.00000m   12.4622n 
  200.00000m   52.7972n 
  250.00000m  198.4382n 
  300.00000m  650.8453n 
  350.00000m    1.7834u 
  400.00000m    3.9619u 
  450.00000m    7.2613u 
  500.00000m   11.3885u 
  550.00000m   15.8785u 
  600.00000m   20.4216u 
  650.00000m   24.8880u 
  700.00000m   29.2247u 
  750.00000m   33.4069u 
  800.00000m   37.4217u 
  850.00000m   41.2620u 
  900.00000m   44.9241u 
  950.00000m   48.4067u 
    1.00000    51.7105u 
y
 vth0_value= 236.9329m
 u0_param=  50.6354m
 ags_param= 421.4446m
 
   *** monte carlo  index = 985 ***
x

 volt         param     
             i_d_0.2    
    0.         72.6155p 
   50.00000m  375.2773p 
  100.00000m    1.8855n 
  150.00000m    8.9571n 
  200.00000m   38.8309n 
  250.00000m  149.7665n 
  300.00000m  506.7478n 
  350.00000m    1.4473u 
  400.00000m    3.3585u 
  450.00000m    6.3881u 
  500.00000m   10.3164u 
  550.00000m   14.6899u 
  600.00000m   19.1584u 
  650.00000m   23.5668u 
  700.00000m   27.8534u 
  750.00000m   31.9902u 
  800.00000m   35.9632u 
  850.00000m   39.7646u 
  900.00000m   43.3905u 
  950.00000m   46.8396u 
    1.00000    50.1123u 
y
 vth0_value= 247.3706m
 u0_param=  50.1225m
 ags_param= 419.3663m
 
   *** monte carlo  index = 986 ***
x

 volt         param     
             i_d_0.2    
    0.        138.7879p 
   50.00000m  711.4719p 
  100.00000m    3.5125n 
  150.00000m   16.1792n 
  200.00000m   67.1969n 
  250.00000m  247.1028n 
  300.00000m  788.5275n 
  350.00000m    2.0854u 
  400.00000m    4.4714u 
  450.00000m    7.9569u 
  500.00000m   12.1961u 
  550.00000m   16.7311u 
  600.00000m   21.2894u 
  650.00000m   25.7600u 
  700.00000m   30.0965u 
  750.00000m   34.2765u 
  800.00000m   38.2879u 
  850.00000m   42.1241u 
  900.00000m   45.7817u 
  950.00000m   49.2595u 
    1.00000    52.5582u 
y
 vth0_value= 228.2424m
 u0_param=  50.5623m
 ags_param= 430.1463m
 
   *** monte carlo  index = 987 ***
x

 volt         param     
             i_d_0.2    
    0.         36.3446p 
   50.00000m  188.7300p 
  100.00000m  961.2403p 
  150.00000m    4.6850n 
  200.00000m   21.1277n 
  250.00000m   85.3983n 
  300.00000m  304.7893n 
  350.00000m  935.2681n 
  400.00000m    2.3560u 
  450.00000m    4.8225u 
  500.00000m    8.2599u 
  550.00000m   12.2881u 
  600.00000m   16.5044u 
  650.00000m   20.7011u 
  700.00000m   24.7961u 
  750.00000m   28.7548u 
  800.00000m   32.5604u 
  850.00000m   36.2043u 
  900.00000m   39.6820u 
  950.00000m   42.9918u 
    1.00000    46.1338u 
y
 vth0_value= 266.7026m
 u0_param=  48.0176m
 ags_param= 413.7362m
 
   *** monte carlo  index = 988 ***
x

 volt         param     
             i_d_0.2    
    0.         56.8830p 
   50.00000m  294.7035p 
  100.00000m    1.4896n 
  150.00000m    7.1547n 
  200.00000m   31.5329n 
  250.00000m  123.9583n 
  300.00000m  428.7499n 
  350.00000m    1.2613u 
  400.00000m    3.0243u 
  450.00000m    5.9190u 
  500.00000m    9.7785u 
  550.00000m   14.1595u 
  600.00000m   18.6747u 
  650.00000m   23.1430u 
  700.00000m   27.4930u 
  750.00000m   31.6932u 
  800.00000m   35.7281u 
  850.00000m   39.5895u 
  900.00000m   43.2731u 
  950.00000m   46.7775u 
    1.00000    50.1031u 
y
 vth0_value= 255.1931m
 u0_param=  50.9596m
 ags_param= 416.3714m
 
   *** monte carlo  index = 989 ***
x

 volt         param     
             i_d_0.2    
    0.         72.5629p 
   50.00000m  375.0855p 
  100.00000m    1.8854n 
  150.00000m    8.9630n 
  200.00000m   38.8989n 
  250.00000m  150.2117n 
  300.00000m  508.9575n 
  350.00000m    1.4563u 
  400.00000m    3.3860u 
  450.00000m    6.4511u 
  500.00000m   10.4319u 
  550.00000m   14.8692u 
  600.00000m   19.4051u 
  650.00000m   23.8806u 
  700.00000m   28.2325u 
  750.00000m   32.4324u 
  800.00000m   36.4657u 
  850.00000m   40.3248u 
  900.00000m   44.0056u 
  950.00000m   47.5068u 
    1.00000    50.8288u 
y
 vth0_value= 247.8847m
 u0_param=  50.9098m
 ags_param= 434.0100m
 
   *** monte carlo  index = 990 ***
x

 volt         param     
             i_d_0.2    
    0.         63.0333p 
   50.00000m  326.0834p 
  100.00000m    1.6426n 
  150.00000m    7.8402n 
  200.00000m   34.2292n 
  250.00000m  133.0968n 
  300.00000m  454.6859n 
  350.00000m    1.3155u 
  400.00000m    3.0965u 
  450.00000m    5.9633u 
  500.00000m    9.7256u 
  550.00000m   13.9481u 
  600.00000m   18.2774u 
  650.00000m   22.5543u 
  700.00000m   26.7154u 
  750.00000m   30.7325u 
  800.00000m   34.5913u 
  850.00000m   38.2842u 
  900.00000m   41.8072u 
  950.00000m   45.1588u 
    1.00000    48.3394u 
y
 vth0_value= 250.6583m
 u0_param=  48.6478m
 ags_param= 418.7631m
 
   *** monte carlo  index = 991 ***
x

 volt         param     
             i_d_0.2    
    0.         41.4130p 
   50.00000m  214.9445p 
  100.00000m    1.0925n 
  150.00000m    5.3039n 
  200.00000m   23.7675n 
  250.00000m   95.3177n 
  300.00000m  337.2268n 
  350.00000m    1.0228u 
  400.00000m    2.5405u 
  450.00000m    5.1333u 
  500.00000m    8.7005u 
  550.00000m   12.8414u 
  600.00000m   17.1553u 
  650.00000m   21.4415u 
  700.00000m   25.6208u 
  750.00000m   29.6596u 
  800.00000m   33.5413u 
  850.00000m   37.2575u 
  900.00000m   40.8037u 
  950.00000m   44.1783u 
    1.00000    47.3815u 
y
 vth0_value= 263.4349m
 u0_param=  48.9912m
 ags_param= 419.6998m
 
   *** monte carlo  index = 992 ***
x

 volt         param     
             i_d_0.2    
    0.         44.7557p 
   50.00000m  232.1476p 
  100.00000m    1.1778n 
  150.00000m    5.6982n 
  200.00000m   25.3954n 
  250.00000m  101.1754n 
  300.00000m  355.3374n 
  350.00000m    1.0672u 
  400.00000m    2.6206u 
  450.00000m    5.2404u 
  500.00000m    8.8078u 
  550.00000m   12.9176u 
  600.00000m   17.1828u 
  650.00000m   21.4149u 
  700.00000m   25.5395u 
  750.00000m   29.5245u 
  800.00000m   33.3544u 
  850.00000m   37.0206u 
  900.00000m   40.5191u 
  950.00000m   43.8482u 
    1.00000    47.0082u 
y
 vth0_value= 260.6698m
 u0_param=  48.3046m
 ags_param= 429.6109m
 
   *** monte carlo  index = 993 ***
x

 volt         param     
             i_d_0.2    
    0.         41.7170p 
   50.00000m  216.5648p 
  100.00000m    1.1012n 
  150.00000m    5.3490n 
  200.00000m   23.9928n 
  250.00000m   96.3320n 
  300.00000m  341.2272n 
  350.00000m    1.0365u 
  400.00000m    2.5793u 
  450.00000m    5.2200u 
  500.00000m    8.8587u 
  550.00000m   13.0884u 
  600.00000m   17.4978u 
  650.00000m   21.8799u 
  700.00000m   26.1528u 
  750.00000m   30.2819u 
  800.00000m   34.2503u 
  850.00000m   38.0492u 
  900.00000m   41.6742u 
  950.00000m   45.1236u 
    1.00000    48.3978u 
y
 vth0_value= 263.9371m
 u0_param=  50.1242m
 ags_param= 407.2667m
 
   *** monte carlo  index = 994 ***
x

 volt         param     
             i_d_0.2    
    0.         28.5169p 
   50.00000m  148.2534p 
  100.00000m  758.7020p 
  150.00000m    3.7329n 
  200.00000m   17.0961n 
  250.00000m   70.4696n 
  300.00000m  256.9590n 
  350.00000m  810.9405n 
  400.00000m    2.1144u 
  450.00000m    4.4708u 
  500.00000m    7.8625u 
  550.00000m   11.9368u 
  600.00000m   16.2588u 
  650.00000m   20.5819u 
  700.00000m   24.8077u 
  750.00000m   28.8956u 
  800.00000m   32.8268u 
  850.00000m   36.5916u 
  900.00000m   40.1852u 
  950.00000m   43.6056u 
    1.00000    46.8530u 
y
 vth0_value= 275.0251m
 u0_param=  49.6807m
 ags_param= 413.5438m
 
   *** monte carlo  index = 995 ***
x

 volt         param     
             i_d_0.2    
    0.         82.8621p 
   50.00000m  427.5646p 
  100.00000m    2.1407n 
  150.00000m   10.1043n 
  200.00000m   43.4014n 
  250.00000m  165.6563n 
  300.00000m  553.6260n 
  350.00000m    1.5552u 
  400.00000m    3.5458u 
  450.00000m    6.6430u 
  500.00000m   10.6001u 
  550.00000m   14.9629u 
  600.00000m   19.4018u 
  650.00000m   23.7745u 
  700.00000m   28.0239u 
  750.00000m   32.1239u 
  800.00000m   36.0609u 
  850.00000m   39.8276u 
  900.00000m   43.4202u 
  950.00000m   46.8373u 
    1.00000    50.0795u 
y
 vth0_value= 243.1154m
 u0_param=  49.6399m
 ags_param= 416.9200m
 
   *** monte carlo  index = 996 ***
x

 volt         param     
             i_d_0.2    
    0.         70.2583p 
   50.00000m  363.2091p 
  100.00000m    1.8263n 
  150.00000m    8.6874n 
  200.00000m   37.7375n 
  250.00000m  145.8844n 
  300.00000m  494.9486n 
  350.00000m    1.4187u 
  400.00000m    3.3053u 
  450.00000m    6.3084u 
  500.00000m   10.2154u 
  550.00000m   14.5749u 
  600.00000m   19.0333u 
  650.00000m   23.4334u 
  700.00000m   27.7124u 
  750.00000m   31.8423u 
  800.00000m   35.8088u 
  850.00000m   39.6040u 
  900.00000m   43.2242u 
  950.00000m   46.6680u 
    1.00000    49.9357u 
y
 vth0_value= 248.3055m
 u0_param=  50.0400m
 ags_param= 422.2162m
 
   *** monte carlo  index = 997 ***
x

 volt         param     
             i_d_0.2    
    0.         38.7190p 
   50.00000m  201.0915p 
  100.00000m    1.0240n 
  150.00000m    4.9885n 
  200.00000m   22.4790n 
  250.00000m   90.7668n 
  300.00000m  323.5365n 
  350.00000m  991.0006n 
  400.00000m    2.4908u 
  450.00000m    5.0873u 
  500.00000m    8.6977u 
  550.00000m   12.9228u 
  600.00000m   17.3427u 
  650.00000m   21.7405u 
  700.00000m   26.0308u 
  750.00000m   30.1775u 
  800.00000m   34.1631u 
  850.00000m   37.9788u 
  900.00000m   41.6200u 
  950.00000m   45.0850u 
    1.00000    48.3740u 
y
 vth0_value= 266.3097m
 u0_param=  50.3546m
 ags_param= 422.8723m
 
   *** monte carlo  index = 998 ***
x

 volt         param     
             i_d_0.2    
    0.         55.1763p 
   50.00000m  285.7978p 
  100.00000m    1.4442n 
  150.00000m    6.9334n 
  200.00000m   30.5364n 
  250.00000m  119.9519n 
  300.00000m  414.5955n 
  350.00000m    1.2186u 
  400.00000m    2.9191u 
  450.00000m    5.7089u 
  500.00000m    9.4260u 
  550.00000m   13.6419u 
  600.00000m   17.9853u 
  650.00000m   22.2835u 
  700.00000m   26.4680u 
  750.00000m   30.5089u 
  800.00000m   34.3912u 
  850.00000m   38.1069u 
  900.00000m   41.6519u 
  950.00000m   45.0248u 
    1.00000    48.2258u 
y
 vth0_value= 254.8455m
 u0_param=  48.9683m
 ags_param= 415.3525m
 
   *** monte carlo  index = 999 ***
x

 volt         param     
             i_d_0.2    
    0.         42.2612p 
   50.00000m  219.2982p 
  100.00000m    1.1140n 
  150.00000m    5.4020n 
  200.00000m   24.1638n 
  250.00000m   96.6968n 
  300.00000m  341.2892n 
  350.00000m    1.0318u 
  400.00000m    2.5534u 
  450.00000m    5.1418u 
  500.00000m    8.6910u 
  550.00000m   12.8008u 
  600.00000m   17.0769u 
  650.00000m   21.3236u 
  700.00000m   25.4639u 
  750.00000m   29.4647u 
  800.00000m   33.3100u 
  850.00000m   36.9912u 
  900.00000m   40.5041u 
  950.00000m   43.8470u 
    1.00000    47.0202u 
y
 vth0_value= 262.5224m
 u0_param=  48.5174m
 ags_param= 406.2641m
 
   *** monte carlo  index = 1000 ***
x

 volt         param     
             i_d_0.2    
    0.        150.4472p 
   50.00000m  770.3009p 
  100.00000m    3.7934n 
  150.00000m   17.4004n 
  200.00000m   71.8717n 
  250.00000m  262.7022n 
  300.00000m  831.8202n 
  350.00000m    2.1783u 
  400.00000m    4.6263u 
  450.00000m    8.1679u 
  500.00000m   12.4436u 
  550.00000m   16.9986u 
  600.00000m   21.5696u 
  650.00000m   26.0500u 
  700.00000m   30.3949u 
  750.00000m   34.5824u 
  800.00000m   38.6008u 
  850.00000m   42.4434u 
  900.00000m   46.1068u 
  950.00000m   49.5901u 
    1.00000    52.8938u 
y
 vth0_value= 225.8740m
 u0_param=  50.6473m
 ags_param= 424.1572m

   meas_variable = vth0_value
   mean  = 254.0858m  varian = 242.3522u
   sigma =  15.5677m  avgdev =  12.5381m
   max   = 299.0068m  min    = 201.1228m
    1-sigma =  15.5677m median = 254.2114m

   meas_variable = u0_param
   mean  =  49.4530m  varian =   1.0197u
   sigma =   1.0098m  avgdev = 789.4550u
   max   =  52.7666m  min    =  46.0353m
    1-sigma =   1.0098m median =  49.4775m

   meas_variable = ags_param
   mean  = 418.8026m  varian =  59.8033u
   sigma =   7.7333m  avgdev =   6.1609m
   max   = 448.8847m  min    = 394.5716m
    1-sigma =   7.7333m median = 418.8861m

          ***** job concluded
 ******  
 *mc

 ****** job statistics summary tnom=  25.000 temp=  25.000 ******

  ******  HSPICE Threads Information  ******

  Command Line Threads Count :     1
  Available CPU Count        :    24
  Actual Threads Count       :     1


  ******  Circuit Statistics  ******
  # nodes       =      12 # elements   =      21
  # resistors   =       0 # capacitors =       0 # inductors   =       0
  # mutual_inds =       0 # vccs       =       0 # vcvs        =       0
  # cccs        =       0 # ccvs       =       0 # volt_srcs   =      11
  # curr_srcs   =       0 # diodes     =       0 # bjts        =       0
  # jfets       =       0 # mosfets    =      10 # U elements  =       0
  # T elements  =       0 # W elements =       0 # B elements  =       0
  # S elements  =       0 # P elements =       0 # va device   =       0
  # vector_srcs =       0 # N elements =       0


  ******  Runtime Statistics (seconds)  ******

  analysis           time    # points   tot. iter  conv.iter
  op point           0.00           1           0
  dc sweep           0.58       21000       43000
  readin             0.01
  errchk             0.01
  setup              0.00
  output             0.00


           peak memory used         85.79 megabytes
           total cpu time            0.76 seconds
           total elapsed time       20.72 seconds
           job started at     17:05:13 11/08/2025
           job ended   at     17:05:33 11/08/2025


  lic: Release hspice token(s) 
 lic: total license checkout elapse time:       19.97(s)
