 ****** HSPICE -- O-2018.09-SP2 win64 (Feb 25 2019) ******                      
  Copyright (c) 1986 - 2025 by Synopsys, Inc. All Rights Reserved.              
  This software and the associated documentation are proprietary
  to Synopsys, Inc. This software may only be used in accordance
  with the terms and conditions of a written license agreement with
  Synopsys, Inc. All other use, reproduction, or distribution of
  this software is strictly prohibited.
  Input File: mc - 副本.sp                                                      
  Command line options: C:\synopsys\Hspice_O-2018.09-SP2\WIN64\hspice.com -i mc - 副本.sp -o D:\桌面\mc\mc - 副本.lis
  Start time: Sat Nov  8 17:08:42 2025
  lic:  
  lic: FLEXlm: SDK_11.7.3 
  lic: USER:   24742                HOSTNAME: bunn 
  lic: HOSTID: "d0577ed2695e"       PID:      24096 
  lic: Using FLEXlm license file: 
  lic: D:\hspice2018.lic\Synopsys SSS Feature Keygen\synopsys.dat 
  lic: Checkout 1 hspice 
  lic: License/Maintenance for hspice will expire on 31-dec-2027/2019.12 
  lic: NODE LOCKED license on hostid "d0577ed2695e" 
  lic:   
  **info** Monte Carlo simulation is detected, increase number of measure digits to 7 for Monte Carlo post processing.
  **info** option measform has been reset to 1 to reduce measure file storage and enable advanced Monte Carlo data mining.
1****** HSPICE -- O-2018.09-SP2 win64 (Feb 25 2019) ******                      
 ******  
 *mc

 ****** mos   model parameters tnom=  25.000 temp=  25.000 ******
 Model file: sta_nmos.l
 Model line:            4
 Model Name: nmos  
 BSIM4 Model (Level 54)
    MOBMOD = 0
    BINUNIT = 2
    PARAMCHK = 1
    CAPMOD = 2
    DIOMOD = 1
    RDSMOD = 0
    TRNQSMOD = 0
    ACNQSMOD = 0
    RBODYMOD = 0
    RGATEMOD = 0
    PERMOD = 1
    GEOMOD = 0
    RGEOMOD = 0
    FNOIMOD = 1
    TNOIMOD = 0
    IGCMOD = 1
    IGBMOD = 1
    STIMOD = 1
    VBFWDMOD = 0
    VERSION =    4.5 
    TOXREF =  3e-09 
    TOXE = 2.83e-09 
    TOXP = 2.524e-09 
    TOXM = 2.83e-09 
    DTOX = 3.06e-10 
    EPSROX =    3.9 
    CDSC =      0 
    CDSCB =      0 
    CDSCD =      0 
    CIT = -0.0001643 
    NFACTOR =  1.298 
    XJ = 1.5e-07 
    VSAT = 9.399e+04 
    A0 =  0.255 
    AGS = 0.4187 
    A1 =      0 
    A2 =      1 
    AT = 5.55e+04 
    KETA = -0.03775 
    NSUB =  6e+16 
    NDEP = 2.31e+17 
    NSD =  1e+20 
    NGATE =  3e+20 
    GAMMA1 =      0 
    GAMMA2 =      0 
    VBX =      0 
    VBM =     -3 
    XT = 1.55e-07 
    K1 =  0.262 
    KT1 = -0.3622 
    KT1L =      0 
    KT2 = -0.06205 
    K2 = 0.03629 
    K3 =      0 
    K3B =      0 
    LPE0 =  9e-08 
    LPEB =      0 
    DVTP0 = 5.5e-06 
    DVTP1 =   2.05 
    W0 =      0 
    DVT0 =   15.2 
    DVT1 =  1.815 
    DVT2 =   0.05 
    DVT0W =      0 
    DVT1W =      0 
    DVT2W =      0 
    DROUT =      0 
    DSUB =    0.7 
    VTH0 = 0.2544 
    EU =   1.67 
    UA = -2.289e-10 
    UA1 = 1.881e-09 
    UB = 1.986e-18 
    UB1 = -3.644e-18 
    UC = 1.902e-10 
    UC1 = -1.904e-10 
    U0 = 0.04939 
    UTE =  -1.71 
    VOFF = -0.1165 
    VOFFL =  1e-09 
    MINV =      0 
    FPROUT =    100 
    PDITS =      0 
    PDITSD =      0 
    PDITSL =      0 
    DELTA = 0.0075 
    RDSW =    130 
    RDSWMIN =      0 
    RDWMIN =      0 
    RSWMIN =      0 
    RDW =    100 
    RSW =    100 
    PRWG =      0 
    PRWB =      0 
    PRT =      0 
    ETA0 = -0.03118 
    ETAB = -0.1263 
    PCLM = 0.4411 
    PDIBLC1 =      0 
    PDIBLC2 = 0.0001 
    PDIBLCB =      0 
    PSCBE1 = 9.264e+08 
    PSCBE2 =  1e-20 
    PVAG =   1.35 
    WR =      1 
    DWG =      0 
    DWB =      0 
    XW = 1.5e-08 
    XWREF = 1.5e-08 
    XL = -2e-08 
    XLREF = -2e-08 
    B0 =      0 
    B1 =      0 
    ALPHA0 =      0 
    ALPHA1 =    0.1 
    AGIDL =  9e-08 
    BGIDL = 2.3e+09 
    CGIDL =    0.5 
    PHIN =      0 
    EGIDL =   0.53 
    AIGC = 0.01133 
    BIGC = 0.001474 
    CIGC =      0 
    AIGSD = 0.01005 
    BIGSD = 0.0004517 
    CIGSD = 0.0001 
    AIGBACC = 0.01228 
    BIGBACC = 0.003181 
    CIGBACC = 0.0977 
    AIGBINV =   0.35 
    BIGBINV =   0.03 
    CIGBINV =  0.006 
    NIGC =    2.1 
    NIGBINV =      1 
    NIGBACC =  4.326 
    NTOX =      1 
    EIGBINV =    1.1 
    PIGCD =  3.217 
    POXEDGE =      1 
    XRCRG1 =     12 
    TNOIA =    1.5 
    TNOIB =    3.5 
    NTNOI =      1 
    XRCRG2 =      1 
    BETA0 =    9.5 
    IJTHDFWD =   0.01 
    IJTHSFWD =   0.01 
    IJTHDREV =   0.01 
    IJTHSREV =   0.01 
    XJBVD =      1 
    XJBVS =      1 
    BVD =     10 
    BVS =     10 
    VFB =     -1 
    GBMIN =  1e-12 
    RBDB =     50 
    RBPB =     50 
    RBSB =     50 
    RBPS =     50 
    RBPD =     50 
    CGSL = 5.65e-11 
    CGDL = 5.65e-11 
    CKAPPAS =    0.6 
    CKAPPAD =    0.6 
    CF = 1.29e-10 
    CLC =  1e-07 
    CLE =    0.6 
    DWC =      0 
    DLC = 1.367e-08 
    DLCIG = 2.5e-09 
    DWJ =      0 
    VFBCV =     -1 
    ACDE =    1.2 
    MOIN =   18.5 
    NOFF =   2.24 
    VOFFCV =   -0.1 
    DMCG = 8.5e-08 
    DMCI = 8.5e-08 
    DMDG =      0 
    DMCGT =      0 
    XGW =      0 
    XGL =      0 
    RSHG =    0.1 
    NGCON =      1 
    TCJ = 0.000778 
    TPB =  0.001 
    TCJSW = 0.000357 
    TPBSW = 0.0019 
    TCJSWG = 0.00301 
    TPBSWG = 0.0019 
    SK0 =      0 
    SK1 =      0 
    SK2 =      0 
    SL =  2e-06 
    SW =  2e-06 
    K =      0 
    LCIT = 2.073e-10 
    LVSAT = 0.0005828 
    LA0 = 1.999e-07 
    LAGS = 7.256e-08 
    LKETA = -5.436e-10 
    LKT1 = -4.515e-09 
    LK2 = -9.214e-10 
    LVTH0 = -5.216e-09 
    LUA = 5.989e-19 
    LUA1 = 2.627e-16 
    LUB = 1.382e-26 
    LUB1 = -2.581e-25 
    LUC = -8.293e-19 
    LU0 = -7.02e-10 
    LUTE = 3.237e-08 
    LVOFF = -4.619e-09 
    LETA0 = 1.585e-08 
    LETAB = 2.353e-09 
    LPCLM = 3.417e-08 
    WVTH0 = -1.034e-08 
    WU0 = -1.708e-09 
    PVTH0 = 2.323e-16 
    PU0 = 7.905e-17 
    TNOM =  298.1 
    CGSO = 1.15e-10 
    CGDO = 1.15e-10 
    CGBO =      0 
    XPART =      1 
    RSH =   10.5 
    JSS =  2e-07 
    JSWS = 3.5e-13 
    JSWGS = 1.3e-12 
    PBS =    0.5 
    MJS =   0.25 
    PBSWS =    0.8 
    MJSWS =   0.01 
    CJS = 0.000981 
    CJSWS = 5.5e-11 
    NJS =      1 
    PBSWGS =   0.47 
    MJSWGS =    0.5 
    CJSWGS = 2.73e-10 
    XTIS =      3 
    JSD =  2e-07 
    JSWD = 3.5e-13 
    JSWGD = 1.3e-12 
    PBD =    0.5 
    MJD =   0.25 
    PBSWD =    0.8 
    MJSWD =   0.01 
    CJD = 0.000981 
    CJSWD = 5.5e-11 
    NJD =      1 
    PBSWGD =   0.47 
    MJSWGD =    0.5 
    CJSWGD = 2.73e-10 
    XTID =      3 
    LMLT =      1 
    WMLT =      1 
    LINT = 2.5e-09 
    LL =      0 
    LLC =      0 
    LLN =      1 
    LW =      0 
    LWC =      0 
    LWN =      1 
    LWL =      0 
    LWLC =      0 
    LMIN =      0 
    LMAX =      1 
    WINT =  6e-09 
    WL =      0 
    WLC =      0 
    WLN =      1 
    WW =      0 
    WWC =      0 
    WWN =      1 
    WWL =      0 
    WWLC =      0 
    WMIN =      0 
    WMAX =      1 
    NOIA = 3.293e+41 
    NOIB = 1.012e+25 
    NOIC =   8.75 
    EM = 3.192e+07 
    EF =   0.85 
    AF =      1 
    KF =      0 
    TRS =      0 
    TRD =      0 
    TEMPMOD  =      0 
    LAMBDA   =      0 
    VTL      =  2e+05 m/s
    LC       =  5e-09 
    XN       =      3 
    LLAMBDA  =      0 
    LVTL     =      0 
    LXN      =      0 
    WLAMBDA  =      0 
    WVTL     =      0 
    WXN      =      0 
    PLAMBDA  =      0 
    PVTL     =      0 
    PXN      =      0 
    RNOIA    =  0.577 
    RNOIB    = 0.5164 
    SAREF(SA0) = 6.3e-07 m
    SBREF(SB0) = 6.3e-07 m
    WLOD     = 1.5e-07 m
    KU0      = -3.849e-08 1/m
    KVSAT    =   0.35 
    KVTH0    = 2.5e-09 m
    TKU0     =    0.1 
    LLODKU0  =      1 
    WLODKU0  =      1 
    LLODVTH  =      1 
    WLODVTH  =      1 
    LKU0     = 1.257e-08 
    WKU0     =  1e-07 
    PKU0     =  5e-14 
    LKVTH0   = -2.68e-11 
    WKVTH0   =      0 
    PKVTH0   =      0 
    STK2     =  4e-10 
    LODK2    =    0.5 
    STETA0   =      0 
    LODETA0  =      1 
    LXRCRG1  =      0 
    WXRCRG1  =      0 
    PXRCRG1  =      0 
    LXRCRG2  =      0 
    WXRCRG2  =      0 
    PXRCRG2  =      0 
     *** UCB's BSIM4.4.0 new diode model is activated. ***
    *** UCB's Diode Model Parameters ***
    JTSS         =      0 
    JTSSWS       =      0 
    JTSSWGS      =      0 
    JTSD         =      0 
    JTSSWD       =      0 
    JTSSWGD      =      0 
    NJTS         =     20 
    NJTSSW       =     20 
    NJTSSWG      =     20 
    XTSS         =   0.02 
    XTSSWS       =   0.02 
    XTSSWGS      =   0.02 
    XTSD         =   0.02 
    XTSSWD       =   0.02 
    XTSSWGD      =   0.02 
    TNJTS        =      0 
    TNJTSSW      =      0 
    TNJTSSWG     =      0 
    VFBSDOFF     =      0 
    LVFBSDOFF    =      0 
    WVFBSDOFF    =      0 
    PVFBSDOFF    =      0 
    LINTNOI      =      0 
    VTSS         =     10 
    VTSD         =     10 
    VTSSWS       =     10 
    VTSSWD       =     10 
    VTSSWGS      =     10 
    VTSSWGD      =     10 
    TTDIOMOD     =      1 
     *** UCB's BSIM4.5.0 new model is activated. ***
    UD         =      0 
    UD1        =      0 
    UP         =      0 
    LP         =  1e-08 
    TVOFF      =      0 
    TVFBSDOFF  =      0 
    RBPS0      =     50 
    RBPSL      =      0 
    RBPSW      =      0 
    RBPSNF     =      0 
    RBPD0      =     50 
    RBPDL      =      0 
    RBPDW      =      0 
    RBPDNF     =      0 
    RBPBX0     =    100 
    RBPBXL     =      0 
    RBPBXW     =      0 
    RBPBXNF    =      0 
    RBPBY0     =    100 
    RBPBYL     =      0 
    RBPBYW     =      0 
    RBPBYNF    =      0 
    RBSBX0     =    100 
    RBSBY0     =    100 
    RBDBX0     =    100 
    RBDBY0     =    100 
    RBSDBXL    =      0 
    RBSDBXW    =      0 
    RBSDBXNF   =      0 
    RBSDBYL    =      0 
    RBSDBYW    =      0 
    RBSDBYNF   =      0 
    LUD        =      0 
    LUD1       =      0 
    LUP        =      0 
    LLP        =      0 
    LTVOFF     =      0 
    LTVFBSDOFF =      0 
    WUD        =      0 
    WUD1       =      0 
    WUP        =      0 
    WLP        =      0 
    WTVOFF     =      0 
    WTVFBSDOFF =      0 
    PUD        =      0 
    PUD1       =      0 
    PUP        =      0 
    PLP        =      0 
    PTVOFF     =      0 
    PTVFBSDOFF =      0 
    WEB        =   -220 
    WEC        =  -3000 
    KVTH0WE    = 0.0049 
    K2WE       = 0.0015 
    KU0WE      = -0.002 
    SCREF      =  1e-06 
    WPEMOD     =      0 
    LKVTH0WE   = -1.2e-10 
    LK2WE      =      0 
    LKU0WE     =      0 
    WKVTH0WE   =      0 
    WK2WE      =      0 
    WKU0WE     =      0 
    PKVTH0WE   =      0 
    PK2WE      =      0 
    PKU0WE     =      0 
  **warning** (nmos:m1 (mc - 副本.sp:6)) Warning: Eta0 * Muleta0 + Deleta0 = -0.0149188 is negative in BSIM4 model with w=1e-06 l=1e-06.
*** info *** index=1 is a nominal sample in Monte Carlo.
*** info *** The MCG Random Number Generator and .Option Use_Agauss_Format = Yes are set as defaults starting with HSPICE L-2016.06 to address the needs of advanced technology nodes with large samples and/or large circuits, particularly for distributed processing.
*** Should you want backward compatibility, please use the following options:
For traditional Gaussian style variations, use .Option Random_Generator = 3LC;
For Variation Block style variations, use .Option Random_Generator = MOA.
  
      

Element variations(Local):   element              parameter

MONTE CARLO DEFINITIONS


Option sampling_method was set, variation block and agauss format variation are in effect.

Random number generator is MCG            , and seed =      1, stream =   1
 **info** set option symb=1 internally to help for convergence.
 *****************************************************************
 ******  option summary
 ******
 runlvl  = 3         bypass  = 2.0000    
 ******
 *mc

 ****** dc transfer curves tnom=  25.000 temp=  25.000 ******
 
   *** monte carlo  index = 1 ***
x

 volt         param     
             i_d_0.6    
    0.         74.3933p 
   50.00000m  382.6914p 
  100.00000m    1.9219n 
  150.00000m    9.1325n 
  200.00000m   39.6008n 
  250.00000m  152.6663n 
  300.00000m  516.0420n 
  350.00000m    1.4742u 
  400.00000m    3.4340u 
  450.00000m    6.6044u 
  500.00000m   10.9484u 
  550.00000m   16.3260u 
  600.00000m   22.5957u 
  650.00000m   29.6396u 
  700.00000m   37.3567u 
  750.00000m   45.6539u 
  800.00000m   54.4383u 
  850.00000m   63.6101u 
  900.00000m   73.0538u 
  950.00000m   82.6286u 
    1.00000    92.1714u 
y
 vth0_value= 254.3500m
 u0_param=  49.3900m
 ags_param= 418.7400m
 
   *** monte carlo  index = 2 ***
x

 volt         param     
             i_d_0.6    
    0.         78.3961p 
   50.00000m  403.3266p 
  100.00000m    2.0246n 
  150.00000m    9.6116n 
  200.00000m   41.6202n 
  250.00000m  160.1829n 
  300.00000m  540.3327n 
  350.00000m    1.5393u 
  400.00000m    3.5749u 
  450.00000m    6.8579u 
  500.00000m   11.3464u 
  550.00000m   16.8947u 
  600.00000m   23.3567u 
  650.00000m   30.6108u 
  700.00000m   38.5531u 
  750.00000m   47.0877u 
  800.00000m   56.1191u 
  850.00000m   65.5450u 
  900.00000m   75.2474u 
  950.00000m   85.0832u 
    1.00000    94.8864u 
y
 vth0_value= 253.7192m
 u0_param=  50.8716m
 ags_param= 421.9023m
 
   *** monte carlo  index = 3 ***
x

 volt         param     
             i_d_0.6    
    0.         62.1271p 
   50.00000m  319.8642p 
  100.00000m    1.6132n 
  150.00000m    7.7288n 
  200.00000m   33.9264n 
  250.00000m  132.6513n 
  300.00000m  455.7327n 
  350.00000m    1.3303u 
  400.00000m    3.1725u 
  450.00000m    6.2232u 
  500.00000m   10.4663u 
  550.00000m   15.7646u 
  600.00000m   21.9729u 
  650.00000m   28.9696u 
  700.00000m   36.6513u 
  750.00000m   44.9238u 
  800.00000m   53.6942u 
  850.00000m   62.8635u 
  900.00000m   72.3184u 
  950.00000m   81.9215u 
    1.00000    91.5117u 
y
 vth0_value= 260.1032m
 u0_param=  49.9038m
 ags_param= 397.7704m
 
   *** monte carlo  index = 4 ***
x

 volt         param     
             i_d_0.6    
    0.         91.0917p 
   50.00000m  467.9723p 
  100.00000m    2.3385n 
  150.00000m   11.0106n 
  200.00000m   47.1105n 
  250.00000m  178.8882n 
  300.00000m  593.9573n 
  350.00000m    1.6571u 
  400.00000m    3.7653u 
  450.00000m    7.0950u 
  500.00000m   11.5885u 
  550.00000m   17.1021u 
  600.00000m   23.4967u 
  650.00000m   30.6568u 
  700.00000m   38.4825u 
  750.00000m   46.8808u 
  800.00000m   55.7581u 
  850.00000m   65.0126u 
  900.00000m   74.5257u 
  950.00000m   84.1531u 
    1.00000    93.7297u 
y
 vth0_value= 248.2501m
 u0_param=  49.3761m
 ags_param= 416.8627m
 
   *** monte carlo  index = 5 ***
x

 volt         param     
             i_d_0.6    
    0.         60.7954p 
   50.00000m  312.9782p 
  100.00000m    1.5788n 
  150.00000m    7.5663n 
  200.00000m   33.2317n 
  250.00000m  130.0239n 
  300.00000m  447.0772n 
  350.00000m    1.3065u 
  400.00000m    3.1197u 
  450.00000m    6.1266u 
  500.00000m   10.3128u 
  550.00000m   15.5436u 
  600.00000m   21.6760u 
  650.00000m   28.5897u 
  700.00000m   36.1830u 
  750.00000m   44.3626u 
  800.00000m   53.0365u 
  850.00000m   62.1068u 
  900.00000m   71.4610u 
  950.00000m   80.9622u 
    1.00000    90.4500u 
y
 vth0_value= 260.3625m
 u0_param=  49.2940m
 ags_param= 416.7180m
 
   *** monte carlo  index = 6 ***
x

 volt         param     
             i_d_0.6    
    0.        165.3493p 
   50.00000m  844.2346p 
  100.00000m    4.1495n 
  150.00000m   18.9771n 
  200.00000m   78.0420n 
  250.00000m  283.6485n 
  300.00000m  891.9048n 
  350.00000m    2.3212u 
  400.00000m    4.9246u 
  450.00000m    8.7887u 
  500.00000m   13.8073u 
  550.00000m   19.8285u 
  600.00000m   26.7178u 
  650.00000m   34.3627u 
  700.00000m   42.6636u 
  750.00000m   51.5252u 
  800.00000m   60.8490u 
  850.00000m   70.5256u 
  900.00000m   80.4251u 
  950.00000m   90.3908u 
    1.00000   100.2525u 
y
 vth0_value= 231.0040m
 u0_param=  50.4523m
 ags_param= 429.4862m
 
   *** monte carlo  index = 7 ***
x

 volt         param     
             i_d_0.6    
    0.        207.2233p 
   50.00000m    1.0542n 
  100.00000m    5.1405n 
  150.00000m   23.2007n 
  200.00000m   93.8213n 
  250.00000m  334.7812n 
  300.00000m    1.0279u 
  350.00000m    2.5985u 
  400.00000m    5.3674u 
  450.00000m    9.3852u 
  500.00000m   14.5336u 
  550.00000m   20.6626u 
  600.00000m   27.6421u 
  650.00000m   35.3630u 
  700.00000m   43.7271u 
  750.00000m   52.6394u 
  800.00000m   62.0006u 
  850.00000m   71.6992u 
  900.00000m   81.6016u 
  950.00000m   91.5479u 
    1.00000   101.3687u 
y
 vth0_value= 223.9248m
 u0_param=  50.0209m
 ags_param= 429.5889m
 
   *** monte carlo  index = 8 ***
x

 volt         param     
             i_d_0.6    
    0.        161.4028p 
   50.00000m  824.4662p 
  100.00000m    4.0565n 
  150.00000m   18.5834n 
  200.00000m   76.5927n 
  250.00000m  279.0519n 
  300.00000m  880.1463n 
  350.00000m    2.2993u 
  400.00000m    4.8956u 
  450.00000m    8.7608u 
  500.00000m   13.7899u 
  550.00000m   19.8298u 
  600.00000m   26.7444u 
  650.00000m   34.4201u 
  700.00000m   42.7566u 
  750.00000m   51.6579u 
  800.00000m   61.0251u 
  850.00000m   70.7486u 
  900.00000m   80.6986u 
  950.00000m   90.7184u 
    1.00000   100.6370u 
y
 vth0_value= 231.9527m
 u0_param=  50.8005m
 ags_param= 433.5626m
 
   *** monte carlo  index = 9 ***
x

 volt         param     
             i_d_0.6    
    0.         55.7425p 
   50.00000m  287.0014p 
  100.00000m    1.4502n 
  150.00000m    6.9742n 
  200.00000m   30.7925n 
  250.00000m  121.2289n 
  300.00000m  419.7857n 
  350.00000m    1.2383u 
  400.00000m    2.9882u 
  450.00000m    5.9213u 
  500.00000m   10.0339u 
  550.00000m   15.1943u 
  600.00000m   21.2591u 
  650.00000m   28.1075u 
  700.00000m   35.6374u 
  750.00000m   43.7558u 
  800.00000m   52.3710u 
  850.00000m   61.3861u 
  900.00000m   70.6897u 
  950.00000m   80.1466u 
    1.00000    89.5974u 
y
 vth0_value= 262.8909m
 u0_param=  49.1634m
 ags_param= 425.6175m
 
   *** monte carlo  index = 10 ***
x

 volt         param     
             i_d_0.6    
    0.        123.8212p 
   50.00000m  634.3748p 
  100.00000m    3.1446n 
  150.00000m   14.5926n 
  200.00000m   61.1878n 
  250.00000m  227.1840n 
  300.00000m  733.9014n 
  350.00000m    1.9759u 
  400.00000m    4.3314u 
  450.00000m    7.9299u 
  500.00000m   12.6867u 
  550.00000m   18.4531u 
  600.00000m   25.0924u 
  650.00000m   32.4910u 
  700.00000m   40.5493u 
  750.00000m   49.1735u 
  800.00000m   58.2675u 
  850.00000m   67.7261u 
  900.00000m   77.4251u 
  950.00000m   87.2140u 
    1.00000    96.9248u 
y
 vth0_value= 239.3268m
 u0_param=  49.8554m
 ags_param= 417.5491m
 
   *** monte carlo  index = 11 ***
x

 volt         param     
             i_d_0.6    
    0.         68.5998p 
   50.00000m  353.0306p 
  100.00000m    1.7763n 
  150.00000m    8.4710n 
  200.00000m   36.9291n 
  250.00000m  143.2421n 
  300.00000m  487.6395n 
  350.00000m    1.4062u 
  400.00000m    3.3092u 
  450.00000m    6.4188u 
  500.00000m   10.7070u 
  550.00000m   16.0351u 
  600.00000m   22.2607u 
  650.00000m   29.2646u 
  700.00000m   36.9451u 
  750.00000m   45.2089u 
  800.00000m   53.9634u 
  850.00000m   63.1095u 
  900.00000m   72.5327u 
  950.00000m   82.0941u 
    1.00000    91.6317u 
y
 vth0_value= 256.8380m
 u0_param=  49.4653m
 ags_param= 406.7655m
 
   *** monte carlo  index = 12 ***
x

 volt         param     
             i_d_0.6    
    0.        124.3417p 
   50.00000m  637.0525p 
  100.00000m    3.1578n 
  150.00000m   14.6542n 
  200.00000m   61.4453n 
  250.00000m  228.1348n 
  300.00000m  736.9441n 
  350.00000m    1.9840u 
  400.00000m    4.3489u 
  450.00000m    7.9615u 
  500.00000m   12.7367u 
  550.00000m   18.5250u 
  600.00000m   25.1892u 
  650.00000m   32.6151u 
  700.00000m   40.7030u 
  750.00000m   49.3584u 
  800.00000m   58.4851u 
  850.00000m   67.9775u 
  900.00000m   77.7110u 
  950.00000m   87.5347u 
    1.00000    97.2803u 
y
 vth0_value= 239.3250m
 u0_param=  50.0491m
 ags_param= 421.9946m
 
   *** monte carlo  index = 13 ***
x

 volt         param     
             i_d_0.6    
    0.        105.7200p 
   50.00000m  542.6043p 
  100.00000m    2.7025n 
  150.00000m   12.6475n 
  200.00000m   53.6518n 
  250.00000m  201.7731n 
  300.00000m  662.1483n 
  350.00000m    1.8193u 
  400.00000m    4.0695u 
  450.00000m    7.5711u 
  500.00000m   12.2525u 
  550.00000m   17.9644u 
  600.00000m   24.5663u 
  650.00000m   31.9412u 
  700.00000m   39.9879u 
  750.00000m   48.6114u 
  800.00000m   57.7157u 
  850.00000m   67.1963u 
  900.00000m   76.9312u 
  950.00000m   86.7719u 
    1.00000    96.5507u 
y
 vth0_value= 244.4336m
 u0_param=  50.4070m
 ags_param= 420.3475m
 
   *** monte carlo  index = 14 ***
x

 volt         param     
             i_d_0.6    
    0.         79.8424p 
   50.00000m  410.5092p 
  100.00000m    2.0576n 
  150.00000m    9.7431n 
  200.00000m   42.0295n 
  250.00000m  161.0767n 
  300.00000m  540.7392n 
  350.00000m    1.5307u 
  400.00000m    3.5314u 
  450.00000m    6.7377u 
  500.00000m   11.1053u 
  550.00000m   16.4937u 
  600.00000m   22.7639u 
  650.00000m   29.8001u 
  700.00000m   37.5025u 
  750.00000m   45.7789u 
  800.00000m   54.5368u 
  850.00000m   63.6762u 
  900.00000m   73.0807u 
  950.00000m   82.6086u 
    1.00000    92.0964u 
y
 vth0_value= 251.9536m
 u0_param=  48.9755m
 ags_param= 429.6291m
 
   *** monte carlo  index = 15 ***
x

 volt         param     
             i_d_0.6    
    0.         52.1138p 
   50.00000m  268.2602p 
  100.00000m    1.3566n 
  150.00000m    6.5353n 
  200.00000m   28.9324n 
  250.00000m  114.2754n 
  300.00000m  397.1876n 
  350.00000m    1.1776u 
  400.00000m    2.8576u 
  450.00000m    5.6907u 
  500.00000m    9.6791u 
  550.00000m   14.6963u 
  600.00000m   20.6024u 
  650.00000m   27.2790u 
  700.00000m   34.6260u 
  750.00000m   42.5525u 
  800.00000m   50.9691u 
  850.00000m   59.7808u 
  900.00000m   68.8785u 
  950.00000m   78.1299u 
    1.00000    87.3779u 
y
 vth0_value= 264.1898m
 u0_param=  48.0547m
 ags_param= 414.9876m
 
   *** monte carlo  index = 16 ***
x

 volt         param     
             i_d_0.6    
    0.         87.8871p 
   50.00000m  451.6159p 
  100.00000m    2.2587n 
  150.00000m   10.6512n 
  200.00000m   45.6747n 
  250.00000m  173.8722n 
  300.00000m  579.0407n 
  350.00000m    1.6219u 
  400.00000m    3.7005u 
  450.00000m    6.9962u 
  500.00000m   11.4550u 
  550.00000m   16.9339u 
  600.00000m   23.2939u 
  650.00000m   30.4194u 
  700.00000m   38.2106u 
  750.00000m   46.5747u 
  800.00000m   55.4183u 
  850.00000m   64.6403u 
  900.00000m   74.1226u 
  950.00000m   83.7217u 
    1.00000    93.2729u 
y
 vth0_value= 249.2536m
 u0_param=  49.2628m
 ags_param= 418.0989m
 
   *** monte carlo  index = 17 ***
x

 volt         param     
             i_d_0.6    
    0.        134.1771p 
   50.00000m  686.9040p 
  100.00000m    3.3979n 
  150.00000m   15.7114n 
  200.00000m   65.5563n 
  250.00000m  242.0874n 
  300.00000m  776.7443n 
  350.00000m    2.0732u 
  400.00000m    4.5063u 
  450.00000m    8.1948u 
  500.00000m   13.0475u 
  550.00000m   18.9136u 
  600.00000m   25.6558u 
  650.00000m   33.1601u 
  700.00000m   41.3263u 
  750.00000m   50.0597u 
  800.00000m   59.2631u 
  850.00000m   68.8297u 
  900.00000m   78.6336u 
  950.00000m   88.5221u 
    1.00000    98.3261u 
y
 vth0_value= 237.2081m
 u0_param=  50.3203m
 ags_param= 420.0206m
 
   *** monte carlo  index = 18 ***
x

 volt         param     
             i_d_0.6    
    0.         38.0132p 
   50.00000m  195.5571p 
  100.00000m  994.9778p 
  150.00000m    4.8534n 
  200.00000m   21.9187n 
  250.00000m   88.7019n 
  300.00000m  316.7237n 
  350.00000m  973.0524n 
  400.00000m    2.4613u 
  450.00000m    5.0850u 
  500.00000m    8.8898u 
  550.00000m   13.7605u 
  600.00000m   19.5523u 
  650.00000m   26.1403u 
  700.00000m   33.4201u 
  750.00000m   41.2986u 
  800.00000m   49.6857u 
  850.00000m   58.4876u 
  900.00000m   67.5985u 
  950.00000m   76.8909u 
    1.00000    86.2115u 
y
 vth0_value= 274.2588m
 u0_param=  48.8811m
 ags_param= 410.2493m
 
   *** monte carlo  index = 19 ***
x

 volt         param     
             i_d_0.6    
    0.        135.7264p 
   50.00000m  694.4455p 
  100.00000m    3.4313n 
  150.00000m   15.8344n 
  200.00000m   65.8982n 
  250.00000m  242.6774n 
  300.00000m  775.9941n 
  350.00000m    2.0624u 
  400.00000m    4.4643u 
  450.00000m    8.0929u 
  500.00000m   12.8575u 
  550.00000m   18.6116u 
  600.00000m   25.2223u 
  650.00000m   32.5789u 
  700.00000m   40.5841u 
  750.00000m   49.1450u 
  800.00000m   58.1664u 
  850.00000m   67.5430u 
  900.00000m   77.1496u 
  950.00000m   86.8346u 
    1.00000    96.4309u 
y
 vth0_value= 236.0679m
 u0_param=  49.0915m
 ags_param= 427.0390m
 
   *** monte carlo  index = 20 ***
x

 volt         param     
             i_d_0.6    
    0.         48.5845p 
   50.00000m  250.1369p 
  100.00000m    1.2672n 
  150.00000m    6.1259n 
  200.00000m   27.2684n 
  250.00000m  108.4053n 
  300.00000m  379.5162n 
  350.00000m    1.1360u 
  400.00000m    2.7870u 
  450.00000m    5.6029u 
  500.00000m    9.5964u 
  550.00000m   14.6414u 
  600.00000m   20.5941u 
  650.00000m   27.3327u 
  700.00000m   34.7544u 
  750.00000m   42.7665u 
  800.00000m   51.2784u 
  850.00000m   60.1944u 
  900.00000m   69.4054u 
  950.00000m   78.7796u 
    1.00000    88.1601u 
y
 vth0_value= 266.8860m
 u0_param=  48.9370m
 ags_param= 405.5934m
 
   *** monte carlo  index = 21 ***
x

 volt         param     
             i_d_0.6    
    0.        122.7516p 
   50.00000m  628.9794p 
  100.00000m    3.1188n 
  150.00000m   14.4815n 
  200.00000m   60.7684n 
  250.00000m  225.8168n 
  300.00000m  730.2443n 
  350.00000m    1.9687u 
  400.00000m    4.3213u 
  450.00000m    7.9194u 
  500.00000m   12.6793u 
  550.00000m   18.4516u 
  600.00000m   25.0994u 
  650.00000m   32.5085u 
  700.00000m   40.5792u 
  750.00000m   49.2173u 
  800.00000m   58.3267u 
  850.00000m   67.8021u 
  900.00000m   77.5191u 
  950.00000m   87.3270u 
    1.00000    97.0579u 
y
 vth0_value= 239.6633m
 u0_param=  49.9728m
 ags_param= 423.6808m
 
   *** monte carlo  index = 22 ***
x

 volt         param     
             i_d_0.6    
    0.        101.7922p 
   50.00000m  522.5138p 
  100.00000m    2.6040n 
  150.00000m   12.2002n 
  200.00000m   51.8364n 
  250.00000m  195.2971n 
  300.00000m  642.3316n 
  350.00000m    1.7700u 
  400.00000m    3.9711u 
  450.00000m    7.4061u 
  500.00000m   12.0071u 
  550.00000m   17.6276u 
  600.00000m   24.1290u 
  650.00000m   31.3959u 
  700.00000m   39.3283u 
  750.00000m   47.8327u 
  800.00000m   56.8141u 
  850.00000m   66.1695u 
  900.00000m   75.7781u 
  950.00000m   85.4927u 
    1.00000    95.1469u 
y
 vth0_value= 245.1257m
 u0_param=  49.7099m
 ags_param= 423.1849m
 
   *** monte carlo  index = 23 ***
x

 volt         param     
             i_d_0.6    
    0.         85.3620p 
   50.00000m  438.8335p 
  100.00000m    2.1974n 
  150.00000m   10.3843n 
  200.00000m   44.6670n 
  250.00000m  170.6186n 
  300.00000m  570.4862n 
  350.00000m    1.6064u 
  400.00000m    3.6852u 
  450.00000m    6.9983u 
  500.00000m   11.4947u 
  550.00000m   17.0292u 
  600.00000m   23.4599u 
  650.00000m   30.6681u 
  700.00000m   38.5523u 
  750.00000m   47.0182u 
  800.00000m   55.9711u 
  850.00000m   65.3091u 
  900.00000m   74.9138u 
  950.00000m   84.6412u 
    1.00000    94.3259u 
y
 vth0_value= 250.6569m
 u0_param=  50.0791m
 ags_param= 418.3521m
 
   *** monte carlo  index = 24 ***
x

 volt         param     
             i_d_0.6    
    0.         78.9828p 
   50.00000m  406.0835p 
  100.00000m    2.0357n 
  150.00000m    9.6410n 
  200.00000m   41.6020n 
  250.00000m  159.4959n 
  300.00000m  535.6694n 
  350.00000m    1.5173u 
  400.00000m    3.5025u 
  450.00000m    6.6862u 
  500.00000m   11.0247u 
  550.00000m   16.3786u 
  600.00000m   22.6100u 
  650.00000m   29.6035u 
  700.00000m   37.2600u 
  750.00000m   45.4879u 
  800.00000m   54.1950u 
  850.00000m   63.2820u 
  900.00000m   72.6331u 
  950.00000m   82.1074u 
    1.00000    91.5421u 
y
 vth0_value= 252.0910m
 u0_param=  48.6888m
 ags_param= 419.1840m
 
   *** monte carlo  index = 25 ***
x

 volt         param     
             i_d_0.6    
    0.        194.1279p 
   50.00000m  989.3978p 
  100.00000m    4.8425n 
  150.00000m   21.9891n 
  200.00000m   89.6010n 
  250.00000m  322.3597n 
  300.00000m    1.0003u 
  350.00000m    2.5613u 
  400.00000m    5.3522u 
  450.00000m    9.4403u 
  500.00000m   14.7067u 
  550.00000m   20.9940u 
  600.00000m   28.1647u 
  650.00000m   36.1038u 
  700.00000m   44.7092u 
  750.00000m   53.8824u 
  800.00000m   63.5217u 
  850.00000m   73.5140u 
  900.00000m   83.7250u 
  950.00000m   93.9939u 
    1.00000   104.1474u 
y
 vth0_value= 227.1532m
 u0_param=  52.0176m
 ags_param= 425.0470m
 
   *** monte carlo  index = 26 ***
x

 volt         param     
             i_d_0.6    
    0.         62.4463p 
   50.00000m  321.4140p 
  100.00000m    1.6200n 
  150.00000m    7.7517n 
  200.00000m   33.9659n 
  250.00000m  132.5331n 
  300.00000m  454.3004n 
  350.00000m    1.3222u 
  400.00000m    3.1430u 
  450.00000m    6.1487u 
  500.00000m   10.3215u 
  550.00000m   15.5272u 
  600.00000m   21.6250u 
  650.00000m   28.4964u 
  700.00000m   36.0408u 
  750.00000m   44.1662u 
  800.00000m   52.7811u 
  850.00000m   61.7881u 
  900.00000m   71.0747u 
  950.00000m   80.5039u 
    1.00000    89.9153u 
y
 vth0_value= 259.2312m
 u0_param=  48.7965m
 ags_param= 427.3644m
 
   *** monte carlo  index = 27 ***
x

 volt         param     
             i_d_0.6    
    0.        103.8755p 
   50.00000m  533.2546p 
  100.00000m    2.6575n 
  150.00000m   12.4499n 
  200.00000m   52.8911n 
  250.00000m  199.2350n 
  300.00000m  655.1040n 
  350.00000m    1.8045u 
  400.00000m    4.0470u 
  450.00000m    7.5449u 
  500.00000m   12.2284u 
  550.00000m   17.9477u 
  600.00000m   24.5616u 
  650.00000m   31.9523u 
  700.00000m   40.0181u 
  750.00000m   48.6637u 
  800.00000m   57.7929u 
  850.00000m   67.3010u 
  900.00000m   77.0656u 
  950.00000m   86.9382u 
    1.00000    96.7504u 
y
 vth0_value= 245.0852m
 u0_param=  50.5997m
 ags_param= 437.1656m
 
   *** monte carlo  index = 28 ***
x

 volt         param     
             i_d_0.6    
    0.        201.4541p 
   50.00000m    1.0254n 
  100.00000m    5.0061n 
  150.00000m   22.6379n 
  200.00000m   91.7665n 
  250.00000m  328.3121n 
  300.00000m    1.0115u 
  350.00000m    2.5676u 
  400.00000m    5.3233u 
  450.00000m    9.3342u 
  500.00000m   14.4829u 
  550.00000m   20.6184u 
  600.00000m   27.6093u 
  650.00000m   35.3456u 
  700.00000m   43.7287u 
  750.00000m   52.6630u 
  800.00000m   62.0492u 
  850.00000m   71.7758u 
  900.00000m   81.7097u 
  950.00000m   91.6911u 
    1.00000   101.5503u 
y
 vth0_value= 224.9384m
 u0_param=  50.2732m
 ags_param= 423.9283m
 
   *** monte carlo  index = 29 ***
x

 volt         param     
             i_d_0.6    
    0.         49.7014p 
   50.00000m  255.8420p 
  100.00000m    1.2950n 
  150.00000m    6.2504n 
  200.00000m   27.7527n 
  250.00000m  110.0027n 
  300.00000m  383.8518n 
  350.00000m    1.1440u 
  400.00000m    2.7929u 
  450.00000m    5.5909u 
  500.00000m    9.5462u 
  550.00000m   14.5338u 
  600.00000m   20.4134u 
  650.00000m   27.0661u 
  700.00000m   34.3912u 
  750.00000m   42.2978u 
  800.00000m   50.6966u 
  850.00000m   59.4927u 
  900.00000m   68.5780u 
  950.00000m   77.8207u 
    1.00000    87.0644u 
y
 vth0_value= 265.6367m
 u0_param=  48.0817m
 ags_param= 416.9105m
 
   *** monte carlo  index = 30 ***
x

 volt         param     
             i_d_0.6    
    0.         52.7056p 
   50.00000m  271.3684p 
  100.00000m    1.3727n 
  150.00000m    6.6153n 
  200.00000m   29.3047n 
  250.00000m  115.8261n 
  300.00000m  402.8605n 
  350.00000m    1.1955u 
  400.00000m    2.9040u 
  450.00000m    5.7878u 
  500.00000m    9.8498u 
  550.00000m   14.9602u 
  600.00000m   20.9759u 
  650.00000m   27.7756u 
  700.00000m   35.2569u 
  750.00000m   43.3271u 
  800.00000m   51.8951u 
  850.00000m   60.8644u 
  900.00000m   70.1246u 
  950.00000m   79.5422u 
    1.00000    88.9586u 
y
 vth0_value= 264.4992m
 u0_param=  49.0408m
 ags_param= 414.5254m
 
   *** monte carlo  index = 31 ***
x

 volt         param     
             i_d_0.6    
    0.        204.9255p 
   50.00000m    1.0432n 
  100.00000m    5.0933n 
  150.00000m   23.0352n 
  200.00000m   93.3889n 
  250.00000m  334.1419n 
  300.00000m    1.0295u 
  350.00000m    2.6135u 
  400.00000m    5.4184u 
  450.00000m    9.5005u 
  500.00000m   14.7394u 
  550.00000m   20.9808u 
  600.00000m   28.0907u 
  650.00000m   35.9567u 
  700.00000m   44.4783u 
  750.00000m   53.5586u 
  800.00000m   63.0965u 
  850.00000m   72.9793u 
  900.00000m   83.0728u 
  950.00000m   93.2159u 
    1.00000   103.2370u 
y
 vth0_value= 225.0124m
 u0_param=  51.2007m
 ags_param= 422.1839m
 
   *** monte carlo  index = 32 ***
x

 volt         param     
             i_d_0.6    
    0.         89.4168p 
   50.00000m  459.3694p 
  100.00000m    2.2960n 
  150.00000m   10.8147n 
  200.00000m   46.2991n 
  250.00000m  175.9262n 
  300.00000m  584.6161n 
  350.00000m    1.6329u 
  400.00000m    3.7146u 
  450.00000m    7.0063u 
  500.00000m   11.4522u 
  550.00000m   16.9102u 
  600.00000m   23.2430u 
  650.00000m   30.3358u 
  700.00000m   38.0898u 
  750.00000m   46.4130u 
  800.00000m   55.2123u 
  850.00000m   64.3870u 
  900.00000m   73.8190u 
  950.00000m   83.3648u 
    1.00000    92.8600u 
y
 vth0_value= 248.5045m
 u0_param=  48.9106m
 ags_param= 422.5508m
 
   *** monte carlo  index = 33 ***
x

 volt         param     
             i_d_0.6    
    0.        100.9390p 
   50.00000m  518.2102p 
  100.00000m    2.5835n 
  150.00000m   12.1120n 
  200.00000m   51.5081n 
  250.00000m  194.2533n 
  300.00000m  639.6586n 
  350.00000m    1.7654u 
  400.00000m    3.9669u 
  450.00000m    7.4075u 
  500.00000m   12.0199u 
  550.00000m   17.6571u 
  600.00000m   24.1794u 
  650.00000m   31.4707u 
  700.00000m   39.4304u 
  750.00000m   47.9646u 
  800.00000m   56.9781u 
  850.00000m   66.3674u 
  900.00000m   76.0117u 
  950.00000m   85.7639u 
    1.00000    95.4571u 
y
 vth0_value= 245.5313m
 u0_param=  49.9468m
 ags_param= 423.3570m
 
   *** monte carlo  index = 34 ***
x

 volt         param     
             i_d_0.6    
    0.         62.1386p 
   50.00000m  319.8316p 
  100.00000m    1.6121n 
  150.00000m    7.7155n 
  200.00000m   33.8156n 
  250.00000m  131.9855n 
  300.00000m  452.5748n 
  350.00000m    1.3178u 
  400.00000m    3.1339u 
  450.00000m    6.1335u 
  500.00000m   10.2990u 
  550.00000m   15.4964u 
  600.00000m   21.5850u 
  650.00000m   28.4463u 
  700.00000m   35.9798u 
  750.00000m   44.0935u 
  800.00000m   52.6961u 
  850.00000m   61.6904u 
  900.00000m   70.9641u 
  950.00000m   80.3808u 
    1.00000    89.7803u 
y
 vth0_value= 259.3511m
 u0_param=  48.7525m
 ags_param= 412.2984m
 
   *** monte carlo  index = 35 ***
x

 volt         param     
             i_d_0.6    
    0.        258.9715p 
   50.00000m    1.3127n 
  100.00000m    6.3521n 
  150.00000m   28.3185n 
  200.00000m  112.7932n 
  250.00000m  395.7574n 
  300.00000m    1.1883u 
  350.00000m    2.9267u 
  400.00000m    5.9056u 
  450.00000m   10.1457u 
  500.00000m   15.5167u 
  550.00000m   21.8673u 
  600.00000m   29.0684u 
  650.00000m   37.0107u 
  700.00000m   45.5953u 
  750.00000m   54.7255u 
  800.00000m   64.2992u 
  850.00000m   74.2014u 
  900.00000m   84.2936u 
  950.00000m   94.4115u 
    1.00000   104.3848u 
y
 vth0_value= 217.6458m
 u0_param=  50.7204m
 ags_param= 430.9774m
 
   *** monte carlo  index = 36 ***
x

 volt         param     
             i_d_0.6    
    0.         60.7129p 
   50.00000m  312.5456p 
  100.00000m    1.5765n 
  150.00000m    7.5552n 
  200.00000m   33.1806n 
  250.00000m  129.8132n 
  300.00000m  446.3150n 
  350.00000m    1.3041u 
  400.00000m    3.1137u 
  450.00000m    6.1141u 
  500.00000m   10.2912u 
  550.00000m   15.5105u 
  600.00000m   21.6295u 
  650.00000m   28.5283u 
  700.00000m   36.1052u 
  750.00000m   44.2673u 
  800.00000m   52.9229u 
  850.00000m   61.9742u 
  900.00000m   71.3087u 
  950.00000m   80.7899u 
    1.00000    90.2573u 
y
 vth0_value= 260.3254m
 u0_param=  49.1741m
 ags_param= 417.2258m
 
   *** monte carlo  index = 37 ***
x

 volt         param     
             i_d_0.6    
    0.         61.2304p 
   50.00000m  315.2406p 
  100.00000m    1.5902n 
  150.00000m    7.6215n 
  200.00000m   33.4754n 
  250.00000m  130.9815n 
  300.00000m  450.3749n 
  350.00000m    1.3162u 
  400.00000m    3.1428u 
  450.00000m    6.1717u 
  500.00000m   10.3884u 
  550.00000m   15.6569u 
  600.00000m   21.8329u 
  650.00000m   28.7952u 
  700.00000m   36.4412u 
  750.00000m   44.6770u 
  800.00000m   53.4099u 
  850.00000m   62.5415u 
  900.00000m   71.9585u 
  950.00000m   81.5237u 
    1.00000    91.0758u 
y
 vth0_value= 260.3857m
 u0_param=  49.6621m
 ags_param= 421.0989m
 
   *** monte carlo  index = 38 ***
x

 volt         param     
             i_d_0.6    
    0.         80.3296p 
   50.00000m  413.1231p 
  100.00000m    2.0717n 
  150.00000m    9.8169n 
  200.00000m   42.3944n 
  250.00000m  162.6676n 
  300.00000m  546.7950n 
  350.00000m    1.5505u 
  400.00000m    3.5834u 
  450.00000m    6.8466u 
  500.00000m   11.2952u 
  550.00000m   16.7855u 
  600.00000m   23.1748u 
  650.00000m   30.3438u 
  700.00000m   38.1907u 
  750.00000m   46.6212u 
  800.00000m   55.5410u 
  850.00000m   64.8487u 
  900.00000m   74.4269u 
  950.00000m   84.1328u 
    1.00000    93.8016u 
y
 vth0_value= 252.4674m
 u0_param=  50.0527m
 ags_param= 417.2582m
 
   *** monte carlo  index = 39 ***
x

 volt         param     
             i_d_0.6    
    0.         43.3786p 
   50.00000m  223.2259p 
  100.00000m    1.1326n 
  150.00000m    5.4933n 
  200.00000m   24.5804n 
  250.00000m   98.3477n 
  300.00000m  346.8042n 
  350.00000m    1.0481u 
  400.00000m    2.6003u 
  450.00000m    5.2798u 
  500.00000m    9.1111u 
  550.00000m   13.9756u 
  600.00000m   19.7332u 
  650.00000m   26.2644u 
  700.00000m   33.4686u 
  750.00000m   41.2551u 
  800.00000m   49.5357u 
  850.00000m   58.2173u 
  900.00000m   67.1937u 
  950.00000m   76.3362u 
    1.00000    85.4908u 
y
 vth0_value= 269.5016m
 u0_param=  47.7209m
 ags_param= 413.4739m
 
   *** monte carlo  index = 40 ***
x

 volt         param     
             i_d_0.6    
    0.        111.6945p 
   50.00000m  572.6486p 
  100.00000m    2.8448n 
  150.00000m   13.2533n 
  200.00000m   55.8720n 
  250.00000m  208.6973n 
  300.00000m  679.2691n 
  350.00000m    1.8466u 
  400.00000m    4.0871u 
  450.00000m    7.5405u 
  500.00000m   12.1314u 
  550.00000m   17.7160u 
  600.00000m   24.1603u 
  650.00000m   31.3528u 
  700.00000m   39.1963u 
  750.00000m   47.5989u 
  800.00000m   56.4671u 
  850.00000m   65.6979u 
  900.00000m   75.1701u 
  950.00000m   84.7360u 
    1.00000    94.2299u 
y
 vth0_value= 241.6579m
 u0_param=  48.6752m
 ags_param= 429.6083m
 
   *** monte carlo  index = 41 ***
x

 volt         param     
             i_d_0.6    
    0.         64.6344p 
   50.00000m  332.6727p 
  100.00000m    1.6758n 
  150.00000m    8.0100n 
  200.00000m   35.0386n 
  250.00000m  136.4491n 
  300.00000m  466.6516n 
  350.00000m    1.3540u 
  400.00000m    3.2076u 
  450.00000m    6.2570u 
  500.00000m   10.4806u 
  550.00000m   15.7422u 
  600.00000m   21.8998u 
  650.00000m   28.8343u 
  700.00000m   36.4443u 
  750.00000m   44.6372u 
  800.00000m   53.3208u 
  850.00000m   62.3970u 
  900.00000m   71.7525u 
  950.00000m   81.2497u 
    1.00000    90.7276u 
y
 vth0_value= 258.4408m
 u0_param=  49.1736m
 ags_param= 410.4518m
 
   *** monte carlo  index = 42 ***
x

 volt         param     
             i_d_0.6    
    0.         99.5735p 
   50.00000m  511.2851p 
  100.00000m    2.5501n 
  150.00000m   11.9653n 
  200.00000m   50.9423n 
  250.00000m  192.3621n 
  300.00000m  634.3913n 
  350.00000m    1.7543u 
  400.00000m    3.9499u 
  450.00000m    7.3877u 
  500.00000m   12.0015u 
  550.00000m   17.6439u 
  600.00000m   24.1745u 
  650.00000m   31.4767u 
  700.00000m   39.4494u 
  750.00000m   47.9984u 
  800.00000m   57.0284u 
  850.00000m   66.4358u 
  900.00000m   76.0999u 
  950.00000m   85.8737u 
    1.00000    95.5905u 
y
 vth0_value= 246.0419m
 u0_param=  50.1043m
 ags_param= 419.4142m
 
   *** monte carlo  index = 43 ***
x

 volt         param     
             i_d_0.6    
    0.         59.8586p 
   50.00000m  308.1550p 
  100.00000m    1.5548n 
  150.00000m    7.4553n 
  200.00000m   32.7695n 
  250.00000m  128.3319n 
  300.00000m  441.7220n 
  350.00000m    1.2927u 
  400.00000m    3.0915u 
  450.00000m    6.0792u 
  500.00000m   10.2432u 
  550.00000m   15.4496u 
  600.00000m   21.5559u 
  650.00000m   28.4420u 
  700.00000m   36.0063u 
  750.00000m   44.1559u 
  800.00000m   52.7992u 
  850.00000m   61.8386u 
  900.00000m   71.1619u 
  950.00000m   80.6329u 
    1.00000    90.0913u 
y
 vth0_value= 260.7292m
 u0_param=  49.1389m
 ags_param= 415.9113m
 
   *** monte carlo  index = 44 ***
x

 volt         param     
             i_d_0.6    
    0.         21.1765p 
   50.00000m  108.1507p 
  100.00000m  554.2404p 
  150.00000m    2.7513n 
  200.00000m   12.8016n 
  250.00000m   53.8733n 
  300.00000m  200.8296n 
  350.00000m  651.9393n 
  400.00000m    1.7659u 
  450.00000m    3.8936u 
  500.00000m    7.1595u 
  550.00000m   11.4877u 
  600.00000m   16.7406u 
  650.00000m   22.7913u 
  700.00000m   29.5346u 
  750.00000m   36.8790u 
  800.00000m   44.7383u 
  850.00000m   53.0247u 
  900.00000m   61.6412u 
  950.00000m   70.4723u 
    1.00000    79.3767u 
y
 vth0_value= 290.9051m
 u0_param=  47.1684m
 ags_param= 412.9749m
 
   *** monte carlo  index = 45 ***
x

 volt         param     
             i_d_0.6    
    0.         64.5023p 
   50.00000m  332.1084p 
  100.00000m    1.6742n 
  150.00000m    8.0126n 
  200.00000m   35.1187n 
  250.00000m  137.0644n 
  300.00000m  469.9019n 
  350.00000m    1.3678u 
  400.00000m    3.2518u 
  450.00000m    6.3618u 
  500.00000m   10.6782u 
  550.00000m   16.0611u 
  600.00000m   22.3635u 
  650.00000m   29.4625u 
  700.00000m   37.2535u 
  750.00000m   45.6411u 
  800.00000m   54.5312u 
  850.00000m   63.8235u 
  900.00000m   73.4029u 
  950.00000m   83.1302u 
    1.00000    92.8421u 
y
 vth0_value= 259.3793m
 u0_param=  50.5410m
 ags_param= 430.0638m
 
   *** monte carlo  index = 46 ***
x

 volt         param     
             i_d_0.6    
    0.        174.3165p 
   50.00000m  888.8504p 
  100.00000m    4.3567n 
  150.00000m   19.8325n 
  200.00000m   81.0782n 
  250.00000m  292.8073n 
  300.00000m  913.2198n 
  350.00000m    2.3529u 
  400.00000m    4.9458u 
  450.00000m    8.7642u 
  500.00000m   13.7012u 
  550.00000m   19.6102u 
  600.00000m   26.3619u 
  650.00000m   33.8483u 
  700.00000m   41.9728u 
  750.00000m   50.6426u 
  800.00000m   59.7611u 
  850.00000m   69.2203u 
  900.00000m   78.8910u 
  950.00000m   88.6177u 
    1.00000    98.2332u 
y
 vth0_value= 228.4717m
 u0_param=  48.9990m
 ags_param= 414.6133m
 
   *** monte carlo  index = 47 ***
x

 volt         param     
             i_d_0.6    
    0.         19.8114p 
   50.00000m  101.0560p 
  100.00000m  518.4198p 
  150.00000m    2.5802n 
  200.00000m   12.0609n 
  250.00000m   51.0792n 
  300.00000m  191.7416n 
  350.00000m  627.7300n 
  400.00000m    1.7191u 
  450.00000m    3.8317u 
  500.00000m    7.1066u 
  550.00000m   11.4728u 
  600.00000m   16.7892u 
  650.00000m   22.9244u 
  700.00000m   29.7694u 
  750.00000m   37.2302u 
  800.00000m   45.2186u 
  850.00000m   53.6453u 
  900.00000m   62.4125u 
  950.00000m   71.4047u 
    1.00000    80.4803u 
y
 vth0_value= 293.7068m
 u0_param=  48.3070m
 ags_param= 413.4605m
 
   *** monte carlo  index = 48 ***
x

 volt         param     
             i_d_0.6    
    0.         87.8098p 
   50.00000m  451.0991p 
  100.00000m    2.2550n 
  150.00000m   10.6243n 
  200.00000m   45.5023n 
  250.00000m  172.9815n 
  300.00000m  575.1822n 
  350.00000m    1.6078u 
  400.00000m    3.6608u 
  450.00000m    6.9097u 
  500.00000m   11.3005u 
  550.00000m   16.6932u 
  600.00000m   22.9520u 
  650.00000m   29.9637u 
  700.00000m   37.6306u 
  750.00000m   45.8616u 
  800.00000m   54.5648u 
  850.00000m   63.6403u 
  900.00000m   72.9713u 
  950.00000m   82.4151u 
    1.00000    91.8089u 
y
 vth0_value= 248.6788m
 u0_param=  48.3480m
 ags_param= 413.1238m
 
   *** monte carlo  index = 49 ***
x

 volt         param     
             i_d_0.6    
    0.         65.0528p 
   50.00000m  334.8282p 
  100.00000m    1.6865n 
  150.00000m    8.0598n 
  200.00000m   35.2473n 
  250.00000m  137.2199n 
  300.00000m  469.1207n 
  350.00000m    1.3605u 
  400.00000m    3.2214u 
  450.00000m    6.2812u 
  500.00000m   10.5177u 
  550.00000m   15.7944u 
  600.00000m   21.9690u 
  650.00000m   28.9222u 
  700.00000m   36.5524u 
  750.00000m   44.7667u 
  800.00000m   53.4728u 
  850.00000m   62.5722u 
  900.00000m   71.9514u 
  950.00000m   81.4720u 
    1.00000    90.9727u 
y
 vth0_value= 258.3180m
 u0_param=  49.2834m
 ags_param= 423.8507m
 
   *** monte carlo  index = 50 ***
x

 volt         param     
             i_d_0.6    
    0.         69.0031p 
   50.00000m  355.0742p 
  100.00000m    1.7861n 
  150.00000m    8.5137n 
  200.00000m   37.0891n 
  250.00000m  143.7463n 
  300.00000m  488.9083n 
  350.00000m    1.4082u 
  400.00000m    3.3095u 
  450.00000m    6.4124u 
  500.00000m   10.6880u 
  550.00000m   15.9983u 
  600.00000m   22.2018u 
  650.00000m   29.1801u 
  700.00000m   36.8321u 
  750.00000m   45.0650u 
  800.00000m   53.7865u 
  850.00000m   62.8978u 
  900.00000m   72.2846u 
  950.00000m   81.8079u 
    1.00000    91.3060u 
y
 vth0_value= 256.5020m
 u0_param=  49.2190m
 ags_param= 411.1463m
 
   *** monte carlo  index = 51 ***
x

 volt         param     
             i_d_0.6    
    0.         93.0682p 
   50.00000m  478.1173p 
  100.00000m    2.3886n 
  150.00000m   11.2407n 
  200.00000m   48.0602n 
  250.00000m  182.3401n 
  300.00000m  604.7819n 
  350.00000m    1.6850u 
  400.00000m    3.8231u 
  450.00000m    7.1950u 
  500.00000m   11.7410u 
  550.00000m   17.3154u 
  600.00000m   23.7775u 
  650.00000m   31.0106u 
  700.00000m   38.9138u 
  750.00000m   47.3932u 
  800.00000m   56.3542u 
  850.00000m   65.6945u 
  900.00000m   75.2945u 
  950.00000m   85.0092u 
    1.00000    94.6730u 
y
 vth0_value= 247.9302m
 u0_param=  49.8803m
 ags_param= 406.1876m
 
   *** monte carlo  index = 52 ***
x

 volt         param     
             i_d_0.6    
    0.         90.6943p 
   50.00000m  466.0096p 
  100.00000m    2.3296n 
  150.00000m   10.9758n 
  200.00000m   47.0059n 
  250.00000m  178.6751n 
  300.00000m  593.9617n 
  350.00000m    1.6597u 
  400.00000m    3.7774u 
  450.00000m    7.1268u 
  500.00000m   11.6509u 
  550.00000m   17.2045u 
  600.00000m   23.6468u 
  650.00000m   30.8609u 
  700.00000m   38.7461u 
  750.00000m   47.2082u 
  800.00000m   56.1531u 
  850.00000m   65.4784u 
  900.00000m   75.0651u 
  950.00000m   84.7685u 
    1.00000    94.4227u 
y
 vth0_value= 248.6797m
 u0_param=  49.8375m
 ags_param= 416.6961m
 
   *** monte carlo  index = 53 ***
x

 volt         param     
             i_d_0.6    
    0.         55.8791p 
   50.00000m  287.6865p 
  100.00000m    1.4534n 
  150.00000m    6.9874n 
  200.00000m   30.8357n 
  250.00000m  121.3305n 
  300.00000m  419.8759n 
  350.00000m    1.2376u 
  400.00000m    2.9836u 
  450.00000m    5.9077u 
  500.00000m   10.0052u 
  550.00000m   15.1451u 
  600.00000m   21.1850u 
  650.00000m   28.0049u 
  700.00000m   35.5031u 
  750.00000m   43.5872u 
  800.00000m   52.1661u 
  850.00000m   61.1429u 
  900.00000m   70.4067u 
  950.00000m   79.8225u 
    1.00000    89.2311u 
y
 vth0_value= 262.6518m
 u0_param=  48.9098m
 ags_param= 425.7453m
 
   *** monte carlo  index = 54 ***
x

 volt         param     
             i_d_0.6    
    0.         16.3487p 
   50.00000m   82.9812p 
  100.00000m  426.2613p 
  150.00000m    2.1313n 
  200.00000m   10.0467n 
  250.00000m   43.0581n 
  300.00000m  163.8036n 
  350.00000m  545.0145n 
  400.00000m    1.5245u 
  450.00000m    3.4724u 
  500.00000m    6.5543u 
  550.00000m   10.7164u 
  600.00000m   15.8229u 
  650.00000m   21.7434u 
  700.00000m   28.3692u 
  750.00000m   35.6074u 
  800.00000m   43.3714u 
  850.00000m   51.5744u 
  900.00000m   60.1217u 
  950.00000m   68.9019u 
    1.00000    77.7782u 
y
 vth0_value= 299.0068m
 u0_param=  47.3913m
 ags_param= 407.8914m
 
   *** monte carlo  index = 55 ***
x

 volt         param     
             i_d_0.6    
    0.         83.8277p 
   50.00000m  431.0975p 
  100.00000m    2.1606n 
  150.00000m   10.2268n 
  200.00000m   44.0921n 
  250.00000m  168.8595n 
  300.00000m  566.3002n 
  350.00000m    1.6009u 
  400.00000m    3.6878u 
  450.00000m    7.0267u 
  500.00000m   11.5687u 
  550.00000m   17.1664u 
  600.00000m   23.6745u 
  650.00000m   30.9721u 
  700.00000m   38.9554u 
  750.00000m   47.5286u 
  800.00000m   56.5959u 
  850.00000m   66.0545u 
  900.00000m   75.7854u 
  950.00000m   85.6441u 
    1.00000    95.4644u 
y
 vth0_value= 251.7270m
 u0_param=  50.9071m
 ags_param= 415.0889m
 
   *** monte carlo  index = 56 ***
x

 volt         param     
             i_d_0.6    
    0.         98.4829p 
   50.00000m  505.6744p 
  100.00000m    2.5223n 
  150.00000m   11.8363n 
  200.00000m   50.4035n 
  250.00000m  190.3736n 
  300.00000m  628.0314n 
  350.00000m    1.7374u 
  400.00000m    3.9136u 
  450.00000m    7.3224u 
  500.00000m   11.8989u 
  550.00000m   17.4967u 
  600.00000m   23.9769u 
  650.00000m   31.2235u 
  700.00000m   39.1366u 
  750.00000m   47.6222u 
  800.00000m   56.5860u 
  850.00000m   65.9251u 
  900.00000m   75.5195u 
  950.00000m   85.2230u 
    1.00000    94.8699u 
y
 vth0_value= 246.1263m
 u0_param=  49.7200m
 ags_param= 407.7963m
 
   *** monte carlo  index = 57 ***
x

 volt         param     
             i_d_0.6    
    0.         74.5500p 
   50.00000m  383.5147p 
  100.00000m    1.9261n 
  150.00000m    9.1536n 
  200.00000m   39.6984n 
  250.00000m  153.0667n 
  300.00000m  517.4838n 
  350.00000m    1.4786u 
  400.00000m    3.4451u 
  450.00000m    6.6271u 
  500.00000m   10.9874u 
  550.00000m   16.3853u 
  600.00000m   22.6787u 
  650.00000m   29.7491u 
  700.00000m   37.4950u 
  750.00000m   45.8230u 
  800.00000m   54.6397u 
  850.00000m   63.8453u 
  900.00000m   73.3236u 
  950.00000m   82.9338u 
    1.00000    92.5124u 
y
 vth0_value= 254.4207m
 u0_param=  49.5971m
 ags_param= 420.2528m
 
   *** monte carlo  index = 58 ***
x

 volt         param     
             i_d_0.6    
    0.         98.1268p 
   50.00000m  503.8488p 
  100.00000m    2.5133n 
  150.00000m   11.7952n 
  200.00000m   50.2345n 
  250.00000m  189.7640n 
  300.00000m  626.1411n 
  350.00000m    1.7326u 
  400.00000m    3.9039u 
  450.00000m    7.3060u 
  500.00000m   11.8744u 
  550.00000m   17.4633u 
  600.00000m   23.9339u 
  650.00000m   31.1706u 
  700.00000m   39.0735u 
  750.00000m   47.5491u 
  800.00000m   56.5028u 
  850.00000m   65.8319u 
  900.00000m   75.4162u 
  950.00000m   85.1095u 
    1.00000    94.7454u 
y
 vth0_value= 246.1806m
 u0_param=  49.6354m
 ags_param= 426.4445m
 
   *** monte carlo  index = 59 ***
x

 volt         param     
             i_d_0.6    
    0.         58.5188p 
   50.00000m  301.2818p 
  100.00000m    1.5210n 
  150.00000m    7.3006n 
  200.00000m   32.1414n 
  250.00000m  126.1098n 
  300.00000m  435.0023n 
  350.00000m    1.2766u 
  400.00000m    3.0628u 
  450.00000m    6.0392u 
  500.00000m   10.1961u 
  550.00000m   15.4000u 
  600.00000m   21.5076u 
  650.00000m   28.3983u 
  700.00000m   35.9700u 
  750.00000m   44.1296u 
  800.00000m   52.7851u 
  850.00000m   61.8389u 
  900.00000m   71.1788u 
  950.00000m   80.6689u 
    1.00000    90.1486u 
y
 vth0_value= 261.5026m
 u0_param=  49.2799m
 ags_param= 424.8036m
 
   *** monte carlo  index = 60 ***
x

 volt         param     
             i_d_0.6    
    0.         65.9833p 
   50.00000m  339.6547p 
  100.00000m    1.7108n 
  150.00000m    8.1757n 
  200.00000m   35.7519n 
  250.00000m  139.1697n 
  300.00000m  475.7059n 
  350.00000m    1.3793u 
  400.00000m    3.2649u 
  450.00000m    6.3643u 
  500.00000m   10.6543u 
  550.00000m   15.9961u 
  600.00000m   22.2454u 
  650.00000m   29.2811u 
  700.00000m   37.0004u 
  750.00000m   45.3092u 
  800.00000m   54.1140u 
  850.00000m   63.3156u 
  900.00000m   72.7992u 
  950.00000m   82.4262u 
    1.00000    92.0339u 
y
 vth0_value= 258.2937m
 u0_param=  49.9086m
 ags_param= 419.3467m
 
   *** monte carlo  index = 61 ***
x

 volt         param     
             i_d_0.6    
    0.         68.5891p 
   50.00000m  352.9902p 
  100.00000m    1.7762n 
  150.00000m    8.4721n 
  200.00000m   36.9423n 
  250.00000m  143.3305n 
  300.00000m  488.0828n 
  350.00000m    1.4081u 
  400.00000m    3.3149u 
  450.00000m    6.4321u 
  500.00000m   10.7319u 
  550.00000m   16.0751u 
  600.00000m   22.3190u 
  650.00000m   29.3436u 
  700.00000m   37.0471u 
  750.00000m   45.3359u 
  800.00000m   54.1170u 
  850.00000m   63.2910u 
  900.00000m   72.7431u 
  950.00000m   82.3342u 
    1.00000    91.9015u 
y
 vth0_value= 256.9472m
 u0_param=  49.6269m
 ags_param= 417.7555m
 
   *** monte carlo  index = 62 ***
x

 volt         param     
             i_d_0.6    
    0.        120.5337p 
   50.00000m  617.7266p 
  100.00000m    3.0645n 
  150.00000m   14.2417n 
  200.00000m   59.8331n 
  250.00000m  222.6325n 
  300.00000m  721.1209n 
  350.00000m    1.9482u 
  400.00000m    4.2851u 
  450.00000m    7.8660u 
  500.00000m   12.6086u 
  550.00000m   18.3641u 
  600.00000m   24.9952u 
  650.00000m   32.3880u 
  700.00000m   40.4427u 
  750.00000m   49.0652u 
  800.00000m   58.1595u 
  850.00000m   67.6206u 
  900.00000m   77.3243u 
  950.00000m   87.1204u 
    1.00000    96.8405u 
y
 vth0_value= 240.1779m
 u0_param=  49.9200m
 ags_param= 430.0093m
 
   *** monte carlo  index = 63 ***
x

 volt         param     
             i_d_0.6    
    0.        129.9063p 
   50.00000m  665.4616p 
  100.00000m    3.2966n 
  150.00000m   15.2811n 
  200.00000m   63.9750n 
  250.00000m  237.1075n 
  300.00000m  764.1907n 
  350.00000m    2.0514u 
  400.00000m    4.4836u 
  450.00000m    8.1887u 
  500.00000m   13.0772u 
  550.00000m   18.9955u 
  600.00000m   25.8036u 
  650.00000m   33.3848u 
  700.00000m   41.6373u 
  750.00000m   50.4648u 
  800.00000m   59.7694u 
  850.00000m   69.4436u 
  900.00000m   79.3612u 
  950.00000m   89.3696u 
    1.00000    99.2987u 
y
 vth0_value= 238.6705m
 u0_param=  51.0931m
 ags_param= 414.1368m
 
   *** monte carlo  index = 64 ***
x

 volt         param     
             i_d_0.6    
    0.        114.0433p 
   50.00000m  584.8296p 
  100.00000m    2.9062n 
  150.00000m   13.5452n 
  200.00000m   57.1355n 
  250.00000m  213.5357n 
  300.00000m  695.4263n 
  350.00000m    1.8919u 
  400.00000m    4.1903u 
  450.00000m    7.7344u 
  500.00000m   12.4463u 
  550.00000m   18.1770u 
  600.00000m   24.7881u 
  650.00000m   32.1646u 
  700.00000m   40.2061u 
  750.00000m   48.8184u 
  800.00000m   57.9056u 
  850.00000m   67.3630u 
  900.00000m   77.0676u 
  950.00000m   86.8701u 
    1.00000    96.6027u 
y
 vth0_value= 241.9349m
 u0_param=  50.0632m
 ags_param= 417.5791m
 
   *** monte carlo  index = 65 ***
x

 volt         param     
             i_d_0.6    
    0.         48.2046p 
   50.00000m  248.1671p 
  100.00000m    1.2573n 
  150.00000m    6.0787n 
  200.00000m   27.0637n 
  250.00000m  107.6182n 
  300.00000m  376.8703n 
  350.00000m    1.1285u 
  400.00000m    2.7699u 
  450.00000m    5.5708u 
  500.00000m    9.5444u 
  550.00000m   14.5654u 
  600.00000m   20.4908u 
  650.00000m   27.1992u 
  700.00000m   34.5884u 
  750.00000m   42.5660u 
  800.00000m   51.0417u 
  850.00000m   59.9202u 
  900.00000m   69.0931u 
  950.00000m   78.4287u 
    1.00000    87.7707u 
y
 vth0_value= 266.9830m
 u0_param=  48.7235m
 ags_param= 401.1753m
 
   *** monte carlo  index = 66 ***
x

 volt         param     
             i_d_0.6    
    0.         59.8915p 
   50.00000m  308.2302p 
  100.00000m    1.5542n 
  150.00000m    7.4442n 
  200.00000m   32.6658n 
  250.00000m  127.6817n 
  300.00000m  438.5663n 
  350.00000m    1.2799u 
  400.00000m    3.0517u 
  450.00000m    5.9858u 
  500.00000m   10.0679u 
  550.00000m   15.1673u 
  600.00000m   21.1459u 
  650.00000m   27.8872u 
  700.00000m   35.2923u 
  750.00000m   43.2709u 
  800.00000m   51.7330u 
  850.00000m   60.5829u 
  900.00000m   69.7098u 
  950.00000m   78.9789u 
    1.00000    88.2317u 
y
 vth0_value= 259.9155m
 u0_param=  47.9302m
 ags_param= 411.0756m
 
   *** monte carlo  index = 67 ***
x

 volt         param     
             i_d_0.6    
    0.         70.6856p 
   50.00000m  363.6696p 
  100.00000m    1.8281n 
  150.00000m    8.7029n 
  200.00000m   37.8418n 
  250.00000m  146.3476n 
  300.00000m  496.5220n 
  350.00000m    1.4254u 
  400.00000m    3.3381u 
  450.00000m    6.4486u 
  500.00000m   10.7253u 
  550.00000m   16.0302u 
  600.00000m   22.2230u 
  650.00000m   29.1861u 
  700.00000m   36.8195u 
  750.00000m   45.0305u 
  800.00000m   53.7273u 
  850.00000m   62.8112u 
  900.00000m   72.1676u 
  950.00000m   81.6577u 
    1.00000    91.1194u 
y
 vth0_value= 255.6192m
 u0_param=  48.9769m
 ags_param= 411.9302m
 
   *** monte carlo  index = 68 ***
x

 volt         param     
             i_d_0.6    
    0.        121.8835p 
   50.00000m  624.4571p 
  100.00000m    3.0959n 
  150.00000m   14.3708n 
  200.00000m   60.2817n 
  250.00000m  223.9257n 
  300.00000m  723.8248n 
  350.00000m    1.9504u 
  400.00000m    4.2789u 
  450.00000m    7.8389u 
  500.00000m   12.5476u 
  550.00000m   18.2579u 
  600.00000m   24.8347u 
  650.00000m   32.1654u 
  700.00000m   40.1515u 
  750.00000m   48.7000u 
  800.00000m   57.7156u 
  850.00000m   67.0937u 
  900.00000m   76.7110u 
  950.00000m   86.4173u 
    1.00000    96.0456u 
y
 vth0_value= 239.4931m
 u0_param=  49.3795m
 ags_param= 425.1408m
 
   *** monte carlo  index = 69 ***
x

 volt         param     
             i_d_0.6    
    0.        194.7933p 
   50.00000m  992.4283p 
  100.00000m    4.8539n 
  150.00000m   22.0159n 
  200.00000m   89.5825n 
  250.00000m  321.8099n 
  300.00000m  996.6844n 
  350.00000m    2.5462u 
  400.00000m    5.3096u 
  450.00000m    9.3507u 
  500.00000m   14.5521u 
  550.00000m   20.7595u 
  600.00000m   27.8381u 
  650.00000m   35.6750u 
  700.00000m   44.1697u 
  750.00000m   53.2252u 
  800.00000m   62.7409u 
  850.00000m   72.6046u 
  900.00000m   82.6828u 
  950.00000m   92.8151u 
    1.00000   102.8298u 
y
 vth0_value= 226.5395m
 u0_param=  51.1987m
 ags_param= 429.2956m
 
   *** monte carlo  index = 70 ***
x

 volt         param     
             i_d_0.6    
    0.         31.0754p 
   50.00000m  159.6284p 
  100.00000m  814.7175p 
  150.00000m    4.0019n 
  200.00000m   18.2825n 
  250.00000m   75.0809n 
  300.00000m  272.4434n 
  350.00000m  854.7192n 
  400.00000m    2.2176u 
  450.00000m    4.6903u 
  500.00000m    8.3480u 
  550.00000m   13.0862u 
  600.00000m   18.7595u 
  650.00000m   25.2400u 
  700.00000m   32.4214u 
  750.00000m   40.2096u 
  800.00000m   48.5150u 
  850.00000m   57.2447u 
  900.00000m   66.2952u 
  950.00000m   75.5426u 
    1.00000    84.8367u 
y
 vth0_value= 280.4317m
 u0_param=  48.9885m
 ags_param= 411.4417m
 
   *** monte carlo  index = 71 ***
x

 volt         param     
             i_d_0.6    
    0.         35.3735p 
   50.00000m  181.8322p 
  100.00000m  925.5151p 
  150.00000m    4.5196n 
  200.00000m   20.4488n 
  250.00000m   82.9512n 
  300.00000m  297.0081n 
  350.00000m  915.8596n 
  400.00000m    2.3270u 
  450.00000m    4.8273u 
  500.00000m    8.4667u 
  550.00000m   13.1371u 
  600.00000m   18.6999u 
  650.00000m   25.0351u 
  700.00000m   32.0422u 
  750.00000m   39.6315u 
  800.00000m   47.7163u 
  850.00000m   56.2059u 
  900.00000m   64.9977u 
  950.00000m   73.9676u 
    1.00000    82.9658u 
y
 vth0_value= 275.2188m
 u0_param=  47.0534m
 ags_param= 405.0954m
 
   *** monte carlo  index = 72 ***
x

 volt         param     
             i_d_0.6    
    0.         92.8578p 
   50.00000m  476.9716p 
  100.00000m    2.3823n 
  150.00000m   11.2064n 
  200.00000m   47.8853n 
  250.00000m  181.5637n 
  300.00000m  601.7808n 
  350.00000m    1.6751u 
  400.00000m    3.7971u 
  450.00000m    7.1409u 
  500.00000m   11.6473u 
  550.00000m   17.1719u 
  600.00000m   23.5764u 
  650.00000m   30.7452u 
  700.00000m   38.5786u 
  750.00000m   46.9838u 
  800.00000m   55.8669u 
  850.00000m   65.1261u 
  900.00000m   74.6426u 
  950.00000m   84.2716u 
    1.00000    93.8482u 
y
 vth0_value= 247.6608m
 u0_param=  49.3580m
 ags_param= 415.1413m
 
   *** monte carlo  index = 73 ***
x

 volt         param     
             i_d_0.6    
    0.         52.8583p 
   50.00000m  272.0759p 
  100.00000m    1.3754n 
  150.00000m    6.6205n 
  200.00000m   29.2749n 
  250.00000m  115.4659n 
  300.00000m  400.6954n 
  350.00000m    1.1855u 
  400.00000m    2.8701u 
  450.00000m    5.7039u 
  500.00000m    9.6870u 
  550.00000m   14.6929u 
  600.00000m   20.5827u 
  650.00000m   27.2388u 
  700.00000m   34.5618u 
  750.00000m   42.4613u 
  800.00000m   50.8480u 
  850.00000m   59.6274u 
  900.00000m   68.6906u 
  950.00000m   77.9053u 
    1.00000    87.1148u 
y
 vth0_value= 263.6072m
 u0_param=  47.8225m
 ags_param= 406.3311m
 
   *** monte carlo  index = 74 ***
x

 volt         param     
             i_d_0.6    
    0.        126.0348p 
   50.00000m  645.6527p 
  100.00000m    3.1994n 
  150.00000m   14.8388n 
  200.00000m   62.1709n 
  250.00000m  230.6305n 
  300.00000m  744.2060n 
  350.00000m    2.0008u 
  400.00000m    4.3799u 
  450.00000m    8.0096u 
  500.00000m   12.8038u 
  550.00000m   18.6125u 
  600.00000m   25.2985u 
  650.00000m   32.7472u 
  700.00000m   40.8589u 
  750.00000m   49.5389u 
  800.00000m   58.6907u 
  850.00000m   68.2082u 
  900.00000m   77.9666u 
  950.00000m   87.8144u 
    1.00000    97.5828u 
y
 vth0_value= 238.9889m
 u0_param=  50.1595m
 ags_param= 429.4737m
 
   *** monte carlo  index = 75 ***
x

 volt         param     
             i_d_0.6    
    0.        147.2271p 
   50.00000m  753.0320p 
  100.00000m    3.7163n 
  150.00000m   17.1133n 
  200.00000m   71.0157n 
  250.00000m  260.6654n 
  300.00000m  829.9632n 
  350.00000m    2.1939u 
  400.00000m    4.7240u 
  450.00000m    8.5277u 
  500.00000m   13.5058u 
  550.00000m   19.5047u 
  600.00000m   26.3862u 
  650.00000m   34.0352u 
  700.00000m   42.3506u 
  750.00000m   51.2360u 
  800.00000m   60.5928u 
  850.00000m   70.3122u 
  900.00000m   80.2659u 
  950.00000m   90.2988u 
    1.00000   100.2400u 
y
 vth0_value= 234.8634m
 u0_param=  51.0278m
 ags_param= 425.8260m
 
   *** monte carlo  index = 76 ***
x

 volt         param     
             i_d_0.6    
    0.         53.2550p 
   50.00000m  274.1424p 
  100.00000m    1.3859n 
  150.00000m    6.6714n 
  200.00000m   29.5013n 
  250.00000m  116.3648n 
  300.00000m  403.8282n 
  350.00000m    1.1948u 
  400.00000m    2.8927u 
  450.00000m    5.7490u 
  500.00000m    9.7635u 
  550.00000m   14.8087u 
  600.00000m   20.7443u 
  650.00000m   27.4516u 
  700.00000m   34.8304u 
  750.00000m   42.7895u 
  800.00000m   51.2392u 
  850.00000m   60.0841u 
  900.00000m   69.2146u 
  950.00000m   78.4978u 
    1.00000    87.7761u 
y
 vth0_value= 263.6380m
 u0_param=  48.2069m
 ags_param= 416.3440m
 
   *** monte carlo  index = 77 ***
x

 volt         param     
             i_d_0.6    
    0.         44.6095p 
   50.00000m  229.6278p 
  100.00000m    1.1650n 
  150.00000m    5.6493n 
  200.00000m   25.2697n 
  250.00000m  101.0571n 
  300.00000m  356.1426n 
  350.00000m    1.0754u 
  400.00000m    2.6654u 
  450.00000m    5.4070u 
  500.00000m    9.3235u 
  550.00000m   14.2928u 
  600.00000m   20.1715u 
  650.00000m   26.8370u 
  700.00000m   34.1867u 
  750.00000m   42.1280u 
  800.00000m   50.5709u 
  850.00000m   59.4204u 
  900.00000m   68.5690u 
  950.00000m   77.8864u 
    1.00000    87.2168u 
y
 vth0_value= 269.3279m
 u0_param=  48.7331m
 ags_param= 413.1625m
 
   *** monte carlo  index = 78 ***
x

 volt         param     
             i_d_0.6    
    0.         95.0601p 
   50.00000m  487.9601p 
  100.00000m    2.4335n 
  150.00000m   11.4161n 
  200.00000m   48.5966n 
  250.00000m  183.4967n 
  300.00000m  605.2176n 
  350.00000m    1.6739u 
  400.00000m    3.7698u 
  450.00000m    7.0531u 
  500.00000m   11.4623u 
  550.00000m   16.8581u 
  600.00000m   23.1074u 
  650.00000m   30.0996u 
  700.00000m   37.7383u 
  750.00000m   45.9334u 
  800.00000m   54.5935u 
  850.00000m   63.6186u 
  900.00000m   72.8912u 
  950.00000m   82.2677u 
    1.00000    91.5853u 
y
 vth0_value= 245.9409m
 u0_param=  47.8220m
 ags_param= 416.6985m
 
   *** monte carlo  index = 79 ***
x

 volt         param     
             i_d_0.6    
    0.         79.5361p 
   50.00000m  409.0831p 
  100.00000m    2.0520n 
  150.00000m    9.7297n 
  200.00000m   42.0534n 
  250.00000m  161.5137n 
  300.00000m  543.5214n 
  350.00000m    1.5435u 
  400.00000m    3.5727u 
  450.00000m    6.8349u 
  500.00000m   11.2863u 
  550.00000m   16.7829u 
  600.00000m   23.1811u 
  650.00000m   30.3614u 
  700.00000m   38.2215u 
  750.00000m   46.6667u 
  800.00000m   55.6027u 
  850.00000m   64.9279u 
  900.00000m   74.5250u 
  950.00000m   84.2513u 
    1.00000    93.9420u 
y
 vth0_value= 252.8595m
 u0_param=  50.1991m
 ags_param= 412.9986m
 
   *** monte carlo  index = 80 ***
x

 volt         param     
             i_d_0.6    
    0.         34.9343p 
   50.00000m  179.5953p 
  100.00000m  914.6998p 
  150.00000m    4.4723n 
  200.00000m   20.2755n 
  250.00000m   82.4543n 
  300.00000m  296.0205n 
  350.00000m  915.9671n 
  400.00000m    2.3369u 
  450.00000m    4.8662u 
  500.00000m    8.5589u 
  550.00000m   13.3055u 
  600.00000m   18.9639u 
  650.00000m   25.4107u 
  700.00000m   32.5426u 
  750.00000m   40.2681u 
  800.00000m   48.4985u 
  850.00000m   57.1418u 
  900.00000m   66.0942u 
  950.00000m   75.2305u 
    1.00000    84.3997u 
y
 vth0_value= 276.2881m
 u0_param=  48.0816m
 ags_param= 410.9995m
 
   *** monte carlo  index = 81 ***
x

 volt         param     
             i_d_0.6    
    0.         33.4323p 
   50.00000m  171.8088p 
  100.00000m  875.5413p 
  150.00000m    4.2864n 
  200.00000m   19.4751n 
  250.00000m   79.4185n 
  300.00000m  285.9942n 
  350.00000m  888.4803n 
  400.00000m    2.2778u 
  450.00000m    4.7643u 
  500.00000m    8.4083u 
  550.00000m   13.1033u 
  600.00000m   18.7079u 
  650.00000m   25.0989u 
  700.00000m   32.1735u 
  750.00000m   39.8404u 
  800.00000m   48.0116u 
  850.00000m   56.5957u 
  900.00000m   65.4897u 
  950.00000m   74.5696u 
    1.00000    83.6854u 
y
 vth0_value= 277.4441m
 u0_param=  47.8188m
 ags_param= 410.9022m
 
   *** monte carlo  index = 82 ***
x

 volt         param     
             i_d_0.6    
    0.        138.9459p 
   50.00000m  711.1632p 
  100.00000m    3.5156n 
  150.00000m   16.2367n 
  200.00000m   67.6413n 
  250.00000m  249.3456n 
  300.00000m  798.2259n 
  350.00000m    2.1245u 
  400.00000m    4.6047u 
  450.00000m    8.3550u 
  500.00000m   13.2807u 
  550.00000m   19.2288u 
  600.00000m   26.0604u 
  650.00000m   33.6602u 
  700.00000m   41.9271u 
  750.00000m   50.7649u 
  800.00000m   60.0756u 
  850.00000m   69.7513u 
  900.00000m   79.6647u 
  950.00000m   89.6623u 
    1.00000    99.5737u 
y
 vth0_value= 236.5388m
 u0_param=  50.9218m
 ags_param= 415.5678m
 
   *** monte carlo  index = 83 ***
x

 volt         param     
             i_d_0.6    
    0.        105.1672p 
   50.00000m  539.6788p 
  100.00000m    2.6872n 
  150.00000m   12.5702n 
  200.00000m   53.2910n 
  250.00000m  200.2862n 
  300.00000m  656.7803n 
  350.00000m    1.8028u 
  400.00000m    4.0288u 
  450.00000m    7.4900u 
  500.00000m   12.1154u 
  550.00000m   17.7583u 
  600.00000m   24.2803u 
  650.00000m   31.5663u 
  700.00000m   39.5165u 
  750.00000m   48.0373u 
  800.00000m   57.0338u 
  850.00000m   66.4024u 
  900.00000m   76.0219u 
  950.00000m   85.7448u 
    1.00000    95.4046u 
y
 vth0_value= 244.1500m
 u0_param=  49.7182m
 ags_param= 416.5635m
 
   *** monte carlo  index = 84 ***
x

 volt         param     
             i_d_0.6    
    0.         57.3802p 
   50.00000m  295.3580p 
  100.00000m    1.4909n 
  150.00000m    7.1559n 
  200.00000m   31.5002n 
  250.00000m  123.5827n 
  300.00000m  426.2715n 
  350.00000m    1.2510u 
  400.00000m    3.0013u 
  450.00000m    5.9182u 
  500.00000m    9.9928u 
  550.00000m   15.0948u 
  600.00000m   21.0845u 
  650.00000m   27.8439u 
  700.00000m   35.2732u 
  750.00000m   43.2810u 
  800.00000m   51.7772u 
  850.00000m   60.6658u 
  900.00000m   69.8361u 
  950.00000m   79.1534u 
    1.00000    88.4592u 
y
 vth0_value= 261.4369m
 u0_param=  48.2775m
 ags_param= 420.8747m
 
   *** monte carlo  index = 85 ***
x

 volt         param     
             i_d_0.6    
    0.         96.1342p 
   50.00000m  493.6256p 
  100.00000m    2.4629n 
  150.00000m   11.5637n 
  200.00000m   49.2805n 
  250.00000m  186.2990n 
  300.00000m  615.2838n 
  350.00000m    1.7047u 
  400.00000m    3.8459u 
  450.00000m    7.2049u 
  500.00000m   11.7193u 
  550.00000m   17.2453u 
  600.00000m   23.6455u 
  650.00000m   30.8057u 
  700.00000m   38.6268u 
  750.00000m   47.0164u 
  800.00000m   55.8808u 
  850.00000m   65.1182u 
  900.00000m   74.6094u 
  950.00000m   84.2090u 
    1.00000    93.7520u 
y
 vth0_value= 246.4610m
 u0_param=  49.1172m
 ags_param= 422.1344m
 
   *** monte carlo  index = 86 ***
x

 volt         param     
             i_d_0.6    
    0.         66.8735p 
   50.00000m  344.1584p 
  100.00000m    1.7324n 
  150.00000m    8.2688n 
  200.00000m   36.0939n 
  250.00000m  140.2127n 
  300.00000m  478.1645n 
  350.00000m    1.3821u 
  400.00000m    3.2609u 
  450.00000m    6.3388u 
  500.00000m   10.5905u 
  550.00000m   15.8789u 
  600.00000m   22.0623u 
  650.00000m   29.0217u 
  700.00000m   36.6561u 
  750.00000m   44.8727u 
  800.00000m   53.5791u 
  850.00000m   62.6769u 
  900.00000m   72.0522u 
  950.00000m   81.5665u 
    1.00000    91.0582u 
y
 vth0_value= 257.4387m
 u0_param=  49.2088m
 ags_param= 416.7712m
 
   *** monte carlo  index = 87 ***
x

 volt         param     
             i_d_0.6    
    0.        122.9514p 
   50.00000m  630.1667p 
  100.00000m    3.1262n 
  150.00000m   14.5279n 
  200.00000m   61.0307n 
  250.00000m  227.0557n 
  300.00000m  735.2689n 
  350.00000m    1.9858u 
  400.00000m    4.3661u 
  450.00000m    8.0121u 
  500.00000m   12.8387u 
  550.00000m   18.6939u 
  600.00000m   25.4376u 
  650.00000m   32.9534u 
  700.00000m   41.1398u 
  750.00000m   49.9010u 
  800.00000m   59.1397u 
  850.00000m   68.7494u 
  900.00000m   78.6050u 
  950.00000m   88.5552u 
    1.00000    98.4305u 
y
 vth0_value= 240.1587m
 u0_param=  50.8276m
 ags_param= 416.5101m
 
   *** monte carlo  index = 88 ***
x

 volt         param     
             i_d_0.6    
    0.         71.4038p 
   50.00000m  367.4294p 
  100.00000m    1.8474n 
  150.00000m    8.7977n 
  200.00000m   38.2729n 
  250.00000m  148.0924n 
  300.00000m  502.7169n 
  350.00000m    1.4442u 
  400.00000m    3.3847u 
  450.00000m    6.5424u 
  500.00000m   10.8853u 
  550.00000m   16.2727u 
  600.00000m   22.5613u 
  650.00000m   29.6315u 
  700.00000m   37.3811u 
  750.00000m   45.7161u 
  800.00000m   54.5431u 
  850.00000m   63.7622u 
  900.00000m   73.2579u 
  950.00000m   82.8900u 
    1.00000    92.4955u 
y
 vth0_value= 255.8578m
 u0_param=  49.8145m
 ags_param= 412.6639m
 
   *** monte carlo  index = 89 ***
x

 volt         param     
             i_d_0.6    
    0.         33.6041p 
   50.00000m  172.6921p 
  100.00000m  879.9043p 
  150.00000m    4.3064n 
  200.00000m   19.5554n 
  250.00000m   79.6928n 
  300.00000m  286.7750n 
  350.00000m  890.0807n 
  400.00000m    2.2793u 
  450.00000m    4.7626u 
  500.00000m    8.3989u 
  550.00000m   13.0816u 
  600.00000m   18.6701u 
  650.00000m   25.0420u 
  700.00000m   32.0949u 
  750.00000m   39.7380u 
  800.00000m   47.8835u 
  850.00000m   56.4403u 
  900.00000m   65.3056u 
  950.00000m   74.3555u 
    1.00000    83.4401u 
y
 vth0_value= 277.1586m
 u0_param=  47.6244m
 ags_param= 411.8200m
 
   *** monte carlo  index = 90 ***
x

 volt         param     
             i_d_0.6    
    0.        131.7613p 
   50.00000m  674.4446p 
  100.00000m    3.3359n 
  150.00000m   15.4213n 
  200.00000m   64.3309n 
  250.00000m  237.5175n 
  300.00000m  761.9527n 
  350.00000m    2.0333u 
  400.00000m    4.4189u 
  450.00000m    8.0355u 
  500.00000m   12.7943u 
  550.00000m   18.5482u 
  600.00000m   25.1634u 
  650.00000m   32.5284u 
  700.00000m   40.5451u 
  750.00000m   49.1207u 
  800.00000m   58.1595u 
  850.00000m   67.5564u 
  900.00000m   77.1864u 
  950.00000m   86.8982u 
    1.00000    96.5244u 
y
 vth0_value= 237.0892m
 u0_param=  49.2888m
 ags_param= 429.6881m
 
   *** monte carlo  index = 91 ***
x

 volt         param     
             i_d_0.6    
    0.        146.2560p 
   50.00000m  747.9215p 
  100.00000m    3.6899n 
  150.00000m   16.9826n 
  200.00000m   70.4254n 
  250.00000m  258.3193n 
  300.00000m  821.8094n 
  350.00000m    2.1701u 
  400.00000m    4.6683u 
  450.00000m    8.4211u 
  500.00000m   13.3311u 
  550.00000m   19.2475u 
  600.00000m   26.0345u 
  650.00000m   33.5791u 
  700.00000m   41.7820u 
  750.00000m   50.5481u 
  800.00000m   59.7800u 
  850.00000m   69.3702u 
  900.00000m   79.1910u 
  950.00000m   89.0883u 
    1.00000    98.8925u 
y
 vth0_value= 234.5573m
 u0_param=  50.2317m
 ags_param= 427.3504m
 
   *** monte carlo  index = 92 ***
x

 volt         param     
             i_d_0.6    
    0.         67.8036p 
   50.00000m  348.8734p 
  100.00000m    1.7550n 
  150.00000m    8.3675n 
  200.00000m   36.4636n 
  250.00000m  141.3781n 
  300.00000m  481.0970n 
  350.00000m    1.3866u 
  400.00000m    3.2614u 
  450.00000m    6.3234u 
  500.00000m   10.5453u 
  550.00000m   15.7913u 
  600.00000m   21.9218u 
  650.00000m   28.8199u 
  700.00000m   36.3859u 
  750.00000m   44.5281u 
  800.00000m   53.1550u 
  850.00000m   62.1688u 
  900.00000m   71.4560u 
  950.00000m   80.8785u 
    1.00000    90.2754u 
y
 vth0_value= 256.6442m
 u0_param=  48.6301m
 ags_param= 419.3115m
 
   *** monte carlo  index = 93 ***
x

 volt         param     
             i_d_0.6    
    0.         77.1944p 
   50.00000m  397.0867p 
  100.00000m    1.9931n 
  150.00000m    9.4609n 
  200.00000m   40.9608n 
  250.00000m  157.6223n 
  300.00000m  531.6399n 
  350.00000m    1.5143u 
  400.00000m    3.5166u 
  450.00000m    6.7457u 
  500.00000m   11.1612u 
  550.00000m   16.6200u 
  600.00000m   22.9793u 
  650.00000m   30.1197u 
  700.00000m   37.9390u 
  750.00000m   46.3430u 
  800.00000m   55.2378u 
  850.00000m   64.5222u 
  900.00000m   74.0795u 
  950.00000m   83.7675u 
    1.00000    93.4219u 
y
 vth0_value= 253.6337m
 u0_param=  50.0040m
 ags_param= 422.3570m
 
   *** monte carlo  index = 94 ***
x

 volt         param     
             i_d_0.6    
    0.        168.4271p 
   50.00000m  859.4851p 
  100.00000m    4.2197n 
  150.00000m   19.2619n 
  200.00000m   79.0226n 
  250.00000m  286.4703n 
  300.00000m  897.8198n 
  350.00000m    2.3271u 
  400.00000m    4.9186u 
  450.00000m    8.7529u 
  500.00000m   13.7239u 
  550.00000m   19.6824u 
  600.00000m   26.4964u 
  650.00000m   34.0556u 
  700.00000m   42.2621u 
  750.00000m   51.0218u 
  800.00000m   60.2372u 
  850.00000m   69.7996u 
  900.00000m   79.5799u 
  950.00000m   89.4217u 
    1.00000    99.1566u 
y
 vth0_value= 229.9693m
 u0_param=  49.7067m
 ags_param= 423.7694m
 
   *** monte carlo  index = 95 ***
x

 volt         param     
             i_d_0.6    
    0.         47.2193p 
   50.00000m  243.0514p 
  100.00000m    1.2315n 
  150.00000m    5.9552n 
  200.00000m   26.5236n 
  250.00000m  105.5209n 
  300.00000m  369.7424n 
  350.00000m    1.1081u 
  400.00000m    2.7223u 
  450.00000m    5.4797u 
  500.00000m    9.3950u 
  550.00000m   14.3452u 
  600.00000m   20.1896u 
  650.00000m   26.8088u 
  700.00000m   34.1019u 
  750.00000m   41.9779u 
  800.00000m   50.3477u 
  850.00000m   59.1170u 
  900.00000m   68.1782u 
  950.00000m   77.4006u 
    1.00000    86.6285u 
y
 vth0_value= 267.1610m
 u0_param=  48.0502m
 ags_param= 416.0581m
 
   *** monte carlo  index = 96 ***
x

 volt         param     
             i_d_0.6    
    0.         32.4637p 
   50.00000m  166.7821p 
  100.00000m  850.2092p 
  150.00000m    4.1657n 
  200.00000m   18.9517n 
  250.00000m   77.4156n 
  300.00000m  279.3071n 
  350.00000m  869.8438n 
  400.00000m    2.2367u 
  450.00000m    4.6914u 
  500.00000m    8.2975u 
  550.00000m   12.9505u 
  600.00000m   18.5100u 
  650.00000m   24.8533u 
  700.00000m   31.8779u 
  750.00000m   39.4932u 
  800.00000m   47.6115u 
  850.00000m   56.1421u 
  900.00000m   64.9827u 
  950.00000m   74.0099u 
    1.00000    83.0746u 
y
 vth0_value= 278.1540m
 u0_param=  47.5485m
 ags_param= 413.1308m
 
   *** monte carlo  index = 97 ***
x

 volt         param     
             i_d_0.6    
    0.         96.7598p 
   50.00000m  496.9957p 
  100.00000m    2.4811n 
  150.00000m   11.6602n 
  200.00000m   49.7571n 
  250.00000m  188.3644n 
  300.00000m  623.1023n 
  350.00000m    1.7299u 
  400.00000m    3.9110u 
  450.00000m    7.3389u 
  500.00000m   11.9503u 
  550.00000m   17.5972u 
  600.00000m   24.1381u 
  650.00000m   31.4552u 
  700.00000m   39.4469u 
  750.00000m   48.0184u 
  800.00000m   57.0741u 
  850.00000m   66.5104u 
  900.00000m   76.2067u 
  950.00000m   86.0163u 
    1.00000    95.7720u 
y
 vth0_value= 247.0664m
 u0_param=  50.3590m
 ags_param= 423.0331m
 
   *** monte carlo  index = 98 ***
x

 volt         param     
             i_d_0.6    
    0.         40.8103p 
   50.00000m  210.0478p 
  100.00000m    1.0678n 
  150.00000m    5.1982n 
  200.00000m   23.3998n 
  250.00000m   94.3116n 
  300.00000m  335.2316n 
  350.00000m    1.0238u 
  400.00000m    2.5712u 
  450.00000m    5.2777u 
  500.00000m    9.1813u 
  550.00000m   14.1617u 
  600.00000m   20.0718u 
  650.00000m   26.7855u 
  700.00000m   34.1971u 
  750.00000m   42.2122u 
  800.00000m   50.7395u 
  850.00000m   59.6836u 
  900.00000m   68.9369u 
  950.00000m   78.3697u 
    1.00000    87.8268u 
y
 vth0_value= 272.5814m
 u0_param=  49.6040m
 ags_param= 413.9142m
 
   *** monte carlo  index = 99 ***
x

 volt         param     
             i_d_0.6    
    0.        198.3293p 
   50.00000m    1.0099n 
  100.00000m    4.9342n 
  150.00000m   22.3411n 
  200.00000m   90.7079n 
  250.00000m  325.0863n 
  300.00000m    1.0038u 
  350.00000m    2.5549u 
  400.00000m    5.3100u 
  450.00000m    9.3279u 
  500.00000m   14.4914u 
  550.00000m   20.6483u 
  600.00000m   27.6660u 
  650.00000m   35.4334u 
  700.00000m   43.8513u 
  750.00000m   52.8235u 
  800.00000m   62.2505u 
  850.00000m   72.0206u 
  900.00000m   82.0007u 
  950.00000m   92.0312u 
    1.00000   101.9418u 
y
 vth0_value= 225.6134m
 u0_param=  50.5920m
 ags_param= 417.5338m
 
   *** monte carlo  index = 100 ***
x

 volt         param     
             i_d_0.6    
    0.         28.9862p 
   50.00000m  148.7630p 
  100.00000m  759.7116p 
  150.00000m    3.7374n 
  200.00000m   17.1197n 
  250.00000m   70.5497n 
  300.00000m  256.9926n 
  350.00000m  810.3028n 
  400.00000m    2.1155u 
  450.00000m    4.5007u 
  500.00000m    8.0475u 
  550.00000m   12.6571u 
  600.00000m   18.1877u 
  650.00000m   24.5137u 
  700.00000m   31.5307u 
  750.00000m   39.1465u 
  800.00000m   47.2733u 
  850.00000m   55.8202u 
  900.00000m   64.6857u 
  950.00000m   73.7482u 
    1.00000    82.8597u 
y
 vth0_value= 281.8832m
 u0_param=  47.9841m
 ags_param= 410.2153m
 
   *** monte carlo  index = 101 ***
x

 volt         param     
             i_d_0.6    
    0.        114.2471p 
   50.00000m  585.6899p 
  100.00000m    2.9086n 
  150.00000m   13.5421n 
  200.00000m   57.0399n 
  250.00000m  212.8488n 
  300.00000m  691.9121n 
  350.00000m    1.8779u 
  400.00000m    4.1496u 
  450.00000m    7.6456u 
  500.00000m   12.2882u 
  550.00000m   17.9318u 
  600.00000m   24.4411u 
  650.00000m   31.7036u 
  700.00000m   39.6210u 
  750.00000m   48.1006u 
  800.00000m   57.0480u 
  850.00000m   66.3598u 
  900.00000m   75.9137u 
  950.00000m   85.5615u 
    1.00000    95.1370u 
y
 vth0_value= 241.2850m
 u0_param=  49.1422m
 ags_param= 417.9391m
 
   *** monte carlo  index = 102 ***
x

 volt         param     
             i_d_0.6    
    0.         56.6246p 
   50.00000m  291.4661p 
  100.00000m    1.4716n 
  150.00000m    7.0662n 
  200.00000m   31.1263n 
  250.00000m  122.2129n 
  300.00000m  421.9304n 
  350.00000m    1.2398u 
  400.00000m    2.9784u 
  450.00000m    5.8799u 
  500.00000m    9.9366u 
  550.00000m   15.0192u 
  600.00000m   20.9880u 
  650.00000m   27.7253u 
  700.00000m   35.1314u 
  750.00000m   43.1152u 
  800.00000m   51.5868u 
  850.00000m   60.4505u 
  900.00000m   69.5959u 
  950.00000m   78.8890u 
    1.00000    88.1714u 
y
 vth0_value= 261.7591m
 u0_param=  48.1614m
 ags_param= 416.0844m
 
   *** monte carlo  index = 103 ***
x

 volt         param     
             i_d_0.6    
    0.         49.7513p 
   50.00000m  256.0589p 
  100.00000m    1.2957n 
  150.00000m    6.2497n 
  200.00000m   27.7232n 
  250.00000m  109.7632n 
  300.00000m  382.5561n 
  350.00000m    1.1384u 
  400.00000m    2.7742u 
  450.00000m    5.5449u 
  500.00000m    9.4573u 
  550.00000m   14.3882u 
  600.00000m   20.1996u 
  650.00000m   26.7745u 
  700.00000m   34.0140u 
  750.00000m   41.8284u 
  800.00000m   50.1294u 
  850.00000m   58.8233u 
  900.00000m   67.8025u 
  950.00000m   76.9359u 
    1.00000    86.0679u 
y
 vth0_value= 265.1602m
 u0_param=  47.4160m
 ags_param= 420.5532m
 
   *** monte carlo  index = 104 ***
x

 volt         param     
             i_d_0.6    
    0.         90.6913p 
   50.00000m  466.0101p 
  100.00000m    2.3298n 
  150.00000m   10.9778n 
  200.00000m   47.0222n 
  250.00000m  178.7685n 
  300.00000m  594.3908n 
  350.00000m    1.6614u 
  400.00000m    3.7821u 
  450.00000m    7.1371u 
  500.00000m   11.6695u 
  550.00000m   17.2333u 
  600.00000m   23.6878u 
  650.00000m   30.9153u 
  700.00000m   38.8150u 
  750.00000m   47.2927u 
  800.00000m   56.2537u 
  850.00000m   65.5959u 
  900.00000m   75.2000u 
  950.00000m   84.9213u 
    1.00000    94.5941u 
y
 vth0_value= 248.7549m
 u0_param=  49.9531m
 ags_param= 411.6728m
 
   *** monte carlo  index = 105 ***
x

 volt         param     
             i_d_0.6    
    0.         52.4318p 
   50.00000m  269.9469p 
  100.00000m    1.3655n 
  150.00000m    6.5810n 
  200.00000m   29.1542n 
  250.00000m  115.2400n 
  300.00000m  400.8618n 
  350.00000m    1.1897u 
  400.00000m    2.8904u 
  450.00000m    5.7616u 
  500.00000m    9.8062u 
  550.00000m   14.8953u 
  600.00000m   20.8863u 
  650.00000m   27.6585u 
  700.00000m   35.1099u 
  750.00000m   43.1482u 
  800.00000m   51.6825u 
  850.00000m   60.6168u 
  900.00000m   69.8411u 
  950.00000m   79.2223u 
    1.00000    88.6024u 
y
 vth0_value= 264.5263m
 u0_param=  48.8421m
 ags_param= 406.4068m
 
   *** monte carlo  index = 106 ***
x

 volt         param     
             i_d_0.6    
    0.        210.6820p 
   50.00000m    1.0721n 
  100.00000m    5.2300n 
  150.00000m   23.6207n 
  200.00000m   95.5963n 
  250.00000m  341.3830n 
  300.00000m    1.0491u 
  350.00000m    2.6553u 
  400.00000m    5.4902u 
  450.00000m    9.6061u 
  500.00000m   14.8812u 
  550.00000m   21.1606u 
  600.00000m   28.3101u 
  650.00000m   36.2171u 
  700.00000m   44.7809u 
  750.00000m   53.9040u 
  800.00000m   63.4851u 
  850.00000m   73.4108u 
  900.00000m   83.5459u 
  950.00000m   93.7285u 
    1.00000   103.7865u 
y
 vth0_value= 224.2890m
 u0_param=  51.3789m
 ags_param= 432.2825m
 
   *** monte carlo  index = 107 ***
x

 volt         param     
             i_d_0.6    
    0.         54.8058p 
   50.00000m  282.2186p 
  100.00000m    1.4269n 
  150.00000m    6.8698n 
  200.00000m   30.3844n 
  250.00000m  119.8676n 
  300.00000m  416.0162n 
  350.00000m    1.2309u 
  400.00000m    2.9803u 
  450.00000m    5.9230u 
  500.00000m   10.0579u 
  550.00000m   15.2528u 
  600.00000m   21.3622u 
  650.00000m   28.2634u 
  700.00000m   35.8531u 
  750.00000m   44.0370u 
  800.00000m   52.7230u 
  850.00000m   61.8133u 
  900.00000m   71.1960u 
  950.00000m   80.7359u 
    1.00000    90.2728u 
y
 vth0_value= 263.7429m
 u0_param=  49.6915m
 ags_param= 429.2678m
 
   *** monte carlo  index = 108 ***
x

 volt         param     
             i_d_0.6    
    0.        128.4752p 
   50.00000m  658.0588p 
  100.00000m    3.2595n 
  150.00000m   15.1062n 
  200.00000m   63.2268n 
  250.00000m  234.2809n 
  300.00000m  754.9016n 
  350.00000m    2.0259u 
  400.00000m    4.4266u 
  450.00000m    8.0834u 
  500.00000m   12.9083u 
  550.00000m   18.7504u 
  600.00000m   25.4718u 
  650.00000m   32.9578u 
  700.00000m   41.1081u 
  750.00000m   49.8277u 
  800.00000m   59.0197u 
  850.00000m   68.5776u 
  900.00000m   78.3760u 
  950.00000m   88.2632u 
    1.00000    98.0700u 
y
 vth0_value= 238.5501m
 u0_param=  50.3758m
 ags_param= 421.8522m
 
   *** monte carlo  index = 109 ***
x

 volt         param     
             i_d_0.6    
    0.        123.3158p 
   50.00000m  631.9124p 
  100.00000m    3.1337n 
  150.00000m   14.5525n 
  200.00000m   61.0784n 
  250.00000m  227.0121n 
  300.00000m  734.2649n 
  350.00000m    1.9801u 
  400.00000m    4.3473u 
  450.00000m    7.9685u 
  500.00000m   12.7590u 
  550.00000m   18.5685u 
  600.00000m   25.2585u 
  650.00000m   32.7141u 
  700.00000m   40.8349u 
  750.00000m   49.5259u 
  800.00000m   58.6906u 
  850.00000m   68.2230u 
  900.00000m   77.9986u 
  950.00000m   87.8664u 
    1.00000    97.6577u 
y
 vth0_value= 239.7537m
 u0_param=  50.3296m
 ags_param= 418.1002m
 
   *** monte carlo  index = 110 ***
x

 volt         param     
             i_d_0.6    
    0.        118.6040p 
   50.00000m  608.0554p 
  100.00000m    3.0190n 
  150.00000m   14.0503n 
  200.00000m   59.1435n 
  250.00000m  220.5293n 
  300.00000m  716.1351n 
  350.00000m    1.9411u 
  400.00000m    4.2831u 
  450.00000m    7.8822u 
  500.00000m   12.6566u 
  550.00000m   18.4557u 
  600.00000m   25.1400u 
  650.00000m   32.5936u 
  700.00000m   40.7156u 
  750.00000m   49.4108u 
  800.00000m   58.5825u 
  850.00000m   68.1250u 
  900.00000m   77.9143u 
  950.00000m   87.7999u 
    1.00000    97.6132u 
y
 vth0_value= 241.0343m
 u0_param=  50.5003m
 ags_param= 415.5879m
 
   *** monte carlo  index = 111 ***
x

 volt         param     
             i_d_0.6    
    0.         34.8743p 
   50.00000m  179.3214p 
  100.00000m  913.7247p 
  150.00000m    4.4714n 
  200.00000m   20.3003n 
  250.00000m   82.7007n 
  300.00000m  297.4580n 
  350.00000m  922.5988n 
  400.00000m    2.3606u 
  450.00000m    4.9282u 
  500.00000m    8.6845u 
  550.00000m   13.5181u 
  600.00000m   19.2830u 
  650.00000m   25.8524u 
  700.00000m   33.1204u 
  750.00000m   40.9932u 
  800.00000m   49.3804u 
  850.00000m   58.1882u 
  900.00000m   67.3116u 
  950.00000m   76.6243u 
    1.00000    85.9738u 
y
 vth0_value= 277.0491m
 u0_param=  49.1615m
 ags_param= 415.2205m
 
   *** monte carlo  index = 112 ***
x

 volt         param     
             i_d_0.6    
    0.         75.4649p 
   50.00000m  388.1374p 
  100.00000m    1.9482n 
  150.00000m    9.2487n 
  200.00000m   40.0483n 
  250.00000m  154.1457n 
  300.00000m  520.0903n 
  350.00000m    1.4821u 
  400.00000m    3.4437u 
  450.00000m    6.6091u 
  500.00000m   10.9398u 
  550.00000m   16.2964u 
  600.00000m   22.5390u 
  650.00000m   29.5509u 
  700.00000m   37.2319u 
  750.00000m   45.4897u 
  800.00000m   54.2317u 
  850.00000m   63.3586u 
  900.00000m   72.7545u 
  950.00000m   82.2788u 
    1.00000    91.7682u 
y
 vth0_value= 253.6935m
 u0_param=  49.0424m
 ags_param= 432.0882m
 
   *** monte carlo  index = 113 ***
x

 volt         param     
             i_d_0.6    
    0.        156.6923p 
   50.00000m  800.3760p 
  100.00000m    3.9384n 
  150.00000m   18.0463n 
  200.00000m   74.4028n 
  250.00000m  271.1893n 
  300.00000m  855.8691n 
  350.00000m    2.2376u 
  400.00000m    4.7679u 
  450.00000m    8.5378u 
  500.00000m   13.4461u 
  550.00000m   19.3440u 
  600.00000m   26.0988u 
  650.00000m   33.6000u 
  700.00000m   41.7495u 
  750.00000m   50.4537u 
  800.00000m   59.6155u 
  850.00000m   69.1277u 
  900.00000m   78.8621u 
  950.00000m   88.6645u 
    1.00000    98.3664u 
y
 vth0_value= 232.0673m
 u0_param=  49.5879m
 ags_param= 416.7037m
 
   *** monte carlo  index = 114 ***
x

 volt         param     
             i_d_0.6    
    0.         50.2364p 
   50.00000m  258.6635p 
  100.00000m    1.3097n 
  150.00000m    6.3247n 
  200.00000m   28.1056n 
  250.00000m  111.5054n 
  300.00000m  389.4698n 
  350.00000m    1.1622u 
  400.00000m    2.8413u 
  450.00000m    5.6943u 
  500.00000m    9.7304u 
  550.00000m   14.8214u 
  600.00000m   20.8231u 
  650.00000m   27.6130u 
  700.00000m   35.0881u 
  750.00000m   43.1553u 
  800.00000m   51.7233u 
  850.00000m   60.6958u 
  900.00000m   69.9631u 
  950.00000m   79.3921u 
    1.00000    88.8250u 
y
 vth0_value= 266.0498m
 u0_param=  49.2012m
 ags_param= 411.3635m
 
   *** monte carlo  index = 115 ***
x

 volt         param     
             i_d_0.6    
    0.        103.7808p 
   50.00000m  532.7595p 
  100.00000m    2.6550n 
  150.00000m   12.4375n 
  200.00000m   52.8354n 
  250.00000m  199.0127n 
  300.00000m  654.3239n 
  350.00000m    1.8022u 
  400.00000m    4.0414u 
  450.00000m    7.5337u 
  500.00000m   12.2094u 
  550.00000m   17.9191u 
  600.00000m   24.5215u 
  650.00000m   31.8992u 
  700.00000m   39.9506u 
  750.00000m   48.5806u 
  800.00000m   57.6931u 
  850.00000m   67.1837u 
  900.00000m   76.9303u 
  950.00000m   86.7849u 
    1.00000    96.5794u 
y
 vth0_value= 245.0590m
 u0_param=  50.5151m
 ags_param= 422.9973m
 
   *** monte carlo  index = 116 ***
x

 volt         param     
             i_d_0.6    
    0.        106.3169p 
   50.00000m  545.7619p 
  100.00000m    2.7190n 
  150.00000m   12.7308n 
  200.00000m   54.0405n 
  250.00000m  203.3741n 
  300.00000m  667.9265n 
  350.00000m    1.8370u 
  400.00000m    4.1133u 
  450.00000m    7.6585u 
  500.00000m   12.4003u 
  550.00000m   18.1868u 
  600.00000m   24.8750u 
  650.00000m   32.3461u 
  700.00000m   40.4971u 
  750.00000m   49.2318u 
  800.00000m   58.4529u 
  850.00000m   68.0550u 
  900.00000m   77.9148u 
  950.00000m   87.8831u 
    1.00000    97.7906u 
y
 vth0_value= 244.7332m
 u0_param=  51.1500m
 ags_param= 428.5134m
 
   *** monte carlo  index = 117 ***
x

 volt         param     
             i_d_0.6    
    0.        118.8845p 
   50.00000m  609.5872p 
  100.00000m    3.0275n 
  150.00000m   14.0963n 
  200.00000m   59.3747n 
  250.00000m  221.5392n 
  300.00000m  719.9828n 
  350.00000m    1.9535u 
  400.00000m    4.3147u 
  450.00000m    7.9464u 
  500.00000m   12.7662u 
  550.00000m   18.6215u 
  600.00000m   25.3710u 
  650.00000m   32.8973u 
  700.00000m   41.0982u 
  750.00000m   49.8775u 
  800.00000m   59.1377u 
  850.00000m   68.7723u 
  900.00000m   78.6564u 
  950.00000m   88.6390u 
    1.00000    98.5502u 
y
 vth0_value= 241.3201m
 u0_param=  51.0654m
 ags_param= 422.2741m
 
   *** monte carlo  index = 118 ***
x

 volt         param     
             i_d_0.6    
    0.         41.4715p 
   50.00000m  213.4014p 
  100.00000m    1.0838n 
  150.00000m    5.2674n 
  200.00000m   23.6463n 
  250.00000m   94.9858n 
  300.00000m  336.4130n 
  350.00000m    1.0226u 
  400.00000m    2.5541u 
  450.00000m    5.2169u 
  500.00000m    9.0429u 
  550.00000m   13.9140u 
  600.00000m   19.6885u 
  650.00000m   26.2448u 
  700.00000m   33.4810u 
  750.00000m   41.3056u 
  800.00000m   49.6294u 
  850.00000m   58.3592u 
  900.00000m   67.3888u 
  950.00000m   76.5901u 
    1.00000    85.8092u 
y
 vth0_value= 271.1559m
 u0_param=  48.1652m
 ags_param= 408.9824m
 
   *** monte carlo  index = 119 ***
x

 volt         param     
             i_d_0.6    
    0.         93.0118p 
   50.00000m  477.6896p 
  100.00000m    2.3851n 
  150.00000m   11.2135n 
  200.00000m   47.8790n 
  250.00000m  181.3877n 
  300.00000m  600.6142n 
  350.00000m    1.6697u 
  400.00000m    3.7801u 
  450.00000m    7.1017u 
  500.00000m   11.5752u 
  550.00000m   17.0579u 
  600.00000m   23.4129u 
  650.00000m   30.5261u 
  700.00000m   38.2989u 
  750.00000m   46.6391u 
  800.00000m   55.4538u 
  850.00000m   64.6416u 
  900.00000m   74.0841u 
  950.00000m   83.6370u 
    1.00000    93.1357u 
y
 vth0_value= 247.3080m
 u0_param=  48.8941m
 ags_param= 420.1891m
 
   *** monte carlo  index = 120 ***
x

 volt         param     
             i_d_0.6    
    0.         88.5411p 
   50.00000m  455.0272p 
  100.00000m    2.2761n 
  150.00000m   10.7356n 
  200.00000m   46.0505n 
  250.00000m  175.3578n 
  300.00000m  584.1818n 
  350.00000m    1.6370u 
  400.00000m    3.7365u 
  450.00000m    7.0665u 
  500.00000m   11.5723u 
  550.00000m   17.1088u 
  600.00000m   23.5352u 
  650.00000m   30.7342u 
  700.00000m   38.6048u 
  750.00000m   47.0533u 
  800.00000m   55.9852u 
  850.00000m   65.2986u 
  900.00000m   74.8750u 
  950.00000m   84.5700u 
    1.00000    94.2184u 
y
 vth0_value= 249.4004m
 u0_param=  49.8345m
 ags_param= 411.8919m
 
   *** monte carlo  index = 121 ***
x

 volt         param     
             i_d_0.6    
    0.        113.3327p 
   50.00000m  581.4405p 
  100.00000m    2.8919n 
  150.00000m   13.4998n 
  200.00000m   57.0652n 
  250.00000m  213.7598n 
  300.00000m  698.0544n 
  350.00000m    1.9058u 
  400.00000m    4.2356u 
  450.00000m    7.8392u 
  500.00000m   12.6386u 
  550.00000m   18.4807u 
  600.00000m   25.2230u 
  650.00000m   32.7469u 
  700.00000m   40.9498u 
  750.00000m   49.7350u 
  800.00000m   59.0049u 
  850.00000m   68.6531u 
  900.00000m   78.5553u 
  950.00000m   88.5609u 
    1.00000    98.4999u 
y
 vth0_value= 242.8851m
 u0_param=  51.2676m
 ags_param= 430.1894m
 
   *** monte carlo  index = 122 ***
x

 volt         param     
             i_d_0.6    
    0.         39.8800p 
   50.00000m  205.2192p 
  100.00000m    1.0434n 
  150.00000m    5.0820n 
  200.00000m   22.8941n 
  250.00000m   92.3615n 
  300.00000m  328.6575n 
  350.00000m    1.0052u 
  400.00000m    2.5288u 
  450.00000m    5.1989u 
  500.00000m    9.0552u 
  550.00000m   13.9794u 
  600.00000m   19.8263u 
  650.00000m   26.4708u 
  700.00000m   33.8081u 
  750.00000m   41.7448u 
  800.00000m   50.1905u 
  850.00000m   59.0505u 
  900.00000m   68.2181u 
  950.00000m   77.5649u 
    1.00000    86.9364u 
y
 vth0_value= 272.9693m
 u0_param=  49.1262m
 ags_param= 409.0865m
 
   *** monte carlo  index = 123 ***
x

 volt         param     
             i_d_0.6    
    0.         51.0171p 
   50.00000m  262.6638p 
  100.00000m    1.3294n 
  150.00000m    6.4139n 
  200.00000m   28.4620n 
  250.00000m  112.7325n 
  300.00000m  393.0358n 
  350.00000m    1.1700u 
  400.00000m    2.8525u 
  450.00000m    5.7032u 
  500.00000m    9.7286u 
  550.00000m   14.8009u 
  600.00000m   20.7772u 
  650.00000m   27.5364u 
  700.00000m   34.9765u 
  750.00000m   43.0049u 
  800.00000m   51.5309u 
  850.00000m   60.4586u 
  900.00000m   69.6783u 
  950.00000m   79.0568u 
    1.00000    88.4365u 
y
 vth0_value= 265.3588m
 u0_param=  48.8543m
 ags_param= 419.4981m
 
   *** monte carlo  index = 124 ***
x

 volt         param     
             i_d_0.6    
    0.         47.4224p 
   50.00000m  244.1265p 
  100.00000m    1.2371n 
  150.00000m    5.9841n 
  200.00000m   26.6632n 
  250.00000m  106.1268n 
  300.00000m  372.0488n 
  350.00000m    1.1157u 
  400.00000m    2.7430u 
  450.00000m    5.5247u 
  500.00000m    9.4761u 
  550.00000m   14.4727u 
  600.00000m   20.3720u 
  650.00000m   27.0530u 
  700.00000m   34.4138u 
  750.00000m   42.3622u 
  800.00000m   50.8083u 
  850.00000m   59.6571u 
  900.00000m   68.8004u 
  950.00000m   78.1069u 
    1.00000    87.4205u 
y
 vth0_value= 267.3710m
 u0_param=  48.5630m
 ags_param= 409.4116m
 
   *** monte carlo  index = 125 ***
x

 volt         param     
             i_d_0.6    
    0.         34.3136p 
   50.00000m  176.3739p 
  100.00000m  898.4553p 
  150.00000m    4.3948n 
  200.00000m   19.9385n 
  250.00000m   81.1589n 
  300.00000m  291.6714n 
  350.00000m  903.7355n 
  400.00000m    2.3095u 
  450.00000m    4.8164u 
  500.00000m    8.4813u 
  550.00000m   13.1959u 
  600.00000m   18.8190u 
  650.00000m   25.2277u 
  700.00000m   32.3192u 
  750.00000m   40.0023u 
  800.00000m   48.1889u 
  850.00000m   56.7873u 
  900.00000m   65.6944u 
  950.00000m   74.7856u 
    1.00000    83.9104u 
y
 vth0_value= 276.6719m
 u0_param=  47.8429m
 ags_param= 408.4609m
 
   *** monte carlo  index = 126 ***
x

 volt         param     
             i_d_0.6    
    0.         70.3840p 
   50.00000m  362.1858p 
  100.00000m    1.8214n 
  150.00000m    8.6779n 
  200.00000m   37.7759n 
  250.00000m  146.2808n 
  300.00000m  497.0154n 
  350.00000m    1.4296u 
  400.00000m    3.3547u 
  450.00000m    6.4918u 
  500.00000m   10.8102u 
  550.00000m   16.1702u 
  600.00000m   22.4293u 
  650.00000m   29.4682u 
  700.00000m   37.1852u 
  750.00000m   45.4865u 
  800.00000m   54.2793u 
  850.00000m   63.4639u 
  900.00000m   72.9250u 
  950.00000m   82.5227u 
    1.00000    92.0941u 
y
 vth0_value= 256.1586m
 u0_param=  49.6094m
 ags_param= 426.5614m
 
   *** monte carlo  index = 127 ***
x

 volt         param     
             i_d_0.6    
    0.         51.2530p 
   50.00000m  263.9249p 
  100.00000m    1.3361n 
  150.00000m    6.4494n 
  200.00000m   28.6403n 
  250.00000m  113.5327n 
  300.00000m  396.1720n 
  350.00000m    1.1807u 
  400.00000m    2.8822u 
  450.00000m    5.7689u 
  500.00000m    9.8482u 
  550.00000m   14.9901u 
  600.00000m   21.0491u 
  650.00000m   27.9017u 
  700.00000m   35.4441u 
  750.00000m   43.5824u 
  800.00000m   52.2245u 
  850.00000m   61.2732u 
  900.00000m   70.6181u 
  950.00000m   80.1250u 
    1.00000    89.6352u 
y
 vth0_value= 265.7197m
 u0_param=  49.6246m
 ags_param= 421.1189m
 
   *** monte carlo  index = 128 ***
x

 volt         param     
             i_d_0.6    
    0.        127.1990p 
   50.00000m  651.5401p 
  100.00000m    3.2277n 
  150.00000m   14.9619n 
  200.00000m   62.6433n 
  250.00000m  232.2054n 
  300.00000m  748.5773n 
  350.00000m    2.0101u 
  400.00000m    4.3950u 
  450.00000m    8.0299u 
  500.00000m   12.8277u 
  550.00000m   18.6388u 
  600.00000m   25.3260u 
  650.00000m   32.7752u 
  700.00000m   40.8866u 
  750.00000m   49.5656u 
  800.00000m   58.7157u 
  850.00000m   68.2309u 
  900.00000m   77.9861u 
  950.00000m   87.8297u 
    1.00000    97.5928u 
y
 vth0_value= 238.6855m
 u0_param=  50.1176m
 ags_param= 431.3720m
 
   *** monte carlo  index = 129 ***
x

 volt         param     
             i_d_0.6    
    0.        105.2908p 
   50.00000m  540.3902p 
  100.00000m    2.6915n 
  150.00000m   12.5959n 
  200.00000m   53.4332n 
  250.00000m  200.9547n 
  300.00000m  659.4858n 
  350.00000m    1.8121u 
  400.00000m    4.0536u 
  450.00000m    7.5418u 
  500.00000m   12.2058u 
  550.00000m   17.8967u 
  600.00000m   24.4748u 
  650.00000m   31.8235u 
  700.00000m   39.8420u 
  750.00000m   48.4357u 
  800.00000m   57.5089u 
  850.00000m   66.9574u 
  900.00000m   76.6593u 
  950.00000m   86.4667u 
    1.00000    96.2120u 
y
 vth0_value= 244.4341m
 u0_param=  50.2157m
 ags_param= 419.2899m
 
   *** monte carlo  index = 130 ***
x

 volt         param     
             i_d_0.6    
    0.        119.7186p 
   50.00000m  613.5601p 
  100.00000m    3.0441n 
  150.00000m   14.1491n 
  200.00000m   59.4574n 
  250.00000m  221.2903n 
  300.00000m  717.0019n 
  350.00000m    1.9378u 
  400.00000m    4.2640u 
  450.00000m    7.8299u 
  500.00000m   12.5537u 
  550.00000m   18.2872u 
  600.00000m   24.8936u 
  650.00000m   32.2593u 
  700.00000m   40.2848u 
  750.00000m   48.8764u 
  800.00000m   57.9385u 
  850.00000m   67.3663u 
  900.00000m   77.0363u 
  950.00000m   86.7986u 
    1.00000    96.4858u 
y
 vth0_value= 240.2726m
 u0_param=  49.7503m
 ags_param= 417.1011m
 
   *** monte carlo  index = 131 ***
x

 volt         param     
             i_d_0.6    
    0.         57.2632p 
   50.00000m  294.8469p 
  100.00000m    1.4893n 
  150.00000m    7.1567n 
  200.00000m   31.5615n 
  250.00000m  124.0815n 
  300.00000m  428.9670n 
  350.00000m    1.2627u 
  400.00000m    3.0395u 
  450.00000m    6.0102u 
  500.00000m   10.1683u 
  550.00000m   15.3802u 
  600.00000m   21.5015u 
  650.00000m   28.4106u 
  700.00000m   36.0045u 
  750.00000m   44.1897u 
  800.00000m   52.8738u 
  850.00000m   61.9590u 
  900.00000m   71.3332u 
  950.00000m   80.8604u 
    1.00000    90.3801u 
y
 vth0_value= 262.3246m
 u0_param=  49.5408m
 ags_param= 426.3374m
 
   *** monte carlo  index = 132 ***
x

 volt         param     
             i_d_0.6    
    0.         67.2679p 
   50.00000m  346.2352p 
  100.00000m    1.7432n 
  150.00000m    8.3228n 
  200.00000m   36.3464n 
  250.00000m  141.2642n 
  300.00000m  482.0051n 
  350.00000m    1.3942u 
  400.00000m    3.2918u 
  450.00000m    6.4026u 
  500.00000m   10.7012u 
  550.00000m   16.0485u 
  600.00000m   22.3007u 
  650.00000m   29.3370u 
  700.00000m   37.0551u 
  750.00000m   45.3608u 
  800.00000m   54.1611u 
  850.00000m   63.3564u 
  900.00000m   72.8321u 
  950.00000m   82.4492u 
    1.00000    92.0452u 
y
 vth0_value= 257.6607m
 u0_param=  49.8263m
 ags_param= 412.4010m
 
   *** monte carlo  index = 133 ***
x

 volt         param     
             i_d_0.6    
    0.         89.9621p 
   50.00000m  462.2861p 
  100.00000m    2.3116n 
  150.00000m   10.8958n 
  200.00000m   46.6935n 
  250.00000m  177.6166n 
  300.00000m  590.9516n 
  350.00000m    1.6532u 
  400.00000m    3.7669u 
  450.00000m    7.1138u 
  500.00000m   11.6376u 
  550.00000m   17.1928u 
  600.00000m   23.6386u 
  650.00000m   30.8576u 
  700.00000m   38.7487u 
  750.00000m   47.2178u 
  800.00000m   56.1706u 
  850.00000m   65.5048u 
  900.00000m   75.1013u 
  950.00000m   84.8155u 
    1.00000    94.4816u 
y
 vth0_value= 248.9738m
 u0_param=  49.9158m
 ags_param= 416.5224m
 
   *** monte carlo  index = 134 ***
x

 volt         param     
             i_d_0.6    
    0.        133.0470p 
   50.00000m  681.0614p 
  100.00000m    3.3687n 
  150.00000m   15.5737n 
  200.00000m   64.9691n 
  250.00000m  239.8758n 
  300.00000m  769.5028n 
  350.00000m    2.0534u 
  400.00000m    4.4623u 
  450.00000m    8.1138u 
  500.00000m   12.9180u 
  550.00000m   18.7258u 
  600.00000m   25.4019u 
  650.00000m   32.8336u 
  700.00000m   40.9220u 
  750.00000m   49.5731u 
  800.00000m   58.6906u 
  850.00000m   68.1686u 
  900.00000m   77.8815u 
  950.00000m   87.6776u 
    1.00000    97.3884u 
y
 vth0_value= 237.1140m
 u0_param=  49.7772m
 ags_param= 425.6433m
 
   *** monte carlo  index = 135 ***
x

 volt         param     
             i_d_0.6    
    0.         59.4093p 
   50.00000m  305.9057p 
  100.00000m    1.5443n 
  150.00000m    7.4124n 
  200.00000m   32.6304n 
  250.00000m  128.0116n 
  300.00000m  441.4744n 
  350.00000m    1.2953u 
  400.00000m    3.1065u 
  450.00000m    6.1233u 
  500.00000m   10.3351u 
  550.00000m   15.6060u 
  600.00000m   21.7906u 
  650.00000m   28.7665u 
  700.00000m   36.4301u 
  750.00000m   44.6871u 
  800.00000m   53.4444u 
  850.00000m   62.6035u 
  900.00000m   72.0513u 
  950.00000m   81.6510u 
    1.00000    91.2414u 
y
 vth0_value= 261.4680m
 u0_param=  49.9319m
 ags_param= 416.5066m
 
   *** monte carlo  index = 136 ***
x

 volt         param     
             i_d_0.6    
    0.         86.0451p 
   50.00000m  442.1633p 
  100.00000m    2.2121n 
  150.00000m   10.4372n 
  200.00000m   44.7932n 
  250.00000m  170.6761n 
  300.00000m  569.0453n 
  350.00000m    1.5963u 
  400.00000m    3.6478u 
  450.00000m    6.9057u 
  500.00000m   11.3177u 
  550.00000m   16.7425u 
  600.00000m   23.0425u 
  650.00000m   30.1028u 
  700.00000m   37.8244u 
  750.00000m   46.1154u 
  800.00000m   54.8831u 
  850.00000m   64.0272u 
  900.00000m   73.4308u 
  950.00000m   82.9511u 
    1.00000    92.4248u 
y
 vth0_value= 249.6163m
 u0_param=  48.8430m
 ags_param= 407.7541m
 
   *** monte carlo  index = 137 ***
x

 volt         param     
             i_d_0.6    
    0.        122.7659p 
   50.00000m  628.9042p 
  100.00000m    3.1171n 
  150.00000m   14.4620n 
  200.00000m   60.6241n 
  250.00000m  225.0348n 
  300.00000m  726.7609n 
  350.00000m    1.9561u 
  400.00000m    4.2865u 
  450.00000m    7.8460u 
  500.00000m   12.5511u 
  550.00000m   18.2552u 
  600.00000m   24.8236u 
  650.00000m   32.1439u 
  700.00000m   40.1182u 
  750.00000m   48.6533u 
  800.00000m   57.6543u 
  850.00000m   67.0168u 
  900.00000m   76.6173u 
  950.00000m   86.3058u 
    1.00000    95.9154u 
y
 vth0_value= 239.2034m
 u0_param=  49.2679m
 ags_param= 422.0596m
 
   *** monte carlo  index = 138 ***
x

 volt         param     
             i_d_0.6    
    0.        150.1104p 
   50.00000m  767.5391p 
  100.00000m    3.7851n 
  150.00000m   17.4090n 
  200.00000m   72.1254n 
  250.00000m  264.2709n 
  300.00000m  839.5700n 
  350.00000m    2.2131u 
  400.00000m    4.7527u 
  450.00000m    8.5617u 
  500.00000m   13.5400u 
  550.00000m   19.5344u 
  600.00000m   26.4078u 
  650.00000m   34.0456u 
  700.00000m   42.3472u 
  750.00000m   51.2165u 
  800.00000m   60.5552u 
  850.00000m   70.2544u 
  900.00000m   80.1856u 
  950.00000m   90.1933u 
    1.00000   100.1070u 
y
 vth0_value= 234.1644m
 u0_param=  50.8451m
 ags_param= 428.5963m
 
   *** monte carlo  index = 139 ***
x

 volt         param     
             i_d_0.6    
    0.         44.6842p 
   50.00000m  229.9860p 
  100.00000m    1.1665n 
  150.00000m    5.6537n 
  200.00000m   25.2691n 
  250.00000m  100.9583n 
  300.00000m  355.4323n 
  350.00000m    1.0719u 
  400.00000m    2.6525u 
  450.00000m    5.3737u 
  500.00000m    9.2573u 
  550.00000m   14.1822u 
  600.00000m   20.0073u 
  650.00000m   26.6116u 
  700.00000m   33.8937u 
  750.00000m   41.7624u 
  800.00000m   50.1282u 
  850.00000m   58.8971u 
  900.00000m   67.9620u 
  950.00000m   77.1929u 
    1.00000    86.4348u 
y
 vth0_value= 268.9194m
 u0_param=  48.1903m
 ags_param= 422.4482m
 
   *** monte carlo  index = 140 ***
x

 volt         param     
             i_d_0.6    
    0.         53.2562p 
   50.00000m  274.2721p 
  100.00000m    1.3878n 
  150.00000m    6.6917n 
  200.00000m   29.6665n 
  250.00000m  117.3619n 
  300.00000m  408.5831n 
  350.00000m    1.2139u 
  400.00000m    2.9527u 
  450.00000m    5.8916u 
  500.00000m   10.0339u 
  550.00000m   15.2468u 
  600.00000m   21.3831u 
  650.00000m   28.3184u 
  700.00000m   35.9478u 
  750.00000m   44.1763u 
  800.00000m   52.9111u 
  850.00000m   62.0540u 
  900.00000m   71.4934u 
  950.00000m   81.0944u 
    1.00000    90.6971u 
y
 vth0_value= 264.8989m
 u0_param=  50.1476m
 ags_param= 409.7211m
 
   *** monte carlo  index = 141 ***
x

 volt         param     
             i_d_0.6    
    0.         58.0215p 
   50.00000m  298.7431p 
  100.00000m    1.5086n 
  150.00000m    7.2452n 
  200.00000m   31.9241n 
  250.00000m  125.3794n 
  300.00000m  432.9519n 
  350.00000m    1.2724u 
  400.00000m    3.0576u 
  450.00000m    6.0370u 
  500.00000m   10.2022u 
  550.00000m   15.4192u 
  600.00000m   21.5439u 
  650.00000m   28.4546u 
  700.00000m   36.0486u 
  750.00000m   44.2324u 
  800.00000m   52.9138u 
  850.00000m   61.9949u 
  900.00000m   71.3638u 
  950.00000m   80.8846u 
    1.00000    90.3972u 
y
 vth0_value= 261.9095m
 u0_param=  49.5115m
 ags_param= 405.6001m
 
   *** monte carlo  index = 142 ***
x

 volt         param     
             i_d_0.6    
    0.         91.4608p 
   50.00000m  469.9559p 
  100.00000m    2.3492n 
  150.00000m   11.0668n 
  200.00000m   47.3874n 
  250.00000m  180.0868n 
  300.00000m  598.4895n 
  350.00000m    1.6718u 
  400.00000m    3.8033u 
  450.00000m    7.1733u 
  500.00000m   11.7238u 
  550.00000m   17.3086u 
  600.00000m   23.7861u 
  650.00000m   31.0386u 
  700.00000m   38.9647u 
  750.00000m   47.4700u 
  800.00000m   56.4596u 
  850.00000m   65.8310u 
  900.00000m   75.4647u 
  950.00000m   85.2155u 
    1.00000    94.9174u 
y
 vth0_value= 248.6045m
 u0_param=  50.1150m
 ags_param= 412.4951m
 
   *** monte carlo  index = 143 ***
x

 volt         param     
             i_d_0.6    
    0.         39.4175p 
   50.00000m  202.7819p 
  100.00000m    1.0307n 
  150.00000m    5.0178n 
  200.00000m   22.5880n 
  250.00000m   91.0462n 
  300.00000m  323.6875n 
  350.00000m  988.8431n 
  400.00000m    2.4845u 
  450.00000m    5.1020u 
  500.00000m    8.8794u 
  550.00000m   13.7017u 
  600.00000m   19.4273u 
  650.00000m   25.9347u 
  700.00000m   33.1220u 
  750.00000m   40.8979u 
  800.00000m   49.1737u 
  850.00000m   57.8567u 
  900.00000m   66.8415u 
  950.00000m   76.0009u 
    1.00000    85.1820u 
y
 vth0_value= 272.5743m
 u0_param=  47.9899m
 ags_param= 417.3711m
 
   *** monte carlo  index = 144 ***
x

 volt         param     
             i_d_0.6    
    0.        157.9390p 
   50.00000m  806.8687p 
  100.00000m    3.9713n 
  150.00000m   18.2044n 
  200.00000m   75.0921n 
  250.00000m  273.8393n 
  300.00000m  864.7563n 
  350.00000m    2.2625u 
  400.00000m    4.8243u 
  450.00000m    8.6432u 
  500.00000m   13.6163u 
  550.00000m   19.5924u 
  600.00000m   26.4367u 
  650.00000m   34.0366u 
  700.00000m   42.2929u 
  750.00000m   51.1104u 
  800.00000m   60.3910u 
  850.00000m   70.0262u 
  900.00000m   79.8869u 
  950.00000m   89.8174u 
    1.00000    99.6477u 
y
 vth0_value= 232.2921m
 u0_param=  50.3072m
 ags_param= 432.1777m
 
   *** monte carlo  index = 145 ***
x

 volt         param     
             i_d_0.6    
    0.        141.5273p 
   50.00000m  724.4271p 
  100.00000m    3.5812n 
  150.00000m   16.5396n 
  200.00000m   68.9013n 
  250.00000m  253.9682n 
  300.00000m  812.8943n 
  350.00000m    2.1630u 
  400.00000m    4.6872u 
  450.00000m    8.5028u 
  500.00000m   13.5129u 
  550.00000m   19.5611u 
  600.00000m   26.5060u 
  650.00000m   34.2300u 
  700.00000m   42.6302u 
  750.00000m   51.6090u 
  800.00000m   61.0667u 
  850.00000m   70.8941u 
  900.00000m   80.9625u 
  950.00000m   91.1169u 
    1.00000   101.1851u 
y
 vth0_value= 236.5398m
 u0_param=  51.8101m
 ags_param= 427.6545m
 
   *** monte carlo  index = 146 ***
x

 volt         param     
             i_d_0.6    
    0.         41.5048p 
   50.00000m  213.6355p 
  100.00000m    1.0857n 
  150.00000m    5.2821n 
  200.00000m   23.7533n 
  250.00000m   95.6155n 
  300.00000m  339.3937n 
  350.00000m    1.0346u 
  400.00000m    2.5927u 
  450.00000m    5.3116u 
  500.00000m    9.2267u 
  550.00000m   14.2170u 
  600.00000m   20.1358u 
  650.00000m   26.8569u 
  700.00000m   34.2752u 
  750.00000m   42.2962u 
  800.00000m   50.8285u 
  850.00000m   59.7768u 
  900.00000m   69.0331u 
  950.00000m   78.4676u 
    1.00000    87.9247u 
y
 vth0_value= 272.0563m
 u0_param=  49.5801m
 ags_param= 415.4241m
 
   *** monte carlo  index = 147 ***
x

 volt         param     
             i_d_0.6    
    0.         64.2420p 
   50.00000m  330.7608p 
  100.00000m    1.6674n 
  150.00000m    7.9806n 
  200.00000m   34.9810n 
  250.00000m  136.5387n 
  300.00000m  468.1491n 
  350.00000m    1.3629u 
  400.00000m    3.2406u 
  450.00000m    6.3408u 
  500.00000m   10.6439u 
  550.00000m   16.0105u 
  600.00000m   22.2942u 
  650.00000m   29.3722u 
  700.00000m   37.1402u 
  750.00000m   45.5033u 
  800.00000m   54.3674u 
  850.00000m   63.6325u 
  900.00000m   73.1841u 
  950.00000m   82.8834u 
    1.00000    92.5677u 
y
 vth0_value= 259.4123m
 u0_param=  50.4008m
 ags_param= 415.5969m
 
   *** monte carlo  index = 148 ***
x

 volt         param     
             i_d_0.6    
    0.         79.0302p 
   50.00000m  406.5123p 
  100.00000m    2.0396n 
  150.00000m    9.6748n 
  200.00000m   41.8421n 
  250.00000m  160.8150n 
  300.00000m  541.6139n 
  350.00000m    1.5397u 
  400.00000m    3.5682u 
  450.00000m    6.8329u 
  500.00000m   11.2910u 
  550.00000m   16.7982u 
  600.00000m   23.2106u 
  650.00000m   30.4082u 
  700.00000m   38.2883u 
  750.00000m   46.7559u 
  800.00000m   55.7165u 
  850.00000m   65.0683u 
  900.00000m   74.6933u 
  950.00000m   84.4485u 
    1.00000    94.1683u 
y
 vth0_value= 253.1439m
 u0_param=  50.3445m
 ags_param= 438.1534m
 
   *** monte carlo  index = 149 ***
x

 volt         param     
             i_d_0.6    
    0.         58.6076p 
   50.00000m  301.7410p 
  100.00000m    1.5233n 
  150.00000m    7.3114n 
  200.00000m   32.1873n 
  250.00000m  126.2820n 
  300.00000m  435.5632n 
  350.00000m    1.2781u 
  400.00000m    3.0661u 
  450.00000m    6.0450u 
  500.00000m   10.2049u 
  550.00000m   15.4122u 
  600.00000m   21.5234u 
  650.00000m   28.4179u 
  700.00000m   35.9933u 
  750.00000m   44.1565u 
  800.00000m   52.8157u 
  850.00000m   61.8730u 
  900.00000m   71.2165u 
  950.00000m   80.7101u 
    1.00000    90.1937u 
y
 vth0_value= 261.4792m
 u0_param=  49.3143m
 ags_param= 415.0668m
 
   *** monte carlo  index = 150 ***
x

 volt         param     
             i_d_0.6    
    0.        129.4343p 
   50.00000m  662.7999p 
  100.00000m    3.2812n 
  150.00000m   15.1922n 
  200.00000m   63.5065n 
  250.00000m  234.9970n 
  300.00000m  755.9449n 
  350.00000m    2.0244u 
  400.00000m    4.4142u 
  450.00000m    8.0479u 
  500.00000m   12.8372u 
  550.00000m   18.6331u 
  600.00000m   25.2996u 
  650.00000m   32.7233u 
  700.00000m   40.8051u 
  750.00000m   49.4508u 
  800.00000m   58.5644u 
  850.00000m   68.0401u 
  900.00000m   77.7530u 
  950.00000m   87.5521u 
    1.00000    97.2691u 
y
 vth0_value= 237.9936m
 u0_param=  49.8566m
 ags_param= 412.1440m
 
   *** monte carlo  index = 151 ***
x

 volt         param     
             i_d_0.6    
    0.        135.4518p 
   50.00000m  693.4915p 
  100.00000m    3.4309n 
  150.00000m   15.8663n 
  200.00000m   66.2160n 
  250.00000m  244.5693n 
  300.00000m  784.8646n 
  350.00000m    2.0954u 
  400.00000m    4.5556u 
  450.00000m    8.2856u 
  500.00000m   13.1931u 
  550.00000m   19.1249u 
  600.00000m   25.9420u 
  650.00000m   33.5289u 
  700.00000m   41.7843u 
  750.00000m   50.6121u 
  800.00000m   59.9143u 
  850.00000m   69.5831u 
  900.00000m   79.4917u 
  950.00000m   89.4864u 
    1.00000    99.3968u 
y
 vth0_value= 237.3049m
 u0_param=  50.9214m
 ags_param= 430.0660m
 
   *** monte carlo  index = 152 ***
x

 volt         param     
             i_d_0.6    
    0.         43.8571p 
   50.00000m  225.7546p 
  100.00000m    1.1458n 
  150.00000m    5.5607n 
  200.00000m   24.9048n 
  250.00000m   99.7523n 
  300.00000m  352.1447n 
  350.00000m    1.0658u 
  400.00000m    2.6484u 
  450.00000m    5.3849u 
  500.00000m    9.3015u 
  550.00000m   14.2763u 
  600.00000m   20.1649u 
  650.00000m   26.8442u 
  700.00000m   34.2107u 
  750.00000m   42.1715u 
  800.00000m   50.6362u 
  850.00000m   59.5098u 
  900.00000m   68.6846u 
  950.00000m   78.0304u 
    1.00000    87.3916u 
y
 vth0_value= 269.9741m
 u0_param=  48.9359m
 ags_param= 414.3032m
 
   *** monte carlo  index = 153 ***
x

 volt         param     
             i_d_0.6    
    0.         51.6477p 
   50.00000m  265.9237p 
  100.00000m    1.3457n 
  150.00000m    6.4906n 
  200.00000m   28.7888n 
  250.00000m  113.9605n 
  300.00000m  397.0514n 
  350.00000m    1.1809u 
  400.00000m    2.8761u 
  450.00000m    5.7452u 
  500.00000m    9.7934u 
  550.00000m   14.8921u 
  600.00000m   20.8976u 
  650.00000m   27.6883u 
  700.00000m   35.1617u 
  750.00000m   43.2250u 
  800.00000m   51.7871u 
  850.00000m   60.7516u 
  900.00000m   70.0084u 
  950.00000m   79.4242u 
    1.00000    88.8408u 
y
 vth0_value= 265.1261m
 u0_param=  49.0650m
 ags_param= 415.3239m
 
   *** monte carlo  index = 154 ***
x

 volt         param     
             i_d_0.6    
    0.         66.9342p 
   50.00000m  344.5809p 
  100.00000m    1.7356n 
  150.00000m    8.2933n 
  200.00000m   36.2604n 
  250.00000m  141.1199n 
  300.00000m  482.2386n 
  350.00000m    1.3977u 
  400.00000m    3.3071u 
  450.00000m    6.4439u 
  500.00000m   10.7842u 
  550.00000m   16.1870u 
  600.00000m   22.5061u 
  650.00000m   29.6189u 
  700.00000m   37.4214u 
  750.00000m   45.8184u 
  800.00000m   54.7157u 
  850.00000m   64.0127u 
  900.00000m   73.5942u 
  950.00000m   83.3203u 
    1.00000    93.0276u 
y
 vth0_value= 258.2267m
 u0_param=  50.4795m
 ags_param= 423.0590m
 
   *** monte carlo  index = 155 ***
x

 volt         param     
             i_d_0.6    
    0.         31.1101p 
   50.00000m  159.7898p 
  100.00000m  815.3284p 
  150.00000m    4.0028n 
  200.00000m   18.2719n 
  250.00000m   74.9591n 
  300.00000m  271.7011n 
  350.00000m  851.2074n 
  400.00000m    2.2048u 
  450.00000m    4.6558u 
  500.00000m    8.2768u 
  550.00000m   12.9643u 
  600.00000m   18.5752u 
  650.00000m   24.9836u 
  700.00000m   32.0847u 
  750.00000m   39.7860u 
  800.00000m   47.9987u 
  850.00000m   56.6311u 
  900.00000m   65.5805u 
  950.00000m   74.7235u 
    1.00000    83.9107u 
y
 vth0_value= 279.9765m
 u0_param=  48.3457m
 ags_param= 409.0026m
 
   *** monte carlo  index = 156 ***
x

 volt         param     
             i_d_0.6    
    0.         32.8278p 
   50.00000m  168.7199p 
  100.00000m  860.5000p 
  150.00000m    4.2197n 
  200.00000m   19.2235n 
  250.00000m   78.6590n 
  300.00000m  284.2897n 
  350.00000m  887.2939n 
  400.00000m    2.2876u 
  450.00000m    4.8098u 
  500.00000m    8.5217u 
  550.00000m   13.3155u 
  600.00000m   19.0450u 
  650.00000m   25.5823u 
  700.00000m   32.8213u 
  750.00000m   40.6676u 
  800.00000m   49.0310u 
  850.00000m   57.8182u 
  900.00000m   66.9246u 
  950.00000m   76.2247u 
    1.00000    85.5672u 
y
 vth0_value= 278.9003m
 u0_param=  49.1915m
 ags_param= 421.6046m
 
   *** monte carlo  index = 157 ***
x

 volt         param     
             i_d_0.6    
    0.        105.6686p 
   50.00000m  542.4710p 
  100.00000m    2.7031n 
  150.00000m   12.6607n 
  200.00000m   53.7679n 
  250.00000m  202.4531n 
  300.00000m  665.3149n 
  350.00000m    1.8313u 
  400.00000m    4.1039u 
  450.00000m    7.6458u 
  500.00000m   12.3853u 
  550.00000m   18.1705u 
  600.00000m   24.8579u 
  650.00000m   32.3286u 
  700.00000m   40.4795u 
  750.00000m   49.2143u 
  800.00000m   58.4358u 
  850.00000m   68.0385u 
  900.00000m   77.8994u 
  950.00000m   87.8698u 
    1.00000    97.7804u 
y
 vth0_value= 244.9422m
 u0_param=  51.1901m
 ags_param= 417.1665m
 
   *** monte carlo  index = 158 ***
x

 volt         param     
             i_d_0.6    
    0.         62.0391p 
   50.00000m  319.3911p 
  100.00000m    1.6107n 
  150.00000m    7.7151n 
  200.00000m   33.8575n 
  250.00000m  132.3423n 
  300.00000m  454.5274n 
  350.00000m    1.3262u 
  400.00000m    3.1614u 
  450.00000m    6.1993u 
  500.00000m   10.4236u 
  550.00000m   15.6981u 
  600.00000m   21.8787u 
  650.00000m   28.8444u 
  700.00000m   36.4927u 
  750.00000m   44.7298u 
  800.00000m   53.4632u 
  850.00000m   62.5941u 
  900.00000m   72.0095u 
  950.00000m   81.5719u 
    1.00000    91.1201u 
y
 vth0_value= 259.9717m
 u0_param=  49.6327m
 ags_param= 414.3729m
 
   *** monte carlo  index = 159 ***
x

 volt         param     
             i_d_0.6    
    0.         34.5175p 
   50.00000m  177.4231p 
  100.00000m  903.6484p 
  150.00000m    4.4186n 
  200.00000m   20.0354n 
  250.00000m   81.4949n 
  300.00000m  292.6526n 
  350.00000m  905.8736n 
  400.00000m    2.3122u 
  450.00000m    4.8167u 
  500.00000m    8.4748u 
  550.00000m   13.1784u 
  600.00000m   18.7869u 
  650.00000m   25.1779u 
  700.00000m   32.2493u 
  750.00000m   39.9103u 
  800.00000m   48.0730u 
  850.00000m   56.6460u 
  900.00000m   65.5263u 
  950.00000m   74.5894u 
    1.00000    83.6848u 
y
 vth0_value= 276.3676m
 u0_param=  47.6563m
 ags_param= 410.9539m
 
   *** monte carlo  index = 160 ***
x

 volt         param     
             i_d_0.6    
    0.         86.6651p 
   50.00000m  445.3817p 
  100.00000m    2.2283n 
  150.00000m   10.5147n 
  200.00000m   45.1314n 
  250.00000m  171.9836n 
  300.00000m  573.4631n 
  350.00000m    1.6089u 
  400.00000m    3.6771u 
  450.00000m    6.9615u 
  500.00000m   11.4095u 
  550.00000m   16.8782u 
  600.00000m   23.2286u 
  650.00000m   30.3446u 
  700.00000m   38.1265u 
  750.00000m   46.4814u 
  800.00000m   55.3160u 
  850.00000m   64.5295u 
  900.00000m   74.0042u 
  950.00000m   83.5969u 
    1.00000    93.1435u 
y
 vth0_value= 249.6755m
 u0_param=  49.2641m
 ags_param= 407.2054m
 
   *** monte carlo  index = 161 ***
x

 volt         param     
             i_d_0.6    
    0.         68.6044p 
   50.00000m  353.0851p 
  100.00000m    1.7768n 
  150.00000m    8.4764n 
  200.00000m   36.9694n 
  250.00000m  143.4718n 
  300.00000m  488.7013n 
  350.00000m    1.4104u 
  400.00000m    3.3217u 
  450.00000m    6.4474u 
  500.00000m   10.7600u 
  550.00000m   16.1198u 
  600.00000m   22.3833u 
  650.00000m   29.4303u 
  700.00000m   37.1585u 
  750.00000m   45.4738u 
  800.00000m   54.2831u 
  850.00000m   63.4866u 
  900.00000m   72.9694u 
  950.00000m   82.5917u 
    1.00000    92.1907u 
y
 vth0_value= 257.0544m
 u0_param=  49.8041m
 ags_param= 425.1133m
 
   *** monte carlo  index = 162 ***
x

 volt         param     
             i_d_0.6    
    0.         83.8246p 
   50.00000m  431.0230p 
  100.00000m    2.1596n 
  150.00000m   10.2176n 
  200.00000m   44.0227n 
  250.00000m  168.4699n 
  300.00000m  564.5251n 
  350.00000m    1.5941u 
  400.00000m    3.6681u 
  450.00000m    6.9828u 
  500.00000m   11.4893u 
  550.00000m   17.0418u 
  600.00000m   23.4966u 
  650.00000m   30.7342u 
  700.00000m   38.6521u 
  750.00000m   47.1553u 
  800.00000m   56.1489u 
  850.00000m   65.5306u 
  900.00000m   75.1818u 
  950.00000m   84.9589u 
    1.00000    94.6959u 
y
 vth0_value= 251.4151m
 u0_param=  50.4114m
 ags_param= 416.3192m
 
   *** monte carlo  index = 163 ***
x

 volt         param     
             i_d_0.6    
    0.        215.0671p 
   50.00000m    1.0938n 
  100.00000m    5.3304n 
  150.00000m   24.0328n 
  200.00000m   97.0561n 
  250.00000m  345.7909n 
  300.00000m    1.0595u 
  350.00000m    2.6718u 
  400.00000m    5.5062u 
  450.00000m    9.6108u 
  500.00000m   14.8631u 
  550.00000m   21.1103u 
  600.00000m   28.2196u 
  650.00000m   36.0798u 
  700.00000m   44.5913u 
  750.00000m   53.6572u 
  800.00000m   63.1768u 
  850.00000m   73.0369u 
  900.00000m   83.1026u 
  950.00000m   93.2124u 
    1.00000   103.1951u 
y
 vth0_value= 223.3872m
 u0_param=  50.9334m
 ags_param= 424.7376m
 
   *** monte carlo  index = 164 ***
x

 volt         param     
             i_d_0.6    
    0.         78.3365p 
   50.00000m  402.8632p 
  100.00000m    2.0207n 
  150.00000m    9.5806n 
  200.00000m   41.4059n 
  250.00000m  159.0198n 
  300.00000m  535.1327n 
  350.00000m    1.5197u 
  400.00000m    3.5179u 
  450.00000m    6.7305u 
  500.00000m   11.1152u 
  550.00000m   16.5307u 
  600.00000m   22.8361u 
  650.00000m   29.9138u 
  700.00000m   37.6633u 
  750.00000m   45.9913u 
  800.00000m   54.8048u 
  850.00000m   64.0033u 
  900.00000m   73.4706u 
  950.00000m   83.0648u 
    1.00000    92.6223u 
y
 vth0_value= 252.8154m
 u0_param=  49.4193m
 ags_param= 419.7293m
 
   *** monte carlo  index = 165 ***
x

 volt         param     
             i_d_0.6    
    0.         70.2102p 
   50.00000m  361.3294p 
  100.00000m    1.8175n 
  150.00000m    8.6632n 
  200.00000m   37.7367n 
  250.00000m  146.2353n 
  300.00000m  497.2648n 
  350.00000m    1.4318u 
  400.00000m    3.3639u 
  450.00000m    6.5156u 
  500.00000m   10.8570u 
  550.00000m   16.2474u 
  600.00000m   22.5428u 
  650.00000m   29.6228u 
  700.00000m   37.3849u 
  750.00000m   45.7347u 
  800.00000m   54.5787u 
  850.00000m   63.8168u 
  900.00000m   73.3335u 
  950.00000m   82.9887u 
    1.00000    92.6191u 
y
 vth0_value= 256.4654m
 u0_param=  49.9711m
 ags_param= 419.9897m
 
   *** monte carlo  index = 166 ***
x

 volt         param     
             i_d_0.6    
    0.        165.5490p 
   50.00000m  845.5240p 
  100.00000m    4.1583n 
  150.00000m   19.0362n 
  200.00000m   78.3834n 
  250.00000m  285.2628n 
  300.00000m  898.4394n 
  350.00000m    2.3428u 
  400.00000m    4.9798u 
  450.00000m    8.8993u 
  500.00000m   13.9936u 
  550.00000m   20.1075u 
  600.00000m   27.1034u 
  650.00000m   34.8663u 
  700.00000m   43.2948u 
  750.00000m   52.2919u 
  800.00000m   61.7576u 
  850.00000m   71.5816u 
  900.00000m   81.6331u 
  950.00000m   91.7547u 
    1.00000   101.7743u 
y
 vth0_value= 231.5540m
 u0_param=  51.3809m
 ags_param= 423.6876m
 
   *** monte carlo  index = 167 ***
x

 volt         param     
             i_d_0.6    
    0.         75.5961p 
   50.00000m  388.9316p 
  100.00000m    1.9533n 
  150.00000m    9.2825n 
  200.00000m   40.2546n 
  250.00000m  155.1944n 
  300.00000m  524.5865n 
  350.00000m    1.4985u 
  400.00000m    3.4906u 
  450.00000m    6.7129u 
  500.00000m   11.1272u 
  550.00000m   16.5905u 
  600.00000m   22.9589u 
  650.00000m   30.1120u 
  700.00000m   37.9473u 
  750.00000m   46.3701u 
  800.00000m   55.2861u 
  850.00000m   64.5943u 
  900.00000m   74.1777u 
  950.00000m   83.8946u 
    1.00000    93.5803u 
y
 vth0_value= 254.3950m
 u0_param=  50.2109m
 ags_param= 423.9927m
 
   *** monte carlo  index = 168 ***
x

 volt         param     
             i_d_0.6    
    0.         40.5860p 
   50.00000m  208.8361p 
  100.00000m    1.0611n 
  150.00000m    5.1620n 
  200.00000m   23.2084n 
  250.00000m   93.4023n 
  300.00000m  331.4874n 
  350.00000m    1.0103u 
  400.00000m    2.5315u 
  450.00000m    5.1857u 
  500.00000m    9.0078u 
  550.00000m   13.8806u 
  600.00000m   19.6615u 
  650.00000m   26.2278u 
  700.00000m   33.4771u 
  750.00000m   41.3172u 
  800.00000m   49.6590u 
  850.00000m   58.4089u 
  900.00000m   67.4610u 
  950.00000m   76.6872u 
    1.00000    85.9342u 
y
 vth0_value= 271.9412m
 u0_param=  48.3665m
 ags_param= 402.8463m
 
   *** monte carlo  index = 169 ***
x

 volt         param     
             i_d_0.6    
    0.        104.3560p 
   50.00000m  535.5296p 
  100.00000m    2.6669n 
  150.00000m   12.4778n 
  200.00000m   52.9156n 
  250.00000m  198.9458n 
  300.00000m  652.6733n 
  350.00000m    1.7926u 
  400.00000m    4.0083u 
  450.00000m    7.4554u 
  500.00000m   12.0638u 
  550.00000m   17.6872u 
  600.00000m   24.1877u 
  650.00000m   31.4507u 
  700.00000m   39.3765u 
  750.00000m   47.8718u 
  800.00000m   56.8419u 
  850.00000m   66.1836u 
  900.00000m   75.7760u 
  950.00000m   85.4719u 
    1.00000    95.1048u 
y
 vth0_value= 244.2853m
 u0_param=  49.5671m
 ags_param= 417.7295m
 
   *** monte carlo  index = 170 ***
x

 volt         param     
             i_d_0.6    
    0.         73.9397p 
   50.00000m  380.2837p 
  100.00000m    1.9092n 
  150.00000m    9.0675n 
  200.00000m   39.2895n 
  250.00000m  151.3421n 
  300.00000m  511.1080n 
  350.00000m    1.4584u 
  400.00000m    3.3930u 
  450.00000m    6.5191u 
  500.00000m   10.8001u 
  550.00000m   16.0982u 
  600.00000m   22.2751u 
  650.00000m   29.2151u 
  700.00000m   36.8192u 
  750.00000m   44.9957u 
  800.00000m   53.6531u 
  850.00000m   62.6928u 
  900.00000m   72.0002u 
  950.00000m   81.4355u 
    1.00000    90.8368u 
y
 vth0_value= 253.9916m
 u0_param=  48.5608m
 ags_param= 421.0327m
 
   *** monte carlo  index = 171 ***
x

 volt         param     
             i_d_0.6    
    0.         58.2700p 
   50.00000m  299.9386p 
  100.00000m    1.5137n 
  150.00000m    7.2612n 
  200.00000m   31.9383n 
  250.00000m  125.1829n 
  300.00000m  431.3232n 
  350.00000m    1.2640u 
  400.00000m    3.0276u 
  450.00000m    5.9617u 
  500.00000m   10.0558u 
  550.00000m   15.1788u 
  600.00000m   21.1907u 
  650.00000m   27.9734u 
  700.00000m   35.4266u 
  750.00000m   43.4590u 
  800.00000m   51.9802u 
  850.00000m   60.8938u 
  900.00000m   70.0888u 
  950.00000m   79.4303u 
    1.00000    88.7592u 
y
 vth0_value= 261.0542m
 u0_param=  48.3995m
 ags_param= 418.7160m
 
   *** monte carlo  index = 172 ***
x

 volt         param     
             i_d_0.6    
    0.         23.5586p 
   50.00000m  120.5677p 
  100.00000m  617.3849p 
  150.00000m    3.0574n 
  200.00000m   14.1649n 
  250.00000m   59.2620n 
  300.00000m  219.4796n 
  350.00000m  706.6710n 
  400.00000m    1.8942u 
  450.00000m    4.1332u 
  500.00000m    7.5376u 
  550.00000m   12.0225u 
  600.00000m   17.4457u 
  650.00000m   23.6782u 
  700.00000m   30.6129u 
  750.00000m   38.1565u 
  800.00000m   46.2208u 
  850.00000m   54.7158u 
  900.00000m   63.5420u 
  950.00000m   72.5810u 
    1.00000    81.6883u 
y
 vth0_value= 288.3696m
 u0_param=  48.2480m
 ags_param= 410.5570m
 
   *** monte carlo  index = 173 ***
x

 volt         param     
             i_d_0.6    
    0.         67.7928p 
   50.00000m  348.9014p 
  100.00000m    1.7560n 
  150.00000m    8.3793n 
  200.00000m   36.5613n 
  250.00000m  141.9573n 
  300.00000m  483.8228n 
  350.00000m    1.3974u 
  400.00000m    3.2939u 
  450.00000m    6.3980u 
  500.00000m   10.6832u 
  550.00000m   16.0109u 
  600.00000m   22.2383u 
  650.00000m   29.2458u 
  700.00000m   36.9316u 
  750.00000m   45.2022u 
  800.00000m   53.9648u 
  850.00000m   63.1202u 
  900.00000m   72.5540u 
  950.00000m   82.1273u 
    1.00000    91.6779u 
y
 vth0_value= 257.2462m
 u0_param=  49.5457m
 ags_param= 414.0220m
 
   *** monte carlo  index = 174 ***
x

 volt         param     
             i_d_0.6    
    0.         86.1443p 
   50.00000m  442.7003p 
  100.00000m    2.2150n 
  150.00000m   10.4529n 
  200.00000m   44.8721n 
  250.00000m  171.0242n 
  300.00000m  570.3863n 
  350.00000m    1.6007u 
  400.00000m    3.6595u 
  450.00000m    6.9301u 
  500.00000m   11.3604u 
  550.00000m   16.8083u 
  600.00000m   23.1353u 
  650.00000m   30.2258u 
  700.00000m   37.9806u 
  750.00000m   46.3070u 
  800.00000m   55.1122u 
  850.00000m   64.2954u 
  900.00000m   73.7393u 
  950.00000m   83.3008u 
    1.00000    92.8160u 
y
 vth0_value= 249.7357m
 u0_param=  49.0783m
 ags_param= 413.2856m
 
   *** monte carlo  index = 175 ***
x

 volt         param     
             i_d_0.6    
    0.        102.4632p 
   50.00000m  525.7697p 
  100.00000m    2.6183n 
  150.00000m   12.2508n 
  200.00000m   51.9564n 
  250.00000m  195.3638n 
  300.00000m  641.0564n 
  350.00000m    1.7612u 
  400.00000m    3.9393u 
  450.00000m    7.3294u 
  500.00000m   11.8632u 
  550.00000m   17.3974u 
  600.00000m   23.7968u 
  650.00000m   30.9488u 
  700.00000m   38.7554u 
  750.00000m   47.1249u 
  800.00000m   55.9639u 
  850.00000m   65.1705u 
  900.00000m   74.6245u 
  950.00000m   84.1800u 
    1.00000    93.6719u 
y
 vth0_value= 244.3030m
 u0_param=  48.7510m
 ags_param= 425.6796m
 
   *** monte carlo  index = 176 ***
x

 volt         param     
             i_d_0.6    
    0.         50.2093p 
   50.00000m  258.4165p 
  100.00000m    1.3074n 
  150.00000m    6.3038n 
  200.00000m   27.9468n 
  250.00000m  110.5715n 
  300.00000m  385.0711n 
  350.00000m    1.1447u 
  400.00000m    2.7861u 
  450.00000m    5.5629u 
  500.00000m    9.4806u 
  550.00000m   14.4154u 
  600.00000m   20.2296u 
  650.00000m   26.8061u 
  700.00000m   34.0461u 
  750.00000m   41.8601u 
  800.00000m   50.1597u 
  850.00000m   58.8512u 
  900.00000m   67.8271u 
  950.00000m   76.9566u 
    1.00000    86.0843u 
y
 vth0_value= 264.8761m
 u0_param=  47.4045m
 ags_param= 402.1124m
 
   *** monte carlo  index = 177 ***
x

 volt         param     
             i_d_0.6    
    0.         55.2110p 
   50.00000m  284.2274p 
  100.00000m    1.4361n 
  150.00000m    6.9052n 
  200.00000m   30.4820n 
  250.00000m  119.9820n 
  300.00000m  415.3911n 
  350.00000m    1.2251u 
  400.00000m    2.9555u 
  450.00000m    5.8556u 
  500.00000m    9.9217u 
  550.00000m   15.0241u 
  600.00000m   21.0215u 
  650.00000m   27.7949u 
  700.00000m   35.2433u 
  750.00000m   43.2750u 
  800.00000m   51.7993u 
  850.00000m   60.7201u 
  900.00000m   69.9267u 
  950.00000m   79.2847u 
    1.00000    88.6351u 
y
 vth0_value= 262.7903m
 u0_param=  48.5686m
 ags_param= 433.8870m
 
   *** monte carlo  index = 178 ***
x

 volt         param     
             i_d_0.6    
    0.         25.1462p 
   50.00000m  128.8133p 
  100.00000m  658.9786p 
  150.00000m    3.2558n 
  200.00000m   15.0236n 
  250.00000m   62.5162n 
  300.00000m  230.1713n 
  350.00000m  735.6559n 
  400.00000m    1.9536u 
  450.00000m    4.2243u 
  500.00000m    7.6493u 
  550.00000m   12.1396u 
  600.00000m   17.5546u 
  650.00000m   23.7678u 
  700.00000m   30.6740u 
  750.00000m   38.1812u 
  800.00000m   46.2022u 
  850.00000m   54.6473u 
  900.00000m   63.4171u 
  950.00000m   72.3925u 
    1.00000    81.4284u 
y
 vth0_value= 286.0325m
 u0_param=  47.7237m
 ags_param= 410.4909m
 
   *** monte carlo  index = 179 ***
x

 volt         param     
             i_d_0.6    
    0.         88.3754p 
   50.00000m  454.1050p 
  100.00000m    2.2708n 
  150.00000m   10.7055n 
  200.00000m   45.8899n 
  250.00000m  174.6162n 
  300.00000m  581.2199n 
  350.00000m    1.6269u 
  400.00000m    3.7093u 
  450.00000m    7.0088u 
  500.00000m   11.4709u 
  550.00000m   16.9525u 
  600.00000m   23.3148u 
  650.00000m   30.4421u 
  700.00000m   38.2347u 
  750.00000m   46.5999u 
  800.00000m   55.4442u 
  850.00000m   64.6665u 
  900.00000m   74.1488u 
  950.00000m   83.7473u 
    1.00000    93.2976u 
y
 vth0_value= 249.0803m
 u0_param=  49.2526m
 ags_param= 416.7829m
 
   *** monte carlo  index = 180 ***
x

 volt         param     
             i_d_0.6    
    0.         47.7336p 
   50.00000m  245.7671p 
  100.00000m    1.2457n 
  150.00000m    6.0273n 
  200.00000m   26.8686n 
  250.00000m  107.0033n 
  300.00000m  375.3332n 
  350.00000m    1.1263u 
  400.00000m    2.7715u 
  450.00000m    5.5860u 
  500.00000m    9.5857u 
  550.00000m   14.6442u 
  600.00000m   20.6167u 
  650.00000m   27.3801u 
  700.00000m   34.8309u 
  750.00000m   42.8758u 
  800.00000m   51.4235u 
  850.00000m   60.3781u 
  900.00000m   69.6306u 
  950.00000m   79.0490u 
    1.00000    88.4764u 
y
 vth0_value= 267.6157m
 u0_param=  49.2393m
 ags_param= 404.9878m
 
   *** monte carlo  index = 181 ***
x

 volt         param     
             i_d_0.6    
    0.         49.8321p 
   50.00000m  256.5828p 
  100.00000m    1.2994n 
  150.00000m    6.2771n 
  200.00000m   27.9092n 
  250.00000m  110.7986n 
  300.00000m  387.2831n 
  350.00000m    1.1568u 
  400.00000m    2.8312u 
  450.00000m    5.6796u 
  500.00000m    9.7123u 
  550.00000m   14.8012u 
  600.00000m   20.8019u 
  650.00000m   27.5918u 
  700.00000m   35.0678u 
  750.00000m   43.1365u 
  800.00000m   51.7067u 
  850.00000m   60.6820u 
  900.00000m   69.9528u 
  950.00000m   79.3862u 
    1.00000    88.8243u 
y
 vth0_value= 266.3196m
 u0_param=  49.2414m
 ags_param= 411.9649m
 
   *** monte carlo  index = 182 ***
x

 volt         param     
             i_d_0.6    
    0.         61.7407p 
   50.00000m  317.8254p 
  100.00000m    1.6026n 
  150.00000m    7.6751n 
  200.00000m   33.6730n 
  250.00000m  131.5834n 
  300.00000m  451.7889n 
  350.00000m    1.3178u 
  400.00000m    3.1400u 
  450.00000m    6.1552u 
  500.00000m   10.3475u 
  550.00000m   15.5818u 
  600.00000m   21.7156u 
  650.00000m   28.6293u 
  700.00000m   36.2211u 
  750.00000m   44.3981u 
  800.00000m   53.0685u 
  850.00000m   62.1342u 
  900.00000m   71.4824u 
  950.00000m   80.9760u 
    1.00000    90.4542u 
y
 vth0_value= 259.8416m
 u0_param=  49.2072m
 ags_param= 425.5556m
 
   *** monte carlo  index = 183 ***
x

 volt         param     
             i_d_0.6    
    0.         57.3876p 
   50.00000m  295.4870p 
  100.00000m    1.4925n 
  150.00000m    7.1714n 
  200.00000m   31.6221n 
  250.00000m  124.3012n 
  300.00000m  429.6526n 
  350.00000m    1.2644u 
  400.00000m    3.0428u 
  450.00000m    6.0155u 
  500.00000m   10.1755u 
  550.00000m   15.3892u 
  600.00000m   21.5122u 
  650.00000m   28.4228u 
  700.00000m   36.0180u 
  750.00000m   44.2044u 
  800.00000m   52.8895u 
  850.00000m   61.9756u 
  900.00000m   71.3505u 
  950.00000m   80.8782u 
    1.00000    90.3985u 
y
 vth0_value= 262.2638m
 u0_param=  49.5478m
 ags_param= 421.6426m
 
   *** monte carlo  index = 184 ***
x

 volt         param     
             i_d_0.6    
    0.         52.2908p 
   50.00000m  269.2392p 
  100.00000m    1.3622n 
  150.00000m    6.5673n 
  200.00000m   29.1097n 
  250.00000m  115.1382n 
  300.00000m  400.7888n 
  350.00000m    1.1906u 
  400.00000m    2.8956u 
  450.00000m    5.7771u 
  500.00000m    9.8388u 
  550.00000m   14.9513u 
  600.00000m   20.9708u 
  650.00000m   27.7756u 
  700.00000m   35.2632u 
  750.00000m   43.3406u 
  800.00000m   51.9164u 
  850.00000m   60.8943u 
  900.00000m   70.1640u 
  950.00000m   79.5921u 
    1.00000    89.0204u 
y
 vth0_value= 264.7986m
 u0_param=  49.1349m
 ags_param= 404.4488m
 
   *** monte carlo  index = 185 ***
x

 volt         param     
             i_d_0.6    
    0.         28.1461p 
   50.00000m  144.3934p 
  100.00000m  737.5896p 
  150.00000m    3.6311n 
  200.00000m   16.6522n 
  250.00000m   68.7296n 
  300.00000m  250.7957n 
  350.00000m  792.5336n 
  400.00000m    2.0749u 
  450.00000m    4.4261u 
  500.00000m    7.9304u 
  550.00000m   12.4918u 
  600.00000m   17.9697u 
  650.00000m   24.2393u 
  700.00000m   31.1969u 
  750.00000m   38.7510u 
  800.00000m   46.8144u 
  850.00000m   55.2968u 
  900.00000m   64.0976u 
  950.00000m   73.0956u 
    1.00000    82.1437u 
y
 vth0_value= 282.5360m
 u0_param=  47.6234m
 ags_param= 423.6296m
 
   *** monte carlo  index = 186 ***
x

 volt         param     
             i_d_0.6    
    0.         76.6792p 
   50.00000m  394.3886p 
  100.00000m    1.9792n 
  150.00000m    9.3928n 
  200.00000m   40.6508n 
  250.00000m  156.3682n 
  300.00000m  527.1894n 
  350.00000m    1.5008u 
  400.00000m    3.4833u 
  450.00000m    6.6788u 
  500.00000m   11.0472u 
  550.00000m   16.4474u 
  600.00000m   22.7385u 
  650.00000m   29.8026u 
  700.00000m   37.5389u 
  750.00000m   45.8542u 
  800.00000m   54.6556u 
  850.00000m   63.8430u 
  900.00000m   73.3003u 
  950.00000m   82.8864u 
    1.00000    92.4381u 
y
 vth0_value= 253.4581m
 u0_param=  49.4186m
 ags_param= 411.7325m
 
   *** monte carlo  index = 187 ***
x

 volt         param     
             i_d_0.6    
    0.         63.5229p 
   50.00000m  326.9993p 
  100.00000m    1.6481n 
  150.00000m    7.8860n 
  200.00000m   34.5510n 
  250.00000m  134.7961n 
  300.00000m  461.9522n 
  350.00000m    1.3440u 
  400.00000m    3.1936u 
  450.00000m    6.2456u 
  500.00000m   10.4807u 
  550.00000m   15.7622u 
  600.00000m   21.9468u 
  650.00000m   28.9140u 
  700.00000m   36.5617u 
  750.00000m   44.7964u 
  800.00000m   53.5254u 
  850.00000m   62.6503u 
  900.00000m   72.0576u 
  950.00000m   81.6095u 
    1.00000    91.1447u 
y
 vth0_value= 259.1937m
 u0_param=  49.5296m
 ags_param= 413.3831m
 
   *** monte carlo  index = 188 ***
x

 volt         param     
             i_d_0.6    
    0.        156.6140p 
   50.00000m  800.4674p 
  100.00000m    3.9434n 
  150.00000m   18.1047n 
  200.00000m   74.8302n 
  250.00000m  273.4633n 
  300.00000m  865.8578n 
  350.00000m    2.2728u 
  400.00000m    4.8613u 
  450.00000m    8.7296u 
  500.00000m   13.7742u 
  550.00000m   19.8401u 
  600.00000m   26.7892u 
  650.00000m   34.5064u 
  700.00000m   42.8902u 
  750.00000m   51.8438u 
  800.00000m   61.2679u 
  850.00000m   71.0527u 
  900.00000m   81.0685u 
  950.00000m   91.1590u 
    1.00000   101.1527u 
y
 vth0_value= 233.1615m
 u0_param=  51.2804m
 ags_param= 423.4550m
 
   *** monte carlo  index = 189 ***
x

 volt         param     
             i_d_0.6    
    0.        120.9454p 
   50.00000m  619.6819p 
  100.00000m    3.0727n 
  150.00000m   14.2671n 
  200.00000m   59.8697n 
  250.00000m  222.4904n 
  300.00000m  719.5724n 
  350.00000m    1.9403u 
  400.00000m    4.2596u 
  450.00000m    7.8078u 
  500.00000m   12.5028u 
  550.00000m   18.1979u 
  600.00000m   24.7582u 
  650.00000m   32.0714u 
  700.00000m   40.0391u 
  750.00000m   48.5685u 
  800.00000m   57.5645u 
  850.00000m   66.9229u 
  900.00000m   76.5203u 
  950.00000m   86.2070u 
    1.00000    95.8162u 
y
 vth0_value= 239.6581m
 u0_param=  49.2758m
 ags_param= 424.9027m
 
   *** monte carlo  index = 190 ***
x

 volt         param     
             i_d_0.6    
    0.        188.5180p 
   50.00000m  960.8194p 
  100.00000m    4.7034n 
  150.00000m   21.3642n 
  200.00000m   87.0921n 
  250.00000m  313.5073n 
  300.00000m  973.5819n 
  350.00000m    2.4953u 
  400.00000m    5.2191u 
  450.00000m    9.2127u 
  500.00000m   14.3611u 
  550.00000m   20.5111u 
  600.00000m   27.5286u 
  650.00000m   35.3012u 
  700.00000m   43.7290u 
  750.00000m   52.7158u 
  800.00000m   62.1615u 
  850.00000m   71.9549u 
  900.00000m   81.9636u 
  950.00000m   92.0283u 
    1.00000   101.9780u 
y
 vth0_value= 227.3113m
 u0_param=  50.8578m
 ags_param= 421.9700m
 
   *** monte carlo  index = 191 ***
x

 volt         param     
             i_d_0.6    
    0.        100.2107p 
   50.00000m  514.4230p 
  100.00000m    2.5643n 
  150.00000m   12.0199n 
  200.00000m   51.1042n 
  250.00000m  192.6836n 
  300.00000m  634.3272n 
  350.00000m    1.7501u 
  400.00000m    3.9313u 
  450.00000m    7.3394u 
  500.00000m   11.9079u 
  550.00000m   17.4915u 
  600.00000m   23.9523u 
  650.00000m   31.1756u 
  700.00000m   39.0619u 
  750.00000m   47.5181u 
  800.00000m   56.4500u 
  850.00000m   65.7548u 
  900.00000m   75.3123u 
  950.00000m   84.9761u 
    1.00000    94.5801u 
y
 vth0_value= 245.4160m
 u0_param=  49.4307m
 ags_param= 423.7963m
 
   *** monte carlo  index = 192 ***
x

 volt         param     
             i_d_0.6    
    0.         72.6857p 
   50.00000m  373.9615p 
  100.00000m    1.8791n 
  150.00000m    8.9393n 
  200.00000m   38.8267n 
  250.00000m  149.9620n 
  300.00000m  508.0003n 
  350.00000m    1.4554u 
  400.00000m    3.4006u 
  450.00000m    6.5570u 
  500.00000m   10.8900u 
  550.00000m   16.2596u 
  600.00000m   22.5241u 
  650.00000m   29.5646u 
  700.00000m   37.2799u 
  750.00000m   45.5768u 
  800.00000m   54.3623u 
  850.00000m   63.5366u 
  900.00000m   72.9847u 
  950.00000m   82.5663u 
    1.00000    92.1188u 
y
 vth0_value= 255.1107m
 u0_param=  49.4860m
 ags_param= 408.6215m
 
   *** monte carlo  index = 193 ***
x

 volt         param     
             i_d_0.6    
    0.         42.7213p 
   50.00000m  219.8863p 
  100.00000m    1.1165n 
  150.00000m    5.4232n 
  200.00000m   24.3241n 
  250.00000m   97.5982n 
  300.00000m  345.2168n 
  350.00000m    1.0475u 
  400.00000m    2.6110u 
  450.00000m    5.3232u 
  500.00000m    9.2139u 
  550.00000m   14.1623u 
  600.00000m   20.0243u 
  650.00000m   26.6768u 
  700.00000m   34.0163u 
  750.00000m   41.9501u 
  800.00000m   50.3880u 
  850.00000m   59.2353u 
  900.00000m   68.3848u 
  950.00000m   77.7068u 
    1.00000    87.0462u 
y
 vth0_value= 270.7019m
 u0_param=  48.8374m
 ags_param= 415.1014m
 
   *** monte carlo  index = 194 ***
x

 volt         param     
             i_d_0.6    
    0.        108.2675p 
   50.00000m  555.5064p 
  100.00000m    2.7645n 
  150.00000m   12.9190n 
  200.00000m   54.6931n 
  250.00000m  205.2332n 
  300.00000m  671.6958n 
  350.00000m    1.8391u 
  400.00000m    4.0994u 
  450.00000m    7.6054u 
  500.00000m   12.2836u 
  550.00000m   17.9854u 
  600.00000m   24.5714u 
  650.00000m   31.9258u 
  700.00000m   39.9480u 
  750.00000m   48.5436u 
  800.00000m   57.6170u 
  850.00000m   67.0637u 
  900.00000m   76.7615u 
  950.00000m   86.5619u 
    1.00000    96.2974u 
y
 vth0_value= 243.5390m
 u0_param=  50.1272m
 ags_param= 421.1019m
 
   *** monte carlo  index = 195 ***
x

 volt         param     
             i_d_0.6    
    0.        150.7274p 
   50.00000m  770.2857p 
  100.00000m    3.7948n 
  150.00000m   17.4230n 
  200.00000m   72.0217n 
  250.00000m  263.2669n 
  300.00000m  833.9288n 
  350.00000m    2.1902u 
  400.00000m    4.6874u 
  450.00000m    8.4221u 
  500.00000m   13.2958u 
  550.00000m   19.1601u 
  600.00000m   25.8822u 
  650.00000m   33.3513u 
  700.00000m   41.4696u 
  750.00000m   50.1432u 
  800.00000m   59.2759u 
  850.00000m   68.7605u 
  900.00000m   78.4699u 
  950.00000m   88.2501u 
    1.00000    97.9332u 
y
 vth0_value= 233.1828m
 u0_param=  49.5061m
 ags_param= 422.1848m
 
   *** monte carlo  index = 196 ***
x

 volt         param     
             i_d_0.6    
    0.         65.2498p 
   50.00000m  335.9516p 
  100.00000m    1.6932n 
  150.00000m    8.1004n 
  200.00000m   35.4812n 
  250.00000m  138.3779n 
  300.00000m  474.0019n 
  350.00000m    1.3782u 
  400.00000m    3.2723u 
  450.00000m    6.3950u 
  500.00000m   10.7252u 
  550.00000m   16.1222u 
  600.00000m   22.4390u 
  650.00000m   29.5523u 
  700.00000m   37.3576u 
  750.00000m   45.7592u 
  800.00000m   54.6629u 
  850.00000m   63.9683u 
  900.00000m   73.5603u 
  950.00000m   83.2998u 
    1.00000    93.0236u 
y
 vth0_value= 259.0860m
 u0_param=  50.6256m
 ags_param= 410.8343m
 
   *** monte carlo  index = 197 ***
x

 volt         param     
             i_d_0.6    
    0.         61.5392p 
   50.00000m  316.8399p 
  100.00000m    1.5982n 
  150.00000m    7.6596n 
  200.00000m   33.6399n 
  250.00000m  131.6115n 
  300.00000m  452.4823n 
  350.00000m    1.3221u 
  400.00000m    3.1563u 
  450.00000m    6.1972u 
  500.00000m   10.4300u 
  550.00000m   15.7180u 
  600.00000m   21.9164u 
  650.00000m   28.9037u 
  700.00000m   36.5767u 
  750.00000m   44.8413u 
  800.00000m   53.6045u 
  850.00000m   62.7675u 
  900.00000m   72.2167u 
  950.00000m   81.8145u 
    1.00000    91.3990u 
y
 vth0_value= 260.3471m
 u0_param=  49.8377m
 ags_param= 429.2218m
 
   *** monte carlo  index = 198 ***
x

 volt         param     
             i_d_0.6    
    0.         54.9372p 
   50.00000m  282.8839p 
  100.00000m    1.4301n 
  150.00000m    6.8835n 
  200.00000m   30.4341n 
  250.00000m  120.0123n 
  300.00000m  416.3221n 
  350.00000m    1.2311u 
  400.00000m    2.9786u 
  450.00000m    5.9158u 
  500.00000m   10.0413u 
  550.00000m   15.2229u 
  600.00000m   21.3158u 
  650.00000m   28.1978u 
  700.00000m   35.7658u 
  750.00000m   43.9261u 
  800.00000m   52.5867u 
  850.00000m   61.6500u 
  900.00000m   71.0047u 
  950.00000m   80.5155u 
    1.00000    90.0230u 
y
 vth0_value= 263.5652m
 u0_param=  49.5276m
 ags_param= 418.6591m
 
   *** monte carlo  index = 199 ***
x

 volt         param     
             i_d_0.6    
    0.         75.3880p 
   50.00000m  387.8234p 
  100.00000m    1.9474n 
  150.00000m    9.2522n 
  200.00000m   40.1074n 
  250.00000m  154.5613n 
  300.00000m  522.2019n 
  350.00000m    1.4908u 
  400.00000m    3.4704u 
  450.00000m    6.6704u 
  500.00000m   11.0527u 
  550.00000m   16.4757u 
  600.00000m   22.7966u 
  650.00000m   29.8964u 
  700.00000m   37.6734u 
  750.00000m   46.0338u 
  800.00000m   54.8838u 
  850.00000m   64.1231u 
  900.00000m   73.6355u 
  950.00000m   83.2798u 
    1.00000    92.8923u 
y
 vth0_value= 254.2114m
 u0_param=  49.7944m
 ags_param= 413.4778m
 
   *** monte carlo  index = 200 ***
x

 volt         param     
             i_d_0.6    
    0.         68.7448p 
   50.00000m  353.7422p 
  100.00000m    1.7794n 
  150.00000m    8.4827n 
  200.00000m   36.9582n 
  250.00000m  143.2584n 
  300.00000m  487.3288n 
  350.00000m    1.4039u 
  400.00000m    3.3003u 
  450.00000m    6.3960u 
  500.00000m   10.6623u 
  550.00000m   15.9616u 
  600.00000m   22.1529u 
  650.00000m   29.1177u 
  700.00000m   36.7554u 
  750.00000m   44.9732u 
  800.00000m   53.6790u 
  850.00000m   62.7742u 
  900.00000m   72.1445u 
  950.00000m   81.6514u 
    1.00000    91.1330u 
y
 vth0_value= 256.5540m
 u0_param=  49.1256m
 ags_param= 411.4127m
 
   *** monte carlo  index = 201 ***
x

 volt         param     
             i_d_0.6    
    0.         48.3615p 
   50.00000m  249.0112p 
  100.00000m    1.2619n 
  150.00000m    6.1033n 
  200.00000m   27.1902n 
  250.00000m  108.2012n 
  300.00000m  379.2082n 
  350.00000m    1.1367u 
  400.00000m    2.7932u 
  450.00000m    5.6232u 
  500.00000m    9.6411u 
  550.00000m   14.7197u 
  600.00000m   20.7140u 
  650.00000m   27.5005u 
  700.00000m   34.9756u 
  750.00000m   43.0458u 
  800.00000m   51.6195u 
  850.00000m   60.6006u 
  900.00000m   69.8796u 
  950.00000m   79.3240u 
    1.00000    88.7765u 
y
 vth0_value= 267.3025m
 u0_param=  49.3642m
 ags_param= 411.3870m
 
   *** monte carlo  index = 202 ***
x

 volt         param     
             i_d_0.6    
    0.         83.0035p 
   50.00000m  426.6521p 
  100.00000m    2.1365n 
  150.00000m   10.0983n 
  200.00000m   43.4489n 
  250.00000m  166.0270n 
  300.00000m  555.4246n 
  350.00000m    1.5651u 
  400.00000m    3.5933u 
  450.00000m    6.8286u 
  500.00000m   11.2227u 
  550.00000m   16.6347u 
  600.00000m   22.9260u 
  650.00000m   29.9812u 
  700.00000m   37.7011u 
  750.00000m   45.9934u 
  800.00000m   54.7653u 
  850.00000m   63.9168u 
  900.00000m   73.3307u 
  950.00000m   82.8646u 
    1.00000    92.3547u 
y
 vth0_value= 250.7658m
 u0_param=  48.9453m
 ags_param= 431.7206m
 
   *** monte carlo  index = 203 ***
x

 volt         param     
             i_d_0.6    
    0.         95.5099p 
   50.00000m  490.4836p 
  100.00000m    2.4480n 
  150.00000m   11.5003n 
  200.00000m   49.0491n 
  250.00000m  185.5865n 
  300.00000m  613.5653n 
  350.00000m    1.7022u 
  400.00000m    3.8456u 
  450.00000m    7.2123u 
  500.00000m   11.7404u 
  550.00000m   17.2854u 
  600.00000m   23.7089u 
  650.00000m   30.8959u 
  700.00000m   38.7469u 
  750.00000m   47.1688u 
  800.00000m   56.0676u 
  850.00000m   65.3415u 
  900.00000m   74.8707u 
  950.00000m   84.5102u 
    1.00000    94.0943u 
y
 vth0_value= 246.8201m
 u0_param=  49.3676m
 ags_param= 419.9884m
 
   *** monte carlo  index = 204 ***
x

 volt         param     
             i_d_0.6    
    0.         66.2340p 
   50.00000m  340.8350p 
  100.00000m    1.7156n 
  150.00000m    8.1881n 
  200.00000m   35.7389n 
  250.00000m  138.8247n 
  300.00000m  473.4115n 
  350.00000m    1.3683u 
  400.00000m    3.2282u 
  450.00000m    6.2751u 
  500.00000m   10.4843u 
  550.00000m   15.7202u 
  600.00000m   21.8428u 
  650.00000m   28.7345u 
  700.00000m   36.2954u 
  750.00000m   44.4335u 
  800.00000m   53.0575u 
  850.00000m   62.0696u 
  900.00000m   71.3569u 
  950.00000m   80.7818u 
    1.00000    90.1838u 
y
 vth0_value= 257.3982m
 u0_param=  48.7047m
 ags_param= 405.5599m
 
   *** monte carlo  index = 205 ***
x

 volt         param     
             i_d_0.6    
    0.        212.1801p 
   50.00000m    1.0790n 
  100.00000m    5.2563n 
  150.00000m   23.6884n 
  200.00000m   95.6159n 
  250.00000m  340.4908n 
  300.00000m    1.0426u 
  350.00000m    2.6274u 
  400.00000m    5.4116u 
  450.00000m    9.4419u 
  500.00000m   14.5991u 
  550.00000m   20.7336u 
  600.00000m   27.7160u 
  650.00000m   35.4376u 
  700.00000m   43.8004u 
  750.00000m   52.7096u 
  800.00000m   62.0660u 
  850.00000m   71.7577u 
  900.00000m   81.6509u 
  950.00000m   91.5855u 
    1.00000   101.3924u 
y
 vth0_value= 223.1491m
 u0_param=  49.9236m
 ags_param= 427.5973m
 
   *** monte carlo  index = 206 ***
x

 volt         param     
             i_d_0.6    
    0.        108.8531p 
   50.00000m  558.6911p 
  100.00000m    2.7820n 
  150.00000m   13.0133n 
  200.00000m   55.1663n 
  250.00000m  207.3025n 
  300.00000m  679.5861n 
  350.00000m    1.8646u 
  400.00000m    4.1651u 
  450.00000m    7.7398u 
  500.00000m   12.5141u 
  550.00000m   18.3353u 
  600.00000m   25.0598u 
  650.00000m   32.5686u 
  700.00000m   40.7584u 
  750.00000m   49.5325u 
  800.00000m   58.7934u 
  850.00000m   68.4351u 
  900.00000m   78.3340u 
  950.00000m   88.3401u 
    1.00000    98.2841u 
y
 vth0_value= 244.1487m
 u0_param=  51.3492m
 ags_param= 422.3729m
 
   *** monte carlo  index = 207 ***
x

 volt         param     
             i_d_0.6    
    0.         66.3232p 
   50.00000m  341.2415p 
  100.00000m    1.7171n 
  150.00000m    8.1904n 
  200.00000m   35.7182n 
  250.00000m  138.6100n 
  300.00000m  472.1738n 
  350.00000m    1.3629u 
  400.00000m    3.2104u 
  450.00000m    6.2328u 
  500.00000m   10.4045u 
  550.00000m   15.5919u 
  600.00000m   21.6569u 
  650.00000m   28.4836u 
  700.00000m   35.9735u 
  750.00000m   44.0355u 
  800.00000m   52.5793u 
  850.00000m   61.5078u 
  900.00000m   70.7084u 
  950.00000m   80.0439u 
    1.00000    89.3542u 
y
 vth0_value= 256.9861m
 u0_param=  48.1429m
 ags_param= 421.0501m
 
   *** monte carlo  index = 208 ***
x

 volt         param     
             i_d_0.6    
    0.        129.1389p 
   50.00000m  661.1970p 
  100.00000m    3.2725n 
  150.00000m   15.1456n 
  200.00000m   63.2776n 
  250.00000m  234.0202n 
  300.00000m  752.3075n 
  350.00000m    2.0130u 
  400.00000m    4.3859u 
  450.00000m    7.9917u 
  500.00000m   12.7429u 
  550.00000m   18.4922u 
  600.00000m   25.1051u 
  650.00000m   32.4699u 
  700.00000m   40.4882u 
  750.00000m   49.0668u 
  800.00000m   58.1102u 
  850.00000m   67.5133u 
  900.00000m   77.1515u 
  950.00000m   86.8736u 
    1.00000    96.5121u 
y
 vth0_value= 237.7525m
 u0_param=  49.3782m
 ags_param= 430.3532m
 
   *** monte carlo  index = 209 ***
x

 volt         param     
             i_d_0.6    
    0.        131.2655p 
   50.00000m  672.2708p 
  100.00000m    3.3287n 
  150.00000m   15.4159n 
  200.00000m   64.4627n 
  250.00000m  238.6094n 
  300.00000m  767.8241n 
  350.00000m    2.0570u 
  400.00000m    4.4872u 
  450.00000m    8.1832u 
  500.00000m   13.0550u 
  550.00000m   18.9502u 
  600.00000m   25.7301u 
  650.00000m   33.2792u 
  700.00000m   41.4963u 
  750.00000m   50.2857u 
  800.00000m   59.5498u 
  850.00000m   69.1814u 
  900.00000m   79.0542u 
  950.00000m   89.0151u 
    1.00000    98.8942u 
y
 vth0_value= 238.1497m
 u0_param=  50.7634m
 ags_param= 433.5582m
 
   *** monte carlo  index = 210 ***
x

 volt         param     
             i_d_0.6    
    0.         58.6063p 
   50.00000m  301.7056p 
  100.00000m    1.5228n 
  150.00000m    7.3067n 
  200.00000m   32.1499n 
  250.00000m  126.0617n 
  300.00000m  434.5284n 
  350.00000m    1.2741u 
  400.00000m    3.0535u 
  450.00000m    6.0156u 
  500.00000m   10.1500u 
  550.00000m   15.3241u 
  600.00000m   21.3959u 
  650.00000m   28.2459u 
  700.00000m   35.7728u 
  750.00000m   43.8842u 
  800.00000m   52.4886u 
  850.00000m   61.4890u 
  900.00000m   70.7736u 
  950.00000m   80.2064u 
    1.00000    89.6277u 
y
 vth0_value= 261.2281m
 u0_param=  48.9275m
 ags_param= 427.3474m
 
   *** monte carlo  index = 211 ***
x

 volt         param     
             i_d_0.6    
    0.         33.9868p 
   50.00000m  174.6670p 
  100.00000m  889.7349p 
  150.00000m    4.3521n 
  200.00000m   19.7450n 
  250.00000m   80.3733n 
  300.00000m  288.8648n 
  350.00000m  895.1298n 
  400.00000m    2.2878u 
  450.00000m    4.7719u 
  500.00000m    8.4039u 
  550.00000m   13.0773u 
  600.00000m   18.6522u 
  650.00000m   25.0069u 
  700.00000m   32.0398u 
  750.00000m   39.6604u 
  800.00000m   47.7814u 
  850.00000m   56.3118u 
  900.00000m   65.1489u 
  950.00000m   74.1688u 
    1.00000    83.2215u 
y
 vth0_value= 276.6721m
 u0_param=  47.4112m
 ags_param= 417.7028m
 
   *** monte carlo  index = 212 ***
x

 volt         param     
             i_d_0.6    
    0.        181.6873p 
   50.00000m  926.2096p 
  100.00000m    4.5367n 
  150.00000m   20.6283n 
  200.00000m   84.2046n 
  250.00000m  303.5776n 
  300.00000m  944.6663n 
  350.00000m    2.4272u 
  400.00000m    5.0886u 
  450.00000m    8.9989u 
  500.00000m   14.0470u 
  550.00000m   20.0829u 
  600.00000m   26.9748u 
  650.00000m   34.6124u 
  700.00000m   42.8974u 
  750.00000m   51.7352u 
  800.00000m   61.0274u 
  850.00000m   70.6641u 
  900.00000m   80.5143u 
  950.00000m   90.4203u 
    1.00000   100.2127u 
y
 vth0_value= 227.8560m
 u0_param=  49.9696m
 ags_param= 427.6499m
 
   *** monte carlo  index = 213 ***
x

 volt         param     
             i_d_0.6    
    0.        100.4173p 
   50.00000m  515.3574p 
  100.00000m    2.5677n 
  150.00000m   12.0254n 
  200.00000m   51.0667n 
  250.00000m  192.2954n 
  300.00000m  632.0993n 
  350.00000m    1.7406u 
  400.00000m    3.9023u 
  450.00000m    7.2741u 
  500.00000m   11.7896u 
  550.00000m   17.3061u 
  600.00000m   23.6881u 
  650.00000m   30.8230u 
  700.00000m   38.6130u 
  750.00000m   46.9663u 
  800.00000m   55.7897u 
  850.00000m   64.9815u 
  900.00000m   74.4219u 
  950.00000m   83.9652u 
    1.00000    93.4463u 
y
 vth0_value= 244.8757m
 u0_param=  48.6995m
 ags_param= 432.5107m
 
   *** monte carlo  index = 214 ***
x

 volt         param     
             i_d_0.6    
    0.         28.4165p 
   50.00000m  145.8060p 
  100.00000m  744.8124p 
  150.00000m    3.6665n 
  200.00000m   16.8130n 
  250.00000m   69.3845n 
  300.00000m  253.1434n 
  350.00000m  799.7642n 
  400.00000m    2.0932u 
  450.00000m    4.4638u 
  500.00000m    7.9960u 
  550.00000m   12.5924u 
  600.00000m   18.1113u 
  650.00000m   24.4267u 
  700.00000m   31.4341u 
  750.00000m   39.0414u 
  800.00000m   47.1605u 
  850.00000m   55.7008u 
  900.00000m   64.5609u 
  950.00000m   73.6194u 
    1.00000    82.7286u 
y
 vth0_value= 282.4887m
 u0_param=  47.9877m
 ags_param= 416.8809m
 
   *** monte carlo  index = 215 ***
x

 volt         param     
             i_d_0.6    
    0.        140.7869p 
   50.00000m  720.2661p 
  100.00000m    3.5573n 
  150.00000m   16.4029n 
  200.00000m   68.1898n 
  250.00000m  250.8011n 
  300.00000m  800.6524n 
  350.00000m    2.1235u 
  400.00000m    4.5871u 
  450.00000m    8.3018u 
  500.00000m   13.1730u 
  550.00000m   19.0505u 
  600.00000m   25.7986u 
  650.00000m   33.3043u 
  700.00000m   41.4681u 
  750.00000m   50.1956u 
  800.00000m   59.3897u 
  850.00000m   68.9432u 
  900.00000m   78.7295u 
  950.00000m   88.5949u 
    1.00000    98.3705u 
y
 vth0_value= 235.6172m
 u0_param=  50.0956m
 ags_param= 430.6471m
 
   *** monte carlo  index = 216 ***
x

 volt         param     
             i_d_0.6    
    0.         92.1528p 
   50.00000m  473.5026p 
  100.00000m    2.3666n 
  150.00000m   11.1466n 
  200.00000m   47.7143n 
  250.00000m  181.2644n 
  300.00000m  602.1416n 
  350.00000m    1.6810u 
  400.00000m    3.8220u 
  450.00000m    7.2051u 
  500.00000m   11.7717u 
  550.00000m   17.3748u 
  600.00000m   23.8727u 
  650.00000m   31.1473u 
  700.00000m   39.0969u 
  750.00000m   47.6270u 
  800.00000m   56.6423u 
  850.00000m   66.0401u 
  900.00000m   75.7004u 
  950.00000m   85.4777u 
    1.00000    95.2056u 
y
 vth0_value= 248.4653m
 u0_param=  50.2520m
 ags_param= 418.7576m
 
   *** monte carlo  index = 217 ***
x

 volt         param     
             i_d_0.6    
    0.         61.0745p 
   50.00000m  314.4592p 
  100.00000m    1.5865n 
  150.00000m    7.6064n 
  200.00000m   33.4255n 
  250.00000m  130.8602n 
  300.00000m  450.2388n 
  350.00000m    1.3168u 
  400.00000m    3.1473u 
  450.00000m    6.1853u 
  500.00000m   10.4169u 
  550.00000m   15.7056u 
  600.00000m   21.9061u 
  650.00000m   28.8966u 
  700.00000m   36.5736u 
  750.00000m   44.8429u 
  800.00000m   53.6115u 
  850.00000m   62.7805u 
  900.00000m   72.2364u 
  950.00000m   81.8419u 
    1.00000    91.4353u 
y
 vth0_value= 260.6228m
 u0_param=  49.9120m
 ags_param= 420.4696m
 
   *** monte carlo  index = 218 ***
x

 volt         param     
             i_d_0.6    
    0.        107.7761p 
   50.00000m  552.8496p 
  100.00000m    2.7501n 
  150.00000m   12.8421n 
  200.00000m   54.3129n 
  250.00000m  203.5904n 
  300.00000m  665.4988n 
  350.00000m    1.8193u 
  400.00000m    4.0488u 
  450.00000m    7.5026u 
  500.00000m   12.1080u 
  550.00000m   17.7194u 
  600.00000m   24.2009u 
  650.00000m   31.4389u 
  700.00000m   39.3349u 
  750.00000m   47.7961u 
  800.00000m   56.7283u 
  850.00000m   66.0284u 
  900.00000m   75.5751u 
  950.00000m   85.2208u 
    1.00000    94.7994u 
y
 vth0_value= 243.0815m
 u0_param=  49.2073m
 ags_param= 425.7276m
 
   *** monte carlo  index = 219 ***
x

 volt         param     
             i_d_0.6    
    0.         47.2760p 
   50.00000m  243.3817p 
  100.00000m    1.2335n 
  150.00000m    5.9684n 
  200.00000m   26.6045n 
  250.00000m  105.9480n 
  300.00000m  371.6318n 
  350.00000m    1.1153u 
  400.00000m    2.7443u 
  450.00000m    5.5316u 
  500.00000m    9.4931u 
  550.00000m   14.5042u 
  600.00000m   20.4218u 
  650.00000m   27.1241u 
  700.00000m   34.5088u 
  750.00000m   42.4834u 
  800.00000m   50.9577u 
  850.00000m   59.8363u 
  900.00000m   69.0107u 
  950.00000m   78.3495u 
    1.00000    87.6961u 
y
 vth0_value= 267.5881m
 u0_param=  48.7515m
 ags_param= 417.8501m
 
   *** monte carlo  index = 220 ***
x

 volt         param     
             i_d_0.6    
    0.        143.9467p 
   50.00000m  736.3259p 
  100.00000m    3.6351n 
  150.00000m   16.7491n 
  200.00000m   69.5599n 
  250.00000m  255.5540n 
  300.00000m  814.6475n 
  350.00000m    2.1566u 
  400.00000m    4.6505u 
  450.00000m    8.4045u 
  500.00000m   13.3221u 
  550.00000m   19.2514u 
  600.00000m   26.0558u 
  650.00000m   33.6213u 
  700.00000m   41.8478u 
  750.00000m   50.6401u 
  800.00000m   59.9005u 
  850.00000m   69.5212u 
  900.00000m   79.3750u 
  950.00000m   89.3079u 
    1.00000    99.1502u 
y
 vth0_value= 235.1969m
 u0_param=  50.4833m
 ags_param= 416.1825m
 
   *** monte carlo  index = 221 ***
x

 volt         param     
             i_d_0.6    
    0.         35.8508p 
   50.00000m  184.3564p 
  100.00000m  938.7464p 
  150.00000m    4.5874n 
  200.00000m   20.7787n 
  250.00000m   84.4034n 
  300.00000m  302.6258n 
  350.00000m  934.8065n 
  400.00000m    2.3800u 
  450.00000m    4.9466u 
  500.00000m    8.6875u 
  550.00000m   13.4909u 
  600.00000m   19.2134u 
  650.00000m   25.7303u 
  700.00000m   32.9374u 
  750.00000m   40.7423u 
  800.00000m   49.0555u 
  850.00000m   57.7840u 
  900.00000m   66.8231u 
  950.00000m   76.0465u 
    1.00000    85.3019u 
y
 vth0_value= 275.8149m
 u0_param=  48.5518m
 ags_param= 420.2053m
 
   *** monte carlo  index = 222 ***
x

 volt         param     
             i_d_0.6    
    0.        101.1724p 
   50.00000m  519.5351p 
  100.00000m    2.5913n 
  150.00000m   12.1579n 
  200.00000m   51.7590n 
  250.00000m  195.4233n 
  300.00000m  644.3615n 
  350.00000m    1.7814u 
  400.00000m    4.0098u 
  450.00000m    7.4974u 
  500.00000m   12.1766u 
  550.00000m   17.8972u 
  600.00000m   24.5164u 
  650.00000m   31.9158u 
  700.00000m   39.9928u 
  750.00000m   48.6518u 
  800.00000m   57.7964u 
  850.00000m   67.3220u 
  900.00000m   77.1069u 
  950.00000m   87.0035u 
    1.00000    96.8437u 
y
 vth0_value= 246.0229m
 u0_param=  50.8288m
 ags_param= 410.1428m
 
   *** monte carlo  index = 223 ***
x

 volt         param     
             i_d_0.6    
    0.        101.5641p 
   50.00000m  521.4222p 
  100.00000m    2.5994n 
  150.00000m   12.1853n 
  200.00000m   51.8125n 
  250.00000m  195.3679n 
  300.00000m  643.1849n 
  350.00000m    1.7746u 
  400.00000m    3.9864u 
  450.00000m    7.4418u 
  500.00000m   12.0731u 
  550.00000m   17.7322u 
  600.00000m   24.2790u 
  650.00000m   31.5969u 
  700.00000m   39.5848u 
  750.00000m   48.1484u 
  800.00000m   57.1923u 
  850.00000m   66.6129u 
  900.00000m   76.2888u 
  950.00000m   86.0731u 
    1.00000    95.7987u 
y
 vth0_value= 245.4716m
 u0_param=  50.1433m
 ags_param= 414.0203m
 
   *** monte carlo  index = 224 ***
x

 volt         param     
             i_d_0.6    
    0.        104.4611p 
   50.00000m  536.1251p 
  100.00000m    2.6704n 
  150.00000m   12.4983n 
  200.00000m   53.0267n 
  250.00000m  199.4607n 
  300.00000m  654.7341n 
  350.00000m    1.7996u 
  400.00000m    4.0269u 
  450.00000m    7.4941u 
  500.00000m   12.1311u 
  550.00000m   17.7903u 
  600.00000m   24.3324u 
  650.00000m   31.6418u 
  700.00000m   39.6181u 
  750.00000m   48.1673u 
  800.00000m   57.1941u 
  850.00000m   66.5950u 
  900.00000m   76.2482u 
  950.00000m   86.0065u 
    1.00000    95.7027u 
y
 vth0_value= 244.4933m
 u0_param=  49.9367m
 ags_param= 418.1482m
 
   *** monte carlo  index = 225 ***
x

 volt         param     
             i_d_0.6    
    0.         67.4513p 
   50.00000m  347.1910p 
  100.00000m    1.7480n 
  150.00000m    8.3463n 
  200.00000m   36.4510n 
  250.00000m  141.6785n 
  300.00000m  483.4444n 
  350.00000m    1.3985u 
  400.00000m    3.3020u 
  450.00000m    6.4230u 
  500.00000m   10.7357u 
  550.00000m   16.1005u 
  600.00000m   22.3730u 
  650.00000m   29.4321u 
  700.00000m   37.1751u 
  750.00000m   45.5074u 
  800.00000m   54.3357u 
  850.00000m   63.5602u 
  900.00000m   73.0660u 
  950.00000m   82.7136u 
    1.00000    92.3402u 
y
 vth0_value= 257.6875m
 u0_param=  49.9960m
 ags_param= 419.0343m
 
   *** monte carlo  index = 226 ***
x

 volt         param     
             i_d_0.6    
    0.         19.6294p 
   50.00000m  100.0972p 
  100.00000m  513.4311p 
  150.00000m    2.5550n 
  200.00000m   11.9394n 
  250.00000m   50.5451n 
  300.00000m  189.6632n 
  350.00000m  620.6580n 
  400.00000m    1.6987u 
  450.00000m    3.7843u 
  500.00000m    7.0160u 
  550.00000m   11.3235u 
  600.00000m   16.5683u 
  650.00000m   22.6211u 
  700.00000m   29.3747u 
  750.00000m   36.7363u 
  800.00000m   44.6190u 
  850.00000m   52.9348u 
  900.00000m   61.5870u 
  950.00000m   70.4611u 
    1.00000    79.4169u 
y
 vth0_value= 293.5292m
 u0_param=  47.6137m
 ags_param= 397.4202m
 
   *** monte carlo  index = 227 ***
x

 volt         param     
             i_d_0.6    
    0.         49.8694p 
   50.00000m  256.7082p 
  100.00000m    1.2994n 
  150.00000m    6.2705n 
  200.00000m   27.8369n 
  250.00000m  110.3121n 
  300.00000m  384.8372n 
  350.00000m    1.1466u 
  400.00000m    2.7981u 
  450.00000m    5.5995u 
  500.00000m    9.5586u 
  550.00000m   14.5502u 
  600.00000m   20.4341u 
  650.00000m   27.0911u 
  700.00000m   34.4208u 
  750.00000m   42.3321u 
  800.00000m   50.7356u 
  850.00000m   59.5366u 
  900.00000m   68.6266u 
  950.00000m   77.8738u 
    1.00000    87.1218u 
y
 vth0_value= 265.5474m
 u0_param=  48.1004m
 ags_param= 418.8123m
 
   *** monte carlo  index = 228 ***
x

 volt         param     
             i_d_0.6    
    0.        178.8251p 
   50.00000m  912.2474p 
  100.00000m    4.4745n 
  150.00000m   20.3919n 
  200.00000m   83.4800n 
  250.00000m  301.8913n 
  300.00000m  943.1024n 
  350.00000m    2.4348u 
  400.00000m    5.1269u 
  450.00000m    9.0963u 
  500.00000m   14.2307u 
  550.00000m   20.3759u 
  600.00000m   27.3958u 
  650.00000m   35.1769u 
  700.00000m   43.6185u 
  750.00000m   52.6237u 
  800.00000m   62.0927u 
  850.00000m   71.9143u 
  900.00000m   81.9565u 
  950.00000m   92.0609u 
    1.00000   102.0556u 
y
 vth0_value= 229.0943m
 u0_param=  51.1632m
 ags_param= 424.9363m
 
   *** monte carlo  index = 229 ***
x

 volt         param     
             i_d_0.6    
    0.         86.2115p 
   50.00000m  443.0511p 
  100.00000m    2.2168n 
  150.00000m   10.4616n 
  200.00000m   44.9114n 
  250.00000m  171.1808n 
  300.00000m  570.9341n 
  350.00000m    1.6024u 
  400.00000m    3.6635u 
  450.00000m    6.9379u 
  500.00000m   11.3735u 
  550.00000m   16.8280u 
  600.00000m   23.1627u 
  650.00000m   30.2618u 
  700.00000m   38.0259u 
  750.00000m   46.3624u 
  800.00000m   55.1781u 
  850.00000m   64.3723u 
  900.00000m   73.8274u 
  950.00000m   83.4004u 
    1.00000    92.9271u 
y
 vth0_value= 249.7539m
 u0_param=  49.1420m
 ags_param= 415.5690m
 
   *** monte carlo  index = 230 ***
x

 volt         param     
             i_d_0.6    
    0.         86.8217p 
   50.00000m  446.2248p 
  100.00000m    2.2329n 
  150.00000m   10.5389n 
  200.00000m   45.2515n 
  250.00000m  172.5091n 
  300.00000m  575.4725n 
  350.00000m    1.6155u 
  400.00000m    3.6944u 
  450.00000m    6.9977u 
  500.00000m   11.4727u 
  550.00000m   16.9755u 
  600.00000m   23.3658u 
  650.00000m   30.5268u 
  700.00000m   38.3580u 
  750.00000m   46.7658u 
  800.00000m   55.6565u 
  850.00000m   64.9284u 
  900.00000m   74.4634u 
  950.00000m   84.1176u 
    1.00000    93.7260u 
y
 vth0_value= 249.8434m
 u0_param=  49.6067m
 ags_param= 421.7021m
 
   *** monte carlo  index = 231 ***
x

 volt         param     
             i_d_0.6    
    0.        187.8087p 
   50.00000m  957.2299p 
  100.00000m    4.6861n 
  150.00000m   21.2884n 
  200.00000m   86.7963n 
  250.00000m  312.4967n 
  300.00000m  970.6678n 
  350.00000m    2.4885u 
  400.00000m    5.2064u 
  450.00000m    9.1921u 
  500.00000m   14.3312u 
  550.00000m   20.4707u 
  600.00000m   27.4767u 
  650.00000m   35.2371u 
  700.00000m   43.6522u 
  750.00000m   52.6256u 
  800.00000m   62.0578u 
  850.00000m   71.8374u 
  900.00000m   81.8320u 
  950.00000m   91.8827u 
    1.00000   101.8186u 
y
 vth0_value= 227.3737m
 u0_param=  50.7770m
 ags_param= 424.5205m
 
   *** monte carlo  index = 232 ***
x

 volt         param     
             i_d_0.6    
    0.        157.8199p 
   50.00000m  806.0126p 
  100.00000m    3.9648n 
  150.00000m   18.1571n 
  200.00000m   74.8058n 
  250.00000m  272.4453n 
  300.00000m  858.9846n 
  350.00000m    2.2430u 
  400.00000m    4.7739u 
  450.00000m    8.5412u 
  500.00000m   13.4433u 
  550.00000m   19.3321u 
  600.00000m   26.0755u 
  650.00000m   33.5634u 
  700.00000m   41.6981u 
  750.00000m   50.3862u 
  800.00000m   59.5308u 
  850.00000m   69.0246u 
  900.00000m   78.7395u 
  950.00000m   88.5208u 
    1.00000    98.2005u 
y
 vth0_value= 231.7559m
 u0_param=  49.4411m
 ags_param= 425.8105m
 
   *** monte carlo  index = 233 ***
x

 volt         param     
             i_d_0.6    
    0.        168.3475p 
   50.00000m  859.2684p 
  100.00000m    4.2204n 
  150.00000m   19.2784n 
  200.00000m   79.1598n 
  250.00000m  287.2314n 
  300.00000m  901.2414n 
  350.00000m    2.3393u 
  400.00000m    4.9508u 
  450.00000m    8.8186u 
  500.00000m   13.8357u 
  550.00000m   19.8509u 
  600.00000m   26.7304u 
  650.00000m   34.3622u 
  700.00000m   42.6474u 
  750.00000m   51.4907u 
  800.00000m   60.7938u 
  850.00000m   70.4476u 
  900.00000m   80.3220u 
  950.00000m   90.2605u 
    1.00000   100.0933u 
y
 vth0_value= 230.3509m
 u0_param=  50.2771m
 ags_param= 422.0289m
 
   *** monte carlo  index = 234 ***
x

 volt         param     
             i_d_0.6    
    0.         38.5697p 
   50.00000m  198.4186p 
  100.00000m    1.0091n 
  150.00000m    4.9183n 
  200.00000m   22.1815n 
  250.00000m   89.6140n 
  300.00000m  319.3975n 
  350.00000m  978.9451n 
  400.00000m    2.4692u 
  450.00000m    5.0884u 
  500.00000m    8.8791u 
  550.00000m   13.7260u 
  600.00000m   19.4862u 
  650.00000m   26.0361u 
  700.00000m   33.2725u 
  750.00000m   41.1033u 
  800.00000m   49.4389u 
  850.00000m   58.1860u 
  900.00000m   67.2391u 
  950.00000m   76.4706u 
    1.00000    85.7273u 
y
 vth0_value= 273.5462m
 u0_param=  48.4646m
 ags_param= 420.5908m
 
   *** monte carlo  index = 235 ***
x

 volt         param     
             i_d_0.6    
    0.         76.5355p 
   50.00000m  393.8610p 
  100.00000m    1.9787n 
  150.00000m    9.4083n 
  200.00000m   40.8319n 
  250.00000m  157.5515n 
  300.00000m  533.0273n 
  350.00000m    1.5244u 
  400.00000m    3.5552u 
  450.00000m    6.8436u 
  500.00000m   11.3508u 
  550.00000m   16.9301u 
  600.00000m   23.4333u 
  650.00000m   30.7370u 
  700.00000m   38.7359u 
  750.00000m   47.3331u 
  800.00000m   56.4325u 
  850.00000m   65.9313u 
  900.00000m   75.7109u 
  950.00000m   85.6281u 
    1.00000    95.5164u 
y
 vth0_value= 254.7689m
 u0_param=  51.3953m
 ags_param= 430.0699m
 
   *** monte carlo  index = 236 ***
x

 volt         param     
             i_d_0.6    
    0.        114.1569p 
   50.00000m  585.1647p 
  100.00000m    2.9054n 
  150.00000m   13.5226n 
  200.00000m   56.9313n 
  250.00000m  212.3398n 
  300.00000m  689.8584n 
  350.00000m    1.8710u 
  400.00000m    4.1313u 
  450.00000m    7.6075u 
  500.00000m   12.2225u 
  550.00000m   17.8317u 
  600.00000m   24.3012u 
  650.00000m   31.5192u 
  700.00000m   39.3883u 
  750.00000m   47.8165u 
  800.00000m   56.7098u 
  850.00000m   65.9654u 
  900.00000m   75.4613u 
  950.00000m   85.0496u 
    1.00000    94.5647u 
y
 vth0_value= 241.0769m
 u0_param=  48.7890m
 ags_param= 420.1106m
 
   *** monte carlo  index = 237 ***
x

 volt         param     
             i_d_0.6    
    0.         99.5292p 
   50.00000m  511.0363p 
  100.00000m    2.5487n 
  150.00000m   11.9569n 
  200.00000m   50.8975n 
  250.00000m  192.1556n 
  300.00000m  633.5690n 
  350.00000m    1.7515u 
  400.00000m    3.9426u 
  450.00000m    7.3722u 
  500.00000m   11.9747u 
  550.00000m   17.6030u 
  600.00000m   24.1172u 
  650.00000m   31.4012u 
  700.00000m   39.3543u 
  750.00000m   47.8824u 
  800.00000m   56.8905u 
  850.00000m   66.2753u 
  900.00000m   75.9160u 
  950.00000m   85.6658u 
    1.00000    95.3579u 
y
 vth0_value= 245.9579m
 u0_param=  49.9523m
 ags_param= 425.1441m
 
   *** monte carlo  index = 238 ***
x

 volt         param     
             i_d_0.6    
    0.         71.4294p 
   50.00000m  367.5114p 
  100.00000m    1.8473n 
  150.00000m    8.7930n 
  200.00000m   38.2253n 
  250.00000m  147.7911n 
  300.00000m  501.2516n 
  350.00000m    1.4383u 
  400.00000m    3.3667u 
  450.00000m    6.5011u 
  500.00000m   10.8089u 
  550.00000m   16.1510u 
  600.00000m   22.3860u 
  650.00000m   29.3956u 
  700.00000m   37.0788u 
  750.00000m   45.3426u 
  800.00000m   54.0944u 
  850.00000m   63.2349u 
  900.00000m   72.6493u 
  950.00000m   82.1978u 
    1.00000    91.7181u 
y
 vth0_value= 255.5210m
 u0_param=  49.3096m
 ags_param= 412.8569m
 
   *** monte carlo  index = 239 ***
x

 volt         param     
             i_d_0.6    
    0.         50.7281p 
   50.00000m  261.2675p 
  100.00000m    1.3234n 
  150.00000m    6.3948n 
  200.00000m   28.4452n 
  250.00000m  112.9805n 
  300.00000m  395.0896n 
  350.00000m    1.1808u 
  400.00000m    2.8917u 
  450.00000m    5.8040u 
  500.00000m    9.9281u 
  550.00000m   15.1325u 
  600.00000m   21.2685u 
  650.00000m   28.2103u 
  700.00000m   35.8519u 
  750.00000m   44.0979u 
  800.00000m   52.8549u 
  850.00000m   62.0247u 
  900.00000m   71.4958u 
  950.00000m   81.1335u 
    1.00000    90.7780u 
y
 vth0_value= 266.5460m
 u0_param=  50.4333m
 ags_param= 427.5434m
 
   *** monte carlo  index = 240 ***
x

 volt         param     
             i_d_0.6    
    0.        101.3018p 
   50.00000m  520.1280p 
  100.00000m    2.5935n 
  150.00000m   12.1624n 
  200.00000m   51.7434n 
  250.00000m  195.2224n 
  300.00000m  643.1549n 
  350.00000m    1.7761u 
  400.00000m    3.9935u 
  450.00000m    7.4606u 
  500.00000m   12.1097u 
  550.00000m   17.7922u 
  600.00000m   24.3669u 
  650.00000m   31.7165u 
  700.00000m   39.7394u 
  750.00000m   48.3407u 
  800.00000m   57.4247u 
  850.00000m   66.8872u 
  900.00000m   76.6068u 
  950.00000m   86.4359u 
    1.00000    96.2071u 
y
 vth0_value= 245.7155m
 u0_param=  50.4040m
 ags_param= 421.7552m
 
   *** monte carlo  index = 241 ***
x

 volt         param     
             i_d_0.6    
    0.        157.2605p 
   50.00000m  803.3936p 
  100.00000m    3.9542n 
  150.00000m   18.1263n 
  200.00000m   74.7717n 
  250.00000m  272.6805n 
  300.00000m  861.1432n 
  350.00000m    2.2532u 
  400.00000m    4.8048u 
  450.00000m    8.6087u 
  500.00000m   13.5627u 
  550.00000m   19.5161u 
  600.00000m   26.3346u 
  650.00000m   33.9063u 
  700.00000m   42.1322u 
  750.00000m   50.9174u 
  800.00000m   60.1644u 
  850.00000m   69.7648u 
  900.00000m   79.5900u 
  950.00000m   89.4847u 
    1.00000    99.2796u 
y
 vth0_value= 232.2986m
 u0_param=  50.1151m
 ags_param= 424.0592m
 
   *** monte carlo  index = 242 ***
x

 volt         param     
             i_d_0.6    
    0.        152.9256p 
   50.00000m  781.3927p 
  100.00000m    3.8479n 
  150.00000m   17.6551n 
  200.00000m   72.9158n 
  250.00000m  266.2719n 
  300.00000m  842.3826n 
  350.00000m    2.2089u 
  400.00000m    4.7203u 
  450.00000m    8.4714u 
  500.00000m   13.3626u 
  550.00000m   19.2451u 
  600.00000m   25.9861u 
  650.00000m   33.4746u 
  700.00000m   41.6128u 
  750.00000m   50.3067u 
  800.00000m   59.4596u 
  850.00000m   68.9643u 
  900.00000m   78.6932u 
  950.00000m   88.4919u 
    1.00000    98.1922u 
y
 vth0_value= 232.8011m
 u0_param=  49.5897m
 ags_param= 424.8740m
 
   *** monte carlo  index = 243 ***
x

 volt         param     
             i_d_0.6    
    0.        136.3842p 
   50.00000m  698.0640p 
  100.00000m    3.4514n 
  150.00000m   15.9450n 
  200.00000m   66.4544n 
  250.00000m  245.0937n 
  300.00000m  785.1436n 
  350.00000m    2.0914u 
  400.00000m    4.5370u 
  450.00000m    8.2381u 
  500.00000m   13.1022u 
  550.00000m   18.9785u 
  600.00000m   25.7301u 
  650.00000m   33.2430u 
  700.00000m   41.4173u 
  750.00000m   50.1581u 
  800.00000m   59.3682u 
  850.00000m   68.9406u 
  900.00000m   78.7491u 
  950.00000m   88.6407u 
    1.00000    98.4461u 
y
 vth0_value= 236.7101m
 u0_param=  50.3092m
 ags_param= 423.1081m
 
   *** monte carlo  index = 244 ***
x

 volt         param     
             i_d_0.6    
    0.         76.7502p 
   50.00000m  394.8311p 
  100.00000m    1.9822n 
  150.00000m    9.4130n 
  200.00000m   40.7769n 
  250.00000m  157.0181n 
  300.00000m  530.0036n 
  350.00000m    1.5112u 
  400.00000m    3.5131u 
  450.00000m    6.7448u 
  500.00000m   11.1666u 
  550.00000m   16.6353u 
  600.00000m   23.0072u 
  650.00000m   30.1625u 
  700.00000m   37.9986u 
  750.00000m   46.4211u 
  800.00000m   55.3357u 
  850.00000m   64.6412u 
  900.00000m   74.2208u 
  950.00000m   83.9323u 
    1.00000    93.6111u 
y
 vth0_value= 253.9045m
 u0_param=  50.1563m
 ags_param= 421.7072m
 
   *** monte carlo  index = 245 ***
x

 volt         param     
             i_d_0.6    
    0.         55.2752p 
   50.00000m  284.5796p 
  100.00000m    1.4380n 
  150.00000m    6.9163n 
  200.00000m   30.5416n 
  250.00000m  120.2648n 
  300.00000m  416.5473n 
  350.00000m    1.2292u 
  400.00000m    2.9672u 
  450.00000m    5.8817u 
  500.00000m    9.9693u 
  550.00000m   15.0993u 
  600.00000m   21.1294u 
  650.00000m   27.9393u 
  700.00000m   35.4275u 
  750.00000m   43.5015u 
  800.00000m   52.0703u 
  850.00000m   61.0373u 
  900.00000m   70.2916u 
  950.00000m   79.6987u 
    1.00000    89.0997u 
y
 vth0_value= 262.9646m
 u0_param=  48.8875m
 ags_param= 418.5063m
 
   *** monte carlo  index = 246 ***
x

 volt         param     
             i_d_0.6    
    0.         49.3006p 
   50.00000m  253.8276p 
  100.00000m    1.2856n 
  150.00000m    6.2112n 
  200.00000m   27.6236n 
  250.00000m  109.7021n 
  300.00000m  383.6045n 
  350.00000m    1.1464u 
  400.00000m    2.8076u 
  450.00000m    5.6354u 
  500.00000m    9.6409u 
  550.00000m   14.6973u 
  600.00000m   20.6610u 
  650.00000m   27.4102u 
  700.00000m   34.8423u 
  750.00000m   42.8648u 
  800.00000m   51.3866u 
  850.00000m   60.3121u 
  900.00000m   69.5320u 
  950.00000m   78.9140u 
    1.00000    88.3007u 
y
 vth0_value= 266.4519m
 u0_param=  48.9479m
 ags_param= 411.9126m
 
   *** monte carlo  index = 247 ***
x

 volt         param     
             i_d_0.6    
    0.        172.6907p 
   50.00000m  881.1974p 
  100.00000m    4.3253n 
  150.00000m   19.7356n 
  200.00000m   80.9204n 
  250.00000m  293.1525n 
  300.00000m  917.9234n 
  350.00000m    2.3765u 
  400.00000m    5.0176u 
  450.00000m    8.9211u 
  500.00000m   13.9781u 
  550.00000m   20.0363u 
  600.00000m   26.9615u 
  650.00000m   34.6414u 
  700.00000m   42.9765u 
  750.00000m   51.8711u 
  800.00000m   61.2264u 
  850.00000m   70.9325u 
  900.00000m   80.8587u 
  950.00000m   90.8476u 
    1.00000   100.7288u 
y
 vth0_value= 229.7465m
 u0_param=  50.5322m
 ags_param= 425.3479m
 
   *** monte carlo  index = 248 ***
x

 volt         param     
             i_d_0.6    
    0.         33.5394p 
   50.00000m  172.3639p 
  100.00000m  878.3312p 
  150.00000m    4.2996n 
  200.00000m   19.5319n 
  250.00000m   79.6334n 
  300.00000m  286.7013n 
  350.00000m  890.4080n 
  400.00000m    2.2819u 
  450.00000m    4.7713u 
  500.00000m    8.4185u 
  550.00000m   13.1168u 
  600.00000m   18.7248u 
  650.00000m   25.1194u 
  700.00000m   32.1978u 
  750.00000m   39.8685u 
  800.00000m   48.0437u 
  850.00000m   56.6317u 
  900.00000m   65.5297u 
  950.00000m   74.6134u 
    1.00000    83.7326u 
y
 vth0_value= 277.3548m
 u0_param=  47.8302m
 ags_param= 414.5832m
 
   *** monte carlo  index = 249 ***
x

 volt         param     
             i_d_0.6    
    0.         80.2734p 
   50.00000m  412.8920p 
  100.00000m    2.0711n 
  150.00000m    9.8192n 
  200.00000m   42.4349n 
  250.00000m  162.9533n 
  300.00000m  548.2514n 
  350.00000m    1.5565u 
  400.00000m    3.6017u 
  450.00000m    6.8885u 
  500.00000m   11.3723u 
  550.00000m   16.9079u 
  600.00000m   23.3506u 
  650.00000m   30.5799u 
  700.00000m   38.4929u 
  750.00000m   46.9941u 
  800.00000m   55.9887u 
  850.00000m   65.3745u 
  900.00000m   75.0335u 
  950.00000m   84.8224u 
    1.00000    94.5758u 
y
 vth0_value= 252.8065m
 u0_param=  50.5527m
 ags_param= 418.7869m
 
   *** monte carlo  index = 250 ***
x

 volt         param     
             i_d_0.6    
    0.         62.9671p 
   50.00000m  324.1354p 
  100.00000m    1.6339n 
  150.00000m    7.8198n 
  200.00000m   34.2733n 
  250.00000m  133.7709n 
  300.00000m  458.6718n 
  350.00000m    1.3354u 
  400.00000m    3.1755u 
  450.00000m    6.2141u 
  500.00000m   10.4329u 
  550.00000m   15.6959u 
  600.00000m   21.8599u 
  650.00000m   28.8051u 
  700.00000m   36.4293u 
  750.00000m   44.6395u 
  800.00000m   53.3432u 
  850.00000m   62.4422u 
  900.00000m   71.8234u 
  950.00000m   81.3493u 
    1.00000    90.8588u 
y
 vth0_value= 259.3669m
 u0_param=  49.3883m
 ags_param= 412.8232m
 
   *** monte carlo  index = 251 ***
x

 volt         param     
             i_d_0.6    
    0.        139.1553p 
   50.00000m  711.8736p 
  100.00000m    3.5157n 
  150.00000m   16.2102n 
  200.00000m   67.3850n 
  250.00000m  247.8349n 
  300.00000m  791.1833n 
  350.00000m    2.0984u 
  400.00000m    4.5330u 
  450.00000m    8.2042u 
  500.00000m   13.0190u 
  550.00000m   18.8292u 
  600.00000m   25.5009u 
  650.00000m   32.9226u 
  700.00000m   40.9962u 
  750.00000m   49.6280u 
  800.00000m   58.7220u 
  850.00000m   68.1723u 
  900.00000m   77.8530u 
  950.00000m   87.6116u 
    1.00000    97.2806u 
y
 vth0_value= 235.5836m
 u0_param=  49.5002m
 ags_param= 419.0505m
 
   *** monte carlo  index = 252 ***
x

 volt         param     
             i_d_0.6    
    0.        100.1518p 
   50.00000m  514.1775p 
  100.00000m    2.5637n 
  150.00000m   12.0214n 
  200.00000m   51.1374n 
  250.00000m  192.9180n 
  300.00000m  635.5178n 
  350.00000m    1.7549u 
  400.00000m    3.9454u 
  450.00000m    7.3707u 
  500.00000m   11.9641u 
  550.00000m   17.5792u 
  600.00000m   24.0768u 
  650.00000m   31.3413u 
  700.00000m   39.2725u 
  750.00000m   47.7765u 
  800.00000m   56.7587u 
  850.00000m   66.1159u 
  900.00000m   75.7276u 
  950.00000m   85.4472u 
    1.00000    95.1083u 
y
 vth0_value= 245.6556m
 u0_param=  49.7739m
 ags_param= 417.4712m
 
   *** monte carlo  index = 253 ***
x

 volt         param     
             i_d_0.6    
    0.         37.4919p 
   50.00000m  192.8234p 
  100.00000m  980.8972p 
  150.00000m    4.7835n 
  200.00000m   21.5942n 
  250.00000m   87.3475n 
  300.00000m  311.7484n 
  350.00000m  957.2516n 
  400.00000m    2.4198u 
  450.00000m    4.9966u 
  500.00000m    8.7323u 
  550.00000m   13.5144u 
  600.00000m   19.2014u 
  650.00000m   25.6714u 
  700.00000m   32.8221u 
  750.00000m   40.5624u 
  800.00000m   48.8039u 
  850.00000m   57.4541u 
  900.00000m   66.4087u 
  950.00000m   75.5411u 
    1.00000    84.6995u 
y
 vth0_value= 274.0416m
 u0_param=  47.9189m
 ags_param= 416.4208m
 
   *** monte carlo  index = 254 ***
x

 volt         param     
             i_d_0.6    
    0.         62.0771p 
   50.00000m  319.4673p 
  100.00000m    1.6099n 
  150.00000m    7.7007n 
  200.00000m   33.7256n 
  250.00000m  131.5231n 
  300.00000m  450.5733n 
  350.00000m    1.3103u 
  400.00000m    3.1122u 
  450.00000m    6.0842u 
  500.00000m   10.2084u 
  550.00000m   15.3524u 
  600.00000m   21.3775u 
  650.00000m   28.1671u 
  700.00000m   35.6220u 
  750.00000m   43.6512u 
  800.00000m   52.1646u 
  850.00000m   61.0656u 
  900.00000m   70.2428u 
  950.00000m   79.5603u 
    1.00000    88.8590u 
y
 vth0_value= 258.9905m
 u0_param=  48.1618m
 ags_param= 410.2289m
 
   *** monte carlo  index = 255 ***
x

 volt         param     
             i_d_0.6    
    0.         96.9172p 
   50.00000m  497.5941p 
  100.00000m    2.4820n 
  150.00000m   11.6474n 
  200.00000m   49.6017n 
  250.00000m  187.3645n 
  300.00000m  618.2154n 
  350.00000m    1.7107u 
  400.00000m    3.8545u 
  450.00000m    7.2138u 
  500.00000m   11.7253u 
  550.00000m   17.2455u 
  600.00000m   23.6376u 
  650.00000m   30.7877u 
  700.00000m   38.5971u 
  750.00000m   46.9735u 
  800.00000m   55.8235u 
  850.00000m   65.0454u 
  900.00000m   74.5198u 
  950.00000m   84.1015u 
    1.00000    93.6255u 
y
 vth0_value= 246.1392m
 u0_param=  48.9983m
 ags_param= 421.8902m
 
   *** monte carlo  index = 256 ***
x

 volt         param     
             i_d_0.6    
    0.        104.4555p 
   50.00000m  535.9104p 
  100.00000m    2.6675n 
  150.00000m   12.4704n 
  200.00000m   52.8244n 
  250.00000m  198.3624n 
  300.00000m  649.8317n 
  350.00000m    1.7815u 
  400.00000m    3.9762u 
  450.00000m    7.3851u 
  500.00000m   11.9385u 
  550.00000m   17.4924u 
  600.00000m   23.9116u 
  650.00000m   31.0835u 
  700.00000m   38.9102u 
  750.00000m   47.2995u 
  800.00000m   56.1580u 
  850.00000m   65.3834u 
  900.00000m   74.8555u 
  950.00000m   84.4278u 
    1.00000    93.9349u 
y
 vth0_value= 243.7734m
 u0_param=  48.8266m
 ags_param= 421.6471m
 
   *** monte carlo  index = 257 ***
x

 volt         param     
             i_d_0.6    
    0.         93.5396p 
   50.00000m  480.4746p 
  100.00000m    2.3996n 
  150.00000m   11.2863n 
  200.00000m   48.2172n 
  250.00000m  182.7784n 
  300.00000m  605.6251n 
  350.00000m    1.6851u 
  400.00000m    3.8182u 
  450.00000m    7.1782u 
  500.00000m   11.7049u 
  550.00000m   17.2536u 
  600.00000m   23.6848u 
  650.00000m   30.8828u 
  700.00000m   38.7474u 
  750.00000m   47.1853u 
  800.00000m   56.1025u 
  850.00000m   65.3967u 
  900.00000m   74.9487u 
  950.00000m   84.6136u 
    1.00000    94.2259u 
y
 vth0_value= 247.5728m
 u0_param=  49.5617m
 ags_param= 414.0883m
 
   *** monte carlo  index = 258 ***
x

 volt         param     
             i_d_0.6    
    0.         60.4622p 
   50.00000m  311.2571p 
  100.00000m    1.5702n 
  150.00000m    7.5259n 
  200.00000m   33.0600n 
  250.00000m  129.3786n 
  300.00000m  444.9670n 
  350.00000m    1.3008u 
  400.00000m    3.1072u 
  450.00000m    6.1038u 
  500.00000m   10.2769u 
  550.00000m   15.4922u 
  600.00000m   21.6071u 
  650.00000m   28.5016u 
  700.00000m   36.0743u 
  750.00000m   44.2321u 
  800.00000m   52.8833u 
  850.00000m   61.9301u 
  900.00000m   71.2604u 
  950.00000m   80.7377u 
    1.00000    90.2016u 
y
 vth0_value= 260.4431m
 u0_param=  49.1635m
 ags_param= 413.4701m
 
   *** monte carlo  index = 259 ***
x

 volt         param     
             i_d_0.6    
    0.         68.4271p 
   50.00000m  352.1527p 
  100.00000m    1.7720n 
  150.00000m    8.4523n 
  200.00000m   36.8574n 
  250.00000m  143.0079n 
  300.00000m  487.0151n 
  350.00000m    1.4051u 
  400.00000m    3.3083u 
  450.00000m    6.4198u 
  500.00000m   10.7120u 
  550.00000m   16.0463u 
  600.00000m   22.2799u 
  650.00000m   29.2933u 
  700.00000m   36.9848u 
  750.00000m   45.2609u 
  800.00000m   54.0288u 
  850.00000m   63.1892u 
  900.00000m   72.6275u 
  950.00000m   82.2045u 
    1.00000    91.7576u 
y
 vth0_value= 256.9643m
 u0_param=  49.5433m
 ags_param= 419.4500m
 
   *** monte carlo  index = 260 ***
x

 volt         param     
             i_d_0.6    
    0.         52.2968p 
   50.00000m  269.2062p 
  100.00000m    1.3614n 
  150.00000m    6.5575n 
  200.00000m   29.0269n 
  250.00000m  114.6302n 
  300.00000m  398.3494n 
  350.00000m    1.1807u 
  400.00000m    2.8646u 
  450.00000m    5.7033u 
  500.00000m    9.6989u 
  550.00000m   14.7248u 
  600.00000m   20.6408u 
  650.00000m   27.3286u 
  700.00000m   34.6880u 
  750.00000m   42.6278u 
  800.00000m   51.0586u 
  850.00000m   59.8851u 
  900.00000m   68.9981u 
  950.00000m   78.2646u 
    1.00000    87.5273u 
y
 vth0_value= 264.1243m
 u0_param=  48.1151m
 ags_param= 431.2129m
 
   *** monte carlo  index = 261 ***
x

 volt         param     
             i_d_0.6    
    0.         41.4567p 
   50.00000m  213.3281p 
  100.00000m    1.0835n 
  150.00000m    5.2662n 
  200.00000m   23.6437n 
  250.00000m   94.9893n 
  300.00000m  336.4782n 
  350.00000m    1.0230u 
  400.00000m    2.5557u 
  450.00000m    5.2214u 
  500.00000m    9.0520u 
  550.00000m   13.9296u 
  600.00000m   19.7120u 
  650.00000m   26.2775u 
  700.00000m   33.5240u 
  750.00000m   41.3596u 
  800.00000m   49.6954u 
  850.00000m   58.4378u 
  900.00000m   67.4805u 
  950.00000m   76.6953u 
    1.00000    85.9281u 
y
 vth0_value= 271.2178m
 u0_param=  48.2423m
 ags_param= 412.6709m
 
   *** monte carlo  index = 262 ***
x

 volt         param     
             i_d_0.6    
    0.        214.7732p 
   50.00000m    1.0927n 
  100.00000m    5.3278n 
  150.00000m   24.0431n 
  200.00000m   97.2069n 
  250.00000m  346.7400n 
  300.00000m    1.0640u 
  350.00000m    2.6881u 
  400.00000m    5.5488u 
  450.00000m    9.6965u 
  500.00000m   15.0076u 
  550.00000m   21.3264u 
  600.00000m   28.5181u 
  650.00000m   36.4696u 
  700.00000m   45.0799u 
  750.00000m   54.2509u 
  800.00000m   63.8808u 
  850.00000m   73.8557u 
  900.00000m   84.0397u 
  950.00000m   94.2705u 
    1.00000   104.3754u 
y
 vth0_value= 223.8706m
 u0_param=  51.6372m
 ags_param= 431.2339m
 
   *** monte carlo  index = 263 ***
x

 volt         param     
             i_d_0.6    
    0.         50.5159p 
   50.00000m  260.1116p 
  100.00000m    1.3170n 
  150.00000m    6.3592n 
  200.00000m   28.2547n 
  250.00000m  112.0755n 
  300.00000m  391.3743n 
  350.00000m    1.1675u 
  400.00000m    2.8533u 
  450.00000m    5.7168u 
  500.00000m    9.7666u 
  550.00000m   14.8740u 
  600.00000m   20.8944u 
  650.00000m   27.7051u 
  700.00000m   35.2026u 
  750.00000m   43.2936u 
  800.00000m   51.8866u 
  850.00000m   60.8850u 
  900.00000m   70.1786u 
  950.00000m   79.6342u 
    1.00000    89.0935u 
y
 vth0_value= 265.9746m
 u0_param=  49.3431m
 ags_param= 417.8005m
 
   *** monte carlo  index = 264 ***
x

 volt         param     
             i_d_0.6    
    0.         30.9472p 
   50.00000m  158.9719p 
  100.00000m  811.5092p 
  150.00000m    3.9875n 
  200.00000m   18.2278n 
  250.00000m   74.9133n 
  300.00000m  272.0567n 
  350.00000m  854.3878n 
  400.00000m    2.2196u 
  450.00000m    4.7000u 
  500.00000m    8.3728u 
  550.00000m   13.1332u 
  600.00000m   18.8349u 
  650.00000m   25.3487u 
  700.00000m   32.5675u 
  750.00000m   40.3969u 
  800.00000m   48.7464u 
  850.00000m   57.5228u 
  900.00000m   66.6223u 
  950.00000m   75.9204u 
    1.00000    85.2666u 
y
 vth0_value= 280.7590m
 u0_param=  49.2997m
 ags_param= 418.3452m
 
   *** monte carlo  index = 265 ***
x

 volt         param     
             i_d_0.6    
    0.        229.2029p 
   50.00000m    1.1649n 
  100.00000m    5.6678n 
  150.00000m   25.4885n 
  200.00000m  102.6021n 
  250.00000m  364.2208n 
  300.00000m    1.1106u 
  350.00000m    2.7846u 
  400.00000m    5.7086u 
  450.00000m    9.9240u 
  500.00000m   15.3029u 
  550.00000m   21.6892u 
  600.00000m   28.9480u 
  650.00000m   36.9663u 
  700.00000m   45.6425u 
  750.00000m   54.8783u 
  800.00000m   64.5709u 
  850.00000m   74.6057u 
  900.00000m   84.8458u 
  950.00000m   95.1281u 
    1.00000   105.2798u 
y
 vth0_value= 222.0618m
 u0_param=  51.8820m
 ags_param= 409.4942m
 
   *** monte carlo  index = 266 ***
x

 volt         param     
             i_d_0.6    
    0.         53.9401p 
   50.00000m  277.7113p 
  100.00000m    1.4040n 
  150.00000m    6.7592n 
  200.00000m   29.8928n 
  250.00000m  117.9204n 
  300.00000m  409.2498n 
  350.00000m    1.2109u 
  400.00000m    2.9318u 
  450.00000m    5.8268u 
  500.00000m    9.8952u 
  550.00000m   15.0073u 
  600.00000m   21.0204u 
  650.00000m   27.8141u 
  700.00000m   35.2866u 
  750.00000m   43.3454u 
  800.00000m   51.8997u 
  850.00000m   60.8530u 
  900.00000m   70.0950u 
  950.00000m   79.4917u 
    1.00000    88.8847u 
y
 vth0_value= 263.6958m
 u0_param=  48.8791m
 ags_param= 411.0077m
 
   *** monte carlo  index = 267 ***
x

 volt         param     
             i_d_0.6    
    0.         95.0557p 
   50.00000m  488.1803p 
  100.00000m    2.4369n 
  150.00000m   11.4515n 
  200.00000m   48.8616n 
  250.00000m  184.9627n 
  300.00000m  611.8412n 
  350.00000m    1.6987u 
  400.00000m    3.8404u 
  450.00000m    7.2069u 
  500.00000m   11.7366u 
  550.00000m   17.2848u 
  600.00000m   23.7130u 
  650.00000m   30.9058u 
  700.00000m   38.7635u 
  750.00000m   47.1930u 
  800.00000m   56.1002u 
  850.00000m   65.3830u 
  900.00000m   74.9221u 
  950.00000m   84.5719u 
    1.00000    94.1671u 
y
 vth0_value= 247.0078m
 u0_param=  49.4359m
 ags_param= 420.9430m
 
   *** monte carlo  index = 268 ***
x

 volt         param     
             i_d_0.6    
    0.         23.8404p 
   50.00000m  122.0240p 
  100.00000m  624.6480p 
  150.00000m    3.0912n 
  200.00000m   14.3047n 
  250.00000m   59.7519n 
  300.00000m  220.9142n 
  350.00000m  709.7832n 
  400.00000m    1.8974u 
  450.00000m    4.1294u 
  500.00000m    7.5153u 
  550.00000m   11.9699u 
  600.00000m   17.3525u 
  650.00000m   23.5359u 
  700.00000m   30.4145u 
  750.00000m   37.8960u 
  800.00000m   45.8930u 
  850.00000m   54.3163u 
  900.00000m   63.0671u 
  950.00000m   72.0272u 
    1.00000    81.0528u 
y
 vth0_value= 287.6745m
 u0_param=  47.7480m
 ags_param= 402.1394m
 
   *** monte carlo  index = 269 ***
x

 volt         param     
             i_d_0.6    
    0.        153.1693p 
   50.00000m  783.1393p 
  100.00000m    3.8612n 
  150.00000m   17.7517n 
  200.00000m   73.5047n 
  250.00000m  269.1518n 
  300.00000m  854.3458n 
  350.00000m    2.2496u 
  400.00000m    4.8260u 
  450.00000m    8.6863u 
  500.00000m   13.7281u 
  550.00000m   19.7960u 
  600.00000m   26.7509u 
  650.00000m   34.4770u 
  700.00000m   42.8724u 
  750.00000m   51.8401u 
  800.00000m   61.2805u 
  850.00000m   71.0839u 
  900.00000m   81.1209u 
  950.00000m   91.2352u 
    1.00000   101.2553u 
y
 vth0_value= 233.9404m
 u0_param=  51.4554m
 ags_param= 423.8244m
 
   *** monte carlo  index = 270 ***
x

 volt         param     
             i_d_0.6    
    0.        323.2409p 
   50.00000m    1.6317n 
  100.00000m    7.8297n 
  150.00000m   34.4541n 
  200.00000m  135.1125n 
  250.00000m  465.8306n 
  300.00000m    1.3665u 
  350.00000m    3.2776u 
  400.00000m    6.4630u 
  450.00000m   10.9151u 
  500.00000m   16.4939u 
  550.00000m   23.0481u 
  600.00000m   30.4501u 
  650.00000m   38.5910u 
  700.00000m   47.3714u 
  750.00000m   56.6929u 
  800.00000m   66.4512u 
  850.00000m   76.5272u 
  900.00000m   86.7780u 
  950.00000m   97.0349u 
    1.00000   107.1276u 
y
 vth0_value= 211.2678m
 u0_param=  51.2289m
 ags_param= 439.9546m
 
   *** monte carlo  index = 271 ***
x

 volt         param     
             i_d_0.6    
    0.        105.0465p 
   50.00000m  538.9768p 
  100.00000m    2.6830n 
  150.00000m   12.5441n 
  200.00000m   53.1446n 
  250.00000m  199.5941n 
  300.00000m  653.9721n 
  350.00000m    1.7932u 
  400.00000m    4.0032u 
  450.00000m    7.4364u 
  500.00000m   12.0224u 
  550.00000m   17.6163u 
  600.00000m   24.0815u 
  650.00000m   31.3045u 
  700.00000m   39.1866u 
  750.00000m   47.6352u 
  800.00000m   56.5559u 
  850.00000m   65.8461u 
  900.00000m   75.3845u 
  950.00000m   85.0240u 
    1.00000    94.5983u 
y
 vth0_value= 243.8446m
 u0_param=  49.1942m
 ags_param= 436.1958m
 
   *** monte carlo  index = 272 ***
x

 volt         param     
             i_d_0.6    
    0.        128.1389p 
   50.00000m  656.3727p 
  100.00000m    3.2516n 
  150.00000m   15.0727n 
  200.00000m   63.1049n 
  250.00000m  233.9041n 
  300.00000m  753.9873n 
  350.00000m    2.0244u 
  400.00000m    4.4257u 
  450.00000m    8.0850u 
  500.00000m   12.9144u 
  550.00000m   18.7630u 
  600.00000m   25.4926u 
  650.00000m   32.9883u 
  700.00000m   41.1495u 
  750.00000m   49.8811u 
  800.00000m   59.0861u 
  850.00000m   68.6578u 
  900.00000m   78.4708u 
  950.00000m   88.3729u 
    1.00000    98.1946u 
y
 vth0_value= 238.6779m
 u0_param=  50.4527m
 ags_param= 432.0521m
 
   *** monte carlo  index = 273 ***
x

 volt         param     
             i_d_0.6    
    0.        119.7370p 
   50.00000m  613.6376p 
  100.00000m    3.0444n 
  150.00000m   14.1489n 
  200.00000m   59.4490n 
  250.00000m  221.2311n 
  300.00000m  716.7064n 
  350.00000m    1.9367u 
  400.00000m    4.2608u 
  450.00000m    7.8231u 
  500.00000m   12.5418u 
  550.00000m   18.2693u 
  600.00000m   24.8690u 
  650.00000m   32.2274u 
  700.00000m   40.2455u 
  750.00000m   48.8295u 
  800.00000m   57.8840u 
  850.00000m   67.3040u 
  900.00000m   76.9659u 
  950.00000m   86.7195u 
    1.00000    96.3971u 
y
 vth0_value= 240.2172m
 u0_param=  49.6716m
 ags_param= 434.7855m
 
   *** monte carlo  index = 274 ***
x

 volt         param     
             i_d_0.6    
    0.         46.0424p 
   50.00000m  237.0161p 
  100.00000m    1.2018n 
  150.00000m    5.8203n 
  200.00000m   25.9829n 
  250.00000m  103.6586n 
  300.00000m  364.3331n 
  350.00000m    1.0963u 
  400.00000m    2.7059u 
  450.00000m    5.4691u 
  500.00000m    9.4051u 
  550.00000m   14.3904u 
  600.00000m   20.2821u 
  650.00000m   26.9583u 
  700.00000m   34.3168u 
  750.00000m   42.2653u 
  800.00000m   50.7135u 
  850.00000m   59.5666u 
  900.00000m   68.7166u 
  950.00000m   78.0325u 
    1.00000    87.3584u 
y
 vth0_value= 268.3281m
 u0_param=  48.6636m
 ags_param= 415.6295m
 
   *** monte carlo  index = 275 ***
x

 volt         param     
             i_d_0.6    
    0.         69.1250p 
   50.00000m  355.6796p 
  100.00000m    1.7889n 
  150.00000m    8.5247n 
  200.00000m   37.1221n 
  250.00000m  143.8101n 
  300.00000m  488.8796n 
  350.00000m    1.4072u 
  400.00000m    3.3048u 
  450.00000m    6.3994u 
  500.00000m   10.6619u 
  550.00000m   15.9546u 
  600.00000m   22.1371u 
  650.00000m   29.0912u 
  700.00000m   36.7167u 
  750.00000m   44.9209u 
  800.00000m   53.6119u 
  850.00000m   62.6912u 
  900.00000m   72.0447u 
  950.00000m   81.5338u 
    1.00000    90.9968u 
y
 vth0_value= 256.3144m
 u0_param=  49.0127m
 ags_param= 409.2211m
 
   *** monte carlo  index = 276 ***
x

 volt         param     
             i_d_0.6    
    0.        114.6813p 
   50.00000m  587.9783p 
  100.00000m    2.9205n 
  150.00000m   13.6013n 
  200.00000m   57.3114n 
  250.00000m  213.9474n 
  300.00000m  695.8059n 
  350.00000m    1.8896u 
  400.00000m    4.1778u 
  450.00000m    7.7009u 
  500.00000m   12.3806u 
  550.00000m   18.0696u 
  600.00000m   24.6313u 
  650.00000m   31.9518u 
  700.00000m   39.9321u 
  750.00000m   48.4786u 
  800.00000m   57.4962u 
  850.00000m   66.8807u 
  900.00000m   76.5095u 
  950.00000m   86.2338u 
    1.00000    95.8864u 
y
 vth0_value= 241.4610m
 u0_param=  49.5882m
 ags_param= 418.4205m
 
   *** monte carlo  index = 277 ***
x

 volt         param     
             i_d_0.6    
    0.         32.1942p 
   50.00000m  165.4413p 
  100.00000m  844.0824p 
  150.00000m    4.1424n 
  200.00000m   18.8964n 
  250.00000m   77.4512n 
  300.00000m  280.4377n 
  350.00000m  877.3328n 
  400.00000m    2.2684u 
  450.00000m    4.7822u 
  500.00000m    8.4901u 
  550.00000m   13.2849u 
  600.00000m   19.0197u 
  650.00000m   25.5659u 
  700.00000m   32.8163u 
  750.00000m   40.6763u 
  800.00000m   49.0555u 
  850.00000m   57.8603u 
  900.00000m   66.9863u 
  950.00000m   76.3084u 
    1.00000    85.6756u 
y
 vth0_value= 279.6162m
 u0_param=  49.3851m
 ags_param= 409.4728m
 
   *** monte carlo  index = 278 ***
x

 volt         param     
             i_d_0.6    
    0.        105.1798p 
   50.00000m  539.7683p 
  100.00000m    2.6879n 
  150.00000m   12.5753n 
  200.00000m   53.3234n 
  250.00000m  200.4522n 
  300.00000m  657.4928n 
  350.00000m    1.8054u 
  400.00000m    4.0359u 
  450.00000m    7.5049u 
  500.00000m   12.1417u 
  550.00000m   17.7987u 
  600.00000m   24.3371u 
  650.00000m   31.6414u 
  700.00000m   39.6116u 
  750.00000m   48.1536u 
  800.00000m   57.1723u 
  850.00000m   66.5640u 
  900.00000m   76.2074u 
  950.00000m   85.9549u 
    1.00000    95.6398u 
y
 vth0_value= 244.2435m
 u0_param=  49.8688m
 ags_param= 413.6858m
 
   *** monte carlo  index = 279 ***
x

 volt         param     
             i_d_0.6    
    0.        120.2193p 
   50.00000m  615.9349p 
  100.00000m    3.0540n 
  150.00000m   14.1796n 
  200.00000m   59.4990n 
  250.00000m  221.1029n 
  300.00000m  715.0620n 
  350.00000m    1.9280u 
  400.00000m    4.2326u 
  450.00000m    7.7585u 
  500.00000m   12.4241u 
  550.00000m   18.0842u 
  600.00000m   24.6048u 
  650.00000m   31.8743u 
  700.00000m   39.7953u 
  750.00000m   48.2753u 
  800.00000m   57.2200u 
  850.00000m   66.5253u 
  900.00000m   76.0685u 
  950.00000m   85.7000u 
    1.00000    95.2535u 
y
 vth0_value= 239.6266m
 u0_param=  48.9508m
 ags_param= 430.5175m
 
   *** monte carlo  index = 280 ***
x

 volt         param     
             i_d_0.6    
    0.        152.9805p 
   50.00000m  781.9904p 
  100.00000m    3.8539n 
  150.00000m   17.7049n 
  200.00000m   73.2419n 
  250.00000m  267.9239n 
  300.00000m  849.4106n 
  350.00000m    2.2332u 
  400.00000m    4.7840u 
  450.00000m    8.6014u 
  500.00000m   13.5841u 
  550.00000m   19.5791u 
  600.00000m   26.4498u 
  650.00000m   34.0821u 
  700.00000m   42.3758u 
  750.00000m   51.2349u 
  800.00000m   60.5612u 
  850.00000m   70.2459u 
  900.00000m   80.1605u 
  950.00000m   90.1500u 
    1.00000   100.0440u 
y
 vth0_value= 233.5253m
 u0_param=  50.7360m
 ags_param= 410.4171m
 
   *** monte carlo  index = 281 ***
x

 volt         param     
             i_d_0.6    
    0.         56.0748p 
   50.00000m  288.6643p 
  100.00000m    1.4580n 
  150.00000m    7.0057n 
  200.00000m   30.8927n 
  250.00000m  121.4457n 
  300.00000m  419.8570n 
  350.00000m    1.2359u 
  400.00000m    2.9751u 
  450.00000m    5.8834u 
  500.00000m    9.9549u 
  550.00000m   15.0593u 
  600.00000m   21.0558u 
  650.00000m   27.8253u 
  700.00000m   35.2674u 
  750.00000m   43.2904u 
  800.00000m   51.8037u 
  850.00000m   60.7114u 
  900.00000m   69.9032u 
  950.00000m   79.2449u 
    1.00000    88.5785u 
y
 vth0_value= 262.2759m
 u0_param=  48.4979m
 ags_param= 398.9335m
 
   *** monte carlo  index = 282 ***
x

 volt         param     
             i_d_0.6    
    0.        131.9810p 
   50.00000m  675.6949p 
  100.00000m    3.3432n 
  150.00000m   15.4642n 
  200.00000m   64.5589n 
  250.00000m  238.5491n 
  300.00000m  765.9962n 
  350.00000m    2.0466u 
  400.00000m    4.4529u 
  450.00000m    8.1042u 
  500.00000m   12.9111u 
  550.00000m   18.7244u 
  600.00000m   25.4080u 
  650.00000m   32.8490u 
  700.00000m   40.9480u 
  750.00000m   49.6110u 
  800.00000m   58.7416u 
  850.00000m   68.2337u 
  900.00000m   77.9620u 
  950.00000m   87.7745u 
    1.00000    97.5030u 
y
 vth0_value= 237.4284m
 u0_param=  49.8895m
 ags_param= 423.9095m
 
   *** monte carlo  index = 283 ***
x

 volt         param     
             i_d_0.6    
    0.        154.4215p 
   50.00000m  789.2425p 
  100.00000m    3.8883n 
  150.00000m   17.8531n 
  200.00000m   73.8000n 
  250.00000m  269.7482n 
  300.00000m  854.3238n 
  350.00000m    2.2433u 
  400.00000m    4.7998u 
  450.00000m    8.6219u 
  500.00000m   13.6076u 
  550.00000m   19.6044u 
  600.00000m   26.4758u 
  650.00000m   34.1082u 
  700.00000m   42.4013u 
  750.00000m   51.2594u 
  800.00000m   60.5842u 
  850.00000m   70.2667u 
  900.00000m   80.1783u 
  950.00000m   90.1633u 
    1.00000   100.0516u 
y
 vth0_value= 233.2071m
 u0_param=  50.6793m
 ags_param= 421.4498m
 
   *** monte carlo  index = 284 ***
x

 volt         param     
             i_d_0.6    
    0.         95.5016p 
   50.00000m  490.5727p 
  100.00000m    2.4497n 
  150.00000m   11.5189n 
  200.00000m   49.1912n 
  250.00000m  186.3798n 
  300.00000m  617.1676n 
  350.00000m    1.7158u 
  400.00000m    3.8843u 
  450.00000m    7.2969u 
  500.00000m   11.8916u 
  550.00000m   17.5207u 
  600.00000m   24.0429u 
  650.00000m   31.3406u 
  700.00000m   39.3122u 
  750.00000m   47.8630u 
  800.00000m   56.8977u 
  850.00000m   66.3132u 
  900.00000m   75.9889u 
  950.00000m   85.7786u 
    1.00000    95.5156u 
y
 vth0_value= 247.4026m
 u0_param=  50.2688m
 ags_param= 418.3877m
 
   *** monte carlo  index = 285 ***
x

 volt         param     
             i_d_0.6    
    0.         84.7506p 
   50.00000m  435.7750p 
  100.00000m    2.1831n 
  150.00000m   10.3252n 
  200.00000m   44.4656n 
  250.00000m  170.0730n 
  300.00000m  569.5256n 
  350.00000m    1.6069u 
  400.00000m    3.6940u 
  450.00000m    7.0268u 
  500.00000m   11.5551u 
  550.00000m   17.1323u 
  600.00000m   23.6143u 
  650.00000m   30.8811u 
  700.00000m   38.8298u 
  750.00000m   47.3652u 
  800.00000m   56.3919u 
  850.00000m   65.8073u 
  900.00000m   75.4926u 
  950.00000m   85.3036u 
    1.00000    95.0741u 
y
 vth0_value= 251.2041m
 u0_param=  50.5998m
 ags_param= 414.9710m
 
   *** monte carlo  index = 286 ***
x

 volt         param     
             i_d_0.6    
    0.        194.2539p 
   50.00000m  989.6557p 
  100.00000m    4.8402n 
  150.00000m   21.9526n 
  200.00000m   89.3198n 
  250.00000m  320.8495n 
  300.00000m  993.6504n 
  350.00000m    2.5383u 
  400.00000m    5.2927u 
  450.00000m    9.3207u 
  500.00000m   14.5052u 
  550.00000m   20.6925u 
  600.00000m   27.7483u 
  650.00000m   35.5602u 
  700.00000m   44.0281u 
  750.00000m   53.0552u 
  800.00000m   62.5413u 
  850.00000m   72.3744u 
  900.00000m   82.4213u 
  950.00000m   92.5221u 
    1.00000   102.5053u 
y
 vth0_value= 226.5121m
 u0_param=  51.0224m
 ags_param= 425.2760m
 
   *** monte carlo  index = 287 ***
x

 volt         param     
             i_d_0.6    
    0.         81.0546p 
   50.00000m  416.6811p 
  100.00000m    2.0876n 
  150.00000m    9.8765n 
  200.00000m   42.5522n 
  250.00000m  162.8521n 
  300.00000m  545.8045n 
  350.00000m    1.5417u 
  400.00000m    3.5487u 
  450.00000m    6.7581u 
  500.00000m   11.1237u 
  550.00000m   16.5057u 
  600.00000m   22.7657u 
  650.00000m   29.7884u 
  700.00000m   37.4747u 
  750.00000m   45.7327u 
  800.00000m   54.4700u 
  850.00000m   63.5868u 
  900.00000m   72.9668u 
  950.00000m   82.4682u 
    1.00000    91.9276u 
y
 vth0_value= 251.3841m
 u0_param=  48.7982m
 ags_param= 425.9758m
 
   *** monte carlo  index = 288 ***
x

 volt         param     
             i_d_0.6    
    0.        162.9785p 
   50.00000m  832.3330p 
  100.00000m    4.0932n 
  150.00000m   18.7370n 
  200.00000m   77.1465n 
  250.00000m  280.7572n 
  300.00000m  884.2732n 
  350.00000m    2.3060u 
  400.00000m    4.9018u 
  450.00000m    8.7608u 
  500.00000m   13.7777u 
  550.00000m   19.8001u 
  600.00000m   26.6927u 
  650.00000m   34.3428u 
  700.00000m   42.6504u 
  750.00000m   51.5201u 
  800.00000m   60.8531u 
  850.00000m   70.5404u 
  900.00000m   80.4521u 
  950.00000m   90.4320u 
    1.00000   100.3098u 
y
 vth0_value= 231.5124m
 u0_param=  50.5677m
 ags_param= 422.4997m
 
   *** monte carlo  index = 289 ***
x

 volt         param     
             i_d_0.6    
    0.         45.7636p 
   50.00000m  235.5754p 
  100.00000m    1.1946n 
  150.00000m    5.7865n 
  200.00000m   25.8394n 
  250.00000m  103.1229n 
  300.00000m  362.5944n 
  350.00000m    1.0916u 
  400.00000m    2.6961u 
  450.00000m    5.4521u 
  500.00000m    9.3796u 
  550.00000m   14.3555u 
  600.00000m   20.2368u 
  650.00000m   26.9020u 
  700.00000m   34.2487u 
  750.00000m   42.1847u 
  800.00000m   50.6200u 
  850.00000m   59.4598u 
  900.00000m   68.5965u 
  950.00000m   77.8994u 
    1.00000    87.2127u 
y
 vth0_value= 268.4743m
 u0_param=  48.6071m
 ags_param= 407.8212m
 
   *** monte carlo  index = 290 ***
x

 volt         param     
             i_d_0.6    
    0.         81.7547p 
   50.00000m  420.2583p 
  100.00000m    2.1051n 
  150.00000m    9.9554n 
  200.00000m   42.8686n 
  250.00000m  163.9599n 
  300.00000m  549.1063n 
  350.00000m    1.5495u 
  400.00000m    3.5629u 
  450.00000m    6.7792u 
  500.00000m   11.1515u 
  550.00000m   16.5394u 
  600.00000m   22.8047u 
  650.00000m   29.8322u 
  700.00000m   37.5229u 
  750.00000m   45.7845u 
  800.00000m   54.5250u 
  850.00000m   63.6444u 
  900.00000m   73.0263u 
  950.00000m   82.5291u 
    1.00000    91.9895u 
y
 vth0_value= 251.1319m
 u0_param=  48.8082m
 ags_param= 415.7432m
 
   *** monte carlo  index = 291 ***
x

 volt         param     
             i_d_0.6    
    0.        110.4504p 
   50.00000m  566.4784p 
  100.00000m    2.8164n 
  150.00000m   13.1396n 
  200.00000m   55.4987n 
  250.00000m  207.7328n 
  300.00000m  677.8167n 
  350.00000m    1.8486u 
  400.00000m    4.1045u 
  450.00000m    7.5914u 
  500.00000m   12.2344u 
  550.00000m   17.8869u 
  600.00000m   24.4123u 
  650.00000m   31.6967u 
  700.00000m   39.6410u 
  750.00000m   48.1521u 
  800.00000m   57.1351u 
  850.00000m   66.4863u 
  900.00000m   76.0839u 
  950.00000m   85.7794u 
    1.00000    95.4063u 
y
 vth0_value= 242.5123m
 u0_param=  49.4655m
 ags_param= 425.3876m
 
   *** monte carlo  index = 292 ***
x

 volt         param     
             i_d_0.6    
    0.         64.6717p 
   50.00000m  332.9596p 
  100.00000m    1.6782n 
  150.00000m    8.0294n 
  200.00000m   35.1762n 
  250.00000m  137.2162n 
  300.00000m  470.1430n 
  350.00000m    1.3674u 
  400.00000m    3.2481u 
  450.00000m    6.3498u 
  500.00000m   10.6522u 
  550.00000m   16.0159u 
  600.00000m   22.2947u 
  650.00000m   29.3662u 
  700.00000m   37.1263u 
  750.00000m   45.4802u 
  800.00000m   54.3340u 
  850.00000m   63.5878u 
  900.00000m   73.1272u 
  950.00000m   82.8134u 
    1.00000    92.4839u 
y
 vth0_value= 259.1606m
 u0_param=  50.3204m
 ags_param= 408.6733m
 
   *** monte carlo  index = 293 ***
x

 volt         param     
             i_d_0.6    
    0.        143.3235p 
   50.00000m  733.2810p 
  100.00000m    3.6215n 
  150.00000m   16.6979n 
  200.00000m   69.4093n 
  250.00000m  255.2441n 
  300.00000m  814.6229n 
  350.00000m    2.1598u 
  400.00000m    4.6639u 
  450.00000m    8.4379u 
  500.00000m   13.3850u 
  550.00000m   19.3520u 
  600.00000m   26.2007u 
  650.00000m   33.8161u 
  700.00000m   42.0973u 
  750.00000m   50.9483u 
  800.00000m   60.2707u 
  850.00000m   69.9563u 
  900.00000m   79.8774u 
  950.00000m   89.8796u 
    1.00000    99.7925u 
y
 vth0_value= 235.5874m
 u0_param=  50.8933m
 ags_param= 421.2812m
 
   *** monte carlo  index = 294 ***
x

 volt         param     
             i_d_0.6    
    0.        104.8023p 
   50.00000m  537.9562p 
  100.00000m    2.6802n 
  150.00000m   12.5498n 
  200.00000m   53.2773n 
  250.00000m  200.5312n 
  300.00000m  658.7308n 
  350.00000m    1.8122u 
  400.00000m    4.0591u 
  450.00000m    7.5595u 
  500.00000m   12.2428u 
  550.00000m   17.9592u 
  600.00000m   24.5678u 
  650.00000m   31.9511u 
  700.00000m   40.0075u 
  750.00000m   48.6419u 
  800.00000m   57.7582u 
  850.00000m   67.2519u 
  900.00000m   77.0010u 
  950.00000m   86.8573u 
    1.00000    96.6529u 
y
 vth0_value= 244.7697m
 u0_param=  50.5233m
 ags_param= 414.3677m
 
   *** monte carlo  index = 295 ***
x

 volt         param     
             i_d_0.6    
    0.         32.4829p 
   50.00000m  166.9114p 
  100.00000m  851.1838p 
  150.00000m    4.1734n 
  200.00000m   19.0082n 
  250.00000m   77.7571n 
  300.00000m  280.9585n 
  350.00000m  876.6370n 
  400.00000m    2.2593u 
  450.00000m    4.7488u 
  500.00000m    8.4120u 
  550.00000m   13.1426u 
  600.00000m   18.7969u 
  650.00000m   25.2492u 
  700.00000m   32.3945u 
  750.00000m   40.1403u 
  800.00000m   48.3973u 
  850.00000m   57.0733u 
  900.00000m   66.0649u 
  950.00000m   75.2477u 
    1.00000    84.4716u 
y
 vth0_value= 278.7731m
 u0_param=  48.5066m
 ags_param= 410.0548m
 
   *** monte carlo  index = 296 ***
x

 volt         param     
             i_d_0.6    
    0.         39.5620p 
   50.00000m  203.5112p 
  100.00000m    1.0342n 
  150.00000m    5.0323n 
  200.00000m   22.6367n 
  250.00000m   91.1600n 
  300.00000m  323.7789n 
  350.00000m  987.8796n 
  400.00000m    2.4784u 
  450.00000m    5.0827u 
  500.00000m    8.8373u 
  550.00000m   13.6275u 
  600.00000m   19.3136u 
  650.00000m   25.7751u 
  700.00000m   32.9111u 
  750.00000m   40.6313u 
  800.00000m   48.8476u 
  850.00000m   57.4679u 
  900.00000m   66.3874u 
  950.00000m   75.4792u 
    1.00000    84.5910u 
y
 vth0_value= 272.1904m
 u0_param=  47.5814m
 ags_param= 411.6229m
 
   *** monte carlo  index = 297 ***
x

 volt         param     
             i_d_0.6    
    0.         23.1206p 
   50.00000m  118.2770p 
  100.00000m  605.6489p 
  150.00000m    2.9997n 
  200.00000m   13.9009n 
  250.00000m   58.1781n 
  300.00000m  215.5581n 
  350.00000m  694.4455n 
  400.00000m    1.8628u 
  450.00000m    4.0678u 
  500.00000m    7.4229u 
  550.00000m   11.8452u 
  600.00000m   17.1949u 
  650.00000m   23.3449u 
  700.00000m   30.1895u 
  750.00000m   37.6367u 
  800.00000m   45.5996u 
  850.00000m   53.9890u 
  900.00000m   62.7067u 
  950.00000m   71.6352u 
    1.00000    80.6312u 
y
 vth0_value= 288.5131m
 u0_param=  47.6030m
 ags_param= 408.6142m
 
   *** monte carlo  index = 298 ***
x

 volt         param     
             i_d_0.6    
    0.         81.7396p 
   50.00000m  420.4295p 
  100.00000m    2.1084n 
  150.00000m    9.9915n 
  200.00000m   43.1507n 
  250.00000m  165.5721n 
  300.00000m  556.5339n 
  350.00000m    1.5780u 
  400.00000m    3.6466u 
  450.00000m    6.9664u 
  500.00000m   11.4913u 
  550.00000m   17.0743u 
  600.00000m   23.5698u 
  650.00000m   30.8563u 
  700.00000m   38.8302u 
  750.00000m   47.3953u 
  800.00000m   56.4561u 
  850.00000m   65.9098u 
  900.00000m   75.6375u 
  950.00000m   85.4954u 
    1.00000    95.3169u 
y
 vth0_value= 252.5015m
 u0_param=  50.9325m
 ags_param= 422.6733m
 
   *** monte carlo  index = 299 ***
x

 volt         param     
             i_d_0.6    
    0.         49.5941p 
   50.00000m  255.2935p 
  100.00000m    1.2924n 
  150.00000m    6.2384n 
  200.00000m   27.7055n 
  250.00000m  109.8449n 
  300.00000m  383.4136n 
  350.00000m    1.1432u 
  400.00000m    2.7920u 
  450.00000m    5.5913u 
  500.00000m    9.5495u 
  550.00000m   14.5417u 
  600.00000m   20.4271u 
  650.00000m   27.0867u 
  700.00000m   34.4196u 
  750.00000m   42.3348u 
  800.00000m   50.7428u 
  850.00000m   59.5488u 
  900.00000m   68.6443u 
  950.00000m   77.8978u 
    1.00000    87.1527u 
y
 vth0_value= 265.7483m
 u0_param=  48.1514m
 ags_param= 416.4440m
 
   *** monte carlo  index = 300 ***
x

 volt         param     
             i_d_0.6    
    0.         71.7072p 
   50.00000m  368.8889p 
  100.00000m    1.8536n 
  150.00000m    8.8178n 
  200.00000m   38.2995n 
  250.00000m  147.9326n 
  300.00000m  501.1772n 
  350.00000m    1.4360u 
  400.00000m    3.3561u 
  450.00000m    6.4723u 
  500.00000m   10.7514u 
  550.00000m   16.0555u 
  600.00000m   22.2450u 
  650.00000m   29.2028u 
  700.00000m   36.8291u 
  750.00000m   45.0317u 
  800.00000m   53.7187u 
  850.00000m   62.7914u 
  900.00000m   72.1353u 
  950.00000m   81.6110u 
    1.00000    91.0564u 
y
 vth0_value= 255.1082m
 u0_param=  48.8559m
 ags_param= 418.9915m
 
   *** monte carlo  index = 301 ***
x

 volt         param     
             i_d_0.6    
    0.         90.6368p 
   50.00000m  465.7392p 
  100.00000m    2.3285n 
  150.00000m   10.9728n 
  200.00000m   47.0062n 
  250.00000m  178.7303n 
  300.00000m  594.3524n 
  350.00000m    1.6616u 
  400.00000m    3.7833u 
  450.00000m    7.1407u 
  500.00000m   11.6767u 
  550.00000m   17.2454u 
  600.00000m   23.7056u 
  650.00000m   30.9399u 
  700.00000m   38.8470u 
  750.00000m   47.3328u 
  800.00000m   56.3025u 
  850.00000m   65.6538u 
  900.00000m   75.2674u 
  950.00000m   84.9984u 
    1.00000    94.6809u 
y
 vth0_value= 248.8072m
 u0_param=  50.0064m
 ags_param= 415.4050m
 
   *** monte carlo  index = 302 ***
x

 volt         param     
             i_d_0.6    
    0.         61.5426p 
   50.00000m  316.8309p 
  100.00000m    1.5979n 
  150.00000m    7.6557n 
  200.00000m   33.6075n 
  250.00000m  131.4153n 
  300.00000m  451.5473n 
  350.00000m    1.3183u 
  400.00000m    3.1447u 
  450.00000m    6.1702u 
  500.00000m   10.3792u 
  550.00000m   15.6363u 
  600.00000m   21.7977u 
  650.00000m   28.7429u 
  700.00000m   36.3695u 
  750.00000m   44.5841u 
  800.00000m   53.2942u 
  850.00000m   62.4016u 
  900.00000m   71.7932u 
  950.00000m   81.3318u 
    1.00000    90.8563u 
y
 vth0_value= 260.1239m
 u0_param=  49.4936m
 ags_param= 420.0403m
 
   *** monte carlo  index = 303 ***
x

 volt         param     
             i_d_0.6    
    0.         78.5738p 
   50.00000m  404.0481p 
  100.00000m    2.0263n 
  150.00000m    9.6031n 
  200.00000m   41.4806n 
  250.00000m  159.2100n 
  300.00000m  535.3991n 
  350.00000m    1.5191u 
  400.00000m    3.5130u 
  450.00000m    6.7159u 
  500.00000m   11.0849u 
  550.00000m   16.4793u 
  600.00000m   22.7594u 
  650.00000m   29.8083u 
  700.00000m   37.5259u 
  750.00000m   45.8195u 
  800.00000m   54.5964u 
  850.00000m   63.7566u 
  900.00000m   73.1839u 
  950.00000m   82.7368u 
    1.00000    92.2521u 
y
 vth0_value= 252.5614m
 u0_param=  49.1686m
 ags_param= 418.5817m
 
   *** monte carlo  index = 304 ***
x

 volt         param     
             i_d_0.6    
    0.         52.5091p 
   50.00000m  270.3697p 
  100.00000m    1.3679n 
  150.00000m    6.5942n 
  200.00000m   29.2253n 
  250.00000m  115.5790n 
  300.00000m  402.2575n 
  350.00000m    1.1947u 
  400.00000m    2.9049u 
  450.00000m    5.7944u 
  500.00000m    9.8668u 
  550.00000m   14.9922u 
  600.00000m   21.0267u 
  650.00000m   27.8484u 
  700.00000m   35.3544u 
  750.00000m   43.4515u 
  800.00000m   52.0483u 
  850.00000m   61.0481u 
  900.00000m   70.3404u 
  950.00000m   79.7910u 
    1.00000    89.2414u 
y
 vth0_value= 264.7412m
 u0_param=  49.2398m
 ags_param= 420.2120m
 
   *** monte carlo  index = 305 ***
x

 volt         param     
             i_d_0.6    
    0.        167.6304p 
   50.00000m  855.9367p 
  100.00000m    4.2072n 
  150.00000m   19.2421n 
  200.00000m   79.1359n 
  250.00000m  287.6274n 
  300.00000m  904.3927n 
  350.00000m    2.3536u 
  400.00000m    4.9931u 
  450.00000m    8.9100u 
  500.00000m   13.9963u 
  550.00000m   20.0976u 
  600.00000m   27.0770u 
  650.00000m   34.8205u 
  700.00000m   43.2271u 
  750.00000m   52.2001u 
  800.00000m   61.6399u 
  850.00000m   71.4361u 
  900.00000m   81.4577u 
  950.00000m   91.5472u 
    1.00000   101.5329u 
y
 vth0_value= 231.0394m
 u0_param=  51.1600m
 ags_param= 431.6389m
 
   *** monte carlo  index = 306 ***
x

 volt         param     
             i_d_0.6    
    0.         91.8475p 
   50.00000m  471.9047p 
  100.00000m    2.3585n 
  150.00000m   11.1065n 
  200.00000m   47.5329n 
  250.00000m  180.5379n 
  300.00000m  599.5914n 
  350.00000m    1.6734u 
  400.00000m    3.8036u 
  450.00000m    7.1687u 
  500.00000m   11.7105u 
  550.00000m   17.2829u 
  600.00000m   23.7453u 
  650.00000m   30.9804u 
  700.00000m   38.8872u 
  750.00000m   47.3716u 
  800.00000m   56.3389u 
  850.00000m   65.6868u 
  900.00000m   75.2958u 
  950.00000m   85.0208u 
    1.00000    94.6960u 
y
 vth0_value= 248.3721m
 u0_param=  49.9502m
 ags_param= 414.7119m
 
   *** monte carlo  index = 307 ***
x

 volt         param     
             i_d_0.6    
    0.         25.8261p 
   50.00000m  132.3582p 
  100.00000m  677.0225p 
  150.00000m    3.3435n 
  200.00000m   15.4157n 
  250.00000m   64.0791n 
  300.00000m  235.6398n 
  350.00000m  751.9595n 
  400.00000m    1.9929u 
  450.00000m    4.3012u 
  500.00000m    7.7766u 
  550.00000m   12.3279u 
  600.00000m   17.8125u 
  650.00000m   24.1024u 
  700.00000m   31.0914u 
  750.00000m   38.6865u 
  800.00000m   46.7994u 
  850.00000m   55.3395u 
  900.00000m   64.2063u 
  950.00000m   73.2796u 
    1.00000    82.4130u 
y
 vth0_value= 285.5791m
 u0_param=  48.2638m
 ags_param= 418.5715m
 
   *** monte carlo  index = 308 ***
x

 volt         param     
             i_d_0.6    
    0.        106.0318p 
   50.00000m  544.0068p 
  100.00000m    2.7075n 
  150.00000m   12.6549n 
  200.00000m   53.5900n 
  250.00000m  201.1643n 
  300.00000m  658.6962n 
  350.00000m    1.8047u 
  400.00000m    4.0253u 
  450.00000m    7.4722u 
  500.00000m   12.0740u 
  550.00000m   17.6850u 
  600.00000m   24.1684u 
  650.00000m   31.4103u 
  700.00000m   39.3118u 
  750.00000m   47.7799u 
  800.00000m   56.7203u 
  850.00000m   66.0299u 
  900.00000m   75.5878u 
  950.00000m   85.2468u 
    1.00000    94.8407u 
y
 vth0_value= 243.6490m
 u0_param=  49.3249m
 ags_param= 416.5420m
 
   *** monte carlo  index = 309 ***
x

 volt         param     
             i_d_0.6    
    0.         71.2239p 
   50.00000m  366.4574p 
  100.00000m    1.8421n 
  150.00000m    8.7693n 
  200.00000m   38.1282n 
  250.00000m  147.4437n 
  300.00000m  500.1855n 
  350.00000m    1.4357u 
  400.00000m    3.3617u 
  450.00000m    6.4932u 
  500.00000m   10.7980u 
  550.00000m   16.1373u 
  600.00000m   22.3695u 
  650.00000m   29.3766u 
  700.00000m   37.0574u 
  750.00000m   45.3191u 
  800.00000m   54.0690u 
  850.00000m   63.2080u 
  900.00000m   72.6209u 
  950.00000m   82.1682u 
    1.00000    91.6870u 
y
 vth0_value= 255.5963m
 u0_param=  49.2921m
 ags_param= 422.1198m
 
   *** monte carlo  index = 310 ***
x

 volt         param     
             i_d_0.6    
    0.         35.9740p 
   50.00000m  184.9912p 
  100.00000m  941.8978p 
  150.00000m    4.6020n 
  200.00000m   20.8386n 
  250.00000m   84.6156n 
  300.00000m  303.2663n 
  350.00000m  936.3047n 
  400.00000m    2.3824u 
  450.00000m    4.9487u 
  500.00000m    8.6875u 
  550.00000m   13.4872u 
  600.00000m   19.2044u 
  650.00000m   25.7148u 
  700.00000m   32.9145u 
  750.00000m   40.7112u 
  800.00000m   49.0156u 
  850.00000m   57.7347u 
  900.00000m   66.7638u 
  950.00000m   75.9765u 
    1.00000    85.2206u 
y
 vth0_value= 275.6591m
 u0_param=  48.4728m
 ags_param= 424.9314m
 
   *** monte carlo  index = 311 ***
x

 volt         param     
             i_d_0.6    
    0.        140.9386p 
   50.00000m  720.9379p 
  100.00000m    3.5596n 
  150.00000m   16.4057n 
  200.00000m   68.1591n 
  250.00000m  250.5238n 
  300.00000m  799.1231n 
  350.00000m    2.1173u 
  400.00000m    4.5693u 
  450.00000m    8.2637u 
  500.00000m   13.1062u 
  550.00000m   18.9479u 
  600.00000m   25.6544u 
  650.00000m   33.1138u 
  700.00000m   41.2274u 
  750.00000m   49.9013u 
  800.00000m   59.0392u 
  850.00000m   68.5342u 
  900.00000m   78.2599u 
  950.00000m   88.0631u 
    1.00000    97.7753u 
y
 vth0_value= 235.3431m
 u0_param=  49.7204m
 ags_param= 434.7533m
 
   *** monte carlo  index = 312 ***
x

 volt         param     
             i_d_0.6    
    0.         84.0096p 
   50.00000m  431.4842p 
  100.00000m    2.1571n 
  150.00000m   10.1655n 
  200.00000m   43.5536n 
  250.00000m  165.6598n 
  300.00000m  551.2509n 
  350.00000m    1.5425u 
  400.00000m    3.5159u 
  450.00000m    6.6430u 
  500.00000m   10.8735u 
  550.00000m   16.0739u 
  600.00000m   22.1138u 
  650.00000m   28.8848u 
  700.00000m   36.2927u 
  750.00000m   44.2497u 
  800.00000m   52.6668u 
  850.00000m   61.4470u 
  900.00000m   70.4760u 
  950.00000m   79.6137u 
    1.00000    88.7003u 
y
 vth0_value= 248.8252m
 u0_param=  46.5978m
 ags_param= 422.0169m
 
   *** monte carlo  index = 313 ***
x

 volt         param     
             i_d_0.6    
    0.         82.1079p 
   50.00000m  422.2115p 
  100.00000m    2.1161n 
  150.00000m   10.0178n 
  200.00000m   43.2003n 
  250.00000m  165.4915n 
  300.00000m  555.2293n 
  350.00000m    1.5705u 
  400.00000m    3.6199u 
  450.00000m    6.9012u 
  500.00000m   11.3673u 
  550.00000m   16.8740u 
  600.00000m   23.2789u 
  650.00000m   30.4630u 
  700.00000m   38.3246u 
  750.00000m   46.7694u 
  800.00000m   55.7029u 
  850.00000m   65.0235u 
  900.00000m   74.6133u 
  950.00000m   84.3290u 
    1.00000    94.0052u 
y
 vth0_value= 251.8136m
 u0_param=  50.0601m
 ags_param= 426.5832m
 
   *** monte carlo  index = 314 ***
x

 volt         param     
             i_d_0.6    
    0.         33.9738p 
   50.00000m  174.6777p 
  100.00000m  890.6383p 
  150.00000m    4.3644n 
  200.00000m   19.8587n 
  250.00000m   81.1308n 
  300.00000m  292.7059n 
  350.00000m  911.4414n 
  400.00000m    2.3432u 
  450.00000m    4.9134u 
  500.00000m    8.6872u 
  550.00000m   13.5532u 
  600.00000m   19.3632u 
  650.00000m   25.9880u 
  700.00000m   33.3198u 
  750.00000m   41.2634u 
  800.00000m   49.7274u 
  850.00000m   58.6174u 
  900.00000m   67.8279u 
  950.00000m   77.2327u 
    1.00000    86.6792u 
y
 vth0_value= 278.2533m
 u0_param=  49.8009m
 ags_param= 403.6221m
 
   *** monte carlo  index = 315 ***
x

 volt         param     
             i_d_0.6    
    0.        120.3243p 
   50.00000m  616.6362p 
  100.00000m    3.0590n 
  150.00000m   14.2151n 
  200.00000m   59.7160n 
  250.00000m  222.1770n 
  300.00000m  719.5687n 
  350.00000m    1.9437u 
  400.00000m    4.2747u 
  450.00000m    7.8460u 
  500.00000m   12.5757u 
  550.00000m   18.3152u 
  600.00000m   24.9278u 
  650.00000m   32.2998u 
  700.00000m   40.3318u 
  750.00000m   48.9299u 
  800.00000m   57.9985u 
  850.00000m   67.4326u 
  900.00000m   77.1088u 
  950.00000m   86.8770u 
    1.00000    96.5696u 
y
 vth0_value= 240.1386m
 u0_param=  49.7779m
 ags_param= 416.7257m
 
   *** monte carlo  index = 316 ***
x

 volt         param     
             i_d_0.6    
    0.        107.1379p 
   50.00000m  549.7455p 
  100.00000m    2.7364n 
  150.00000m   12.7927n 
  200.00000m   54.1883n 
  250.00000m  203.4634n 
  300.00000m  666.4050n 
  350.00000m    1.8264u 
  400.00000m    4.0751u 
  450.00000m    7.5663u 
  500.00000m   12.2275u 
  550.00000m   17.9104u 
  600.00000m   24.4760u 
  650.00000m   31.8087u 
  700.00000m   39.8082u 
  750.00000m   48.3801u 
  800.00000m   57.4290u 
  850.00000m   66.8510u 
  900.00000m   76.5241u 
  950.00000m   86.3004u 
    1.00000    96.0126u 
y
 vth0_value= 243.7789m
 u0_param=  50.0092m
 ags_param= 414.7997m
 
   *** monte carlo  index = 317 ***
x

 volt         param     
             i_d_0.6    
    0.        114.4525p 
   50.00000m  586.8585p 
  100.00000m    2.9155n 
  150.00000m   13.5826n 
  200.00000m   57.2582n 
  250.00000m  213.8532n 
  300.00000m  695.9084n 
  350.00000m    1.8913u 
  400.00000m    4.1847u 
  450.00000m    7.7181u 
  500.00000m   12.4133u 
  550.00000m   18.1223u 
  600.00000m   24.7076u 
  650.00000m   32.0549u 
  700.00000m   40.0646u 
  750.00000m   48.6426u 
  800.00000m   57.6936u 
  850.00000m   67.1131u 
  900.00000m   76.7783u 
  950.00000m   86.5399u 
    1.00000    96.2304u 
y
 vth0_value= 241.6626m
 u0_param=  49.8073m
 ags_param= 422.2188m
 
   *** monte carlo  index = 318 ***
x

 volt         param     
             i_d_0.6    
    0.         61.3242p 
   50.00000m  315.6331p 
  100.00000m    1.5912n 
  150.00000m    7.6182n 
  200.00000m   33.4069n 
  250.00000m  130.4730n 
  300.00000m  447.7222n 
  350.00000m    1.3049u 
  400.00000m    3.1069u 
  450.00000m    6.0865u 
  500.00000m   10.2274u 
  550.00000m   15.3969u 
  600.00000m   21.4548u 
  650.00000m   28.2833u 
  700.00000m   35.7822u 
  750.00000m   43.8599u 
  800.00000m   52.4256u 
  850.00000m   61.3823u 
  900.00000m   70.6182u 
  950.00000m   79.9969u 
    1.00000    89.3588u 
y
 vth0_value= 259.6023m
 u0_param=  48.5307m
 ags_param= 422.8760m
 
   *** monte carlo  index = 319 ***
x

 volt         param     
             i_d_0.6    
    0.         65.1584p 
   50.00000m  335.3610p 
  100.00000m    1.6890n 
  150.00000m    8.0706n 
  200.00000m   35.2861n 
  250.00000m  137.3328n 
  300.00000m  469.3594n 
  350.00000m    1.3606u 
  400.00000m    3.2202u 
  450.00000m    6.2765u 
  500.00000m   10.5069u 
  550.00000m   15.7750u 
  600.00000m   21.9390u 
  650.00000m   28.8799u 
  700.00000m   36.4963u 
  750.00000m   44.6955u 
  800.00000m   53.3853u 
  850.00000m   62.4675u 
  900.00000m   71.8286u 
  950.00000m   81.3308u 
    1.00000    90.8127u 
y
 vth0_value= 258.2030m
 u0_param=  49.1816m
 ags_param= 415.6946m
 
   *** monte carlo  index = 320 ***
x

 volt         param     
             i_d_0.6    
    0.        171.3977p 
   50.00000m  874.6615p 
  100.00000m    4.2940n 
  150.00000m   19.5985n 
  200.00000m   80.3892n 
  250.00000m  291.3530n 
  300.00000m  912.7981n 
  350.00000m    2.3649u 
  400.00000m    4.9963u 
  450.00000m    8.8876u 
  500.00000m   13.9305u 
  550.00000m   19.9733u 
  600.00000m   26.8817u 
  650.00000m   34.5438u 
  700.00000m   42.8602u 
  750.00000m   51.7355u 
  800.00000m   61.0710u 
  850.00000m   70.7570u 
  900.00000m   80.6631u 
  950.00000m   90.6323u 
    1.00000   100.4944u 
y
 vth0_value= 229.9080m
 u0_param=  50.4304m
 ags_param= 423.0186m
 
   *** monte carlo  index = 321 ***
x

 volt         param     
             i_d_0.6    
    0.         77.6893p 
   50.00000m  399.4051p 
  100.00000m    2.0023n 
  150.00000m    9.4846n 
  200.00000m   40.9369n 
  250.00000m  156.9939n 
  300.00000m  527.4747n 
  350.00000m    1.4948u 
  400.00000m    3.4528u 
  450.00000m    6.5944u 
  500.00000m   10.8775u 
  550.00000m   16.1649u 
  600.00000m   22.3203u 
  650.00000m   29.2297u 
  700.00000m   36.7956u 
  750.00000m   44.9271u 
  800.00000m   53.5333u 
  850.00000m   62.5159u 
  900.00000m   71.7604u 
  950.00000m   81.1268u 
    1.00000    90.4540u 
y
 vth0_value= 252.1958m
 u0_param=  48.0972m
 ags_param= 403.1681m
 
   *** monte carlo  index = 322 ***
x

 volt         param     
             i_d_0.6    
    0.         42.3624p 
   50.00000m  217.9793p 
  100.00000m    1.1065n 
  150.00000m    5.3709n 
  200.00000m   24.0658n 
  250.00000m   96.4500n 
  300.00000m  340.7464n 
  350.00000m    1.0324u 
  400.00000m    2.5686u 
  450.00000m    5.2288u 
  500.00000m    9.0407u 
  550.00000m   13.8865u 
  600.00000m   19.6264u 
  650.00000m   26.1406u 
  700.00000m   33.3283u 
  750.00000m   41.0991u 
  800.00000m   49.3647u 
  850.00000m   58.0322u 
  900.00000m   66.9958u 
  950.00000m   76.1271u 
    1.00000    85.2724u 
y
 vth0_value= 270.1941m
 u0_param=  47.6860m
 ags_param= 419.5546m
 
   *** monte carlo  index = 323 ***
x

 volt         param     
             i_d_0.6    
    0.         37.9532p 
   50.00000m  195.2246p 
  100.00000m  993.0758p 
  150.00000m    4.8423n 
  200.00000m   21.8548n 
  250.00000m   88.3760n 
  300.00000m  315.3104n 
  350.00000m  967.7323n 
  400.00000m    2.4449u 
  450.00000m    5.0457u 
  500.00000m    8.8145u 
  550.00000m   13.6370u 
  600.00000m   19.3707u 
  650.00000m   25.8924u 
  700.00000m   33.0991u 
  750.00000m   40.8988u 
  800.00000m   49.2025u 
  850.00000m   57.9172u 
  900.00000m   66.9377u 
  950.00000m   76.1371u 
    1.00000    85.3627u 
y
 vth0_value= 273.9303m
 u0_param=  48.3084m
 ags_param= 414.0785m
 
   *** monte carlo  index = 324 ***
x

 volt         param     
             i_d_0.6    
    0.         67.1458p 
   50.00000m  345.5552p 
  100.00000m    1.7393n 
  150.00000m    8.3003n 
  200.00000m   36.2224n 
  250.00000m  140.6721n 
  300.00000m  479.5750n 
  350.00000m    1.3856u 
  400.00000m    3.2676u 
  450.00000m    6.3493u 
  500.00000m   10.6051u 
  550.00000m   15.8977u 
  600.00000m   22.0853u 
  650.00000m   29.0493u 
  700.00000m   36.6885u 
  750.00000m   44.9099u 
  800.00000m   53.6215u 
  850.00000m   62.7244u 
  900.00000m   72.1047u 
  950.00000m   81.6237u 
    1.00000    91.1195u 
y
 vth0_value= 257.3229m
 u0_param=  49.2187m
 ags_param= 424.1461m
 
   *** monte carlo  index = 325 ***
x

 volt         param     
             i_d_0.6    
    0.         51.5429p 
   50.00000m  265.3881p 
  100.00000m    1.3431n 
  150.00000m    6.4788n 
  200.00000m   28.7428n 
  250.00000m  113.8068n 
  300.00000m  396.6245n 
  350.00000m    1.1801u 
  400.00000m    2.8752u 
  450.00000m    5.7454u 
  500.00000m    9.7964u 
  550.00000m   14.8991u 
  600.00000m   20.9098u 
  650.00000m   27.7066u 
  700.00000m   35.1870u 
  750.00000m   43.2577u 
  800.00000m   51.8278u 
  850.00000m   60.8006u 
  900.00000m   70.0663u 
  950.00000m   79.4914u 
    1.00000    88.9179u 
y
 vth0_value= 265.2305m
 u0_param=  49.1314m
 ags_param= 411.4825m
 
   *** monte carlo  index = 326 ***
x

 volt         param     
             i_d_0.6    
    0.         35.9771p 
   50.00000m  185.0585p 
  100.00000m  942.7907p 
  150.00000m    4.6114n 
  200.00000m   20.9183n 
  250.00000m   85.1255n 
  300.00000m  305.7968n 
  350.00000m  946.8831n 
  400.00000m    2.4178u 
  450.00000m    5.0381u 
  500.00000m    8.8649u 
  550.00000m   13.7836u 
  600.00000m   19.6456u 
  650.00000m   26.3219u 
  700.00000m   33.7049u 
  750.00000m   41.6994u 
  800.00000m   50.2137u 
  850.00000m   59.1526u 
  900.00000m   68.4098u 
  950.00000m   77.8576u 
    1.00000    87.3424u 
y
 vth0_value= 276.6085m
 u0_param=  49.9412m
 ags_param= 412.5458m
 
   *** monte carlo  index = 327 ***
x

 volt         param     
             i_d_0.6    
    0.         19.6094p 
   50.00000m   99.9882p 
  100.00000m  512.8208p 
  150.00000m    2.5515n 
  200.00000m   11.9192n 
  250.00000m   50.4383n 
  300.00000m  189.1772n 
  350.00000m  618.7443n 
  400.00000m    1.6924u 
  450.00000m    3.7677u 
  500.00000m    6.9816u 
  550.00000m   11.2644u 
  600.00000m   16.4786u 
  650.00000m   22.4961u 
  700.00000m   29.2106u 
  750.00000m   36.5302u 
  800.00000m   44.3684u 
  850.00000m   52.6376u 
  900.00000m   61.2416u 
  950.00000m   70.0660u 
    1.00000    78.9706u 
y
 vth0_value= 293.3348m
 u0_param=  47.2780m
 ags_param= 415.4354m
 
   *** monte carlo  index = 328 ***
x

 volt         param     
             i_d_0.6    
    0.         85.5771p 
   50.00000m  439.8001p 
  100.00000m    2.2008n 
  150.00000m   10.3885n 
  200.00000m   44.6125n 
  250.00000m  170.1068n 
  300.00000m  567.6141n 
  350.00000m    1.5940u 
  400.00000m    3.6467u 
  450.00000m    6.9098u 
  500.00000m   11.3319u 
  550.00000m   16.7711u 
  600.00000m   23.0889u 
  650.00000m   30.1700u 
  700.00000m   37.9150u 
  750.00000m   46.2315u 
  800.00000m   55.0266u 
  850.00000m   64.1998u 
  900.00000m   73.6338u 
  950.00000m   83.1859u 
    1.00000    92.6921u 
y
 vth0_value= 249.9043m
 u0_param=  49.0323m
 ags_param= 413.2591m
 
   *** monte carlo  index = 329 ***
x

 volt         param     
             i_d_0.6    
    0.         63.8707p 
   50.00000m  328.7289p 
  100.00000m    1.6561n 
  150.00000m    7.9175n 
  200.00000m   34.6459n 
  250.00000m  134.9750n 
  300.00000m  461.8383n 
  350.00000m    1.3409u 
  400.00000m    3.1790u 
  450.00000m    6.2053u 
  500.00000m   10.3992u 
  550.00000m   15.6258u 
  600.00000m   21.7443u 
  650.00000m   28.6361u 
  700.00000m   36.2008u 
  750.00000m   44.3460u 
  800.00000m   52.9803u 
  850.00000m   62.0060u 
  900.00000m   71.3101u 
  950.00000m   80.7554u 
    1.00000    90.1811u 
y
 vth0_value= 258.5963m
 u0_param=  48.8638m
 ags_param= 421.5856m
 
   *** monte carlo  index = 330 ***
x

 volt         param     
             i_d_0.6    
    0.         64.7476p 
   50.00000m  333.2671p 
  100.00000m    1.6789n 
  150.00000m    8.0252n 
  200.00000m   35.1091n 
  250.00000m  136.7403n 
  300.00000m  467.7078n 
  350.00000m    1.3573u 
  400.00000m    3.2160u 
  450.00000m    6.2744u 
  500.00000m   10.5109u 
  550.00000m   15.7888u 
  600.00000m   21.9657u 
  650.00000m   28.9220u 
  700.00000m   36.5560u 
  750.00000m   44.7747u 
  800.00000m   53.4857u 
  850.00000m   62.5905u 
  900.00000m   71.9755u 
  950.00000m   81.5028u 
    1.00000    91.0107u 
y
 vth0_value= 258.4934m
 u0_param=  49.3356m
 ags_param= 420.9197m
 
   *** monte carlo  index = 331 ***
x

 volt         param     
             i_d_0.6    
    0.         57.3676p 
   50.00000m  295.3821p 
  100.00000m    1.4920n 
  150.00000m    7.1687n 
  200.00000m   31.6097n 
  250.00000m  124.2501n 
  300.00000m  429.4674n 
  350.00000m    1.2638u 
  400.00000m    3.0413u 
  450.00000m    6.0124u 
  500.00000m   10.1702u 
  550.00000m   15.3811u 
  600.00000m   21.5008u 
  650.00000m   28.4078u 
  700.00000m   35.9991u 
  750.00000m   44.1813u 
  800.00000m   52.8620u 
  850.00000m   61.9435u 
  900.00000m   71.3137u 
  950.00000m   80.8367u 
    1.00000    90.3520u 
y
 vth0_value= 262.2549m
 u0_param=  49.5178m
 ags_param= 422.5693m
 
   *** monte carlo  index = 332 ***
x

 volt         param     
             i_d_0.6    
    0.        236.5778p 
   50.00000m    1.2012n 
  100.00000m    5.8328n 
  150.00000m   26.1471n 
  200.00000m  104.8467n 
  250.00000m  370.6296n 
  300.00000m    1.1239u 
  350.00000m    2.8000u 
  400.00000m    5.7076u 
  450.00000m    9.8805u 
  500.00000m   15.1920u 
  550.00000m   21.4900u 
  600.00000m   28.6437u 
  650.00000m   36.5430u 
  700.00000m   45.0886u 
  750.00000m   54.1839u 
  800.00000m   63.7275u 
  850.00000m   73.6052u 
  900.00000m   83.6805u 
  950.00000m   93.7905u 
    1.00000   103.7644u 
y
 vth0_value= 220.4287m
 u0_param=  50.8029m
 ags_param= 425.4256m
 
   *** monte carlo  index = 333 ***
x

 volt         param     
             i_d_0.6    
    0.         59.2710p 
   50.00000m  305.0761p 
  100.00000m    1.5390n 
  150.00000m    7.3771n 
  200.00000m   32.4112n 
  250.00000m  126.8659n 
  300.00000m  436.4555n 
  350.00000m    1.2764u 
  400.00000m    3.0505u 
  450.00000m    5.9952u 
  500.00000m   10.0981u 
  550.00000m   15.2277u 
  600.00000m   21.2442u 
  650.00000m   28.0300u 
  700.00000m   35.4852u 
  750.00000m   43.5183u 
  800.00000m   52.0392u 
  850.00000m   60.9513u 
  900.00000m   70.1435u 
  950.00000m   79.4804u 
    1.00000    88.8031u 
y
 vth0_value= 260.5037m
 u0_param=  48.3429m
 ags_param= 419.2257m
 
   *** monte carlo  index = 334 ***
x

 volt         param     
             i_d_0.6    
    0.         69.6403p 
   50.00000m  358.4715p 
  100.00000m    1.8041n 
  150.00000m    8.6075n 
  200.00000m   37.5477n 
  250.00000m  145.7382n 
  300.00000m  496.4765n 
  350.00000m    1.4330u 
  400.00000m    3.3754u 
  450.00000m    6.5519u 
  500.00000m   10.9341u 
  550.00000m   16.3795u 
  600.00000m   22.7416u 
  650.00000m   29.8979u 
  700.00000m   37.7442u 
  750.00000m   46.1850u 
  800.00000m   55.1256u 
  850.00000m   64.4652u 
  900.00000m   74.0875u 
  950.00000m   83.8521u 
    1.00000    93.5947u 
y
 vth0_value= 257.1421m
 u0_param=  50.6502m
 ags_param= 418.8220m
 
   *** monte carlo  index = 335 ***
x

 volt         param     
             i_d_0.6    
    0.         42.8889p 
   50.00000m  220.7631p 
  100.00000m    1.1210n 
  150.00000m    5.4454n 
  200.00000m   24.4257n 
  250.00000m   98.0155n 
  300.00000m  346.7247n 
  350.00000m    1.0522u 
  400.00000m    2.6230u 
  450.00000m    5.3483u 
  500.00000m    9.2579u 
  550.00000m   14.2303u 
  600.00000m   20.1206u 
  650.00000m   26.8048u 
  700.00000m   34.1791u 
  750.00000m   42.1500u 
  800.00000m   50.6270u 
  850.00000m   59.5151u 
  900.00000m   68.7065u 
  950.00000m   78.0714u 
    1.00000    87.4541u 
y
 vth0_value= 270.7489m
 u0_param=  49.0906m
 ags_param= 416.0859m
 
   *** monte carlo  index = 336 ***
x

 volt         param     
             i_d_0.6    
    0.         77.7073p 
   50.00000m  399.6897p 
  100.00000m    2.0056n 
  150.00000m    9.5160n 
  200.00000m   41.1708n 
  250.00000m  158.3070n 
  300.00000m  533.4702n 
  350.00000m    1.5177u 
  400.00000m    3.5201u 
  450.00000m    6.7454u 
  500.00000m   11.1524u 
  550.00000m   16.5986u 
  600.00000m   22.9417u 
  650.00000m   30.0630u 
  700.00000m   37.8609u 
  750.00000m   46.2414u 
  800.00000m   55.1109u 
  850.00000m   64.3685u 
  900.00000m   73.8975u 
  950.00000m   83.5558u 
    1.00000    93.1793u 
y
 vth0_value= 253.3132m
 u0_param=  49.8149m
 ags_param= 421.8749m
 
   *** monte carlo  index = 337 ***
x

 volt         param     
             i_d_0.6    
    0.         52.5845p 
   50.00000m  270.6925p 
  100.00000m    1.3688n 
  150.00000m    6.5925n 
  200.00000m   29.1755n 
  250.00000m  115.1883n 
  300.00000m  400.1715n 
  350.00000m    1.1857u 
  400.00000m    2.8752u 
  450.00000m    5.7222u 
  500.00000m    9.7281u 
  550.00000m   14.7657u 
  600.00000m   20.6947u 
  650.00000m   27.3963u 
  700.00000m   34.7702u 
  750.00000m   42.7251u 
  800.00000m   51.1712u 
  850.00000m   60.0134u 
  900.00000m   69.1421u 
  950.00000m   78.4244u 
    1.00000    87.7029u 
y
 vth0_value= 264.0247m
 u0_param=  48.2140m
 ags_param= 422.6201m
 
   *** monte carlo  index = 338 ***
x

 volt         param     
             i_d_0.6    
    0.         38.0771p 
   50.00000m  195.8868p 
  100.00000m  996.6217p 
  150.00000m    4.8611n 
  200.00000m   21.9509n 
  250.00000m   88.8189n 
  300.00000m  317.0917n 
  350.00000m  973.9830n 
  400.00000m    2.4630u 
  450.00000m    5.0875u 
  500.00000m    8.8927u 
  550.00000m   13.7634u 
  600.00000m   19.5549u 
  650.00000m   26.1423u 
  700.00000m   33.4213u 
  750.00000m   41.2989u 
  800.00000m   49.6849u 
  850.00000m   58.4856u 
  900.00000m   67.5952u 
  950.00000m   76.8861u 
    1.00000    86.2049u 
y
 vth0_value= 274.1980m
 u0_param=  48.8657m
 ags_param= 411.9848m
 
   *** monte carlo  index = 339 ***
x

 volt         param     
             i_d_0.6    
    0.         82.3248p 
   50.00000m  423.2787p 
  100.00000m    2.1209n 
  150.00000m   10.0361n 
  200.00000m   43.2509n 
  250.00000m  165.5659n 
  300.00000m  555.0200n 
  350.00000m    1.5682u 
  400.00000m    3.6105u 
  450.00000m    6.8769u 
  500.00000m   11.3199u 
  550.00000m   16.7964u 
  600.00000m   23.1650u 
  650.00000m   30.3079u 
  700.00000m   38.1242u 
  750.00000m   46.5200u 
  800.00000m   55.4017u 
  850.00000m   64.6679u 
  900.00000m   74.2013u 
  950.00000m   83.8588u 
    1.00000    93.4758u 
y
 vth0_value= 251.5125m
 u0_param=  49.7145m
 ags_param= 421.2577m
 
   *** monte carlo  index = 340 ***
x

 volt         param     
             i_d_0.6    
    0.         30.0106p 
   50.00000m  154.0448p 
  100.00000m  785.9471p 
  150.00000m    3.8588n 
  200.00000m   17.6168n 
  250.00000m   72.2873n 
  300.00000m  262.1082n 
  350.00000m  821.5901n 
  400.00000m    2.1295u 
  450.00000m    4.4999u 
  500.00000m    8.0045u 
  550.00000m   12.5445u 
  600.00000m   17.9821u 
  650.00000m   24.1959u 
  700.00000m   31.0846u 
  750.00000m   38.5587u 
  800.00000m   46.5322u 
  850.00000m   54.9157u 
  900.00000m   63.6091u 
  950.00000m   72.4911u 
    1.00000    81.4149u 
y
 vth0_value= 280.0409m
 u0_param=  46.8154m
 ags_param= 408.5015m
 
   *** monte carlo  index = 341 ***
x

 volt         param     
             i_d_0.6    
    0.         54.7880p 
   50.00000m  282.0117p 
  100.00000m    1.4247n 
  150.00000m    6.8490n 
  200.00000m   30.2241n 
  250.00000m  118.9249n 
  300.00000m  411.5810n 
  350.00000m    1.2133u 
  400.00000m    2.9255u 
  450.00000m    5.7935u 
  500.00000m    9.8136u 
  550.00000m   14.8576u 
  600.00000m   20.7865u 
  650.00000m   27.4825u 
  700.00000m   34.8462u 
  750.00000m   42.7869u 
  800.00000m   51.2150u 
  850.00000m   60.0353u 
  900.00000m   69.1384u 
  950.00000m   78.3907u 
    1.00000    87.6350u 
y
 vth0_value= 262.6303m
 u0_param=  47.9778m
 ags_param= 412.9515m
 
   *** monte carlo  index = 342 ***
x

 volt         param     
             i_d_0.6    
    0.         79.4611p 
   50.00000m  408.8376p 
  100.00000m    2.0522n 
  150.00000m    9.7423n 
  200.00000m   42.1817n 
  250.00000m  162.3209n 
  300.00000m  547.4290n 
  350.00000m    1.5590u 
  400.00000m    3.6196u 
  450.00000m    6.9415u 
  500.00000m   11.4817u 
  550.00000m   17.0923u 
  600.00000m   23.6253u 
  650.00000m   30.9575u 
  700.00000m   38.9837u 
  750.00000m   47.6070u 
  800.00000m   56.7310u 
  850.00000m   66.2525u 
  900.00000m   76.0526u 
  950.00000m   85.9876u 
    1.00000    95.8908u 
y
 vth0_value= 253.6810m
 u0_param=  51.4601m
 ags_param= 416.4493m
 
   *** monte carlo  index = 343 ***
x

 volt         param     
             i_d_0.6    
    0.         66.7798p 
   50.00000m  343.7682p 
  100.00000m    1.7314n 
  150.00000m    8.2721n 
  200.00000m   36.1617n 
  250.00000m  140.7090n 
  300.00000m  480.7368n 
  350.00000m    1.3929u 
  400.00000m    3.2950u 
  450.00000m    6.4189u 
  500.00000m   10.7406u 
  550.00000m   16.1200u 
  600.00000m   22.4118u 
  650.00000m   29.4940u 
  700.00000m   37.2631u 
  750.00000m   45.6245u 
  800.00000m   54.4841u 
  850.00000m   63.7421u 
  900.00000m   73.2832u 
  950.00000m   82.9682u 
    1.00000    92.6337u 
y
 vth0_value= 258.1419m
 u0_param=  50.2364m
 ags_param= 421.0941m
 
   *** monte carlo  index = 344 ***
x

 volt         param     
             i_d_0.6    
    0.        202.9912p 
   50.00000m    1.0336n 
  100.00000m    5.0484n 
  150.00000m   22.8480n 
  200.00000m   92.7107n 
  250.00000m  332.0296n 
  300.00000m    1.0242u 
  350.00000m    2.6040u 
  400.00000m    5.4060u 
  450.00000m    9.4883u 
  500.00000m   14.7309u 
  550.00000m   20.9789u 
  600.00000m   28.0976u 
  650.00000m   35.9744u 
  700.00000m   44.5085u 
  750.00000m   53.6026u 
  800.00000m   63.1557u 
  850.00000m   73.0550u 
  900.00000m   83.1663u 
  950.00000m   93.3287u 
    1.00000   103.3702u 
y
 vth0_value= 225.3795m
 u0_param=  51.3301m
 ags_param= 420.5704m
 
   *** monte carlo  index = 345 ***
x

 volt         param     
             i_d_0.6    
    0.         50.4126p 
   50.00000m  259.5215p 
  100.00000m    1.3135n 
  150.00000m    6.3374n 
  200.00000m   28.1248n 
  250.00000m  111.4090n 
  300.00000m  388.4822n 
  350.00000m    1.1567u 
  400.00000m    2.8208u 
  450.00000m    5.6412u 
  500.00000m    9.6248u 
  550.00000m   14.6455u 
  600.00000m   20.5621u 
  650.00000m   27.2547u 
  700.00000m   34.6223u 
  750.00000m   42.5735u 
  800.00000m   51.0184u 
  850.00000m   59.8617u 
  900.00000m   68.9948u 
  950.00000m   78.2855u 
    1.00000    87.5771u 
y
 vth0_value= 265.3920m
 u0_param=  48.3585m
 ags_param= 409.5042m
 
   *** monte carlo  index = 346 ***
x

 volt         param     
             i_d_0.6    
    0.         19.8469p 
   50.00000m  101.2344p 
  100.00000m  519.2537p 
  150.00000m    2.5836n 
  200.00000m   12.0698n 
  250.00000m   51.0776n 
  300.00000m  191.5784n 
  350.00000m  626.5850n 
  400.00000m    1.7138u 
  450.00000m    3.8151u 
  500.00000m    7.0690u 
  550.00000m   11.4043u 
  600.00000m   16.6815u 
  650.00000m   22.7706u 
  700.00000m   29.5640u 
  750.00000m   36.9683u 
  800.00000m   44.8963u 
  850.00000m   53.2592u 
  900.00000m   61.9600u 
  950.00000m   70.8833u 
    1.00000    79.8882u 
y
 vth0_value= 293.3641m
 u0_param=  47.8725m
 ags_param= 413.7018m
 
   *** monte carlo  index = 347 ***
x

 volt         param     
             i_d_0.6    
    0.         75.5651p 
   50.00000m  388.6489p 
  100.00000m    1.9507n 
  150.00000m    9.2599n 
  200.00000m   40.0928n 
  250.00000m  154.2993n 
  300.00000m  520.5365n 
  350.00000m    1.4831u 
  400.00000m    3.4453u 
  450.00000m    6.6111u 
  500.00000m   10.9417u 
  550.00000m   16.2976u 
  600.00000m   22.5391u 
  650.00000m   29.5493u 
  700.00000m   37.2283u 
  750.00000m   45.4835u 
  800.00000m   54.2226u 
  850.00000m   63.3461u 
  900.00000m   72.7385u 
  950.00000m   82.2591u 
    1.00000    91.7452u 
y
 vth0_value= 253.6474m
 u0_param=  49.0328m
 ags_param= 422.8511m
 
   *** monte carlo  index = 348 ***
x

 volt         param     
             i_d_0.6    
    0.         83.2784p 
   50.00000m  427.9655p 
  100.00000m    2.1420n 
  150.00000m   10.1156n 
  200.00000m   43.4689n 
  250.00000m  165.8765n 
  300.00000m  554.0514n 
  350.00000m    1.5580u 
  400.00000m    3.5694u 
  450.00000m    6.7717u 
  500.00000m   11.1159u 
  550.00000m   16.4634u 
  600.00000m   22.6783u 
  650.00000m   29.6473u 
  700.00000m   37.2727u 
  750.00000m   45.4636u 
  800.00000m   54.1284u 
  850.00000m   63.1679u 
  900.00000m   72.4657u 
  950.00000m   81.8800u 
    1.00000    91.2480u 
y
 vth0_value= 250.1900m
 u0_param=  48.2237m
 ags_param= 434.8967m
 
   *** monte carlo  index = 349 ***
x

 volt         param     
             i_d_0.6    
    0.         60.9995p 
   50.00000m  314.0694p 
  100.00000m    1.5846n 
  150.00000m    7.5969n 
  200.00000m   33.3837n 
  250.00000m  130.6955n 
  300.00000m  449.6681n 
  350.00000m    1.3152u 
  400.00000m    3.1432u 
  450.00000m    6.1770u 
  500.00000m   10.4028u 
  550.00000m   15.6839u 
  600.00000m   21.8754u 
  650.00000m   28.8553u 
  700.00000m   36.5205u 
  750.00000m   44.7769u 
  800.00000m   53.5314u 
  850.00000m   62.6856u 
  900.00000m   72.1262u 
  950.00000m   81.7163u 
    1.00000    91.2947u 
y
 vth0_value= 260.6204m
 u0_param=  49.8504m
 ags_param= 401.6568m
 
   *** monte carlo  index = 350 ***
x

 volt         param     
             i_d_0.6    
    0.         57.6115p 
   50.00000m  296.5751p 
  100.00000m    1.4972n 
  150.00000m    7.1875n 
  200.00000m   31.6484n 
  250.00000m  124.2027n 
  300.00000m  428.5477n 
  350.00000m    1.2582u 
  400.00000m    3.0200u 
  450.00000m    5.9571u 
  500.00000m   10.0608u 
  550.00000m   15.1996u 
  600.00000m   21.2323u 
  650.00000m   28.0398u 
  700.00000m   35.5213u 
  750.00000m   43.5847u 
  800.00000m   52.1393u 
  850.00000m   61.0885u 
  900.00000m   70.3213u 
  950.00000m   79.7026u 
    1.00000    89.0736u 
y
 vth0_value= 261.5761m
 u0_param=  48.6719m
 ags_param= 410.7106m
 
   *** monte carlo  index = 351 ***
x

 volt         param     
             i_d_0.6    
    0.        137.2188p 
   50.00000m  702.2192p 
  100.00000m    3.4707n 
  150.00000m   16.0242n 
  200.00000m   66.7299n 
  250.00000m  245.8936n 
  300.00000m  786.8486n 
  350.00000m    2.0931u 
  400.00000m    4.5346u 
  450.00000m    8.2254u 
  500.00000m   13.0728u 
  550.00000m   18.9269u 
  600.00000m   25.6518u 
  650.00000m   33.1343u 
  700.00000m   41.2752u 
  750.00000m   49.9800u 
  800.00000m   59.1519u 
  850.00000m   68.6841u 
  900.00000m   78.4506u 
  950.00000m   88.2985u 
    1.00000    98.0589u 
y
 vth0_value= 236.3528m
 u0_param=  50.0380m
 ags_param= 425.1505m
 
   *** monte carlo  index = 352 ***
x

 volt         param     
             i_d_0.6    
    0.         73.8033p 
   50.00000m  379.7735p 
  100.00000m    1.9086n 
  150.00000m    9.0809n 
  200.00000m   39.4514n 
  250.00000m  152.4108n 
  300.00000m  516.4052n 
  350.00000m    1.4798u 
  400.00000m    3.4587u 
  450.00000m    6.6702u 
  500.00000m   11.0790u 
  550.00000m   16.5420u 
  600.00000m   22.9143u 
  650.00000m   30.0748u 
  700.00000m   37.9204u 
  750.00000m   46.3559u 
  800.00000m   55.2870u 
  850.00000m   64.6126u 
  900.00000m   74.2159u 
  950.00000m   83.9554u 
    1.00000    93.6667u 
y
 vth0_value= 255.2331m
 u0_param=  50.3935m
 ags_param= 421.3286m
 
   *** monte carlo  index = 353 ***
x

 volt         param     
             i_d_0.6    
    0.        107.7314p 
   50.00000m  552.7698p 
  100.00000m    2.7512n 
  150.00000m   12.8587n 
  200.00000m   54.4506n 
  250.00000m  204.3777n 
  300.00000m  669.1196n 
  350.00000m    1.8328u 
  400.00000m    4.0873u 
  450.00000m    7.5857u 
  500.00000m   12.2551u 
  550.00000m   17.9472u 
  600.00000m   24.5229u 
  650.00000m   31.8665u 
  700.00000m   39.8777u 
  750.00000m   48.4620u 
  800.00000m   57.5239u 
  850.00000m   66.9592u 
  900.00000m   76.6456u 
  950.00000m   86.4346u 
    1.00000    96.1586u 
y
 vth0_value= 243.6415m
 u0_param=  50.0540m
 ags_param= 429.4985m
 
   *** monte carlo  index = 354 ***
x

 volt         param     
             i_d_0.6    
    0.         63.6926p 
   50.00000m  327.8463p 
  100.00000m    1.6521n 
  150.00000m    7.9019n 
  200.00000m   34.6009n 
  250.00000m  134.9045n 
  300.00000m  461.9959n 
  350.00000m    1.3429u 
  400.00000m    3.1877u 
  450.00000m    6.2287u 
  500.00000m   10.4461u 
  550.00000m   15.7040u 
  600.00000m   21.8600u 
  650.00000m   28.7949u 
  700.00000m   36.4069u 
  750.00000m   44.6032u 
  800.00000m   53.2917u 
  850.00000m   62.3741u 
  900.00000m   71.7372u 
  950.00000m   81.2434u 
    1.00000    90.7315u 
y
 vth0_value= 258.9237m
 u0_param=  49.2367m
 ags_param= 421.0078m
 
   *** monte carlo  index = 355 ***
x

 volt         param     
             i_d_0.6    
    0.         99.3171p 
   50.00000m  510.0212p 
  100.00000m    2.5444n 
  150.00000m   11.9431n 
  200.00000m   50.8760n 
  250.00000m  192.2276n 
  300.00000m  634.3994n 
  350.00000m    1.7559u 
  400.00000m    3.9574u 
  450.00000m    7.4072u 
  500.00000m   12.0396u 
  550.00000m   17.7062u 
  600.00000m   24.2658u 
  650.00000m   31.6009u 
  700.00000m   39.6099u 
  750.00000m   48.1981u 
  800.00000m   57.2696u 
  850.00000m   66.7208u 
  900.00000m   76.4302u 
  950.00000m   86.2506u 
    1.00000    96.0146u 
y
 vth0_value= 246.2916m
 u0_param=  50.3742m
 ags_param= 427.9475m
 
   *** monte carlo  index = 356 ***
x

 volt         param     
             i_d_0.6    
    0.         35.1637p 
   50.00000m  180.7996p 
  100.00000m  920.9180p 
  150.00000m    4.5033n 
  200.00000m   20.4206n 
  250.00000m   83.0658n 
  300.00000m  298.2919n 
  350.00000m  923.2835n 
  400.00000m    2.3565u 
  450.00000m    4.9086u 
  500.00000m    8.6353u 
  550.00000m   13.4262u 
  600.00000m   19.1374u 
  650.00000m   25.6440u 
  700.00000m   32.8419u 
  750.00000m   40.6383u 
  800.00000m   48.9439u 
  850.00000m   57.6658u 
  900.00000m   66.6994u 
  950.00000m   75.9187u 
    1.00000    85.1719u 
y
 vth0_value= 276.4059m
 u0_param=  48.5598m
 ags_param= 422.7986m
 
   *** monte carlo  index = 357 ***
x

 volt         param     
             i_d_0.6    
    0.         69.8484p 
   50.00000m  359.5322p 
  100.00000m    1.8093n 
  150.00000m    8.6305n 
  200.00000m   37.6376n 
  250.00000m  146.0413n 
  300.00000m  497.3304n 
  350.00000m    1.4348u 
  400.00000m    3.3778u 
  450.00000m    6.5539u 
  500.00000m   10.9341u 
  550.00000m   16.3761u 
  600.00000m   22.7337u 
  650.00000m   29.8846u 
  700.00000m   37.7249u 
  750.00000m   46.1590u 
  800.00000m   55.0925u 
  850.00000m   64.4245u 
  900.00000m   74.0387u 
  950.00000m   83.7946u 
    1.00000    93.5279u 
y
 vth0_value= 257.0114m
 u0_param=  50.5854m
 ags_param= 423.1052m
 
   *** monte carlo  index = 358 ***
x

 volt         param     
             i_d_0.6    
    0.         89.8776p 
   50.00000m  461.8285p 
  100.00000m    2.3091n 
  150.00000m   10.8824n 
  200.00000m   46.6260n 
  250.00000m  177.3195n 
  300.00000m  589.8130n 
  350.00000m    1.6495u 
  400.00000m    3.7571u 
  450.00000m    7.0936u 
  500.00000m   11.6027u 
  550.00000m   17.1396u 
  600.00000m   23.5643u 
  650.00000m   30.7598u 
  700.00000m   38.6257u 
  750.00000m   47.0681u 
  800.00000m   55.9930u 
  850.00000m   65.2984u 
  900.00000m   74.8651u 
  950.00000m   84.5486u 
    1.00000    94.1832u 
y
 vth0_value= 248.8740m
 u0_param=  49.7168m
 ags_param= 427.3940m
 
   *** monte carlo  index = 359 ***
x

 volt         param     
             i_d_0.6    
    0.        103.6656p 
   50.00000m  531.9660p 
  100.00000m    2.6491n 
  150.00000m   12.3944n 
  200.00000m   52.5616n 
  250.00000m  197.6166n 
  300.00000m  648.3330n 
  350.00000m    1.7807u 
  400.00000m    3.9821u 
  450.00000m    7.4070u 
  500.00000m   11.9863u 
  550.00000m   17.5746u 
  600.00000m   24.0353u 
  650.00000m   31.2543u 
  700.00000m   39.1328u 
  750.00000m   47.5780u 
  800.00000m   56.4958u 
  850.00000m   65.7835u 
  900.00000m   75.3205u 
  950.00000m   84.9602u 
    1.00000    94.5368u 
y
 vth0_value= 244.2768m
 u0_param=  49.2466m
 ags_param= 415.9485m
 
   *** monte carlo  index = 360 ***
x

 volt         param     
             i_d_0.6    
    0.        102.2284p 
   50.00000m  524.6057p 
  100.00000m    2.6129n 
  150.00000m   12.2294n 
  200.00000m   51.8874n 
  250.00000m  195.1925n 
  300.00000m  640.8371n 
  350.00000m    1.7618u 
  400.00000m    3.9435u 
  450.00000m    7.3411u 
  500.00000m   11.8866u 
  550.00000m   17.4361u 
  600.00000m   23.8538u 
  650.00000m   31.0263u 
  700.00000m   38.8557u 
  750.00000m   47.2494u 
  800.00000m   56.1141u 
  850.00000m   65.3476u 
  900.00000m   74.8296u 
  950.00000m   84.4141u 
    1.00000    93.9358u 
y
 vth0_value= 244.4899m
 u0_param=  48.9304m
 ags_param= 422.9069m
 
   *** monte carlo  index = 361 ***
x

 volt         param     
             i_d_0.6    
    0.         63.8151p 
   50.00000m  328.4748p 
  100.00000m    1.6552n 
  150.00000m    7.9160n 
  200.00000m   34.6588n 
  250.00000m  135.1109n 
  300.00000m  462.6267n 
  350.00000m    1.3444u 
  400.00000m    3.1906u 
  450.00000m    6.2330u 
  500.00000m   10.4518u 
  550.00000m   15.7109u 
  600.00000m   21.8680u 
  650.00000m   28.8037u 
  700.00000m   36.4165u 
  750.00000m   44.6135u 
  800.00000m   53.3025u 
  850.00000m   62.3853u 
  900.00000m   71.7487u 
  950.00000m   81.2550u 
    1.00000    90.7431u 
y
 vth0_value= 258.8658m
 u0_param=  49.2367m
 ags_param= 419.3309m
 
   *** monte carlo  index = 362 ***
x

 volt         param     
             i_d_0.6    
    0.         35.0073p 
   50.00000m  179.9738p 
  100.00000m  916.6029p 
  150.00000m    4.4813n 
  200.00000m   20.3144n 
  250.00000m   82.6017n 
  300.00000m  296.5080n 
  350.00000m  917.3076n 
  400.00000m    2.3398u 
  450.00000m    4.8713u 
  500.00000m    8.5665u 
  550.00000m   13.3159u 
  600.00000m   18.9775u 
  650.00000m   25.4276u 
  700.00000m   32.5631u 
  750.00000m   40.2924u 
  800.00000m   48.5268u 
  850.00000m   57.1742u 
  900.00000m   66.1307u 
  950.00000m   75.2711u 
    1.00000    84.4441u 
y
 vth0_value= 276.2341m
 u0_param=  48.0955m
 ags_param= 415.5428m
 
   *** monte carlo  index = 363 ***
x

 volt         param     
             i_d_0.6    
    0.         51.7130p 
   50.00000m  266.2432p 
  100.00000m    1.3471n 
  150.00000m    6.4955n 
  200.00000m   28.7977n 
  250.00000m  113.9366n 
  300.00000m  396.7443n 
  350.00000m    1.1791u 
  400.00000m    2.8693u 
  450.00000m    5.7275u 
  500.00000m    9.7584u 
  550.00000m   14.8337u 
  600.00000m   20.8110u 
  650.00000m   27.5695u 
  700.00000m   35.0075u 
  750.00000m   43.0325u 
  800.00000m   51.5538u 
  850.00000m   60.4757u 
  900.00000m   69.6882u 
  950.00000m   79.0584u 
    1.00000    88.4282u 
y
 vth0_value= 264.9048m
 u0_param=  48.7848m
 ags_param= 415.8706m
 
   *** monte carlo  index = 364 ***
x

 volt         param     
             i_d_0.6    
    0.         69.7768p 
   50.00000m  359.0295p 
  100.00000m    1.8054n 
  150.00000m    8.6011n 
  200.00000m   37.4380n 
  250.00000m  144.9587n 
  300.00000m  492.4874n 
  350.00000m    1.4164u 
  400.00000m    3.3236u 
  450.00000m    6.4313u 
  500.00000m   10.7094u 
  550.00000m   16.0200u 
  600.00000m   22.2221u 
  650.00000m   29.1977u 
  700.00000m   36.8461u 
  750.00000m   45.0747u 
  800.00000m   53.7911u 
  850.00000m   62.8965u 
  900.00000m   72.2764u 
  950.00000m   81.7915u 
    1.00000    91.2794u 
y
 vth0_value= 256.1056m
 u0_param=  49.1256m
 ags_param= 426.9695m
 
   *** monte carlo  index = 365 ***
x

 volt         param     
             i_d_0.6    
    0.         79.8288p 
   50.00000m  410.5108p 
  100.00000m    2.0584n 
  150.00000m    9.7523n 
  200.00000m   42.1060n 
  250.00000m  161.5237n 
  300.00000m  542.8223n 
  350.00000m    1.5388u 
  400.00000m    3.5552u 
  450.00000m    6.7912u 
  500.00000m   11.2024u 
  550.00000m   16.6466u 
  600.00000m   22.9826u 
  650.00000m   30.0927u 
  700.00000m   37.8758u 
  750.00000m   46.2384u 
  800.00000m   55.0872u 
  850.00000m   64.3214u 
  900.00000m   73.8239u 
  950.00000m   83.4527u 
    1.00000    93.0434u 
y
 vth0_value= 252.3590m
 u0_param=  49.5912m
 ags_param= 422.2345m
 
   *** monte carlo  index = 366 ***
x

 volt         param     
             i_d_0.6    
    0.        100.3569p 
   50.00000m  515.3609p 
  100.00000m    2.5708n 
  150.00000m   12.0646n 
  200.00000m   51.3793n 
  250.00000m  194.0651n 
  300.00000m  640.1913n 
  350.00000m    1.7710u 
  400.00000m    3.9889u 
  450.00000m    7.4625u 
  500.00000m   12.1247u 
  550.00000m   17.8261u 
  600.00000m   24.4244u 
  650.00000m   31.8014u 
  700.00000m   39.8549u 
  750.00000m   48.4895u 
  800.00000m   57.6090u 
  850.00000m   67.1092u 
  900.00000m   76.8685u 
  950.00000m   86.7394u 
    1.00000    96.5541u 
y
 vth0_value= 246.1718m
 u0_param=  50.6792m
 ags_param= 415.6653m
 
   *** monte carlo  index = 367 ***
x

 volt         param     
             i_d_0.6    
    0.         72.4018p 
   50.00000m  372.5782p 
  100.00000m    1.8730n 
  150.00000m    8.9178n 
  200.00000m   38.7807n 
  250.00000m  149.9906n 
  300.00000m  508.8849n 
  350.00000m    1.4609u 
  400.00000m    3.4210u 
  450.00000m    6.6082u 
  500.00000m   10.9891u 
  550.00000m   16.4217u 
  600.00000m   22.7615u 
  650.00000m   29.8879u 
  700.00000m   37.6979u 
  750.00000m   46.0968u 
  800.00000m   54.9906u 
  850.00000m   64.2785u 
  900.00000m   73.8445u 
  950.00000m   83.5474u 
    1.00000    93.2232u 
y
 vth0_value= 255.6881m
 u0_param=  50.2021m
 ags_param= 422.9031m
 
   *** monte carlo  index = 368 ***
x

 volt         param     
             i_d_0.6    
    0.         79.2347p 
   50.00000m  407.4980p 
  100.00000m    2.0439n 
  150.00000m    9.6888n 
  200.00000m   41.8646n 
  250.00000m  160.7391n 
  300.00000m  540.7353n 
  350.00000m    1.5349u 
  400.00000m    3.5513u 
  450.00000m    6.7916u 
  500.00000m   11.2124u 
  550.00000m   16.6708u 
  600.00000m   23.0248u 
  650.00000m   30.1560u 
  700.00000m   37.9629u 
  750.00000m   46.3516u 
  800.00000m   55.2282u 
  850.00000m   64.4919u 
  900.00000m   74.0257u 
  950.00000m   83.6872u 
    1.00000    93.3120u 
y
 vth0_value= 252.7211m
 u0_param=  49.8046m
 ags_param= 419.6781m
 
   *** monte carlo  index = 369 ***
x

 volt         param     
             i_d_0.6    
    0.        121.8599p 
   50.00000m  624.5710p 
  100.00000m    3.0987n 
  150.00000m   14.4016n 
  200.00000m   60.5111n 
  250.00000m  225.1723n 
  300.00000m  729.3874n 
  350.00000m    1.9706u 
  400.00000m    4.3346u 
  450.00000m    7.9570u 
  500.00000m   12.7540u 
  550.00000m   18.5747u 
  600.00000m   25.2799u 
  650.00000m   32.7541u 
  700.00000m   40.8965u 
  750.00000m   49.6117u 
  800.00000m   58.8028u 
  850.00000m   68.3639u 
  900.00000m   78.1700u 
  950.00000m   88.0699u 
    1.00000    97.8944u 
y
 vth0_value= 240.2315m
 u0_param=  50.5189m
 ags_param= 431.2399m
 
   *** monte carlo  index = 370 ***
x

 volt         param     
             i_d_0.6    
    0.         51.2274p 
   50.00000m  263.7206p 
  100.00000m    1.3344n 
  150.00000m    6.4344n 
  200.00000m   28.5295n 
  250.00000m  112.8898n 
  300.00000m  393.1668n 
  350.00000m    1.1688u 
  400.00000m    2.8449u 
  450.00000m    5.6803u 
  500.00000m    9.6801u 
  550.00000m   14.7172u 
  600.00000m   20.6505u 
  650.00000m   27.3603u 
  700.00000m   34.7454u 
  750.00000m   42.7143u 
  800.00000m   51.1769u 
  850.00000m   60.0378u 
  900.00000m   69.1880u 
  950.00000m   78.4948u 
    1.00000    87.8010u 
y
 vth0_value= 264.9481m
 u0_param=  48.4184m
 ags_param= 415.5355m
 
   *** monte carlo  index = 371 ***
x

 volt         param     
             i_d_0.6    
    0.         77.6379p 
   50.00000m  399.5022p 
  100.00000m    2.0064n 
  150.00000m    9.5338n 
  200.00000m   41.3378n 
  250.00000m  159.3318n 
  300.00000m  538.3726n 
  350.00000m    1.5371u 
  400.00000m    3.5784u 
  450.00000m    6.8779u 
  500.00000m   11.3952u 
  550.00000m   16.9831u 
  600.00000m   23.4937u 
  650.00000m   30.8035u 
  700.00000m   38.8076u 
  750.00000m   47.4090u 
  800.00000m   56.5115u 
  850.00000m   66.0123u 
  900.00000m   75.7929u 
  950.00000m   85.7100u 
    1.00000    95.5971u 
y
 vth0_value= 254.3350m
 u0_param=  51.3891m
 ags_param= 417.8965m
 
   *** monte carlo  index = 372 ***
x

 volt         param     
             i_d_0.6    
    0.         26.6920p 
   50.00000m  136.8506p 
  100.00000m  699.6323p 
  150.00000m    3.4508n 
  200.00000m   15.8771n 
  250.00000m   65.8118n 
  300.00000m  241.2708n 
  350.00000m  766.9555n 
  400.00000m    2.0228u 
  450.00000m    4.3453u 
  500.00000m    7.8279u 
  550.00000m   12.3774u 
  600.00000m   17.8520u 
  650.00000m   24.1253u 
  700.00000m   31.0920u 
  750.00000m   38.6599u 
  800.00000m   46.7412u 
  850.00000m   55.2456u 
  900.00000m   64.0728u 
  950.00000m   73.1025u 
    1.00000    82.1887u 
y
 vth0_value= 284.3701m
 u0_param=  47.9543m
 ags_param= 402.8867m
 
   *** monte carlo  index = 373 ***
x

 volt         param     
             i_d_0.6    
    0.         42.4872p 
   50.00000m  218.7228p 
  100.00000m    1.1112n 
  150.00000m    5.4028n 
  200.00000m   24.2711n 
  250.00000m   97.5730n 
  300.00000m  345.8383n 
  350.00000m    1.0522u 
  400.00000m    2.6309u 
  450.00000m    5.3787u 
  500.00000m    9.3286u 
  550.00000m   14.3579u 
  600.00000m   20.3189u 
  650.00000m   27.0852u 
  700.00000m   34.5509u 
  750.00000m   42.6212u 
  800.00000m   51.2042u 
  850.00000m   60.2038u 
  900.00000m   69.5118u 
  950.00000m   78.9974u 
    1.00000    88.5044u 
y
 vth0_value= 271.5235m
 u0_param=  49.8508m
 ags_param= 415.0635m
 
   *** monte carlo  index = 374 ***
x

 volt         param     
             i_d_0.6    
    0.        157.2033p 
   50.00000m  803.3628p 
  100.00000m    3.9565n 
  150.00000m   18.1556n 
  200.00000m   74.9922n 
  250.00000m  273.8657n 
  300.00000m  866.3805n 
  350.00000m    2.2717u 
  400.00000m    4.8540u 
  450.00000m    8.7099u 
  500.00000m   13.7359u 
  550.00000m   19.7780u 
  600.00000m   26.6990u 
  650.00000m   34.3846u 
  700.00000m   42.7339u 
  750.00000m   51.6506u 
  800.00000m   61.0356u 
  850.00000m   70.7796u 
  900.00000m   80.7529u 
  950.00000m   90.7995u 
    1.00000   100.7482u 
y
 vth0_value= 232.8800m
 u0_param=  51.0121m
 ags_param= 424.6391m
 
   *** monte carlo  index = 375 ***
x

 volt         param     
             i_d_0.6    
    0.        188.8163p 
   50.00000m  961.7664p 
  100.00000m    4.7027n 
  150.00000m   21.3220n 
  200.00000m   86.7223n 
  250.00000m  311.4297n 
  300.00000m  964.1967n 
  350.00000m    2.4622u 
  400.00000m    5.1329u 
  450.00000m    9.0385u 
  500.00000m   14.0668u 
  550.00000m   20.0699u 
  600.00000m   26.9184u 
  650.00000m   34.5038u 
  700.00000m   42.7292u 
  750.00000m   51.5007u 
  800.00000m   60.7207u 
  850.00000m   70.2796u 
  900.00000m   80.0461u 
  950.00000m   89.8627u 
    1.00000    99.5612u 
y
 vth0_value= 226.3244m
 u0_param=  49.3968m
 ags_param= 425.9400m
 
   *** monte carlo  index = 376 ***
x

 volt         param     
             i_d_0.6    
    0.         66.0373p 
   50.00000m  339.8737p 
  100.00000m    1.7113n 
  150.00000m    8.1729n 
  200.00000m   35.7055n 
  250.00000m  138.8404n 
  300.00000m  474.0205n 
  350.00000m    1.3722u 
  400.00000m    3.2428u 
  450.00000m    6.3125u 
  500.00000m   10.5573u 
  550.00000m   15.8404u 
  600.00000m   22.0199u 
  650.00000m   28.9766u 
  700.00000m   36.6093u 
  750.00000m   44.8251u 
  800.00000m   53.5317u 
  850.00000m   62.6306u 
  900.00000m   72.0080u 
  950.00000m   81.5256u 
    1.00000    91.0216u 
y
 vth0_value= 257.8386m
 u0_param=  49.2414m
 ags_param= 422.2873m
 
   *** monte carlo  index = 377 ***
x

 volt         param     
             i_d_0.6    
    0.         37.3163p 
   50.00000m  191.9062p 
  100.00000m  976.2083p 
  150.00000m    4.7605n 
  200.00000m   21.4899n 
  250.00000m   86.9232n 
  300.00000m  310.2306n 
  350.00000m  952.5888n 
  400.00000m    2.4080u 
  450.00000m    4.9723u 
  500.00000m    8.6902u 
  550.00000m   13.4496u 
  600.00000m   19.1103u 
  650.00000m   25.5507u 
  700.00000m   32.6693u 
  750.00000m   40.3754u 
  800.00000m   48.5809u 
  850.00000m   57.1939u 
  900.00000m   66.1101u 
  950.00000m   75.2035u 
    1.00000    84.3222u 
y
 vth0_value= 274.0247m
 u0_param=  47.6813m
 ags_param= 421.5857m
 
   *** monte carlo  index = 378 ***
x

 volt         param     
             i_d_0.6    
    0.        129.9272p 
   50.00000m  665.5449p 
  100.00000m    3.2968n 
  150.00000m   15.2802n 
  200.00000m   63.9611n 
  250.00000m  237.0177n 
  300.00000m  763.7559n 
  350.00000m    2.0497u 
  400.00000m    4.4790u 
  450.00000m    8.1789u 
  500.00000m   13.0603u 
  550.00000m   18.9699u 
  600.00000m   25.7681u 
  650.00000m   33.3385u 
  700.00000m   41.5796u 
  750.00000m   50.3953u 
  800.00000m   59.6876u 
  850.00000m   69.3492u 
  900.00000m   79.2538u 
  950.00000m   89.2485u 
    1.00000    99.1632u 
y
 vth0_value= 238.6007m
 u0_param=  50.9896m
 ags_param= 427.8921m
 
   *** monte carlo  index = 379 ***
x

 volt         param     
             i_d_0.6    
    0.         65.0981p 
   50.00000m  335.0008p 
  100.00000m    1.6867n 
  150.00000m    8.0556n 
  200.00000m   35.1939n 
  250.00000m  136.8586n 
  300.00000m  467.3075n 
  350.00000m    1.3530u 
  400.00000m    3.1981u 
  450.00000m    6.2266u 
  500.00000m   10.4156u 
  550.00000m   15.6306u 
  600.00000m   21.7317u 
  650.00000m   28.6015u 
  700.00000m   36.1404u 
  750.00000m   44.2565u 
  800.00000m   52.8587u 
  850.00000m   61.8495u 
  900.00000m   71.1161u 
  950.00000m   80.5211u 
    1.00000    89.9039u 
y
 vth0_value= 257.8421m
 u0_param=  48.5880m
 ags_param= 422.4897m
 
   *** monte carlo  index = 380 ***
x

 volt         param     
             i_d_0.6    
    0.        152.2197p 
   50.00000m  777.9769p 
  100.00000m    3.8330n 
  150.00000m   17.6013n 
  200.00000m   72.7717n 
  250.00000m  266.0498n 
  300.00000m  842.8837n 
  350.00000m    2.2142u 
  400.00000m    4.7395u 
  450.00000m    8.5165u 
  500.00000m   13.4454u 
  550.00000m   19.3755u 
  600.00000m   26.1722u 
  650.00000m   33.7232u 
  700.00000m   41.9295u 
  750.00000m   50.6964u 
  800.00000m   59.9263u 
  850.00000m   69.5115u 
  900.00000m   79.3237u 
  950.00000m   89.2083u 
    1.00000    98.9959u 
y
 vth0_value= 233.2691m
 u0_param=  50.0988m
 ags_param= 426.6821m
 
   *** monte carlo  index = 381 ***
x

 volt         param     
             i_d_0.6    
    0.        121.0832p 
   50.00000m  620.7702p 
  100.00000m    3.0817n 
  150.00000m   14.3378n 
  200.00000m   60.3285n 
  250.00000m  224.8342n 
  300.00000m  729.6254n 
  350.00000m    1.9759u 
  400.00000m    4.3561u 
  450.00000m    8.0105u 
  500.00000m   12.8552u 
  550.00000m   18.7367u 
  600.00000m   25.5135u 
  650.00000m   33.0679u 
  700.00000m   41.2976u 
  750.00000m   50.1060u 
  800.00000m   59.3953u 
  850.00000m   69.0588u 
  900.00000m   78.9712u 
  950.00000m   88.9813u 
    1.00000    98.9190u 
y
 vth0_value= 240.8630m
 u0_param=  51.2154m
 ags_param= 412.9604m
 
   *** monte carlo  index = 382 ***
x

 volt         param     
             i_d_0.6    
    0.         79.2625p 
   50.00000m  407.5669p 
  100.00000m    2.0435n 
  150.00000m    9.6808n 
  200.00000m   41.7914n 
  250.00000m  160.2956n 
  300.00000m  538.6276n 
  350.00000m    1.5266u 
  400.00000m    3.5266u 
  450.00000m    6.7359u 
  500.00000m   11.1106u 
  550.00000m   16.5101u 
  600.00000m   22.7946u 
  650.00000m   29.8475u 
  700.00000m   37.5687u 
  750.00000m   45.8656u 
  800.00000m   54.6454u 
  850.00000m   63.8081u 
  900.00000m   73.2373u 
  950.00000m   82.7913u 
    1.00000    92.3067u 
y
 vth0_value= 252.2912m
 u0_param=  49.1567m
 ags_param= 421.1897m
 
   *** monte carlo  index = 383 ***
x

 volt         param     
             i_d_0.6    
    0.        130.3531p 
   50.00000m  667.4569p 
  100.00000m    3.3036n 
  150.00000m   15.2910n 
  200.00000m   63.8911n 
  250.00000m  236.3051n 
  300.00000m  759.6920n 
  350.00000m    2.0328u 
  400.00000m    4.4294u 
  450.00000m    8.0709u 
  500.00000m   12.8686u 
  550.00000m   18.6736u 
  600.00000m   25.3496u 
  650.00000m   32.7835u 
  700.00000m   40.8760u 
  750.00000m   49.5329u 
  800.00000m   58.6581u 
  850.00000m   68.1456u 
  900.00000m   77.8700u 
  950.00000m   87.6798u 
    1.00000    97.4065u 
y
 vth0_value= 237.8008m
 u0_param=  49.8878m
 ags_param= 426.5194m
 
   *** monte carlo  index = 384 ***
x

 volt         param     
             i_d_0.6    
    0.        151.8214p 
   50.00000m  776.0945p 
  100.00000m    3.8253n 
  150.00000m   17.5772n 
  200.00000m   72.7339n 
  250.00000m  266.1521n 
  300.00000m  844.1577n 
  350.00000m    2.2206u 
  400.00000m    4.7596u 
  450.00000m    8.5613u 
  500.00000m   13.5252u 
  550.00000m   19.4994u 
  600.00000m   26.3475u 
  650.00000m   33.9561u 
  700.00000m   42.2251u 
  750.00000m   51.0590u 
  800.00000m   60.3598u 
  850.00000m   70.0187u 
  900.00000m   79.9073u 
  950.00000m   89.8703u 
    1.00000    99.7373u 
y
 vth0_value= 233.6409m
 u0_param=  50.5574m
 ags_param= 432.1587m
 
   *** monte carlo  index = 385 ***
x

 volt         param     
             i_d_0.6    
    0.         66.7716p 
   50.00000m  343.6613p 
  100.00000m    1.7302n 
  150.00000m    8.2610n 
  200.00000m   36.0771n 
  250.00000m  140.2234n 
  300.00000m  478.4876n 
  350.00000m    1.3842u 
  400.00000m    3.2684u 
  450.00000m    6.3579u 
  500.00000m   10.6277u 
  550.00000m   15.9398u 
  600.00000m   22.1513u 
  650.00000m   29.1427u 
  700.00000m   36.8121u 
  750.00000m   45.0661u 
  800.00000m   53.8121u 
  850.00000m   62.9512u 
  900.00000m   72.3692u 
  950.00000m   81.9278u 
    1.00000    91.4651u 
y
 vth0_value= 257.6677m
 u0_param=  49.4912m
 ags_param= 408.7188m
 
   *** monte carlo  index = 386 ***
x

 volt         param     
             i_d_0.6    
    0.        117.1595p 
   50.00000m  600.2966p 
  100.00000m    2.9774n 
  150.00000m   13.8325n 
  200.00000m   58.0913n 
  250.00000m  216.0798n 
  300.00000m  699.6813n 
  350.00000m    1.8896u 
  400.00000m    4.1548u 
  450.00000m    7.6256u 
  500.00000m   12.2232u 
  550.00000m   17.8044u 
  600.00000m   24.2371u 
  650.00000m   31.4114u 
  700.00000m   39.2309u 
  750.00000m   47.6043u 
  800.00000m   56.4385u 
  850.00000m   65.6305u 
  900.00000m   75.0588u 
  950.00000m   84.5751u 
    1.00000    94.0143u 
y
 vth0_value= 239.9826m
 u0_param=  48.3161m
 ags_param= 427.1866m
 
   *** monte carlo  index = 387 ***
x

 volt         param     
             i_d_0.6    
    0.         99.2596p 
   50.00000m  509.7195p 
  100.00000m    2.5429n 
  150.00000m   11.9355n 
  200.00000m   50.8414n 
  250.00000m  192.0883n 
  300.00000m  633.9061n 
  350.00000m    1.7545u 
  400.00000m    3.9537u 
  450.00000m    7.3999u 
  500.00000m   12.0271u 
  550.00000m   17.6873u 
  600.00000m   24.2392u 
  650.00000m   31.5656u 
  700.00000m   39.5650u 
  750.00000m   48.1427u 
  800.00000m   57.2031u 
  850.00000m   66.6425u 
  900.00000m   76.3399u 
  950.00000m   86.1482u 
    1.00000    95.9003u 
y
 vth0_value= 246.2730m
 u0_param=  50.3175m
 ags_param= 418.2906m
 
   *** monte carlo  index = 388 ***
x

 volt         param     
             i_d_0.6    
    0.         90.7783p 
   50.00000m  466.3212p 
  100.00000m    2.3300n 
  150.00000m   10.9677n 
  200.00000m   46.9121n 
  250.00000m  178.0755n 
  300.00000m  591.0440n 
  350.00000m    1.6482u 
  400.00000m    3.7434u 
  450.00000m    7.0512u 
  500.00000m   11.5146u 
  550.00000m   16.9910u 
  600.00000m   23.3430u 
  650.00000m   30.4560u 
  700.00000m   38.2310u 
  750.00000m   46.5758u 
  800.00000m   55.3972u 
  850.00000m   64.5940u 
  900.00000m   74.0478u 
  950.00000m   83.6141u 
    1.00000    93.1282u 
y
 vth0_value= 248.1005m
 u0_param=  48.9878m
 ags_param= 436.5929m
 
   *** monte carlo  index = 389 ***
x

 volt         param     
             i_d_0.6    
    0.        196.5390p 
   50.00000m    1.0009n 
  100.00000m    4.8916n 
  150.00000m   22.1582n 
  200.00000m   90.0167n 
  250.00000m  322.8144n 
  300.00000m  997.5923n 
  350.00000m    2.5418u 
  400.00000m    5.2876u 
  450.00000m    9.2952u 
  500.00000m   14.4482u 
  550.00000m   20.5944u 
  600.00000m   27.6015u 
  650.00000m   35.3584u 
  700.00000m   43.7658u 
  750.00000m   52.7280u 
  800.00000m   62.1453u 
  850.00000m   71.9061u 
  900.00000m   81.8773u 
  950.00000m   91.8993u 
    1.00000   101.8015u 
y
 vth0_value= 225.8512m
 u0_param=  50.5362m
 ags_param= 429.8815m
 
   *** monte carlo  index = 390 ***
x

 volt         param     
             i_d_0.6    
    0.         48.9835p 
   50.00000m  252.2138p 
  100.00000m    1.2778n 
  150.00000m    6.1769n 
  200.00000m   27.4947n 
  250.00000m  109.3014n 
  300.00000m  382.6302n 
  350.00000m    1.1452u 
  400.00000m    2.8093u 
  450.00000m    5.6471u 
  500.00000m    9.6711u 
  550.00000m   14.7539u 
  600.00000m   20.7506u 
  650.00000m   27.5383u 
  700.00000m   35.0134u 
  750.00000m   43.0825u 
  800.00000m   51.6543u 
  850.00000m   60.6324u 
  900.00000m   69.9074u 
  950.00000m   79.3466u 
    1.00000    88.7924u 
y
 vth0_value= 266.8818m
 u0_param=  49.3097m
 ags_param= 410.9058m
 
   *** monte carlo  index = 391 ***
x

 volt         param     
             i_d_0.6    
    0.         44.2713p 
   50.00000m  227.8750p 
  100.00000m    1.1562n 
  150.00000m    5.6075n 
  200.00000m   25.0891n 
  250.00000m  100.3671n 
  300.00000m  353.8414n 
  350.00000m    1.0690u 
  400.00000m    2.6511u 
  450.00000m    5.3806u 
  500.00000m    9.2817u 
  550.00000m   14.2328u 
  600.00000m   20.0909u 
  650.00000m   26.7341u 
  700.00000m   34.0598u 
  750.00000m   41.9759u 
  800.00000m   50.3924u 
  850.00000m   59.2149u 
  900.00000m   68.3360u 
  950.00000m   77.6257u 
    1.00000    86.9287u 
y
 vth0_value= 269.4577m
 u0_param=  48.5810m
 ags_param= 411.5825m
 
   *** monte carlo  index = 392 ***
x

 volt         param     
             i_d_0.6    
    0.        116.6833p 
   50.00000m  598.1097p 
  100.00000m    2.9691n 
  150.00000m   13.8139n 
  200.00000m   58.1266n 
  250.00000m  216.6623n 
  300.00000m  703.3262n 
  350.00000m    1.9055u 
  400.00000m    4.2029u 
  450.00000m    7.7326u 
  500.00000m   12.4151u 
  550.00000m   18.1033u 
  600.00000m   24.6613u 
  650.00000m   31.9758u 
  700.00000m   39.9481u 
  750.00000m   48.4849u 
  800.00000m   57.4911u 
  850.00000m   66.8625u 
  900.00000m   76.4765u 
  950.00000m   86.1837u 
    1.00000    95.8172u 
y
 vth0_value= 240.8549m
 u0_param=  49.4563m
 ags_param= 421.4535m
 
   *** monte carlo  index = 393 ***
x

 volt         param     
             i_d_0.6    
    0.        148.8431p 
   50.00000m  760.9238p 
  100.00000m    3.7515n 
  150.00000m   17.2460n 
  200.00000m   71.4075n 
  250.00000m  261.4831n 
  300.00000m  830.1109n 
  350.00000m    2.1862u 
  400.00000m    4.6909u 
  450.00000m    8.4451u 
  500.00000m   13.3503u 
  550.00000m   19.2561u 
  600.00000m   26.0277u 
  650.00000m   33.5529u 
  700.00000m   41.7325u 
  750.00000m   50.4722u 
  800.00000m   59.6747u 
  850.00000m   69.2326u 
  900.00000m   79.0188u 
  950.00000m   88.8795u 
    1.00000    98.6460u 
y
 vth0_value= 233.8975m
 u0_param=  50.0258m
 ags_param= 403.5009m
 
   *** monte carlo  index = 394 ***
x

 volt         param     
             i_d_0.6    
    0.         62.8191p 
   50.00000m  323.3584p 
  100.00000m    1.6299n 
  150.00000m    7.7999n 
  200.00000m   34.1816n 
  250.00000m  133.3936n 
  300.00000m  457.3098n 
  350.00000m    1.3312u 
  400.00000m    3.1648u 
  450.00000m    6.1922u 
  500.00000m   10.3950u 
  550.00000m   15.6380u 
  600.00000m   21.7787u 
  650.00000m   28.6979u 
  700.00000m   36.2939u 
  750.00000m   44.4740u 
  800.00000m   53.1462u 
  850.00000m   62.2125u 
  900.00000m   71.5600u 
  950.00000m   81.0515u 
    1.00000    90.5260u 
y
 vth0_value= 259.3012m
 u0_param=  49.1779m
 ags_param= 416.8005m
 
   *** monte carlo  index = 395 ***
x

 volt         param     
             i_d_0.6    
    0.        117.0620p 
   50.00000m  600.1051p 
  100.00000m    2.9795n 
  150.00000m   13.8654n 
  200.00000m   58.3628n 
  250.00000m  217.6169n 
  300.00000m  706.7069n 
  350.00000m    1.9156u 
  400.00000m    4.2274u 
  450.00000m    7.7805u 
  500.00000m   12.4950u 
  550.00000m   18.2226u 
  600.00000m   24.8261u 
  650.00000m   32.1911u 
  700.00000m   40.2182u 
  750.00000m   48.8133u 
  800.00000m   57.8808u 
  850.00000m   67.3159u 
  900.00000m   76.9953u 
  950.00000m   86.7692u 
    1.00000    96.4699u 
y
 vth0_value= 241.0045m
 u0_param=  49.8384m
 ags_param= 427.0305m
 
   *** monte carlo  index = 396 ***
x

 volt         param     
             i_d_0.6    
    0.         95.7393p 
   50.00000m  491.8025p 
  100.00000m    2.4559n 
  150.00000m   11.5480n 
  200.00000m   49.3160n 
  250.00000m  186.8542n 
  300.00000m  618.7406n 
  350.00000m    1.7201u 
  400.00000m    3.8942u 
  450.00000m    7.3156u 
  500.00000m   11.9220u 
  550.00000m   17.5654u 
  600.00000m   24.1042u 
  650.00000m   31.4202u 
  700.00000m   39.4118u 
  750.00000m   47.9840u 
  800.00000m   57.0413u 
  850.00000m   66.4801u 
  900.00000m   76.1798u 
  950.00000m   85.9938u 
    1.00000    95.7550u 
y
 vth0_value= 247.4092m
 u0_param=  50.3966m
 ags_param= 427.0663m
 
   *** monte carlo  index = 397 ***
x

 volt         param     
             i_d_0.6    
    0.        182.2920p 
   50.00000m  929.4607p 
  100.00000m    4.5541n 
  150.00000m   20.7182n 
  200.00000m   84.6267n 
  250.00000m  305.3028n 
  300.00000m  950.8243n 
  350.00000m    2.4455u 
  400.00000m    5.1316u 
  450.00000m    9.0807u 
  500.00000m   14.1806u 
  550.00000m   20.2790u 
  600.00000m   27.2420u 
  650.00000m   34.9580u 
  700.00000m   43.3274u 
  750.00000m   52.2545u 
  800.00000m   61.6400u 
  850.00000m   71.3733u 
  900.00000m   81.3230u 
  950.00000m   91.3306u 
    1.00000   101.2258u 
y
 vth0_value= 228.1417m
 u0_param=  50.5718m
 ags_param= 420.8188m
 
   *** monte carlo  index = 398 ***
x

 volt         param     
             i_d_0.6    
    0.        137.9158p 
   50.00000m  705.8576p 
  100.00000m    3.4893n 
  150.00000m   16.1141n 
  200.00000m   67.1265n 
  250.00000m  247.4386n 
  300.00000m  792.1049n 
  350.00000m    2.1081u 
  400.00000m    4.5693u 
  450.00000m    8.2909u 
  500.00000m   13.1796u 
  550.00000m   19.0836u 
  600.00000m   25.8655u 
  650.00000m   33.4109u 
  700.00000m   41.6195u 
  750.00000m   50.3960u 
  800.00000m   59.6428u 
  850.00000m   69.2527u 
  900.00000m   79.0988u 
  950.00000m   89.0279u 
    1.00000    98.8703u 
y
 vth0_value= 236.5060m
 u0_param=  50.5163m
 ags_param= 422.1708m
 
   *** monte carlo  index = 399 ***
x

 volt         param     
             i_d_0.6    
    0.        144.1061p 
   50.00000m  737.1134p 
  100.00000m    3.6387n 
  150.00000m   16.7635n 
  200.00000m   69.6076n 
  250.00000m  255.6830n 
  300.00000m  814.8811n 
  350.00000m    2.1567u 
  400.00000m    4.6494u 
  450.00000m    8.4011u 
  500.00000m   13.3151u 
  550.00000m   19.2400u 
  600.00000m   26.0394u 
  650.00000m   33.5996u 
  700.00000m   41.8206u 
  750.00000m   50.6074u 
  800.00000m   59.8622u 
  850.00000m   69.4772u 
  900.00000m   79.3249u 
  950.00000m   89.2511u 
    1.00000    99.0858u 
y
 vth0_value= 235.1207m
 u0_param=  50.4159m
 ags_param= 433.1109m
 
   *** monte carlo  index = 400 ***
x

 volt         param     
             i_d_0.6    
    0.         72.8011p 
   50.00000m  374.5945p 
  100.00000m    1.8827n 
  150.00000m    8.9590n 
  200.00000m   38.9311n 
  250.00000m  150.4451n 
  300.00000m  509.9388n 
  350.00000m    1.4621u 
  400.00000m    3.4191u 
  450.00000m    6.5972u 
  500.00000m   10.9621u 
  550.00000m   16.3725u 
  600.00000m   22.6852u 
  650.00000m   29.7803u 
  700.00000m   37.5556u 
  750.00000m   45.9169u 
  800.00000m   54.7707u 
  850.00000m   64.0166u 
  900.00000m   73.5386u 
  950.00000m   83.1957u 
    1.00000    92.8242u 
y
 vth0_value= 255.3374m
 u0_param=  49.9122m
 ags_param= 425.4156m
 
   *** monte carlo  index = 401 ***
x

 volt         param     
             i_d_0.6    
    0.         99.3222p 
   50.00000m  509.8235p 
  100.00000m    2.5413n 
  150.00000m   11.9106n 
  200.00000m   50.6336n 
  250.00000m  190.8895n 
  300.00000m  628.3619n 
  350.00000m    1.7334u 
  400.00000m    3.8935u 
  450.00000m    7.2682u 
  500.00000m   11.7923u 
  550.00000m   17.3219u 
  600.00000m   23.7208u 
  650.00000m   30.8756u 
  700.00000m   38.6879u 
  750.00000m   47.0654u 
  800.00000m   55.9147u 
  850.00000m   65.1340u 
  900.00000m   74.6038u 
  950.00000m   84.1786u 
    1.00000    93.6936u 
y
 vth0_value= 245.3575m
 u0_param=  48.9306m
 ags_param= 414.3595m
 
   *** monte carlo  index = 402 ***
x

 volt         param     
             i_d_0.6    
    0.        135.1155p 
   50.00000m  691.3855p 
  100.00000m    3.4169n 
  150.00000m   15.7737n 
  200.00000m   65.6777n 
  250.00000m  241.9929n 
  300.00000m  774.3146n 
  350.00000m    2.0596u 
  400.00000m    4.4619u 
  450.00000m    8.0936u 
  500.00000m   12.8644u 
  550.00000m   18.6271u 
  600.00000m   25.2487u 
  650.00000m   32.6181u 
  700.00000m   40.6375u 
  750.00000m   49.2141u 
  800.00000m   58.2524u 
  850.00000m   67.6469u 
  900.00000m   77.2724u 
  950.00000m   86.9771u 
    1.00000    96.5936u 
y
 vth0_value= 236.2787m
 u0_param=  49.2062m
 ags_param= 432.1570m
 
   *** monte carlo  index = 403 ***
x

 volt         param     
             i_d_0.6    
    0.         36.8933p 
   50.00000m  189.7007p 
  100.00000m  964.9806p 
  150.00000m    4.7059n 
  200.00000m   21.2451n 
  250.00000m   85.9423n 
  300.00000m  306.7743n 
  350.00000m  942.1691n 
  400.00000m    2.3823u 
  450.00000m    4.9203u 
  500.00000m    8.6008u 
  550.00000m   13.3134u 
  600.00000m   18.9190u 
  650.00000m   25.2976u 
  700.00000m   32.3485u 
  750.00000m   39.9818u 
  800.00000m   48.1105u 
  850.00000m   56.6433u 
  900.00000m   65.4770u 
  950.00000m   74.4864u 
    1.00000    83.5211u 
y
 vth0_value= 274.0608m
 u0_param=  47.2232m
 ags_param= 401.3293m
 
   *** monte carlo  index = 404 ***
x

 volt         param     
             i_d_0.6    
    0.        107.6209p 
   50.00000m  552.3347p 
  100.00000m    2.7503n 
  150.00000m   12.8651n 
  200.00000m   54.5389n 
  250.00000m  204.9542n 
  300.00000m  671.9504n 
  350.00000m    1.8439u 
  400.00000m    4.1194u 
  450.00000m    7.6560u 
  500.00000m   12.3804u 
  550.00000m   18.1418u 
  600.00000m   24.7983u 
  650.00000m   32.2323u 
  700.00000m   40.3417u 
  750.00000m   49.0308u 
  800.00000m   58.2030u 
  850.00000m   67.7530u 
  900.00000m   77.5581u 
  950.00000m   87.4692u 
    1.00000    97.3178u 
y
 vth0_value= 244.1473m
 u0_param=  50.8010m
 ags_param= 419.5674m
 
   *** monte carlo  index = 405 ***
x

 volt         param     
             i_d_0.6    
    0.         64.8303p 
   50.00000m  333.7329p 
  100.00000m    1.6816n 
  150.00000m    8.0414n 
  200.00000m   35.2003n 
  250.00000m  137.1853n 
  300.00000m  469.5655n 
  350.00000m    1.3639u 
  400.00000m    3.2351u 
  450.00000m    6.3170u 
  500.00000m   10.5884u 
  550.00000m   15.9112u 
  600.00000m   22.1411u 
  650.00000m   29.1572u 
  700.00000m   36.8567u 
  750.00000m   45.1455u 
  800.00000m   53.9305u 
  850.00000m   63.1126u 
  900.00000m   72.5775u 
  950.00000m   82.1867u 
    1.00000    91.7781u 
y
 vth0_value= 258.7747m
 u0_param=  49.8313m
 ags_param= 419.6730m
 
   *** monte carlo  index = 406 ***
x

 volt         param     
             i_d_0.6    
    0.        154.0544p 
   50.00000m  787.1801p 
  100.00000m    3.8764n 
  150.00000m   17.7858n 
  200.00000m   73.4543n 
  250.00000m  268.2272n 
  300.00000m  848.5079n 
  350.00000m    2.2248u 
  400.00000m    4.7537u 
  450.00000m    8.5306u 
  500.00000m   13.4547u 
  550.00000m   19.3762u 
  600.00000m   26.1611u 
  650.00000m   33.6977u 
  700.00000m   41.8874u 
  750.00000m   50.6357u 
  800.00000m   59.8454u 
  850.00000m   69.4086u 
  900.00000m   79.1972u 
  950.00000m   89.0563u 
    1.00000    98.8169u 
y
 vth0_value= 232.7996m
 u0_param=  49.9298m
 ags_param= 427.7440m
 
   *** monte carlo  index = 407 ***
x

 volt         param     
             i_d_0.6    
    0.        249.6964p 
   50.00000m    1.2655n 
  100.00000m    6.1234n 
  150.00000m   27.2966n 
  200.00000m  108.7194n 
  250.00000m  381.4992n 
  300.00000m    1.1458u 
  350.00000m    2.8225u 
  400.00000m    5.6969u 
  450.00000m    9.7903u 
  500.00000m   14.9783u 
  550.00000m   21.1159u 
  600.00000m   28.0788u 
  650.00000m   35.7620u 
  700.00000m   44.0701u 
  750.00000m   52.9093u 
  800.00000m   62.1809u 
  850.00000m   71.7722u 
  900.00000m   81.5476u 
  950.00000m   91.3457u 
    1.00000   101.0005u 
y
 vth0_value= 217.5888m
 u0_param=  48.9350m
 ags_param= 418.0046m
 
   *** monte carlo  index = 408 ***
x

 volt         param     
             i_d_0.6    
    0.        131.8112p 
   50.00000m  674.8661p 
  100.00000m    3.3395n 
  150.00000m   15.4505n 
  200.00000m   64.5198n 
  250.00000m  238.4765n 
  300.00000m  766.0439n 
  350.00000m    2.0477u 
  400.00000m    4.4572u 
  450.00000m    8.1148u 
  500.00000m   12.9309u 
  550.00000m   18.7558u 
  600.00000m   25.4531u 
  650.00000m   32.9092u 
  700.00000m   41.0247u 
  750.00000m   49.7052u 
  800.00000m   58.8542u 
  850.00000m   68.3655u 
  900.00000m   78.1137u 
  950.00000m   87.9469u 
    1.00000    97.6967u 
y
 vth0_value= 237.5534m
 u0_param=  50.0235m
 ags_param= 417.5274m
 
   *** monte carlo  index = 409 ***
x

 volt         param     
             i_d_0.6    
    0.         81.1580p 
   50.00000m  417.4475p 
  100.00000m    2.0937n 
  150.00000m    9.9244n 
  200.00000m   42.8759n 
  250.00000m  164.5851n 
  300.00000m  553.4852n 
  350.00000m    1.5704u 
  400.00000m    3.6314u 
  450.00000m    6.9414u 
  500.00000m   11.4548u 
  550.00000m   17.0250u 
  600.00000m   23.5067u 
  650.00000m   30.7785u 
  700.00000m   38.7367u 
  750.00000m   47.2857u 
  800.00000m   56.3298u 
  850.00000m   65.7666u 
  900.00000m   75.4774u 
  950.00000m   85.3185u 
    1.00000    95.1240u 
y
 vth0_value= 252.6647m
 u0_param=  50.8504m
 ags_param= 418.5181m
 
   *** monte carlo  index = 410 ***
x

 volt         param     
             i_d_0.6    
    0.        249.4411p 
   50.00000m    1.2654n 
  100.00000m    6.1331n 
  150.00000m   27.4127n 
  200.00000m  109.5254n 
  250.00000m  385.6151n 
  300.00000m    1.1632u 
  350.00000m    2.8798u 
  400.00000m    5.8379u 
  450.00000m   10.0640u 
  500.00000m   15.4288u 
  550.00000m   21.7798u 
  600.00000m   28.9864u 
  650.00000m   36.9386u 
  700.00000m   45.5369u 
  750.00000m   54.6841u 
  800.00000m   64.2784u 
  850.00000m   74.2047u 
  900.00000m   84.3252u 
  950.00000m   94.4760u 
    1.00000   104.4862u 
y
 vth0_value= 218.9361m
 u0_param=  50.9693m
 ags_param= 426.0339m
 
   *** monte carlo  index = 411 ***
x

 volt         param     
             i_d_0.6    
    0.         96.2198p 
   50.00000m  494.1341p 
  100.00000m    2.4661n 
  150.00000m   11.5839n 
  200.00000m   49.3978n 
  250.00000m  186.8690n 
  300.00000m  617.6497n 
  350.00000m    1.7130u 
  400.00000m    3.8686u 
  450.00000m    7.2533u 
  500.00000m   11.8044u 
  550.00000m   17.3766u 
  600.00000m   23.8309u 
  650.00000m   31.0516u 
  700.00000m   38.9387u 
  750.00000m   47.3986u 
  800.00000m   56.3372u 
  850.00000m   65.6519u 
  900.00000m   75.2228u 
  950.00000m   84.9043u 
    1.00000    94.5303u 
y
 vth0_value= 246.7497m
 u0_param=  49.6027m
 ags_param= 422.3393m
 
   *** monte carlo  index = 412 ***
x

 volt         param     
             i_d_0.6    
    0.         40.0476p 
   50.00000m  206.0475p 
  100.00000m    1.0471n 
  150.00000m    5.0957n 
  200.00000m   22.9242n 
  250.00000m   92.3267n 
  300.00000m  327.9425n 
  350.00000m    1.0006u 
  400.00000m    2.5105u 
  450.00000m    5.1487u 
  500.00000m    8.9517u 
  550.00000m   13.8031u 
  600.00000m   19.5608u 
  650.00000m   26.1025u 
  700.00000m   33.3260u 
  750.00000m   41.1395u 
  800.00000m   49.4540u 
  850.00000m   58.1763u 
  900.00000m   67.2008u 
  950.00000m   76.3998u 
    1.00000    85.6199u 
y
 vth0_value= 272.2453m
 u0_param=  48.2162m
 ags_param= 408.0302m
 
   *** monte carlo  index = 413 ***
x

 volt         param     
             i_d_0.6    
    0.         44.8934p 
   50.00000m  231.1493p 
  100.00000m    1.1732n 
  150.00000m    5.6930n 
  200.00000m   25.4929n 
  250.00000m  102.0821n 
  300.00000m  360.2437n 
  350.00000m    1.0897u 
  400.00000m    2.7063u 
  450.00000m    5.4996u 
  500.00000m    9.4951u 
  550.00000m   14.5676u 
  600.00000m   20.5695u 
  650.00000m   27.3750u 
  700.00000m   34.8786u 
  750.00000m   42.9854u 
  800.00000m   51.6034u 
  850.00000m   60.6360u 
  900.00000m   69.9740u 
  950.00000m   79.4857u 
    1.00000    89.0138u 
y
 vth0_value= 269.8915m
 u0_param=  49.8991m
 ags_param= 420.3266m
 
   *** monte carlo  index = 414 ***
x

 volt         param     
             i_d_0.6    
    0.         48.3620p 
   50.00000m  249.0342p 
  100.00000m    1.2622n 
  150.00000m    6.1068n 
  200.00000m   27.2191n 
  250.00000m  108.3784n 
  300.00000m  380.0620n 
  350.00000m    1.1401u 
  400.00000m    2.8042u 
  450.00000m    5.6499u 
  500.00000m    9.6924u 
  550.00000m   14.8036u 
  600.00000m   20.8370u 
  650.00000m   27.6681u 
  700.00000m   35.1922u 
  750.00000m   43.3151u 
  800.00000m   51.9448u 
  850.00000m   60.9844u 
  900.00000m   70.3241u 
  950.00000m   79.8310u 
    1.00000    89.3471u 
y
 vth0_value= 267.5485m
 u0_param=  49.7464m
 ags_param= 410.9962m
 
   *** monte carlo  index = 415 ***
x

 volt         param     
             i_d_0.6    
    0.         41.8774p 
   50.00000m  215.5000p 
  100.00000m    1.0943n 
  150.00000m    5.3168n 
  200.00000m   23.8559n 
  250.00000m   95.7686n 
  300.00000m  338.9522n 
  350.00000m    1.0294u 
  400.00000m    2.5683u 
  450.00000m    5.2409u 
  500.00000m    9.0779u 
  550.00000m   13.9609u 
  600.00000m   19.7480u 
  650.00000m   26.3174u 
  700.00000m   33.5673u 
  750.00000m   41.4060u 
  800.00000m   49.7443u 
  850.00000m   58.4887u 
  900.00000m   67.5329u 
  950.00000m   76.7482u 
    1.00000    85.9806u 
y
 vth0_value= 270.8994m
 u0_param=  48.2221m
 ags_param= 416.0649m
 
   *** monte carlo  index = 416 ***
x

 volt         param     
             i_d_0.6    
    0.         29.9731p 
   50.00000m  153.9364p 
  100.00000m  786.3573p 
  150.00000m    3.8698n 
  200.00000m   17.7352n 
  250.00000m   73.1311n 
  300.00000m  266.5388n 
  350.00000m  840.8838n 
  400.00000m    2.1969u 
  450.00000m    4.6765u 
  500.00000m    8.3646u 
  550.00000m   13.1572u 
  600.00000m   18.9054u 
  650.00000m   25.4776u 
  700.00000m   32.7645u 
  750.00000m   40.6699u 
  800.00000m   49.1025u 
  850.00000m   57.9682u 
  900.00000m   67.1626u 
  950.00000m   76.5613u 
    1.00000    86.0138u 
y
 vth0_value= 282.1800m
 u0_param=  50.0018m
 ags_param= 410.9447m
 
   *** monte carlo  index = 417 ***
x

 volt         param     
             i_d_0.6    
    0.         56.2211p 
   50.00000m  289.4852p 
  100.00000m    1.4628n 
  150.00000m    7.0340n 
  200.00000m   31.0537n 
  250.00000m  122.2416n 
  300.00000m  423.2175n 
  350.00000m    1.2482u 
  400.00000m    3.0110u 
  450.00000m    5.9649u 
  500.00000m   10.1053u 
  550.00000m   15.2994u 
  600.00000m   21.4028u 
  650.00000m   28.2935u 
  700.00000m   35.8688u 
  750.00000m   44.0349u 
  800.00000m   52.6999u 
  850.00000m   61.7661u 
  900.00000m   71.1219u 
  950.00000m   80.6321u 
    1.00000    90.1367u 
y
 vth0_value= 262.8480m
 u0_param=  49.4945m
 ags_param= 410.7413m
 
   *** monte carlo  index = 418 ***
x

 volt         param     
             i_d_0.6    
    0.         66.1331p 
   50.00000m  340.3568p 
  100.00000m    1.7136n 
  150.00000m    8.1826n 
  200.00000m   35.7401n 
  250.00000m  138.9393n 
  300.00000m  474.2185n 
  350.00000m    1.3723u 
  400.00000m    3.2415u 
  450.00000m    6.3075u 
  500.00000m   10.5461u 
  550.00000m   15.8205u 
  600.00000m   21.9890u 
  650.00000m   28.9328u 
  700.00000m   36.5509u 
  750.00000m   44.7505u 
  800.00000m   53.4396u 
  850.00000m   62.5198u 
  900.00000m   71.8776u 
  950.00000m   81.3752u 
    1.00000    90.8515u 
y
 vth0_value= 257.7333m
 u0_param=  49.1467m
 ags_param= 404.3175m
 
   *** monte carlo  index = 419 ***
x

 volt         param     
             i_d_0.6    
    0.         71.7590p 
   50.00000m  369.4086p 
  100.00000m    1.8587n 
  150.00000m    8.8633n 
  200.00000m   38.6323n 
  250.00000m  149.8029n 
  300.00000m  509.7225n 
  350.00000m    1.4689u 
  400.00000m    3.4539u 
  450.00000m    6.6943u 
  500.00000m   11.1590u 
  550.00000m   16.7020u 
  600.00000m   23.1744u 
  650.00000m   30.4515u 
  700.00000m   38.4274u 
  750.00000m   47.0049u 
  800.00000m   56.0880u 
  850.00000m   65.5742u 
  900.00000m   75.3461u 
  950.00000m   85.2613u 
    1.00000    95.1542u 
y
 vth0_value= 256.7740m
 u0_param=  51.5033m
 ags_param= 426.5640m
 
   *** monte carlo  index = 420 ***
x

 volt         param     
             i_d_0.6    
    0.         35.4355p 
   50.00000m  182.2169p 
  100.00000m  928.1353p 
  150.00000m    4.5384n 
  200.00000m   20.5781n 
  250.00000m   83.6970n 
  300.00000m  300.5136n 
  350.00000m  929.9601n 
  400.00000m    2.3729u 
  450.00000m    4.9414u 
  500.00000m    8.6912u 
  550.00000m   13.5104u 
  600.00000m   19.2543u 
  650.00000m   25.7972u 
  700.00000m   33.0340u 
  750.00000m   40.8715u 
  800.00000m   49.2200u 
  850.00000m   57.9861u 
  900.00000m   67.0648u 
  950.00000m   76.3302u 
    1.00000    85.6300u 
y
 vth0_value= 276.3657m
 u0_param=  48.8541m
 ags_param= 406.1480m
 
   *** monte carlo  index = 421 ***
x

 volt         param     
             i_d_0.6    
    0.         71.5026p 
   50.00000m  367.9874p 
  100.00000m    1.8506n 
  150.00000m    8.8171n 
  200.00000m   38.3815n 
  250.00000m  148.6175n 
  300.00000m  504.8920n 
  350.00000m    1.4519u 
  400.00000m    3.4065u 
  450.00000m    6.5904u 
  500.00000m   10.9719u 
  550.00000m   16.4085u 
  600.00000m   22.7553u 
  650.00000m   29.8907u 
  700.00000m   37.7116u 
  750.00000m   46.1228u 
  800.00000m   55.0303u 
  850.00000m   64.3332u 
  900.00000m   73.9155u 
  950.00000m   83.6366u 
    1.00000    93.3327u 
y
 vth0_value= 256.1607m
 u0_param=  50.3540m
 ags_param= 410.3421m
 
   *** monte carlo  index = 422 ***
x

 volt         param     
             i_d_0.6    
    0.         84.1075p 
   50.00000m  432.4864p 
  100.00000m    2.1669n 
  150.00000m   10.2522n 
  200.00000m   44.1715n 
  250.00000m  169.0360n 
  300.00000m  566.4031n 
  350.00000m    1.5994u 
  400.00000m    3.6799u 
  450.00000m    7.0050u 
  500.00000m   11.5254u 
  550.00000m   17.0945u 
  600.00000m   23.5686u 
  650.00000m   30.8274u 
  700.00000m   38.7683u 
  750.00000m   47.2959u 
  800.00000m   56.3150u 
  850.00000m   65.7232u 
  900.00000m   75.4015u 
  950.00000m   85.2060u 
    1.00000    94.9706u 
y
 vth0_value= 251.4118m
 u0_param=  50.5661m
 ags_param= 419.6889m
 
   *** monte carlo  index = 423 ***
x

 volt         param     
             i_d_0.6    
    0.         34.4991p 
   50.00000m  177.4057p 
  100.00000m  904.4119p 
  150.00000m    4.4302n 
  200.00000m   20.1461n 
  250.00000m   82.2400n 
  300.00000m  296.4465n 
  350.00000m  922.0265n 
  400.00000m    2.3671u 
  450.00000m    4.9570u 
  500.00000m    8.7554u 
  550.00000m   13.6497u 
  600.00000m   19.4911u 
  650.00000m   26.1496u 
  700.00000m   33.5172u 
  750.00000m   41.4984u 
  800.00000m   50.0013u 
  850.00000m   58.9312u 
  900.00000m   68.1820u 
  950.00000m   77.6269u 
    1.00000    87.1129u 
y
 vth0_value= 277.9248m
 u0_param=  50.0140m
 ags_param= 407.2484m
 
   *** monte carlo  index = 424 ***
x

 volt         param     
             i_d_0.6    
    0.         61.7550p 
   50.00000m  317.8783p 
  100.00000m    1.6027n 
  150.00000m    7.6735n 
  200.00000m   33.6541n 
  250.00000m  131.4554n 
  300.00000m  451.1451n 
  350.00000m    1.3151u 
  400.00000m    3.1315u 
  450.00000m    6.1353u 
  500.00000m   10.3099u 
  550.00000m   15.5210u 
  600.00000m   21.6269u 
  650.00000m   28.5088u 
  700.00000m   36.0654u 
  750.00000m   44.2044u 
  800.00000m   52.8343u 
  850.00000m   61.8576u 
  900.00000m   71.1617u 
  950.00000m   80.6102u 
    1.00000    90.0427u 
y
 vth0_value= 259.6685m
 u0_param=  48.9524m
 ags_param= 413.9352m
 
   *** monte carlo  index = 425 ***
x

 volt         param     
             i_d_0.6    
    0.         68.3342p 
   50.00000m  351.7003p 
  100.00000m    1.7700n 
  150.00000m    8.4453n 
  200.00000m   36.8433n 
  250.00000m  143.0241n 
  300.00000m  487.3378n 
  350.00000m    1.4070u 
  400.00000m    3.3154u 
  450.00000m    6.4378u 
  500.00000m   10.7468u 
  550.00000m   16.1030u 
  600.00000m   22.3627u 
  650.00000m   29.4055u 
  700.00000m   37.1292u 
  750.00000m   45.4398u 
  800.00000m   54.2440u 
  850.00000m   63.4423u 
  900.00000m   72.9198u 
  950.00000m   82.5374u 
    1.00000    92.1325u 
y
 vth0_value= 257.1744m
 u0_param=  49.8059m
 ags_param= 410.0761m
 
   *** monte carlo  index = 426 ***
x

 volt         param     
             i_d_0.6    
    0.        109.0965p 
   50.00000m  559.6948p 
  100.00000m    2.7845n 
  150.00000m   13.0058n 
  200.00000m   55.0215n 
  250.00000m  206.3040n 
  300.00000m  674.5659n 
  350.00000m    1.8447u 
  400.00000m    4.1070u 
  450.00000m    7.6122u 
  500.00000m   12.2864u 
  550.00000m   17.9814u 
  600.00000m   24.5585u 
  650.00000m   31.9025u 
  700.00000m   39.9130u 
  750.00000m   48.4958u 
  800.00000m   57.5555u 
  850.00000m   66.9876u 
  900.00000m   76.6697u 
  950.00000m   86.4529u 
    1.00000    96.1696u 
y
 vth0_value= 243.2207m
 u0_param=  49.9884m
 ags_param= 436.8248m
 
   *** monte carlo  index = 427 ***
x

 volt         param     
             i_d_0.6    
    0.         50.4991p 
   50.00000m  259.9741p 
  100.00000m    1.3158n 
  150.00000m    6.3489n 
  200.00000m   28.1776n 
  250.00000m  111.6260n 
  300.00000m  389.2671n 
  350.00000m    1.1592u 
  400.00000m    2.8271u 
  450.00000m    5.6542u 
  500.00000m    9.6477u 
  550.00000m   14.6809u 
  600.00000m   20.6121u 
  650.00000m   27.3214u 
  700.00000m   34.7073u 
  750.00000m   42.6782u 
  800.00000m   51.1438u 
  850.00000m   60.0090u 
  900.00000m   69.1645u 
  950.00000m   78.4781u 
    1.00000    87.7926u 
y
 vth0_value= 265.4241m
 u0_param=  48.4854m
 ags_param= 415.0547m
 
   *** monte carlo  index = 428 ***
x

 volt         param     
             i_d_0.6    
    0.        128.9410p 
   50.00000m  660.2537p 
  100.00000m    3.2685n 
  150.00000m   15.1328n 
  200.00000m   63.2545n 
  250.00000m  234.0548n 
  300.00000m  752.8853n 
  350.00000m    2.0161u 
  400.00000m    4.3960u 
  450.00000m    8.0146u 
  500.00000m   12.7842u 
  550.00000m   18.5567u 
  600.00000m   25.1966u 
  650.00000m   32.5912u 
  700.00000m   40.6418u 
  750.00000m   49.2547u 
  800.00000m   58.3340u 
  850.00000m   67.7745u 
  900.00000m   77.4514u 
  950.00000m   87.2137u 
    1.00000    96.8936u 
y
 vth0_value= 237.9669m
 u0_param=  49.6374m
 ags_param= 417.1654m
 
   *** monte carlo  index = 429 ***
x

 volt         param     
             i_d_0.6    
    0.        103.7661p 
   50.00000m  532.8066p 
  100.00000m    2.6564n 
  150.00000m   12.4539n 
  200.00000m   52.9619n 
  250.00000m  199.7198n 
  300.00000m  657.5352n 
  350.00000m    1.8142u 
  400.00000m    4.0754u 
  450.00000m    7.6077u 
  500.00000m   12.3409u 
  550.00000m   18.1231u 
  600.00000m   24.8105u 
  650.00000m   32.2834u 
  700.00000m   40.4386u 
  750.00000m   49.1795u 
  800.00000m   58.4090u 
  850.00000m   68.0215u 
  900.00000m   77.8941u 
  950.00000m   87.8778u 
    1.00000    97.8035u 
y
 vth0_value= 245.5475m
 u0_param=  51.2845m
 ags_param= 427.4889m
 
   *** monte carlo  index = 430 ***
x

 volt         param     
             i_d_0.6    
    0.         57.0741p 
   50.00000m  293.8883p 
  100.00000m    1.4847n 
  150.00000m    7.1368n 
  200.00000m   31.4881n 
  250.00000m  123.8594n 
  300.00000m  428.4504n 
  350.00000m    1.2621u 
  400.00000m    3.0407u 
  450.00000m    6.0170u 
  500.00000m   10.1849u 
  550.00000m   15.4104u 
  600.00000m   21.5483u 
  650.00000m   28.4762u 
  700.00000m   36.0907u 
  750.00000m   44.2978u 
  800.00000m   53.0050u 
  850.00000m   62.1143u 
  900.00000m   71.5135u 
  950.00000m   81.0670u 
    1.00000    90.6145u 
y
 vth0_value= 262.5512m
 u0_param=  49.7380m
 ags_param= 406.5785m
 
   *** monte carlo  index = 431 ***
x

 volt         param     
             i_d_0.6    
    0.        150.0225p 
   50.00000m  766.8873p 
  100.00000m    3.7800n 
  150.00000m   17.3710n 
  200.00000m   71.8907n 
  250.00000m  263.1141n 
  300.00000m  834.7358n 
  350.00000m    2.1966u 
  400.00000m    4.7095u 
  450.00000m    8.4736u 
  500.00000m   13.3898u 
  550.00000m   19.3078u 
  600.00000m   26.0928u 
  650.00000m   33.6325u 
  700.00000m   41.8277u 
  750.00000m   50.5839u 
  800.00000m   59.8037u 
  850.00000m   69.3794u 
  900.00000m   79.1831u 
  950.00000m   89.0603u 
    1.00000    98.8417u 
y
 vth0_value= 233.6905m
 u0_param=  50.0735m
 ags_param= 428.7977m
 
   *** monte carlo  index = 432 ***
x

 volt         param     
             i_d_0.6    
    0.         41.7558p 
   50.00000m  214.8379p 
  100.00000m    1.0907n 
  150.00000m    5.2963n 
  200.00000m   23.7454n 
  250.00000m   95.2355n 
  300.00000m  336.7326n 
  350.00000m    1.0213u 
  400.00000m    2.5444u 
  450.00000m    5.1855u 
  500.00000m    8.9737u 
  550.00000m   13.7922u 
  600.00000m   19.5019u 
  650.00000m   25.9833u 
  700.00000m   33.1362u 
  750.00000m   40.8705u 
  800.00000m   49.0982u 
  850.00000m   57.7269u 
  900.00000m   66.6513u 
  950.00000m   75.7435u 
    1.00000    84.8505u 
y
 vth0_value= 270.4920m
 u0_param=  47.4811m
 ags_param= 415.5149m
 
   *** monte carlo  index = 433 ***
x

 volt         param     
             i_d_0.6    
    0.         47.3625p 
   50.00000m  243.8110p 
  100.00000m    1.2355n 
  150.00000m    5.9759n 
  200.00000m   26.6244n 
  250.00000m  105.9626n 
  300.00000m  371.4390n 
  350.00000m    1.1137u 
  400.00000m    2.7378u 
  450.00000m    5.5138u 
  500.00000m    9.4566u 
  550.00000m   14.4424u 
  600.00000m   20.3291u 
  650.00000m   26.9960u 
  700.00000m   34.3415u 
  750.00000m   42.2736u 
  800.00000m   50.7027u 
  850.00000m   59.5338u 
  900.00000m   68.6588u 
  950.00000m   77.9467u 
    1.00000    87.2412u 
y
 vth0_value= 267.3298m
 u0_param=  48.4426m
 ags_param= 415.3893m
 
   *** monte carlo  index = 434 ***
x

 volt         param     
             i_d_0.6    
    0.        106.9681p 
   50.00000m  548.9896p 
  100.00000m    2.7338n 
  150.00000m   12.7898n 
  200.00000m   54.2303n 
  250.00000m  203.8402n 
  300.00000m  668.4892n 
  350.00000m    1.8351u 
  400.00000m    4.1013u 
  450.00000m    7.6249u 
  500.00000m   12.3330u 
  550.00000m   18.0756u 
  600.00000m   24.7114u 
  650.00000m   32.1229u 
  700.00000m   40.2085u 
  750.00000m   48.8728u 
  800.00000m   58.0194u 
  850.00000m   67.5432u 
  900.00000m   77.3217u 
  950.00000m   87.2061u 
    1.00000    97.0279u 
y
 vth0_value= 244.2301m
 u0_param=  50.6426m
 ags_param= 424.5313m
 
   *** monte carlo  index = 435 ***
x

 volt         param     
             i_d_0.6    
    0.         27.1107p 
   50.00000m  139.0298p 
  100.00000m  710.6801p 
  150.00000m    3.5041n 
  200.00000m   16.1122n 
  250.00000m   66.7314n 
  300.00000m  244.4191n 
  350.00000m  776.0550n 
  400.00000m    2.0438u 
  450.00000m    4.3842u 
  500.00000m    7.8893u 
  550.00000m   12.4644u 
  600.00000m   17.9672u 
  650.00000m   24.2708u 
  700.00000m   31.2695u 
  750.00000m   38.8710u 
  800.00000m   46.9868u 
  850.00000m   55.5265u 
  900.00000m   64.3892u 
  950.00000m   73.4544u 
    1.00000    82.5753u 
y
 vth0_value= 284.0227m
 u0_param=  48.1442m
 ags_param= 401.8378m
 
   *** monte carlo  index = 436 ***
x

 volt         param     
             i_d_0.6    
    0.         49.2213p 
   50.00000m  253.3936p 
  100.00000m    1.2832n 
  150.00000m    6.1976n 
  200.00000m   27.5500n 
  250.00000m  109.3492n 
  300.00000m  382.1483n 
  350.00000m    1.1412u 
  400.00000m    2.7924u 
  450.00000m    5.6010u 
  500.00000m    9.5773u 
  550.00000m   14.5958u 
  600.00000m   20.5145u 
  650.00000m   27.2131u 
  700.00000m   34.5900u 
  750.00000m   42.5533u 
  800.00000m   51.0130u 
  850.00000m   59.8738u 
  900.00000m   69.0269u 
  950.00000m   78.3400u 
    1.00000    87.6562u 
y
 vth0_value= 266.2117m
 u0_param=  48.5077m
 ags_param= 428.0849m
 
   *** monte carlo  index = 437 ***
x

 volt         param     
             i_d_0.6    
    0.        117.0890p 
   50.00000m  600.2341p 
  100.00000m    2.9800n 
  150.00000m   13.8672n 
  200.00000m   58.3661n 
  250.00000m  217.6121n 
  300.00000m  706.6238n 
  350.00000m    1.9152u 
  400.00000m    4.2259u 
  450.00000m    7.7770u 
  500.00000m   12.4885u 
  550.00000m   18.2123u 
  600.00000m   24.8113u 
  650.00000m   32.1713u 
  700.00000m   40.1928u 
  750.00000m   48.7819u 
  800.00000m   57.8430u 
  850.00000m   67.2715u 
  900.00000m   76.9440u 
  950.00000m   86.7109u 
    1.00000    96.4045u 
y
 vth0_value= 240.9720m
 u0_param=  49.7987m
 ags_param= 425.4379m
 
   *** monte carlo  index = 438 ***
x

 volt         param     
             i_d_0.6    
    0.         48.5735p 
   50.00000m  250.1387p 
  100.00000m    1.2678n 
  150.00000m    6.1344n 
  200.00000m   27.3437n 
  250.00000m  108.8820n 
  300.00000m  381.8496n 
  350.00000m    1.1456u 
  400.00000m    2.8178u 
  450.00000m    5.6776u 
  500.00000m    9.7401u 
  550.00000m   14.8764u 
  600.00000m   20.9392u 
  650.00000m   27.8031u 
  700.00000m   35.3630u 
  750.00000m   43.5240u 
  800.00000m   52.1938u 
  850.00000m   61.2751u 
  900.00000m   70.6576u 
  950.00000m   80.2082u 
    1.00000    89.7686u 
y
 vth0_value= 267.5829m
 u0_param=  50.0058m
 ags_param= 411.2833m
 
   *** monte carlo  index = 439 ***
x

 volt         param     
             i_d_0.6    
    0.         56.6481p 
   50.00000m  291.6461p 
  100.00000m    1.4731n 
  150.00000m    7.0784n 
  200.00000m   31.2143n 
  250.00000m  122.7114n 
  300.00000m  424.2278n 
  350.00000m    1.2487u 
  400.00000m    3.0060u 
  450.00000m    5.9443u 
  500.00000m   10.0574u 
  550.00000m   15.2138u 
  600.00000m   21.2710u 
  650.00000m   28.1087u 
  700.00000m   35.6253u 
  750.00000m   43.7282u 
  800.00000m   52.3261u 
  850.00000m   61.3220u 
  900.00000m   70.6045u 
  950.00000m   80.0382u 
    1.00000    89.4636u 
y
 vth0_value= 262.2919m
 u0_param=  48.9891m
 ags_param= 429.1920m
 
   *** monte carlo  index = 440 ***
x

 volt         param     
             i_d_0.6    
    0.         75.1149p 
   50.00000m  386.4795p 
  100.00000m    1.9414n 
  150.00000m    9.2293n 
  200.00000m   40.0457n 
  250.00000m  154.4853n 
  300.00000m  522.5639n 
  350.00000m    1.4942u 
  400.00000m    3.4840u 
  450.00000m    6.7057u 
  500.00000m   11.1219u 
  550.00000m   16.5894u 
  600.00000m   22.9638u 
  650.00000m   30.1244u 
  700.00000m   37.9684u 
  750.00000m   46.4008u 
  800.00000m   55.3273u 
  850.00000m   64.6468u 
  900.00000m   74.2424u 
  950.00000m   83.9724u 
    1.00000    93.6724u 
y
 vth0_value= 254.6506m
 u0_param=  50.3107m
 ags_param= 418.3247m
 
   *** monte carlo  index = 441 ***
x

 volt         param     
             i_d_0.6    
    0.         43.4355p 
   50.00000m  223.5618p 
  100.00000m    1.1347n 
  150.00000m    5.5072n 
  200.00000m   24.6689n 
  250.00000m   98.8253n 
  300.00000m  348.9506n 
  350.00000m    1.0564u 
  400.00000m    2.6261u 
  450.00000m    5.3414u 
  500.00000m    9.2290u 
  550.00000m   14.1679u 
  600.00000m   20.0151u 
  650.00000m   26.6483u 
  700.00000m   33.9648u 
  750.00000m   41.8724u 
  800.00000m   50.2811u 
  850.00000m   59.0967u 
  900.00000m   68.2120u 
  950.00000m   77.4974u 
    1.00000    86.7981u 
y
 vth0_value= 270.0417m
 u0_param=  48.5940m
 ags_param= 408.7753m
 
   *** monte carlo  index = 442 ***
x

 volt         param     
             i_d_0.6    
    0.         52.6260p 
   50.00000m  270.9534p 
  100.00000m    1.3706n 
  150.00000m    6.6050n 
  200.00000m   29.2585n 
  250.00000m  115.6408n 
  300.00000m  402.2101n 
  350.00000m    1.1935u 
  400.00000m    2.8992u 
  450.00000m    5.7783u 
  500.00000m    9.8336u 
  550.00000m   14.9359u 
  600.00000m   20.9422u 
  650.00000m   27.7316u 
  700.00000m   35.2019u 
  750.00000m   43.2605u 
  800.00000m   51.8164u 
  850.00000m   60.7732u 
  900.00000m   70.0208u 
  950.00000m   79.4253u 
    1.00000    88.8284u 
y
 vth0_value= 264.4875m
 u0_param=  48.9531m
 ags_param= 421.8228m
 
   *** monte carlo  index = 443 ***
x

 volt         param     
             i_d_0.6    
    0.        114.9616p 
   50.00000m  589.4508p 
  100.00000m    2.9281n 
  150.00000m   13.6389n 
  200.00000m   57.4819n 
  250.00000m  214.6313n 
  300.00000m  698.2096n 
  350.00000m    1.8968u 
  400.00000m    4.1950u 
  450.00000m    7.7344u 
  500.00000m   12.4365u 
  550.00000m   18.1531u 
  600.00000m   24.7466u 
  650.00000m   32.1025u 
  700.00000m   40.1212u 
  750.00000m   48.7087u 
  800.00000m   57.7694u 
  850.00000m   67.1987u 
  900.00000m   76.8736u 
  950.00000m   86.6447u 
    1.00000    96.3444u 
y
 vth0_value= 241.5582m
 u0_param=  49.8525m
 ags_param= 425.1466m
 
   *** monte carlo  index = 444 ***
x

 volt         param     
             i_d_0.6    
    0.        142.6151p 
   50.00000m  729.2864p 
  100.00000m    3.5984n 
  150.00000m   16.5655n 
  200.00000m   68.7195n 
  250.00000m  252.1741n 
  300.00000m  802.7591n 
  350.00000m    2.1215u 
  400.00000m    4.5673u 
  450.00000m    8.2446u 
  500.00000m   13.0589u 
  550.00000m   18.8628u 
  600.00000m   25.5237u 
  650.00000m   32.9309u 
  700.00000m   40.9868u 
  750.00000m   49.5982u 
  800.00000m   58.6694u 
  850.00000m   68.0942u 
  900.00000m   77.7464u 
  950.00000m   87.4733u 
    1.00000    97.1073u 
y
 vth0_value= 234.6889m
 u0_param=  49.2615m
 ags_param= 429.8562m
 
   *** monte carlo  index = 445 ***
x

 volt         param     
             i_d_0.6    
    0.         33.5262p 
   50.00000m  172.2808p 
  100.00000m  877.7526p 
  150.00000m    4.2954n 
  200.00000m   19.5021n 
  250.00000m   79.4590n 
  300.00000m  285.8735n 
  350.00000m  887.0538n 
  400.00000m    2.2709u 
  450.00000m    4.7437u 
  500.00000m    8.3639u 
  550.00000m   13.0257u 
  600.00000m   18.5893u 
  650.00000m   24.9330u 
  700.00000m   31.9552u 
  750.00000m   39.5653u 
  800.00000m   47.6761u 
  850.00000m   56.1968u 
  900.00000m   65.0249u 
  950.00000m   74.0366u 
    1.00000    83.0820u 
y
 vth0_value= 277.0649m
 u0_param=  47.3806m
 ags_param= 421.4248m
 
   *** monte carlo  index = 446 ***
x

 volt         param     
             i_d_0.6    
    0.         42.8004p 
   50.00000m  220.3127p 
  100.00000m    1.1189n 
  150.00000m    5.4359n 
  200.00000m   24.3903n 
  250.00000m   97.9097n 
  300.00000m  346.4890n 
  350.00000m    1.0520u 
  400.00000m    2.6242u 
  450.00000m    5.3537u 
  500.00000m    9.2709u 
  550.00000m   14.2542u 
  600.00000m   20.1582u 
  650.00000m   26.8584u 
  700.00000m   34.2505u 
  750.00000m   42.2410u 
  800.00000m   50.7390u 
  850.00000m   59.6492u 
  900.00000m   68.8638u 
  950.00000m   78.2527u 
    1.00000    87.6600u 
y
 vth0_value= 270.9050m
 u0_param=  49.2350m
 ags_param= 420.0681m
 
   *** monte carlo  index = 447 ***
x

 volt         param     
             i_d_0.6    
    0.        108.7137p 
   50.00000m  557.6480p 
  100.00000m    2.7737n 
  150.00000m   12.9493n 
  200.00000m   54.7496n 
  250.00000m  205.1560n 
  300.00000m  670.3191n 
  350.00000m    1.8314u 
  400.00000m    4.0734u 
  450.00000m    7.5445u 
  500.00000m   12.1710u 
  550.00000m   17.8067u 
  600.00000m   24.3150u 
  650.00000m   31.5819u 
  700.00000m   39.5084u 
  750.00000m   48.0014u 
  800.00000m   56.9663u 
  850.00000m   66.2998u 
  900.00000m   75.8803u 
  950.00000m   85.5600u 
    1.00000    95.1726u 
y
 vth0_value= 242.9514m
 u0_param=  49.4077m
 ags_param= 417.7277m
 
   *** monte carlo  index = 448 ***
x

 volt         param     
             i_d_0.6    
    0.        126.4701p 
   50.00000m  648.0313p 
  100.00000m    3.2126n 
  150.00000m   14.9101n 
  200.00000m   62.5276n 
  250.00000m  232.1791n 
  300.00000m  750.0672n 
  350.00000m    2.0195u 
  400.00000m    4.4270u 
  450.00000m    8.1044u 
  500.00000m   12.9645u 
  550.00000m   18.8543u 
  600.00000m   25.6338u 
  650.00000m   33.1864u 
  700.00000m   41.4105u 
  750.00000m   50.2100u 
  800.00000m   59.4870u 
  850.00000m   69.1347u 
  900.00000m   79.0271u 
  950.00000m   89.0122u 
    1.00000    98.9198u 
y
 vth0_value= 239.4059m
 u0_param=  50.9799m
 ags_param= 423.9461m
 
   *** monte carlo  index = 449 ***
x

 volt         param     
             i_d_0.6    
    0.         84.8319p 
   50.00000m  436.1421p 
  100.00000m    2.1844n 
  150.00000m   10.3270n 
  200.00000m   44.4465n 
  250.00000m  169.8871n 
  300.00000m  568.4726n 
  350.00000m    1.6023u 
  400.00000m    3.6797u 
  450.00000m    6.9939u 
  500.00000m   11.4944u 
  550.00000m   17.0360u 
  600.00000m   23.4760u 
  650.00000m   30.6955u 
  700.00000m   38.5926u 
  750.00000m   47.0726u 
  800.00000m   56.0409u 
  850.00000m   65.3955u 
  900.00000m   75.0178u 
  950.00000m   84.7639u 
    1.00000    94.4681u 
y
 vth0_value= 250.9227m
 u0_param=  50.2021m
 ags_param= 418.0947m
 
   *** monte carlo  index = 450 ***
x

 volt         param     
             i_d_0.6    
    0.        116.2330p 
   50.00000m  596.1127p 
  100.00000m    2.9623n 
  150.00000m   13.8067n 
  200.00000m   58.2375n 
  250.00000m  217.6377n 
  300.00000m  708.6817n 
  350.00000m    1.9276u 
  400.00000m    4.2684u 
  450.00000m    7.8769u 
  500.00000m   12.6731u 
  550.00000m   18.5047u 
  600.00000m   25.2307u 
  650.00000m   32.7337u 
  700.00000m   40.9116u 
  750.00000m   49.6684u 
  800.00000m   58.9068u 
  850.00000m   68.5205u 
  900.00000m   78.3850u 
  950.00000m   88.3492u 
    1.00000    98.2434u 
y
 vth0_value= 241.9373m
 u0_param=  50.9680m
 ags_param= 437.1859m
 
   *** monte carlo  index = 451 ***
x

 volt         param     
             i_d_0.6    
    0.         89.8090p 
   50.00000m  461.4449p 
  100.00000m    2.3069n 
  150.00000m   10.8697n 
  200.00000m   46.5577n 
  250.00000m  177.0019n 
  300.00000m  588.5380n 
  350.00000m    1.6451u 
  400.00000m    3.7453u 
  450.00000m    7.0685u 
  500.00000m   11.5585u 
  550.00000m   17.0714u 
  600.00000m   23.4678u 
  650.00000m   30.6316u 
  700.00000m   38.4628u 
  750.00000m   46.8681u 
  800.00000m   55.7539u 
  850.00000m   65.0184u 
  900.00000m   74.5430u 
  950.00000m   84.1833u 
    1.00000    93.7742u 
y
 vth0_value= 248.7355m
 u0_param=  49.4669m
 ags_param= 422.9530m
 
   *** monte carlo  index = 452 ***
x

 volt         param     
             i_d_0.6    
    0.         68.9373p 
   50.00000m  354.7455p 
  100.00000m    1.7846n 
  150.00000m    8.5075n 
  200.00000m   37.0685n 
  250.00000m  143.6960n 
  300.00000m  488.8492n 
  350.00000m    1.4084u 
  400.00000m    3.3112u 
  450.00000m    6.4173u 
  500.00000m   10.6982u 
  550.00000m   16.0155u 
  600.00000m   22.2274u 
  650.00000m   29.2152u 
  700.00000m   36.8776u 
  750.00000m   45.1217u 
  800.00000m   53.8550u 
  850.00000m   62.9786u 
  900.00000m   72.3782u 
  950.00000m   81.9148u 
    1.00000    91.4267u 
y
 vth0_value= 256.5882m
 u0_param=  49.3075m
 ags_param= 406.8397m
 
   *** monte carlo  index = 453 ***
x

 volt         param     
             i_d_0.6    
    0.         66.6261p 
   50.00000m  342.9206p 
  100.00000m    1.7266n 
  150.00000m    8.2451n 
  200.00000m   36.0160n 
  250.00000m  140.0222n 
  300.00000m  477.9424n 
  350.00000m    1.3831u 
  400.00000m    3.2674u 
  450.00000m    6.3582u 
  500.00000m   10.6309u 
  550.00000m   15.9473u 
  600.00000m   22.1646u 
  650.00000m   29.1626u 
  700.00000m   36.8396u 
  750.00000m   45.1020u 
  800.00000m   53.8570u 
  850.00000m   63.0056u 
  900.00000m   72.4337u 
  950.00000m   82.0028u 
    1.00000    91.5510u 
y
 vth0_value= 257.7754m
 u0_param=  49.5564m
 ags_param= 410.1223m
 
   *** monte carlo  index = 454 ***
x

 volt         param     
             i_d_0.6    
    0.         51.2803p 
   50.00000m  264.0754p 
  100.00000m    1.3370n 
  150.00000m    6.4543n 
  200.00000m   28.6674n 
  250.00000m  113.6646n 
  300.00000m  396.7228n 
  350.00000m    1.1827u 
  400.00000m    2.8880u 
  450.00000m    5.7822u 
  500.00000m    9.8728u 
  550.00000m   15.0294u 
  600.00000m   21.1058u 
  650.00000m   27.9781u 
  700.00000m   35.5421u 
  750.00000m   43.7034u 
  800.00000m   52.3697u 
  850.00000m   61.4437u 
  900.00000m   70.8146u 
  950.00000m   80.3484u 
    1.00000    89.8861u 
y
 vth0_value= 265.8133m
 u0_param=  49.7953m
 ags_param= 416.2933m
 
   *** monte carlo  index = 455 ***
x

 volt         param     
             i_d_0.6    
    0.         39.0385p 
   50.00000m  200.8095p 
  100.00000m    1.0207n 
  150.00000m    4.9695n 
  200.00000m   22.3739n 
  250.00000m   90.2003n 
  300.00000m  320.7556n 
  350.00000m  980.2027n 
  400.00000m    2.4637u 
  450.00000m    5.0612u 
  500.00000m    8.8110u 
  550.00000m   13.5992u 
  600.00000m   19.2854u 
  650.00000m   25.7490u 
  700.00000m   32.8888u 
  750.00000m   40.6140u 
  800.00000m   48.8368u 
  850.00000m   57.4647u 
  900.00000m   66.3931u 
  950.00000m   75.4953u 
    1.00000    84.6188u 
y
 vth0_value= 272.6466m
 u0_param=  47.6612m
 ags_param= 416.1274m
 
   *** monte carlo  index = 456 ***
x

 volt         param     
             i_d_0.6    
    0.        151.8089p 
   50.00000m  775.7970p 
  100.00000m    3.8216n 
  150.00000m   17.5436n 
  200.00000m   72.5058n 
  250.00000m  264.9753n 
  300.00000m  839.0853n 
  350.00000m    2.2029u 
  400.00000m    4.7128u 
  450.00000m    8.4653u 
  500.00000m   13.3612u 
  550.00000m   19.2512u 
  600.00000m   26.0020u 
  650.00000m   33.5024u 
  700.00000m   41.6540u 
  750.00000m   50.3629u 
  800.00000m   59.5322u 
  850.00000m   69.0544u 
  900.00000m   78.8019u 
  950.00000m   88.6204u 
    1.00000    98.3413u 
y
 vth0_value= 233.1010m
 u0_param=  49.7118m
 ags_param= 428.0133m
 
   *** monte carlo  index = 457 ***
x

 volt         param     
             i_d_0.6    
    0.        124.2973p 
   50.00000m  636.7474p 
  100.00000m    3.1556n 
  150.00000m   14.6380n 
  200.00000m   61.3455n 
  250.00000m  227.6397n 
  300.00000m  734.8644n 
  350.00000m    1.9768u 
  400.00000m    4.3296u 
  450.00000m    7.9214u 
  500.00000m   12.6675u 
  550.00000m   18.4198u 
  600.00000m   25.0424u 
  650.00000m   32.4222u 
  700.00000m   40.4602u 
  750.00000m   49.0626u 
  800.00000m   58.1339u 
  850.00000m   67.5687u 
  900.00000m   77.2428u 
  950.00000m   87.0053u 
    1.00000    96.6884u 
y
 vth0_value= 239.0916m
 u0_param=  49.6699m
 ags_param= 433.2816m
 
   *** monte carlo  index = 458 ***
x

 volt         param     
             i_d_0.6    
    0.        141.3327p 
   50.00000m  723.1181p 
  100.00000m    3.5718n 
  150.00000m   16.4736n 
  200.00000m   68.5028n 
  250.00000m  252.0228n 
  300.00000m  804.8152n 
  350.00000m    2.1354u 
  400.00000m    4.6146u 
  450.00000m    8.3537u 
  500.00000m   13.2575u 
  550.00000m   19.1744u 
  600.00000m   25.9673u 
  650.00000m   33.5223u 
  700.00000m   41.7392u 
  750.00000m   50.5228u 
  800.00000m   59.7754u 
  850.00000m   69.3895u 
  900.00000m   79.2380u 
  950.00000m   89.1670u 
    1.00000    99.0069u 
y
 vth0_value= 235.7436m
 u0_param=  50.4757m
 ags_param= 424.2883m
 
   *** monte carlo  index = 459 ***
x

 volt         param     
             i_d_0.6    
    0.         85.3829p 
   50.00000m  438.8230p 
  100.00000m    2.1962n 
  150.00000m   10.3689n 
  200.00000m   44.5422n 
  250.00000m  169.8970n 
  300.00000m  567.1421n 
  350.00000m    1.5935u 
  400.00000m    3.6476u 
  450.00000m    6.9146u 
  500.00000m   11.3434u 
  550.00000m   16.7917u 
  600.00000m   23.1209u 
  650.00000m   30.2150u 
  700.00000m   37.9744u 
  750.00000m   46.3067u 
  800.00000m   55.1187u 
  850.00000m   64.3097u 
  900.00000m   73.7624u 
  950.00000m   83.3336u 
    1.00000    92.8595u 
y
 vth0_value= 250.0460m
 u0_param=  49.1446m
 ags_param= 417.3719m
 
   *** monte carlo  index = 460 ***
x

 volt         param     
             i_d_0.6    
    0.        151.7858p 
   50.00000m  775.6372p 
  100.00000m    3.8204n 
  150.00000m   17.5352n 
  200.00000m   72.4553n 
  250.00000m  264.7299n 
  300.00000m  838.0693n 
  350.00000m    2.1995u 
  400.00000m    4.7039u 
  450.00000m    8.4472u 
  500.00000m   13.3302u 
  550.00000m   19.2045u 
  600.00000m   25.9371u 
  650.00000m   33.4171u 
  700.00000m   41.5467u 
  750.00000m   50.2320u 
  800.00000m   59.3765u 
  850.00000m   68.8729u 
  900.00000m   78.5938u 
  950.00000m   88.3851u 
    1.00000    98.0786u 
y
 vth0_value= 233.0050m
 u0_param=  49.5568m
 ags_param= 425.0125m
 
   *** monte carlo  index = 461 ***
x

 volt         param     
             i_d_0.6    
    0.         68.2684p 
   50.00000m  351.3606p 
  100.00000m    1.7683n 
  150.00000m    8.4374n 
  200.00000m   36.8097n 
  250.00000m  142.8988n 
  300.00000m  486.9322n 
  350.00000m    1.4060u 
  400.00000m    3.3131u 
  450.00000m    6.4336u 
  500.00000m   10.7404u 
  550.00000m   16.0940u 
  600.00000m   22.3509u 
  650.00000m   29.3909u 
  700.00000m   37.1116u 
  750.00000m   45.4191u 
  800.00000m   54.2202u 
  850.00000m   63.4154u 
  900.00000m   72.8899u 
  950.00000m   82.5044u 
    1.00000    92.0962u 
y
 vth0_value= 257.1872m
 u0_param=  49.7808m
 ags_param= 415.0389m
 
   *** monte carlo  index = 462 ***
x

 volt         param     
             i_d_0.6    
    0.        129.2327p 
   50.00000m  662.0014p 
  100.00000m    3.2795n 
  150.00000m   15.2022n 
  200.00000m   63.6472n 
  250.00000m  235.9064n 
  300.00000m  760.3844n 
  350.00000m    2.0414u 
  400.00000m    4.4622u 
  450.00000m    8.1506u 
  500.00000m   13.0174u 
  550.00000m   18.9100u 
  600.00000m   25.6891u 
  650.00000m   33.2384u 
  700.00000m   41.4567u 
  750.00000m   50.2480u 
  800.00000m   59.5148u 
  850.00000m   69.1500u 
  900.00000m   79.0279u 
  950.00000m   88.9961u 
    1.00000    98.8851u 
y
 vth0_value= 238.6848m
 u0_param=  50.8671m
 ags_param= 410.4507m
 
   *** monte carlo  index = 463 ***
x

 volt         param     
             i_d_0.6    
    0.        141.4142p 
   50.00000m  723.7234p 
  100.00000m    3.5766n 
  150.00000m   16.5092n 
  200.00000m   68.7254n 
  250.00000m  253.1294n 
  300.00000m  809.4662n 
  350.00000m    2.1514u 
  400.00000m    4.6569u 
  450.00000m    8.4408u 
  500.00000m   13.4067u 
  550.00000m   19.4001u 
  600.00000m   26.2815u 
  650.00000m   33.9348u 
  700.00000m   42.2580u 
  750.00000m   51.1546u 
  800.00000m   60.5259u 
  850.00000m   70.2632u 
  900.00000m   80.2388u 
  950.00000m   90.2983u 
    1.00000   100.2709u 
y
 vth0_value= 236.2237m
 u0_param=  51.2636m
 ags_param= 415.8585m
 
   *** monte carlo  index = 464 ***
x

 volt         param     
             i_d_0.6    
    0.        143.1955p 
   50.00000m  732.2679p 
  100.00000m    3.6131n 
  150.00000m   16.6335n 
  200.00000m   69.0017n 
  250.00000m  253.2069n 
  300.00000m  806.0245n 
  350.00000m    2.1300u 
  400.00000m    4.5855u 
  450.00000m    8.2770u 
  500.00000m   13.1096u 
  550.00000m   18.9350u 
  600.00000m   25.6201u 
  650.00000m   33.0536u 
  700.00000m   41.1375u 
  750.00000m   49.7785u 
  800.00000m   58.8804u 
  850.00000m   68.3367u 
  900.00000m   78.0211u 
  950.00000m   87.7808u 
    1.00000    97.4479u 
y
 vth0_value= 234.6941m
 u0_param=  49.4570m
 ags_param= 423.9764m
 
   *** monte carlo  index = 465 ***
x

 volt         param     
             i_d_0.6    
    0.         54.1991p 
   50.00000m  279.0126p 
  100.00000m    1.4102n 
  150.00000m    6.7846n 
  200.00000m   29.9776n 
  250.00000m  118.1280n 
  300.00000m  409.4880n 
  350.00000m    1.2097u 
  400.00000m    2.9239u 
  450.00000m    5.8023u 
  500.00000m    9.8432u 
  550.00000m   14.9176u 
  600.00000m   20.8847u 
  650.00000m   27.6255u 
  700.00000m   35.0395u 
  750.00000m   43.0349u 
  800.00000m   51.5217u 
  850.00000m   60.4040u 
  900.00000m   69.5721u 
  950.00000m   78.8924u 
    1.00000    88.2071u 
y
 vth0_value= 263.2432m
 u0_param=  48.4104m
 ags_param= 409.9190m
 
   *** monte carlo  index = 466 ***
x

 volt         param     
             i_d_0.6    
    0.        184.6054p 
   50.00000m  940.9853p 
  100.00000m    4.6078n 
  150.00000m   20.9414n 
  200.00000m   85.4294n 
  250.00000m  307.7744n 
  300.00000m  956.8243n 
  350.00000m    2.4556u 
  400.00000m    5.1426u 
  450.00000m    9.0866u 
  500.00000m   14.1750u 
  550.00000m   20.2564u 
  600.00000m   27.1981u 
  650.00000m   34.8891u 
  700.00000m   43.2305u 
  750.00000m   52.1268u 
  800.00000m   61.4792u 
  850.00000m   71.1772u 
  900.00000m   81.0892u 
  950.00000m   91.0571u 
    1.00000   100.9110u 
y
 vth0_value= 227.6009m
 u0_param=  50.3199m
 ags_param= 421.1899m
 
   *** monte carlo  index = 467 ***
x

 volt         param     
             i_d_0.6    
    0.         44.0588p 
   50.00000m  226.7511p 
  100.00000m    1.1503n 
  150.00000m    5.5774n 
  200.00000m   24.9435n 
  250.00000m   99.7339n 
  300.00000m  351.4246n 
  350.00000m    1.0610u 
  400.00000m    2.6291u 
  450.00000m    5.3326u 
  500.00000m    9.1946u 
  550.00000m   14.0952u 
  600.00000m   19.8934u 
  650.00000m   26.4687u 
  700.00000m   33.7200u 
  750.00000m   41.5563u 
  800.00000m   49.8885u 
  850.00000m   58.6230u 
  900.00000m   67.6532u 
  950.00000m   76.8498u 
    1.00000    86.0582u 
y
 vth0_value= 269.2339m
 u0_param=  48.0234m
 ags_param= 411.7779m
 
   *** monte carlo  index = 468 ***
x

 volt         param     
             i_d_0.6    
    0.         58.2547p 
   50.00000m  299.9660p 
  100.00000m    1.5149n 
  150.00000m    7.2764n 
  200.00000m   32.0678n 
  250.00000m  125.9715n 
  300.00000m  435.0945n 
  350.00000m    1.2791u 
  400.00000m    3.0746u 
  450.00000m    6.0723u 
  500.00000m   10.2636u 
  550.00000m   15.5138u 
  600.00000m   21.6773u 
  650.00000m   28.6317u 
  700.00000m   36.2736u 
  750.00000m   44.5087u 
  800.00000m   53.2443u 
  850.00000m   62.3820u 
  900.00000m   71.8091u 
  950.00000m   81.3893u 
    1.00000    90.9619u 
y
 vth0_value= 262.0071m
 u0_param=  49.8510m
 ags_param= 414.8344m
 
   *** monte carlo  index = 469 ***
x

 volt         param     
             i_d_0.6    
    0.         42.4076p 
   50.00000m  218.2916p 
  100.00000m    1.1088n 
  150.00000m    5.3898n 
  200.00000m   24.2020n 
  250.00000m   97.2438n 
  300.00000m  344.4820n 
  350.00000m    1.0473u 
  400.00000m    2.6166u 
  450.00000m    5.3456u 
  500.00000m    9.2665u 
  550.00000m   14.2576u 
  600.00000m   20.1730u 
  650.00000m   26.8876u 
  700.00000m   34.2965u 
  750.00000m   42.3058u 
  800.00000m   50.8243u 
  850.00000m   59.7567u 
  900.00000m   68.9951u 
  950.00000m   78.4092u 
    1.00000    87.8432u 
y
 vth0_value= 271.2937m
 u0_param=  49.4054m
 ags_param= 420.9831m
 
   *** monte carlo  index = 470 ***
x

 volt         param     
             i_d_0.6    
    0.         19.8022p 
   50.00000m  101.0018p 
  100.00000m  518.0751p 
  150.00000m    2.5779n 
  200.00000m   12.0449n 
  250.00000m   50.9821n 
  300.00000m  191.2593n 
  350.00000m  625.6960n 
  400.00000m    1.7119u 
  450.00000m    3.8121u 
  500.00000m    7.0651u 
  550.00000m   11.4001u 
  600.00000m   16.6772u 
  650.00000m   22.7666u 
  700.00000m   29.5602u 
  750.00000m   36.9649u 
  800.00000m   44.8933u 
  850.00000m   53.2566u 
  900.00000m   61.9578u 
  950.00000m   70.8818u 
    1.00000    79.8878u 
y
 vth0_value= 293.4477m
 u0_param=  47.8941m
 ags_param= 405.7012m
 
   *** monte carlo  index = 471 ***
x

 volt         param     
             i_d_0.6    
    0.         72.9555p 
   50.00000m  375.4125p 
  100.00000m    1.8869n 
  150.00000m    8.9809n 
  200.00000m   39.0354n 
  250.00000m  150.8873n 
  300.00000m  511.5800n 
  350.00000m    1.4673u 
  400.00000m    3.4327u 
  450.00000m    6.6254u 
  500.00000m   11.0111u 
  550.00000m   16.4478u 
  600.00000m   22.7910u 
  650.00000m   29.9202u 
  700.00000m   37.7326u 
  750.00000m   46.1335u 
  800.00000m   55.0289u 
  850.00000m   64.3179u 
  900.00000m   73.8843u 
  950.00000m   83.5870u 
    1.00000    93.2619u 
y
 vth0_value= 255.4509m
 u0_param=  50.1895m
 ags_param= 421.9030m
 
   *** monte carlo  index = 472 ***
x

 volt         param     
             i_d_0.6    
    0.         49.7661p 
   50.00000m  256.2515p 
  100.00000m    1.2979n 
  150.00000m    6.2707n 
  200.00000m   27.8885n 
  250.00000m  110.7530n 
  300.00000m  387.2642n 
  350.00000m    1.1573u 
  400.00000m    2.8340u 
  450.00000m    5.6879u 
  500.00000m    9.7300u 
  550.00000m   14.8319u 
  600.00000m   20.8487u 
  650.00000m   27.6573u 
  700.00000m   35.1543u 
  750.00000m   43.2460u 
  800.00000m   51.8410u 
  850.00000m   60.8425u 
  900.00000m   70.1406u 
  950.00000m   79.6020u 
    1.00000    89.0685u 
y
 vth0_value= 266.4581m
 u0_param=  49.3936m
 ags_param= 425.3632m
 
   *** monte carlo  index = 473 ***
x

 volt         param     
             i_d_0.6    
    0.         64.4049p 
   50.00000m  331.5137p 
  100.00000m    1.6703n 
  150.00000m    7.9863n 
  200.00000m   34.9533n 
  250.00000m  136.1988n 
  300.00000m  466.1111n 
  350.00000m    1.3536u 
  400.00000m    3.2100u 
  450.00000m    6.2669u 
  500.00000m   10.5036u 
  550.00000m   15.7835u 
  600.00000m   21.9639u 
  650.00000m   28.9249u 
  700.00000m   36.5649u 
  750.00000m   44.7906u 
  800.00000m   53.5096u 
  850.00000m   62.6233u 
  900.00000m   72.0180u 
  950.00000m   81.5554u 
    1.00000    91.0739u 
y
 vth0_value= 258.6887m
 u0_param=  49.3905m
 ags_param= 431.1935m
 
   *** monte carlo  index = 474 ***
x

 volt         param     
             i_d_0.6    
    0.         60.9863p 
   50.00000m  313.9375p 
  100.00000m    1.5833n 
  150.00000m    7.5851n 
  200.00000m   33.2955n 
  250.00000m  130.1883n 
  300.00000m  447.3186n 
  350.00000m    1.3060u 
  400.00000m    3.1151u 
  450.00000m    6.1121u 
  500.00000m   10.2818u 
  550.00000m   15.4902u 
  600.00000m   21.5952u 
  650.00000m   28.4776u 
  700.00000m   36.0360u 
  750.00000m   44.1777u 
  800.00000m   52.8114u 
  850.00000m   61.8394u 
  900.00000m   71.1494u 
  950.00000m   80.6051u 
    1.00000    90.0462u 
y
 vth0_value= 260.0893m
 u0_param=  49.0193m
 ags_param= 412.6953m
 
   *** monte carlo  index = 475 ***
x

 volt         param     
             i_d_0.6    
    0.         82.5333p 
   50.00000m  424.3230p 
  100.00000m    2.1258n 
  150.00000m   10.0564n 
  200.00000m   43.3207n 
  250.00000m  165.7579n 
  300.00000m  555.3707n 
  350.00000m    1.5681u 
  400.00000m    3.6076u 
  450.00000m    6.8673u 
  500.00000m   11.2994u 
  550.00000m   16.7611u 
  600.00000m   23.1118u 
  650.00000m   30.2341u 
  700.00000m   38.0275u 
  750.00000m   46.3985u 
  800.00000m   55.2536u 
  850.00000m   64.4920u 
  900.00000m   73.9963u 
  950.00000m   83.6238u 
    1.00000    93.2102u 
y
 vth0_value= 251.3240m
 u0_param=  49.5404m
 ags_param= 414.8093m
 
   *** monte carlo  index = 476 ***
x

 volt         param     
             i_d_0.6    
    0.         44.0013p 
   50.00000m  226.4693p 
  100.00000m    1.1491n 
  150.00000m    5.5730n 
  200.00000m   24.9358n 
  250.00000m   99.7599n 
  300.00000m  351.7309n 
  350.00000m    1.0628u 
  400.00000m    2.6360u 
  450.00000m    5.3508u 
  500.00000m    9.2315u 
  550.00000m   14.1574u 
  600.00000m   19.9865u 
  650.00000m   26.5973u 
  700.00000m   33.8882u 
  750.00000m   41.7672u 
  800.00000m   50.1450u 
  850.00000m   58.9274u 
  900.00000m   68.0074u 
  950.00000m   77.2553u 
    1.00000    86.5160u 
y
 vth0_value= 269.4759m
 u0_param=  48.3286m
 ags_param= 417.3785m
 
   *** monte carlo  index = 477 ***
x

 volt         param     
             i_d_0.6    
    0.        131.2046p 
   50.00000m  671.8978p 
  100.00000m    3.3262n 
  150.00000m   15.4003n 
  200.00000m   64.3724n 
  250.00000m  238.1779n 
  300.00000m  766.0540n 
  350.00000m    2.0510u 
  400.00000m    4.4713u 
  450.00000m    8.1502u 
  500.00000m   12.9981u 
  550.00000m   18.8634u 
  600.00000m   25.6084u 
  650.00000m   33.1183u 
  700.00000m   41.2925u 
  750.00000m   50.0359u 
  800.00000m   59.2514u 
  850.00000m   68.8322u 
  900.00000m   78.6526u 
  950.00000m   88.5602u 
    1.00000    98.3860u 
y
 vth0_value= 237.9793m
 u0_param=  50.4726m
 ags_param= 417.1721m
 
   *** monte carlo  index = 478 ***
x

 volt         param     
             i_d_0.6    
    0.         70.1338p 
   50.00000m  360.9321p 
  100.00000m    1.8155n 
  150.00000m    8.6535n 
  200.00000m   37.6937n 
  250.00000m  146.0657n 
  300.00000m  496.6789n 
  350.00000m    1.4301u 
  400.00000m    3.3597u 
  450.00000m    6.5075u 
  500.00000m   10.8433u 
  550.00000m   16.2268u 
  600.00000m   22.5142u 
  650.00000m   29.5852u 
  700.00000m   37.3375u 
  750.00000m   45.6768u 
  800.00000m   54.5097u 
  850.00000m   63.7362u 
  900.00000m   73.2411u 
  950.00000m   82.8842u 
    1.00000    92.5025u 
y
 vth0_value= 256.4560m
 u0_param=  49.9053m
 ags_param= 416.5823m
 
   *** monte carlo  index = 479 ***
x

 volt         param     
             i_d_0.6    
    0.         47.5376p 
   50.00000m  244.7845p 
  100.00000m    1.2411n 
  150.00000m    6.0086n 
  200.00000m   26.8097n 
  250.00000m  106.8854n 
  300.00000m  375.3635n 
  350.00000m    1.1282u 
  400.00000m    2.7809u 
  450.00000m    5.6138u 
  500.00000m    9.6444u 
  550.00000m   14.7453u 
  600.00000m   20.7697u 
  650.00000m   27.5929u 
  700.00000m   35.1102u 
  750.00000m   43.2272u 
  800.00000m   51.8518u 
  850.00000m   60.8873u 
  900.00000m   70.2240u 
  950.00000m   79.7293u 
    1.00000    89.2455u 
y
 vth0_value= 268.0784m
 u0_param=  49.7642m
 ags_param= 413.8211m
 
   *** monte carlo  index = 480 ***
x

 volt         param     
             i_d_0.6    
    0.         57.5658p 
   50.00000m  296.3791p 
  100.00000m    1.4967n 
  150.00000m    7.1884n 
  200.00000m   31.6764n 
  250.00000m  124.4214n 
  300.00000m  429.7112n 
  350.00000m    1.2632u 
  400.00000m    3.0361u 
  450.00000m    5.9960u 
  500.00000m   10.1348u 
  550.00000m   15.3197u 
  600.00000m   21.4075u 
  650.00000m   28.2774u 
  700.00000m   35.8274u 
  750.00000m   43.9645u 
  800.00000m   52.5970u 
  850.00000m   61.6276u 
  900.00000m   70.9447u 
  950.00000m   80.4130u 
    1.00000    89.8728u 
y
 vth0_value= 261.9492m
 u0_param=  49.2063m
 ags_param= 405.9678m
 
   *** monte carlo  index = 481 ***
x

 volt         param     
             i_d_0.6    
    0.         34.1198p 
   50.00000m  175.3774p 
  100.00000m  893.5355p 
  150.00000m    4.3723n 
  200.00000m   19.8482n 
  250.00000m   80.8511n 
  300.00000m  290.7985n 
  350.00000m  901.9662n 
  400.00000m    2.3079u 
  450.00000m    4.8186u 
  500.00000m    8.4925u 
  550.00000m   13.2214u 
  600.00000m   18.8633u 
  650.00000m   25.2945u 
  700.00000m   32.4118u 
  750.00000m   40.1234u 
  800.00000m   48.3409u 
  850.00000m   56.9722u 
  900.00000m   65.9140u 
  950.00000m   75.0413u 
    1.00000    84.2033u 
y
 vth0_value= 276.9873m
 u0_param=  48.0588m
 ags_param= 418.5906m
 
   *** monte carlo  index = 482 ***
x

 volt         param     
             i_d_0.6    
    0.         88.9312p 
   50.00000m  456.9280p 
  100.00000m    2.2845n 
  150.00000m   10.7658n 
  200.00000m   46.1231n 
  250.00000m  175.3977n 
  300.00000m  583.4063n 
  350.00000m    1.6315u 
  400.00000m    3.7162u 
  450.00000m    7.0164u 
  500.00000m   11.4769u 
  550.00000m   16.9550u 
  600.00000m   23.3121u 
  650.00000m   30.4329u 
  700.00000m   38.2181u 
  750.00000m   46.5749u 
  800.00000m   55.4101u 
  850.00000m   64.6225u 
  900.00000m   74.0941u 
  950.00000m   83.6809u 
    1.00000    93.2184u 
y
 vth0_value= 248.8346m
 u0_param=  49.1650m
 ags_param= 421.8148m
 
   *** monte carlo  index = 483 ***
x

 volt         param     
             i_d_0.6    
    0.         94.7463p 
   50.00000m  486.5094p 
  100.00000m    2.4279n 
  150.00000m   11.4032n 
  200.00000m   48.6212n 
  250.00000m  183.9146n 
  300.00000m  607.8530n 
  350.00000m    1.6857u 
  400.00000m    3.8068u 
  450.00000m    7.1377u 
  500.00000m   11.6170u 
  550.00000m   17.1024u 
  600.00000m   23.4575u 
  650.00000m   30.5686u 
  700.00000m   38.3375u 
  750.00000m   46.6722u 
  800.00000m   55.4797u 
  850.00000m   64.6588u 
  900.00000m   74.0909u 
  950.00000m   83.6313u 
    1.00000    93.1156u 
y
 vth0_value= 246.6846m
 u0_param=  48.7910m
 ags_param= 420.2466m
 
   *** monte carlo  index = 484 ***
x

 volt         param     
             i_d_0.6    
    0.         17.7218p 
   50.00000m   90.1549p 
  100.00000m  462.9148p 
  150.00000m    2.3106n 
  200.00000m   10.8570n 
  250.00000m   46.3184n 
  300.00000m  175.2978n 
  350.00000m  579.6283n 
  400.00000m    1.6080u 
  450.00000m    3.6318u 
  500.00000m    6.8079u 
  550.00000m   11.0751u 
  600.00000m   16.2946u 
  650.00000m   22.3344u 
  700.00000m   29.0852u 
  750.00000m   36.4529u 
  800.00000m   44.3499u 
  850.00000m   52.6877u 
  900.00000m   61.3701u 
  950.00000m   70.2836u 
    1.00000    79.2890u 
y
 vth0_value= 296.9581m
 u0_param=  48.0458m
 ags_param= 414.9105m
 
   *** monte carlo  index = 485 ***
x

 volt         param     
             i_d_0.6    
    0.         50.4307p 
   50.00000m  259.6472p 
  100.00000m    1.3144n 
  150.00000m    6.3449n 
  200.00000m   28.1779n 
  250.00000m  111.7104n 
  300.00000m  389.8757n 
  350.00000m    1.1622u 
  400.00000m    2.8379u 
  450.00000m    5.6817u 
  500.00000m    9.7018u 
  550.00000m   14.7705u 
  600.00000m   20.7448u 
  650.00000m   27.5031u 
  700.00000m   34.9433u 
  750.00000m   42.9727u 
  800.00000m   51.5005u 
  850.00000m   60.4308u 
  900.00000m   69.6541u 
  950.00000m   79.0374u 
    1.00000    88.4231u 
y
 vth0_value= 265.7412m
 u0_param=  48.9061m
 ags_param= 418.0146m
 
   *** monte carlo  index = 486 ***
x

 volt         param     
             i_d_0.6    
    0.        202.1747p 
   50.00000m    1.0292n 
  100.00000m    5.0247n 
  150.00000m   22.7254n 
  200.00000m   92.1363n 
  250.00000m  329.6893n 
  300.00000m    1.0159u 
  350.00000m    2.5795u 
  400.00000m    5.3491u 
  450.00000m    9.3808u 
  500.00000m   14.5564u 
  550.00000m   20.7239u 
  600.00000m   27.7512u 
  650.00000m   35.5274u 
  700.00000m   43.9533u 
  750.00000m   52.9330u 
  800.00000m   62.3666u 
  850.00000m   72.1423u 
  900.00000m   82.1263u 
  950.00000m   92.1587u 
    1.00000   102.0687u 
y
 vth0_value= 225.0138m
 u0_param=  50.5595m
 ags_param= 428.4340m
 
   *** monte carlo  index = 487 ***
x

 volt         param     
             i_d_0.6    
    0.         33.9986p 
   50.00000m  174.7017p 
  100.00000m  889.6265p 
  150.00000m    4.3489n 
  200.00000m   19.7114n 
  250.00000m   80.1392n 
  300.00000m  287.6553n 
  350.00000m  889.9291n 
  400.00000m    2.2700u 
  450.00000m    4.7264u 
  500.00000m    8.3130u 
  550.00000m   12.9244u 
  600.00000m   18.4236u 
  650.00000m   24.6911u 
  700.00000m   31.6274u 
  750.00000m   39.1434u 
  800.00000m   47.1530u 
  850.00000m   55.5665u 
  900.00000m   64.2822u 
  950.00000m   73.1769u 
    1.00000    82.1017u 
y
 vth0_value= 276.1475m
 u0_param=  46.6551m
 ags_param= 414.2284m
 
   *** monte carlo  index = 488 ***
x

 volt         param     
             i_d_0.6    
    0.         55.8886p 
   50.00000m  287.8106p 
  100.00000m    1.4548n 
  150.00000m    7.0007n 
  200.00000m   30.9391n 
  250.00000m  121.9400n 
  300.00000m  422.7451n 
  350.00000m    1.2490u 
  400.00000m    3.0191u 
  450.00000m    5.9912u 
  500.00000m   10.1626u 
  550.00000m   15.3993u 
  600.00000m   21.5549u 
  650.00000m   28.5061u 
  700.00000m   36.1486u 
  750.00000m   44.3879u 
  800.00000m   53.1311u 
  850.00000m   62.2797u 
  900.00000m   71.7215u 
  950.00000m   81.3203u 
    1.00000    90.9154u 
y
 vth0_value= 263.3629m
 u0_param=  50.0181m
 ags_param= 427.5901m
 
   *** monte carlo  index = 489 ***
x

 volt         param     
             i_d_0.6    
    0.         95.4670p 
   50.00000m  490.3822p 
  100.00000m    2.4487n 
  150.00000m   11.5129n 
  200.00000m   49.1603n 
  250.00000m  186.2415n 
  300.00000m  616.6315n 
  350.00000m    1.7140u 
  400.00000m    3.8797u 
  450.00000m    7.2875u 
  500.00000m   11.8754u 
  550.00000m   17.4963u 
  600.00000m   24.0093u 
  650.00000m   31.2969u 
  700.00000m   39.2579u 
  750.00000m   47.7977u 
  800.00000m   56.8213u 
  850.00000m   66.2253u 
  900.00000m   75.8892u 
  950.00000m   85.6666u 
    1.00000    95.3905u 
y
 vth0_value= 247.3508m
 u0_param=  50.1705m
 ags_param= 434.2194m
 
   *** monte carlo  index = 490 ***
x

 volt         param     
             i_d_0.6    
    0.        109.9593p 
   50.00000m  564.0606p 
  100.00000m    2.8055n 
  150.00000m   13.0972n 
  200.00000m   55.3703n 
  250.00000m  207.4559n 
  300.00000m  677.7088n 
  350.00000m    1.8511u 
  400.00000m    4.1162u 
  450.00000m    7.6220u 
  500.00000m   12.2937u 
  550.00000m   17.9832u 
  600.00000m   24.5525u 
  650.00000m   31.8863u 
  700.00000m   39.8847u 
  750.00000m   48.4538u 
  800.00000m   57.4980u 
  850.00000m   66.9134u 
  900.00000m   76.5775u 
  950.00000m   86.3419u 
    1.00000    96.0392u 
y
 vth0_value= 242.9200m
 u0_param=  49.8891m
 ags_param= 420.3416m
 
   *** monte carlo  index = 491 ***
x

 volt         param     
             i_d_0.6    
    0.         73.2167p 
   50.00000m  376.6531p 
  100.00000m    1.8921n 
  150.00000m    8.9958n 
  200.00000m   39.0396n 
  250.00000m  150.6431n 
  300.00000m  509.7629n 
  350.00000m    1.4584u 
  400.00000m    3.4025u 
  450.00000m    6.5525u 
  500.00000m   10.8731u 
  550.00000m   16.2248u 
  600.00000m   22.4670u 
  650.00000m   29.4817u 
  700.00000m   37.1684u 
  750.00000m   45.4344u 
  800.00000m   54.1869u 
  850.00000m   63.3265u 
  900.00000m   72.7381u 
  950.00000m   82.2814u 
    1.00000    91.7936u 
y
 vth0_value= 254.7215m
 u0_param=  49.2236m
 ags_param= 421.1858m
 
   *** monte carlo  index = 492 ***
x

 volt         param     
             i_d_0.6    
    0.         42.9208p 
   50.00000m  220.8793p 
  100.00000m    1.1211n 
  150.00000m    5.4410n 
  200.00000m   24.3727n 
  250.00000m   97.6432n 
  300.00000m  344.8075n 
  350.00000m    1.0440u 
  400.00000m    2.5958u 
  450.00000m    5.2807u 
  500.00000m    9.1257u 
  550.00000m   14.0116u 
  600.00000m   19.7973u 
  650.00000m   26.3619u 
  700.00000m   33.6042u 
  750.00000m   41.4327u 
  800.00000m   49.7586u 
  850.00000m   58.4884u 
  900.00000m   67.5156u 
  950.00000m   76.7113u 
    1.00000    85.9212u 
y
 vth0_value= 270.0462m
 u0_param=  48.0566m
 ags_param= 417.2446m
 
   *** monte carlo  index = 493 ***
x

 volt         param     
             i_d_0.6    
    0.         63.2081p 
   50.00000m  325.4832p 
  100.00000m    1.6417n 
  150.00000m    7.8654n 
  200.00000m   34.5280n 
  250.00000m  135.0078n 
  300.00000m  463.8175n 
  350.00000m    1.3538u 
  400.00000m    3.2284u 
  450.00000m    6.3323u 
  500.00000m   10.6485u 
  550.00000m   16.0369u 
  600.00000m   22.3496u 
  650.00000m   29.4623u 
  700.00000m   37.2701u 
  750.00000m   45.6770u 
  800.00000m   54.5885u 
  850.00000m   63.9043u 
  900.00000m   73.5096u 
  950.00000m   83.2656u 
    1.00000    93.0093u 
y
 vth0_value= 260.1390m
 u0_param=  50.7783m
 ags_param= 413.9001m
 
   *** monte carlo  index = 494 ***
x

 volt         param     
             i_d_0.6    
    0.         33.8543p 
   50.00000m  174.0582p 
  100.00000m  887.5271p 
  150.00000m    4.3496n 
  200.00000m   19.7956n 
  250.00000m   80.8940n 
  300.00000m  291.9344n 
  350.00000m  909.3760n 
  400.00000m    2.3389u 
  450.00000m    4.9066u 
  500.00000m    8.6779u 
  550.00000m   13.5420u 
  600.00000m   19.3506u 
  650.00000m   25.9744u 
  700.00000m   33.3056u 
  750.00000m   41.2490u 
  800.00000m   49.7132u 
  850.00000m   58.6039u 
  900.00000m   67.8154u 
  950.00000m   77.2214u 
    1.00000    86.6693u 
y
 vth0_value= 278.3608m
 u0_param=  49.8021m
 ags_param= 411.9015m
 
   *** monte carlo  index = 495 ***
x

 volt         param     
             i_d_0.6    
    0.         55.4118p 
   50.00000m  285.3327p 
  100.00000m    1.4423n 
  150.00000m    6.9406n 
  200.00000m   30.6747n 
  250.00000m  120.9059n 
  300.00000m  419.2018n 
  350.00000m    1.2387u 
  400.00000m    2.9947u 
  450.00000m    5.9437u 
  500.00000m   10.0834u 
  550.00000m   15.2808u 
  600.00000m   21.3911u 
  650.00000m   28.2917u 
  700.00000m   35.8793u 
  750.00000m   44.0600u 
  800.00000m   52.7415u 
  850.00000m   61.8261u 
  900.00000m   71.2021u 
  950.00000m   80.7341u 
    1.00000    90.2624u 
y
 vth0_value= 263.3810m
 u0_param=  49.6438m
 ags_param= 417.0793m
 
   *** monte carlo  index = 496 ***
x

 volt         param     
             i_d_0.6    
    0.        205.0625p 
   50.00000m    1.0438n 
  100.00000m    5.0952n 
  150.00000m   23.0368n 
  200.00000m   93.3603n 
  250.00000m  333.9072n 
  300.00000m    1.0282u 
  350.00000m    2.6087u 
  400.00000m    5.4058u 
  450.00000m    9.4747u 
  500.00000m   14.6957u 
  550.00000m   20.9153u 
  600.00000m   28.0003u 
  650.00000m   35.8389u 
  700.00000m   44.3311u 
  750.00000m   53.3802u 
  800.00000m   62.8856u 
  850.00000m   72.7347u 
  900.00000m   82.7933u 
  950.00000m   92.9004u 
    1.00000   102.8846u 
y
 vth0_value= 224.8492m
 u0_param=  50.9738m
 ags_param= 431.4397m
 
   *** monte carlo  index = 497 ***
x

 volt         param     
             i_d_0.6    
    0.         37.8661p 
   50.00000m  194.7916p 
  100.00000m  991.0999p 
  150.00000m    4.8348n 
  200.00000m   21.8363n 
  250.00000m   88.3780n 
  300.00000m  315.6090n 
  350.00000m  969.8023n 
  400.00000m    2.4536u 
  450.00000m    5.0701u 
  500.00000m    8.8653u 
  550.00000m   13.7243u 
  600.00000m   19.5028u 
  650.00000m   26.0761u 
  700.00000m   33.3402u 
  750.00000m   41.2020u 
  800.00000m   49.5719u 
  850.00000m   58.3561u 
  900.00000m   67.4489u 
  950.00000m   76.7229u 
    1.00000    86.0250u 
y
 vth0_value= 274.3027m
 u0_param=  48.7687m
 ags_param= 414.7066m
 
   *** monte carlo  index = 498 ***
x

 volt         param     
             i_d_0.6    
    0.        130.4098p 
   50.00000m  667.7365p 
  100.00000m    3.3049n 
  150.00000m   15.2960n 
  200.00000m   63.9066n 
  250.00000m  236.3415n 
  300.00000m  759.7225n 
  350.00000m    2.0326u 
  400.00000m    4.4283u 
  450.00000m    8.0678u 
  500.00000m   12.8627u 
  550.00000m   18.6637u 
  600.00000m   25.3348u 
  650.00000m   32.7630u 
  700.00000m   40.8491u 
  750.00000m   49.4989u 
  800.00000m   58.6163u 
  850.00000m   68.0955u 
  900.00000m   77.8115u 
  950.00000m   87.6127u 
    1.00000    97.3312u 
y
 vth0_value= 237.7659m
 u0_param=  49.8539m
 ags_param= 415.2032m
 
   *** monte carlo  index = 499 ***
x

 volt         param     
             i_d_0.6    
    0.         87.6639p 
   50.00000m  450.4703p 
  100.00000m    2.2531n 
  150.00000m   10.6253n 
  200.00000m   45.5680n 
  250.00000m  173.4856n 
  300.00000m  577.8336n 
  350.00000m    1.6188u 
  400.00000m    3.6942u 
  450.00000m    6.9854u 
  500.00000m   11.4386u 
  550.00000m   16.9112u 
  600.00000m   23.2643u 
  650.00000m   30.3822u 
  700.00000m   38.1654u 
  750.00000m   46.5211u 
  800.00000m   55.3561u 
  850.00000m   64.5693u 
  900.00000m   74.0427u 
  950.00000m   83.6328u 
    1.00000    93.1753u 
y
 vth0_value= 249.2972m
 u0_param=  49.2124m
 ags_param= 418.9667m
 
   *** monte carlo  index = 500 ***
x

 volt         param     
             i_d_0.6    
    0.        109.4853p 
   50.00000m  561.7475p 
  100.00000m    2.7952n 
  150.00000m   13.0594n 
  200.00000m   55.2692n 
  250.00000m  207.3137n 
  300.00000m  678.1632n 
  350.00000m    1.8556u 
  400.00000m    4.1333u 
  450.00000m    7.6640u 
  500.00000m   12.3729u 
  550.00000m   18.1100u 
  600.00000m   24.7353u 
  650.00000m   32.1321u 
  700.00000m   40.1992u 
  750.00000m   48.8417u 
  800.00000m   57.9633u 
  850.00000m   67.4593u 
  900.00000m   77.2071u 
  950.00000m   87.0581u 
    1.00000    96.8443u 
y
 vth0_value= 243.3963m
 u0_param=  50.4308m
 ags_param= 408.4645m
 
   *** monte carlo  index = 501 ***
x

 volt         param     
             i_d_0.6    
    0.         71.0141p 
   50.00000m  365.3775p 
  100.00000m    1.8367n 
  150.00000m    8.7444n 
  200.00000m   38.0244n 
  250.00000m  147.0619n 
  300.00000m  498.9706n 
  350.00000m    1.4325u 
  400.00000m    3.3550u 
  450.00000m    6.4817u 
  500.00000m   10.7805u 
  550.00000m   16.1130u 
  600.00000m   22.3379u 
  650.00000m   29.3370u 
  700.00000m   37.0095u 
  750.00000m   45.2627u 
  800.00000m   54.0039u 
  850.00000m   63.1340u 
  900.00000m   72.5380u 
  950.00000m   82.0763u 
    1.00000    91.5862u 
y
 vth0_value= 255.6480m
 u0_param=  49.2351m
 ags_param= 427.3153m
 
   *** monte carlo  index = 502 ***
x

 volt         param     
             i_d_0.6    
    0.         58.6141p 
   50.00000m  301.7953p 
  100.00000m    1.5237n 
  150.00000m    7.3156n 
  200.00000m   32.2174n 
  250.00000m  126.4539n 
  300.00000m  436.3583n 
  350.00000m    1.2813u 
  400.00000m    3.0756u 
  450.00000m    6.0672u 
  500.00000m   10.2465u 
  550.00000m   15.4791u 
  600.00000m   21.6206u 
  650.00000m   28.5493u 
  700.00000m   36.1623u 
  750.00000m   44.3660u 
  800.00000m   53.0679u 
  850.00000m   62.1700u 
  900.00000m   71.5598u 
  950.00000m   81.1011u 
    1.00000    90.6332u 
y
 vth0_value= 261.6610m
 u0_param=  49.6008m
 ags_param= 416.4833m
 
   *** monte carlo  index = 503 ***
x

 volt         param     
             i_d_0.6    
    0.         47.2187p 
   50.00000m  243.0187p 
  100.00000m    1.2310n 
  150.00000m    5.9502n 
  200.00000m   26.4824n 
  250.00000m  105.2688n 
  300.00000m  368.5294n 
  350.00000m    1.1031u 
  400.00000m    2.7066u 
  450.00000m    5.4419u 
  500.00000m    9.3224u 
  550.00000m   14.2267u 
  600.00000m   20.0159u 
  650.00000m   26.5721u 
  700.00000m   33.7960u 
  750.00000m   41.5974u 
  800.00000m   49.8881u 
  850.00000m   58.5747u 
  900.00000m   67.5501u 
  950.00000m   76.6842u 
    1.00000    85.8220u 
y
 vth0_value= 266.8023m
 u0_param=  47.5141m
 ags_param= 418.1349m
 
   *** monte carlo  index = 504 ***
x

 volt         param     
             i_d_0.6    
    0.         51.2261p 
   50.00000m  263.7890p 
  100.00000m    1.3355n 
  150.00000m    6.4466n 
  200.00000m   28.6306n 
  250.00000m  113.5058n 
  300.00000m  396.1216n 
  350.00000m    1.1807u 
  400.00000m    2.8827u 
  450.00000m    5.7706u 
  500.00000m    9.8520u 
  550.00000m   14.9968u 
  600.00000m   21.0591u 
  650.00000m   27.9155u 
  700.00000m   35.4619u 
  750.00000m   43.6042u 
  800.00000m   52.2505u 
  850.00000m   61.3036u 
  900.00000m   70.6529u 
  950.00000m   80.1646u 
    1.00000    89.6799u 
y
 vth0_value= 265.7639m
 u0_param=  49.6688m
 ags_param= 412.1176m
 
   *** monte carlo  index = 505 ***
x

 volt         param     
             i_d_0.6    
    0.        108.8931p 
   50.00000m  558.8536p 
  100.00000m    2.7824n 
  150.00000m   13.0117n 
  200.00000m   55.1400n 
  250.00000m  207.1236n 
  300.00000m  678.6880n 
  350.00000m    1.8611u 
  400.00000m    4.1546u 
  450.00000m    7.7167u 
  500.00000m   12.4726u 
  550.00000m   18.2703u 
  600.00000m   24.9672u 
  650.00000m   32.4448u 
  700.00000m   40.6003u 
  750.00000m   49.3375u 
  800.00000m   58.5593u 
  850.00000m   68.1600u 
  900.00000m   78.0165u 
  950.00000m   87.9795u 
    1.00000    97.8800u 
y
 vth0_value= 243.9877m
 u0_param=  51.1093m
 ags_param= 409.4605m
 
   *** monte carlo  index = 506 ***
x

 volt         param     
             i_d_0.6    
    0.         37.7266p 
   50.00000m  194.1045p 
  100.00000m  988.0303p 
  150.00000m    4.8238n 
  200.00000m   21.8157n 
  250.00000m   88.4393n 
  300.00000m  316.3783n 
  350.00000m  974.3432n 
  400.00000m    2.4717u 
  450.00000m    5.1198u 
  500.00000m    8.9679u 
  550.00000m   13.8996u 
  600.00000m   19.7673u 
  650.00000m   26.4435u 
  700.00000m   33.8217u 
  750.00000m   41.8072u 
  800.00000m   50.3087u 
  850.00000m   59.2311u 
  900.00000m   68.4677u 
  950.00000m   77.8902u 
    1.00000    87.3443u 
y
 vth0_value= 275.0066m
 u0_param=  49.6824m
 ags_param= 418.6988m
 
   *** monte carlo  index = 507 ***
x

 volt         param     
             i_d_0.6    
    0.        122.0341p 
   50.00000m  625.6384p 
  100.00000m    3.1056n 
  150.00000m   14.4468n 
  200.00000m   60.7741n 
  250.00000m  226.4377n 
  300.00000m  734.5889n 
  350.00000m    1.9885u 
  400.00000m    4.3820u 
  450.00000m    8.0553u 
  500.00000m   12.9237u 
  550.00000m   18.8328u 
  600.00000m   25.6404u 
  650.00000m   33.2284u 
  700.00000m   41.4938u 
  750.00000m   50.3398u 
  800.00000m   59.6681u 
  850.00000m   69.3717u 
  900.00000m   79.3248u 
  950.00000m   89.3758u 
    1.00000    99.3543u 
y
 vth0_value= 240.7719m
 u0_param=  51.4463m
 ags_param= 414.3540m
 
   *** monte carlo  index = 508 ***
x

 volt         param     
             i_d_0.6    
    0.         80.6453p 
   50.00000m  414.8236p 
  100.00000m    2.0808n 
  150.00000m    9.8659n 
  200.00000m   42.6394n 
  250.00000m  163.7470n 
  300.00000m  550.9409n 
  350.00000m    1.5642u 
  400.00000m    3.6196u 
  450.00000m    6.9226u 
  500.00000m   11.4284u 
  550.00000m   16.9903u 
  600.00000m   23.4630u 
  650.00000m   30.7251u 
  700.00000m   38.6730u 
  750.00000m   47.2109u 
  800.00000m   56.2434u 
  850.00000m   65.6681u 
  900.00000m   75.3670u 
  950.00000m   85.1969u 
    1.00000    94.9922u 
y
 vth0_value= 252.8384m
 u0_param=  50.8236m
 ags_param= 399.2561m
 
   *** monte carlo  index = 509 ***
x

 volt         param     
             i_d_0.6    
    0.         97.8427p 
   50.00000m  502.3132p 
  100.00000m    2.5050n 
  150.00000m   11.7506n 
  200.00000m   50.0130n 
  250.00000m  188.7991n 
  300.00000m  622.4732n 
  350.00000m    1.7208u 
  400.00000m    3.8733u 
  450.00000m    7.2429u 
  500.00000m   11.7656u 
  550.00000m   17.2976u 
  600.00000m   23.7021u 
  650.00000m   30.8650u 
  700.00000m   38.6877u 
  750.00000m   47.0776u 
  800.00000m   55.9414u 
  850.00000m   65.1770u 
  900.00000m   74.6649u 
  950.00000m   84.2594u 
    1.00000    93.7953u 
y
 vth0_value= 245.8884m
 u0_param=  49.0519m
 ags_param= 426.8274m
 
   *** monte carlo  index = 510 ***
x

 volt         param     
             i_d_0.6    
    0.         56.9699p 
   50.00000m  293.3175p 
  100.00000m    1.4815n 
  150.00000m    7.1189n 
  200.00000m   31.3919n 
  250.00000m  123.4038n 
  300.00000m  426.5889n 
  350.00000m    1.2556u 
  400.00000m    3.0219u 
  450.00000m    5.9750u 
  500.00000m   10.1083u 
  550.00000m   15.2890u 
  600.00000m   21.3740u 
  650.00000m   28.2423u 
  700.00000m   35.7916u 
  750.00000m   43.9290u 
  800.00000m   52.5627u 
  850.00000m   61.5954u 
  900.00000m   70.9156u 
  950.00000m   80.3877u 
    1.00000    89.8522u 
y
 vth0_value= 262.2808m
 u0_param=  49.2340m
 ags_param= 414.9850m
 
   *** monte carlo  index = 511 ***
x

 volt         param     
             i_d_0.6    
    0.         44.4438p 
   50.00000m  228.8003p 
  100.00000m    1.1612n 
  150.00000m    5.6342n 
  200.00000m   25.2258n 
  250.00000m  100.9967n 
  300.00000m  356.3670n 
  350.00000m    1.0778u 
  400.00000m    2.6764u 
  450.00000m    5.4381u 
  500.00000m    9.3884u 
  550.00000m   14.4038u 
  600.00000m   20.3390u 
  650.00000m   27.0697u 
  700.00000m   34.4917u 
  750.00000m   42.5115u 
  800.00000m   51.0379u 
  850.00000m   59.9753u 
  900.00000m   69.2153u 
  950.00000m   78.6270u 
    1.00000    88.0540u 
y
 vth0_value= 269.8132m
 u0_param=  49.3054m
 ags_param= 419.9566m
 
   *** monte carlo  index = 512 ***
x

 volt         param     
             i_d_0.6    
    0.        284.9924p 
   50.00000m    1.4428n 
  100.00000m    6.9629n 
  150.00000m   30.9108n 
  200.00000m  122.4870n 
  250.00000m  427.2663n 
  300.00000m    1.2730u 
  350.00000m    3.1071u 
  400.00000m    6.2199u 
  450.00000m   10.6218u 
  500.00000m   16.1749u 
  550.00000m   22.7242u 
  600.00000m   30.1377u 
  650.00000m   38.3036u 
  700.00000m   47.1209u 
  750.00000m   56.4902u 
  800.00000m   66.3074u 
  850.00000m   76.4543u 
  900.00000m   86.7899u 
  950.00000m   97.1472u 
    1.00000   107.3536u 
y
 vth0_value= 215.5614m
 u0_param=  52.0052m
 ags_param= 421.7386m
 
   *** monte carlo  index = 513 ***
x

 volt         param     
             i_d_0.6    
    0.         47.7272p 
   50.00000m  245.7880p 
  100.00000m    1.2463n 
  150.00000m    6.0356n 
  200.00000m   26.9403n 
  250.00000m  107.4541n 
  300.00000m  377.5349n 
  350.00000m    1.1354u 
  400.00000m    2.8006u 
  450.00000m    5.6569u 
  500.00000m    9.7224u 
  550.00000m   14.8684u 
  600.00000m   20.9465u 
  650.00000m   27.8305u 
  700.00000m   35.4144u 
  750.00000m   43.6031u 
  800.00000m   52.3035u 
  850.00000m   61.4183u 
  900.00000m   70.8369u 
  950.00000m   80.4261u 
    1.00000    90.0272u 
y
 vth0_value= 268.2732m
 u0_param=  50.2575m
 ags_param= 422.2952m
 
   *** monte carlo  index = 514 ***
x

 volt         param     
             i_d_0.6    
    0.        143.2597p 
   50.00000m  732.7988p 
  100.00000m    3.6176n 
  150.00000m   16.6689n 
  200.00000m   69.2277n 
  250.00000m  254.3410n 
  300.00000m  810.8261n 
  350.00000m    2.1467u 
  400.00000m    4.6294u 
  450.00000m    8.3672u 
  500.00000m   13.2640u 
  550.00000m   19.1689u 
  600.00000m   25.9459u 
  650.00000m   33.4817u 
  700.00000m   41.6767u 
  750.00000m   50.4360u 
  800.00000m   59.6622u 
  850.00000m   69.2478u 
  900.00000m   79.0657u 
  950.00000m   88.9621u 
    1.00000    98.7675u 
y
 vth0_value= 235.1977m
 u0_param=  50.2587m
 ags_param= 426.3447m
 
   *** monte carlo  index = 515 ***
x

 volt         param     
             i_d_0.6    
    0.         46.0386p 
   50.00000m  236.9454p 
  100.00000m    1.2009n 
  150.00000m    5.8113n 
  200.00000m   25.9096n 
  250.00000m  103.2113n 
  300.00000m  362.1814n 
  350.00000m    1.0875u 
  400.00000m    2.6779u 
  450.00000m    5.4014u 
  500.00000m    9.2749u 
  550.00000m   14.1773u 
  600.00000m   19.9693u 
  650.00000m   26.5320u 
  700.00000m   33.7655u 
  750.00000m   41.5792u 
  800.00000m   49.8847u 
  850.00000m   58.5885u 
  900.00000m   67.5837u 
  950.00000m   76.7403u 
    1.00000    85.9034u 
y
 vth0_value= 267.6842m
 u0_param=  47.6899m
 ags_param= 420.7389m
 
   *** monte carlo  index = 516 ***
x

 volt         param     
             i_d_0.6    
    0.         66.9197p 
   50.00000m  344.3610p 
  100.00000m    1.7330n 
  150.00000m    8.2687n 
  200.00000m   36.0732n 
  250.00000m  140.0428n 
  300.00000m  477.2451n 
  350.00000m    1.3782u 
  400.00000m    3.2482u 
  450.00000m    6.3089u 
  500.00000m   10.5342u 
  550.00000m   15.7881u 
  600.00000m   21.9301u 
  650.00000m   28.8426u 
  700.00000m   36.4253u 
  750.00000m   44.5860u 
  800.00000m   53.2332u 
  850.00000m   62.2689u 
  900.00000m   71.5797u 
  950.00000m   81.0280u 
    1.00000    90.4527u 
y
 vth0_value= 257.1687m
 u0_param=  48.8272m
 ags_param= 405.6894m
 
   *** monte carlo  index = 517 ***
x

 volt         param     
             i_d_0.6    
    0.         55.1891p 
   50.00000m  284.1546p 
  100.00000m    1.4361n 
  150.00000m    6.9090n 
  200.00000m   30.5233n 
  250.00000m  120.2551n 
  300.00000m  416.7473n 
  350.00000m    1.2307u 
  400.00000m    2.9732u 
  450.00000m    5.8977u 
  500.00000m   10.0014u 
  550.00000m   15.1527u 
  600.00000m   21.2084u 
  650.00000m   28.0475u 
  700.00000m   35.5676u 
  750.00000m   43.6758u 
  800.00000m   52.2808u 
  850.00000m   61.2855u 
  900.00000m   70.5789u 
  950.00000m   80.0266u 
    1.00000    89.4695u 
y
 vth0_value= 263.1842m
 u0_param=  49.1522m
 ags_param= 408.1369m
 
   *** monte carlo  index = 518 ***
x

 volt         param     
             i_d_0.6    
    0.         56.9253p 
   50.00000m  293.1127p 
  100.00000m    1.4808n 
  150.00000m    7.1176n 
  200.00000m   31.4021n 
  250.00000m  123.5162n 
  300.00000m  427.2511n 
  350.00000m    1.2586u 
  400.00000m    3.0321u 
  450.00000m    5.9998u 
  500.00000m   10.1560u 
  550.00000m   15.3672u 
  600.00000m   21.4887u 
  650.00000m   28.3987u 
  700.00000m   35.9941u 
  750.00000m   44.1812u 
  800.00000m   52.8678u 
  850.00000m   61.9560u 
  900.00000m   71.3337u 
  950.00000m   80.8650u 
    1.00000    90.3896u 
y
 vth0_value= 262.5291m
 u0_param=  49.5815m
 ags_param= 423.1660m
 
   *** monte carlo  index = 519 ***
x

 volt         param     
             i_d_0.6    
    0.         85.6409p 
   50.00000m  440.2103p 
  100.00000m    2.2036n 
  150.00000m   10.4085n 
  200.00000m   44.7381n 
  250.00000m  170.7516n 
  300.00000m  570.3976n 
  350.00000m    1.6042u 
  400.00000m    3.6754u 
  450.00000m    6.9726u 
  500.00000m   11.4444u 
  550.00000m   16.9467u 
  600.00000m   23.3388u 
  650.00000m   30.5035u 
  700.00000m   38.3399u 
  750.00000m   46.7544u 
  800.00000m   55.6530u 
  850.00000m   64.9341u 
  900.00000m   74.4798u 
  950.00000m   84.1462u 
    1.00000    93.7684u 
y
 vth0_value= 250.3172m
 u0_param=  49.7028m
 ags_param= 421.3609m
 
   *** monte carlo  index = 520 ***
x

 volt         param     
             i_d_0.6    
    0.        112.9517p 
   50.00000m  579.1619p 
  100.00000m    2.8776n 
  150.00000m   13.4086n 
  200.00000m   56.5413n 
  250.00000m  211.2494n 
  300.00000m  687.7506n 
  350.00000m    1.8703u 
  400.00000m    4.1407u 
  450.00000m    7.6407u 
  500.00000m   12.2938u 
  550.00000m   17.9533u 
  600.00000m   24.4831u 
  650.00000m   31.7699u 
  700.00000m   39.7148u 
  750.00000m   48.2249u 
  800.00000m   57.2053u 
  850.00000m   66.5522u 
  900.00000m   76.1435u 
  950.00000m   85.8304u 
    1.00000    95.4465u 
y
 vth0_value= 241.7842m
 u0_param=  49.3818m
 ags_param= 424.3909m
 
   *** monte carlo  index = 521 ***
x

 volt         param     
             i_d_0.6    
    0.         36.0007p 
   50.00000m  185.1567p 
  100.00000m  943.0255p 
  150.00000m    4.6101n 
  200.00000m   20.8944n 
  250.00000m   84.9373n 
  300.00000m  304.7773n 
  350.00000m  942.3732n 
  400.00000m    2.4021u 
  450.00000m    4.9977u 
  500.00000m    8.7837u 
  550.00000m   13.6468u 
  600.00000m   19.4410u 
  650.00000m   26.0393u 
  700.00000m   33.3360u 
  750.00000m   41.2371u 
  800.00000m   49.6521u 
  850.00000m   58.4869u 
  900.00000m   67.6359u 
  950.00000m   76.9723u 
    1.00000    86.3431u 
y
 vth0_value= 276.1466m
 u0_param=  49.2535m
 ags_param= 410.9471m
 
   *** monte carlo  index = 522 ***
x

 volt         param     
             i_d_0.6    
    0.        106.6280p 
   50.00000m  547.1839p 
  100.00000m    2.7243n 
  150.00000m   12.7415n 
  200.00000m   54.0023n 
  250.00000m  202.8929n 
  300.00000m  665.0408n 
  350.00000m    1.8245u 
  400.00000m    4.0748u 
  450.00000m    7.5717u 
  500.00000m   12.2429u 
  550.00000m   17.9397u 
  600.00000m   24.5225u 
  650.00000m   31.8751u 
  700.00000m   39.8966u 
  750.00000m   48.4925u 
  800.00000m   57.5671u 
  850.00000m   67.0163u 
  900.00000m   76.7178u 
  950.00000m   86.5236u 
    1.00000    96.2662u 
y
 vth0_value= 244.0365m
 u0_param=  50.1875m
 ags_param= 418.4495m
 
   *** monte carlo  index = 523 ***
x

 volt         param     
             i_d_0.6    
    0.         88.5563p 
   50.00000m  454.9654p 
  100.00000m    2.2744n 
  150.00000m   10.7164n 
  200.00000m   45.8998n 
  250.00000m  174.5017n 
  300.00000m  580.2518n 
  350.00000m    1.6220u 
  400.00000m    3.6932u 
  450.00000m    6.9707u 
  500.00000m   11.3997u 
  550.00000m   16.8386u 
  600.00000m   23.1502u 
  650.00000m   30.2200u 
  700.00000m   37.9495u 
  750.00000m   46.2466u 
  800.00000m   55.0189u 
  850.00000m   64.1658u 
  900.00000m   73.5698u 
  950.00000m   83.0881u 
    1.00000    92.5570u 
y
 vth0_value= 248.7155m
 u0_param=  48.7890m
 ags_param= 404.9347m
 
   *** monte carlo  index = 524 ***
x

 volt         param     
             i_d_0.6    
    0.        170.1622p 
   50.00000m  868.3830p 
  100.00000m    4.2635n 
  150.00000m   19.4630n 
  200.00000m   79.8513n 
  250.00000m  289.4781n 
  300.00000m  907.2337n 
  350.00000m    2.3514u 
  400.00000m    4.9699u 
  450.00000m    8.8435u 
  500.00000m   13.8646u 
  550.00000m   19.8823u 
  600.00000m   26.7628u 
  650.00000m   34.3947u 
  700.00000m   42.6788u 
  750.00000m   51.5203u 
  800.00000m   60.8207u 
  850.00000m   70.4707u 
  900.00000m   80.3404u 
  950.00000m   90.2730u 
    1.00000   100.0990u 
y
 vth0_value= 229.9992m
 u0_param=  50.2322m
 ags_param= 418.8134m
 
   *** monte carlo  index = 525 ***
x

 volt         param     
             i_d_0.6    
    0.         31.1957p 
   50.00000m  160.2368p 
  100.00000m  817.6106p 
  150.00000m    4.0140n 
  200.00000m   18.3224n 
  250.00000m   75.1635n 
  300.00000m  272.4293n 
  350.00000m  853.4299n 
  400.00000m    2.2103u 
  450.00000m    4.6671u 
  500.00000m    8.2963u 
  550.00000m   12.9940u 
  600.00000m   18.6167u 
  650.00000m   25.0381u 
  700.00000m   32.1533u 
  750.00000m   39.8696u 
  800.00000m   48.0979u 
  850.00000m   56.7463u 
  900.00000m   65.7120u 
  950.00000m   74.8717u 
    1.00000    84.0760u 
y
 vth0_value= 279.9642m
 u0_param=  48.4534m
 ags_param= 402.6423m
 
   *** monte carlo  index = 526 ***
x

 volt         param     
             i_d_0.6    
    0.         39.1885p 
   50.00000m  201.6013p 
  100.00000m    1.0249n 
  150.00000m    4.9906n 
  200.00000m   22.4754n 
  250.00000m   90.6410n 
  300.00000m  322.4356n 
  350.00000m  985.7672n 
  400.00000m    2.4790u 
  450.00000m    5.0947u 
  500.00000m    8.8720u 
  550.00000m   13.6957u 
  600.00000m   19.4240u 
  650.00000m   25.9349u 
  700.00000m   33.1262u 
  750.00000m   40.9066u 
  800.00000m   49.1873u 
  850.00000m   57.8754u 
  900.00000m   66.8659u 
  950.00000m   76.0319u 
    1.00000    85.2206u 
y
 vth0_value= 272.8018m
 u0_param=  48.0671m
 ags_param= 400.0257m
 
   *** monte carlo  index = 527 ***
x

 volt         param     
             i_d_0.6    
    0.         67.7355p 
   50.00000m  348.5468p 
  100.00000m    1.7537n 
  150.00000m    8.3632n 
  200.00000m   36.4596n 
  250.00000m  141.4272n 
  300.00000m  481.5100n 
  350.00000m    1.3888u 
  400.00000m    3.2688u 
  450.00000m    6.3416u 
  500.00000m   10.5802u 
  550.00000m   15.8482u 
  600.00000m   22.0051u 
  650.00000m   28.9334u 
  700.00000m   36.5326u 
  750.00000m   44.7107u 
  800.00000m   53.3758u 
  850.00000m   62.4297u 
  900.00000m   71.7586u 
  950.00000m   81.2238u 
    1.00000    90.6640u 
y
 vth0_value= 256.8359m
 u0_param=  48.8757m
 ags_param= 427.4545m
 
   *** monte carlo  index = 528 ***
x

 volt         param     
             i_d_0.6    
    0.        132.9624p 
   50.00000m  680.4193p 
  100.00000m    3.3635n 
  150.00000m   15.5347n 
  200.00000m   64.7225n 
  250.00000m  238.6408n 
  300.00000m  764.2786n 
  350.00000m    2.0352u 
  400.00000m    4.4140u 
  450.00000m    8.0140u 
  500.00000m   12.7462u 
  550.00000m   18.4648u 
  600.00000m   25.0376u 
  650.00000m   32.3542u 
  700.00000m   40.3178u 
  750.00000m   48.8358u 
  800.00000m   57.8135u 
  850.00000m   67.1460u 
  900.00000m   76.7089u 
  950.00000m   86.3511u 
    1.00000    95.9059u 
y
 vth0_value= 236.5410m
 u0_param=  48.8691m
 ags_param= 427.6782m
 
   *** monte carlo  index = 529 ***
x

 volt         param     
             i_d_0.6    
    0.         95.6281p 
   50.00000m  490.9940p 
  100.00000m    2.4496n 
  150.00000m   11.4997n 
  200.00000m   48.9996n 
  250.00000m  185.2065n 
  300.00000m  611.5693n 
  350.00000m    1.6940u 
  400.00000m    3.8210u 
  450.00000m    7.1572u 
  500.00000m   11.6407u 
  550.00000m   17.1290u 
  600.00000m   23.4860u 
  650.00000m   30.5983u 
  700.00000m   38.3677u 
  750.00000m   46.7024u 
  800.00000m   55.5093u 
  850.00000m   64.6873u 
  900.00000m   74.1173u 
  950.00000m   83.6547u 
    1.00000    93.1349u 
y
 vth0_value= 246.3811m
 u0_param=  48.7534m
 ags_param= 423.8815m
 
   *** monte carlo  index = 530 ***
x

 volt         param     
             i_d_0.6    
    0.         49.8080p 
   50.00000m  256.4033p 
  100.00000m    1.2980n 
  150.00000m    6.2651n 
  200.00000m   27.8218n 
  250.00000m  110.2942n 
  300.00000m  384.9319n 
  350.00000m    1.1475u 
  400.00000m    2.8020u 
  450.00000m    5.6102u 
  500.00000m    9.5803u 
  550.00000m   14.5867u 
  600.00000m   20.4885u 
  650.00000m   27.1659u 
  700.00000m   34.5180u 
  750.00000m   42.4533u 
  800.00000m   50.8822u 
  850.00000m   59.7097u 
  900.00000m   68.8272u 
  950.00000m   78.1029u 
    1.00000    87.3804u 
y
 vth0_value= 265.7091m
 u0_param=  48.2881m
 ags_param= 410.2529m
 
   *** monte carlo  index = 531 ***
x

 volt         param     
             i_d_0.6    
    0.         38.5787p 
   50.00000m  198.4633p 
  100.00000m    1.0093n 
  150.00000m    4.9191n 
  200.00000m   22.1836n 
  250.00000m   89.6151n 
  300.00000m  319.3733n 
  350.00000m  978.7587n 
  400.00000m    2.4684u 
  450.00000m    5.0862u 
  500.00000m    8.8743u 
  550.00000m   13.7177u 
  600.00000m   19.4736u 
  650.00000m   26.0184u 
  700.00000m   33.2493u 
  750.00000m   41.0739u 
  800.00000m   49.4029u 
  850.00000m   58.1431u 
  900.00000m   67.1890u 
  950.00000m   76.4131u 
    1.00000    85.6622u 
y
 vth0_value= 273.5111m
 u0_param=  48.4221m
 ags_param= 418.4203m
 
   *** monte carlo  index = 532 ***
x

 volt         param     
             i_d_0.6    
    0.        189.0719p 
   50.00000m  963.2017p 
  100.00000m    4.7109n 
  150.00000m   21.3680n 
  200.00000m   86.9534n 
  250.00000m  312.4244n 
  300.00000m  967.9227n 
  350.00000m    2.4737u 
  400.00000m    5.1606u 
  450.00000m    9.0921u 
  500.00000m   14.1552u 
  550.00000m   20.2004u 
  600.00000m   27.0972u 
  650.00000m   34.7361u 
  700.00000m   43.0193u 
  750.00000m   51.8522u 
  800.00000m   61.1366u 
  850.00000m   70.7622u 
  900.00000m   80.5975u 
  950.00000m   90.4842u 
    1.00000   100.2533u 
y
 vth0_value= 226.5449m
 u0_param=  49.7987m
 ags_param= 429.5646m
 
   *** monte carlo  index = 533 ***
x

 volt         param     
             i_d_0.6    
    0.         77.6089p 
   50.00000m  398.9644p 
  100.00000m    1.9999n 
  150.00000m    9.4709n 
  200.00000m   40.8654n 
  250.00000m  156.6681n 
  300.00000m  526.1911n 
  350.00000m    1.4905u 
  400.00000m    3.4411u 
  450.00000m    6.5698u 
  500.00000m   10.8344u 
  550.00000m   16.0986u 
  600.00000m   22.2273u 
  650.00000m   29.1073u 
  700.00000m   36.6415u 
  750.00000m   44.7396u 
  800.00000m   53.3111u 
  850.00000m   62.2580u 
  900.00000m   71.4655u 
  950.00000m   80.7937u 
    1.00000    90.0811u 
y
 vth0_value= 252.0514m
 u0_param=  47.8348m
 ags_param= 427.7968m
 
   *** monte carlo  index = 534 ***
x

 volt         param     
             i_d_0.6    
    0.         57.9488p 
   50.00000m  298.3849p 
  100.00000m    1.5070n 
  150.00000m    7.2392n 
  200.00000m   31.9096n 
  250.00000m  125.3762n 
  300.00000m  433.1448n 
  350.00000m    1.2738u 
  400.00000m    3.0630u 
  450.00000m    6.0512u 
  500.00000m   10.2305u 
  550.00000m   15.4663u 
  600.00000m   21.6136u 
  650.00000m   28.5504u 
  700.00000m   36.1732u 
  750.00000m   44.3881u 
  800.00000m   53.1025u 
  850.00000m   62.2184u 
  900.00000m   71.6233u 
  950.00000m   81.1812u 
    1.00000    90.7317u 
y
 vth0_value= 262.0903m
 u0_param=  49.7335m
 ags_param= 409.2843m
 
   *** monte carlo  index = 535 ***
x

 volt         param     
             i_d_0.6    
    0.         60.7755p 
   50.00000m  312.8657p 
  100.00000m    1.5781n 
  150.00000m    7.5623n 
  200.00000m   33.2091n 
  250.00000m  129.9118n 
  300.00000m  446.6035n 
  350.00000m    1.3048u 
  400.00000m    3.1147u 
  450.00000m    6.1152u 
  500.00000m   10.2919u 
  550.00000m   15.5102u 
  600.00000m   21.6278u 
  650.00000m   28.5247u 
  700.00000m   36.0994u 
  750.00000m   44.2589u 
  800.00000m   52.9114u 
  850.00000m   61.9594u 
  900.00000m   71.2903u 
  950.00000m   80.7679u 
    1.00000    90.2317u 
y
 vth0_value= 260.2857m
 u0_param=  49.1608m
 ags_param= 410.5520m
 
   *** monte carlo  index = 536 ***
x

 volt         param     
             i_d_0.6    
    0.         80.4538p 
   50.00000m  413.9007p 
  100.00000m    2.0769n 
  150.00000m    9.8528n 
  200.00000m   42.6187n 
  250.00000m  163.8208n 
  300.00000m  551.7780n 
  350.00000m    1.5688u 
  400.00000m    3.6356u 
  450.00000m    6.9618u 
  500.00000m   11.5031u 
  550.00000m   17.1115u 
  600.00000m   23.6398u 
  650.00000m   30.9653u 
  700.00000m   38.9832u 
  750.00000m   47.5968u 
  800.00000m   56.7098u 
  850.00000m   66.2191u 
  900.00000m   76.0056u 
  950.00000m   85.9253u 
    1.00000    95.8114u 
y
 vth0_value= 253.2294m
 u0_param=  51.3340m
 ags_param= 423.4010m
 
   *** monte carlo  index = 537 ***
x

 volt         param     
             i_d_0.6    
    0.         43.4623p 
   50.00000m  223.6707p 
  100.00000m    1.1350n 
  150.00000m    5.5054n 
  200.00000m   24.6404n 
  250.00000m   98.6137n 
  300.00000m  347.8388n 
  350.00000m    1.0516u 
  400.00000m    2.6101u 
  450.00000m    5.3016u 
  500.00000m    9.1513u 
  550.00000m   14.0397u 
  600.00000m   19.8261u 
  650.00000m   26.3900u 
  700.00000m   33.6303u 
  750.00000m   41.4560u 
  800.00000m   49.7783u 
  850.00000m   58.5035u 
  900.00000m   67.5251u 
  950.00000m   76.7139u 
    1.00000    85.9152u 
y
 vth0_value= 269.6160m
 u0_param=  47.9791m
 ags_param= 425.6371m
 
   *** monte carlo  index = 538 ***
x

 volt         param     
             i_d_0.6    
    0.         75.0753p 
   50.00000m  386.2743p 
  100.00000m    1.9404n 
  150.00000m    9.2244n 
  200.00000m   40.0246n 
  250.00000m  154.4042n 
  300.00000m  522.2920n 
  350.00000m    1.4934u 
  400.00000m    3.4822u 
  450.00000m    6.7023u 
  500.00000m   11.1164u 
  550.00000m   16.5813u 
  600.00000m   22.9526u 
  650.00000m   30.1098u 
  700.00000m   37.9500u 
  750.00000m   46.3784u 
  800.00000m   55.3007u 
  850.00000m   64.6158u 
  900.00000m   74.2069u 
  950.00000m   83.9324u 
    1.00000    93.6279u 
y
 vth0_value= 254.6513m
 u0_param=  50.2868m
 ags_param= 416.5928m
 
   *** monte carlo  index = 539 ***
x

 volt         param     
             i_d_0.6    
    0.        131.6251p 
   50.00000m  674.0824p 
  100.00000m    3.3373n 
  150.00000m   15.4530n 
  200.00000m   64.6017n 
  250.00000m  239.0591n 
  300.00000m  769.0098n 
  350.00000m    2.0593u 
  400.00000m    4.4903u 
  450.00000m    8.1860u 
  500.00000m   13.0562u 
  550.00000m   18.9488u 
  600.00000m   25.7249u 
  650.00000m   33.2693u 
  700.00000m   41.4809u 
  750.00000m   50.2640u 
  800.00000m   59.5212u 
  850.00000m   69.1452u 
  900.00000m   79.0099u 
  950.00000m   88.9626u 
    1.00000    98.8334u 
y
 vth0_value= 238.0425m
 u0_param=  50.7240m
 ags_param= 424.4752m
 
   *** monte carlo  index = 540 ***
x

 volt         param     
             i_d_0.6    
    0.         60.9342p 
   50.00000m  313.7504p 
  100.00000m    1.5832n 
  150.00000m    7.5919n 
  200.00000m   33.3734n 
  250.00000m  130.7080n 
  300.00000m  449.9117n 
  350.00000m    1.3166u 
  400.00000m    3.1488u 
  450.00000m    6.1915u 
  500.00000m   10.4313u 
  550.00000m   15.7311u 
  600.00000m   21.9453u 
  650.00000m   28.9512u 
  700.00000m   36.6453u 
  750.00000m   44.9328u 
  800.00000m   53.7206u 
  850.00000m   62.9097u 
  900.00000m   72.3866u 
  950.00000m   82.0140u 
    1.00000    91.6303u 
y
 vth0_value= 260.7899m
 u0_param=  50.0651m
 ags_param= 410.4827m
 
   *** monte carlo  index = 541 ***
x

 volt         param     
             i_d_0.6    
    0.         59.4080p 
   50.00000m  305.8096p 
  100.00000m    1.5429n 
  150.00000m    7.3978n 
  200.00000m   32.5145n 
  250.00000m  127.3247n 
  300.00000m  438.2344n 
  350.00000m    1.2824u 
  400.00000m    3.0668u 
  450.00000m    6.0305u 
  500.00000m   10.1611u 
  550.00000m   15.3263u 
  600.00000m   21.3847u 
  650.00000m   28.2176u 
  700.00000m   35.7242u 
  750.00000m   43.8123u 
  800.00000m   52.3911u 
  850.00000m   61.3635u 
  900.00000m   70.6180u 
  950.00000m   80.0189u 
    1.00000    89.4066u 
y
 vth0_value= 260.6899m
 u0_param=  48.7307m
 ags_param= 414.7305m
 
   *** monte carlo  index = 542 ***
x

 volt         param     
             i_d_0.6    
    0.         43.0576p 
   50.00000m  221.6011p 
  100.00000m    1.1249n 
  150.00000m    5.4601n 
  200.00000m   24.4642n 
  250.00000m   98.0368n 
  300.00000m  346.2967n 
  350.00000m    1.0489u 
  400.00000m    2.6091u 
  450.00000m    5.3097u 
  500.00000m    9.1781u 
  550.00000m   14.0943u 
  600.00000m   19.9161u 
  650.00000m   26.5216u 
  700.00000m   33.8087u 
  750.00000m   41.6855u 
  800.00000m   50.0624u 
  850.00000m   58.8455u 
  900.00000m   67.9278u 
  950.00000m   77.1799u 
    1.00000    86.4469u 
y
 vth0_value= 270.1695m
 u0_param=  48.3875m
 ags_param= 421.1327m
 
   *** monte carlo  index = 543 ***
x

 volt         param     
             i_d_0.6    
    0.         63.4078p 
   50.00000m  326.3323p 
  100.00000m    1.6441n 
  150.00000m    7.8606n 
  200.00000m   34.4004n 
  250.00000m  134.0374n 
  300.00000m  458.7130n 
  350.00000m    1.3322u 
  400.00000m    3.1592u 
  450.00000m    6.1681u 
  500.00000m   10.3388u 
  550.00000m   15.5376u 
  600.00000m   21.6241u 
  650.00000m   28.4808u 
  700.00000m   36.0076u 
  750.00000m   44.1127u 
  800.00000m   52.7052u 
  850.00000m   61.6875u 
  900.00000m   70.9474u 
  950.00000m   80.3478u 
    1.00000    89.7285u 
y
 vth0_value= 258.6458m
 u0_param=  48.6058m
 ags_param= 421.9261m
 
   *** monte carlo  index = 544 ***
x

 volt         param     
             i_d_0.6    
    0.         75.7515p 
   50.00000m  389.5995p 
  100.00000m    1.9553n 
  150.00000m    9.2807n 
  200.00000m   40.1747n 
  250.00000m  154.5801n 
  300.00000m  521.3471n 
  350.00000m    1.4849u 
  400.00000m    3.4482u 
  450.00000m    6.6145u 
  500.00000m   10.9448u 
  550.00000m   16.2997u 
  600.00000m   22.5393u 
  650.00000m   29.5470u 
  700.00000m   37.2229u 
  750.00000m   45.4744u 
  800.00000m   54.2094u 
  850.00000m   63.3283u 
  900.00000m   72.7157u 
  950.00000m   82.2311u 
    1.00000    91.7118u 
y
 vth0_value= 253.5569m
 u0_param=  49.0078m
 ags_param= 416.0813m
 
   *** monte carlo  index = 545 ***
x

 volt         param     
             i_d_0.6    
    0.         44.6713p 
   50.00000m  229.9178p 
  100.00000m    1.1662n 
  150.00000m    5.6519n 
  200.00000m   25.2600n 
  250.00000m  100.9183n 
  300.00000m  355.2778n 
  350.00000m    1.0714u 
  400.00000m    2.6511u 
  450.00000m    5.3705u 
  500.00000m    9.2514u 
  550.00000m   14.1730u 
  600.00000m   19.9939u 
  650.00000m   26.5936u 
  700.00000m   33.8707u 
  750.00000m   41.7338u 
  800.00000m   50.0937u 
  850.00000m   58.8565u 
  900.00000m   67.9151u 
  950.00000m   77.1396u 
    1.00000    86.3748u 
y
 vth0_value= 268.9034m
 u0_param=  48.1531m
 ags_param= 421.3523m
 
   *** monte carlo  index = 546 ***
x

 volt         param     
             i_d_0.6    
    0.         48.0070p 
   50.00000m  247.1445p 
  100.00000m    1.2522n 
  150.00000m    6.0545n 
  200.00000m   26.9597n 
  250.00000m  107.2243n 
  300.00000m  375.5733n 
  350.00000m    1.1250u 
  400.00000m    2.7622u 
  450.00000m    5.5571u 
  500.00000m    9.5235u 
  550.00000m   14.5364u 
  600.00000m   20.4534u 
  650.00000m   27.1531u 
  700.00000m   34.5336u 
  750.00000m   42.5027u 
  800.00000m   50.9702u 
  850.00000m   59.8409u 
  900.00000m   69.0060u 
  950.00000m   78.3338u 
    1.00000    87.6673u 
y
 vth0_value= 267.0546m
 u0_param=  48.6439m
 ags_param= 426.1717m
 
   *** monte carlo  index = 547 ***
x

 volt         param     
             i_d_0.6    
    0.         86.3886p 
   50.00000m  444.0017p 
  100.00000m    2.2219n 
  150.00000m   10.4885n 
  200.00000m   45.0434n 
  250.00000m  171.7529n 
  300.00000m  573.0980n 
  350.00000m    1.6094u 
  400.00000m    3.6817u 
  450.00000m    6.9756u 
  500.00000m   11.4388u 
  550.00000m   16.9278u 
  600.00000m   23.3026u 
  650.00000m   30.4464u 
  700.00000m   38.2589u 
  750.00000m   46.6469u 
  800.00000m   55.5167u 
  850.00000m   64.7671u 
  900.00000m   74.2802u 
  950.00000m   83.9126u 
    1.00000    93.4998u 
y
 vth0_value= 249.9281m
 u0_param=  49.5051m
 ags_param= 408.2866m
 
   *** monte carlo  index = 548 ***
x

 volt         param     
             i_d_0.6    
    0.         59.3828p 
   50.00000m  305.7380p 
  100.00000m    1.5432n 
  150.00000m    7.4042n 
  200.00000m   32.5771n 
  250.00000m  127.7249n 
  300.00000m  440.1947n 
  350.00000m    1.2904u 
  400.00000m    3.0918u 
  450.00000m    6.0895u 
  500.00000m   10.2724u 
  550.00000m   15.5057u 
  600.00000m   21.6456u 
  650.00000m   28.5709u 
  700.00000m   36.1790u 
  750.00000m   44.3765u 
  800.00000m   53.0709u 
  850.00000m   62.1643u 
  900.00000m   71.5442u 
  950.00000m   81.0740u 
    1.00000    90.5931u 
y
 vth0_value= 261.2071m
 u0_param=  49.5052m
 ags_param= 418.4661m
 
   *** monte carlo  index = 549 ***
x

 volt         param     
             i_d_0.6    
    0.         44.1511p 
   50.00000m  227.3023p 
  100.00000m    1.1539n 
  150.00000m    5.6011n 
  200.00000m   25.0961n 
  250.00000m  100.5654n 
  300.00000m  355.1823n 
  350.00000m    1.0756u 
  400.00000m    2.6747u 
  450.00000m    5.4414u 
  500.00000m    9.4029u 
  550.00000m   14.4352u 
  600.00000m   20.3918u 
  650.00000m   27.1476u 
  700.00000m   34.5978u 
  750.00000m   42.6481u 
  800.00000m   51.2071u 
  850.00000m   60.1789u 
  900.00000m   69.4549u 
  950.00000m   78.9045u 
    1.00000    88.3711u 
y
 vth0_value= 270.1833m
 u0_param=  49.5697m
 ags_param= 407.2141m
 
   *** monte carlo  index = 550 ***
x

 volt         param     
             i_d_0.6    
    0.        130.3207p 
   50.00000m  667.0684p 
  100.00000m    3.2996n 
  150.00000m   15.2559n 
  200.00000m   63.6536n 
  250.00000m  235.0735n 
  300.00000m  754.3569n 
  350.00000m    2.0139u 
  400.00000m    4.3785u 
  450.00000m    7.9647u 
  500.00000m   12.6849u 
  550.00000m   18.3935u 
  600.00000m   24.9576u 
  650.00000m   32.2667u 
  700.00000m   40.2236u 
  750.00000m   48.7359u 
  800.00000m   57.7089u 
  850.00000m   67.0379u 
  900.00000m   76.5988u 
  950.00000m   86.2411u 
    1.00000    95.7980u 
y
 vth0_value= 237.1691m
 u0_param=  48.9056m
 ags_param= 422.8999m
 
   *** monte carlo  index = 551 ***
x

 volt         param     
             i_d_0.6    
    0.         61.8752p 
   50.00000m  318.4638p 
  100.00000m    1.6052n 
  150.00000m    7.6824n 
  200.00000m   33.6707n 
  250.00000m  131.4217n 
  300.00000m  450.6567n 
  350.00000m    1.3122u 
  400.00000m    3.1210u 
  450.00000m    6.1087u 
  500.00000m   10.2581u 
  550.00000m   15.4361u 
  600.00000m   21.5025u 
  650.00000m   28.3395u 
  700.00000m   35.8470u 
  750.00000m   43.9333u 
  800.00000m   52.5076u 
  850.00000m   61.4727u 
  900.00000m   70.7166u 
  950.00000m   80.1027u 
    1.00000    89.4711u 
y
 vth0_value= 259.3494m
 u0_param=  48.5556m
 ags_param= 425.7650m
 
   *** monte carlo  index = 552 ***
x

 volt         param     
             i_d_0.6    
    0.         43.6588p 
   50.00000m  224.7284p 
  100.00000m    1.1407n 
  150.00000m    5.5364n 
  200.00000m   24.8011n 
  250.00000m   99.3618n 
  300.00000m  350.8644n 
  350.00000m    1.0623u 
  400.00000m    2.6409u 
  450.00000m    5.3718u 
  500.00000m    9.2817u 
  550.00000m   14.2488u 
  600.00000m   20.1293u 
  650.00000m   26.7998u 
  700.00000m   34.1571u 
  750.00000m   42.1085u 
  800.00000m   50.5634u 
  850.00000m   59.4271u 
  900.00000m   68.5921u 
  950.00000m   77.9281u 
    1.00000    87.2796u 
y
 vth0_value= 270.0759m
 u0_param=  48.8823m
 ags_param= 415.5751m
 
   *** monte carlo  index = 553 ***
x

 volt         param     
             i_d_0.6    
    0.         42.4586p 
   50.00000m  218.5315p 
  100.00000m    1.1098n 
  150.00000m    5.3919n 
  200.00000m   24.1938n 
  250.00000m   97.1254n 
  300.00000m  343.7390n 
  350.00000m    1.0438u 
  400.00000m    2.6040u 
  450.00000m    5.3132u 
  500.00000m    9.2018u 
  550.00000m   14.1493u 
  600.00000m   20.0116u 
  650.00000m   26.6651u 
  700.00000m   34.0063u 
  750.00000m   41.9423u 
  800.00000m   50.3829u 
  850.00000m   59.2334u 
  900.00000m   68.3866u 
  950.00000m   77.7130u 
    1.00000    87.0575u 
y
 vth0_value= 270.9168m
 u0_param=  48.8811m
 ags_param= 411.6820m
 
   *** monte carlo  index = 554 ***
x

 volt         param     
             i_d_0.6    
    0.        151.3111p 
   50.00000m  773.2031p 
  100.00000m    3.8084n 
  150.00000m   17.4803n 
  200.00000m   72.2289n 
  250.00000m  263.9083n 
  300.00000m  835.4999n 
  350.00000m    2.1928u 
  400.00000m    4.6899u 
  450.00000m    8.4226u 
  500.00000m   13.2922u 
  550.00000m   19.1506u 
  600.00000m   25.8654u 
  650.00000m   33.3262u 
  700.00000m   41.4352u 
  750.00000m   50.0990u 
  800.00000m   59.2211u 
  850.00000m   68.6946u 
  900.00000m   78.3921u 
  950.00000m   88.1596u 
    1.00000    97.8290u 
y
 vth0_value= 233.0063m
 u0_param=  49.4137m
 ags_param= 430.2474m
 
   *** monte carlo  index = 555 ***
x

 volt         param     
             i_d_0.6    
    0.         71.6429p 
   50.00000m  368.6382p 
  100.00000m    1.8532n 
  150.00000m    8.8227n 
  200.00000m   38.3647n 
  250.00000m  148.3743n 
  300.00000m  503.3894n 
  350.00000m    1.4451u 
  400.00000m    3.3839u 
  450.00000m    6.5365u 
  500.00000m   10.8702u 
  550.00000m   16.2446u 
  600.00000m   22.5172u 
  650.00000m   29.5685u 
  700.00000m   37.2969u 
  750.00000m   45.6087u 
  800.00000m   54.4108u 
  850.00000m   63.6035u 
  900.00000m   73.0716u 
  950.00000m   82.6752u 
    1.00000    92.2517u 
y
 vth0_value= 255.6538m
 u0_param=  49.6537m
 ags_param= 401.8591m
 
   *** monte carlo  index = 556 ***
x

 volt         param     
             i_d_0.6    
    0.         45.2579p 
   50.00000m  233.0301p 
  100.00000m    1.1826n 
  150.00000m    5.7367n 
  200.00000m   25.6759n 
  250.00000m  102.7525n 
  300.00000m  362.3665n 
  350.00000m    1.0952u 
  400.00000m    2.7171u 
  450.00000m    5.5164u 
  500.00000m    9.5176u 
  550.00000m   14.5952u 
  600.00000m   20.6017u 
  650.00000m   27.4114u 
  700.00000m   34.9188u 
  750.00000m   43.0293u 
  800.00000m   51.6507u 
  850.00000m   60.6864u 
  900.00000m   70.0271u 
  950.00000m   79.5407u 
    1.00000    89.0699u 
y
 vth0_value= 269.6405m
 u0_param=  49.8883m
 ags_param= 425.0857m
 
   *** monte carlo  index = 557 ***
x

 volt         param     
             i_d_0.6    
    0.        223.3137p 
   50.00000m    1.1350n 
  100.00000m    5.5232n 
  150.00000m   24.8451n 
  200.00000m  100.0509n 
  250.00000m  355.3441n 
  300.00000m    1.0843u 
  350.00000m    2.7210u 
  400.00000m    5.5830u 
  450.00000m    9.7124u 
  500.00000m   14.9852u 
  550.00000m   21.2490u 
  600.00000m   28.3719u 
  650.00000m   36.2432u 
  700.00000m   44.7635u 
  750.00000m   53.8360u 
  800.00000m   63.3599u 
  850.00000m   73.2216u 
  900.00000m   83.2856u 
  950.00000m   93.3897u 
    1.00000   103.3632u 
y
 vth0_value= 222.1978m
 u0_param=  50.8473m
 ags_param= 425.6021m
 
   *** monte carlo  index = 558 ***
x

 volt         param     
             i_d_0.6    
    0.        163.8347p 
   50.00000m  836.3172p 
  100.00000m    4.1091n 
  150.00000m   18.7811n 
  200.00000m   77.1792n 
  250.00000m  280.3039n 
  300.00000m  880.5893n 
  350.00000m    2.2892u 
  400.00000m    4.8518u 
  450.00000m    8.6525u 
  500.00000m   13.5872u 
  550.00000m   19.5073u 
  600.00000m   26.2812u 
  650.00000m   33.7989u 
  700.00000m   41.9628u 
  750.00000m   50.6790u 
  800.00000m   59.8507u 
  850.00000m   69.3697u 
  900.00000m   79.1075u 
  950.00000m   88.9087u 
    1.00000    98.6051u 
y
 vth0_value= 230.6737m
 u0_param=  49.5092m
 ags_param= 422.5571m
 
   *** monte carlo  index = 559 ***
x

 volt         param     
             i_d_0.6    
    0.        109.0233p 
   50.00000m  559.3541p 
  100.00000m    2.7832n 
  150.00000m   13.0024n 
  200.00000m   55.0236n 
  250.00000m  206.3775n 
  300.00000m  675.0558n 
  350.00000m    1.8469u 
  400.00000m    4.1138u 
  450.00000m    7.6275u 
  500.00000m   12.3139u 
  550.00000m   18.0241u 
  600.00000m   24.6189u 
  650.00000m   31.9821u 
  700.00000m   40.0134u 
  750.00000m   48.6180u 
  800.00000m   57.7003u 
  850.00000m   67.1559u 
  900.00000m   76.8622u 
  950.00000m   86.6709u 
    1.00000    96.4140u 
y
 vth0_value= 243.3564m
 u0_param=  50.1688m
 ags_param= 418.5402m
 
   *** monte carlo  index = 560 ***
x

 volt         param     
             i_d_0.6    
    0.         97.3390p 
   50.00000m  499.7159p 
  100.00000m    2.4921n 
  150.00000m   11.6902n 
  200.00000m   49.7576n 
  250.00000m  187.8453n 
  300.00000m  619.3799n 
  350.00000m    1.7124u 
  400.00000m    3.8549u 
  450.00000m    7.2094u 
  500.00000m   11.7124u 
  550.00000m   17.2209u 
  600.00000m   23.5987u 
  650.00000m   30.7324u 
  700.00000m   38.5239u 
  750.00000m   46.8810u 
  800.00000m   55.7105u 
  850.00000m   64.9108u 
  900.00000m   74.3627u 
  950.00000m   83.9206u 
    1.00000    93.4195u 
y
 vth0_value= 245.9015m
 u0_param=  48.8351m
 ags_param= 431.8924m
 
   *** monte carlo  index = 561 ***
x

 volt         param     
             i_d_0.6    
    0.         68.6726p 
   50.00000m  353.3091p 
  100.00000m    1.7767n 
  150.00000m    8.4646n 
  200.00000m   36.8476n 
  250.00000m  142.6934n 
  300.00000m  484.8960n 
  350.00000m    1.3950u 
  400.00000m    3.2745u 
  450.00000m    6.3382u 
  500.00000m   10.5573u 
  550.00000m   15.7960u 
  600.00000m   21.9157u 
  650.00000m   28.8001u 
  700.00000m   36.3498u 
  750.00000m   44.4736u 
  800.00000m   53.0803u 
  850.00000m   62.0721u 
  900.00000m   71.3356u 
  950.00000m   80.7325u 
    1.00000    90.1020u 
y
 vth0_value= 256.1449m
 u0_param=  48.4542m
 ags_param= 420.2789m
 
   *** monte carlo  index = 562 ***
x

 volt         param     
             i_d_0.6    
    0.         42.3013p 
   50.00000m  217.7688p 
  100.00000m    1.1065n 
  150.00000m    5.3815n 
  200.00000m   24.1860n 
  250.00000m   97.2842n 
  300.00000m  345.0204n 
  350.00000m    1.0505u 
  400.00000m    2.6291u 
  450.00000m    5.3795u 
  500.00000m    9.3359u 
  550.00000m   14.3753u 
  600.00000m   20.3496u 
  650.00000m   27.1319u 
  700.00000m   34.6158u 
  750.00000m   42.7064u 
  800.00000m   51.3114u 
  850.00000m   60.3346u 
  900.00000m   69.6673u 
  950.00000m   79.1787u 
    1.00000    88.7122u 
y
 vth0_value= 271.7527m
 u0_param=  50.0023m
 ags_param= 424.7193m
 
   *** monte carlo  index = 563 ***
x

 volt         param     
             i_d_0.6    
    0.         72.3604p 
   50.00000m  372.3156p 
  100.00000m    1.8712n 
  150.00000m    8.9052n 
  200.00000m   38.7006n 
  250.00000m  149.5705n 
  300.00000m  507.0439n 
  350.00000m    1.4540u 
  400.00000m    3.4010u 
  450.00000m    6.5633u 
  500.00000m   10.9073u 
  550.00000m   16.2922u 
  600.00000m   22.5756u 
  650.00000m   29.6382u 
  700.00000m   37.3781u 
  750.00000m   45.7017u 
  800.00000m   54.5158u 
  850.00000m   63.7205u 
  900.00000m   73.2002u 
  950.00000m   82.8147u 
    1.00000    92.4009u 
y
 vth0_value= 255.3756m
 u0_param=  49.6873m
 ags_param= 411.4236m
 
   *** monte carlo  index = 564 ***
x

 volt         param     
             i_d_0.6    
    0.         57.0644p 
   50.00000m  293.7756p 
  100.00000m    1.4835n 
  150.00000m    7.1255n 
  200.00000m   31.4011n 
  250.00000m  123.3510n 
  300.00000m  426.0704n 
  350.00000m    1.2527u 
  400.00000m    3.0117u 
  450.00000m    5.9490u 
  500.00000m   10.0572u 
  550.00000m   15.2050u 
  600.00000m   21.2502u 
  650.00000m   28.0733u 
  700.00000m   35.5730u 
  750.00000m   43.6570u 
  800.00000m   52.2341u 
  850.00000m   61.2077u 
  900.00000m   70.4664u 
  950.00000m   79.8753u 
    1.00000    89.2749u 
y
 vth0_value= 261.9738m
 u0_param=  48.8400m
 ags_param= 419.9519m
 
   *** monte carlo  index = 565 ***
x

 volt         param     
             i_d_0.6    
    0.        161.7075p 
   50.00000m  825.8501p 
  100.00000m    4.0616n 
  150.00000m   18.5944n 
  200.00000m   76.5717n 
  250.00000m  278.7202n 
  300.00000m  878.0951n 
  350.00000m    2.2907u 
  400.00000m    4.8709u 
  450.00000m    8.7080u 
  500.00000m   13.6977u 
  550.00000m   19.6886u 
  600.00000m   26.5463u 
  650.00000m   34.1587u 
  700.00000m   42.4265u 
  750.00000m   51.2544u 
  800.00000m   60.5445u 
  850.00000m   70.1877u 
  900.00000m   80.0547u 
  950.00000m   89.9892u 
    1.00000    99.8213u 
y
 vth0_value= 231.5749m
 u0_param=  50.2960m
 ags_param= 432.6489m
 
   *** monte carlo  index = 566 ***
x

 volt         param     
             i_d_0.6    
    0.        145.6682p 
   50.00000m  745.1945p 
  100.00000m    3.6791n 
  150.00000m   16.9544n 
  200.00000m   70.4224n 
  250.00000m  258.7521n 
  300.00000m  824.9263n 
  350.00000m    2.1841u 
  400.00000m    4.7101u 
  450.00000m    8.5126u 
  500.00000m   13.4931u 
  550.00000m   19.4972u 
  600.00000m   26.3863u 
  650.00000m   34.0447u 
  700.00000m   42.3709u 
  750.00000m   51.2684u 
  800.00000m   60.6384u 
  850.00000m   70.3723u 
  900.00000m   80.3419u 
  950.00000m   90.3923u 
    1.00000   100.3528u 
y
 vth0_value= 235.2707m
 u0_param=  51.1661m
 ags_param= 414.4807m
 
   *** monte carlo  index = 567 ***
x

 volt         param     
             i_d_0.6    
    0.         48.9298p 
   50.00000m  251.8730p 
  100.00000m    1.2754n 
  150.00000m    6.1598n 
  200.00000m   27.3799n 
  250.00000m  108.6646n 
  300.00000m  379.7263n 
  350.00000m    1.1339u 
  400.00000m    2.7742u 
  450.00000m    5.5638u 
  500.00000m    9.5131u 
  550.00000m   14.4974u 
  600.00000m   20.3758u 
  650.00000m   27.0289u 
  700.00000m   34.3557u 
  750.00000m   42.2652u 
  800.00000m   50.6677u 
  850.00000m   59.4688u 
  900.00000m   68.5602u 
  950.00000m   77.8107u 
    1.00000    87.0643u 
y
 vth0_value= 266.1702m
 u0_param=  48.1743m
 ags_param= 405.2740m
 
   *** monte carlo  index = 568 ***
x

 volt         param     
             i_d_0.6    
    0.         79.9653p 
   50.00000m  411.1688p 
  100.00000m    2.0612n 
  150.00000m    9.7617n 
  200.00000m   42.1217n 
  250.00000m  161.4786n 
  300.00000m  542.2669n 
  350.00000m    1.5357u 
  400.00000m    3.5445u 
  450.00000m    6.7650u 
  500.00000m   11.1527u 
  550.00000m   16.5663u 
  600.00000m   22.8659u 
  650.00000m   29.9346u 
  700.00000m   37.6723u 
  750.00000m   45.9862u 
  800.00000m   54.7833u 
  850.00000m   63.9633u 
  900.00000m   73.4098u 
  950.00000m   82.9808u 
    1.00000    92.5127u 
y
 vth0_value= 252.0847m
 u0_param=  49.2474m
 ags_param= 418.8861m
 
   *** monte carlo  index = 569 ***
x

 volt         param     
             i_d_0.6    
    0.         21.1751p 
   50.00000m  108.1512p 
  100.00000m  554.3389p 
  150.00000m    2.7527n 
  200.00000m   12.8154n 
  250.00000m   53.9729n 
  300.00000m  201.3656n 
  350.00000m  654.3184n 
  400.00000m    1.7746u 
  450.00000m    3.9175u 
  500.00000m    7.2103u 
  550.00000m   11.5767u 
  600.00000m   16.8774u 
  650.00000m   22.9838u 
  700.00000m   29.7894u 
  750.00000m   37.2015u 
  800.00000m   45.1332u 
  850.00000m   53.4958u 
  900.00000m   62.1916u 
  950.00000m   71.1047u 
    1.00000    80.0930u 
y
 vth0_value= 291.2488m
 u0_param=  47.6763m
 ags_param= 413.5580m
 
   *** monte carlo  index = 570 ***
x

 volt         param     
             i_d_0.6    
    0.         65.5930p 
   50.00000m  337.4936p 
  100.00000m    1.6986n 
  150.00000m    8.1056n 
  200.00000m   35.3707n 
  250.00000m  137.3618n 
  300.00000m  468.3173n 
  350.00000m    1.3532u 
  400.00000m    3.1916u 
  450.00000m    6.2028u 
  500.00000m   10.3623u 
  550.00000m   15.5369u 
  600.00000m   21.5885u 
  650.00000m   28.4015u 
  700.00000m   35.8771u 
  750.00000m   43.9245u 
  800.00000m   52.4536u 
  850.00000m   61.3673u 
  900.00000m   70.5535u 
  950.00000m   79.8752u 
    1.00000    89.1728u 
y
 vth0_value= 257.2818m
 u0_param=  48.0865m
 ags_param= 416.0833m
 
   *** monte carlo  index = 571 ***
x

 volt         param     
             i_d_0.6    
    0.         86.7051p 
   50.00000m  445.6351p 
  100.00000m    2.2300n 
  150.00000m   10.5266n 
  200.00000m   45.2055n 
  250.00000m  172.3612n 
  300.00000m  575.0843n 
  350.00000m    1.6148u 
  400.00000m    3.6936u 
  450.00000m    6.9976u 
  500.00000m   11.4740u 
  550.00000m   16.9788u 
  600.00000m   23.3715u 
  650.00000m   30.5351u 
  700.00000m   38.3690u 
  750.00000m   46.7795u 
  800.00000m   55.6729u 
  850.00000m   64.9476u 
  900.00000m   74.4855u 
  950.00000m   84.1431u 
    1.00000    93.7555u 
y
 vth0_value= 249.9105m
 u0_param=  49.6481m
 ags_param= 409.4077m
 
   *** monte carlo  index = 572 ***
x

 volt         param     
             i_d_0.6    
    0.         90.0167p 
   50.00000m  462.5836p 
  100.00000m    2.3132n 
  150.00000m   10.9047n 
  200.00000m   46.7394n 
  250.00000m  177.8221n 
  300.00000m  591.7526n 
  350.00000m    1.6558u 
  400.00000m    3.7740u 
  450.00000m    7.1287u 
  500.00000m   11.6638u 
  550.00000m   17.2332u 
  600.00000m   23.6956u 
  650.00000m   30.9333u 
  700.00000m   38.8450u 
  750.00000m   47.3362u 
  800.00000m   56.3123u 
  850.00000m   65.6708u 
  900.00000m   75.2925u 
  950.00000m   85.0322u 
    1.00000    94.7241u 
y
 vth0_value= 249.0477m
 u0_param=  50.0595m
 ags_param= 422.3030m
 
   *** monte carlo  index = 573 ***
x

 volt         param     
             i_d_0.6    
    0.        104.7706p 
   50.00000m  537.6727p 
  100.00000m    2.6776n 
  150.00000m   12.5283n 
  200.00000m   53.1314n 
  250.00000m  199.7615n 
  300.00000m  655.3579n 
  350.00000m    1.8000u 
  400.00000m    4.0249u 
  450.00000m    7.4862u 
  500.00000m   12.1134u 
  550.00000m   17.7595u 
  600.00000m   24.2859u 
  650.00000m   31.5774u 
  700.00000m   39.5340u 
  750.00000m   48.0618u 
  800.00000m   57.0660u 
  850.00000m   66.4430u 
  900.00000m   76.0714u 
  950.00000m   85.8039u 
    1.00000    95.4736u 
y
 vth0_value= 244.3020m
 u0_param=  49.7775m
 ags_param= 418.5807m
 
   *** monte carlo  index = 574 ***
x

 volt         param     
             i_d_0.6    
    0.        100.9599p 
   50.00000m  518.2038p 
  100.00000m    2.5824n 
  150.00000m   12.0977n 
  200.00000m   51.3946n 
  250.00000m  193.6114n 
  300.00000m  636.7214n 
  350.00000m    1.7543u 
  400.00000m    3.9354u 
  450.00000m    7.3390u 
  500.00000m   11.8979u 
  550.00000m   17.4673u 
  600.00000m   23.9100u 
  650.00000m   31.1120u 
  700.00000m   38.9742u 
  750.00000m   47.4038u 
  800.00000m   56.3069u 
  850.00000m   65.5811u 
  900.00000m   75.1063u 
  950.00000m   84.7364u 
    1.00000    94.3061u 
y
 vth0_value= 245.0661m
 u0_param=  49.2371m
 ags_param= 412.0648m
 
   *** monte carlo  index = 575 ***
x

 volt         param     
             i_d_0.6    
    0.        101.2109p 
   50.00000m  519.3810p 
  100.00000m    2.5871n 
  150.00000m   12.1106n 
  200.00000m   51.3952n 
  250.00000m  193.3943n 
  300.00000m  635.1627n 
  350.00000m    1.7470u 
  400.00000m    3.9123u 
  450.00000m    7.2861u 
  500.00000m   11.8014u 
  550.00000m   17.3154u 
  600.00000m   23.6933u 
  650.00000m   30.8225u 
  700.00000m   38.6055u 
  750.00000m   46.9506u 
  800.00000m   55.7648u 
  850.00000m   64.9463u 
  900.00000m   74.3756u 
  950.00000m   83.9067u 
    1.00000    93.3749u 
y
 vth0_value= 244.5887m
 u0_param=  48.6234m
 ags_param= 427.2857m
 
   *** monte carlo  index = 576 ***
x

 volt         param     
             i_d_0.6    
    0.         53.6816p 
   50.00000m  276.3786p 
  100.00000m    1.3974n 
  150.00000m    6.7283n 
  200.00000m   29.7636n 
  250.00000m  117.4449n 
  300.00000m  407.7338n 
  350.00000m    1.2069u 
  400.00000m    2.9237u 
  450.00000m    5.8131u 
  500.00000m    9.8751u 
  550.00000m   14.9800u 
  600.00000m   20.9854u 
  650.00000m   27.7709u 
  700.00000m   35.2347u 
  750.00000m   43.2844u 
  800.00000m   51.8292u 
  850.00000m   60.7729u 
  900.00000m   70.0052u 
  950.00000m   79.3924u 
    1.00000    88.7765u 
y
 vth0_value= 263.8147m
 u0_param=  48.8395m
 ags_param= 405.0525m
 
   *** monte carlo  index = 577 ***
x

 volt         param     
             i_d_0.6    
    0.         21.5051p 
   50.00000m  109.8566p 
  100.00000m  562.8336p 
  150.00000m    2.7922n 
  200.00000m   12.9770n 
  250.00000m   54.5279n 
  300.00000m  202.9294n 
  350.00000m  657.4014n 
  400.00000m    1.7760u 
  450.00000m    3.9056u 
  500.00000m    7.1669u 
  550.00000m   11.4830u 
  600.00000m   16.7170u 
  650.00000m   22.7433u 
  700.00000m   29.4576u 
  750.00000m   36.7692u 
  800.00000m   44.5923u 
  850.00000m   52.8394u 
  900.00000m   61.4140u 
  950.00000m   70.2007u 
    1.00000    79.0581u 
y
 vth0_value= 290.2300m
 u0_param=  46.8680m
 ags_param= 409.3771m
 
   *** monte carlo  index = 578 ***
x

 volt         param     
             i_d_0.6    
    0.         99.8144p 
   50.00000m  512.3449p 
  100.00000m    2.5537n 
  150.00000m   11.9672n 
  200.00000m   50.8653n 
  250.00000m  191.7246n 
  300.00000m  630.9537n 
  350.00000m    1.7400u 
  400.00000m    3.9070u 
  450.00000m    7.2915u 
  500.00000m   11.8276u 
  550.00000m   17.3714u 
  600.00000m   23.7863u 
  650.00000m   30.9584u 
  700.00000m   38.7893u 
  750.00000m   47.1865u 
  800.00000m   56.0564u 
  850.00000m   65.2969u 
  900.00000m   74.7883u 
  950.00000m   84.3846u 
    1.00000    93.9205u 
y
 vth0_value= 245.2802m
 u0_param=  49.0395m
 ags_param= 421.4633m
 
   *** monte carlo  index = 579 ***
x

 volt         param     
             i_d_0.6    
    0.        123.3669p 
   50.00000m  632.0130p 
  100.00000m    3.1326n 
  150.00000m   14.5354n 
  200.00000m   60.9382n 
  250.00000m  226.2217n 
  300.00000m  730.6646n 
  350.00000m    1.9668u 
  400.00000m    4.3105u 
  450.00000m    7.8905u 
  500.00000m   12.6226u 
  550.00000m   18.3592u 
  600.00000m   24.9645u 
  650.00000m   32.3256u 
  700.00000m   40.3437u 
  750.00000m   48.9253u 
  800.00000m   57.9749u 
  850.00000m   67.3875u 
  900.00000m   77.0393u 
  950.00000m   86.7800u 
    1.00000    96.4422u 
y
 vth0_value= 239.2527m
 u0_param=  49.5696m
 ags_param= 421.7331m
 
   *** monte carlo  index = 580 ***
x

 volt         param     
             i_d_0.6    
    0.         74.0793p 
   50.00000m  381.1665p 
  100.00000m    1.9152n 
  150.00000m    9.1093n 
  200.00000m   39.5546n 
  250.00000m  152.7218n 
  300.00000m  517.1219n 
  350.00000m    1.4806u 
  400.00000m    3.4574u 
  450.00000m    6.6627u 
  500.00000m   11.0606u 
  550.00000m   16.5087u 
  600.00000m   22.8628u 
  650.00000m   30.0025u 
  700.00000m   37.8250u 
  750.00000m   46.2359u 
  800.00000m   55.1408u 
  850.00000m   64.4388u 
  900.00000m   74.0134u 
  950.00000m   83.7229u 
    1.00000    93.4030u 
y
 vth0_value= 254.9933m
 u0_param=  50.1930m
 ags_param= 429.2793m
 
   *** monte carlo  index = 581 ***
x

 volt         param     
             i_d_0.6    
    0.         33.3666p 
   50.00000m  171.4714p 
  100.00000m  873.8786p 
  150.00000m    4.2788n 
  200.00000m   19.4450n 
  250.00000m   79.3178n 
  300.00000m  285.7178n 
  350.00000m  887.9706n 
  400.00000m    2.2776u 
  450.00000m    4.7660u 
  500.00000m    8.4142u 
  550.00000m   13.1156u 
  600.00000m   18.7287u 
  650.00000m   25.1300u 
  700.00000m   32.2164u 
  750.00000m   39.8965u 
  800.00000m   48.0822u 
  850.00000m   56.6817u 
  900.00000m   65.5920u 
  950.00000m   74.6888u 
    1.00000    83.8217u 
y
 vth0_value= 277.5620m
 u0_param=  47.9062m
 ags_param= 423.4885m
 
   *** monte carlo  index = 582 ***
x

 volt         param     
             i_d_0.6    
    0.         79.8919p 
   50.00000m  410.8718p 
  100.00000m    2.0605n 
  150.00000m    9.7653n 
  200.00000m   42.1797n 
  250.00000m  161.8799n 
  300.00000m  544.2945n 
  350.00000m    1.5440u 
  400.00000m    3.5697u 
  450.00000m    6.8225u 
  500.00000m   11.2583u 
  550.00000m   16.7335u 
  600.00000m   23.1059u 
  650.00000m   30.2566u 
  700.00000m   38.0840u 
  750.00000m   46.4938u 
  800.00000m   55.3922u 
  850.00000m   64.6779u 
  900.00000m   74.2337u 
  950.00000m   83.9172u 
    1.00000    93.5638u 
y
 vth0_value= 252.5539m
 u0_param=  49.9311m
 ags_param= 414.5710m
 
   *** monte carlo  index = 583 ***
x

 volt         param     
             i_d_0.6    
    0.         70.9773p 
   50.00000m  365.3534p 
  100.00000m    1.8383n 
  150.00000m    8.7658n 
  200.00000m   38.2076n 
  250.00000m  148.1606n 
  300.00000m  504.1705n 
  350.00000m    1.4530u 
  400.00000m    3.4171u 
  450.00000m    6.6238u 
  500.00000m   11.0428u 
  550.00000m   16.5300u 
  600.00000m   22.9383u 
  650.00000m   30.1442u 
  700.00000m   38.0431u 
  750.00000m   46.5389u 
  800.00000m   55.5362u 
  850.00000m   64.9336u 
  900.00000m   74.6144u 
  950.00000m   84.4371u 
    1.00000    94.2372u 
y
 vth0_value= 256.7711m
 u0_param=  50.9701m
 ags_param= 419.4653m
 
   *** monte carlo  index = 584 ***
x

 volt         param     
             i_d_0.6    
    0.        122.1862p 
   50.00000m  626.0462p 
  100.00000m    3.1041n 
  150.00000m   14.4111n 
  200.00000m   60.4642n 
  250.00000m  224.6540n 
  300.00000m  726.3719n 
  350.00000m    1.9579u 
  400.00000m    4.2968u 
  450.00000m    7.8737u 
  500.00000m   12.6054u 
  550.00000m   18.3440u 
  600.00000m   24.9535u 
  650.00000m   32.3205u 
  700.00000m   40.3462u 
  750.00000m   48.9368u 
  800.00000m   57.9968u 
  850.00000m   67.4211u 
  900.00000m   77.0858u 
  950.00000m   86.8404u 
    1.00000    96.5169u 
y
 vth0_value= 239.5915m
 u0_param=  49.6460m
 ags_param= 434.9494m
 
   *** monte carlo  index = 585 ***
x

 volt         param     
             i_d_0.6    
    0.         29.9909p 
   50.00000m  154.0027p 
  100.00000m  786.3960p 
  150.00000m    3.8672n 
  200.00000m   17.7019n 
  250.00000m   72.8810n 
  300.00000m  265.1963n 
  350.00000m  834.9557n 
  400.00000m    2.1759u 
  450.00000m    4.6212u 
  500.00000m    8.2512u 
  550.00000m   12.9636u 
  600.00000m   18.6131u 
  650.00000m   25.0712u 
  700.00000m   32.2312u 
  750.00000m   39.9991u 
  800.00000m   48.2853u 
  850.00000m   56.9971u 
  900.00000m   66.0316u 
  950.00000m   75.2655u 
    1.00000    84.5493u 
y
 vth0_value= 281.5066m
 u0_param=  48.9841m
 ags_param= 405.4187m
 
   *** monte carlo  index = 586 ***
x

 volt         param     
             i_d_0.6    
    0.         47.5230p 
   50.00000m  244.6753p 
  100.00000m    1.2402n 
  150.00000m    6.0012n 
  200.00000m   26.7553n 
  250.00000m  106.5685n 
  300.00000m  373.8790n 
  350.00000m    1.1223u 
  400.00000m    2.7623u 
  450.00000m    5.5692u 
  500.00000m    9.5592u 
  550.00000m   14.6065u 
  600.00000m   20.5669u 
  650.00000m   27.3175u 
  700.00000m   34.7552u 
  750.00000m   42.7868u 
  800.00000m   51.3214u 
  850.00000m   60.2629u 
  900.00000m   69.5023u 
  950.00000m   78.9074u 
    1.00000    88.3207u 
y
 vth0_value= 267.6745m
 u0_param=  49.1245m
 ags_param= 431.0867m
 
   *** monte carlo  index = 587 ***
x

 volt         param     
             i_d_0.6    
    0.         84.0398p 
   50.00000m  431.9551p 
  100.00000m    2.1625n 
  150.00000m   10.2165n 
  200.00000m   43.9273n 
  250.00000m  167.7244n 
  300.00000m  560.5761n 
  350.00000m    1.5776u 
  400.00000m    3.6173u 
  450.00000m    6.8667u 
  500.00000m   11.2761u 
  550.00000m   16.7039u 
  600.00000m   23.0114u 
  650.00000m   30.0829u 
  700.00000m   37.8190u 
  750.00000m   46.1271u 
  800.00000m   54.9146u 
  850.00000m   64.0810u 
  900.00000m   73.5094u 
  950.00000m   83.0575u 
    1.00000    92.5616u 
y
 vth0_value= 250.4579m
 u0_param=  49.0450m
 ags_param= 408.5731m
 
   *** monte carlo  index = 588 ***
x

 volt         param     
             i_d_0.6    
    0.         62.8092p 
   50.00000m  323.3876p 
  100.00000m    1.6308n 
  150.00000m    7.8114n 
  200.00000m   34.2779n 
  250.00000m  133.9720n 
  300.00000m  460.0520n 
  350.00000m    1.3421u 
  400.00000m    3.1983u 
  450.00000m    6.2699u 
  500.00000m   10.5400u 
  550.00000m   15.8701u 
  600.00000m   22.1145u 
  650.00000m   29.1506u 
  700.00000m   36.8747u 
  750.00000m   45.1921u 
  800.00000m   54.0093u 
  850.00000m   63.2268u 
  900.00000m   72.7309u 
  950.00000m   82.3834u 
    1.00000    92.0227u 
y
 vth0_value= 259.9472m
 u0_param=  50.1742m
 ags_param= 404.5455m
 
   *** monte carlo  index = 589 ***
x

 volt         param     
             i_d_0.6    
    0.         78.0699p 
   50.00000m  401.4991p 
  100.00000m    2.0140n 
  150.00000m    9.5503n 
  200.00000m   41.2837n 
  250.00000m  158.5891n 
  300.00000m  533.8348n 
  350.00000m    1.5166u 
  400.00000m    3.5120u 
  450.00000m    6.7216u 
  500.00000m   11.1031u 
  550.00000m   16.5153u 
  600.00000m   22.8175u 
  650.00000m   29.8919u 
  700.00000m   37.6380u 
  750.00000m   45.9625u 
  800.00000m   54.7725u 
  850.00000m   63.9676u 
  900.00000m   73.4315u 
  950.00000m   83.0227u 
    1.00000    92.5776u 
y
 vth0_value= 252.9135m
 u0_param=  49.4125m
 ags_param= 416.0276m
 
   *** monte carlo  index = 590 ***
x

 volt         param     
             i_d_0.6    
    0.        171.7526p 
   50.00000m  876.5107p 
  100.00000m    4.3033n 
  150.00000m   19.6436n 
  200.00000m   80.5857n 
  250.00000m  292.1074n 
  300.00000m  915.3249n 
  350.00000m    2.3719u 
  400.00000m    5.0122u 
  450.00000m    8.9173u 
  500.00000m   13.9784u 
  550.00000m   20.0431u 
  600.00000m   26.9766u 
  650.00000m   34.6665u 
  700.00000m   43.0130u 
  750.00000m   51.9202u 
  800.00000m   61.2893u 
  850.00000m   71.0102u 
  900.00000m   80.9520u 
  950.00000m   90.9573u 
    1.00000   100.8555u 
y
 vth0_value= 229.9717m
 u0_param=  50.6282m
 ags_param= 431.1083m
 
   *** monte carlo  index = 591 ***
x

 volt         param     
             i_d_0.6    
    0.         59.0961p 
   50.00000m  304.2424p 
  100.00000m    1.5355n 
  150.00000m    7.3671n 
  200.00000m   32.4107n 
  250.00000m  127.0591n 
  300.00000m  437.8576n 
  350.00000m    1.2834u 
  400.00000m    3.0746u 
  450.00000m    6.0551u 
  500.00000m   10.2137u 
  550.00000m   15.4169u 
  600.00000m   21.5217u 
  650.00000m   28.4078u 
  700.00000m   35.9734u 
  750.00000m   44.1254u 
  800.00000m   52.7721u 
  850.00000m   61.8160u 
  900.00000m   71.1448u 
  950.00000m   80.6227u 
    1.00000    90.0893u 
y
 vth0_value= 261.1559m
 u0_param=  49.2013m
 ags_param= 416.8910m
 
   *** monte carlo  index = 592 ***
x

 volt         param     
             i_d_0.6    
    0.         71.2786p 
   50.00000m  366.6746p 
  100.00000m    1.8425n 
  150.00000m    8.7658n 
  200.00000m   38.0778n 
  250.00000m  147.0965n 
  300.00000m  498.4318n 
  350.00000m    1.4285u 
  400.00000m    3.3394u 
  450.00000m    6.4415u 
  500.00000m   10.7022u 
  550.00000m   15.9843u 
  600.00000m   22.1487u 
  650.00000m   29.0791u 
  700.00000m   36.6758u 
  750.00000m   44.8472u 
  800.00000m   53.5016u 
  850.00000m   62.5407u 
  900.00000m   71.8503u 
  950.00000m   81.2913u 
    1.00000    90.7020u 
y
 vth0_value= 255.1576m
 u0_param=  48.6566m
 ags_param= 419.9154m
 
   *** monte carlo  index = 593 ***
x

 volt         param     
             i_d_0.6    
    0.         38.7633p 
   50.00000m  199.3886p 
  100.00000m    1.0136n 
  150.00000m    4.9364n 
  200.00000m   22.2353n 
  250.00000m   89.6934n 
  300.00000m  319.1559n 
  350.00000m  976.1305n 
  400.00000m    2.4559u 
  450.00000m    5.0497u 
  500.00000m    8.7970u 
  550.00000m   13.5841u 
  600.00000m   19.2705u 
  650.00000m   25.7354u 
  700.00000m   32.8774u 
  750.00000m   40.6058u 
  800.00000m   48.8324u 
  850.00000m   57.4650u 
  900.00000m   66.3989u 
  950.00000m   75.5072u 
    1.00000    84.6374u 
y
 vth0_value= 272.8874m
 u0_param=  47.7013m
 ags_param= 422.5164m
 
   *** monte carlo  index = 594 ***
x

 volt         param     
             i_d_0.6    
    0.        125.8000p 
   50.00000m  644.3302p 
  100.00000m    3.1918n 
  150.00000m   14.7947n 
  200.00000m   61.9384n 
  250.00000m  229.5824n 
  300.00000m  740.1059n 
  350.00000m    1.9874u 
  400.00000m    4.3452u 
  450.00000m    7.9390u 
  500.00000m   12.6834u 
  550.00000m   18.4305u 
  600.00000m   25.0450u 
  650.00000m   32.4143u 
  700.00000m   40.4397u 
  750.00000m   49.0278u 
  800.00000m   58.0830u 
  850.00000m   67.5001u 
  900.00000m   77.1550u 
  950.00000m   86.8968u 
    1.00000    96.5580u 
y
 vth0_value= 238.6445m
 u0_param=  49.5380m
 ags_param= 427.5059m
 
   *** monte carlo  index = 595 ***
x

 volt         param     
             i_d_0.6    
    0.         78.8657p 
   50.00000m  405.7182p 
  100.00000m    2.0362n 
  150.00000m    9.6634n 
  200.00000m   41.8225n 
  250.00000m  160.8665n 
  300.00000m  542.2688n 
  350.00000m    1.5434u 
  400.00000m    3.5811u 
  450.00000m    6.8642u 
  500.00000m   11.3504u 
  550.00000m   16.8940u 
  600.00000m   23.3494u 
  650.00000m   30.5952u 
  700.00000m   38.5279u 
  750.00000m   47.0516u 
  800.00000m   56.0712u 
  850.00000m   65.4844u 
  900.00000m   75.1731u 
  950.00000m   84.9942u 
    1.00000    94.7820u 
y
 vth0_value= 253.4788m
 u0_param=  50.7749m
 ags_param= 420.5198m
 
   *** monte carlo  index = 596 ***
x

 volt         param     
             i_d_0.6    
    0.         33.0266p 
   50.00000m  169.7166p 
  100.00000m  865.1429p 
  150.00000m    4.2382n 
  200.00000m   19.2765n 
  250.00000m   78.7142n 
  300.00000m  283.8695n 
  350.00000m  883.5294n 
  400.00000m    2.2702u 
  450.00000m    4.7585u 
  500.00000m    8.4113u 
  550.00000m   13.1224u 
  600.00000m   18.7493u 
  650.00000m   25.1677u 
  700.00000m   32.2740u 
  750.00000m   39.9762u 
  800.00000m   48.1858u 
  850.00000m   56.8110u 
  900.00000m   65.7487u 
  950.00000m   74.8746u 
    1.00000    84.0385u 
y
 vth0_value= 278.0140m
 u0_param=  48.1191m
 ags_param= 413.6910m
 
   *** monte carlo  index = 597 ***
x

 volt         param     
             i_d_0.6    
    0.         65.2479p 
   50.00000m  335.8683p 
  100.00000m    1.6920n 
  150.00000m    8.0885n 
  200.00000m   35.3880n 
  250.00000m  137.8327n 
  300.00000m  471.4539n 
  350.00000m    1.3682u 
  400.00000m    3.2419u 
  450.00000m    6.3247u 
  500.00000m   10.5946u 
  550.00000m   15.9136u 
  600.00000m   22.1377u 
  650.00000m   29.1463u 
  700.00000m   36.8369u 
  750.00000m   45.1154u 
  800.00000m   53.8891u 
  850.00000m   63.0588u 
  900.00000m   72.5103u 
  950.00000m   82.1053u 
    1.00000    91.6818u 
y
 vth0_value= 258.5247m
 u0_param=  49.7430m
 ags_param= 413.9815m
 
   *** monte carlo  index = 598 ***
x

 volt         param     
             i_d_0.6    
    0.         64.8762p 
   50.00000m  333.8273p 
  100.00000m    1.6806n 
  150.00000m    8.0244n 
  200.00000m   35.0458n 
  250.00000m  136.2313n 
  300.00000m  464.9775n 
  350.00000m    1.3456u 
  400.00000m    3.1786u 
  450.00000m    6.1858u 
  500.00000m   10.3442u 
  550.00000m   15.5203u 
  600.00000m   21.5757u 
  650.00000m   28.3943u 
  700.00000m   35.8771u 
  750.00000m   43.9331u 
  800.00000m   52.4721u 
  850.00000m   61.3969u 
  900.00000m   70.5954u 
  950.00000m   79.9308u 
    1.00000    89.2432u 
y
 vth0_value= 257.6774m
 u0_param=  48.1839m
 ags_param= 417.6431m
 
   *** monte carlo  index = 599 ***
x

 volt         param     
             i_d_0.6    
    0.         61.5941p 
   50.00000m  317.0858p 
  100.00000m    1.5991n 
  150.00000m    7.6602n 
  200.00000m   33.6199n 
  250.00000m  131.4321n 
  300.00000m  451.4839n 
  350.00000m    1.3177u 
  400.00000m    3.1420u 
  450.00000m    6.1628u 
  500.00000m   10.3645u 
  550.00000m   15.6117u 
  600.00000m   21.7615u 
  650.00000m   28.6934u 
  700.00000m   36.3054u 
  750.00000m   44.5044u 
  800.00000m   53.1981u 
  850.00000m   62.2883u 
  900.00000m   71.6620u 
  950.00000m   81.1822u 
    1.00000    90.6876u 
y
 vth0_value= 260.0206m
 u0_param=  49.3729m
 ags_param= 424.7544m
 
   *** monte carlo  index = 600 ***
x

 volt         param     
             i_d_0.6    
    0.         89.4497p 
   50.00000m  459.6677p 
  100.00000m    2.2988n 
  150.00000m   10.8379n 
  200.00000m   46.4608n 
  250.00000m  176.7974n 
  300.00000m  588.4888n 
  350.00000m    1.6473u 
  400.00000m    3.7557u 
  450.00000m    7.0962u 
  500.00000m   11.6130u 
  550.00000m   17.1609u 
  600.00000m   23.5991u 
  650.00000m   30.8101u 
  700.00000m   38.6930u 
  750.00000m   47.1539u 
  800.00000m   56.0982u 
  850.00000m   65.4241u 
  900.00000m   75.0123u 
  950.00000m   84.7186u 
    1.00000    94.3773u 
y
 vth0_value= 249.1224m
 u0_param=  49.8798m
 ags_param= 415.3314m
 
   *** monte carlo  index = 601 ***
x

 volt         param     
             i_d_0.6    
    0.         73.0231p 
   50.00000m  375.6587p 
  100.00000m    1.8872n 
  150.00000m    8.9732n 
  200.00000m   38.9463n 
  250.00000m  150.3054n 
  300.00000m  508.7105n 
  350.00000m    1.4557u 
  400.00000m    3.3972u 
  450.00000m    6.5437u 
  500.00000m   10.8603u 
  550.00000m   16.2079u 
  600.00000m   22.4457u 
  650.00000m   29.4561u 
  700.00000m   37.1385u 
  750.00000m   45.4002u 
  800.00000m   54.1487u 
  850.00000m   63.2844u 
  900.00000m   72.6921u 
  950.00000m   82.2316u 
    1.00000    91.7397u 
y
 vth0_value= 254.7790m
 u0_param=  49.1894m
 ags_param= 431.1153m
 
   *** monte carlo  index = 602 ***
x

 volt         param     
             i_d_0.6    
    0.         40.0919p 
   50.00000m  206.2893p 
  100.00000m    1.0485n 
  150.00000m    5.1033n 
  200.00000m   22.9656n 
  250.00000m   92.5292n 
  300.00000m  328.7937n 
  350.00000m    1.0037u 
  400.00000m    2.5198u 
  450.00000m    5.1706u 
  500.00000m    8.9932u 
  550.00000m   13.8705u 
  600.00000m   19.6593u 
  650.00000m   26.2364u 
  700.00000m   33.4989u 
  750.00000m   41.3543u 
  800.00000m   49.7131u 
  850.00000m   58.4817u 
  900.00000m   67.5542u 
  950.00000m   76.8024u 
    1.00000    86.0730u 
y
 vth0_value= 272.4124m
 u0_param=  48.5197m
 ags_param= 405.1012m
 
   *** monte carlo  index = 603 ***
x

 volt         param     
             i_d_0.6    
    0.         82.4936p 
   50.00000m  424.0639p 
  100.00000m    2.1240n 
  150.00000m   10.0434n 
  200.00000m   43.2381n 
  250.00000m  165.3302n 
  300.00000m  553.5158n 
  350.00000m    1.5613u 
  400.00000m    3.5883u 
  450.00000m    6.8249u 
  500.00000m   11.2233u 
  550.00000m   16.6421u 
  600.00000m   22.9425u 
  650.00000m   30.0084u 
  700.00000m   37.7402u 
  750.00000m   46.0454u 
  800.00000m   54.8313u 
  850.00000m   63.9975u 
  900.00000m   73.4271u 
  950.00000m   82.9780u 
    1.00000    92.4863u 
y
 vth0_value= 251.0362m
 u0_param=  49.0752m
 ags_param= 419.4349m
 
   *** monte carlo  index = 604 ***
x

 volt         param     
             i_d_0.6    
    0.        120.6112p 
   50.00000m  618.3105p 
  100.00000m    3.0692n 
  150.00000m   14.2774n 
  200.00000m   60.0622n 
  250.00000m  223.7970n 
  300.00000m  726.0977n 
  350.00000m    1.9658u 
  400.00000m    4.3327u 
  450.00000m    7.9660u 
  500.00000m   12.7825u 
  550.00000m   18.6300u 
  600.00000m   25.3681u 
  650.00000m   32.8799u 
  700.00000m   41.0639u 
  750.00000m   49.8242u 
  800.00000m   59.0634u 
  850.00000m   68.6751u 
  900.00000m   78.5344u 
  950.00000m   88.4900u 
    1.00000    98.3723u 
y
 vth0_value= 240.7685m
 u0_param=  50.8780m
 ags_param= 424.3933m
 
   *** monte carlo  index = 605 ***
x

 volt         param     
             i_d_0.6    
    0.         51.0797p 
   50.00000m  262.9758p 
  100.00000m    1.3308n 
  150.00000m    6.4195n 
  200.00000m   28.4782n 
  250.00000m  112.7555n 
  300.00000m  392.9623n 
  350.00000m    1.1692u 
  400.00000m    2.8489u 
  450.00000m    5.6931u 
  500.00000m    9.7081u 
  550.00000m   14.7663u 
  600.00000m   20.7257u 
  650.00000m   27.4657u 
  700.00000m   34.8847u 
  750.00000m   42.8905u 
  800.00000m   51.3927u 
  850.00000m   60.2955u 
  900.00000m   69.4893u 
  950.00000m   78.8411u 
    1.00000    88.1930u 
y
 vth0_value= 265.2041m
 u0_param=  48.6748m
 ags_param= 429.0226m
 
   *** monte carlo  index = 606 ***
x

 volt         param     
             i_d_0.6    
    0.        158.7232p 
   50.00000m  811.0318p 
  100.00000m    3.9931n 
  150.00000m   18.3147n 
  200.00000m   75.6003n 
  250.00000m  275.8907n 
  300.00000m  871.9960n 
  350.00000m    2.2839u 
  400.00000m    4.8747u 
  450.00000m    8.7398u 
  500.00000m   13.7748u 
  550.00000m   19.8257u 
  600.00000m   26.7554u 
  650.00000m   34.4495u 
  700.00000m   42.8071u 
  750.00000m   51.7319u 
  800.00000m   61.1248u 
  850.00000m   70.8761u 
  900.00000m   80.8562u 
  950.00000m   90.9089u 
    1.00000   100.8629u 
y
 vth0_value= 232.6056m
 u0_param=  51.0364m
 ags_param= 422.8381m
 
   *** monte carlo  index = 607 ***
x

 volt         param     
             i_d_0.6    
    0.         46.3701p 
   50.00000m  238.6771p 
  100.00000m    1.2098n 
  150.00000m    5.8546n 
  200.00000m   26.1060n 
  250.00000m  104.0075n 
  300.00000m  365.0182n 
  350.00000m    1.0962u 
  400.00000m    2.6997u 
  450.00000m    5.4459u 
  500.00000m    9.3519u 
  550.00000m   14.2953u 
  600.00000m   20.1353u 
  650.00000m   26.7517u 
  700.00000m   34.0436u 
  750.00000m   41.9199u 
  800.00000m   50.2912u 
  850.00000m   59.0634u 
  900.00000m   68.1290u 
  950.00000m   77.3574u 
    1.00000    86.5931u 
y
 vth0_value= 267.7497m
 u0_param=  48.1121m
 ags_param= 420.4592m
 
   *** monte carlo  index = 608 ***
x

 volt         param     
             i_d_0.6    
    0.         49.8162p 
   50.00000m  256.4351p 
  100.00000m    1.2980n 
  150.00000m    6.2643n 
  200.00000m   27.8115n 
  250.00000m  110.2214n 
  300.00000m  384.5589n 
  350.00000m    1.1459u 
  400.00000m    2.7969u 
  450.00000m    5.5977u 
  500.00000m    9.5563u 
  550.00000m   14.5475u 
  600.00000m   20.4310u 
  650.00000m   27.0876u 
  700.00000m   34.4169u 
  750.00000m   42.3276u 
  800.00000m   50.7304u 
  850.00000m   59.5306u 
  900.00000m   68.6199u 
  950.00000m   77.8666u 
    1.00000    87.1142u 
y
 vth0_value= 265.5856m
 u0_param=  48.1094m
 ags_param= 411.8353m
 
   *** monte carlo  index = 609 ***
x

 volt         param     
             i_d_0.6    
    0.         35.6246p 
   50.00000m  183.2201p 
  100.00000m  933.4267p 
  150.00000m    4.5658n 
  200.00000m   20.7137n 
  250.00000m   84.3043n 
  300.00000m  302.9002n 
  350.00000m  938.1453n 
  400.00000m    2.3962u 
  450.00000m    4.9946u 
  500.00000m    8.7904u 
  550.00000m   13.6704u 
  600.00000m   19.4874u 
  650.00000m   26.1132u 
  700.00000m   33.4414u 
  750.00000m   41.3774u 
  800.00000m   49.8300u 
  850.00000m   58.7050u 
  900.00000m   67.8964u 
  950.00000m   77.2774u 
    1.00000    86.6949u 
y
 vth0_value= 276.6583m
 u0_param=  49.5540m
 ags_param= 408.0157m
 
   *** monte carlo  index = 610 ***
x

 volt         param     
             i_d_0.6    
    0.        145.8828p 
   50.00000m  746.0040p 
  100.00000m    3.6804n 
  150.00000m   16.9389n 
  200.00000m   70.2435n 
  250.00000m  257.6527n 
  300.00000m  819.6990n 
  350.00000m    2.1646u 
  400.00000m    4.6565u 
  450.00000m    8.4001u 
  500.00000m   13.2982u 
  550.00000m   19.2005u 
  600.00000m   25.9718u 
  650.00000m   33.4992u 
  700.00000m   41.6837u 
  750.00000m   50.4306u 
  800.00000m   59.6425u 
  850.00000m   69.2120u 
  900.00000m   79.0118u 
  950.00000m   88.8876u 
    1.00000    98.6703u 
y
 vth0_value= 234.5525m
 u0_param=  50.1041m
 ags_param= 430.5689m
 
   *** monte carlo  index = 611 ***
x

 volt         param     
             i_d_0.6    
    0.         61.0770p 
   50.00000m  314.4689p 
  100.00000m    1.5866n 
  150.00000m    7.6061n 
  200.00000m   33.4226n 
  250.00000m  130.8399n 
  300.00000m  450.1340n 
  350.00000m    1.3164u 
  400.00000m    3.1458u 
  450.00000m    6.1818u 
  500.00000m   10.4102u 
  550.00000m   15.6946u 
  600.00000m   21.8898u 
  650.00000m   28.8740u 
  700.00000m   36.5440u 
  750.00000m   44.8055u 
  800.00000m   53.5656u 
  850.00000m   62.7256u 
  900.00000m   72.1723u 
  950.00000m   81.7683u 
    1.00000    91.3524u 
y
 vth0_value= 260.5949m
 u0_param=  49.8703m
 ags_param= 410.4581m
 
   *** monte carlo  index = 612 ***
x

 volt         param     
             i_d_0.6    
    0.        121.4702p 
   50.00000m  622.3866p 
  100.00000m    3.0861n 
  150.00000m   14.3299n 
  200.00000m   60.1345n 
  250.00000m  223.4765n 
  300.00000m  722.7618n 
  350.00000m    1.9489u 
  400.00000m    4.2784u 
  450.00000m    7.8422u 
  500.00000m   12.5576u 
  550.00000m   18.2771u 
  600.00000m   24.8652u 
  650.00000m   32.2090u 
  700.00000m   40.2097u 
  750.00000m   48.7740u 
  800.00000m   57.8066u 
  850.00000m   67.2027u 
  900.00000m   76.8388u 
  950.00000m   86.5647u 
    1.00000    96.2130u 
y
 vth0_value= 239.6707m
 u0_param=  49.4953m
 ags_param= 428.3950m
 
   *** monte carlo  index = 613 ***
x

 volt         param     
             i_d_0.6    
    0.         83.8106p 
   50.00000m  430.9506p 
  100.00000m    2.1592n 
  150.00000m   10.2159n 
  200.00000m   44.0155n 
  250.00000m  168.4427n 
  300.00000m  564.4362n 
  350.00000m    1.5939u 
  400.00000m    3.6675u 
  450.00000m    6.9818u 
  500.00000m   11.4877u 
  550.00000m   17.0394u 
  600.00000m   23.4934u 
  650.00000m   30.7301u 
  700.00000m   38.6470u 
  750.00000m   47.1491u 
  800.00000m   56.1416u 
  850.00000m   65.5221u 
  900.00000m   75.1722u 
  950.00000m   84.9480u 
    1.00000    94.6838u 
y
 vth0_value= 251.4160m
 u0_param=  50.4049m
 ags_param= 416.0095m
 
   *** monte carlo  index = 614 ***
x

 volt         param     
             i_d_0.6    
    0.         79.2147p 
   50.00000m  407.4191p 
  100.00000m    2.0437n 
  150.00000m    9.6901n 
  200.00000m   41.8828n 
  250.00000m  160.8624n 
  300.00000m  541.3540n 
  350.00000m    1.5374u 
  400.00000m    3.5590u 
  450.00000m    6.8092u 
  500.00000m   11.2448u 
  550.00000m   16.7223u 
  600.00000m   23.0990u 
  650.00000m   30.2558u 
  700.00000m   38.0907u 
  750.00000m   46.5096u 
  800.00000m   55.4182u 
  850.00000m   64.7154u 
  900.00000m   74.2838u 
  950.00000m   83.9809u 
    1.00000    93.6418u 
y
 vth0_value= 252.8617m
 u0_param=  50.0120m
 ags_param= 424.1211m
 
   *** monte carlo  index = 615 ***
x

 volt         param     
             i_d_0.6    
    0.        103.0436p 
   50.00000m  528.9326p 
  100.00000m    2.6357n 
  150.00000m   12.3453n 
  200.00000m   52.4338n 
  250.00000m  197.4636n 
  300.00000m  649.1016n 
  350.00000m    1.7874u 
  400.00000m    4.0071u 
  450.00000m    7.4684u 
  500.00000m   12.1022u 
  550.00000m   17.7607u 
  600.00000m   24.3042u 
  650.00000m   31.6164u 
  700.00000m   39.5967u 
  750.00000m   48.1510u 
  800.00000m   57.1839u 
  850.00000m   66.5918u 
  900.00000m   76.2536u 
  950.00000m   86.0221u 
    1.00000    95.7305u 
y
 vth0_value= 244.9695m
 u0_param=  50.0384m
 ags_param= 405.9218m
 
   *** monte carlo  index = 616 ***
x

 volt         param     
             i_d_0.6    
    0.         77.6049p 
   50.00000m  399.1136p 
  100.00000m    2.0023n 
  150.00000m    9.4963n 
  200.00000m   41.0623n 
  250.00000m  157.7906n 
  300.00000m  531.3565n 
  350.00000m    1.5103u 
  400.00000m    3.4995u 
  450.00000m    6.7008u 
  500.00000m   11.0726u 
  550.00000m   16.4742u 
  600.00000m   22.7648u 
  650.00000m   29.8270u 
  700.00000m   37.5604u 
  750.00000m   45.8719u 
  800.00000m   54.6685u 
  850.00000m   63.8501u 
  900.00000m   73.3006u 
  950.00000m   82.8785u 
    1.00000    92.4203u 
y
 vth0_value= 253.0440m
 u0_param=  49.3367m
 ags_param= 419.8129m
 
   *** monte carlo  index = 617 ***
x

 volt         param     
             i_d_0.6    
    0.         19.4326p 
   50.00000m   99.0567p 
  100.00000m  507.9622p 
  150.00000m    2.5267n 
  200.00000m   11.7994n 
  250.00000m   49.9073n 
  300.00000m  187.0930n 
  350.00000m  611.5860n 
  400.00000m    1.6716u 
  450.00000m    3.7188u 
  500.00000m    6.8875u 
  550.00000m   11.1088u 
  600.00000m   16.2478u 
  650.00000m   22.1787u 
  700.00000m   28.7971u 
  750.00000m   36.0126u 
  800.00000m   43.7401u 
  850.00000m   51.8932u 
  900.00000m   60.3768u 
  950.00000m   69.0775u 
    1.00000    77.8563u 
y
 vth0_value= 293.1113m
 u0_param=  46.5410m
 ags_param= 407.5119m
 
   *** monte carlo  index = 618 ***
x

 volt         param     
             i_d_0.6    
    0.         44.4790p 
   50.00000m  229.0181p 
  100.00000m    1.1627n 
  150.00000m    5.6445n 
  200.00000m   25.2950n 
  250.00000m  101.3831n 
  300.00000m  358.1380n 
  350.00000m    1.0848u 
  400.00000m    2.6983u 
  450.00000m    5.4907u 
  500.00000m    9.4893u 
  550.00000m   14.5688u 
  600.00000m   20.5810u 
  650.00000m   27.3994u 
  700.00000m   34.9179u 
  750.00000m   43.0415u 
  800.00000m   51.6777u 
  850.00000m   60.7300u 
  900.00000m   70.0891u 
  950.00000m   79.6233u 
    1.00000    89.1756u 
y
 vth0_value= 270.2776m
 u0_param=  50.0655m
 ags_param= 413.9118m
 
   *** monte carlo  index = 619 ***
x

 volt         param     
             i_d_0.6    
    0.        123.1400p 
   50.00000m  630.7885p 
  100.00000m    3.1260n 
  150.00000m   14.5005n 
  200.00000m   60.7679n 
  250.00000m  225.4969n 
  300.00000m  727.9629n 
  350.00000m    1.9583u 
  400.00000m    4.2892u 
  450.00000m    7.8477u 
  500.00000m   12.5501u 
  550.00000m   18.2497u 
  600.00000m   24.8121u 
  650.00000m   32.1250u 
  700.00000m   40.0906u 
  750.00000m   48.6158u 
  800.00000m   57.6059u 
  850.00000m   66.9566u 
  900.00000m   76.5446u 
  950.00000m   86.2205u 
    1.00000    95.8178u 
y
 vth0_value= 239.0784m
 u0_param=  49.2166m
 ags_param= 403.6134m
 
   *** monte carlo  index = 620 ***
x

 volt         param     
             i_d_0.6    
    0.         66.5711p 
   50.00000m  342.6745p 
  100.00000m    1.7257n 
  150.00000m    8.2444n 
  200.00000m   36.0346n 
  250.00000m  140.1906n 
  300.00000m  478.8811n 
  350.00000m    1.3872u 
  400.00000m    3.2807u 
  450.00000m    6.3899u 
  500.00000m   10.6908u 
  550.00000m   16.0441u 
  600.00000m   22.3055u 
  650.00000m   29.3539u 
  700.00000m   37.0863u 
  750.00000m   45.4084u 
  800.00000m   54.2269u 
  850.00000m   63.4421u 
  900.00000m   72.9392u 
  950.00000m   82.5791u 
    1.00000    92.1991u 
y
 vth0_value= 258.0642m
 u0_param=  49.9670m
 ags_param= 422.3126m
 
   *** monte carlo  index = 621 ***
x

 volt         param     
             i_d_0.6    
    0.         81.8963p 
   50.00000m  420.8973p 
  100.00000m    2.1074n 
  150.00000m    9.9587n 
  200.00000m   42.8357n 
  250.00000m  163.6380n 
  300.00000m  547.2811n 
  350.00000m    1.5416u 
  400.00000m    3.5381u 
  450.00000m    6.7221u 
  500.00000m   11.0461u 
  550.00000m   16.3721u 
  600.00000m   22.5643u 
  650.00000m   29.5094u 
  700.00000m   37.1099u 
  750.00000m   45.2751u 
  800.00000m   53.9136u 
  850.00000m   62.9266u 
  900.00000m   72.1984u 
  950.00000m   81.5877u 
    1.00000    90.9324u 
y
 vth0_value= 250.6260m
 u0_param=  48.1223m
 ags_param= 421.2384m
 
   *** monte carlo  index = 622 ***
x

 volt         param     
             i_d_0.6    
    0.         65.7036p 
   50.00000m  338.0556p 
  100.00000m    1.7013n 
  150.00000m    8.1175n 
  200.00000m   35.4162n 
  250.00000m  137.5097n 
  300.00000m  468.7116n 
  350.00000m    1.3540u 
  400.00000m    3.1923u 
  450.00000m    6.2024u 
  500.00000m   10.3597u 
  550.00000m   15.5310u 
  600.00000m   21.5787u 
  650.00000m   28.3871u 
  700.00000m   35.8578u 
  750.00000m   43.9001u 
  800.00000m   52.4238u 
  850.00000m   61.3320u 
  900.00000m   70.5123u 
  950.00000m   79.8277u 
    1.00000    89.1183u 
y
 vth0_value= 257.1936m
 u0_param=  48.0303m
 ags_param= 426.3149m
 
   *** monte carlo  index = 623 ***
x

 volt         param     
             i_d_0.6    
    0.         77.9504p 
   50.00000m  400.7289p 
  100.00000m    2.0087n 
  150.00000m    9.5124n 
  200.00000m   41.0428n 
  250.00000m  157.3388n 
  300.00000m  528.3990n 
  350.00000m    1.4966u 
  400.00000m    3.4547u 
  450.00000m    6.5950u 
  500.00000m   10.8748u 
  550.00000m   16.1574u 
  600.00000m   22.3069u 
  650.00000m   29.2097u 
  700.00000m   36.7684u 
  750.00000m   44.8924u 
  800.00000m   53.4909u 
  850.00000m   62.4655u 
  900.00000m   71.7014u 
  950.00000m   81.0584u 
    1.00000    90.3749u 
y
 vth0_value= 252.0333m
 u0_param=  48.0051m
 ags_param= 423.6521m
 
   *** monte carlo  index = 624 ***
x

 volt         param     
             i_d_0.6    
    0.        128.0791p 
   50.00000m  656.5078p 
  100.00000m    3.2565n 
  150.00000m   15.1287n 
  200.00000m   63.5264n 
  250.00000m  236.2008n 
  300.00000m  764.2413n 
  350.00000m    2.0617u 
  400.00000m    4.5281u 
  450.00000m    8.3010u 
  500.00000m   13.2909u 
  550.00000m   19.3393u 
  600.00000m   26.3010u 
  650.00000m   34.0554u 
  700.00000m   42.4975u 
  750.00000m   51.5285u 
  800.00000m   61.0481u 
  850.00000m   70.9474u 
  900.00000m   81.0985u 
  950.00000m   91.3476u 
    1.00000   101.5218u 
y
 vth0_value= 239.9911m
 u0_param=  52.5390m
 ags_param= 427.4752m
 
   *** monte carlo  index = 625 ***
x

 volt         param     
             i_d_0.6    
    0.         97.2956p 
   50.00000m  499.6757p 
  100.00000m    2.4936n 
  150.00000m   11.7122n 
  200.00000m   49.9373n 
  250.00000m  188.8743n 
  300.00000m  624.1196n 
  350.00000m    1.7304u 
  400.00000m    3.9064u 
  450.00000m    7.3219u 
  500.00000m   11.9133u 
  550.00000m   17.5335u 
  600.00000m   24.0424u 
  650.00000m   31.3230u 
  700.00000m   39.2747u 
  750.00000m   47.8030u 
  800.00000m   56.8130u 
  850.00000m   66.2015u 
  900.00000m   75.8479u 
  950.00000m   85.6055u 
    1.00000    95.3076u 
y
 vth0_value= 246.6888m
 u0_param=  50.0276m
 ags_param= 430.3649m
 
   *** monte carlo  index = 626 ***
x

 volt         param     
             i_d_0.6    
    0.         72.6911p 
   50.00000m  373.9457p 
  100.00000m    1.8786n 
  150.00000m    8.9332n 
  200.00000m   38.7774n 
  250.00000m  149.6738n 
  300.00000m  506.6578n 
  350.00000m    1.4501u 
  400.00000m    3.3851u 
  450.00000m    6.5218u 
  500.00000m   10.8257u 
  550.00000m   16.1581u 
  600.00000m   22.3789u 
  650.00000m   29.3705u 
  700.00000m   37.0329u 
  750.00000m   45.2734u 
  800.00000m   53.9997u 
  850.00000m   63.1127u 
  900.00000m   72.4972u 
  950.00000m   82.0133u 
    1.00000    91.4981u 
y
 vth0_value= 254.8300m
 u0_param=  49.0574m
 ags_param= 430.5915m
 
   *** monte carlo  index = 627 ***
x

 volt         param     
             i_d_0.6    
    0.         70.2995p 
   50.00000m  361.7452p 
  100.00000m    1.8192n 
  150.00000m    8.6670n 
  200.00000m   37.7272n 
  250.00000m  146.0865n 
  300.00000m  496.3345n 
  350.00000m    1.4275u 
  400.00000m    3.3497u 
  450.00000m    6.4818u 
  500.00000m   10.7931u 
  550.00000m   16.1442u 
  600.00000m   22.3928u 
  650.00000m   29.4197u 
  700.00000m   37.1235u 
  750.00000m   45.4106u 
  800.00000m   54.1882u 
  850.00000m   63.3569u 
  900.00000m   72.8016u 
  950.00000m   82.3827u 
    1.00000    91.9376u 
y
 vth0_value= 256.1418m
 u0_param=  49.5274m
 ags_param= 416.3084m
 
   *** monte carlo  index = 628 ***
x

 volt         param     
             i_d_0.6    
    0.         72.9631p 
   50.00000m  375.3306p 
  100.00000m    1.8853n 
  150.00000m    8.9631n 
  200.00000m   38.8935n 
  250.00000m  150.0626n 
  300.00000m  507.7421n 
  350.00000m    1.4524u 
  400.00000m    3.3880u 
  450.00000m    6.5239u 
  500.00000m   10.8250u 
  550.00000m   16.1526u 
  600.00000m   22.3669u 
  650.00000m   29.3506u 
  700.00000m   37.0037u 
  750.00000m   45.2339u 
  800.00000m   53.9489u 
  850.00000m   63.0497u 
  900.00000m   72.4213u 
  950.00000m   81.9239u 
    1.00000    91.3949u 
y
 vth0_value= 254.6688m
 u0_param=  48.9827m
 ags_param= 422.5485m
 
   *** monte carlo  index = 629 ***
x

 volt         param     
             i_d_0.6    
    0.        143.2277p 
   50.00000m  732.6299p 
  100.00000m    3.6168n 
  150.00000m   16.6645n 
  200.00000m   69.2077n 
  250.00000m  254.2607n 
  300.00000m  810.5421n 
  350.00000m    2.1458u 
  400.00000m    4.6274u 
  450.00000m    8.3632u 
  500.00000m   13.2574u 
  550.00000m   19.1590u 
  600.00000m   25.9322u 
  650.00000m   33.4638u 
  700.00000m   41.6541u 
  750.00000m   50.4083u 
  800.00000m   59.6291u 
  850.00000m   69.2091u 
  900.00000m   79.0212u 
  950.00000m   88.9117u 
    1.00000    98.7114u 
y
 vth0_value= 235.1862m
 u0_param=  50.2304m
 ags_param= 422.5790m
 
   *** monte carlo  index = 630 ***
x

 volt         param     
             i_d_0.6    
    0.         38.2217p 
   50.00000m  196.6070p 
  100.00000m  999.9267p 
  150.00000m    4.8738n 
  200.00000m   21.9841n 
  250.00000m   88.8324n 
  300.00000m  316.6813n 
  350.00000m  970.9116n 
  400.00000m    2.4498u 
  450.00000m    5.0502u 
  500.00000m    8.8148u 
  550.00000m   13.6294u 
  600.00000m   19.3522u 
  650.00000m   25.8604u 
  700.00000m   33.0515u 
  750.00000m   40.8340u 
  800.00000m   49.1189u 
  850.00000m   57.8133u 
  900.00000m   66.8124u 
  950.00000m   75.9890u 
    1.00000    85.1907u 
y
 vth0_value= 273.6146m
 u0_param=  48.1538m
 ags_param= 415.9256m
 
   *** monte carlo  index = 631 ***
x

 volt         param     
             i_d_0.6    
    0.        200.1835p 
   50.00000m    1.0197n 
  100.00000m    4.9852n 
  150.00000m   22.5948n 
  200.00000m   91.8502n 
  250.00000m  329.5923n 
  300.00000m    1.0193u 
  350.00000m    2.5993u 
  400.00000m    5.4112u 
  450.00000m    9.5171u 
  500.00000m   14.7965u 
  550.00000m   21.0927u 
  600.00000m   28.2689u 
  650.00000m   36.2108u 
  700.00000m   44.8165u 
  750.00000m   53.9878u 
  800.00000m   63.6228u 
  850.00000m   73.6083u 
  900.00000m   83.8097u 
  950.00000m   94.0656u 
    1.00000   104.2028u 
y
 vth0_value= 226.1521m
 u0_param=  51.8958m
 ags_param= 424.8994m
 
   *** monte carlo  index = 632 ***
x

 volt         param     
             i_d_0.6    
    0.         34.6062p 
   50.00000m  177.8728p 
  100.00000m  905.8003p 
  150.00000m    4.4278n 
  200.00000m   20.0673n 
  250.00000m   81.5749n 
  300.00000m  292.7499n 
  350.00000m  905.4206n 
  400.00000m    2.3087u 
  450.00000m    4.8051u 
  500.00000m    8.4487u 
  550.00000m   13.1318u 
  600.00000m   18.7147u 
  650.00000m   25.0760u 
  700.00000m   32.1144u 
  750.00000m   39.7393u 
  800.00000m   47.8637u 
  850.00000m   56.3963u 
  900.00000m   65.2344u 
  950.00000m   74.2538u 
    1.00000    83.3043u 
y
 vth0_value= 276.1065m
 u0_param=  47.3836m
 ags_param= 412.0220m
 
   *** monte carlo  index = 633 ***
x

 volt         param     
             i_d_0.6    
    0.         66.8029p 
   50.00000m  343.8685p 
  100.00000m    1.7317n 
  150.00000m    8.2719n 
  200.00000m   36.1497n 
  250.00000m  140.6139n 
  300.00000m  480.2291n 
  350.00000m    1.3908u 
  400.00000m    3.2880u 
  450.00000m    6.4025u 
  500.00000m   10.7098u 
  550.00000m   16.0705u 
  600.00000m   22.3398u 
  650.00000m   29.3966u 
  700.00000m   37.1379u 
  750.00000m   45.4693u 
  800.00000m   54.2973u 
  850.00000m   63.5220u 
  900.00000m   73.0289u 
  950.00000m   82.6784u 
    1.00000    92.3080u 
y
 vth0_value= 257.9959m
 u0_param=  50.0238m
 ags_param= 419.5955m
 
   *** monte carlo  index = 634 ***
x

 volt         param     
             i_d_0.6    
    0.         87.3414p 
   50.00000m  448.8912p 
  100.00000m    2.2460n 
  150.00000m   10.5992n 
  200.00000m   45.4995n 
  250.00000m  173.4067n 
  300.00000m  578.2738n 
  350.00000m    1.6226u 
  400.00000m    3.7090u 
  450.00000m    7.0227u 
  500.00000m   11.5105u 
  550.00000m   17.0280u 
  600.00000m   23.4348u 
  650.00000m   30.6136u 
  700.00000m   38.4637u 
  750.00000m   46.8915u 
  800.00000m   55.8029u 
  850.00000m   65.0961u 
  900.00000m   74.6527u 
  950.00000m   84.3283u 
    1.00000    93.9578u 
y
 vth0_value= 249.7358m
 u0_param=  49.7182m
 ags_param= 426.4437m
 
   *** monte carlo  index = 635 ***
x

 volt         param     
             i_d_0.6    
    0.         63.5441p 
   50.00000m  327.0914p 
  100.00000m    1.6484n 
  150.00000m    7.8858n 
  200.00000m   34.5401n 
  250.00000m  134.7093n 
  300.00000m  461.4896n 
  350.00000m    1.3420u 
  400.00000m    3.1873u 
  450.00000m    6.2307u 
  500.00000m   10.4527u 
  550.00000m   15.7174u 
  600.00000m   21.8820u 
  650.00000m   28.8269u 
  700.00000m   36.4503u 
  750.00000m   44.6592u 
  800.00000m   53.3612u 
  850.00000m   62.4579u 
  900.00000m   71.8361u 
  950.00000m   81.3579u 
    1.00000    90.8619u 
y
 vth0_value= 259.0525m
 u0_param=  49.3269m
 ags_param= 426.1177m
 
   *** monte carlo  index = 636 ***
x

 volt         param     
             i_d_0.6    
    0.         44.0513p 
   50.00000m  226.7614p 
  100.00000m    1.1509n 
  150.00000m    5.5848n 
  200.00000m   25.0093n 
  250.00000m  100.1533n 
  300.00000m  353.4891n 
  350.00000m    1.0695u 
  400.00000m    2.6570u 
  450.00000m    5.4008u 
  500.00000m    9.3269u 
  550.00000m   14.3130u 
  600.00000m   20.2145u 
  650.00000m   26.9078u 
  700.00000m   34.2895u 
  750.00000m   42.2663u 
  800.00000m   50.7478u 
  850.00000m   59.6386u 
  900.00000m   68.8311u 
  950.00000m   78.1946u 
    1.00000    87.5733u 
y
 vth0_value= 269.9036m
 u0_param=  49.0323m
 ags_param= 416.6340m
 
   *** monte carlo  index = 637 ***
x

 volt         param     
             i_d_0.6    
    0.         64.9369p 
   50.00000m  334.2073p 
  100.00000m    1.6832n 
  150.00000m    8.0422n 
  200.00000m   35.1596n 
  250.00000m  136.8317n 
  300.00000m  467.6186n 
  350.00000m    1.3555u 
  400.00000m    3.2078u 
  450.00000m    6.2519u 
  500.00000m   10.4655u 
  550.00000m   15.7129u 
  600.00000m   21.8529u 
  650.00000m   28.7670u 
  700.00000m   36.3545u 
  750.00000m   44.5228u 
  800.00000m   53.1804u 
  850.00000m   62.2292u 
  900.00000m   71.5559u 
  950.00000m   81.0230u 
    1.00000    90.4695u 
y
 vth0_value= 258.1698m
 u0_param=  48.9735m
 ags_param= 417.4648m
 
   *** monte carlo  index = 638 ***
x

 volt         param     
             i_d_0.6    
    0.        143.6521p 
   50.00000m  734.9384p 
  100.00000m    3.6294n 
  150.00000m   16.7321n 
  200.00000m   69.5393n 
  250.00000m  255.6734n 
  300.00000m  815.7986n 
  350.00000m    2.1622u 
  400.00000m    4.6679u 
  450.00000m    8.4433u 
  500.00000m   13.3915u 
  550.00000m   19.3594u 
  600.00000m   26.2090u 
  650.00000m   33.8252u 
  700.00000m   42.1072u 
  750.00000m   50.9590u 
  800.00000m   60.2821u 
  850.00000m   69.9685u 
  900.00000m   79.8901u 
  950.00000m   89.8925u 
    1.00000    99.8051u 
y
 vth0_value= 235.5112m
 u0_param=  50.8819m
 ags_param= 427.0541m
 
   *** monte carlo  index = 639 ***
x

 volt         param     
             i_d_0.6    
    0.        114.6996p 
   50.00000m  588.0942p 
  100.00000m    2.9213n 
  150.00000m   13.6067n 
  200.00000m   57.3434n 
  250.00000m  214.1045n 
  300.00000m  696.4616n 
  350.00000m    1.8919u 
  400.00000m    4.1840u 
  450.00000m    7.7137u 
  500.00000m   12.4029u 
  550.00000m   18.1038u 
  600.00000m   24.6793u 
  650.00000m   32.0152u 
  700.00000m   40.0121u 
  750.00000m   48.5764u 
  800.00000m   57.6127u 
  850.00000m   67.0166u 
  900.00000m   76.6656u 
  950.00000m   86.4104u 
    1.00000    96.0839u 
y
 vth0_value= 241.5357m
 u0_param=  49.7110m
 ags_param= 417.8816m
 
   *** monte carlo  index = 640 ***
x

 volt         param     
             i_d_0.6    
    0.         44.4084p 
   50.00000m  228.5832p 
  100.00000m    1.1598n 
  150.00000m    5.6241n 
  200.00000m   25.1592n 
  250.00000m  100.6278n 
  300.00000m  354.6824n 
  350.00000m    1.0713u 
  400.00000m    2.6557u 
  450.00000m    5.3884u 
  500.00000m    9.2932u 
  550.00000m   14.2483u 
  600.00000m   20.1107u 
  650.00000m   26.7585u 
  700.00000m   34.0891u 
  750.00000m   42.0104u 
  800.00000m   50.4323u 
  850.00000m   59.2604u 
  900.00000m   68.3871u 
  950.00000m   77.6822u 
    1.00000    86.9903u 
y
 vth0_value= 269.3757m
 u0_param=  48.5981m
 ags_param= 418.1969m
 
   *** monte carlo  index = 641 ***
x

 volt         param     
             i_d_0.6    
    0.         51.4654p 
   50.00000m  264.9783p 
  100.00000m    1.3409n 
  150.00000m    6.4678n 
  200.00000m   28.6897n 
  250.00000m  113.5773n 
  300.00000m  395.7541n 
  350.00000m    1.1772u 
  400.00000m    2.8675u 
  450.00000m    5.7287u 
  500.00000m    9.7664u 
  550.00000m   14.8520u 
  600.00000m   20.8424u 
  650.00000m   27.6164u 
  700.00000m   35.0716u 
  750.00000m   43.1155u 
  800.00000m   51.6570u 
  850.00000m   60.6001u 
  900.00000m   69.8351u 
  950.00000m   79.2288u 
    1.00000    88.6234u 
y
 vth0_value= 265.1560m
 u0_param=  48.9475m
 ags_param= 408.6102m
 
   *** monte carlo  index = 642 ***
x

 volt         param     
             i_d_0.6    
    0.         47.0972p 
   50.00000m  242.5166p 
  100.00000m    1.2298n 
  150.00000m    5.9565n 
  200.00000m   26.5942n 
  250.00000m  106.1082n 
  300.00000m  372.9522n 
  350.00000m    1.1222u 
  400.00000m    2.7698u 
  450.00000m    5.5978u 
  500.00000m    9.6250u 
  550.00000m   14.7242u 
  600.00000m   20.7485u 
  650.00000m   27.5728u 
  700.00000m   35.0920u 
  750.00000m   43.2116u 
  800.00000m   51.8397u 
  850.00000m   60.8793u 
  900.00000m   70.2210u 
  950.00000m   79.7323u 
    1.00000    89.2557u 
y
 vth0_value= 268.3987m
 u0_param=  49.8258m
 ags_param= 408.9984m
 
   *** monte carlo  index = 643 ***
x

 volt         param     
             i_d_0.6    
    0.         97.9912p 
   50.00000m  503.0550p 
  100.00000m    2.5085n 
  150.00000m   11.7649n 
  200.00000m   50.0620n 
  250.00000m  188.9359n 
  300.00000m  622.7354n 
  350.00000m    1.7208u 
  400.00000m    3.8718u 
  450.00000m    7.2379u 
  500.00000m   11.7548u 
  550.00000m   17.2791u 
  600.00000m   23.6742u 
  650.00000m   30.8264u 
  700.00000m   38.6373u 
  750.00000m   47.0146u 
  800.00000m   55.8647u 
  850.00000m   65.0861u 
  900.00000m   74.5590u 
  950.00000m   84.1381u 
    1.00000    93.6583u 
y
 vth0_value= 245.7831m
 u0_param=  48.9608m
 ags_param= 425.1064m
 
   *** monte carlo  index = 644 ***
x

 volt         param     
             i_d_0.6    
    0.         91.4352p 
   50.00000m  469.6910p 
  100.00000m    2.3466n 
  150.00000m   11.0439n 
  200.00000m   47.2257n 
  250.00000m  179.2110n 
  300.00000m  594.5815n 
  350.00000m    1.6572u 
  400.00000m    3.7618u 
  450.00000m    7.0825u 
  500.00000m   11.5614u 
  550.00000m   17.0554u 
  600.00000m   23.4264u 
  650.00000m   30.5593u 
  700.00000m   38.3549u 
  750.00000m   46.7207u 
  800.00000m   55.5632u 
  850.00000m   64.7812u 
  900.00000m   74.2562u 
  950.00000m   83.8443u 
    1.00000    93.3807u 
y
 vth0_value= 247.9857m
 u0_param=  49.1439m
 ags_param= 411.3525m
 
   *** monte carlo  index = 645 ***
x

 volt         param     
             i_d_0.6    
    0.         50.6024p 
   50.00000m  260.5658p 
  100.00000m    1.3194n 
  150.00000m    6.3709n 
  200.00000m   28.3089n 
  250.00000m  112.3009n 
  300.00000m  392.1991n 
  350.00000m    1.1701u 
  400.00000m    2.8601u 
  450.00000m    5.7310u 
  500.00000m    9.7918u 
  550.00000m   14.9132u 
  600.00000m   20.9501u 
  650.00000m   27.7794u 
  700.00000m   35.2974u 
  750.00000m   43.4104u 
  800.00000m   52.0267u 
  850.00000m   61.0494u 
  900.00000m   70.3681u 
  950.00000m   79.8494u 
    1.00000    89.3345u 
y
 vth0_value= 266.0165m
 u0_param=  49.4877m
 ags_param= 423.2343m
 
   *** monte carlo  index = 646 ***
x

 volt         param     
             i_d_0.6    
    0.         67.5591p 
   50.00000m  347.7531p 
  100.00000m    1.7509n 
  150.00000m    8.3603n 
  200.00000m   36.5135n 
  250.00000m  141.9279n 
  300.00000m  484.3172n 
  350.00000m    1.4011u 
  400.00000m    3.3084u 
  450.00000m    6.4356u 
  500.00000m   10.7570u 
  550.00000m   16.1326u 
  600.00000m   22.4176u 
  650.00000m   29.4906u 
  700.00000m   37.2486u 
  750.00000m   45.5969u 
  800.00000m   54.4420u 
  850.00000m   63.6838u 
  900.00000m   73.2074u 
  950.00000m   82.8732u 
    1.00000    92.5183u 
y
 vth0_value= 257.7096m
 u0_param=  50.1059m
 ags_param= 417.5684m
 
   *** monte carlo  index = 647 ***
x

 volt         param     
             i_d_0.6    
    0.         82.4996p 
   50.00000m  424.1054p 
  100.00000m    2.1243n 
  150.00000m   10.0457n 
  200.00000m   43.2529n 
  250.00000m  165.4075n 
  300.00000m  553.8505n 
  350.00000m    1.5625u 
  400.00000m    3.5917u 
  450.00000m    6.8323u 
  500.00000m   11.2364u 
  550.00000m   16.6624u 
  600.00000m   22.9709u 
  650.00000m   30.0457u 
  700.00000m   37.7870u 
  750.00000m   46.1021u 
  800.00000m   54.8981u 
  850.00000m   64.0746u 
  900.00000m   73.5150u 
  950.00000m   83.0770u 
    1.00000    92.5973u 
y
 vth0_value= 251.0909m
 u0_param=  49.1624m
 ags_param= 406.2356m
 
   *** monte carlo  index = 648 ***
x

 volt         param     
             i_d_0.6    
    0.         94.5856p 
   50.00000m  485.7772p 
  100.00000m    2.4252n 
  150.00000m   11.3982n 
  200.00000m   48.6461n 
  250.00000m  184.1980n 
  300.00000m  609.5143n 
  350.00000m    1.6930u 
  400.00000m    3.8291u 
  450.00000m    7.1883u 
  500.00000m   11.7093u 
  550.00000m   17.2475u 
  600.00000m   23.6647u 
  650.00000m   30.8454u 
  700.00000m   38.6901u 
  750.00000m   47.1058u 
  800.00000m   55.9985u 
  850.00000m   65.2665u 
  900.00000m   74.7905u 
  950.00000m   84.4257u 
    1.00000    94.0069u 
y
 vth0_value= 247.1181m
 u0_param=  49.3762m
 ags_param= 407.8869m
 
   *** monte carlo  index = 649 ***
x

 volt         param     
             i_d_0.6    
    0.         95.1612p 
   50.00000m  488.8665p 
  100.00000m    2.4417n 
  150.00000m   11.4853n 
  200.00000m   49.0727n 
  250.00000m  186.0351n 
  300.00000m  616.4312n 
  350.00000m    1.7152u 
  400.00000m    3.8864u 
  450.00000m    7.3060u 
  500.00000m   11.9122u 
  550.00000m   17.5569u 
  600.00000m   24.0979u 
  650.00000m   31.4171u 
  700.00000m   39.4124u 
  750.00000m   47.9888u 
  800.00000m   57.0507u 
  850.00000m   66.4947u 
  900.00000m   76.2002u 
  950.00000m   86.0209u 
    1.00000    95.7898u 
y
 vth0_value= 247.6337m
 u0_param=  50.4633m
 ags_param= 416.5906m
 
   *** monte carlo  index = 650 ***
x

 volt         param     
             i_d_0.6    
    0.         57.8434p 
   50.00000m  297.7729p 
  100.00000m    1.5032n 
  150.00000m    7.2156n 
  200.00000m   31.7678n 
  250.00000m  124.6503n 
  300.00000m  430.0082n 
  350.00000m    1.2621u 
  400.00000m    3.0285u 
  450.00000m    5.9725u 
  500.00000m   10.0848u 
  550.00000m   15.2337u 
  600.00000m   21.2777u 
  650.00000m   28.0974u 
  700.00000m   35.5918u 
  750.00000m   43.6689u 
  800.00000m   52.2376u 
  850.00000m   61.2012u 
  900.00000m   70.4486u 
  950.00000m   79.8447u 
    1.00000    89.2304u 
y
 vth0_value= 261.5109m
 u0_param=  48.7567m
 ags_param= 408.8823m
 
   *** monte carlo  index = 651 ***
x

 volt         param     
             i_d_0.6    
    0.         92.3836p 
   50.00000m  474.7514p 
  100.00000m    2.3734n 
  150.00000m   11.1831n 
  200.00000m   47.8972n 
  250.00000m  182.0687n 
  300.00000m  605.2244n 
  350.00000m    1.6911u 
  400.00000m    3.8484u 
  450.00000m    7.2600u 
  500.00000m   11.8670u 
  550.00000m   17.5206u 
  600.00000m   24.0772u 
  650.00000m   31.4174u 
  700.00000m   39.4383u 
  750.00000m   48.0444u 
  800.00000m   57.1396u 
  850.00000m   66.6204u 
  900.00000m   76.3663u 
  950.00000m   86.2313u 
    1.00000    96.0483u 
y
 vth0_value= 248.7249m
 u0_param=  50.7802m
 ags_param= 415.8252m
 
   *** monte carlo  index = 652 ***
x

 volt         param     
             i_d_0.6    
    0.        126.4040p 
   50.00000m  647.3168p 
  100.00000m    3.2055n 
  150.00000m   14.8490n 
  200.00000m   62.1152n 
  250.00000m  230.0362n 
  300.00000m  740.7726n 
  350.00000m    1.9864u 
  400.00000m    4.3374u 
  450.00000m    7.9166u 
  500.00000m   12.6384u 
  550.00000m   18.3561u 
  600.00000m   24.9355u 
  650.00000m   32.2650u 
  700.00000m   40.2466u 
  750.00000m   48.7874u 
  800.00000m   57.7923u 
  850.00000m   67.1567u 
  900.00000m   76.7567u 
  950.00000m   86.4420u 
    1.00000    96.0458u 
y
 vth0_value= 238.2870m
 u0_param=  49.2101m
 ags_param= 418.9934m
 
   *** monte carlo  index = 653 ***
x

 volt         param     
             i_d_0.6    
    0.         52.8029p 
   50.00000m  271.8585p 
  100.00000m    1.3750n 
  150.00000m    6.6250n 
  200.00000m   29.3377n 
  250.00000m  115.9101n 
  300.00000m  402.9784n 
  350.00000m    1.1951u 
  400.00000m    2.9013u 
  450.00000m    5.7795u 
  500.00000m    9.8317u 
  550.00000m   14.9290u 
  600.00000m   20.9288u 
  650.00000m   27.7103u 
  700.00000m   35.1717u 
  750.00000m   43.2205u 
  800.00000m   51.7658u 
  850.00000m   60.7114u 
  900.00000m   69.9471u 
  950.00000m   79.3391u 
    1.00000    88.7289u 
y
 vth0_value= 264.3303m
 u0_param=  48.8674m
 ags_param= 424.1380m
 
   *** monte carlo  index = 654 ***
x

 volt         param     
             i_d_0.6    
    0.         63.2048p 
   50.00000m  325.3224p 
  100.00000m    1.6394n 
  150.00000m    7.8421n 
  200.00000m   34.3443n 
  250.00000m  133.9290n 
  300.00000m  458.7612n 
  350.00000m    1.3339u 
  400.00000m    3.1675u 
  450.00000m    6.1911u 
  500.00000m   10.3856u 
  550.00000m   15.6160u 
  600.00000m   21.7407u 
  650.00000m   28.6411u 
  700.00000m   36.2160u 
  750.00000m   44.3731u 
  800.00000m   53.0206u 
  850.00000m   62.0608u 
  900.00000m   71.3807u 
  950.00000m   80.8432u 
    1.00000    90.2875u 
y
 vth0_value= 258.9920m
 u0_param=  48.9863m
 ags_param= 421.0008m
 
   *** monte carlo  index = 655 ***
x

 volt         param     
             i_d_0.6    
    0.        131.9341p 
   50.00000m  675.4610p 
  100.00000m    3.3421n 
  150.00000m   15.4597n 
  200.00000m   64.5434n 
  250.00000m  238.5040n 
  300.00000m  765.8978n 
  350.00000m    2.0465u 
  400.00000m    4.4529u 
  450.00000m    8.1048u 
  500.00000m   12.9125u 
  550.00000m   18.7266u 
  600.00000m   25.4113u 
  650.00000m   32.8534u 
  700.00000m   40.9535u 
  750.00000m   49.6176u 
  800.00000m   58.7493u 
  850.00000m   68.2425u 
  900.00000m   77.9720u 
  950.00000m   87.7859u 
    1.00000    97.5159u 
y
 vth0_value= 237.4499m
 u0_param=  49.9061m
 ags_param= 418.5753m
 
   *** monte carlo  index = 656 ***
x

 volt         param     
             i_d_0.6    
    0.         86.1394p 
   50.00000m  442.7663p 
  100.00000m    2.2162n 
  150.00000m   10.4661n 
  200.00000m   44.9740n 
  250.00000m  171.6008n 
  300.00000m  573.0280n 
  350.00000m    1.6108u 
  400.00000m    3.6888u 
  450.00000m    6.9950u 
  500.00000m   11.4775u 
  550.00000m   16.9920u 
  600.00000m   23.3975u 
  650.00000m   30.5764u 
  700.00000m   38.4277u 
  750.00000m   46.8577u 
  800.00000m   55.7722u 
  850.00000m   65.0696u 
  900.00000m   74.6315u 
  950.00000m   84.3142u 
    1.00000    93.9523u 
y
 vth0_value= 250.2008m
 u0_param=  49.7931m
 ags_param= 419.6939m
 
   *** monte carlo  index = 657 ***
x

 volt         param     
             i_d_0.6    
    0.         39.1597p 
   50.00000m  201.4643p 
  100.00000m    1.0243n 
  150.00000m    4.9892n 
  200.00000m   22.4782n 
  250.00000m   90.6978n 
  300.00000m  322.8103n 
  350.00000m  987.5982n 
  400.00000m    2.4856u 
  450.00000m    5.1122u 
  500.00000m    8.9072u 
  550.00000m   13.7551u 
  600.00000m   19.5132u 
  650.00000m   26.0584u 
  700.00000m   33.2879u 
  750.00000m   41.1098u 
  800.00000m   49.4348u 
  850.00000m   58.1696u 
  900.00000m   67.2087u 
  950.00000m   76.4246u 
    1.00000    85.6642u 
y
 vth0_value= 273.0164m
 u0_param=  48.3573m
 ags_param= 410.3277m
 
   *** monte carlo  index = 658 ***
x

 volt         param     
             i_d_0.6    
    0.         94.5396p 
   50.00000m  485.6068p 
  100.00000m    2.4250n 
  150.00000m   11.4027n 
  200.00000m   48.6973n 
  250.00000m  184.5235n 
  300.00000m  611.0969n 
  350.00000m    1.6992u 
  400.00000m    3.8474u 
  450.00000m    7.2289u 
  500.00000m   11.7824u 
  550.00000m   17.3620u 
  600.00000m   23.8277u 
  650.00000m   31.0630u 
  700.00000m   38.9673u 
  750.00000m   47.4467u 
  800.00000m   56.4067u 
  850.00000m   65.7449u 
  900.00000m   75.3415u 
  950.00000m   85.0512u 
    1.00000    94.7082u 
y
 vth0_value= 247.4198m
 u0_param=  49.8203m
 ags_param= 409.0282m
 
   *** monte carlo  index = 659 ***
x

 volt         param     
             i_d_0.6    
    0.         70.9331p 
   50.00000m  364.9859p 
  100.00000m    1.8350n 
  150.00000m    8.7387n 
  200.00000m   38.0149n 
  250.00000m  147.0913n 
  300.00000m  499.3221n 
  350.00000m    1.4345u 
  400.00000m    3.3620u 
  450.00000m    6.4990u 
  500.00000m   10.8138u 
  550.00000m   16.1672u 
  600.00000m   22.4171u 
  650.00000m   29.4447u 
  700.00000m   37.1486u 
  750.00000m   45.4355u 
  800.00000m   54.2125u 
  850.00000m   63.3800u 
  900.00000m   72.8230u 
  950.00000m   82.4012u 
    1.00000    91.9519u 
y
 vth0_value= 255.8371m
 u0_param=  49.4738m
 ags_param= 429.8986m
 
   *** monte carlo  index = 660 ***
x

 volt         param     
             i_d_0.6    
    0.         41.1453p 
   50.00000m  211.6525p 
  100.00000m    1.0744n 
  150.00000m    5.2171n 
  200.00000m   23.3886n 
  250.00000m   93.7984n 
  300.00000m  331.6456n 
  350.00000m    1.0059u 
  400.00000m    2.5060u 
  450.00000m    5.1076u 
  500.00000m    8.8397u 
  550.00000m   13.5878u 
  600.00000m   19.2153u 
  650.00000m   25.6049u 
  700.00000m   32.6579u 
  750.00000m   40.2856u 
  800.00000m   48.4014u 
  850.00000m   56.9138u 
  900.00000m   65.7187u 
  950.00000m   74.6890u 
    1.00000    83.6727u 
y
 vth0_value= 270.4474m
 u0_param=  46.7603m
 ags_param= 422.8754m
 
   *** monte carlo  index = 661 ***
x

 volt         param     
             i_d_0.6    
    0.         19.9705p 
   50.00000m  101.8747p 
  100.00000m  522.4573p 
  150.00000m    2.5986n 
  200.00000m   12.1323n 
  250.00000m   51.2984n 
  300.00000m  192.2266n 
  350.00000m  627.9972n 
  400.00000m    1.7151u 
  450.00000m    3.8126u 
  500.00000m    7.0562u 
  550.00000m   11.3745u 
  600.00000m   16.6289u 
  650.00000m   22.6904u 
  700.00000m   29.4521u 
  750.00000m   36.8215u 
  800.00000m   44.7116u 
  850.00000m   53.0343u 
  900.00000m   61.6927u 
  950.00000m   70.5718u 
    1.00000    79.5308u 
y
 vth0_value= 292.9814m
 u0_param=  47.5846m
 ags_param= 413.2188m
 
   *** monte carlo  index = 662 ***
x

 volt         param     
             i_d_0.6    
    0.         67.1662p 
   50.00000m  345.7095p 
  100.00000m    1.7405n 
  150.00000m    8.3104n 
  200.00000m   36.2931n 
  250.00000m  141.0621n 
  300.00000m  481.3374n 
  350.00000m    1.3924u 
  400.00000m    3.2876u 
  450.00000m    6.3949u 
  500.00000m   10.6890u 
  550.00000m   16.0309u 
  600.00000m   22.2768u 
  650.00000m   29.3065u 
  700.00000m   37.0173u 
  750.00000m   45.3156u 
  800.00000m   54.1080u 
  850.00000m   63.2953u 
  900.00000m   72.7628u 
  950.00000m   82.3716u 
    1.00000    91.9592u 
y
 vth0_value= 257.6732m
 u0_param=  49.7749m
 ags_param= 414.8361m
 
   *** monte carlo  index = 663 ***
x

 volt         param     
             i_d_0.6    
    0.        106.0364p 
   50.00000m  544.1264p 
  100.00000m    2.7090n 
  150.00000m   12.6694n 
  200.00000m   53.6947n 
  250.00000m  201.7316n 
  300.00000m  661.2269n 
  350.00000m    1.8140u 
  400.00000m    4.0514u 
  450.00000m    7.5285u 
  500.00000m   12.1735u 
  550.00000m   17.8391u 
  600.00000m   24.3864u 
  650.00000m   31.7002u 
  700.00000m   39.6801u 
  750.00000m   48.2323u 
  800.00000m   57.2614u 
  850.00000m   66.6636u 
  900.00000m   76.3172u 
  950.00000m   86.0741u 
    1.00000    95.7671u 
y
 vth0_value= 244.0125m
 u0_param=  49.8889m
 ags_param= 428.4934m
 
   *** monte carlo  index = 664 ***
x

 volt         param     
             i_d_0.6    
    0.         90.0293p 
   50.00000m  462.5487p 
  100.00000m    2.3120n 
  150.00000m   10.8912n 
  200.00000m   46.6328n 
  250.00000m  177.2156n 
  300.00000m  588.9719n 
  350.00000m    1.6453u 
  400.00000m    3.7435u 
  450.00000m    7.0615u 
  500.00000m   11.5430u 
  550.00000m   17.0447u 
  600.00000m   23.4277u 
  650.00000m   30.5765u 
  700.00000m   38.3913u 
  750.00000m   46.7791u 
  800.00000m   55.6464u 
  850.00000m   64.8917u 
  900.00000m   74.3962u 
  950.00000m   84.0154u 
    1.00000    93.5843u 
y
 vth0_value= 248.5664m
 u0_param=  49.3199m
 ags_param= 434.2371m
 
   *** monte carlo  index = 665 ***
x

 volt         param     
             i_d_0.6    
    0.         76.2911p 
   50.00000m  392.3837p 
  100.00000m    1.9692n 
  150.00000m    9.3456n 
  200.00000m   40.4499n 
  250.00000m  155.6097n 
  300.00000m  524.6942n 
  350.00000m    1.4940u 
  400.00000m    3.4680u 
  450.00000m    6.6504u 
  500.00000m   11.0014u 
  550.00000m   16.3807u 
  600.00000m   22.6478u 
  650.00000m   29.6853u 
  700.00000m   37.3929u 
  750.00000m   45.6776u 
  800.00000m   54.4468u 
  850.00000m   63.6009u 
  900.00000m   73.0241u 
  950.00000m   82.5758u 
    1.00000    92.0933u 
y
 vth0_value= 253.4903m
 u0_param=  49.2331m
 ags_param= 403.6158m
 
   *** monte carlo  index = 666 ***
x

 volt         param     
             i_d_0.6    
    0.         75.7098p 
   50.00000m  389.4476p 
  100.00000m    1.9552n 
  150.00000m    9.2854n 
  200.00000m   40.2286n 
  250.00000m  154.9299n 
  300.00000m  523.0689n 
  350.00000m    1.4919u 
  400.00000m    3.4693u 
  450.00000m    6.6628u 
  500.00000m   11.0337u 
  550.00000m   16.4409u 
  600.00000m   22.7425u 
  650.00000m   29.8202u 
  700.00000m   37.5727u 
  750.00000m   45.9066u 
  800.00000m   54.7285u 
  850.00000m   63.9383u 
  900.00000m   73.4198u 
  950.00000m   83.0319u 
    1.00000    92.6109u 
y
 vth0_value= 253.9476m
 u0_param=  49.5837m
 ags_param= 419.4819m
 
   *** monte carlo  index = 667 ***
x

 volt         param     
             i_d_0.6    
    0.        106.2901p 
   50.00000m  545.2337p 
  100.00000m    2.7126n 
  150.00000m   12.6706n 
  200.00000m   53.6087n 
  250.00000m  201.0435n 
  300.00000m  657.5590n 
  350.00000m    1.7989u 
  400.00000m    4.0067u 
  450.00000m    7.4293u 
  500.00000m   11.9954u 
  550.00000m   17.5609u 
  600.00000m   23.9909u 
  650.00000m   31.1727u 
  700.00000m   39.0087u 
  750.00000m   47.4067u 
  800.00000m   56.2730u 
  850.00000m   65.5055u 
  900.00000m   74.9834u 
  950.00000m   84.5600u 
    1.00000    94.0699u 
y
 vth0_value= 243.2509m
 u0_param=  48.8285m
 ags_param= 419.7367m
 
   *** monte carlo  index = 668 ***
x

 volt         param     
             i_d_0.6    
    0.         81.5869p 
   50.00000m  419.4240p 
  100.00000m    2.1013n 
  150.00000m    9.9400n 
  200.00000m   42.8193n 
  250.00000m  163.8441n 
  300.00000m  549.0024n 
  350.00000m    1.5503u 
  400.00000m    3.5672u 
  450.00000m    6.7914u 
  500.00000m   11.1762u 
  550.00000m   16.5809u 
  600.00000m   22.8665u 
  650.00000m   29.9173u 
  700.00000m   37.6338u 
  750.00000m   45.9236u 
  800.00000m   54.6940u 
  850.00000m   63.8450u 
  900.00000m   73.2598u 
  950.00000m   82.7963u 
    1.00000    92.2908u 
y
 vth0_value= 251.3166m
 u0_param=  48.9956m
 ags_param= 427.1036m
 
   *** monte carlo  index = 669 ***
x

 volt         param     
             i_d_0.6    
    0.         69.9059p 
   50.00000m  359.8087p 
  100.00000m    1.8104n 
  150.00000m    8.6343n 
  200.00000m   37.6419n 
  250.00000m  146.0053n 
  300.00000m  497.0074n 
  350.00000m    1.4331u 
  400.00000m    3.3719u 
  450.00000m    6.5393u 
  500.00000m   10.9060u 
  550.00000m   16.3303u 
  600.00000m   22.6666u 
  650.00000m   29.7934u 
  700.00000m   37.6070u 
  750.00000m   46.0124u 
  800.00000m   54.9154u 
  850.00000m   64.2153u 
  900.00000m   73.7964u 
  950.00000m   83.5181u 
    1.00000    93.2168u 
y
 vth0_value= 256.8597m
 u0_param=  50.3848m
 ags_param= 418.1038m
 
   *** monte carlo  index = 670 ***
x

 volt         param     
             i_d_0.6    
    0.        128.0386p 
   50.00000m  655.7534p 
  100.00000m    3.2475n 
  150.00000m   15.0462n 
  200.00000m   62.9512n 
  250.00000m  233.1671n 
  300.00000m  750.9613n 
  350.00000m    2.0141u 
  400.00000m    4.3985u 
  450.00000m    8.0286u 
  500.00000m   12.8174u 
  550.00000m   18.6153u 
  600.00000m   25.2861u 
  650.00000m   32.7161u 
  700.00000m   40.8059u 
  750.00000m   49.4612u 
  800.00000m   58.5858u 
  850.00000m   68.0739u 
  900.00000m   77.8006u 
  950.00000m   87.6145u 
    1.00000    97.3472u 
y
 vth0_value= 238.3753m
 u0_param=  49.9429m
 ags_param= 423.9620m
 
   *** monte carlo  index = 671 ***
x

 volt         param     
             i_d_0.6    
    0.        170.4441p 
   50.00000m  869.7787p 
  100.00000m    4.2700n 
  150.00000m   19.4890n 
  200.00000m   79.9406n 
  250.00000m  289.7355n 
  300.00000m  907.7796n 
  350.00000m    2.3520u 
  400.00000m    4.9695u 
  450.00000m    8.8408u 
  500.00000m   13.8583u 
  550.00000m   19.8712u 
  600.00000m   26.7462u 
  650.00000m   34.3720u 
  700.00000m   42.6498u 
  750.00000m   51.4845u 
  800.00000m   60.7779u 
  850.00000m   70.4207u 
  900.00000m   80.2826u 
  950.00000m   90.2069u 
    1.00000   100.0238u 
y
 vth0_value= 229.9058m
 u0_param=  50.1643m
 ags_param= 429.7909m
 
   *** monte carlo  index = 672 ***
x

 volt         param     
             i_d_0.6    
    0.        101.5290p 
   50.00000m  521.1842p 
  100.00000m    2.5977n 
  150.00000m   12.1727n 
  200.00000m   51.7327n 
  250.00000m  194.9623n 
  300.00000m  641.4517n 
  350.00000m    1.7684u 
  400.00000m    3.9693u 
  450.00000m    7.4054u 
  500.00000m   12.0091u 
  550.00000m   17.6339u 
  600.00000m   24.1408u 
  650.00000m   31.4143u 
  700.00000m   39.3543u 
  750.00000m   47.8671u 
  800.00000m   56.8577u 
  850.00000m   66.2230u 
  900.00000m   75.8419u 
  950.00000m   85.5673u 
    1.00000    95.2325u 
y
 vth0_value= 245.2410m
 u0_param=  49.7679m
 ags_param= 429.7995m
 
   *** monte carlo  index = 673 ***
x

 volt         param     
             i_d_0.6    
    0.         86.0856p 
   50.00000m  442.3856p 
  100.00000m    2.2133n 
  150.00000m   10.4440n 
  200.00000m   44.8286n 
  250.00000m  170.8365n 
  300.00000m  569.6793n 
  350.00000m    1.5985u 
  400.00000m    3.6536u 
  450.00000m    6.9180u 
  500.00000m   11.3396u 
  550.00000m   16.7766u 
  600.00000m   23.0911u 
  650.00000m   30.1678u 
  700.00000m   37.9077u 
  750.00000m   46.2185u 
  800.00000m   55.0073u 
  850.00000m   64.1736u 
  900.00000m   73.6001u 
  950.00000m   83.1437u 
    1.00000    92.6404u 
y
 vth0_value= 249.6789m
 u0_param=  48.9601m
 ags_param= 421.3018m
 
   *** monte carlo  index = 674 ***
x

 volt         param     
             i_d_0.6    
    0.         81.8285p 
   50.00000m  420.6864p 
  100.00000m    2.1077n 
  150.00000m    9.9715n 
  200.00000m   42.9610n 
  250.00000m  164.4105n 
  300.00000m  550.9860n 
  350.00000m    1.5562u 
  400.00000m    3.5815u 
  450.00000m    6.8198u 
  500.00000m   11.2241u 
  550.00000m   16.6528u 
  600.00000m   22.9663u 
  650.00000m   30.0481u 
  700.00000m   37.7982u 
  750.00000m   46.1239u 
  800.00000m   54.9320u 
  850.00000m   64.1222u 
  900.00000m   73.5772u 
  950.00000m   83.1548u 
    1.00000    92.6907u 
y
 vth0_value= 251.3832m
 u0_param=  49.2340m
 ags_param= 428.5135m
 
   *** monte carlo  index = 675 ***
x

 volt         param     
             i_d_0.6    
    0.         91.7853p 
   50.00000m  471.7001p 
  100.00000m    2.3586n 
  150.00000m   11.1164n 
  200.00000m   47.6318n 
  250.00000m  181.1478n 
  300.00000m  602.5142n 
  350.00000m    1.6848u 
  400.00000m    3.8372u 
  450.00000m    7.2437u 
  500.00000m   11.8460u 
  550.00000m   17.4956u 
  600.00000m   24.0488u 
  650.00000m   31.3862u 
  700.00000m   39.4049u 
  750.00000m   48.0093u 
  800.00000m   57.1035u 
  850.00000m   66.5837u 
  900.00000m   76.3296u 
  950.00000m   86.1951u 
    1.00000    96.0128u 
y
 vth0_value= 248.9180m
 u0_param=  50.7767m
 ags_param= 426.4526m
 
   *** monte carlo  index = 676 ***
x

 volt         param     
             i_d_0.6    
    0.         34.1924p 
   50.00000m  175.7688p 
  100.00000m  895.6668p 
  150.00000m    4.3839n 
  200.00000m   19.9099n 
  250.00000m   81.1471n 
  300.00000m  292.0286n 
  350.00000m  906.4258n 
  400.00000m    2.3213u 
  450.00000m    4.8503u 
  500.00000m    8.5530u 
  550.00000m   13.3202u 
  600.00000m   19.0083u 
  650.00000m   25.4921u 
  700.00000m   32.6671u 
  750.00000m   40.4406u 
  800.00000m   48.7236u 
  850.00000m   57.4233u 
  900.00000m   66.4358u 
  950.00000m   75.6359u 
    1.00000    84.8725u 
y
 vth0_value= 277.2286m
 u0_param=  48.5210m
 ags_param= 406.0832m
 
   *** monte carlo  index = 677 ***
x

 volt         param     
             i_d_0.6    
    0.         32.3557p 
   50.00000m  166.2451p 
  100.00000m  847.7589p 
  150.00000m    4.1564n 
  200.00000m   18.9299n 
  250.00000m   77.4314n 
  300.00000m  279.7640n 
  350.00000m  872.8438n 
  400.00000m    2.2493u 
  450.00000m    4.7274u 
  500.00000m    8.3736u 
  550.00000m   13.0821u 
  600.00000m   18.7100u 
  650.00000m   25.1321u 
  700.00000m   32.2442u 
  750.00000m   39.9539u 
  800.00000m   48.1725u 
  850.00000m   56.8083u 
  900.00000m   65.7582u 
  950.00000m   74.8985u 
    1.00000    84.0797u 
y
 vth0_value= 278.7406m
 u0_param=  48.2770m
 ags_param= 394.5716m
 
   *** monte carlo  index = 678 ***
x

 volt         param     
             i_d_0.6    
    0.        113.0419p 
   50.00000m  579.7367p 
  100.00000m    2.8815n 
  150.00000m   13.4353n 
  200.00000m   56.7021n 
  250.00000m  212.0413n 
  300.00000m  691.0640n 
  350.00000m    1.8819u 
  400.00000m    4.1719u 
  450.00000m    7.7062u 
  500.00000m   12.4077u 
  550.00000m   18.1276u 
  600.00000m   24.7276u 
  650.00000m   32.0925u 
  700.00000m   40.1224u 
  750.00000m   48.7229u 
  800.00000m   57.7983u 
  850.00000m   67.2440u 
  900.00000m   76.9373u 
  950.00000m   86.7290u 
    1.00000    96.4516u 
y
 vth0_value= 242.1677m
 u0_param=  50.0126m
 ags_param= 417.7486m
 
   *** monte carlo  index = 679 ***
x

 volt         param     
             i_d_0.6    
    0.         91.9329p 
   50.00000m  472.4025p 
  100.00000m    2.3615n 
  150.00000m   11.1253n 
  200.00000m   47.6406n 
  250.00000m  181.0583n 
  300.00000m  601.7420n 
  350.00000m    1.6809u 
  400.00000m    3.8243u 
  450.00000m    7.2130u 
  500.00000m   11.7888u 
  550.00000m   17.4040u 
  600.00000m   23.9165u 
  650.00000m   31.2077u 
  700.00000m   39.1755u 
  750.00000m   47.7250u 
  800.00000m   56.7610u 
  850.00000m   66.1803u 
  900.00000m   75.8631u 
  950.00000m   85.6638u 
    1.00000    95.4159u 
y
 vth0_value= 248.6347m
 u0_param=  50.4054m
 ags_param= 413.1290m
 
   *** monte carlo  index = 680 ***
x

 volt         param     
             i_d_0.6    
    0.        112.3930p 
   50.00000m  576.2966p 
  100.00000m    2.8634n 
  150.00000m   13.3438n 
  200.00000m   56.2744n 
  250.00000m  210.2792n 
  300.00000m  684.7057n 
  350.00000m    1.8624u 
  400.00000m    4.1241u 
  450.00000m    7.6115u 
  500.00000m   12.2483u 
  550.00000m   17.8886u 
  600.00000m   24.3967u 
  650.00000m   31.6595u 
  700.00000m   39.5787u 
  750.00000m   48.0613u 
  800.00000m   57.0130u 
  850.00000m   66.3303u 
  900.00000m   75.8914u 
  950.00000m   85.5480u 
    1.00000    95.1341u 
y
 vth0_value= 241.8305m
 u0_param=  49.2239m
 ags_param= 415.1667m
 
   *** monte carlo  index = 681 ***
x

 volt         param     
             i_d_0.6    
    0.         32.4959p 
   50.00000m  166.9561p 
  100.00000m  851.1616p 
  150.00000m    4.1709n 
  200.00000m   18.9799n 
  250.00000m   77.5527n 
  300.00000m  279.8837n 
  350.00000m  871.9570n 
  400.00000m    2.2431u 
  450.00000m    4.7068u 
  500.00000m    8.3270u 
  550.00000m   12.9989u 
  600.00000m   18.5812u 
  650.00000m   24.9504u 
  700.00000m   32.0037u 
  750.00000m   39.6496u 
  800.00000m   47.8004u 
  850.00000m   56.3648u 
  900.00000m   65.2404u 
  950.00000m   74.3037u 
    1.00000    83.4053u 
y
 vth0_value= 278.2781m
 u0_param=  47.7785m
 ags_param= 405.8241m
 
   *** monte carlo  index = 682 ***
x

 volt         param     
             i_d_0.6    
    0.         46.2584p 
   50.00000m  238.0264p 
  100.00000m    1.2057n 
  150.00000m    5.8288n 
  200.00000m   25.9472n 
  250.00000m  103.1700n 
  300.00000m  361.3133n 
  350.00000m    1.0821u 
  400.00000m    2.6565u 
  450.00000m    5.3442u 
  500.00000m    9.1593u 
  550.00000m   13.9829u 
  600.00000m   19.6789u 
  650.00000m   26.1315u 
  700.00000m   33.2428u 
  750.00000m   40.9244u 
  800.00000m   49.0894u 
  850.00000m   57.6455u 
  900.00000m   66.4872u 
  950.00000m   75.4854u 
    1.00000    84.4868u 
y
 vth0_value= 266.8970m
 u0_param=  46.7410m
 ags_param= 412.7188m
 
   *** monte carlo  index = 683 ***
x

 volt         param     
             i_d_0.6    
    0.         90.4503p 
   50.00000m  464.7922p 
  100.00000m    2.3239n 
  150.00000m   10.9526n 
  200.00000m   46.9283n 
  250.00000m  178.4703n 
  300.00000m  593.6322n 
  350.00000m    1.6601u 
  400.00000m    3.7812u 
  450.00000m    7.1387u 
  500.00000m   11.6758u 
  550.00000m   17.2465u 
  600.00000m   23.7097u 
  650.00000m   30.9476u 
  700.00000m   38.8591u 
  750.00000m   47.3498u 
  800.00000m   56.3251u 
  850.00000m   65.6824u 
  900.00000m   75.3025u 
  950.00000m   85.0401u 
    1.00000    94.7293u 
y
 vth0_value= 248.8888m
 u0_param=  50.0371m
 ags_param= 423.3997m
 
   *** monte carlo  index = 684 ***
x

 volt         param     
             i_d_0.6    
    0.         51.2702p 
   50.00000m  263.9051p 
  100.00000m    1.3349n 
  150.00000m    6.4336n 
  200.00000m   28.5025n 
  250.00000m  112.6750n 
  300.00000m  392.0144n 
  350.00000m    1.1638u 
  400.00000m    2.8285u 
  450.00000m    5.6401u 
  500.00000m    9.6027u 
  550.00000m   14.5909u 
  600.00000m   20.4653u 
  650.00000m   27.1082u 
  700.00000m   34.4197u 
  750.00000m   42.3095u 
  800.00000m   50.6883u 
  850.00000m   59.4617u 
  900.00000m   68.5211u 
  950.00000m   77.7343u 
    1.00000    86.9448u 
y
 vth0_value= 264.5395m
 u0_param=  47.8416m
 ags_param= 422.4536m
 
   *** monte carlo  index = 685 ***
x

 volt         param     
             i_d_0.6    
    0.        121.2163p 
   50.00000m  621.3561p 
  100.00000m    3.0837n 
  150.00000m   14.3393n 
  200.00000m   60.2919n 
  250.00000m  224.5274n 
  300.00000m  727.9681n 
  350.00000m    1.9691u 
  400.00000m    4.3362u 
  450.00000m    7.9670u 
  500.00000m   12.7777u 
  550.00000m   18.6166u 
  600.00000m   25.3436u 
  650.00000m   32.8423u 
  700.00000m   41.0113u 
  750.00000m   49.7549u 
  800.00000m   58.9761u 
  850.00000m   68.5684u 
  900.00000m   78.4074u 
  950.00000m   88.3419u 
    1.00000    98.2028u 
y
 vth0_value= 240.5448m
 u0_param=  50.7621m
 ags_param= 412.9530m
 
   *** monte carlo  index = 686 ***
x

 volt         param     
             i_d_0.6    
    0.        110.9232p 
   50.00000m  569.2132p 
  100.00000m    2.8329n 
  150.00000m   13.2394n 
  200.00000m   56.0530n 
  250.00000m  210.3348n 
  300.00000m  688.3316n 
  350.00000m    1.8844u 
  400.00000m    4.1997u 
  450.00000m    7.7899u 
  500.00000m   12.5787u 
  550.00000m   18.4131u 
  600.00000m   25.1500u 
  650.00000m   32.6703u 
  700.00000m   40.8710u 
  750.00000m   49.6554u 
  800.00000m   58.9259u 
  850.00000m   68.5762u 
  900.00000m   78.4823u 
  950.00000m   88.4941u 
    1.00000    98.4418u 
y
 vth0_value= 243.5825m
 u0_param=  51.3496m
 ags_param= 424.0816m
 
   *** monte carlo  index = 687 ***
x

 volt         param     
             i_d_0.6    
    0.         92.9519p 
   50.00000m  477.3554p 
  100.00000m    2.3832n 
  150.00000m   11.2026n 
  200.00000m   47.8208n 
  250.00000m  181.1196n 
  300.00000m  599.5443n 
  350.00000m    1.6661u 
  400.00000m    3.7703u 
  450.00000m    7.0811u 
  500.00000m   11.5390u 
  550.00000m   17.0020u 
  600.00000m   23.3339u 
  650.00000m   30.4210u 
  700.00000m   38.1653u 
  750.00000m   46.4749u 
  800.00000m   55.2571u 
  850.00000m   64.4110u 
  900.00000m   73.8186u 
  950.00000m   83.3358u 
    1.00000    92.7986u 
y
 vth0_value= 247.1969m
 u0_param=  48.6956m
 ags_param= 411.9696m
 
   *** monte carlo  index = 688 ***
x

 volt         param     
             i_d_0.6    
    0.         50.0671p 
   50.00000m  257.6982p 
  100.00000m    1.3040n 
  150.00000m    6.2893n 
  200.00000m   27.8960n 
  250.00000m  110.4340n 
  300.00000m  384.8362n 
  350.00000m    1.1449u 
  400.00000m    2.7895u 
  450.00000m    5.5743u 
  500.00000m    9.5058u 
  550.00000m   14.4600u 
  600.00000m   20.2982u 
  650.00000m   26.9029u 
  700.00000m   34.1747u 
  750.00000m   42.0235u 
  800.00000m   50.3606u 
  850.00000m   59.0919u 
  900.00000m   68.1094u 
  950.00000m   77.2815u 
    1.00000    86.4524u 
y
 vth0_value= 265.1161m
 u0_param=  47.6337m
 ags_param= 423.6502m
 
   *** monte carlo  index = 689 ***
x

 volt         param     
             i_d_0.6    
    0.        112.3067p 
   50.00000m  575.8321p 
  100.00000m    2.8609n 
  150.00000m   13.3307n 
  200.00000m   56.2105n 
  250.00000m  210.0077n 
  300.00000m  683.6987n 
  350.00000m    1.8592u 
  400.00000m    4.1162u 
  450.00000m    7.5957u 
  500.00000m   12.2216u 
  550.00000m   17.8486u 
  600.00000m   24.3414u 
  650.00000m   31.5874u 
  700.00000m   39.4885u 
  750.00000m   47.9521u 
  800.00000m   56.8840u 
  850.00000m   66.1808u 
  900.00000m   75.7207u 
  950.00000m   85.3556u 
    1.00000    94.9193u 
y
 vth0_value= 241.7619m
 u0_param=  49.0835m
 ags_param= 423.5898m
 
   *** monte carlo  index = 690 ***
x

 volt         param     
             i_d_0.6    
    0.        161.9099p 
   50.00000m  827.0056p 
  100.00000m    4.0684n 
  150.00000m   18.6338n 
  200.00000m   76.7779n 
  250.00000m  279.6351n 
  300.00000m  881.6135n 
  350.00000m    2.3019u 
  400.00000m    4.8987u 
  450.00000m    8.7629u 
  500.00000m   13.7892u 
  550.00000m   19.8246u 
  600.00000m   26.7332u 
  650.00000m   34.4015u 
  700.00000m   42.7293u 
  750.00000m   51.6207u 
  800.00000m   60.9770u 
  850.00000m   70.6887u 
  900.00000m   80.6264u 
  950.00000m   90.6337u 
    1.00000   100.5401u 
y
 vth0_value= 231.8264m
 u0_param=  50.7503m
 ags_param= 415.1682m
 
   *** monte carlo  index = 691 ***
x

 volt         param     
             i_d_0.6    
    0.         52.5079p 
   50.00000m  270.3854p 
  100.00000m    1.3682n 
  150.00000m    6.5976n 
  200.00000m   29.2541n 
  250.00000m  115.7549n 
  300.00000m  403.1021n 
  350.00000m    1.1981u 
  400.00000m    2.9156u 
  450.00000m    5.8201u 
  500.00000m    9.9157u 
  550.00000m   15.0717u 
  600.00000m   21.1428u 
  650.00000m   28.0059u 
  700.00000m   35.5576u 
  750.00000m   43.7039u 
  800.00000m   52.3528u 
  850.00000m   61.4071u 
  900.00000m   70.7557u 
  950.00000m   80.2644u 
    1.00000    89.7741u 
y
 vth0_value= 264.9707m
 u0_param=  49.5937m
 ags_param= 419.8952m
 
   *** monte carlo  index = 692 ***
x

 volt         param     
             i_d_0.6    
    0.         65.3946p 
   50.00000m  336.6253p 
  100.00000m    1.6958n 
  150.00000m    8.1062n 
  200.00000m   35.4626n 
  250.00000m  138.1112n 
  300.00000m  472.3566n 
  350.00000m    1.3706u 
  400.00000m    3.2471u 
  450.00000m    6.3340u 
  500.00000m   10.6092u 
  550.00000m   15.9343u 
  600.00000m   22.1653u 
  650.00000m   29.1814u 
  700.00000m   36.8799u 
  750.00000m   45.1668u 
  800.00000m   53.9492u 
  850.00000m   63.1277u 
  900.00000m   72.5883u 
  950.00000m   82.1924u 
    1.00000    91.7779u 
y
 vth0_value= 258.4904m
 u0_param=  49.7947m
 ags_param= 413.6202m
 
   *** monte carlo  index = 693 ***
x

 volt         param     
             i_d_0.6    
    0.        124.1356p 
   50.00000m  636.2577p 
  100.00000m    3.1564n 
  150.00000m   14.6677n 
  200.00000m   61.6148n 
  250.00000m  229.2088n 
  300.00000m  742.1380n 
  350.00000m    2.0039u 
  400.00000m    4.4052u 
  450.00000m    8.0823u 
  500.00000m   12.9490u 
  550.00000m   18.8517u 
  600.00000m   25.6490u 
  650.00000m   33.2232u 
  700.00000m   41.4721u 
  750.00000m   50.2991u 
  800.00000m   59.6062u 
  850.00000m   69.2862u 
  900.00000m   79.2137u 
  950.00000m   89.2368u 
    1.00000    99.1855u 
y
 vth0_value= 240.1423m
 u0_param=  51.2604m
 ags_param= 409.0844m
 
   *** monte carlo  index = 694 ***
x

 volt         param     
             i_d_0.6    
    0.        396.0107p 
   50.00000m    1.9916n 
  100.00000m    9.4876n 
  150.00000m   41.2931n 
  200.00000m  159.8630n 
  250.00000m  543.0399n 
  300.00000m    1.5618u 
  350.00000m    3.6652u 
  400.00000m    7.0948u 
  450.00000m   11.8192u 
  500.00000m   17.6879u 
  550.00000m   24.5465u 
  600.00000m   32.2652u 
  650.00000m   40.7330u 
  700.00000m   49.8479u 
  750.00000m   59.5081u 
  800.00000m   69.6056u 
  850.00000m   80.0166u 
  900.00000m   90.5926u 
  950.00000m  101.1602u 
    1.00000   111.5469u 
y
 vth0_value= 206.0771m
 u0_param=  52.7666m
 ags_param= 448.8847m
 
   *** monte carlo  index = 695 ***
x

 volt         param     
             i_d_0.6    
    0.         62.3202p 
   50.00000m  320.6543p 
  100.00000m    1.6151n 
  150.00000m    7.7192n 
  200.00000m   33.7644n 
  250.00000m  131.4873n 
  300.00000m  449.7424n 
  350.00000m    1.3052u 
  400.00000m    3.0930u 
  450.00000m    6.0354u 
  500.00000m   10.1131u 
  550.00000m   15.1959u 
  600.00000m   21.1477u 
  650.00000m   27.8539u 
  700.00000m   35.2173u 
  750.00000m   43.1481u 
  800.00000m   51.5573u 
  850.00000m   60.3494u 
  900.00000m   69.4136u 
  950.00000m   78.6144u 
    1.00000    87.7934u 
y
 vth0_value= 258.3882m
 u0_param=  47.4389m
 ags_param= 422.4655m
 
   *** monte carlo  index = 696 ***
x

 volt         param     
             i_d_0.6    
    0.         29.5023p 
   50.00000m  151.4162p 
  100.00000m  772.8060p 
  150.00000m    3.7972n 
  200.00000m   17.3578n 
  250.00000m   71.3426n 
  300.00000m  259.1481n 
  350.00000m  814.1859n 
  400.00000m    2.1163u 
  450.00000m    4.4839u 
  500.00000m    7.9925u 
  550.00000m   12.5436u 
  600.00000m   17.9988u 
  650.00000m   24.2354u 
  700.00000m   31.1515u 
  750.00000m   38.6569u 
  800.00000m   46.6652u 
  850.00000m   55.0866u 
  900.00000m   63.8206u 
  950.00000m   72.7459u 
    1.00000    81.7152u 
y
 vth0_value= 280.7463m
 u0_param=  47.0896m
 ags_param= 422.7732m
 
   *** monte carlo  index = 697 ***
x

 volt         param     
             i_d_0.6    
    0.         41.2445p 
   50.00000m  212.2591p 
  100.00000m    1.0785n 
  150.00000m    5.2452n 
  200.00000m   23.5751n 
  250.00000m   94.8384n 
  300.00000m  336.4195n 
  350.00000m    1.0247u 
  400.00000m    2.5655u 
  450.00000m    5.2516u 
  500.00000m    9.1173u 
  550.00000m   14.0436u 
  600.00000m   19.8863u 
  650.00000m   26.5217u 
  700.00000m   33.8460u 
  750.00000m   41.7664u 
  800.00000m   50.1926u 
  850.00000m   59.0303u 
  900.00000m   68.1725u 
  950.00000m   77.4899u 
    1.00000    86.8277u 
y
 vth0_value= 271.7775m
 u0_param=  48.8573m
 ags_param= 425.9434m
 
   *** monte carlo  index = 698 ***
x

 volt         param     
             i_d_0.6    
    0.         36.9589p 
   50.00000m  190.1170p 
  100.00000m  967.8920p 
  150.00000m    4.7274n 
  200.00000m   21.3942n 
  250.00000m   86.8063n 
  300.00000m  310.8414n 
  350.00000m  958.5367n 
  400.00000m    2.4354u 
  450.00000m    5.0519u 
  500.00000m    8.8588u 
  550.00000m   13.7416u 
  600.00000m   19.5540u 
  650.00000m   26.1695u 
  700.00000m   33.4825u 
  750.00000m   41.3991u 
  800.00000m   49.8286u 
  850.00000m   58.6768u 
  900.00000m   67.8378u 
  950.00000m   77.1843u 
    1.00000    86.5629u 
y
 vth0_value= 275.3617m
 u0_param=  49.2688m
 ags_param= 408.9144m
 
   *** monte carlo  index = 699 ***
x

 volt         param     
             i_d_0.6    
    0.         96.8786p 
   50.00000m  497.5205p 
  100.00000m    2.4829n 
  150.00000m   11.6614n 
  200.00000m   49.7201n 
  250.00000m  188.0524n 
  300.00000m  621.4082n 
  350.00000m    1.7229u 
  400.00000m    3.8895u 
  450.00000m    7.2904u 
  500.00000m   11.8623u 
  550.00000m   17.4589u 
  600.00000m   23.9405u 
  650.00000m   31.1910u 
  700.00000m   39.1100u 
  750.00000m   47.6035u 
  800.00000m   56.5770u 
  850.00000m   65.9275u 
  900.00000m   75.5350u 
  950.00000m   85.2533u 
    1.00000    94.9162u 
y
 vth0_value= 246.6809m
 u0_param=  49.8142m
 ags_param= 420.9032m
 
   *** monte carlo  index = 700 ***
x

 volt         param     
             i_d_0.6    
    0.         45.3824p 
   50.00000m  233.6506p 
  100.00000m    1.1855n 
  150.00000m    5.7479n 
  200.00000m   25.7073n 
  250.00000m  102.7884n 
  300.00000m  362.1518n 
  350.00000m    1.0932u 
  400.00000m    2.7082u 
  450.00000m    5.4915u 
  500.00000m    9.4660u 
  550.00000m   14.5070u 
  600.00000m   20.4686u 
  650.00000m   27.2266u 
  700.00000m   34.6765u 
  750.00000m   42.7246u 
  800.00000m   51.2794u 
  850.00000m   60.2450u 
  900.00000m   69.5128u 
  950.00000m   78.9513u 
    1.00000    88.4037u 
y
 vth0_value= 269.2690m
 u0_param=  49.4392m
 ags_param= 414.5169m
 
   *** monte carlo  index = 701 ***
x

 volt         param     
             i_d_0.6    
    0.        210.7903p 
   50.00000m    1.0720n 
  100.00000m    5.2241n 
  150.00000m   23.5543n 
  200.00000m   95.1298n 
  250.00000m  338.9769n 
  300.00000m    1.0388u 
  350.00000m    2.6206u 
  400.00000m    5.4024u 
  450.00000m    9.4325u 
  500.00000m   14.5917u 
  550.00000m   20.7305u 
  600.00000m   27.7189u 
  650.00000m   35.4481u 
  700.00000m   43.8201u 
  750.00000m   52.7399u 
  800.00000m   62.1080u 
  850.00000m   71.8126u 
  900.00000m   81.7195u 
  950.00000m   91.6684u 
    1.00000   101.4895u 
y
 vth0_value= 223.3920m
 u0_param=  49.9928m
 ags_param= 442.9677m
 
   *** monte carlo  index = 702 ***
x

 volt         param     
             i_d_0.6    
    0.         79.6922p 
   50.00000m  409.9153p 
  100.00000m    2.0565n 
  150.00000m    9.7525n 
  200.00000m   42.1642n 
  250.00000m  161.9894n 
  300.00000m  545.3076n 
  350.00000m    1.5492u 
  400.00000m    3.5877u 
  450.00000m    6.8661u 
  500.00000m   11.3406u 
  550.00000m   16.8662u 
  600.00000m   23.2983u 
  650.00000m   30.5164u 
  700.00000m   38.4176u 
  750.00000m   46.9067u 
  800.00000m   55.8888u 
  850.00000m   65.2620u 
  900.00000m   74.9085u 
  950.00000m   84.6855u 
    1.00000    94.4276u 
y
 vth0_value= 252.9942m
 u0_param=  50.5040m
 ags_param= 411.5903m
 
   *** monte carlo  index = 703 ***
x

 volt         param     
             i_d_0.6    
    0.        115.7656p 
   50.00000m  593.4032p 
  100.00000m    2.9459n 
  150.00000m   13.7075n 
  200.00000m   57.6883n 
  250.00000m  215.0705n 
  300.00000m  698.3406n 
  350.00000m    1.8926u 
  400.00000m    4.1760u 
  450.00000m    7.6853u 
  500.00000m   12.3420u 
  550.00000m   18.0000u 
  600.00000m   24.5242u 
  650.00000m   31.8019u 
  700.00000m   39.7350u 
  750.00000m   48.2305u 
  800.00000m   57.1940u 
  850.00000m   66.5217u 
  900.00000m   76.0909u 
  950.00000m   85.7530u 
    1.00000    95.3412u 
y
 vth0_value= 240.9210m
 u0_param=  49.1930m
 ags_param= 426.8074m
 
   *** monte carlo  index = 704 ***
x

 volt         param     
             i_d_0.6    
    0.         91.9156p 
   50.00000m  471.9976p 
  100.00000m    2.3564n 
  150.00000m   11.0761n 
  200.00000m   47.2792n 
  250.00000m  179.0668n 
  300.00000m  592.7667n 
  350.00000m    1.6473u 
  400.00000m    3.7281u 
  450.00000m    7.0024u 
  500.00000m   11.4120u 
  550.00000m   16.8167u 
  600.00000m   23.0821u 
  650.00000m   30.0960u 
  700.00000m   37.7614u 
  750.00000m   45.9875u 
  800.00000m   54.6825u 
  850.00000m   63.7464u 
  900.00000m   73.0617u 
  950.00000m   82.4852u 
    1.00000    91.8537u 
y
 vth0_value= 247.1734m
 u0_param=  48.1516m
 ags_param= 416.1673m
 
   *** monte carlo  index = 705 ***
x

 volt         param     
             i_d_0.6    
    0.         40.5763p 
   50.00000m  208.8105p 
  100.00000m    1.0613n 
  150.00000m    5.1650n 
  200.00000m   23.2392n 
  250.00000m   93.6099n 
  300.00000m  332.5394n 
  350.00000m    1.0148u 
  400.00000m    2.5464u 
  450.00000m    5.2227u 
  500.00000m    9.0807u 
  550.00000m   14.0017u 
  600.00000m   19.8411u 
  650.00000m   26.4746u 
  700.00000m   33.7982u 
  750.00000m   41.7188u 
  800.00000m   50.1461u 
  850.00000m   58.9858u 
  900.00000m   68.1312u 
  950.00000m   77.4534u 
    1.00000    86.7981u 
y
 vth0_value= 272.3249m
 u0_param=  48.9399m
 ags_param= 411.4679m
 
   *** monte carlo  index = 706 ***
x

 volt         param     
             i_d_0.6    
    0.         44.3007p 
   50.00000m  227.9722p 
  100.00000m    1.1561n 
  150.00000m    5.6019n 
  200.00000m   25.0273n 
  250.00000m   99.9460n 
  300.00000m  351.7030n 
  350.00000m    1.0600u 
  400.00000m    2.6213u 
  450.00000m    5.3072u 
  500.00000m    9.1389u 
  550.00000m   13.9972u 
  600.00000m   19.7431u 
  650.00000m   26.2579u 
  700.00000m   33.4416u 
  750.00000m   41.2043u 
  800.00000m   49.4578u 
  850.00000m   58.1093u 
  900.00000m   67.0529u 
  950.00000m   76.1600u 
    1.00000    85.2770u 
y
 vth0_value= 268.7133m
 u0_param=  47.4929m
 ags_param= 398.2687m
 
   *** monte carlo  index = 707 ***
x

 volt         param     
             i_d_0.6    
    0.         86.9513p 
   50.00000m  446.8297p 
  100.00000m    2.2352n 
  150.00000m   10.5449n 
  200.00000m   45.2448n 
  250.00000m  172.3485n 
  300.00000m  574.4151n 
  350.00000m    1.6106u 
  400.00000m    3.6786u 
  450.00000m    6.9609u 
  500.00000m   11.4043u 
  550.00000m   16.8663u 
  600.00000m   23.2082u 
  650.00000m   30.3142u 
  700.00000m   38.0847u 
  750.00000m   46.4272u 
  800.00000m   55.2485u 
  850.00000m   64.4478u 
  900.00000m   73.9075u 
  950.00000m   83.4846u 
    1.00000    93.0151u 
y
 vth0_value= 249.5150m
 u0_param=  49.1699m
 ags_param= 404.3694m
 
   *** monte carlo  index = 708 ***
x

 volt         param     
             i_d_0.6    
    0.        161.5328p 
   50.00000m  825.0166p 
  100.00000m    4.0581n 
  150.00000m   18.5826n 
  200.00000m   76.5465n 
  250.00000m  278.7172n 
  300.00000m  878.4345n 
  350.00000m    2.2927u 
  400.00000m    4.8774u 
  450.00000m    8.7225u 
  500.00000m   13.7236u 
  550.00000m   19.7287u 
  600.00000m   26.6028u 
  650.00000m   34.2334u 
  700.00000m   42.5207u 
  750.00000m   51.3695u 
  800.00000m   60.6814u 
  850.00000m   70.3474u 
  900.00000m   80.2379u 
  950.00000m   90.1968u 
    1.00000   100.0541u 
y
 vth0_value= 231.7066m
 u0_param=  50.4513m
 ags_param= 426.2061m
 
   *** monte carlo  index = 709 ***
x

 volt         param     
             i_d_0.6    
    0.         54.2292p 
   50.00000m  279.2471p 
  100.00000m    1.4121n 
  150.00000m    6.8012n 
  200.00000m   30.0980n 
  250.00000m  118.8179n 
  300.00000m  412.6874n 
  350.00000m    1.2223u 
  400.00000m    2.9628u 
  450.00000m    5.8940u 
  500.00000m   10.0160u 
  550.00000m   15.1967u 
  600.00000m   21.2911u 
  650.00000m   28.1764u 
  700.00000m   35.7491u 
  750.00000m   43.9154u 
  800.00000m   52.5830u 
  850.00000m   61.6546u 
  900.00000m   71.0187u 
  950.00000m   80.5405u 
    1.00000    90.0606u 
y
 vth0_value= 264.0198m
 u0_param=  49.6265m
 ags_param= 413.0031m
 
   *** monte carlo  index = 710 ***
x

 volt         param     
             i_d_0.6    
    0.         91.4769p 
   50.00000m  469.9452p 
  100.00000m    2.3482n 
  150.00000m   11.0548n 
  200.00000m   47.2907n 
  250.00000m  179.5342n 
  300.00000m  595.9485n 
  350.00000m    1.6621u 
  400.00000m    3.7754u 
  450.00000m    7.1119u 
  500.00000m   11.6138u 
  550.00000m   17.1368u 
  600.00000m   23.5421u 
  650.00000m   30.7137u 
  700.00000m   38.5519u 
  750.00000m   46.9633u 
  800.00000m   55.8542u 
  850.00000m   65.1227u 
  900.00000m   74.6501u 
  950.00000m   84.2915u 
    1.00000    93.8817u 
y
 vth0_value= 248.1660m
 u0_param=  49.4420m
 ags_param= 424.0580m
 
   *** monte carlo  index = 711 ***
x

 volt         param     
             i_d_0.6    
    0.        130.2814p 
   50.00000m  667.0673p 
  100.00000m    3.3015n 
  150.00000m   15.2796n 
  200.00000m   63.8347n 
  250.00000m  236.0626n 
  300.00000m  758.7796n 
  350.00000m    2.0299u 
  400.00000m    4.4221u 
  450.00000m    8.0563u 
  500.00000m   12.8439u 
  550.00000m   18.6361u 
  600.00000m   25.2974u 
  650.00000m   32.7147u 
  700.00000m   40.7891u 
  750.00000m   49.4266u 
  800.00000m   58.5312u 
  850.00000m   67.9972u 
  900.00000m   77.6995u 
  950.00000m   87.4869u 
    1.00000    97.1913u 
y
 vth0_value= 237.7406m
 u0_param=  49.7688m
 ags_param= 418.1171m
 
   *** monte carlo  index = 712 ***
x

 volt         param     
             i_d_0.6    
    0.         76.4697p 
   50.00000m  393.3970p 
  100.00000m    1.9752n 
  150.00000m    9.3812n 
  200.00000m   40.6495n 
  250.00000m  156.5718n 
  300.00000m  528.6729n 
  350.00000m    1.5081u 
  400.00000m    3.5074u 
  450.00000m    6.7367u 
  500.00000m   11.1564u 
  550.00000m   16.6233u 
  600.00000m   22.9940u 
  650.00000m   30.1482u 
  700.00000m   37.9837u 
  750.00000m   46.4057u 
  800.00000m   55.3202u 
  850.00000m   64.6259u 
  900.00000m   74.2059u 
  950.00000m   83.9181u 
    1.00000    93.5980u 
y
 vth0_value= 254.0195m
 u0_param=  50.1640m
 ags_param= 423.6894m
 
   *** monte carlo  index = 713 ***
x

 volt         param     
             i_d_0.6    
    0.        154.9706p 
   50.00000m  791.9504p 
  100.00000m    3.9006n 
  150.00000m   17.9019n 
  200.00000m   73.9602n 
  250.00000m  270.1712n 
  300.00000m  855.0222n 
  350.00000m    2.2431u 
  400.00000m    4.7951u 
  450.00000m    8.6077u 
  500.00000m   13.5791u 
  550.00000m   19.5576u 
  600.00000m   26.4075u 
  650.00000m   34.0157u 
  700.00000m   42.2825u 
  750.00000m   51.1126u 
  800.00000m   60.4078u 
  850.00000m   70.0594u 
  900.00000m   79.9387u 
  950.00000m   89.8902u 
    1.00000    99.7437u 
y
 vth0_value= 232.9622m
 u0_param=  50.4621m
 ags_param= 430.1111m
 
   *** monte carlo  index = 714 ***
x

 volt         param     
             i_d_0.6    
    0.         80.3303p 
   50.00000m  413.0942p 
  100.00000m    2.0712n 
  150.00000m    9.8121n 
  200.00000m   42.3572n 
  250.00000m  162.4557n 
  300.00000m  545.8203n 
  350.00000m    1.5468u 
  400.00000m    3.5724u 
  450.00000m    6.8219u 
  500.00000m   11.2504u 
  550.00000m   16.7149u 
  600.00000m   23.0736u 
  650.00000m   30.2083u 
  700.00000m   38.0177u 
  750.00000m   46.4078u 
  800.00000m   55.2851u 
  850.00000m   64.5484u 
  900.00000m   74.0807u 
  950.00000m   83.7394u 
    1.00000    93.3603u 
y
 vth0_value= 252.2867m
 u0_param=  49.7713m
 ags_param= 415.7406m
 
   *** monte carlo  index = 715 ***
x

 volt         param     
             i_d_0.6    
    0.        136.7942p 
   50.00000m  700.3161p 
  100.00000m    3.4639n 
  150.00000m   16.0135n 
  200.00000m   66.7986n 
  250.00000m  246.5895n 
  300.00000m  790.8137n 
  350.00000m    2.1095u 
  400.00000m    4.5823u 
  450.00000m    8.3288u 
  500.00000m   13.2556u 
  550.00000m   19.2090u 
  600.00000m   26.0497u 
  650.00000m   33.6619u 
  700.00000m   41.9440u 
  750.00000m   50.7997u 
  800.00000m   60.1307u 
  850.00000m   69.8289u 
  900.00000m   79.7668u 
  950.00000m   89.7905u 
    1.00000    99.7291u 
y
 vth0_value= 237.1003m
 u0_param=  51.0678m
 ags_param= 437.2181m
 
   *** monte carlo  index = 716 ***
x

 volt         param     
             i_d_0.6    
    0.         52.9208p 
   50.00000m  272.4932p 
  100.00000m    1.3784n 
  150.00000m    6.6435n 
  200.00000m   29.4326n 
  250.00000m  116.3443n 
  300.00000m  404.7057n 
  350.00000m    1.2011u 
  400.00000m    2.9181u 
  450.00000m    5.8166u 
  500.00000m    9.8994u 
  550.00000m   15.0362u 
  600.00000m   21.0826u 
  650.00000m   27.9166u 
  700.00000m   35.4354u 
  750.00000m   43.5457u 
  800.00000m   52.1559u 
  850.00000m   61.1690u 
  900.00000m   70.4744u 
  950.00000m   79.9380u 
    1.00000    89.4009u 
y
 vth0_value= 264.5516m
 u0_param=  49.3104m
 ags_param= 416.3841m
 
   *** monte carlo  index = 717 ***
x

 volt         param     
             i_d_0.6    
    0.         56.5307p 
   50.00000m  291.1101p 
  100.00000m    1.4711n 
  150.00000m    7.0757n 
  200.00000m   31.2466n 
  250.00000m  123.0401n 
  300.00000m  426.1213n 
  350.00000m    1.2572u 
  400.00000m    3.0343u 
  450.00000m    6.0134u 
  500.00000m   10.1902u 
  550.00000m   15.4302u 
  600.00000m   21.5874u 
  650.00000m   28.5387u 
  700.00000m   36.1799u 
  750.00000m   44.4167u 
  800.00000m   53.1560u 
  850.00000m   62.2997u 
  900.00000m   71.7354u 
  950.00000m   81.3271u 
    1.00000    90.9144u 
y
 vth0_value= 262.9914m
 u0_param=  49.9752m
 ags_param= 414.6219m
 
   *** monte carlo  index = 718 ***
x

 volt         param     
             i_d_0.6    
    0.        133.5579p 
   50.00000m  683.8375p 
  100.00000m    3.3839n 
  150.00000m   15.6549n 
  200.00000m   65.3687n 
  250.00000m  241.5854n 
  300.00000m  775.8871n 
  350.00000m    2.0735u 
  400.00000m    4.5122u 
  450.00000m    8.2131u 
  500.00000m   13.0850u 
  550.00000m   18.9760u 
  600.00000m   25.7479u 
  650.00000m   33.2858u 
  700.00000m   41.4891u 
  750.00000m   50.2622u 
  800.00000m   59.5078u 
  850.00000m   69.1187u 
  900.00000m   78.9686u 
  950.00000m   88.9047u 
    1.00000    98.7574u 
y
 vth0_value= 237.5301m
 u0_param=  50.6075m
 ags_param= 421.7664m
 
   *** monte carlo  index = 719 ***
x

 volt         param     
             i_d_0.6    
    0.        119.9671p 
   50.00000m  614.8385p 
  100.00000m    3.0505n 
  150.00000m   14.1785n 
  200.00000m   59.5804n 
  250.00000m  221.7451n 
  300.00000m  718.4601n 
  350.00000m    1.9417u 
  400.00000m    4.2725u 
  450.00000m    7.8452u 
  500.00000m   12.5780u 
  550.00000m   18.3223u 
  600.00000m   24.9410u 
  650.00000m   32.3203u 
  700.00000m   40.3605u 
  750.00000m   48.9678u 
  800.00000m   58.0464u 
  850.00000m   67.4912u 
  900.00000m   77.1786u 
  950.00000m   86.9585u 
    1.00000    96.6631u 
y
 vth0_value= 240.2700m
 u0_param=  49.8430m
 ags_param= 422.5265m
 
   *** monte carlo  index = 720 ***
x

 volt         param     
             i_d_0.6    
    0.         71.2022p 
   50.00000m  366.3448p 
  100.00000m    1.8415n 
  150.00000m    8.7666n 
  200.00000m   38.1165n 
  250.00000m  147.3982n 
  300.00000m  500.0310n 
  350.00000m    1.4353u 
  400.00000m    3.3606u 
  450.00000m    6.4911u 
  500.00000m   10.7945u 
  550.00000m   16.1320u 
  600.00000m   22.3621u 
  650.00000m   29.3667u 
  700.00000m   37.0448u 
  750.00000m   45.3034u 
  800.00000m   54.0501u 
  850.00000m   63.1856u 
  900.00000m   72.5950u 
  950.00000m   82.1387u 
    1.00000    91.6541u 
y
 vth0_value= 255.5962m
 u0_param=  49.2778m
 ags_param= 417.8618m
 
   *** monte carlo  index = 721 ***
x

 volt         param     
             i_d_0.6    
    0.         39.9379p 
   50.00000m  205.4742p 
  100.00000m    1.0442n 
  150.00000m    5.0813n 
  200.00000m   22.8584n 
  250.00000m   92.0581n 
  300.00000m  326.9776n 
  350.00000m  997.6540n 
  400.00000m    2.5029u 
  450.00000m    5.1330u 
  500.00000m    8.9244u 
  550.00000m   13.7612u 
  600.00000m   19.5018u 
  650.00000m   26.0245u 
  700.00000m   33.2272u 
  750.00000m   41.0187u 
  800.00000m   49.3102u 
  850.00000m   58.0086u 
  900.00000m   67.0085u 
  950.00000m   76.1823u 
    1.00000    85.3769u 
y
 vth0_value= 272.2241m
 u0_param=  48.0593m
 ags_param= 413.7590m
 
   *** monte carlo  index = 722 ***
x

 volt         param     
             i_d_0.6    
    0.        455.8479p 
   50.00000m    2.2835n 
  100.00000m   10.7992n 
  150.00000m   46.5007n 
  200.00000m  177.8465n 
  250.00000m  595.6423n 
  300.00000m    1.6813u 
  350.00000m    3.8678u 
  400.00000m    7.3643u 
  450.00000m   12.1225u 
  500.00000m   17.9922u 
  550.00000m   24.8245u 
  600.00000m   32.4948u 
  650.00000m   40.8956u 
  700.00000m   49.9270u 
  750.00000m   59.4886u 
  800.00000m   69.4725u 
  850.00000m   79.7542u 
  900.00000m   90.1837u 
  950.00000m  100.5875u 
    1.00000   110.7977u 
y
 vth0_value= 201.1228m
 u0_param=  51.6613m
 ags_param= 438.6950m
 
   *** monte carlo  index = 723 ***
x

 volt         param     
             i_d_0.6    
    0.        138.3337p 
   50.00000m  707.8507p 
  100.00000m    3.4977n 
  150.00000m   16.1415n 
  200.00000m   67.1787n 
  250.00000m  247.3879n 
  300.00000m  790.9891n 
  350.00000m    2.1020u 
  400.00000m    4.5493u 
  450.00000m    8.2457u 
  500.00000m   13.0978u 
  550.00000m   18.9558u 
  600.00000m   25.6840u 
  650.00000m   33.1694u 
  700.00000m   41.3126u 
  750.00000m   50.0193u 
  800.00000m   59.1926u 
  850.00000m   68.7258u 
  900.00000m   78.4925u 
  950.00000m   88.3398u 
    1.00000    98.0989u 
y
 vth0_value= 236.0992m
 u0_param=  50.0223m
 ags_param= 425.5088m
 
   *** monte carlo  index = 724 ***
x

 volt         param     
             i_d_0.6    
    0.         57.8792p 
   50.00000m  298.0132p 
  100.00000m    1.5050n 
  150.00000m    7.2288n 
  200.00000m   31.8578n 
  250.00000m  125.1465n 
  300.00000m  432.2546n 
  350.00000m    1.2708u 
  400.00000m    3.0548u 
  450.00000m    6.0334u 
  500.00000m   10.1985u 
  550.00000m   15.4162u 
  600.00000m   21.5421u 
  650.00000m   28.4547u 
  700.00000m   36.0510u 
  750.00000m   44.2376u 
  800.00000m   52.9221u 
  850.00000m   62.0068u 
  900.00000m   71.3795u 
  950.00000m   80.9044u 
    1.00000    90.4213u 
y
 vth0_value= 261.9992m
 u0_param=  49.5358m
 ags_param= 408.7812m
 
   *** monte carlo  index = 725 ***
x

 volt         param     
             i_d_0.6    
    0.         37.4608p 
   50.00000m  192.7126p 
  100.00000m  980.8801p 
  150.00000m    4.7884n 
  200.00000m   21.6529n 
  250.00000m   87.7657n 
  300.00000m  313.9247n 
  350.00000m  966.6309n 
  400.00000m    2.4517u 
  450.00000m    5.0775u 
  500.00000m    8.8931u 
  550.00000m   13.7832u 
  600.00000m   19.6018u 
  650.00000m   26.2228u 
  700.00000m   33.5407u 
  750.00000m   41.4617u 
  800.00000m   49.8951u 
  850.00000m   58.7468u 
  900.00000m   67.9105u 
  950.00000m   77.2584u 
    1.00000    86.6369u 
y
 vth0_value= 274.9318m
 u0_param=  49.2350m
 ags_param= 419.6916m
 
   *** monte carlo  index = 726 ***
x

 volt         param     
             i_d_0.6    
    0.         29.7752p 
   50.00000m  152.8804p 
  100.00000m  780.7140p 
  150.00000m    3.8399n 
  200.00000m   17.5817n 
  250.00000m   72.4130n 
  300.00000m  263.6020n 
  350.00000m  830.3830n 
  400.00000m    2.1655u 
  450.00000m    4.6019u 
  500.00000m    8.2209u 
  550.00000m   12.9209u 
  600.00000m   18.5568u 
  650.00000m   25.0005u 
  700.00000m   32.1456u 
  750.00000m   39.8981u 
  800.00000m   48.1686u 
  850.00000m   56.8647u 
  900.00000m   65.8834u 
  950.00000m   75.1015u 
    1.00000    84.3697u 
y
 vth0_value= 281.6601m
 u0_param=  48.8833m
 ags_param= 416.4250m
 
   *** monte carlo  index = 727 ***
x

 volt         param     
             i_d_0.6    
    0.        116.1246p 
   50.00000m  595.4163p 
  100.00000m    2.9575n 
  150.00000m   13.7738n 
  200.00000m   58.0384n 
  250.00000m  216.6546n 
  300.00000m  704.5556n 
  350.00000m    1.9132u 
  400.00000m    4.2294u 
  450.00000m    7.7949u 
  500.00000m   12.5302u 
  550.00000m   18.2857u 
  600.00000m   24.9229u 
  650.00000m   32.3265u 
  700.00000m   40.3961u 
  750.00000m   49.0372u 
  800.00000m   58.1536u 
  850.00000m   67.6402u 
  900.00000m   77.3734u 
  950.00000m   87.2034u 
    1.00000    96.9619u 
y
 vth0_value= 241.4710m
 u0_param=  50.1884m
 ags_param= 424.2118m
 
   *** monte carlo  index = 728 ***
x

 volt         param     
             i_d_0.6    
    0.         43.9637p 
   50.00000m  226.2563p 
  100.00000m    1.1478n 
  150.00000m    5.5653n 
  200.00000m   24.8901n 
  250.00000m   99.5236n 
  300.00000m  350.6990n 
  350.00000m    1.0589u 
  400.00000m    2.6241u 
  450.00000m    5.3226u 
  500.00000m    9.1781u 
  550.00000m   14.0705u 
  600.00000m   19.8593u 
  650.00000m   26.4242u 
  700.00000m   33.6644u 
  750.00000m   41.4888u 
  800.00000m   49.8087u 
  850.00000m   58.5305u 
  900.00000m   67.5476u 
  950.00000m   76.7309u 
    1.00000    85.9259u 
y
 vth0_value= 269.2455m
 u0_param=  47.9428m
 ags_param= 414.3345m
 
   *** monte carlo  index = 729 ***
x

 volt         param     
             i_d_0.6    
    0.         82.0865p 
   50.00000m  422.0506p 
  100.00000m    2.1148n 
  150.00000m   10.0076n 
  200.00000m   43.1309n 
  250.00000m  165.1201n 
  300.00000m  553.5823n 
  350.00000m    1.5643u 
  400.00000m    3.6022u 
  450.00000m    6.8619u 
  500.00000m   11.2965u 
  550.00000m   16.7631u 
  600.00000m   23.1206u 
  650.00000m   30.2515u 
  700.00000m   38.0550u 
  750.00000m   46.4375u 
  800.00000m   55.3054u 
  850.00000m   64.5576u 
  900.00000m   74.0766u 
  950.00000m   83.7196u 
    1.00000    93.3219u 
y
 vth0_value= 251.5410m
 u0_param=  49.6235m
 ags_param= 426.7599m
 
   *** monte carlo  index = 730 ***
x

 volt         param     
             i_d_0.6    
    0.         51.9770p 
   50.00000m  267.6679p 
  100.00000m    1.3549n 
  150.00000m    6.5375n 
  200.00000m   29.0159n 
  250.00000m  114.9452n 
  300.00000m  400.7931n 
  350.00000m    1.1932u 
  400.00000m    2.9094u 
  450.00000m    5.8171u 
  500.00000m    9.9226u 
  550.00000m   15.0945u 
  600.00000m   21.1866u 
  650.00000m   28.0748u 
  700.00000m   35.6548u 
  750.00000m   43.8322u 
  800.00000m   52.5146u 
  850.00000m   61.6044u 
  900.00000m   70.9906u 
  950.00000m   80.5390u 
    1.00000    90.0904u 
y
 vth0_value= 265.4530m
 u0_param=  49.8678m
 ags_param= 411.3452m
 
   *** monte carlo  index = 731 ***
x

 volt         param     
             i_d_0.6    
    0.         51.3853p 
   50.00000m  264.5706p 
  100.00000m    1.3390n 
  150.00000m    6.4592n 
  200.00000m   28.6572n 
  250.00000m  113.4761n 
  300.00000m  395.5097n 
  350.00000m    1.1769u 
  400.00000m    2.8680u 
  450.00000m    5.7318u 
  500.00000m    9.7745u 
  550.00000m   14.8674u 
  600.00000m   20.8671u 
  650.00000m   27.6523u 
  700.00000m   35.1203u 
  750.00000m   43.1785u 
  800.00000m   51.7357u 
  850.00000m   60.6956u 
  900.00000m   69.9481u 
  950.00000m   79.3598u 
    1.00000    88.7724u 
y
 vth0_value= 265.2566m
 u0_param=  49.0298m
 ags_param= 427.7277m
 
   *** monte carlo  index = 732 ***
x

 volt         param     
             i_d_0.6    
    0.         26.6481p 
   50.00000m  136.6051p 
  100.00000m  698.1972p 
  150.00000m    3.4421n 
  200.00000m   15.8243n 
  250.00000m   65.5255n 
  300.00000m  239.9624n 
  350.00000m  761.7866n 
  400.00000m    2.0058u 
  450.00000m    4.3022u 
  500.00000m    7.7413u 
  550.00000m   12.2310u 
  600.00000m   17.6323u 
  650.00000m   23.8209u 
  700.00000m   30.6938u 
  750.00000m   38.1601u 
  800.00000m   46.1334u 
  850.00000m   54.5245u 
  900.00000m   63.2340u 
  950.00000m   72.1425u 
    1.00000    81.1047u 
y
 vth0_value= 283.9158m
 u0_param=  47.2026m
 ags_param= 408.0800m
 
   *** monte carlo  index = 733 ***
x

 volt         param     
             i_d_0.6    
    0.         56.3346p 
   50.00000m  289.9902p 
  100.00000m    1.4645n 
  150.00000m    7.0346n 
  200.00000m   31.0057n 
  250.00000m  121.8239n 
  300.00000m  420.9130n 
  350.00000m    1.2380u 
  400.00000m    2.9777u 
  450.00000m    5.8842u 
  500.00000m    9.9509u 
  550.00000m   15.0481u 
  600.00000m   21.0354u 
  650.00000m   27.7944u 
  700.00000m   35.2248u 
  750.00000m   43.2353u 
  800.00000m   51.7355u 
  850.00000m   60.6295u 
  900.00000m   69.8068u 
  950.00000m   79.1329u 
    1.00000    88.4496u 
y
 vth0_value= 262.0487m
 u0_param=  48.3647m
 ags_param= 419.2357m
 
   *** monte carlo  index = 734 ***
x

 volt         param     
             i_d_0.6    
    0.         28.1006p 
   50.00000m  144.1446p 
  100.00000m  736.1943p 
  150.00000m    3.6231n 
  200.00000m   16.6070n 
  250.00000m   68.4981n 
  300.00000m  249.7787n 
  350.00000m  788.6454n 
  400.00000m    2.0625u 
  450.00000m    4.3953u 
  500.00000m    7.8695u 
  550.00000m   12.3897u 
  600.00000m   17.8171u 
  650.00000m   24.0284u 
  700.00000m   30.9212u 
  750.00000m   38.4051u 
  800.00000m   46.3935u 
  850.00000m   54.7973u 
  900.00000m   63.5162u 
  950.00000m   72.4301u 
    1.00000    81.3925u 
y
 vth0_value= 282.2475m
 u0_param=  47.1226m
 ags_param= 415.6261m
 
   *** monte carlo  index = 735 ***
x

 volt         param     
             i_d_0.6    
    0.         53.0207p 
   50.00000m  272.9747p 
  100.00000m    1.3805n 
  150.00000m    6.6500n 
  200.00000m   29.4376n 
  250.00000m  116.2565n 
  300.00000m  403.9949n 
  350.00000m    1.1974u 
  400.00000m    2.9048u 
  450.00000m    5.7829u 
  500.00000m    9.8332u 
  550.00000m   14.9266u 
  600.00000m   20.9209u 
  650.00000m   27.6956u 
  700.00000m   35.1491u 
  750.00000m   43.1889u 
  800.00000m   51.7244u 
  850.00000m   60.6595u 
  900.00000m   69.8838u 
  950.00000m   79.2638u 
    1.00000    88.6412u 
y
 vth0_value= 264.1575m
 u0_param=  48.7930m
 ags_param= 420.7084m
 
   *** monte carlo  index = 736 ***
x

 volt         param     
             i_d_0.6    
    0.        126.4180p 
   50.00000m  647.6172p 
  100.00000m    3.2091n 
  150.00000m   14.8830n 
  200.00000m   62.3528n 
  250.00000m  231.2889n 
  300.00000m  746.2552n 
  350.00000m    2.0061u 
  400.00000m    4.3907u 
  450.00000m    8.0284u 
  500.00000m   12.8327u 
  550.00000m   18.6529u 
  600.00000m   25.3516u 
  650.00000m   32.8139u 
  700.00000m   40.9398u 
  750.00000m   49.6345u 
  800.00000m   58.8013u 
  850.00000m   68.3341u 
  900.00000m   78.1080u 
  950.00000m   87.9717u 
    1.00000    97.7564u 
y
 vth0_value= 238.9667m
 u0_param=  50.2675m
 ags_param= 417.5774m
 
   *** monte carlo  index = 737 ***
x

 volt         param     
             i_d_0.6    
    0.         93.7446p 
   50.00000m  481.4745p 
  100.00000m    2.4041n 
  150.00000m   11.3024n 
  200.00000m   48.2575n 
  250.00000m  182.8149n 
  300.00000m  605.2983n 
  350.00000m    1.6826u 
  400.00000m    3.8088u 
  450.00000m    7.1549u 
  500.00000m   11.6608u 
  550.00000m   17.1826u 
  600.00000m   23.5823u 
  650.00000m   30.7447u 
  700.00000m   38.5707u 
  750.00000m   46.9673u 
  800.00000m   55.8409u 
  850.00000m   65.0897u 
  900.00000m   74.5947u 
  950.00000m   84.2108u 
    1.00000    93.7729u 
y
 vth0_value= 247.3051m
 u0_param=  49.2507m
 ags_param= 425.0932m
 
   *** monte carlo  index = 738 ***
x

 volt         param     
             i_d_0.6    
    0.        255.0291p 
   50.00000m    1.2934n 
  100.00000m    6.2654n 
  150.00000m   27.9789n 
  200.00000m  111.6641n 
  250.00000m  392.6528n 
  300.00000m    1.1824u 
  350.00000m    2.9218u 
  400.00000m    5.9126u 
  450.00000m   10.1794u 
  500.00000m   15.5907u 
  550.00000m   21.9932u 
  600.00000m   29.2554u 
  650.00000m   37.2665u 
  700.00000m   45.9264u 
  750.00000m   55.1374u 
  800.00000m   64.7968u 
  850.00000m   74.7889u 
  900.00000m   84.9753u 
  950.00000m   95.1912u 
    1.00000   105.2650u 
y
 vth0_value= 218.4881m
 u0_param=  51.3194m
 ags_param= 426.3785m
 
   *** monte carlo  index = 739 ***
x

 volt         param     
             i_d_0.6    
    0.        124.2068p 
   50.00000m  636.3837p 
  100.00000m    3.1548n 
  150.00000m   14.6419n 
  200.00000m   61.4044n 
  250.00000m  228.0265n 
  300.00000m  736.7634n 
  350.00000m    1.9841u 
  400.00000m    4.3504u 
  450.00000m    7.9659u 
  500.00000m   12.7456u 
  550.00000m   18.5397u 
  600.00000m   25.2108u 
  650.00000m   32.6444u 
  700.00000m   40.7406u 
  750.00000m   49.4049u 
  800.00000m   58.5410u 
  850.00000m   68.0431u 
  900.00000m   77.7869u 
  950.00000m   87.6213u 
    1.00000    97.3780u 
y
 vth0_value= 239.4034m
 u0_param=  50.1203m
 ags_param= 417.8917m
 
   *** monte carlo  index = 740 ***
x

 volt         param     
             i_d_0.6    
    0.         55.8816p 
   50.00000m  287.7006p 
  100.00000m    1.4535n 
  150.00000m    6.9879n 
  200.00000m   30.8385n 
  250.00000m  121.3441n 
  300.00000m  419.9314n 
  350.00000m    1.2378u 
  400.00000m    2.9841u 
  450.00000m    5.9088u 
  500.00000m   10.0072u 
  550.00000m   15.1480u 
  600.00000m   21.1889u 
  650.00000m   28.0097u 
  700.00000m   35.5088u 
  750.00000m   43.5936u 
  800.00000m   52.1730u 
  850.00000m   61.1503u 
  900.00000m   70.4145u 
  950.00000m   79.8308u 
    1.00000    89.2402u 
y
 vth0_value= 262.6621m
 u0_param=  48.9275m
 ags_param= 416.3755m
 
   *** monte carlo  index = 741 ***
x

 volt         param     
             i_d_0.6    
    0.         90.5979p 
   50.00000m  465.4615p 
  100.00000m    2.3264n 
  150.00000m   10.9566n 
  200.00000m   46.8999n 
  250.00000m  178.1738n 
  300.00000m  591.9218n 
  350.00000m    1.6527u 
  400.00000m    3.7581u 
  450.00000m    7.0858u 
  500.00000m   11.5786u 
  550.00000m   17.0926u 
  600.00000m   23.4887u 
  650.00000m   30.6510u 
  700.00000m   38.4795u 
  750.00000m   46.8811u 
  800.00000m   55.7621u 
  850.00000m   65.0208u 
  900.00000m   74.5388u 
  950.00000m   84.1717u 
    1.00000    93.7547u 
y
 vth0_value= 248.4446m
 u0_param=  49.4239m
 ags_param= 412.9649m
 
   *** monte carlo  index = 742 ***
x

 volt         param     
             i_d_0.6    
    0.         67.2096p 
   50.00000m  345.8545p 
  100.00000m    1.7405n 
  150.00000m    8.3032n 
  200.00000m   36.2176n 
  250.00000m  140.5761n 
  300.00000m  478.9534n 
  350.00000m    1.3827u 
  400.00000m    3.2578u 
  450.00000m    6.3257u 
  500.00000m   10.5602u 
  550.00000m   15.8249u 
  600.00000m   21.9791u 
  650.00000m   28.9050u 
  700.00000m   36.5021u 
  750.00000m   44.6782u 
  800.00000m   53.3416u 
  850.00000m   62.3940u 
  900.00000m   71.7219u 
  950.00000m   81.1871u 
    1.00000    90.6284u 
y
 vth0_value= 257.0910m
 u0_param=  48.9071m
 ags_param= 415.2604m
 
   *** monte carlo  index = 743 ***
x

 volt         param     
             i_d_0.6    
    0.         87.4050p 
   50.00000m  449.2648p 
  100.00000m    2.2483n 
  150.00000m   10.6138n 
  200.00000m   45.5841n 
  250.00000m  173.8204n 
  300.00000m  579.9960n 
  350.00000m    1.6287u 
  400.00000m    3.7258u 
  450.00000m    7.0590u 
  500.00000m   11.5747u 
  550.00000m   17.1274u 
  600.00000m   23.5751u 
  650.00000m   30.7996u 
  700.00000m   38.6994u 
  750.00000m   47.1799u 
  800.00000m   56.1466u 
  850.00000m   65.4973u 
  900.00000m   75.1132u 
  950.00000m   84.8500u 
    1.00000    94.5420u 
y
 vth0_value= 249.9613m
 u0_param=  50.1036m
 ags_param= 413.6320m
 
   *** monte carlo  index = 744 ***
x

 volt         param     
             i_d_0.6    
    0.         97.3707p 
   50.00000m  500.3920p 
  100.00000m    2.5004n 
  150.00000m   11.7702n 
  200.00000m   50.3410n 
  250.00000m  191.0414n 
  300.00000m  633.7232n 
  350.00000m    1.7658u 
  400.00000m    4.0068u 
  450.00000m    7.5402u 
  500.00000m   12.3018u 
  550.00000m   18.1368u 
  600.00000m   24.8970u 
  650.00000m   32.4588u 
  700.00000m   40.7165u 
  750.00000m   49.5715u 
  800.00000m   58.9253u 
  850.00000m   68.6717u 
  900.00000m   78.6879u 
  950.00000m   88.8255u 
    1.00000    98.9146u 
y
 vth0_value= 248.1154m
 u0_param=  52.3459m
 ags_param= 413.4276m
 
   *** monte carlo  index = 745 ***
x

 volt         param     
             i_d_0.6    
    0.        113.0794p 
   50.00000m  579.8764p 
  100.00000m    2.8816n 
  150.00000m   13.4320n 
  200.00000m   56.6648n 
  250.00000m  211.8077n 
  300.00000m  689.9391n 
  350.00000m    1.8775u 
  400.00000m    4.1595u 
  450.00000m    7.6794u 
  500.00000m   12.3601u 
  550.00000m   18.0539u 
  600.00000m   24.6234u 
  650.00000m   31.9543u 
  700.00000m   39.9470u 
  750.00000m   48.5078u 
  800.00000m   57.5413u 
  850.00000m   66.9435u 
  900.00000m   76.5916u 
  950.00000m   86.3371u 
    1.00000    96.0127u 
y
 vth0_value= 241.9811m
 u0_param=  49.7382m
 ags_param= 416.9521m
 
   *** monte carlo  index = 746 ***
x

 volt         param     
             i_d_0.6    
    0.         48.0453p 
   50.00000m  247.3648p 
  100.00000m    1.2535n 
  150.00000m    6.0629n 
  200.00000m   27.0105n 
  250.00000m  107.4888n 
  300.00000m  376.7297n 
  350.00000m    1.1293u 
  400.00000m    2.7753u 
  450.00000m    5.5878u 
  500.00000m    9.5812u 
  550.00000m   14.6293u 
  600.00000m   20.5881u 
  650.00000m   27.3350u 
  700.00000m   34.7670u 
  750.00000m   42.7911u 
  800.00000m   51.3164u 
  850.00000m   60.2471u 
  900.00000m   69.4743u 
  950.00000m   78.8661u 
    1.00000    88.2656u 
y
 vth0_value= 267.3059m
 u0_param=  49.0648m
 ags_param= 405.3150m
 
   *** monte carlo  index = 747 ***
x

 volt         param     
             i_d_0.6    
    0.         69.3105p 
   50.00000m  356.5720p 
  100.00000m    1.7927n 
  150.00000m    8.5370n 
  200.00000m   37.1382n 
  250.00000m  143.7101n 
  300.00000m  487.9249n 
  350.00000m    1.4021u 
  400.00000m    3.2870u 
  450.00000m    6.3558u 
  500.00000m   10.5785u 
  550.00000m   15.8194u 
  600.00000m   21.9400u 
  650.00000m   28.8243u 
  700.00000m   36.3732u 
  750.00000m   44.4953u 
  800.00000m   53.0996u 
  850.00000m   62.0883u 
  900.00000m   71.3479u 
  950.00000m   80.7401u 
    1.00000    90.1037u 
y
 vth0_value= 255.8365m
 u0_param=  48.4087m
 ags_param= 421.1167m
 
   *** monte carlo  index = 748 ***
x

 volt         param     
             i_d_0.6    
    0.         96.3921p 
   50.00000m  494.9852p 
  100.00000m    2.4700n 
  150.00000m   11.5991n 
  200.00000m   49.4441n 
  250.00000m  186.9687n 
  300.00000m  617.6864n 
  350.00000m    1.7120u 
  400.00000m    3.8640u 
  450.00000m    7.2410u 
  500.00000m   11.7804u 
  550.00000m   17.3373u 
  600.00000m   23.7733u 
  650.00000m   30.9733u 
  700.00000m   38.8376u 
  750.00000m   47.2731u 
  800.00000m   56.1857u 
  850.00000m   65.4732u 
  900.00000m   75.0160u 
  950.00000m   84.6683u 
    1.00000    94.2646u 
y
 vth0_value= 246.5820m
 u0_param=  49.4268m
 ags_param= 421.9813m
 
   *** monte carlo  index = 749 ***
x

 volt         param     
             i_d_0.6    
    0.         71.6019p 
   50.00000m  368.4212p 
  100.00000m    1.8520n 
  150.00000m    8.8169n 
  200.00000m   38.3371n 
  250.00000m  148.2582n 
  300.00000m  502.9650n 
  350.00000m    1.4437u 
  400.00000m    3.3806u 
  450.00000m    6.5299u 
  500.00000m   10.8590u 
  550.00000m   16.2280u 
  600.00000m   22.4947u 
  650.00000m   29.5399u 
  700.00000m   37.2622u 
  750.00000m   45.5681u 
  800.00000m   54.3643u 
  850.00000m   63.5513u 
  900.00000m   73.0136u 
  950.00000m   82.6110u 
    1.00000    92.1803u 
y
 vth0_value= 255.6232m
 u0_param=  49.5796m
 ags_param= 425.5886m
 
   *** monte carlo  index = 750 ***
x

 volt         param     
             i_d_0.6    
    0.         89.3446p 
   50.00000m  459.0613p 
  100.00000m    2.2951n 
  150.00000m   10.8156n 
  200.00000m   46.3346n 
  250.00000m  176.1912n 
  300.00000m  585.9936n 
  350.00000m    1.6385u 
  400.00000m    3.7317u 
  450.00000m    7.0449u 
  500.00000m   11.5223u 
  550.00000m   17.0204u 
  600.00000m   23.4003u 
  650.00000m   30.5461u 
  700.00000m   38.3579u 
  750.00000m   46.7428u 
  800.00000m   55.6071u 
  850.00000m   64.8495u 
  900.00000m   74.3517u 
  950.00000m   83.9696u 
    1.00000    93.5386u 
y
 vth0_value= 248.8172m
 u0_param=  49.3525m
 ags_param= 415.7932m
 
   *** monte carlo  index = 751 ***
x

 volt         param     
             i_d_0.6    
    0.         66.0510p 
   50.00000m  339.9613p 
  100.00000m    1.7119n 
  150.00000m    8.1771n 
  200.00000m   35.7332n 
  250.00000m  138.9871n 
  300.00000m  474.6677n 
  350.00000m    1.3747u 
  400.00000m    3.2500u 
  450.00000m    6.3287u 
  500.00000m   10.5870u 
  550.00000m   15.8874u 
  600.00000m   22.0873u 
  650.00000m   29.0670u 
  700.00000m   36.7249u 
  750.00000m   44.9675u 
  800.00000m   53.7024u 
  850.00000m   62.8308u 
  900.00000m   72.2386u 
  950.00000m   81.7876u 
    1.00000    91.3158u 
y
 vth0_value= 257.9595m
 u0_param=  49.4374m
 ags_param= 417.7283m
 
   *** monte carlo  index = 752 ***
x

 volt         param     
             i_d_0.6    
    0.         58.9873p 
   50.00000m  303.6089p 
  100.00000m    1.5316n 
  150.00000m    7.3425n 
  200.00000m   32.2626n 
  250.00000m  126.3022n 
  300.00000m  434.5914n 
  350.00000m    1.2713u 
  400.00000m    3.0390u 
  450.00000m    5.9740u 
  500.00000m   10.0641u 
  550.00000m   15.1784u 
  600.00000m   21.1777u 
  650.00000m   27.9444u 
  700.00000m   35.3791u 
  750.00000m   43.3907u 
  800.00000m   51.8889u 
  850.00000m   60.7778u 
  900.00000m   69.9462u 
  950.00000m   79.2592u 
    1.00000    88.5579u 
y
 vth0_value= 260.5583m
 u0_param=  48.2074m
 ags_param= 418.9354m
 
   *** monte carlo  index = 753 ***
x

 volt         param     
             i_d_0.6    
    0.         26.5697p 
   50.00000m  136.2095p 
  100.00000m  696.3300p 
  150.00000m    3.4344n 
  200.00000m   15.8008n 
  250.00000m   65.4914n 
  300.00000m  240.0844n 
  350.00000m  763.1507n 
  400.00000m    2.0127u 
  450.00000m    4.3234u 
  500.00000m    7.7884u 
  550.00000m   12.3150u 
  600.00000m   17.7626u 
  650.00000m   24.0054u 
  700.00000m   30.9388u 
  750.00000m   38.4712u 
  800.00000m   46.5151u 
  850.00000m   54.9807u 
  900.00000m   63.7678u 
  950.00000m   72.7567u 
    1.00000    81.8012u 
y
 vth0_value= 284.3388m
 u0_param=  47.6981m
 ags_param= 410.9899m
 
   *** monte carlo  index = 754 ***
x

 volt         param     
             i_d_0.6    
    0.        196.3700p 
   50.00000m    1.0009n 
  100.00000m    4.8995n 
  150.00000m   22.2522n 
  200.00000m   90.6925n 
  250.00000m  326.3465n 
  300.00000m    1.0129u 
  350.00000m    2.5941u 
  400.00000m    5.4216u 
  450.00000m    9.5635u 
  500.00000m   14.8986u 
  550.00000m   21.2668u 
  600.00000m   28.5284u 
  650.00000m   36.5667u 
  700.00000m   45.2778u 
  750.00000m   54.5622u 
  800.00000m   64.3170u 
  850.00000m   74.4283u 
  900.00000m   84.7610u 
  950.00000m   95.1537u 
    1.00000   105.4319u 
y
 vth0_value= 227.2594m
 u0_param=  52.7546m
 ags_param= 413.8191m
 
   *** monte carlo  index = 755 ***
x

 volt         param     
             i_d_0.6    
    0.        125.2210p 
   50.00000m  641.5695p 
  100.00000m    3.1802n 
  150.00000m   14.7573n 
  200.00000m   61.8736n 
  250.00000m  229.7052n 
  300.00000m  741.9213n 
  350.00000m    1.9971u 
  400.00000m    4.3768u 
  450.00000m    8.0112u 
  500.00000m   12.8145u 
  550.00000m   18.6361u 
  600.00000m   25.3377u 
  650.00000m   32.8045u 
  700.00000m   40.9361u 
  750.00000m   49.6376u 
  800.00000m   58.8122u 
  850.00000m   68.3539u 
  900.00000m   78.1378u 
  950.00000m   88.0126u 
    1.00000    97.8094u 
y
 vth0_value= 239.3029m
 u0_param=  50.3460m
 ags_param= 419.0600m
 
   *** monte carlo  index = 756 ***
x

 volt         param     
             i_d_0.6    
    0.         46.1624p 
   50.00000m  237.6518p 
  100.00000m    1.2051n 
  150.00000m    5.8374n 
  200.00000m   26.0659n 
  250.00000m  104.0209n 
  300.00000m  365.7199n 
  350.00000m    1.1009u 
  400.00000m    2.7186u 
  450.00000m    5.4969u 
  500.00000m    9.4555u 
  550.00000m   14.4701u 
  600.00000m   20.3967u 
  650.00000m   27.1127u 
  700.00000m   34.5147u 
  750.00000m   42.5101u 
  800.00000m   51.0080u 
  850.00000m   59.9131u 
  900.00000m   69.1168u 
  950.00000m   78.4878u 
    1.00000    87.8694u 
y
 vth0_value= 268.4582m
 u0_param=  48.9822m
 ags_param= 423.0265m
 
   *** monte carlo  index = 757 ***
x

 volt         param     
             i_d_0.6    
    0.        102.3827p 
   50.00000m  525.5595p 
  100.00000m    2.6192n 
  150.00000m   12.2711n 
  200.00000m   52.1364n 
  250.00000m  196.4183n 
  300.00000m  645.9696n 
  350.00000m    1.7798u 
  400.00000m    3.9927u 
  450.00000m    7.4455u 
  500.00000m   12.0697u 
  550.00000m   17.7178u 
  600.00000m   24.2503u 
  650.00000m   31.5512u 
  700.00000m   39.5200u 
  750.00000m   48.0625u 
  800.00000m   57.0837u 
  850.00000m   66.4799u 
  900.00000m   76.1301u 
  950.00000m   85.8872u 
    1.00000    95.5843u 
y
 vth0_value= 245.1182m
 u0_param=  49.9686m
 ags_param= 413.6156m
 
   *** monte carlo  index = 758 ***
x

 volt         param     
             i_d_0.6    
    0.         36.1112p 
   50.00000m  185.7234p 
  100.00000m  945.8069p 
  150.00000m    4.6226n 
  200.00000m   20.9436n 
  250.00000m   85.0987n 
  300.00000m  305.2066n 
  350.00000m  943.1050n 
  400.00000m    2.4022u 
  450.00000m    4.9943u 
  500.00000m    8.7732u 
  550.00000m   13.6258u 
  600.00000m   19.4065u 
  650.00000m   25.9890u 
  700.00000m   33.2678u 
  750.00000m   41.1495u 
  800.00000m   49.5436u 
  850.00000m   58.3564u 
  900.00000m   67.4823u 
  950.00000m   76.7946u 
    1.00000    86.1404u 
y
 vth0_value= 275.9518m
 u0_param=  49.0962m
 ags_param= 412.8973m
 
   *** monte carlo  index = 759 ***
x

 volt         param     
             i_d_0.6    
    0.         71.6035p 
   50.00000m  368.4001p 
  100.00000m    1.8516n 
  150.00000m    8.8126n 
  200.00000m   38.3027n 
  250.00000m  148.0581n 
  300.00000m  502.0319n 
  350.00000m    1.4401u 
  400.00000m    3.3697u 
  450.00000m    6.5049u 
  500.00000m   10.8130u 
  550.00000m   16.1550u 
  600.00000m   22.3895u 
  650.00000m   29.3984u 
  700.00000m   37.0807u 
  750.00000m   45.3435u 
  800.00000m   54.0943u 
  850.00000m   63.2337u 
  900.00000m   72.6467u 
  950.00000m   82.1935u 
    1.00000    91.7116u 
y
 vth0_value= 255.4308m
 u0_param=  49.2835m
 ags_param= 420.3690m
 
   *** monte carlo  index = 760 ***
x

 volt         param     
             i_d_0.6    
    0.         37.1234p 
   50.00000m  190.8994p 
  100.00000m  971.0750p 
  150.00000m    4.7355n 
  200.00000m   21.3771n 
  250.00000m   86.4686n 
  300.00000m  308.6186n 
  350.00000m  947.6896n 
  400.00000m    2.3958u 
  450.00000m    4.9474u 
  500.00000m    8.6471u 
  550.00000m   13.3837u 
  600.00000m   19.0174u 
  650.00000m   25.4276u 
  700.00000m   32.5131u 
  750.00000m   40.1837u 
  800.00000m   48.3517u 
  850.00000m   56.9256u 
  900.00000m   65.8016u 
  950.00000m   74.8540u 
    1.00000    83.9316u 
y
 vth0_value= 274.0277m
 u0_param=  47.4526m
 ags_param= 414.5226m
 
   *** monte carlo  index = 761 ***
x

 volt         param     
             i_d_0.6    
    0.        161.3569p 
   50.00000m  824.2552p 
  100.00000m    4.0557n 
  150.00000m   18.5814n 
  200.00000m   76.5937n 
  250.00000m  279.0898n 
  300.00000m  880.3973n 
  350.00000m    2.3003u 
  400.00000m    4.8987u 
  450.00000m    8.7674u 
  500.00000m   13.8013u 
  550.00000m   19.8470u 
  600.00000m   26.7680u 
  650.00000m   34.4508u 
  700.00000m   42.7947u 
  750.00000m   51.7037u 
  800.00000m   61.0787u 
  850.00000m   70.8104u 
  900.00000m   80.7688u 
  950.00000m   90.7975u 
    1.00000   100.7257u 
y
 vth0_value= 232.0051m
 u0_param=  50.8700m
 ags_param= 423.1023m
 
   *** monte carlo  index = 762 ***
x

 volt         param     
             i_d_0.6    
    0.         62.7818p 
   50.00000m  323.1864p 
  100.00000m    1.6292n 
  150.00000m    7.7986n 
  200.00000m   34.1880n 
  250.00000m  133.4727n 
  300.00000m  457.7865n 
  350.00000m    1.3333u 
  400.00000m    3.1721u 
  450.00000m    6.2098u 
  500.00000m   10.4288u 
  550.00000m   15.6930u 
  600.00000m   21.8594u 
  650.00000m   28.8078u 
  700.00000m   36.4363u 
  750.00000m   44.6516u 
  800.00000m   53.3613u 
  850.00000m   62.4669u 
  900.00000m   71.8553u 
  950.00000m   81.3886u 
    1.00000    90.9054u 
y
 vth0_value= 259.4714m
 u0_param=  49.4128m
 ags_param= 429.0193m
 
   *** monte carlo  index = 763 ***
x

 volt         param     
             i_d_0.6    
    0.         88.5723p 
   50.00000m  455.0728p 
  100.00000m    2.2752n 
  150.00000m   10.7220n 
  200.00000m   45.9359n 
  250.00000m  174.6888n 
  300.00000m  581.0678n 
  350.00000m    1.6250u 
  400.00000m    3.7017u 
  450.00000m    6.9894u 
  500.00000m   11.4333u 
  550.00000m   16.8914u 
  600.00000m   23.2257u 
  650.00000m   30.3214u 
  700.00000m   38.0796u 
  750.00000m   46.4078u 
  800.00000m   55.2131u 
  850.00000m   64.3946u 
  900.00000m   73.8346u 
  950.00000m   83.3893u 
    1.00000    92.8945u 
y
 vth0_value= 248.8347m
 u0_param=  48.9790m
 ags_param= 422.6393m
 
   *** monte carlo  index = 764 ***
x

 volt         param     
             i_d_0.6    
    0.         50.6493p 
   50.00000m  260.7474p 
  100.00000m    1.3196n 
  150.00000m    6.3666n 
  200.00000m   28.2507n 
  250.00000m  111.8899n 
  300.00000m  390.0859n 
  350.00000m    1.1612u 
  400.00000m    2.8309u 
  450.00000m    5.6599u 
  500.00000m    9.6549u 
  550.00000m   14.6891u 
  600.00000m   20.6209u 
  650.00000m   27.3303u 
  700.00000m   34.7161u 
  750.00000m   42.6864u 
  800.00000m   51.1512u 
  850.00000m   60.0151u 
  900.00000m   69.1692u 
  950.00000m   78.4810u 
    1.00000    87.7937u 
y
 vth0_value= 265.3293m
 u0_param=  48.4774m
 ags_param= 410.0698m
 
   *** monte carlo  index = 765 ***
x

 volt         param     
             i_d_0.6    
    0.         65.5217p 
   50.00000m  337.2281p 
  100.00000m    1.6983n 
  150.00000m    8.1132n 
  200.00000m   35.4616n 
  250.00000m  137.9681n 
  300.00000m  471.3397n 
  350.00000m    1.3656u 
  400.00000m    3.2301u 
  450.00000m    6.2925u 
  500.00000m   10.5296u 
  550.00000m   15.8048u 
  600.00000m   21.9760u 
  650.00000m   28.9241u 
  700.00000m   36.5476u 
  750.00000m   44.7538u 
  800.00000m   53.4506u 
  850.00000m   62.5394u 
  900.00000m   71.9069u 
  950.00000m   81.4153u 
    1.00000    90.9034u 
y
 vth0_value= 258.0644m
 u0_param=  49.2258m
 ags_param= 405.3476m
 
   *** monte carlo  index = 766 ***
x

 volt         param     
             i_d_0.6    
    0.         33.4138p 
   50.00000m  171.7453p 
  100.00000m  875.5747p 
  150.00000m    4.2899n 
  200.00000m   19.5154n 
  250.00000m   79.7080n 
  300.00000m  287.5125n 
  350.00000m  895.0763n 
  400.00000m    2.3005u 
  450.00000m    4.8231u 
  500.00000m    8.5268u 
  550.00000m   13.3033u 
  600.00000m   19.0077u 
  650.00000m   25.5137u 
  700.00000m   32.7160u 
  750.00000m   40.5212u 
  800.00000m   48.8397u 
  850.00000m   57.5784u 
  900.00000m   66.6331u 
  950.00000m   75.8787u 
    1.00000    85.1636u 
y
 vth0_value= 278.1250m
 u0_param=  48.8240m
 ags_param= 418.9446m
 
   *** monte carlo  index = 767 ***
x

 volt         param     
             i_d_0.6    
    0.        135.8330p 
   50.00000m  695.3756p 
  100.00000m    3.4395n 
  150.00000m   15.9005n 
  200.00000m   66.3276n 
  250.00000m  244.8572n 
  300.00000m  785.2950n 
  350.00000m    2.0949u 
  400.00000m    4.5509u 
  450.00000m    8.2722u 
  500.00000m   13.1660u 
  550.00000m   19.0801u 
  600.00000m   25.8760u 
  650.00000m   33.4387u 
  700.00000m   41.6672u 
  750.00000m   50.4660u 
  800.00000m   59.7372u 
  850.00000m   69.3735u 
  900.00000m   79.2482u 
  950.00000m   89.2082u 
    1.00000    99.0837u 
y
 vth0_value= 237.0995m
 u0_param=  50.7301m
 ags_param= 417.6268m
 
   *** monte carlo  index = 768 ***
x

 volt         param     
             i_d_0.6    
    0.         30.1167p 
   50.00000m  154.6305p 
  100.00000m  789.2877p 
  150.00000m    3.8784n 
  200.00000m   17.7302n 
  250.00000m   72.8770n 
  300.00000m  264.7176n 
  350.00000m  831.6172n 
  400.00000m    2.1614u 
  450.00000m    4.5787u 
  500.00000m    8.1599u 
  550.00000m   12.8037u 
  600.00000m   18.3680u 
  650.00000m   24.7272u 
  700.00000m   31.7769u 
  750.00000m   39.4251u 
  800.00000m   47.5835u 
  850.00000m   56.1609u 
  900.00000m   65.0554u 
  950.00000m   74.1446u 
    1.00000    83.2800u 
y
 vth0_value= 280.7888m
 u0_param=  48.0852m
 ags_param= 403.6537m
 
   *** monte carlo  index = 769 ***
x

 volt         param     
             i_d_0.6    
    0.         44.4282p 
   50.00000m  228.7242p 
  100.00000m    1.1609n 
  150.00000m    5.6330n 
  200.00000m   25.2239n 
  250.00000m  101.0050n 
  300.00000m  356.4553n 
  350.00000m    1.0783u 
  400.00000m    2.6783u 
  450.00000m    5.4431u 
  500.00000m    9.3985u 
  550.00000m   14.4208u 
  600.00000m   20.3643u 
  650.00000m   27.1045u 
  700.00000m   34.5369u 
  750.00000m   42.5678u 
  800.00000m   51.1059u 
  850.00000m   60.0556u 
  900.00000m   69.3084u 
  950.00000m   78.7333u 
    1.00000    88.1739u 
y
 vth0_value= 269.8803m
 u0_param=  49.3928m
 ags_param= 416.1279m
 
   *** monte carlo  index = 770 ***
x

 volt         param     
             i_d_0.6    
    0.         93.6011p 
   50.00000m  480.7360p 
  100.00000m    2.4004n 
  150.00000m   11.2854n 
  200.00000m   48.1865n 
  250.00000m  182.5521n 
  300.00000m  604.4543n 
  350.00000m    1.6803u 
  400.00000m    3.8039u 
  450.00000m    7.1460u 
  500.00000m   11.6467u 
  550.00000m   17.1622u 
  600.00000m   23.5544u 
  650.00000m   30.7087u 
  700.00000m   38.5256u 
  750.00000m   46.9125u 
  800.00000m   55.7759u 
  850.00000m   65.0141u 
  900.00000m   74.5081u 
  950.00000m   84.1133u 
    1.00000    93.6648u 
y
 vth0_value= 247.3184m
 u0_param=  49.2003m
 ags_param= 417.0561m
 
   *** monte carlo  index = 771 ***
x

 volt         param     
             i_d_0.6    
    0.        188.9956p 
   50.00000m  963.1491p 
  100.00000m    4.7138n 
  150.00000m   21.4038n 
  200.00000m   87.2146n 
  250.00000m  313.7987n 
  300.00000m  973.8950n 
  350.00000m    2.4943u 
  400.00000m    5.2135u 
  450.00000m    9.1981u 
  500.00000m   14.3335u 
  550.00000m   20.4671u 
  600.00000m   27.4653u 
  650.00000m   35.2164u 
  700.00000m   43.6207u 
  750.00000m   52.5824u 
  800.00000m   62.0016u 
  850.00000m   71.7674u 
  900.00000m   81.7473u 
  950.00000m   91.7822u 
    1.00000   101.7015u 
y
 vth0_value= 227.1203m
 u0_param=  50.6769m
 ags_param= 423.4464m
 
   *** monte carlo  index = 772 ***
x

 volt         param     
             i_d_0.6    
    0.         85.2557p 
   50.00000m  438.1858p 
  100.00000m    2.1932n 
  150.00000m   10.3565n 
  200.00000m   44.4992n 
  250.00000m  169.7775n 
  300.00000m  566.9173n 
  350.00000m    1.5935u 
  400.00000m    3.6492u 
  450.00000m    6.9201u 
  500.00000m   11.3553u 
  550.00000m   16.8124u 
  600.00000m   23.1522u 
  650.00000m   30.2588u 
  700.00000m   38.0324u 
  750.00000m   46.3800u 
  800.00000m   55.2086u 
  850.00000m   64.4173u 
  900.00000m   73.8882u 
  950.00000m   83.4783u 
    1.00000    93.0228u 
y
 vth0_value= 250.1529m
 u0_param=  49.2397m
 ags_param= 429.8937m
 
   *** monte carlo  index = 773 ***
x

 volt         param     
             i_d_0.6    
    0.         78.4475p 
   50.00000m  403.4905p 
  100.00000m    2.0244n 
  150.00000m    9.6023n 
  200.00000m   41.5269n 
  250.00000m  159.5984n 
  300.00000m  537.5083n 
  350.00000m    1.5280u 
  400.00000m    3.5411u 
  450.00000m    6.7808u 
  500.00000m   11.2051u 
  550.00000m   16.6708u 
  600.00000m   23.0351u 
  650.00000m   30.1791u 
  700.00000m   38.0008u 
  750.00000m   46.4061u 
  800.00000m   55.3010u 
  850.00000m   64.5844u 
  900.00000m   74.1393u 
  950.00000m   83.8235u 
    1.00000    93.4724u 
y
 vth0_value= 253.1214m
 u0_param=  49.9603m
 ags_param= 418.0867m
 
   *** monte carlo  index = 774 ***
x

 volt         param     
             i_d_0.6    
    0.         37.1708p 
   50.00000m  191.2099p 
  100.00000m  973.3273p 
  150.00000m    4.7526n 
  200.00000m   21.4988n 
  250.00000m   87.1813n 
  300.00000m  311.9940n 
  350.00000m  961.3312n 
  400.00000m    2.4402u 
  450.00000m    5.0575u 
  500.00000m    8.8630u 
  550.00000m   13.7420u 
  600.00000m   19.5487u 
  650.00000m   26.1571u 
  700.00000m   33.4618u 
  750.00000m   41.3691u 
  800.00000m   49.7885u 
  850.00000m   58.6259u 
  900.00000m   67.7754u 
  950.00000m   77.1093u 
    1.00000    86.4744u 
y
 vth0_value= 275.1236m
 u0_param=  49.1683m
 ags_param= 416.8514m
 
   *** monte carlo  index = 775 ***
x

 volt         param     
             i_d_0.6    
    0.        211.1358p 
   50.00000m    1.0744n 
  100.00000m    5.2404n 
  150.00000m   23.6639n 
  200.00000m   95.7511n 
  250.00000m  341.8582n 
  300.00000m    1.0503u 
  350.00000m    2.6573u 
  400.00000m    5.4925u 
  450.00000m    9.6080u 
  500.00000m   14.8818u 
  550.00000m   21.1592u 
  600.00000m   28.3061u 
  650.00000m   36.2101u 
  700.00000m   44.7706u 
  750.00000m   53.8901u 
  800.00000m   63.4674u 
  850.00000m   73.3890u 
  900.00000m   83.5197u 
  950.00000m   93.6974u 
    1.00000   103.7500u 
y
 vth0_value= 224.2002m
 u0_param=  51.3407m
 ags_param= 436.4266m
 
   *** monte carlo  index = 776 ***
x

 volt         param     
             i_d_0.6    
    0.        219.2227p 
   50.00000m    1.1141n 
  100.00000m    5.4199n 
  150.00000m   24.3722n 
  200.00000m   98.1095n 
  250.00000m  348.3323n 
  300.00000m    1.0625u 
  350.00000m    2.6651u 
  400.00000m    5.4663u 
  450.00000m    9.5075u 
  500.00000m   14.6682u 
  550.00000m   20.7999u 
  600.00000m   27.7742u 
  650.00000m   35.4832u 
  700.00000m   43.8298u 
  750.00000m   52.7192u 
  800.00000m   62.0523u 
  850.00000m   71.7173u 
  900.00000m   81.5803u 
  950.00000m   91.4810u 
    1.00000   101.2508u 
y
 vth0_value= 222.0149m
 u0_param=  49.6934m
 ags_param= 419.8115m
 
   *** monte carlo  index = 777 ***
x

 volt         param     
             i_d_0.6    
    0.         44.4390p 
   50.00000m  228.7136p 
  100.00000m    1.1601n 
  150.00000m    5.6231n 
  200.00000m   25.1359n 
  250.00000m  100.4438n 
  300.00000m  353.6930n 
  350.00000m    1.0669u 
  400.00000m    2.6411u 
  450.00000m    5.3520u 
  500.00000m    9.2220u 
  550.00000m   14.1304u 
  600.00000m   19.9363u 
  650.00000m   26.5194u 
  700.00000m   33.7786u 
  750.00000m   41.6226u 
  800.00000m   49.9625u 
  850.00000m   58.7046u 
  900.00000m   67.7420u 
  950.00000m   76.9451u 
    1.00000    86.1594u 
y
 vth0_value= 268.9896m
 u0_param=  48.0459m
 ags_param= 413.2228m
 
   *** monte carlo  index = 778 ***
x

 volt         param     
             i_d_0.6    
    0.         68.3069p 
   50.00000m  351.5130p 
  100.00000m    1.7686n 
  150.00000m    8.4348n 
  200.00000m   36.7727n 
  250.00000m  142.6427n 
  300.00000m  485.6360n 
  350.00000m    1.4006u 
  400.00000m    3.2964u 
  450.00000m    6.3947u 
  500.00000m   10.6679u 
  550.00000m   15.9780u 
  600.00000m   22.1832u 
  650.00000m   29.1646u 
  700.00000m   36.8213u 
  750.00000m   45.0600u 
  800.00000m   53.7885u 
  850.00000m   62.9079u 
  900.00000m   72.3038u 
  950.00000m   81.8374u 
    1.00000    91.3467u 
y
 vth0_value= 256.8527m
 u0_param=  49.2892m
 ags_param= 416.7108m
 
   *** monte carlo  index = 779 ***
x

 volt         param     
             i_d_0.6    
    0.         76.6438p 
   50.00000m  394.1859p 
  100.00000m    1.9780n 
  150.00000m    9.3854n 
  200.00000m   40.6088n 
  250.00000m  156.1644n 
  300.00000m  526.3449n 
  350.00000m    1.4979u 
  400.00000m    3.4750u 
  450.00000m    6.6607u 
  500.00000m   11.0149u 
  550.00000m   16.3972u 
  600.00000m   22.6673u 
  650.00000m   29.7081u 
  700.00000m   37.4192u 
  750.00000m   45.7079u 
  800.00000m   54.4813u 
  850.00000m   63.6396u 
  900.00000m   73.0669u 
  950.00000m   82.6221u 
    1.00000    92.1420u 
y
 vth0_value= 253.3408m
 u0_param=  49.2166m
 ags_param= 422.8122m
 
   *** monte carlo  index = 780 ***
x

 volt         param     
             i_d_0.6    
    0.         41.0970p 
   50.00000m  211.5194p 
  100.00000m    1.0750n 
  150.00000m    5.2312n 
  200.00000m   23.5320n 
  250.00000m   94.7627n 
  300.00000m  336.5204n 
  350.00000m    1.0265u 
  400.00000m    2.5742u 
  450.00000m    5.2771u 
  500.00000m    9.1714u 
  550.00000m   14.1370u 
  600.00000m   20.0277u 
  650.00000m   26.7181u 
  700.00000m   34.1032u 
  750.00000m   42.0892u 
  800.00000m   50.5849u 
  850.00000m   59.4954u 
  900.00000m   68.7132u 
  950.00000m   78.1090u 
    1.00000    87.5276u 
y
 vth0_value= 272.2190m
 u0_param=  49.3700m
 ags_param= 409.5888m
 
   *** monte carlo  index = 781 ***
x

 volt         param     
             i_d_0.6    
    0.         88.1282p 
   50.00000m  452.8949p 
  100.00000m    2.2654n 
  150.00000m   10.6856n 
  200.00000m   45.8376n 
  250.00000m  174.5558n 
  300.00000m  581.5521n 
  350.00000m    1.6298u 
  400.00000m    3.7204u 
  450.00000m    7.0368u 
  500.00000m   11.5246u 
  550.00000m   17.0394u 
  600.00000m   23.4412u 
  650.00000m   30.6130u 
  700.00000m   38.4543u 
  750.00000m   46.8716u 
  800.00000m   55.7711u 
  850.00000m   65.0509u 
  900.00000m   74.5929u 
  950.00000m   84.2531u 
    1.00000    93.8667u 
y
 vth0_value= 249.4139m
 u0_param=  49.6372m
 ags_param= 409.5344m
 
   *** monte carlo  index = 782 ***
x

 volt         param     
             i_d_0.6    
    0.         28.4820p 
   50.00000m  146.1827p 
  100.00000m  747.1203p 
  150.00000m    3.6814n 
  200.00000m   16.9083n 
  250.00000m   69.9212n 
  300.00000m  255.6503n 
  350.00000m  809.8337n 
  400.00000m    2.1265u 
  450.00000m    4.5489u 
  500.00000m    8.1671u 
  550.00000m   12.8817u 
  600.00000m   18.5456u 
  650.00000m   25.0280u 
  700.00000m   32.2208u 
  750.00000m   40.0286u 
  800.00000m   48.3610u 
  850.00000m   57.1251u 
  900.00000m   66.2177u 
  950.00000m   75.5156u 
    1.00000    84.8698u 
y
 vth0_value= 283.3898m
 u0_param=  49.4716m
 ags_param= 414.0148m
 
   *** monte carlo  index = 783 ***
x

 volt         param     
             i_d_0.6    
    0.        108.8157p 
   50.00000m  558.1963p 
  100.00000m    2.7766n 
  150.00000m   12.9648n 
  200.00000m   54.8253n 
  250.00000m  205.4796n 
  300.00000m  671.5298n 
  350.00000m    1.8352u 
  400.00000m    4.0832u 
  450.00000m    7.5642u 
  500.00000m   12.2048u 
  550.00000m   17.8580u 
  600.00000m   24.3866u 
  650.00000m   31.6762u 
  700.00000m   39.6275u 
  750.00000m   48.1471u 
  800.00000m   57.1400u 
  850.00000m   66.5026u 
  900.00000m   76.1131u 
  950.00000m   85.8234u 
    1.00000    95.4668u 
y
 vth0_value= 243.0346m
 u0_param=  49.5795m
 ags_param= 423.2808m
 
   *** monte carlo  index = 784 ***
x

 volt         param     
             i_d_0.6    
    0.         57.5481p 
   50.00000m  296.3273p 
  100.00000m    1.4968n 
  150.00000m    7.1927n 
  200.00000m   31.7192n 
  250.00000m  124.6974n 
  300.00000m  431.0700n 
  350.00000m    1.2688u 
  400.00000m    3.0537u 
  450.00000m    6.0377u 
  500.00000m   10.2137u 
  550.00000m   15.4472u 
  600.00000m   21.5932u 
  650.00000m   28.5292u 
  700.00000m   36.1519u 
  750.00000m   44.3672u 
  800.00000m   53.0825u 
  850.00000m   62.1997u 
  900.00000m   71.6066u 
  950.00000m   81.1671u 
    1.00000    90.7210u 
y
 vth0_value= 262.3184m
 u0_param=  49.7633m
 ags_param= 408.4252m
 
   *** monte carlo  index = 785 ***
x

 volt         param     
             i_d_0.6    
    0.        176.2102p 
   50.00000m  899.4623p 
  100.00000m    4.4173n 
  150.00000m   20.1727n 
  200.00000m   82.7993n 
  250.00000m  300.2684n 
  300.00000m  941.3643n 
  350.00000m    2.4409u 
  400.00000m    5.1603u 
  450.00000m    9.1833u 
  500.00000m   14.3965u 
  550.00000m   20.6415u 
  600.00000m   27.7787u 
  650.00000m   35.6913u 
  700.00000m   44.2765u 
  750.00000m   53.4355u 
  800.00000m   63.0667u 
  850.00000m   73.0580u 
  900.00000m   83.2767u 
  950.00000m   93.5631u 
    1.00000   103.7437u 
y
 vth0_value= 230.2232m
 u0_param=  52.2657m
 ags_param= 425.2776m
 
   *** monte carlo  index = 786 ***
x

 volt         param     
             i_d_0.6    
    0.         17.4148p 
   50.00000m   88.5294p 
  100.00000m  454.3440p 
  150.00000m    2.2661n 
  200.00000m   10.6340n 
  250.00000m   45.2860n 
  300.00000m  171.0679n 
  350.00000m  564.4335n 
  400.00000m    1.5616u 
  450.00000m    3.5170u 
  500.00000m    6.5785u 
  550.00000m   10.6867u 
  600.00000m   15.7093u 
  650.00000m   21.5209u 
  700.00000m   28.0176u 
  750.00000m   35.1094u 
  800.00000m   42.7123u 
  850.00000m   50.7411u 
  900.00000m   59.1025u 
  950.00000m   67.6857u 
    1.00000    76.3542u 
y
 vth0_value= 296.1327m
 u0_param=  46.0353m
 ags_param= 406.3732m
 
   *** monte carlo  index = 787 ***
x

 volt         param     
             i_d_0.6    
    0.         74.8902p 
   50.00000m  385.2132p 
  100.00000m    1.9340n 
  150.00000m    9.1858n 
  200.00000m   39.8039n 
  250.00000m  153.3272n 
  300.00000m  517.8030n 
  350.00000m    1.4774u 
  400.00000m    3.4371u 
  450.00000m    6.6035u 
  500.00000m   10.9389u 
  550.00000m   16.3035u 
  600.00000m   22.5569u 
  650.00000m   29.5818u 
  700.00000m   37.2776u 
  750.00000m   45.5518u 
  800.00000m   54.3115u 
  850.00000m   63.4573u 
  900.00000m   72.8735u 
  950.00000m   82.4193u 
    1.00000    91.9317u 
y
 vth0_value= 254.0203m
 u0_param=  49.1908m
 ags_param= 427.8809m
 
   *** monte carlo  index = 788 ***
x

 volt         param     
             i_d_0.6    
    0.         37.6046p 
   50.00000m  193.4075p 
  100.00000m  983.8300p 
  150.00000m    4.7974n 
  200.00000m   21.6537n 
  250.00000m   87.5719n 
  300.00000m  312.4837n 
  350.00000m  959.2388n 
  400.00000m    2.4240u 
  450.00000m    5.0037u 
  500.00000m    8.7425u 
  550.00000m   13.5275u 
  600.00000m   19.2173u 
  650.00000m   25.6898u 
  700.00000m   32.8427u 
  750.00000m   40.5847u 
  800.00000m   48.8275u 
  850.00000m   57.4787u 
  900.00000m   66.4339u 
  950.00000m   75.5669u 
    1.00000    84.7260u 
y
 vth0_value= 273.9660m
 u0_param=  47.9419m
 ags_param= 400.1321m
 
   *** monte carlo  index = 789 ***
x

 volt         param     
             i_d_0.6    
    0.        136.8521p 
   50.00000m  699.8654p 
  100.00000m    3.4546n 
  150.00000m   15.9157n 
  200.00000m   66.0921n 
  250.00000m  242.8258n 
  300.00000m  774.2404n 
  350.00000m    2.0503u 
  400.00000m    4.4228u 
  450.00000m    7.9967u 
  500.00000m   12.6818u 
  550.00000m   18.3353u 
  600.00000m   24.8280u 
  650.00000m   32.0523u 
  700.00000m   39.9129u 
  750.00000m   48.3190u 
  800.00000m   57.1769u 
  850.00000m   66.3827u 
  900.00000m   75.8124u 
  950.00000m   85.3154u 
    1.00000    94.7267u 
y
 vth0_value= 235.1098m
 u0_param=  48.0216m
 ags_param= 422.3713m
 
   *** monte carlo  index = 790 ***
x

 volt         param     
             i_d_0.6    
    0.         54.1624p 
   50.00000m  278.8665p 
  100.00000m    1.4099n 
  150.00000m    6.7873n 
  200.00000m   30.0165n 
  250.00000m  118.4053n 
  300.00000m  410.9175n 
  350.00000m    1.2158u 
  400.00000m    2.9435u 
  450.00000m    5.8496u 
  500.00000m    9.9336u 
  550.00000m   15.0651u 
  600.00000m   21.1009u 
  650.00000m   27.9202u 
  700.00000m   35.4207u 
  750.00000m   43.5097u 
  800.00000m   52.0959u 
  850.00000m   61.0825u 
  900.00000m   70.3588u 
  950.00000m   79.7903u 
    1.00000    89.2179u 
y
 vth0_value= 263.6888m
 u0_param=  49.0581m
 ags_param= 426.5765m
 
   *** monte carlo  index = 791 ***
x

 volt         param     
             i_d_0.6    
    0.        192.9392p 
   50.00000m  983.0111p 
  100.00000m    4.8083n 
  150.00000m   21.8130n 
  200.00000m   88.7779n 
  250.00000m  319.0082n 
  300.00000m  988.3801n 
  350.00000m    2.5261u 
  400.00000m    5.2701u 
  450.00000m    9.2844u 
  500.00000m   14.4528u 
  550.00000m   20.6221u 
  600.00000m   27.6583u 
  650.00000m   35.4493u 
  700.00000m   43.8953u 
  750.00000m   52.8997u 
  800.00000m   62.3624u 
  850.00000m   72.1719u 
  900.00000m   82.1949u 
  950.00000m   92.2719u 
    1.00000   102.2315u 
y
 vth0_value= 226.6313m
 u0_param=  50.8871m
 ags_param= 428.4673m
 
   *** monte carlo  index = 792 ***
x

 volt         param     
             i_d_0.6    
    0.         58.3168p 
   50.00000m  300.1096p 
  100.00000m    1.5138n 
  150.00000m    7.2555n 
  200.00000m   31.8717n 
  250.00000m  124.7353n 
  300.00000m  429.0813n 
  350.00000m    1.2547u 
  400.00000m    2.9983u 
  450.00000m    5.8924u 
  500.00000m    9.9251u 
  550.00000m   14.9679u 
  600.00000m   20.8841u 
  650.00000m   27.5582u 
  700.00000m   34.8922u 
  750.00000m   42.7966u 
  800.00000m   51.1823u 
  850.00000m   59.9543u 
  900.00000m   69.0026u 
  950.00000m   78.1929u 
    1.00000    87.3676u 
y
 vth0_value= 260.4177m
 u0_param=  47.4831m
 ags_param= 424.6919m
 
   *** monte carlo  index = 793 ***
x

 volt         param     
             i_d_0.6    
    0.        124.8998p 
   50.00000m  639.8048p 
  100.00000m    3.1704n 
  150.00000m   14.7033n 
  200.00000m   61.6005n 
  250.00000m  228.5099n 
  300.00000m  737.3651n 
  350.00000m    1.9825u 
  400.00000m    4.3397u 
  450.00000m    7.9365u 
  500.00000m   12.6877u 
  550.00000m   18.4451u 
  600.00000m   25.0726u 
  650.00000m   32.4572u 
  700.00000m   40.4998u 
  750.00000m   49.1067u 
  800.00000m   58.1821u 
  850.00000m   67.6208u 
  900.00000m   77.2985u 
  950.00000m   87.0645u 
    1.00000    96.7509u 
y
 vth0_value= 238.9626m
 u0_param=  49.6955m
 ags_param= 425.0265m
 
   *** monte carlo  index = 794 ***
x

 volt         param     
             i_d_0.6    
    0.        124.5772p 
   50.00000m  638.0456p 
  100.00000m    3.1607n 
  150.00000m   14.6510n 
  200.00000m   61.3400n 
  250.00000m  227.3834n 
  300.00000m  733.1141n 
  350.00000m    1.9689u 
  400.00000m    4.3057u 
  450.00000m    7.8682u 
  500.00000m   12.5721u 
  550.00000m   18.2711u 
  600.00000m   24.8312u 
  650.00000m   32.1409u 
  700.00000m   40.1024u 
  750.00000m   48.6229u 
  800.00000m   57.6077u 
  850.00000m   66.9522u 
  900.00000m   76.5329u 
  950.00000m   86.1996u 
    1.00000    95.7856u 
y
 vth0_value= 238.6607m
 u0_param=  49.1118m
 ags_param= 425.9862m
 
   *** monte carlo  index = 795 ***
x

 volt         param     
             i_d_0.6    
    0.         74.9840p 
   50.00000m  385.7284p 
  100.00000m    1.9369n 
  150.00000m    9.2019n 
  200.00000m   39.8888n 
  250.00000m  153.7179n 
  300.00000m  519.3601n 
  350.00000m    1.4827u 
  400.00000m    3.4517u 
  450.00000m    6.6348u 
  500.00000m   10.9944u 
  550.00000m   16.3896u 
  600.00000m   22.6788u 
  650.00000m   29.7437u 
  700.00000m   37.4830u 
  750.00000m   45.8034u 
  800.00000m   54.6118u 
  850.00000m   63.8081u 
  900.00000m   73.2764u 
  950.00000m   82.8758u 
    1.00000    92.4429u 
y
 vth0_value= 254.2002m
 u0_param=  49.5262m
 ags_param= 417.8349m
 
   *** monte carlo  index = 796 ***
x

 volt         param     
             i_d_0.6    
    0.        148.3091p 
   50.00000m  758.5171p 
  100.00000m    3.7427n 
  150.00000m   17.2299n 
  200.00000m   71.4715n 
  250.00000m  262.2231n 
  300.00000m  834.4528n 
  350.00000m    2.2042u 
  400.00000m    4.7430u 
  450.00000m    8.5572u 
  500.00000m   13.5472u 
  550.00000m   19.5589u 
  600.00000m   26.4539u 
  650.00000m   34.1170u 
  700.00000m   42.4469u 
  750.00000m   51.3471u 
  800.00000m   60.7188u 
  850.00000m   70.4531u 
  900.00000m   80.4216u 
  950.00000m   90.4691u 
    1.00000   100.4245u 
y
 vth0_value= 234.6962m
 u0_param=  51.1123m
 ags_param= 419.9415m
 
   *** monte carlo  index = 797 ***
x

 volt         param     
             i_d_0.6    
    0.        112.9459p 
   50.00000m  579.2658p 
  100.00000m    2.8794n 
  150.00000m   13.4272n 
  200.00000m   56.6788n 
  250.00000m  211.9968n 
  300.00000m  691.0857n 
  350.00000m    1.8825u 
  400.00000m    4.1746u 
  450.00000m    7.7131u 
  500.00000m   12.4208u 
  550.00000m   18.1488u 
  600.00000m   24.7584u 
  650.00000m   32.1342u 
  700.00000m   40.1760u 
  750.00000m   48.7892u 
  800.00000m   57.8782u 
  850.00000m   67.3381u 
  900.00000m   77.0461u 
  950.00000m   86.8529u 
    1.00000    96.5909u 
y
 vth0_value= 242.2508m
 u0_param=  50.1024m
 ags_param= 418.8198m
 
   *** monte carlo  index = 798 ***
x

 volt         param     
             i_d_0.6    
    0.        107.0887p 
   50.00000m  549.5973p 
  100.00000m    2.7367n 
  150.00000m   12.8023n 
  200.00000m   54.2765n 
  250.00000m  203.9871n 
  300.00000m  668.8637n 
  350.00000m    1.8358u 
  400.00000m    4.1019u 
  450.00000m    7.6246u 
  500.00000m   12.3311u 
  550.00000m   18.0712u 
  600.00000m   24.7038u 
  650.00000m   32.1116u 
  700.00000m   40.1929u 
  750.00000m   48.8524u 
  800.00000m   57.9937u 
  850.00000m   67.5120u 
  900.00000m   77.2847u 
  950.00000m   87.1630u 
    1.00000    96.9787u 
y
 vth0_value= 244.1770m
 u0_param=  50.6122m
 ags_param= 419.7867m
 
   *** monte carlo  index = 799 ***
x

 volt         param     
             i_d_0.6    
    0.         85.0397p 
   50.00000m  437.1025p 
  100.00000m    2.1881n 
  150.00000m   10.3352n 
  200.00000m   44.4246n 
  250.00000m  169.5643n 
  300.00000m  566.4805n 
  350.00000m    1.5933u 
  400.00000m    3.6511u 
  450.00000m    6.9274u 
  500.00000m   11.3714u 
  550.00000m   16.8403u 
  600.00000m   23.1943u 
  650.00000m   30.3170u 
  700.00000m   38.1082u 
  750.00000m   46.4748u 
  800.00000m   55.3234u 
  850.00000m   64.5529u 
  900.00000m   74.0457u 
  950.00000m   83.6585u 
    1.00000    93.2268u 
y
 vth0_value= 250.3284m
 u0_param=  49.3925m
 ags_param= 421.7691m
 
   *** monte carlo  index = 800 ***
x

 volt         param     
             i_d_0.6    
    0.         60.6761p 
   50.00000m  312.3337p 
  100.00000m    1.5752n 
  150.00000m    7.5473n 
  200.00000m   33.1343n 
  250.00000m  129.5801n 
  300.00000m  445.3186n 
  350.00000m    1.3005u 
  400.00000m    3.1030u 
  450.00000m    6.0898u 
  500.00000m   10.2464u 
  550.00000m   15.4391u 
  600.00000m   21.5264u 
  650.00000m   28.3892u 
  700.00000m   35.9265u 
  750.00000m   44.0460u 
  800.00000m   52.6564u 
  850.00000m   61.6603u 
  900.00000m   70.9457u 
  950.00000m   80.3767u 
    1.00000    89.7932u 
y
 vth0_value= 260.1546m
 u0_param=  48.8843m
 ags_param= 409.1416m
 
   *** monte carlo  index = 801 ***
x

 volt         param     
             i_d_0.6    
    0.         74.5796p 
   50.00000m  383.6460p 
  100.00000m    1.9266n 
  150.00000m    9.1539n 
  200.00000m   39.6877n 
  250.00000m  152.9753n 
  300.00000m  516.9832n 
  350.00000m    1.4765u 
  400.00000m    3.4383u 
  450.00000m    6.6112u 
  500.00000m   10.9578u 
  550.00000m   16.3379u 
  600.00000m   22.6101u 
  650.00000m   29.6564u 
  700.00000m   37.3760u 
  750.00000m   45.6755u 
  800.00000m   54.4622u 
  850.00000m   63.6363u 
  900.00000m   73.0819u 
  950.00000m   82.6586u 
    1.00000    92.2032u 
y
 vth0_value= 254.2819m
 u0_param=  49.4011m
 ags_param= 416.2786m
 
   *** monte carlo  index = 802 ***
x

 volt         param     
             i_d_0.6    
    0.         93.1856p 
   50.00000m  478.7049p 
  100.00000m    2.3914n 
  150.00000m   11.2521n 
  200.00000m   48.0998n 
  250.00000m  182.4530n 
  300.00000m  605.0149n 
  350.00000m    1.6851u 
  400.00000m    3.8222u 
  450.00000m    7.1918u 
  500.00000m   11.7341u 
  550.00000m   17.3036u 
  600.00000m   23.7603u 
  650.00000m   30.9874u 
  700.00000m   38.8845u 
  750.00000m   47.3576u 
  800.00000m   56.3124u 
  850.00000m   65.6462u 
  900.00000m   75.2396u 
  950.00000m   84.9470u 
    1.00000    94.6024u 
y
 vth0_value= 247.8425m
 u0_param=  49.8030m
 ags_param= 426.3974m
 
   *** monte carlo  index = 803 ***
x

 volt         param     
             i_d_0.6    
    0.        147.2771p 
   50.00000m  753.4048p 
  100.00000m    3.7192n 
  150.00000m   17.1353n 
  200.00000m   71.1526n 
  250.00000m  261.3441n 
  300.00000m  832.8107n 
  350.00000m    2.2037u 
  400.00000m    4.7498u 
  450.00000m    8.5804u 
  500.00000m   13.5960u 
  550.00000m   19.6411u 
  600.00000m   26.5760u 
  650.00000m   34.2844u 
  700.00000m   42.6642u 
  750.00000m   51.6181u 
  800.00000m   61.0469u 
  850.00000m   70.8413u 
  900.00000m   80.8723u 
  950.00000m   90.9843u 
    1.00000   101.0056u 
y
 vth0_value= 235.1467m
 u0_param=  51.4965m
 ags_param= 426.9026m
 
   *** monte carlo  index = 804 ***
x

 volt         param     
             i_d_0.6    
    0.         31.1241p 
   50.00000m  159.8940p 
  100.00000m  816.1966p 
  150.00000m    4.0102n 
  200.00000m   18.3291n 
  250.00000m   75.3155n 
  300.00000m  273.4583n 
  350.00000m  858.5408n 
  400.00000m    2.2296u 
  450.00000m    4.7195u 
  500.00000m    8.4051u 
  550.00000m   13.1811u 
  600.00000m   18.9004u 
  650.00000m   25.4335u 
  700.00000m   32.6730u 
  750.00000m   40.5241u 
  800.00000m   48.8960u 
  850.00000m   57.6955u 
  900.00000m   66.8184u 
  950.00000m   76.1402u 
    1.00000    85.5104u 
y
 vth0_value= 280.6838m
 u0_param=  49.4511m
 ags_param= 408.7672m
 
   *** monte carlo  index = 805 ***
x

 volt         param     
             i_d_0.6    
    0.         98.8322p 
   50.00000m  507.5229p 
  100.00000m    2.5320n 
  150.00000m   11.8852n 
  200.00000m   50.6323n 
  250.00000m  191.3204n 
  300.00000m  631.4646n 
  350.00000m    1.7480u 
  400.00000m    3.9401u 
  450.00000m    7.3755u 
  500.00000m   11.9890u 
  550.00000m   17.6328u 
  600.00000m   24.1663u 
  650.00000m   31.4725u 
  700.00000m   39.4501u 
  750.00000m   48.0047u 
  800.00000m   57.0409u 
  850.00000m   66.4554u 
  900.00000m   76.1273u 
  950.00000m   85.9101u 
    1.00000    95.6368u 
y
 vth0_value= 246.3147m
 u0_param=  50.1795m
 ags_param= 413.0755m
 
   *** monte carlo  index = 806 ***
x

 volt         param     
             i_d_0.6    
    0.         89.5693p 
   50.00000m  460.2738p 
  100.00000m    2.3017n 
  150.00000m   10.8506n 
  200.00000m   46.5091n 
  250.00000m  176.9551n 
  300.00000m  588.9121n 
  350.00000m    1.6481u 
  400.00000m    3.7567u 
  450.00000m    7.0967u 
  500.00000m   11.6124u 
  550.00000m   17.1585u 
  600.00000m   23.5943u 
  650.00000m   30.8027u 
  700.00000m   38.6826u 
  750.00000m   47.1403u 
  800.00000m   56.0812u 
  850.00000m   65.4034u 
  900.00000m   74.9879u 
  950.00000m   84.6900u 
    1.00000    94.3442u 
y
 vth0_value= 249.0617m
 u0_param=  49.8478m
 ags_param= 418.5685m
 
   *** monte carlo  index = 807 ***
x

 volt         param     
             i_d_0.6    
    0.         26.5485p 
   50.00000m  136.0638p 
  100.00000m  695.1939p 
  150.00000m    3.4252n 
  200.00000m   15.7303n 
  250.00000m   65.0497n 
  300.00000m  237.8906n 
  350.00000m  753.9287n 
  400.00000m    1.9810u 
  450.00000m    4.2405u 
  500.00000m    7.6191u 
  550.00000m   12.0262u 
  600.00000m   17.3264u 
  650.00000m   23.3987u 
  700.00000m   30.1428u 
  750.00000m   37.4698u 
  800.00000m   45.2951u 
  850.00000m   53.5311u 
  900.00000m   62.0795u 
  950.00000m   70.8222u 
    1.00000    79.6148u 
y
 vth0_value= 283.3303m
 u0_param=  46.1809m
 ags_param= 417.1922m
 
   *** monte carlo  index = 808 ***
x

 volt         param     
             i_d_0.6    
    0.        127.2462p 
   50.00000m  652.0300p 
  100.00000m    3.2324n 
  150.00000m   15.0027n 
  200.00000m   62.9173n 
  250.00000m  233.6261n 
  300.00000m  754.7251n 
  350.00000m    2.0320u 
  400.00000m    4.4542u 
  450.00000m    8.1536u 
  500.00000m   13.0422u 
  550.00000m   18.9660u 
  600.00000m   25.7837u 
  650.00000m   33.3781u 
  700.00000m   41.6468u 
  750.00000m   50.4932u 
  800.00000m   59.8190u 
  850.00000m   69.5169u 
  900.00000m   79.4607u 
  950.00000m   89.4980u 
    1.00000    99.4584u 
y
 vth0_value= 239.4202m
 u0_param=  51.2961m
 ags_param= 415.3725m
 
   *** monte carlo  index = 809 ***
x

 volt         param     
             i_d_0.6    
    0.         52.2039p 
   50.00000m  268.8159p 
  100.00000m    1.3603n 
  150.00000m    6.5610n 
  200.00000m   29.0995n 
  250.00000m  115.1805n 
  300.00000m  401.2502n 
  350.00000m    1.1932u 
  400.00000m    2.9053u 
  450.00000m    5.8024u 
  500.00000m    9.8892u 
  550.00000m   15.0354u 
  600.00000m   21.0958u 
  650.00000m   27.9478u 
  700.00000m   35.4877u 
  750.00000m   43.6218u 
  800.00000m   52.2582u 
  850.00000m   61.2997u 
  900.00000m   70.6357u 
  950.00000m   80.1319u 
    1.00000    89.6293u 
y
 vth0_value= 265.1021m
 u0_param=  49.5261m
 ags_param= 420.9143m
 
   *** monte carlo  index = 810 ***
x

 volt         param     
             i_d_0.6    
    0.        132.8112p 
   50.00000m  679.7699p 
  100.00000m    3.3615n 
  150.00000m   15.5348n 
  200.00000m   64.7744n 
  250.00000m  239.0332n 
  300.00000m  766.3203n 
  350.00000m    2.0433u 
  400.00000m    4.4370u 
  450.00000m    8.0633u 
  500.00000m   12.8326u 
  550.00000m   18.5977u 
  600.00000m   25.2244u 
  650.00000m   32.6012u 
  700.00000m   40.6301u 
  750.00000m   49.2178u 
  800.00000m   58.2688u 
  850.00000m   67.6776u 
  900.00000m   77.3194u 
  950.00000m   87.0426u 
    1.00000    96.6799u 
y
 vth0_value= 236.8925m
 u0_param=  49.3535m
 ags_param= 423.5436m
 
   *** monte carlo  index = 811 ***
x

 volt         param     
             i_d_0.6    
    0.        183.4409p 
   50.00000m  935.1109p 
  100.00000m    4.5797n 
  150.00000m   20.8193n 
  200.00000m   84.9598n 
  250.00000m  306.1967n 
  300.00000m  952.3834n 
  350.00000m    2.4457u 
  400.00000m    5.1246u 
  450.00000m    9.0587u 
  500.00000m   14.1358u 
  550.00000m   20.2048u 
  600.00000m   27.1332u 
  650.00000m   34.8102u 
  700.00000m   43.1369u 
  750.00000m   52.0181u 
  800.00000m   61.3550u 
  850.00000m   71.0374u 
  900.00000m   80.9340u 
  950.00000m   90.8867u 
    1.00000   100.7257u 
y
 vth0_value= 227.7401m
 u0_param=  50.2395m
 ags_param= 421.1172m
 
   *** monte carlo  index = 812 ***
x

 volt         param     
             i_d_0.6    
    0.         41.9966p 
   50.00000m  216.1087p 
  100.00000m    1.0973n 
  150.00000m    5.3300n 
  200.00000m   23.9067n 
  250.00000m   95.9307n 
  300.00000m  339.3652n 
  350.00000m    1.0300u 
  400.00000m    2.5679u 
  450.00000m    5.2368u 
  500.00000m    9.0665u 
  550.00000m   13.9386u 
  600.00000m   19.7119u 
  650.00000m   26.2651u 
  700.00000m   33.4966u 
  750.00000m   41.3151u 
  800.00000m   49.6317u 
  850.00000m   58.3530u 
  900.00000m   67.3730u 
  950.00000m   76.5632u 
    1.00000    85.7699u 
y
 vth0_value= 270.7161m
 u0_param=  48.0754m
 ags_param= 408.9263m
 
   *** monte carlo  index = 813 ***
x

 volt         param     
             i_d_0.6    
    0.         27.3300p 
   50.00000m  140.1746p 
  100.00000m  716.5234p 
  150.00000m    3.5326n 
  200.00000m   16.2412n 
  250.00000m   67.2528n 
  300.00000m  246.2740n 
  350.00000m  781.7146n 
  400.00000m    2.0579u 
  450.00000m    4.4130u 
  500.00000m    7.9388u 
  550.00000m   12.5400u 
  600.00000m   18.0733u 
  650.00000m   24.4110u 
  700.00000m   31.4472u 
  750.00000m   39.0887u 
  800.00000m   47.2470u 
  850.00000m   55.8308u 
  900.00000m   64.7389u 
  950.00000m   73.8502u 
    1.00000    83.0173u 
y
 vth0_value= 283.9453m
 u0_param=  48.3978m
 ags_param= 411.9120m
 
   *** monte carlo  index = 814 ***
x

 volt         param     
             i_d_0.6    
    0.        110.7254p 
   50.00000m  567.8028p 
  100.00000m    2.8221n 
  150.00000m   13.1589n 
  200.00000m   55.5391n 
  250.00000m  207.7170n 
  300.00000m  677.1130n 
  350.00000m    1.8444u 
  400.00000m    4.0901u 
  450.00000m    7.5574u 
  500.00000m   12.1715u 
  550.00000m   17.7870u 
  600.00000m   24.2686u 
  650.00000m   31.5035u 
  700.00000m   39.3936u 
  750.00000m   47.8463u 
  800.00000m   56.7675u 
  850.00000m   66.0541u 
  900.00000m   75.5847u 
  950.00000m   85.2115u 
    1.00000    94.7687u 
y
 vth0_value= 242.1790m
 u0_param=  49.0690m
 ags_param= 415.8193m
 
   *** monte carlo  index = 815 ***
x

 volt         param     
             i_d_0.6    
    0.         77.4808p 
   50.00000m  398.5986p 
  100.00000m    2.0010n 
  150.00000m    9.5006n 
  200.00000m   41.1472n 
  250.00000m  158.3998n 
  300.00000m  534.4828n 
  350.00000m    1.5233u 
  400.00000m    3.5393u 
  450.00000m    6.7923u 
  500.00000m   11.2416u 
  550.00000m   16.7429u 
  600.00000m   23.1516u 
  650.00000m   30.3472u 
  700.00000m   38.2267u 
  750.00000m   46.6949u 
  800.00000m   55.6571u 
  850.00000m   65.0118u 
  900.00000m   74.6414u 
  950.00000m   84.4034u 
    1.00000    94.1326u 
y
 vth0_value= 253.8008m
 u0_param=  50.4413m
 ags_param= 424.2546m
 
   *** monte carlo  index = 816 ***
x

 volt         param     
             i_d_0.6    
    0.         49.6793p 
   50.00000m  255.7904p 
  100.00000m    1.2954n 
  150.00000m    6.2581n 
  200.00000m   27.8266n 
  250.00000m  110.4807n 
  300.00000m  386.2151n 
  350.00000m    1.1538u 
  400.00000m    2.8243u 
  450.00000m    5.6668u 
  500.00000m    9.6918u 
  550.00000m   14.7717u 
  600.00000m   20.7625u 
  650.00000m   27.5417u 
  700.00000m   35.0065u 
  750.00000m   43.0637u 
  800.00000m   51.6222u 
  850.00000m   60.5858u 
  900.00000m   69.8447u 
  950.00000m   79.2659u 
    1.00000    88.6915u 
y
 vth0_value= 266.3530m
 u0_param=  49.1503m
 ags_param= 426.3558m
 
   *** monte carlo  index = 817 ***
x

 volt         param     
             i_d_0.6    
    0.         93.1441p 
   50.00000m  478.3848p 
  100.00000m    2.3887n 
  150.00000m   11.2313n 
  200.00000m   47.9606n 
  250.00000m  181.7186n 
  300.00000m  601.7890n 
  350.00000m    1.6733u 
  400.00000m    3.7887u 
  450.00000m    7.1189u 
  500.00000m   11.6041u 
  550.00000m   17.1012u 
  600.00000m   23.4728u 
  650.00000m   30.6044u 
  700.00000m   38.3970u 
  750.00000m   46.7582u 
  800.00000m   55.5948u 
  850.00000m   64.8053u 
  900.00000m   74.2712u 
  950.00000m   83.8480u 
    1.00000    93.3711u 
y
 vth0_value= 247.3618m
 u0_param=  49.0414m
 ags_param= 415.3994m
 
   *** monte carlo  index = 818 ***
x

 volt         param     
             i_d_0.6    
    0.         59.2675p 
   50.00000m  305.1325p 
  100.00000m    1.5400n 
  150.00000m    7.3886n 
  200.00000m   32.5049n 
  250.00000m  127.4255n 
  300.00000m  439.1051n 
  350.00000m    1.2870u 
  400.00000m    3.0831u 
  450.00000m    6.0714u 
  500.00000m   10.2407u 
  550.00000m   15.4570u 
  600.00000m   21.5769u 
  650.00000m   28.4798u 
  700.00000m   36.0635u 
  750.00000m   44.2348u 
  800.00000m   52.9018u 
  850.00000m   61.9666u 
  900.00000m   71.3169u 
  950.00000m   80.8166u 
    1.00000    90.3052u 
y
 vth0_value= 261.1504m
 u0_param=  49.3272m
 ags_param= 417.6145m
 
   *** monte carlo  index = 819 ***
x

 volt         param     
             i_d_0.6    
    0.         51.0231p 
   50.00000m  262.7635p 
  100.00000m    1.3306n 
  150.00000m    6.4259n 
  200.00000m   28.5583n 
  250.00000m  113.3118n 
  300.00000m  395.7962n 
  350.00000m    1.1811u 
  400.00000m    2.8876u 
  450.00000m    5.7870u 
  500.00000m    9.8883u 
  550.00000m   15.0605u 
  600.00000m   21.1566u 
  650.00000m   28.0519u 
  700.00000m   35.6417u 
  750.00000m   43.8311u 
  800.00000m   52.5276u 
  850.00000m   61.6335u 
  900.00000m   71.0379u 
  950.00000m   80.6065u 
    1.00000    90.1803u 
y
 vth0_value= 266.1077m
 u0_param=  50.0185m
 ags_param= 415.7207m
 
   *** monte carlo  index = 820 ***
x

 volt         param     
             i_d_0.6    
    0.         82.7068p 
   50.00000m  425.2567p 
  100.00000m    2.1309n 
  150.00000m   10.0831n 
  200.00000m   43.4537n 
  250.00000m  166.3407n 
  300.00000m  557.6009n 
  350.00000m    1.5754u 
  400.00000m    3.6269u 
  450.00000m    6.9077u 
  500.00000m   11.3700u 
  550.00000m   16.8697u 
  600.00000m   23.2648u 
  650.00000m   30.4369u 
  700.00000m   38.2844u 
  750.00000m   46.7133u 
  800.00000m   55.6294u 
  850.00000m   64.9312u 
  900.00000m   74.5009u 
  950.00000m   84.1954u 
    1.00000    93.8498u 
y
 vth0_value= 251.5165m
 u0_param=  49.9375m
 ags_param= 415.9945m
 
   *** monte carlo  index = 821 ***
x

 volt         param     
             i_d_0.6    
    0.         64.0720p 
   50.00000m  329.8548p 
  100.00000m    1.6626n 
  150.00000m    7.9556n 
  200.00000m   34.8582n 
  250.00000m  136.0023n 
  300.00000m  466.1012n 
  350.00000m    1.3561u 
  400.00000m    3.2225u 
  450.00000m    6.3021u 
  500.00000m   10.5752u 
  550.00000m   15.9037u 
  600.00000m   22.1427u 
  650.00000m   29.1704u 
  700.00000m   36.8837u 
  750.00000m   45.1882u 
  800.00000m   53.9907u 
  850.00000m   63.1917u 
  900.00000m   72.6771u 
  950.00000m   82.3086u 
    1.00000    91.9238u 
y
 vth0_value= 259.2296m
 u0_param=  49.9886m
 ags_param= 418.4157m
 
   *** monte carlo  index = 822 ***
x

 volt         param     
             i_d_0.6    
    0.         69.0559p 
   50.00000m  355.4304p 
  100.00000m    1.7887n 
  150.00000m    8.5332n 
  200.00000m   37.2185n 
  250.00000m  144.4428n 
  300.00000m  492.0115n 
  350.00000m    1.4199u 
  400.00000m    3.3441u 
  450.00000m    6.4908u 
  500.00000m   10.8319u 
  550.00000m   16.2265u 
  600.00000m   22.5301u 
  650.00000m   29.6215u 
  700.00000m   37.3975u 
  750.00000m   45.7635u 
  800.00000m   54.6259u 
  850.00000m   63.8842u 
  900.00000m   73.4232u 
  950.00000m   83.1029u 
    1.00000    92.7597u 
y
 vth0_value= 257.0766m
 u0_param=  50.1471m
 ags_param= 420.2762m
 
   *** monte carlo  index = 823 ***
x

 volt         param     
             i_d_0.6    
    0.         71.6438p 
   50.00000m  368.6175p 
  100.00000m    1.8528n 
  150.00000m    8.8189n 
  200.00000m   38.3347n 
  250.00000m  148.2006n 
  300.00000m  502.5841n 
  350.00000m    1.4419u 
  400.00000m    3.3746u 
  450.00000m    6.5154u 
  500.00000m   10.8315u 
  550.00000m   16.1834u 
  600.00000m   22.4295u 
  650.00000m   29.4512u 
  700.00000m   37.1473u 
  750.00000m   45.4247u 
  800.00000m   54.1907u 
  850.00000m   63.3458u 
  900.00000m   72.7751u 
  950.00000m   82.3387u 
    1.00000    91.8740u 
y
 vth0_value= 255.4869m
 u0_param=  49.3961m
 ags_param= 412.1199m
 
   *** monte carlo  index = 824 ***
x

 volt         param     
             i_d_0.6    
    0.        109.4279p 
   50.00000m  561.3415p 
  100.00000m    2.7922n 
  150.00000m   13.0366n 
  200.00000m   55.1236n 
  250.00000m  206.5732n 
  300.00000m  674.9969n 
  350.00000m    1.8443u 
  400.00000m    4.1025u 
  450.00000m    7.5987u 
  500.00000m   12.2586u 
  550.00000m   17.9347u 
  600.00000m   24.4890u 
  650.00000m   31.8068u 
  700.00000m   39.7883u 
  750.00000m   48.3396u 
  800.00000m   57.3655u 
  850.00000m   66.7622u 
  900.00000m   76.4074u 
  950.00000m   86.1528u 
    1.00000    95.8313u 
y
 vth0_value= 242.9955m
 u0_param=  49.7801m
 ags_param= 422.7689m
 
   *** monte carlo  index = 825 ***
x

 volt         param     
             i_d_0.6    
    0.         99.5917p 
   50.00000m  511.3234p 
  100.00000m    2.5498n 
  150.00000m   11.9592n 
  200.00000m   50.8906n 
  250.00000m  192.0618n 
  300.00000m  632.9976n 
  350.00000m    1.7490u 
  400.00000m    3.9347u 
  450.00000m    7.3545u 
  500.00000m   11.9423u 
  550.00000m   17.5519u 
  600.00000m   24.0441u 
  650.00000m   31.3033u 
  700.00000m   39.2293u 
  750.00000m   47.7284u 
  800.00000m   56.7058u 
  850.00000m   66.0585u 
  900.00000m   75.6660u 
  950.00000m   85.3817u 
    1.00000    95.0392u 
y
 vth0_value= 245.8097m
 u0_param=  49.7512m
 ags_param= 422.9471m
 
   *** monte carlo  index = 826 ***
x

 volt         param     
             i_d_0.6    
    0.         59.5318p 
   50.00000m  306.4581p 
  100.00000m    1.5462n 
  150.00000m    7.4143n 
  200.00000m   32.5900n 
  250.00000m  127.6338n 
  300.00000m  439.3439n 
  350.00000m    1.2858u 
  400.00000m    3.0754u 
  450.00000m    6.0481u 
  500.00000m   10.1915u 
  550.00000m   15.3726u 
  600.00000m   21.4495u 
  650.00000m   28.3030u 
  700.00000m   35.8319u 
  750.00000m   43.9437u 
  800.00000m   52.5473u 
  850.00000m   61.5455u 
  900.00000m   70.8264u 
  950.00000m   80.2544u 
    1.00000    89.6698u 
y
 vth0_value= 260.7378m
 u0_param=  48.8994m
 ags_param= 409.1326m
 
   *** monte carlo  index = 827 ***
x

 volt         param     
             i_d_0.6    
    0.         40.7648p 
   50.00000m  209.7109p 
  100.00000m    1.0650n 
  150.00000m    5.1752n 
  200.00000m   23.2292n 
  250.00000m   93.2969n 
  300.00000m  330.4001n 
  350.00000m    1.0042u 
  400.00000m    2.5080u 
  450.00000m    5.1226u 
  500.00000m    8.8796u 
  550.00000m   13.6639u 
  600.00000m   19.3369u 
  650.00000m   25.7794u 
  700.00000m   32.8918u 
  750.00000m   40.5840u 
  800.00000m   48.7687u 
  850.00000m   57.3539u 
  900.00000m   66.2349u 
  950.00000m   75.2845u 
    1.00000    84.3502u 
y
 vth0_value= 271.0739m
 u0_param=  47.2682m
 ags_param= 413.9989m
 
   *** monte carlo  index = 828 ***
x

 volt         param     
             i_d_0.6    
    0.        127.5451p 
   50.00000m  653.2736p 
  100.00000m    3.2358n 
  150.00000m   14.9962n 
  200.00000m   62.7668n 
  250.00000m  232.5832n 
  300.00000m  749.4750n 
  350.00000m    2.0115u 
  400.00000m    4.3956u 
  450.00000m    8.0274u 
  500.00000m   12.8200u 
  550.00000m   18.6236u 
  600.00000m   25.3016u 
  650.00000m   32.7400u 
  700.00000m   40.8393u 
  750.00000m   49.5049u 
  800.00000m   58.6407u 
  850.00000m   68.1407u 
  900.00000m   77.8799u 
  950.00000m   87.7071u 
    1.00000    97.4536u 
y
 vth0_value= 238.5473m
 u0_param=  50.0296m
 ags_param= 422.5102m
 
   *** monte carlo  index = 829 ***
x

 volt         param     
             i_d_0.6    
    0.         77.3604p 
   50.00000m  397.9993p 
  100.00000m    1.9982n 
  150.00000m    9.4894n 
  200.00000m   41.1115n 
  250.00000m  158.3168n 
  300.00000m  534.4134n 
  350.00000m    1.5238u 
  400.00000m    3.5427u 
  450.00000m    6.8019u 
  500.00000m   11.2610u 
  550.00000m   16.7755u 
  600.00000m   23.2001u 
  650.00000m   30.4140u 
  700.00000m   38.3136u 
  750.00000m   46.8037u 
  800.00000m   55.7892u 
  850.00000m   65.1684u 
  900.00000m   74.8234u 
  950.00000m   84.6117u 
    1.00000    94.3676u 
y
 vth0_value= 253.9446m
 u0_param=  50.5946m
 ags_param= 429.3388m
 
   *** monte carlo  index = 830 ***
x

 volt         param     
             i_d_0.6    
    0.        251.7999p 
   50.00000m    1.2764n 
  100.00000m    6.1769n 
  150.00000m   27.5435n 
  200.00000m  109.7400n 
  250.00000m  385.2106n 
  300.00000m    1.1574u 
  350.00000m    2.8526u 
  400.00000m    5.7601u 
  450.00000m    9.9018u 
  500.00000m   15.1515u 
  550.00000m   21.3621u 
  600.00000m   28.4076u 
  650.00000m   36.1816u 
  700.00000m   44.5874u 
  750.00000m   53.5302u 
  800.00000m   62.9100u 
  850.00000m   72.6132u 
  900.00000m   82.5028u 
  950.00000m   92.4161u 
    1.00000   102.1851u 
y
 vth0_value= 217.7419m
 u0_param=  49.5537m
 ags_param= 442.4647m
 
   *** monte carlo  index = 831 ***
x

 volt         param     
             i_d_0.6    
    0.         79.0922p 
   50.00000m  406.7579p 
  100.00000m    2.0401n 
  150.00000m    9.6709n 
  200.00000m   41.7860n 
  250.00000m  160.4332n 
  300.00000m  539.6955n 
  350.00000m    1.5319u 
  400.00000m    3.5443u 
  450.00000m    6.7782u 
  500.00000m   11.1903u 
  550.00000m   16.6382u 
  600.00000m   22.9803u 
  650.00000m   30.0983u 
  700.00000m   37.8911u 
  750.00000m   46.2649u 
  800.00000m   55.1261u 
  850.00000m   64.3739u 
  900.00000m   73.8913u 
  950.00000m   83.5361u 
    1.00000    93.1440u 
y
 vth0_value= 252.7069m
 u0_param=  49.6985m
 ags_param= 425.2658m
 
   *** monte carlo  index = 832 ***
x

 volt         param     
             i_d_0.6    
    0.        135.7366p 
   50.00000m  694.5058p 
  100.00000m    3.4316n 
  150.00000m   15.8366n 
  200.00000m   65.9106n 
  250.00000m  242.7348n 
  300.00000m  776.2211n 
  350.00000m    2.0631u 
  400.00000m    4.4662u 
  450.00000m    8.0967u 
  500.00000m   12.8640u 
  550.00000m   18.6213u 
  600.00000m   25.2356u 
  650.00000m   32.5962u 
  700.00000m   40.6056u 
  750.00000m   49.1710u 
  800.00000m   58.1970u 
  850.00000m   67.5783u 
  900.00000m   77.1898u 
  950.00000m   86.8799u 
    1.00000    96.4815u 
y
 vth0_value= 236.0885m
 u0_param=  49.1264m
 ags_param= 423.7156m
 
   *** monte carlo  index = 833 ***
x

 volt         param     
             i_d_0.6    
    0.        100.6167p 
   50.00000m  516.5596p 
  100.00000m    2.5754n 
  150.00000m   12.0749n 
  200.00000m   51.3567n 
  250.00000m  193.7081n 
  300.00000m  637.9660n 
  350.00000m    1.7611u 
  400.00000m    3.9581u 
  450.00000m    7.3922u 
  500.00000m   11.9965u 
  550.00000m   17.6240u 
  600.00000m   24.1353u 
  650.00000m   31.4144u 
  700.00000m   39.3610u 
  750.00000m   47.8809u 
  800.00000m   56.8794u 
  850.00000m   66.2532u 
  900.00000m   75.8816u 
  950.00000m   85.6181u 
    1.00000    95.2961u 
y
 vth0_value= 245.5836m
 u0_param=  49.8785m
 ags_param= 410.2435m
 
   *** monte carlo  index = 834 ***
x

 volt         param     
             i_d_0.6    
    0.         36.4093p 
   50.00000m  187.2552p 
  100.00000m  953.3625p 
  150.00000m    4.6571n 
  200.00000m   21.0818n 
  250.00000m   85.5686n 
  300.00000m  306.5375n 
  350.00000m  945.8030n 
  400.00000m    2.4047u 
  450.00000m    4.9914u 
  500.00000m    8.7574u 
  550.00000m   13.5897u 
  600.00000m   19.3439u 
  650.00000m   25.8947u 
  700.00000m   33.1377u 
  750.00000m   40.9797u 
  800.00000m   49.3312u 
  850.00000m   58.0985u 
  900.00000m   67.1767u 
  950.00000m   76.4391u 
    1.00000    85.7333u 
y
 vth0_value= 275.4974m
 u0_param=  48.7810m
 ags_param= 408.3946m
 
   *** monte carlo  index = 835 ***
x

 volt         param     
             i_d_0.6    
    0.         24.0029p 
   50.00000m  122.8576p 
  100.00000m  628.7303p 
  150.00000m    3.1095n 
  200.00000m   14.3742n 
  250.00000m   59.9586n 
  300.00000m  221.3477n 
  350.00000m  709.8715n 
  400.00000m    1.8933u 
  450.00000m    4.1111u 
  500.00000m    7.4692u 
  550.00000m   11.8822u 
  600.00000m   17.2118u 
  650.00000m   23.3327u 
  700.00000m   30.1409u 
  750.00000m   37.5454u 
  800.00000m   45.4600u 
  850.00000m   53.7962u 
  900.00000m   62.4558u 
  950.00000m   71.3213u 
    1.00000    80.2494u 
y
 vth0_value= 287.0618m
 u0_param=  47.1452m
 ags_param= 405.2728m
 
   *** monte carlo  index = 836 ***
x

 volt         param     
             i_d_0.6    
    0.        104.1445p 
   50.00000m  534.4464p 
  100.00000m    2.6616n 
  150.00000m   12.4535n 
  200.00000m   52.8164n 
  250.00000m  198.5890n 
  300.00000m  651.5685n 
  350.00000m    1.7898u 
  400.00000m    4.0026u 
  450.00000m    7.4455u 
  500.00000m   12.0488u 
  550.00000m   17.6662u 
  600.00000m   24.1600u 
  650.00000m   31.4155u 
  700.00000m   39.3334u 
  750.00000m   47.8202u 
  800.00000m   56.7816u 
  850.00000m   66.1143u 
  900.00000m   75.6975u 
  950.00000m   85.3842u 
    1.00000    95.0082u 
y
 vth0_value= 244.3164m
 u0_param=  49.5208m
 ags_param= 414.4731m
 
   *** monte carlo  index = 837 ***
x

 volt         param     
             i_d_0.6    
    0.        133.8159p 
   50.00000m  685.0233p 
  100.00000m    3.3884n 
  150.00000m   15.6655n 
  200.00000m   65.3552n 
  250.00000m  241.3105n 
  300.00000m  774.1275n 
  350.00000m    2.0658u 
  400.00000m    4.4894u 
  450.00000m    8.1631u 
  500.00000m   12.9963u 
  550.00000m   18.8388u 
  600.00000m   25.5544u 
  650.00000m   33.0296u 
  700.00000m   41.1647u 
  750.00000m   49.8654u 
  800.00000m   59.0348u 
  850.00000m   68.5663u 
  900.00000m   78.3342u 
  950.00000m   88.1857u 
    1.00000    97.9521u 
y
 vth0_value= 237.1407m
 u0_param=  50.0881m
 ags_param= 431.4402m
 
   *** monte carlo  index = 838 ***
x

 volt         param     
             i_d_0.6    
    0.         89.7440p 
   50.00000m  461.0816p 
  100.00000m    2.3048n 
  150.00000m   10.8577n 
  200.00000m   46.4931n 
  250.00000m  176.7022n 
  300.00000m  587.3335n 
  350.00000m    1.6410u 
  400.00000m    3.7341u 
  450.00000m    7.0447u 
  500.00000m   11.5165u 
  550.00000m   17.0063u 
  600.00000m   23.3756u 
  650.00000m   30.5089u 
  700.00000m   38.3066u 
  750.00000m   46.6760u 
  800.00000m   55.5236u 
  850.00000m   64.7483u 
  900.00000m   74.2318u 
  950.00000m   83.8302u 
    1.00000    93.3789u 
y
 vth0_value= 248.6052m
 u0_param=  49.2328m
 ags_param= 413.1003m
 
   *** monte carlo  index = 839 ***
x

 volt         param     
             i_d_0.6    
    0.         81.8846p 
   50.00000m  421.0690p 
  100.00000m    2.1105n 
  150.00000m    9.9924n 
  200.00000m   43.0975n 
  250.00000m  165.1275n 
  300.00000m  554.1243n 
  350.00000m    1.5678u 
  400.00000m    3.6147u 
  450.00000m    6.8929u 
  500.00000m   11.3556u 
  550.00000m   16.8585u 
  600.00000m   23.2592u 
  650.00000m   30.4388u 
  700.00000m   38.2955u 
  750.00000m   46.7350u 
  800.00000m   55.6630u 
  850.00000m   64.9780u 
  900.00000m   74.5621u 
  950.00000m   84.2724u 
    1.00000    93.9437u 
y
 vth0_value= 251.8867m
 u0_param=  50.0463m
 ags_param= 417.4509m
 
   *** monte carlo  index = 840 ***
x

 volt         param     
             i_d_0.6    
    0.         97.5691p 
   50.00000m  501.2646p 
  100.00000m    2.5033n 
  150.00000m   11.7715n 
  200.00000m   50.2738n 
  250.00000m  190.4859n 
  300.00000m  630.7323n 
  350.00000m    1.7533u 
  400.00000m    3.9689u 
  450.00000m    7.4546u 
  500.00000m   12.1463u 
  550.00000m   17.8924u 
  600.00000m   24.5480u 
  650.00000m   31.9926u 
  700.00000m   40.1223u 
  750.00000m   48.8405u 
  800.00000m   58.0501u 
  850.00000m   67.6463u 
  900.00000m   77.5070u 
  950.00000m   87.4846u 
    1.00000    97.4107u 
y
 vth0_value= 247.4504m
 u0_param=  51.3669m
 ags_param= 417.0192m
 
   *** monte carlo  index = 841 ***
x

 volt         param     
             i_d_0.6    
    0.         98.0633p 
   50.00000m  503.3070p 
  100.00000m    2.5086n 
  150.00000m   11.7559n 
  200.00000m   49.9683n 
  250.00000m  188.3573n 
  300.00000m  619.9642n 
  350.00000m    1.7101u 
  400.00000m    3.8406u 
  450.00000m    7.1694u 
  500.00000m   11.6324u 
  550.00000m   17.0884u 
  600.00000m   23.4035u 
  650.00000m   30.4660u 
  700.00000m   38.1792u 
  750.00000m   46.4520u 
  800.00000m   55.1921u 
  850.00000m   64.2987u 
  900.00000m   73.6530u 
  950.00000m   83.1102u 
    1.00000    92.5062u 
y
 vth0_value= 245.2784m
 u0_param=  48.2304m
 ags_param= 430.2181m
 
   *** monte carlo  index = 842 ***
x

 volt         param     
             i_d_0.6    
    0.         45.8789p 
   50.00000m  236.1986p 
  100.00000m    1.1980n 
  150.00000m    5.8050n 
  200.00000m   25.9369n 
  250.00000m  103.5806n 
  300.00000m  364.4588n 
  350.00000m    1.0982u 
  400.00000m    2.7152u 
  450.00000m    5.4959u 
  500.00000m    9.4612u 
  550.00000m   14.4864u 
  600.00000m   20.4271u 
  650.00000m   27.1597u 
  700.00000m   34.5807u 
  750.00000m   42.5968u 
  800.00000m   51.1170u 
  850.00000m   60.0458u 
  900.00000m   69.2746u 
  950.00000m   78.6719u 
    1.00000    88.0811u 
y
 vth0_value= 268.7608m
 u0_param=  49.1616m
 ags_param= 418.3308m
 
   *** monte carlo  index = 843 ***
x

 volt         param     
             i_d_0.6    
    0.         42.1179p 
   50.00000m  216.7352p 
  100.00000m    1.1004n 
  150.00000m    5.3446n 
  200.00000m   23.9683n 
  250.00000m   96.1583n 
  300.00000m  340.0937n 
  350.00000m    1.0319u 
  400.00000m    2.5718u 
  450.00000m    5.2430u 
  500.00000m    9.0751u 
  550.00000m   13.9497u 
  600.00000m   19.7254u 
  650.00000m   26.2810u 
  700.00000m   33.5149u 
  750.00000m   41.3359u 
  800.00000m   49.6549u 
  850.00000m   58.3787u 
  900.00000m   67.4010u 
  950.00000m   76.5934u 
    1.00000    85.8018u 
y
 vth0_value= 270.6311m
 u0_param=  48.0785m
 ags_param= 411.9321m
 
   *** monte carlo  index = 844 ***
x

 volt         param     
             i_d_0.6    
    0.         22.6029p 
   50.00000m  115.5744p 
  100.00000m  591.8587p 
  150.00000m    2.9324n 
  200.00000m   13.5974n 
  250.00000m   56.9563n 
  300.00000m  211.2345n 
  350.00000m  681.3532n 
  400.00000m    1.8306u 
  450.00000m    4.0036u 
  500.00000m    7.3148u 
  550.00000m   11.6834u 
  600.00000m   16.9713u 
  650.00000m   23.0525u 
  700.00000m   29.8227u 
  750.00000m   37.1907u 
  800.00000m   45.0703u 
  850.00000m   53.3735u 
  900.00000m   62.0029u 
  950.00000m   70.8422u 
    1.00000    79.7491u 
y
 vth0_value= 288.8742m
 u0_param=  47.1127m
 ags_param= 397.6710m
 
   *** monte carlo  index = 845 ***
x

 volt         param     
             i_d_0.6    
    0.         39.6727p 
   50.00000m  204.1351p 
  100.00000m    1.0379n 
  150.00000m    5.0546n 
  200.00000m   22.7692n 
  250.00000m   91.8499n 
  300.00000m  326.8145n 
  350.00000m  999.4419n 
  400.00000m    2.5142u 
  450.00000m    5.1686u 
  500.00000m    9.0023u 
  550.00000m   13.8979u 
  600.00000m   19.7112u 
  650.00000m   26.3181u 
  700.00000m   33.6147u 
  750.00000m   41.5080u 
  800.00000m   49.9081u 
  850.00000m   58.7208u 
  900.00000m   67.8399u 
  950.00000m   77.1370u 
    1.00000    86.4580u 
y
 vth0_value= 272.9264m
 u0_param=  48.8189m
 ags_param= 417.0406m
 
   *** monte carlo  index = 846 ***
x

 volt         param     
             i_d_0.6    
    0.         85.7417p 
   50.00000m  440.7419p 
  100.00000m    2.2064n 
  150.00000m   10.4224n 
  200.00000m   44.8028n 
  250.00000m  171.0186n 
  300.00000m  571.3635n 
  350.00000m    1.6071u 
  400.00000m    3.6829u 
  450.00000m    6.9877u 
  500.00000m   11.4701u 
  550.00000m   16.9856u 
  600.00000m   23.3930u 
  650.00000m   30.5747u 
  700.00000m   38.4295u 
  750.00000m   46.8635u 
  800.00000m   55.7825u 
  850.00000m   65.0849u 
  900.00000m   74.6523u 
  950.00000m   84.3411u 
    1.00000    93.9860u 
y
 vth0_value= 250.3697m
 u0_param=  49.8393m
 ags_param= 418.6276m
 
   *** monte carlo  index = 847 ***
x

 volt         param     
             i_d_0.6    
    0.         91.7227p 
   50.00000m  471.3340p 
  100.00000m    2.3563n 
  150.00000m   11.1024n 
  200.00000m   47.5516n 
  250.00000m  180.7581n 
  300.00000m  600.8964n 
  350.00000m    1.6791u 
  400.00000m    3.8215u 
  450.00000m    7.2098u 
  500.00000m   11.7860u 
  550.00000m   17.4025u 
  600.00000m   23.9168u 
  650.00000m   31.2105u 
  700.00000m   39.1814u 
  750.00000m   47.7345u 
  800.00000m   56.7744u 
  850.00000m   66.1982u 
  900.00000m   75.8857u 
  950.00000m   85.6914u 
    1.00000    95.4487u 
y
 vth0_value= 248.7199m
 u0_param=  50.4312m
 ags_param= 418.2603m
 
   *** monte carlo  index = 848 ***
x

 volt         param     
             i_d_0.6    
    0.         67.6656p 
   50.00000m  348.2059p 
  100.00000m    1.7522n 
  150.00000m    8.3579n 
  200.00000m   36.4480n 
  250.00000m  141.4330n 
  300.00000m  481.7205n 
  350.00000m    1.3901u 
  400.00000m    3.2737u 
  450.00000m    6.3540u 
  500.00000m   10.6042u 
  550.00000m   15.8872u 
  600.00000m   22.0618u 
  650.00000m   29.0099u 
  700.00000m   36.6306u 
  750.00000m   44.8315u 
  800.00000m   53.5205u 
  850.00000m   62.5992u 
  900.00000m   71.9537u 
  950.00000m   81.4457u 
    1.00000    90.9138u 
y
 vth0_value= 256.9893m
 u0_param=  49.0629m
 ags_param= 411.4430m
 
   *** monte carlo  index = 849 ***
x

 volt         param     
             i_d_0.6    
    0.        141.5774p 
   50.00000m  724.6367p 
  100.00000m    3.5818n 
  150.00000m   16.5388n 
  200.00000m   68.8786n 
  250.00000m  253.8090n 
  300.00000m  812.0881n 
  350.00000m    2.1599u 
  400.00000m    4.6783u 
  450.00000m    8.4839u 
  500.00000m   13.4796u 
  550.00000m   19.5099u 
  600.00000m   26.4339u 
  650.00000m   34.1345u 
  700.00000m   42.5091u 
  750.00000m   51.4605u 
  800.00000m   60.8894u 
  850.00000m   70.6866u 
  900.00000m   80.7239u 
  950.00000m   90.8464u 
    1.00000   100.8825u 
y
 vth0_value= 236.4165m
 u0_param=  51.6283m
 ags_param= 421.9301m
 
   *** monte carlo  index = 850 ***
x

 volt         param     
             i_d_0.6    
    0.         70.0368p 
   50.00000m  360.4361p 
  100.00000m    1.8131n 
  150.00000m    8.6426n 
  200.00000m   37.6500n 
  250.00000m  145.9145n 
  300.00000m  496.2381n 
  350.00000m    1.4291u 
  400.00000m    3.3582u 
  450.00000m    6.5057u 
  500.00000m   10.8420u 
  550.00000m   16.2266u 
  600.00000m   22.5158u 
  650.00000m   29.5894u 
  700.00000m   37.3448u 
  750.00000m   45.6880u 
  800.00000m   54.5253u 
  850.00000m   63.7568u 
  900.00000m   73.2669u 
  950.00000m   82.9153u 
    1.00000    92.5386u 
y
 vth0_value= 256.5054m
 u0_param=  49.9174m
 ags_param= 430.7709m
 
   *** monte carlo  index = 851 ***
x

 volt         param     
             i_d_0.6    
    0.         62.0405p 
   50.00000m  319.3831p 
  100.00000m    1.6105n 
  150.00000m    7.7129n 
  200.00000m   33.8387n 
  250.00000m  132.2294n 
  300.00000m  453.9916n 
  350.00000m    1.3241u 
  400.00000m    3.1549u 
  450.00000m    6.1840u 
  500.00000m   10.3949u 
  550.00000m   15.6519u 
  600.00000m   21.8117u 
  650.00000m   28.7537u 
  700.00000m   36.3760u 
  750.00000m   44.5850u 
  800.00000m   53.2885u 
  850.00000m   62.3883u 
  900.00000m   71.7714u 
  950.00000m   81.3006u 
    1.00000    90.8152u 
y
 vth0_value= 259.8455m
 u0_param=  49.4383m
 ags_param= 410.2810m
 
   *** monte carlo  index = 852 ***
x

 volt         param     
             i_d_0.6    
    0.         92.7309p 
   50.00000m  476.4734p 
  100.00000m    2.3813n 
  150.00000m   11.2145n 
  200.00000m   47.9959n 
  250.00000m  182.2951n 
  300.00000m  605.3992n 
  350.00000m    1.6895u 
  400.00000m    3.8398u 
  450.00000m    7.2362u 
  500.00000m   11.8195u 
  550.00000m   17.4419u 
  600.00000m   23.9612u 
  650.00000m   31.2587u 
  700.00000m   39.2326u 
  750.00000m   47.7879u 
  800.00000m   56.8292u 
  850.00000m   66.2534u 
  900.00000m   75.9405u 
  950.00000m   85.7449u 
    1.00000    95.5003u 
y
 vth0_value= 248.3862m
 u0_param=  50.4232m
 ags_param= 407.0290m
 
   *** monte carlo  index = 853 ***
x

 volt         param     
             i_d_0.6    
    0.        114.5298p 
   50.00000m  587.3023p 
  100.00000m    2.9181n 
  150.00000m   13.5983n 
  200.00000m   57.3446n 
  250.00000m  214.2548n 
  300.00000m  697.5225n 
  350.00000m    1.8968u 
  400.00000m    4.1992u 
  450.00000m    7.7481u 
  500.00000m   12.4654u 
  550.00000m   18.2021u 
  600.00000m   24.8198u 
  650.00000m   32.2034u 
  700.00000m   40.2528u 
  750.00000m   48.8735u 
  800.00000m   57.9696u 
  850.00000m   67.4362u 
  900.00000m   77.1499u 
  950.00000m   86.9610u 
    1.00000    96.7012u 
y
 vth0_value= 241.8179m
 u0_param=  50.0805m
 ags_param= 435.1597m
 
   *** monte carlo  index = 854 ***
x

 volt         param     
             i_d_0.6    
    0.         38.9492p 
   50.00000m  200.3689p 
  100.00000m    1.0187n 
  150.00000m    4.9623n 
  200.00000m   22.3590n 
  250.00000m   90.2265n 
  300.00000m  321.1759n 
  350.00000m  982.7834n 
  400.00000m    2.4741u 
  450.00000m    5.0895u 
  500.00000m    8.8694u 
  550.00000m   13.6988u 
  600.00000m   19.4356u 
  650.00000m   25.9575u 
  700.00000m   33.1620u 
  750.00000m   40.9575u 
  800.00000m   49.2550u 
  850.00000m   57.9616u 
  900.00000m   66.9719u 
  950.00000m   76.1585u 
    1.00000    85.3684u 
y
 vth0_value= 273.0558m
 u0_param=  48.1707m
 ags_param= 421.6850m
 
   *** monte carlo  index = 855 ***
x

 volt         param     
             i_d_0.6    
    0.         78.4523p 
   50.00000m  403.3777p 
  100.00000m    2.0225n 
  150.00000m    9.5819n 
  200.00000m   41.3679n 
  250.00000m  158.6898n 
  300.00000m  533.3211n 
  350.00000m    1.5120u 
  400.00000m    3.4936u 
  450.00000m    6.6743u 
  500.00000m   11.0112u 
  550.00000m   16.3650u 
  600.00000m   22.5975u 
  650.00000m   29.5929u 
  700.00000m   37.2523u 
  750.00000m   45.4837u 
  800.00000m   54.1951u 
  850.00000m   63.2871u 
  900.00000m   72.6440u 
  950.00000m   82.1246u 
    1.00000    91.5664u 
y
 vth0_value= 252.3241m
 u0_param=  48.7350m
 ags_param= 421.1911m
 
   *** monte carlo  index = 856 ***
x

 volt         param     
             i_d_0.6    
    0.         62.8750p 
   50.00000m  323.5087p 
  100.00000m    1.6292n 
  150.00000m    7.7847n 
  200.00000m   34.0367n 
  250.00000m  132.4827n 
  300.00000m  452.8885n 
  350.00000m    1.3133u 
  400.00000m    3.1096u 
  450.00000m    6.0636u 
  500.00000m   10.1549u 
  550.00000m   15.2530u 
  600.00000m   21.2213u 
  650.00000m   27.9453u 
  700.00000m   35.3272u 
  750.00000m   43.2774u 
  800.00000m   51.7065u 
  850.00000m   60.5187u 
  900.00000m   69.6031u 
  950.00000m   78.8239u 
    1.00000    88.0224u 
y
 vth0_value= 258.1919m
 u0_param=  47.5434m
 ags_param= 422.5570m
 
   *** monte carlo  index = 857 ***
x

 volt         param     
             i_d_0.6    
    0.        100.4236p 
   50.00000m  515.5118p 
  100.00000m    2.5697n 
  150.00000m   12.0441n 
  200.00000m   51.2022n 
  250.00000m  193.0324n 
  300.00000m  635.3908n 
  350.00000m    1.7527u 
  400.00000m    3.9365u 
  450.00000m    7.3480u 
  500.00000m   11.9206u 
  550.00000m   17.5088u 
  600.00000m   23.9747u 
  650.00000m   31.2034u 
  700.00000m   39.0954u 
  750.00000m   47.5575u 
  800.00000m   56.4954u 
  850.00000m   65.8064u 
  900.00000m   75.3701u 
  950.00000m   85.0400u 
    1.00000    94.6501u 
y
 vth0_value= 245.3743m
 u0_param=  49.4648m
 ags_param= 423.2768m
 
   *** monte carlo  index = 858 ***
x

 volt         param     
             i_d_0.6    
    0.         91.7259p 
   50.00000m  471.3314p 
  100.00000m    2.3561n 
  150.00000m   11.0999n 
  200.00000m   47.5313n 
  250.00000m  180.6422n 
  300.00000m  600.3608n 
  350.00000m    1.6771u 
  400.00000m    3.8155u 
  450.00000m    7.1967u 
  500.00000m   11.7622u 
  550.00000m   17.3652u 
  600.00000m   23.8637u 
  650.00000m   31.1393u 
  700.00000m   39.0905u 
  750.00000m   47.6224u 
  800.00000m   56.6399u 
  850.00000m   66.0401u 
  900.00000m   75.7033u 
  950.00000m   85.4842u 
    1.00000    95.2164u 
y
 vth0_value= 248.6288m
 u0_param=  50.2896m
 ags_param= 413.2729m
 
   *** monte carlo  index = 859 ***
x

 volt         param     
             i_d_0.6    
    0.         31.5023p 
   50.00000m  161.7869p 
  100.00000m  824.9692p 
  150.00000m    4.0448n 
  200.00000m   18.4229n 
  250.00000m   75.3679n 
  300.00000m  272.3722n 
  350.00000m  850.0954n 
  400.00000m    2.1917u 
  450.00000m    4.6086u 
  500.00000m    8.1667u 
  550.00000m   12.7640u 
  600.00000m   18.2616u 
  650.00000m   24.5378u 
  700.00000m   31.4909u 
  750.00000m   39.0309u 
  800.00000m   47.0712u 
  850.00000m   55.5218u 
  900.00000m   64.2813u 
  950.00000m   73.2276u 
    1.00000    82.2125u 
y
 vth0_value= 278.7747m
 u0_param=  47.1178m
 ags_param= 408.0377m
 
   *** monte carlo  index = 860 ***
x

 volt         param     
             i_d_0.6    
    0.         67.8571p 
   50.00000m  349.2537p 
  100.00000m    1.7580n 
  150.00000m    8.3903n 
  200.00000m   36.6190n 
  250.00000m  142.2252n 
  300.00000m  484.9004n 
  350.00000m    1.4011u 
  400.00000m    3.3043u 
  450.00000m    6.4208u 
  500.00000m   10.7243u 
  550.00000m   16.0754u 
  600.00000m   22.3307u 
  650.00000m   29.3696u 
  700.00000m   37.0899u 
  750.00000m   45.3976u 
  800.00000m   54.1995u 
  850.00000m   63.3960u 
  900.00000m   72.8723u 
  950.00000m   82.4890u 
    1.00000    92.0836u 
y
 vth0_value= 257.3780m
 u0_param=  49.7948m
 ags_param= 421.6293m
 
   *** monte carlo  index = 861 ***
x

 volt         param     
             i_d_0.6    
    0.         34.7618p 
   50.00000m  178.7198p 
  100.00000m  910.5002p 
  150.00000m    4.4542n 
  200.00000m   20.2122n 
  250.00000m   82.2910n 
  300.00000m  295.7958n 
  350.00000m  916.7107n 
  400.00000m    2.3432u 
  450.00000m    4.8879u 
  500.00000m    8.6081u 
  550.00000m   13.3938u 
  600.00000m   19.1011u 
  650.00000m   25.6049u 
  700.00000m   32.8007u 
  750.00000m   40.5958u 
  800.00000m   48.9008u 
  850.00000m   57.6228u 
  900.00000m   66.6573u 
  950.00000m   75.8786u 
    1.00000    85.1349u 
y
 vth0_value= 276.7778m
 u0_param=  48.5961m
 ags_param= 421.0743m
 
   *** monte carlo  index = 862 ***
x

 volt         param     
             i_d_0.6    
    0.         95.0147p 
   50.00000m  488.0329p 
  100.00000m    2.4368n 
  150.00000m   11.4561n 
  200.00000m   48.9120n 
  250.00000m  185.2795n 
  300.00000m  613.3747n 
  350.00000m    1.7047u 
  400.00000m    3.8581u 
  450.00000m    7.2461u 
  500.00000m   11.8073u 
  550.00000m   17.3957u 
  600.00000m   23.8712u 
  650.00000m   31.1174u 
  700.00000m   39.0336u 
  750.00000m   47.5258u 
  800.00000m   56.4994u 
  850.00000m   65.8517u 
  900.00000m   75.4625u 
  950.00000m   85.1858u 
    1.00000    94.8554u 
y
 vth0_value= 247.2940m
 u0_param=  49.8590m
 ags_param= 431.5900m
 
   *** monte carlo  index = 863 ***
x

 volt         param     
             i_d_0.6    
    0.         68.2996p 
   50.00000m  351.4711p 
  100.00000m    1.7684n 
  150.00000m    8.4332n 
  200.00000m   36.7633n 
  250.00000m  142.5961n 
  300.00000m  485.4400n 
  350.00000m    1.3999u 
  400.00000m    3.2944u 
  450.00000m    6.3903u 
  500.00000m   10.6600u 
  550.00000m   15.9656u 
  600.00000m   22.1657u 
  650.00000m   29.1415u 
  700.00000m   36.7921u 
  750.00000m   45.0245u 
  800.00000m   53.7463u 
  850.00000m   62.8589u 
  900.00000m   72.2478u 
  950.00000m   81.7741u 
    1.00000    91.2758u 
y
 vth0_value= 256.8213m
 u0_param=  49.2359m
 ags_param= 422.8888m
 
   *** monte carlo  index = 864 ***
x

 volt         param     
             i_d_0.6    
    0.         35.3605p 
   50.00000m  181.7816p 
  100.00000m  925.4435p 
  150.00000m    4.5209n 
  200.00000m   20.4675n 
  250.00000m   83.0898n 
  300.00000m  297.7433n 
  350.00000m  919.0751n 
  400.00000m    2.3380u 
  450.00000m    4.8557u 
  500.00000m    8.5237u 
  550.00000m   13.2330u 
  600.00000m   18.8436u 
  650.00000m   25.2340u 
  700.00000m   32.3025u 
  750.00000m   39.9586u 
  800.00000m   48.1148u 
  850.00000m   56.6795u 
  900.00000m   65.5495u 
  950.00000m   74.5998u 
    1.00000    83.6797u 
y
 vth0_value= 275.5441m
 u0_param=  47.5180m
 ags_param= 421.5137m
 
   *** monte carlo  index = 865 ***
x

 volt         param     
             i_d_0.6    
    0.         86.4890p 
   50.00000m  444.5172p 
  100.00000m    2.2244n 
  150.00000m   10.5002n 
  200.00000m   45.0921n 
  250.00000m  171.9313n 
  300.00000m  573.6674n 
  350.00000m    1.6109u 
  400.00000m    3.6849u 
  450.00000m    6.9816u 
  500.00000m   11.4484u 
  550.00000m   16.9419u 
  600.00000m   23.3220u 
  650.00000m   30.4721u 
  700.00000m   38.2918u 
  750.00000m   46.6877u 
  800.00000m   55.5661u 
  850.00000m   64.8257u 
  900.00000m   74.3481u 
  950.00000m   83.9897u 
    1.00000    93.5855u 
y
 vth0_value= 249.9101m
 u0_param=  49.5313m
 ags_param= 425.7625m
 
   *** monte carlo  index = 866 ***
x

 volt         param     
             i_d_0.6    
    0.         66.4120p 
   50.00000m  341.8994p 
  100.00000m    1.7223n 
  150.00000m    8.2325n 
  200.00000m   36.0111n 
  250.00000m  140.2245n 
  300.00000m  479.4729n 
  350.00000m    1.3908u 
  400.00000m    3.2937u 
  450.00000m    6.4229u 
  500.00000m   10.7550u 
  550.00000m   16.1495u 
  600.00000m   22.4602u 
  650.00000m   29.5646u 
  700.00000m   37.3586u 
  750.00000m   45.7471u 
  800.00000m   54.6360u 
  850.00000m   63.9248u 
  900.00000m   73.4984u 
  950.00000m   83.2171u 
    1.00000    92.9175u 
y
 vth0_value= 258.4420m
 u0_param=  50.4474m
 ags_param= 423.5810m
 
   *** monte carlo  index = 867 ***
x

 volt         param     
             i_d_0.6    
    0.         41.0717p 
   50.00000m  211.3712p 
  100.00000m    1.0741n 
  150.00000m    5.2251n 
  200.00000m   23.4939n 
  250.00000m   94.5561n 
  300.00000m  335.5870n 
  350.00000m    1.0228u 
  400.00000m    2.5628u 
  450.00000m    5.2495u 
  500.00000m    9.1182u 
  550.00000m   14.0495u 
  600.00000m   19.8988u 
  650.00000m   26.5419u 
  700.00000m   33.8747u 
  750.00000m   41.8042u 
  800.00000m   50.2400u 
  850.00000m   59.0876u 
  900.00000m   68.2402u 
  950.00000m   77.5690u 
    1.00000    86.9194u 
y
 vth0_value= 271.9763m
 u0_param=  48.9675m
 ags_param= 405.0176m
 
   *** monte carlo  index = 868 ***
x

 volt         param     
             i_d_0.6    
    0.         72.2152p 
   50.00000m  371.6193p 
  100.00000m    1.8683n 
  150.00000m    8.8959n 
  200.00000m   38.6902n 
  250.00000m  149.6607n 
  300.00000m  507.8449n 
  350.00000m    1.4582u 
  400.00000m    3.4155u 
  450.00000m    6.5986u 
  500.00000m   10.9746u 
  550.00000m   16.4014u 
  600.00000m   22.7346u 
  650.00000m   29.8536u 
  700.00000m   37.6554u 
  750.00000m   46.0456u 
  800.00000m   54.9301u 
  850.00000m   64.2084u 
  900.00000m   73.7644u 
  950.00000m   83.4576u 
    1.00000    93.1242u 
y
 vth0_value= 255.7435m
 u0_param=  50.1672m
 ags_param= 410.6772m
 
   *** monte carlo  index = 869 ***
x

 volt         param     
             i_d_0.6    
    0.        134.6055p 
   50.00000m  689.0282p 
  100.00000m    3.4077n 
  150.00000m   15.7508n 
  200.00000m   65.6889n 
  250.00000m  242.4519n 
  300.00000m  777.4224n 
  350.00000m    2.0734u 
  400.00000m    4.5032u 
  450.00000m    8.1845u 
  500.00000m   13.0261u 
  550.00000m   18.8777u 
  600.00000m   25.6030u 
  650.00000m   33.0884u 
  700.00000m   41.2343u 
  750.00000m   49.9460u 
  800.00000m   59.1268u 
  850.00000m   68.6698u 
  900.00000m   78.4489u 
  950.00000m   88.3114u 
    1.00000    98.0880u 
y
 vth0_value= 236.9947m
 u0_param=  50.1366m
 ags_param= 436.1411m
 
   *** monte carlo  index = 870 ***
x

 volt         param     
             i_d_0.6    
    0.         63.8315p 
   50.00000m  328.6323p 
  100.00000m    1.6567n 
  150.00000m    7.9296n 
  200.00000m   34.7589n 
  250.00000m  135.6814n 
  300.00000m  465.2533n 
  350.00000m    1.3546u 
  400.00000m    3.2214u 
  450.00000m    6.3040u 
  500.00000m   10.5832u 
  550.00000m   15.9205u 
  600.00000m   22.1702u 
  650.00000m   29.2102u 
  700.00000m   36.9369u 
  750.00000m   45.2557u 
  800.00000m   54.0731u 
  850.00000m   63.2897u 
  900.00000m   72.7915u 
  950.00000m   82.4404u 
    1.00000    92.0744u 
y
 vth0_value= 259.4345m
 u0_param=  50.1322m
 ags_param= 398.9155m
 
   *** monte carlo  index = 871 ***
x

 volt         param     
             i_d_0.6    
    0.         27.2813p 
   50.00000m  139.9342p 
  100.00000m  715.4529p 
  150.00000m    3.5289n 
  200.00000m   16.2357n 
  250.00000m   67.2934n 
  300.00000m  246.6686n 
  350.00000m  783.9343n 
  400.00000m    2.0670u 
  450.00000m    4.4388u 
  500.00000m    7.9940u 
  550.00000m   12.6366u 
  600.00000m   18.2214u 
  650.00000m   24.6190u 
  700.00000m   31.7219u 
  750.00000m   39.4358u 
  800.00000m   47.6714u 
  850.00000m   56.3365u 
  900.00000m   65.3293u 
  950.00000m   74.5280u 
    1.00000    83.7848u 
y
 vth0_value= 284.3577m
 u0_param=  48.9445m
 ags_param= 411.4797m
 
   *** monte carlo  index = 872 ***
x

 volt         param     
             i_d_0.6    
    0.         44.2275p 
   50.00000m  227.7224p 
  100.00000m    1.1562n 
  150.00000m    5.6147n 
  200.00000m   25.1717n 
  250.00000m  100.9390n 
  300.00000m  356.7656n 
  350.00000m    1.0814u 
  400.00000m    2.6922u 
  450.00000m    5.4824u 
  500.00000m    9.4804u 
  550.00000m   14.5610u 
  600.00000m   20.5758u 
  650.00000m   27.3981u 
  700.00000m   34.9215u 
  750.00000m   43.0509u 
  800.00000m   51.6939u 
  850.00000m   60.7538u 
  900.00000m   70.1211u 
  950.00000m   79.6644u 
    1.00000    89.2262u 
y
 vth0_value= 270.4848m
 u0_param=  50.1222m
 ags_param= 419.5729m
 
   *** monte carlo  index = 873 ***
x

 volt         param     
             i_d_0.6    
    0.         84.2946p 
   50.00000m  433.3423p 
  100.00000m    2.1701n 
  150.00000m   10.2582n 
  200.00000m   44.1407n 
  250.00000m  168.6808n 
  300.00000m  564.3057n 
  350.00000m    1.5901u 
  400.00000m    3.6505u 
  450.00000m    6.9368u 
  500.00000m   11.3990u 
  550.00000m   16.8932u 
  600.00000m   23.2784u 
  650.00000m   30.4368u 
  700.00000m   38.2676u 
  750.00000m   46.6769u 
  800.00000m   55.5709u 
  850.00000m   64.8482u 
  900.00000m   74.3911u 
  950.00000m   84.0564u 
    1.00000    93.6795u 
y
 vth0_value= 250.8199m
 u0_param=  49.7433m
 ags_param= 407.7500m
 
   *** monte carlo  index = 874 ***
x

 volt         param     
             i_d_0.6    
    0.         24.9749p 
   50.00000m  127.9596p 
  100.00000m  655.0835p 
  150.00000m    3.2412n 
  200.00000m   14.9924n 
  250.00000m   62.5860n 
  300.00000m  231.2114n 
  350.00000m  742.0600n 
  400.00000m    1.9809u 
  450.00000m    4.3051u 
  500.00000m    7.8256u 
  550.00000m   12.4520u 
  600.00000m   18.0374u 
  650.00000m   24.4492u 
  700.00000m   31.5775u 
  750.00000m   39.3265u 
  800.00000m   47.6058u 
  850.00000m   56.3229u 
  900.00000m   65.3761u 
  950.00000m   74.6445u 
    1.00000    83.9810u 
y
 vth0_value= 287.4389m
 u0_param=  49.5517m
 ags_param= 415.9554m
 
   *** monte carlo  index = 875 ***
x

 volt         param     
             i_d_0.6    
    0.         39.9069p 
   50.00000m  205.2621p 
  100.00000m    1.0426n 
  150.00000m    5.0687n 
  200.00000m   22.7677n 
  250.00000m   91.5276n 
  300.00000m  324.4741n 
  350.00000m  987.5847n 
  400.00000m    2.4705u 
  450.00000m    5.0537u 
  500.00000m    8.7703u 
  550.00000m   13.5070u 
  600.00000m   19.1266u 
  650.00000m   25.5109u 
  700.00000m   32.5609u 
  750.00000m   40.1876u 
  800.00000m   48.3041u 
  850.00000m   56.8193u 
  900.00000m   65.6291u 
  950.00000m   74.6072u 
    1.00000    83.6020u 
y
 vth0_value= 271.4472m
 u0_param=  46.8717m
 ags_param= 415.6318m
 
   *** monte carlo  index = 876 ***
x

 volt         param     
             i_d_0.6    
    0.        191.9827p 
   50.00000m  977.8911p 
  100.00000m    4.7811n 
  150.00000m   21.6740n 
  200.00000m   88.1339n 
  250.00000m  316.4043n 
  300.00000m  979.1850n 
  350.00000m    2.4992u 
  400.00000m    5.2074u 
  450.00000m    9.1657u 
  500.00000m   14.2598u 
  550.00000m   20.3395u 
  600.00000m   27.2734u 
  650.00000m   34.9517u 
  700.00000m   43.2760u 
  750.00000m   52.1515u 
  800.00000m   61.4792u 
  850.00000m   71.1487u 
  900.00000m   81.0280u 
  950.00000m   90.9583u 
    1.00000   100.7704u 
y
 vth0_value= 226.2420m
 u0_param=  50.0427m
 ags_param= 422.8084m
 
   *** monte carlo  index = 877 ***
x

 volt         param     
             i_d_0.6    
    0.        178.1971p 
   50.00000m  909.1802p 
  100.00000m    4.4608n 
  150.00000m   20.3396n 
  200.00000m   83.3183n 
  250.00000m  301.5084n 
  300.00000m  942.7033n 
  350.00000m    2.4362u 
  400.00000m    5.1348u 
  450.00000m    9.1168u 
  500.00000m   14.2696u 
  550.00000m   20.4378u 
  600.00000m   27.4845u 
  650.00000m   35.2954u 
  700.00000m   43.7693u 
  750.00000m   52.8090u 
  800.00000m   62.3140u 
  850.00000m   72.1732u 
  900.00000m   82.2547u 
  950.00000m   92.3998u 
    1.00000   102.4367u 
y
 vth0_value= 229.3664m
 u0_param=  51.4282m
 ags_param= 413.0239m
 
   *** monte carlo  index = 878 ***
x

 volt         param     
             i_d_0.6    
    0.        268.0889p 
   50.00000m    1.3583n 
  100.00000m    6.5660n 
  150.00000m   29.2259n 
  200.00000m  116.1824n 
  250.00000m  406.7583n 
  300.00000m    1.2178u 
  350.00000m    2.9892u 
  400.00000m    6.0137u 
  450.00000m   10.3082u 
  500.00000m   15.7399u 
  550.00000m   22.1563u 
  600.00000m   29.4273u 
  650.00000m   37.4430u 
  700.00000m   46.1039u 
  750.00000m   55.3123u 
  800.00000m   64.9655u 
  850.00000m   74.9473u 
  900.00000m   85.1185u 
  950.00000m   95.3136u 
    1.00000   105.3616u 
y
 vth0_value= 216.8584m
 u0_param=  51.1265m
 ags_param= 429.6798m
 
   *** monte carlo  index = 879 ***
x

 volt         param     
             i_d_0.6    
    0.         48.0944p 
   50.00000m  247.6073p 
  100.00000m    1.2546n 
  150.00000m    6.0670n 
  200.00000m   27.0206n 
  250.00000m  107.4898n 
  300.00000m  376.5855n 
  350.00000m    1.1283u 
  400.00000m    2.7712u 
  450.00000m    5.5767u 
  500.00000m    9.5586u 
  550.00000m   14.5912u 
  600.00000m   20.5311u 
  650.00000m   27.2563u 
  700.00000m   34.6643u 
  750.00000m   42.6625u 
  800.00000m   51.1602u 
  850.00000m   60.0620u 
  900.00000m   69.2591u 
  950.00000m   78.6199u 
    1.00000    87.9877u 
y
 vth0_value= 267.1517m
 u0_param=  48.8756m
 ags_param= 404.2922m
 
   *** monte carlo  index = 880 ***
x

 volt         param     
             i_d_0.6    
    0.        147.4912p 
   50.00000m  754.4680p 
  100.00000m    3.7241n 
  150.00000m   17.1553n 
  200.00000m   71.2211n 
  250.00000m  261.5381n 
  300.00000m  833.1994n 
  350.00000m    2.2040u 
  400.00000m    4.7488u 
  450.00000m    8.5764u 
  500.00000m   13.5871u 
  550.00000m   19.6258u 
  600.00000m   26.5530u 
  650.00000m   34.2525u 
  700.00000m   42.6223u 
  750.00000m   51.5655u 
  800.00000m   60.9828u 
  850.00000m   70.7651u 
  900.00000m   80.7834u 
  950.00000m   90.8825u 
    1.00000   100.8907u 
y
 vth0_value= 235.0586m
 u0_param=  51.4253m
 ags_param= 421.6477m
 
   *** monte carlo  index = 881 ***
x

 volt         param     
             i_d_0.6    
    0.         60.7658p 
   50.00000m  312.8307p 
  100.00000m    1.5781n 
  150.00000m    7.5635n 
  200.00000m   33.2231n 
  250.00000m  130.0056n 
  300.00000m  447.0729n 
  350.00000m    1.3067u 
  400.00000m    3.1208u 
  450.00000m    6.1297u 
  500.00000m   10.3191u 
  550.00000m   15.5542u 
  600.00000m   21.6918u 
  650.00000m   28.6115u 
  700.00000m   36.2111u 
  750.00000m   44.3975u 
  800.00000m   53.0787u 
  850.00000m   62.1565u 
  900.00000m   71.5184u 
  950.00000m   81.0278u 
    1.00000    90.5240u 
y
 vth0_value= 260.4131m
 u0_param=  49.3495m
 ags_param= 413.1596m
 
   *** monte carlo  index = 882 ***
x

 volt         param     
             i_d_0.6    
    0.         39.1933p 
   50.00000m  201.6579p 
  100.00000m    1.0255n 
  150.00000m    4.9967n 
  200.00000m   22.5248n 
  250.00000m   90.9480n 
  300.00000m  323.9352n 
  350.00000m  991.9620n 
  400.00000m    2.4994u 
  450.00000m    5.1455u 
  500.00000m    8.9717u 
  550.00000m   13.8612u 
  600.00000m   19.6697u 
  650.00000m   26.2728u 
  700.00000m   33.5663u 
  750.00000m   41.4573u 
  800.00000m   49.8558u 
  850.00000m   58.6677u 
  900.00000m   67.7868u 
  950.00000m   77.0849u 
    1.00000    86.4082u 
y
 vth0_value= 273.3123m
 u0_param=  48.8470m
 ags_param= 417.7261m
 
   *** monte carlo  index = 883 ***
x

 volt         param     
             i_d_0.6    
    0.         32.7134p 
   50.00000m  168.1023p 
  100.00000m  857.1264p 
  150.00000m    4.2011n 
  200.00000m   19.1243n 
  250.00000m   78.1780n 
  300.00000m  282.2677n 
  350.00000m  879.8720n 
  400.00000m    2.2650u 
  450.00000m    4.7555u 
  500.00000m    8.4169u 
  550.00000m   13.1426u 
  600.00000m   18.7894u 
  650.00000m   25.2320u 
  700.00000m   32.3659u 
  750.00000m   40.0986u 
  800.00000m   48.3413u 
  850.00000m   57.0017u 
  900.00000m   65.9765u 
  950.00000m   75.1416u 
    1.00000    84.3465u 
y
 vth0_value= 278.4796m
 u0_param=  48.3864m
 ags_param= 408.1612m
 
   *** monte carlo  index = 884 ***
x

 volt         param     
             i_d_0.6    
    0.         84.3359p 
   50.00000m  433.6324p 
  100.00000m    2.1723n 
  150.00000m   10.2748n 
  200.00000m   44.2507n 
  250.00000m  169.2618n 
  300.00000m  566.8610n 
  350.00000m    1.5995u 
  400.00000m    3.6777u 
  450.00000m    6.9967u 
  500.00000m   11.5068u 
  550.00000m   17.0622u 
  600.00000m   23.5195u 
  650.00000m   30.7593u 
  700.00000m   38.6791u 
  750.00000m   47.1839u 
  800.00000m   56.1787u 
  850.00000m   65.5614u 
  900.00000m   75.2132u 
  950.00000m   84.9901u 
    1.00000    94.7264u 
y
 vth0_value= 251.2224m
 u0_param=  50.3959m
 ags_param= 419.3237m
 
   *** monte carlo  index = 885 ***
x

 volt         param     
             i_d_0.6    
    0.        140.9517p 
   50.00000m  721.2377p 
  100.00000m    3.5633n 
  150.00000m   16.4396n 
  200.00000m   68.3925n 
  250.00000m  251.7377n 
  300.00000m  804.3817n 
  350.00000m    2.1358u 
  400.00000m    4.6188u 
  450.00000m    8.3659u 
  500.00000m   13.2818u 
  550.00000m   19.2142u 
  600.00000m   26.0255u 
  650.00000m   33.6011u 
  700.00000m   41.8406u 
  750.00000m   50.6482u 
  800.00000m   59.9263u 
  850.00000m   69.5670u 
  900.00000m   79.4432u 
  950.00000m   89.4010u 
    1.00000    99.2706u 
y
 vth0_value= 235.9403m
 u0_param=  50.6573m
 ags_param= 419.8272m
 
   *** monte carlo  index = 886 ***
x

 volt         param     
             i_d_0.6    
    0.        219.1821p 
   50.00000m    1.1145n 
  100.00000m    5.4277n 
  150.00000m   24.4481n 
  200.00000m   98.6152n 
  250.00000m  350.8799n 
  300.00000m    1.0732u 
  350.00000m    2.7008u 
  400.00000m    5.5555u 
  450.00000m    9.6830u 
  500.00000m   14.9597u 
  550.00000m   21.2324u 
  600.00000m   28.3682u 
  650.00000m   36.2559u 
  700.00000m   44.7955u 
  750.00000m   53.8901u 
  800.00000m   63.4384u 
  850.00000m   73.3271u 
  900.00000m   83.4204u 
  950.00000m   93.5563u 
    1.00000   103.5634u 
y
 vth0_value= 222.8903m
 u0_param=  51.0516m
 ags_param= 430.7222m
 
   *** monte carlo  index = 887 ***
x

 volt         param     
             i_d_0.6    
    0.        129.0307p 
   50.00000m  660.8037p 
  100.00000m    3.2721n 
  150.00000m   15.1558n 
  200.00000m   63.3874n 
  250.00000m  234.6884n 
  300.00000m  755.4750n 
  350.00000m    2.0249u 
  400.00000m    4.4191u 
  450.00000m    8.0622u 
  500.00000m   12.8661u 
  550.00000m   18.6810u 
  600.00000m   25.3702u 
  650.00000m   32.8197u 
  700.00000m   40.9299u 
  750.00000m   49.6065u 
  800.00000m   58.7528u 
  850.00000m   68.2629u 
  900.00000m   78.0116u 
  950.00000m   87.8474u 
    1.00000    97.6017u 
y
 vth0_value= 238.2226m
 u0_param=  50.0666m
 ags_param= 420.3785m
 
   *** monte carlo  index = 888 ***
x

 volt         param     
             i_d_0.6    
    0.         59.8924p 
   50.00000m  308.2970p 
  100.00000m    1.5552n 
  150.00000m    7.4542n 
  200.00000m   32.7451n 
  250.00000m  128.1497n 
  300.00000m  440.7696n 
  350.00000m    1.2886u 
  400.00000m    3.0786u 
  450.00000m    6.0484u 
  500.00000m   10.1849u 
  550.00000m   15.3555u 
  600.00000m   21.4189u 
  650.00000m   28.2565u 
  700.00000m   35.7677u 
  750.00000m   43.8603u 
  800.00000m   52.4434u 
  850.00000m   61.4199u 
  900.00000m   70.6780u 
  950.00000m   80.0817u 
    1.00000    89.4714u 
y
 vth0_value= 260.4410m
 u0_param=  48.7241m
 ags_param= 421.2660m
 
   *** monte carlo  index = 889 ***
x

 volt         param     
             i_d_0.6    
    0.         97.0323p 
   50.00000m  498.2866p 
  100.00000m    2.4864n 
  150.00000m   11.6759n 
  200.00000m   49.7693n 
  250.00000m  188.1856n 
  300.00000m  621.6443n 
  350.00000m    1.7228u 
  400.00000m    3.8877u 
  450.00000m    7.2845u 
  500.00000m   11.8500u 
  550.00000m   17.4382u 
  600.00000m   23.9100u 
  650.00000m   31.1495u 
  700.00000m   39.0564u 
  750.00000m   47.5372u 
  800.00000m   56.4974u 
  850.00000m   65.8341u 
  900.00000m   75.4271u 
  950.00000m   85.1302u 
    1.00000    94.7771u 
y
 vth0_value= 246.5631m
 u0_param=  49.7054m
 ags_param= 430.9957m
 
   *** monte carlo  index = 890 ***
x

 volt         param     
             i_d_0.6    
    0.         99.2129p 
   50.00000m  509.4777p 
  100.00000m    2.5416n 
  150.00000m   11.9297n 
  200.00000m   50.8166n 
  250.00000m  191.9939n 
  300.00000m  633.5952n 
  350.00000m    1.7536u 
  400.00000m    3.9519u 
  450.00000m    7.3964u 
  500.00000m   12.0217u 
  550.00000m   17.6796u 
  600.00000m   24.2292u 
  650.00000m   31.5531u 
  700.00000m   39.5501u 
  750.00000m   48.1254u 
  800.00000m   57.1834u 
  850.00000m   66.6205u 
  900.00000m   76.3155u 
  950.00000m   86.1213u 
    1.00000    95.8706u 
y
 vth0_value= 246.2697m
 u0_param=  50.2901m
 ags_param= 426.6513m
 
   *** monte carlo  index = 891 ***
x

 volt         param     
             i_d_0.6    
    0.         75.8679p 
   50.00000m  390.2931p 
  100.00000m    1.9597n 
  150.00000m    9.3089n 
  200.00000m   40.3441n 
  250.00000m  155.4311n 
  300.00000m  524.9697n 
  350.00000m    1.4981u 
  400.00000m    3.4856u 
  450.00000m    6.6970u 
  500.00000m   11.0936u 
  550.00000m   16.5331u 
  600.00000m   22.8724u 
  650.00000m   29.9923u 
  700.00000m   37.7906u 
  750.00000m   46.1733u 
  800.00000m   55.0466u 
  850.00000m   64.3098u 
  900.00000m   73.8464u 
  950.00000m   83.5149u 
    1.00000    93.1514u 
y
 vth0_value= 254.1059m
 u0_param=  49.9273m
 ags_param= 414.9874m
 
   *** monte carlo  index = 892 ***
x

 volt         param     
             i_d_0.6    
    0.         64.3206p 
   50.00000m  331.1964p 
  100.00000m    1.6699n 
  150.00000m    7.9949n 
  200.00000m   35.0590n 
  250.00000m  136.9120n 
  300.00000m  469.6863n 
  350.00000m    1.3684u 
  400.00000m    3.2562u 
  450.00000m    6.3754u 
  500.00000m   10.7069u 
  550.00000m   16.1101u 
  600.00000m   22.4372u 
  650.00000m   29.5642u 
  700.00000m   37.3860u 
  750.00000m   45.8068u 
  800.00000m   54.7320u 
  850.00000m   64.0610u 
  900.00000m   73.6786u 
  950.00000m   83.4456u 
    1.00000    93.1984u 
y
 vth0_value= 259.6278m
 u0_param=  50.8005m
 ags_param= 422.1722m
 
   *** monte carlo  index = 893 ***
x

 volt         param     
             i_d_0.6    
    0.         28.5928p 
   50.00000m  146.7376p 
  100.00000m  749.6885p 
  150.00000m    3.6914n 
  200.00000m   16.9345n 
  250.00000m   69.9233n 
  300.00000m  255.2472n 
  350.00000m  806.9399n 
  400.00000m    2.1137u 
  450.00000m    4.5109u 
  500.00000m    8.0847u 
  550.00000m   12.7366u 
  600.00000m   18.3224u 
  650.00000m   24.7144u 
  700.00000m   31.8062u 
  750.00000m   39.5046u 
  800.00000m   47.7204u 
  850.00000m   56.3619u 
  900.00000m   65.3268u 
  950.00000m   74.4928u 
    1.00000    83.7114u 
y
 vth0_value= 282.7265m
 u0_param=  48.6323m
 ags_param= 421.5053m
 
   *** monte carlo  index = 894 ***
x

 volt         param     
             i_d_0.6    
    0.         25.2588p 
   50.00000m  129.3995p 
  100.00000m  661.9518p 
  150.00000m    3.2702n 
  200.00000m   15.0870n 
  250.00000m   62.7644n 
  300.00000m  231.0211n 
  350.00000m  738.1123n 
  400.00000m    1.9592u 
  450.00000m    4.2347u 
  500.00000m    7.6655u 
  550.00000m   12.1623u 
  600.00000m   17.5843u 
  650.00000m   23.8048u 
  700.00000m   30.7187u 
  750.00000m   38.2339u 
  800.00000m   46.2631u 
  850.00000m   54.7164u 
  900.00000m   63.4943u 
  950.00000m   72.4778u 
    1.00000    81.5217u 
y
 vth0_value= 285.9265m
 u0_param=  47.7687m
 ags_param= 408.1497m
 
   *** monte carlo  index = 895 ***
x

 volt         param     
             i_d_0.6    
    0.         53.1922p 
   50.00000m  273.7837p 
  100.00000m    1.3837n 
  150.00000m    6.6582n 
  200.00000m   29.4238n 
  250.00000m  115.9714n 
  300.00000m  402.1375n 
  350.00000m    1.1885u 
  400.00000m    2.8741u 
  450.00000m    5.7064u 
  500.00000m    9.6843u 
  550.00000m   14.6818u 
  600.00000m   20.5605u 
  650.00000m   27.2034u 
  700.00000m   34.5115u 
  750.00000m   42.3947u 
  800.00000m   50.7640u 
  850.00000m   59.5249u 
  900.00000m   68.5686u 
  950.00000m   77.7625u 
    1.00000    86.9498u 
y
 vth0_value= 263.3143m
 u0_param=  47.6690m
 ags_param= 418.0225m
 
   *** monte carlo  index = 896 ***
x

 volt         param     
             i_d_0.6    
    0.        111.6896p 
   50.00000m  572.7351p 
  100.00000m    2.8463n 
  150.00000m   13.2689n 
  200.00000m   55.9867n 
  250.00000m  209.3196n 
  300.00000m  682.0405n 
  350.00000m    1.8568u 
  400.00000m    4.1152u 
  450.00000m    7.6002u 
  500.00000m   12.2361u 
  550.00000m   17.8768u 
  600.00000m   24.3862u 
  650.00000m   31.6513u 
  700.00000m   39.5734u 
  750.00000m   48.0596u 
  800.00000m   57.0154u 
  850.00000m   66.3374u 
  900.00000m   75.9038u 
  950.00000m   85.5666u 
    1.00000    95.1597u 
y
 vth0_value= 242.0517m
 u0_param=  49.2735m
 ags_param= 412.8057m
 
   *** monte carlo  index = 897 ***
x

 volt         param     
             i_d_0.6    
    0.         99.7607p 
   50.00000m  512.2716p 
  100.00000m    2.5553n 
  150.00000m   11.9908n 
  200.00000m   51.0604n 
  250.00000m  192.8446n 
  300.00000m  636.1183n 
  350.00000m    1.7596u 
  400.00000m    3.9629u 
  450.00000m    7.4134u 
  500.00000m   12.0450u 
  550.00000m   17.7094u 
  600.00000m   24.2655u 
  650.00000m   31.5959u 
  700.00000m   39.5994u 
  750.00000m   48.1811u 
  800.00000m   57.2454u 
  850.00000m   66.6886u 
  900.00000m   76.3895u 
  950.00000m   86.2008u 
    1.00000    95.9554u 
y
 vth0_value= 246.1251m
 u0_param=  50.3231m
 ags_param= 421.1863m
 
   *** monte carlo  index = 898 ***
x

 volt         param     
             i_d_0.6    
    0.         41.8429p 
   50.00000m  215.3208p 
  100.00000m    1.0934n 
  150.00000m    5.3124n 
  200.00000m   23.8369n 
  250.00000m   95.6942n 
  300.00000m  338.6973n 
  350.00000m    1.0286u 
  400.00000m    2.5665u 
  450.00000m    5.2375u 
  500.00000m    9.0722u 
  550.00000m   13.9523u 
  600.00000m   19.7359u 
  650.00000m   26.3015u 
  700.00000m   33.5470u 
  750.00000m   41.3810u 
  800.00000m   49.7143u 
  850.00000m   58.4533u 
  900.00000m   67.4920u 
  950.00000m   76.7018u 
    1.00000    85.9287u 
y
 vth0_value= 270.9085m
 u0_param=  48.1982m
 ags_param= 410.6307m
 
   *** monte carlo  index = 899 ***
x

 volt         param     
             i_d_0.6    
    0.         49.7622p 
   50.00000m  256.2077p 
  100.00000m    1.2974n 
  150.00000m    6.2663n 
  200.00000m   27.8542n 
  250.00000m  110.5477n 
  300.00000m  386.2876n 
  350.00000m    1.1534u 
  400.00000m    2.8215u 
  450.00000m    5.6581u 
  500.00000m    9.6730u 
  550.00000m   14.7390u 
  600.00000m   20.7126u 
  650.00000m   27.4720u 
  700.00000m   34.9147u 
  750.00000m   42.9479u 
  800.00000m   51.4806u 
  850.00000m   60.4170u 
  900.00000m   69.6476u 
  950.00000m   79.0396u 
    1.00000    88.4355u 
y
 vth0_value= 266.1916m
 u0_param=  48.9797m
 ags_param= 419.9652m
 
   *** monte carlo  index = 900 ***
x

 volt         param     
             i_d_0.6    
    0.        125.0744p 
   50.00000m  640.7234p 
  100.00000m    3.1751n 
  150.00000m   14.7268n 
  200.00000m   61.7076n 
  250.00000m  228.9392n 
  300.00000m  738.8688n 
  350.00000m    1.9869u 
  400.00000m    4.3503u 
  450.00000m    7.9569u 
  500.00000m   12.7214u 
  550.00000m   18.4949u 
  600.00000m   25.1409u 
  650.00000m   32.5458u 
  700.00000m   40.6103u 
  750.00000m   49.2403u 
  800.00000m   58.3398u 
  850.00000m   67.8035u 
  900.00000m   77.5068u 
  950.00000m   87.2991u 
    1.00000    97.0123u 
y
 vth0_value= 239.0247m
 u0_param=  49.8569m
 ags_param= 419.8689m
 
   *** monte carlo  index = 901 ***
x

 volt         param     
             i_d_0.6    
    0.         66.9181p 
   50.00000m  344.5350p 
  100.00000m    1.7357n 
  150.00000m    8.2972n 
  200.00000m   36.2984n 
  250.00000m  141.3596n 
  300.00000m  483.4008n 
  350.00000m    1.4023u 
  400.00000m    3.3215u 
  450.00000m    6.4774u 
  500.00000m   10.8463u 
  550.00000m   16.2862u 
  600.00000m   22.6492u 
  650.00000m   29.8115u 
  700.00000m   37.6681u 
  750.00000m   46.1228u 
  800.00000m   55.0808u 
  850.00000m   64.4412u 
  900.00000m   74.0883u 
  950.00000m   83.8820u 
    1.00000    93.6585u 
y
 vth0_value= 258.5040m
 u0_param=  50.9081m
 ags_param= 412.7695m
 
   *** monte carlo  index = 902 ***
x

 volt         param     
             i_d_0.6    
    0.         44.3458p 
   50.00000m  228.2330p 
  100.00000m    1.1577n 
  150.00000m    5.6120n 
  200.00000m   25.0896n 
  250.00000m  100.2756n 
  300.00000m  353.1663n 
  350.00000m    1.0656u 
  400.00000m    2.6386u 
  450.00000m    5.3483u 
  500.00000m    9.2174u 
  550.00000m   14.1254u 
  600.00000m   19.9313u 
  650.00000m   26.5148u 
  700.00000m   33.7748u 
  750.00000m   41.6199u 
  800.00000m   49.9612u 
  850.00000m   58.7050u 
  900.00000m   67.7444u 
  950.00000m   76.9498u 
    1.00000    86.1663u 
y
 vth0_value= 269.0578m
 u0_param=  48.0532m
 ags_param= 419.5050m
 
   *** monte carlo  index = 903 ***
x

 volt         param     
             i_d_0.6    
    0.         72.3838p 
   50.00000m  372.4244p 
  100.00000m    1.8717n 
  150.00000m    8.9062n 
  200.00000m   38.6977n 
  250.00000m  149.5301n 
  300.00000m  506.7963n 
  350.00000m    1.4529u 
  400.00000m    3.3974u 
  450.00000m    6.5547u 
  500.00000m   10.8911u 
  550.00000m   16.2663u 
  600.00000m   22.5382u 
  650.00000m   29.5879u 
  700.00000m   37.3138u 
  750.00000m   45.6225u 
  800.00000m   54.4210u 
  850.00000m   63.6093u 
  900.00000m   73.0722u 
  950.00000m   82.6692u 
    1.00000    92.2375u 
y
 vth0_value= 255.2918m
 u0_param=  49.5724m
 ags_param= 417.3188m
 
   *** monte carlo  index = 904 ***
x

 volt         param     
             i_d_0.6    
    0.        202.4165p 
   50.00000m    1.0301n 
  100.00000m    5.0271n 
  150.00000m   22.7184n 
  200.00000m   92.0207n 
  250.00000m  328.9460n 
  300.00000m    1.0123u 
  350.00000m    2.5665u 
  400.00000m    5.3148u 
  450.00000m    9.3112u 
  500.00000m   14.4387u 
  550.00000m   20.5474u 
  600.00000m   27.5071u 
  650.00000m   35.2083u 
  700.00000m   43.5531u 
  750.00000m   52.4466u 
  800.00000m   61.7896u 
  850.00000m   71.4711u 
  900.00000m   81.3580u 
  950.00000m   91.2908u 
    1.00000   101.1003u 
y
 vth0_value= 224.6048m
 u0_param=  49.9779m
 ags_param= 427.0215m
 
   *** monte carlo  index = 905 ***
x

 volt         param     
             i_d_0.6    
    0.         96.4900p 
   50.00000m  495.6588p 
  100.00000m    2.4750n 
  150.00000m   11.6359n 
  200.00000m   49.6804n 
  250.00000m  188.1853n 
  300.00000m  622.9382n 
  350.00000m    1.7310u 
  400.00000m    3.9170u 
  450.00000m    7.3554u 
  500.00000m   11.9830u 
  550.00000m   17.6510u 
  600.00000m   24.2168u 
  650.00000m   31.5619u 
  700.00000m   39.5841u 
  750.00000m   48.1881u 
  800.00000m   57.2779u 
  850.00000m   66.7499u 
  900.00000m   76.4832u 
  950.00000m   86.3313u 
    1.00000    96.1270u 
y
 vth0_value= 247.3140m
 u0_param=  50.6169m
 ags_param= 409.1582m
 
   *** monte carlo  index = 906 ***
x

 volt         param     
             i_d_0.6    
    0.         85.2729p 
   50.00000m  438.2674p 
  100.00000m    2.1935n 
  150.00000m   10.3575n 
  200.00000m   44.4994n 
  250.00000m  169.7619n 
  300.00000m  566.7989n 
  350.00000m    1.5930u 
  400.00000m    3.6473u 
  450.00000m    6.9154u 
  500.00000m   11.3464u 
  550.00000m   16.7978u 
  600.00000m   23.1307u 
  650.00000m   30.2293u 
  700.00000m   37.9937u 
  750.00000m   46.3313u 
  800.00000m   55.1489u 
  850.00000m   64.3459u 
  900.00000m   73.8048u 
  950.00000m   83.3827u 
    1.00000    92.9154u 
y
 vth0_value= 250.1136m
 u0_param=  49.1888m
 ags_param= 415.6393m
 
   *** monte carlo  index = 907 ***
x

 volt         param     
             i_d_0.6    
    0.         40.4402p 
   50.00000m  208.1242p 
  100.00000m    1.0580n 
  150.00000m    5.1515n 
  200.00000m   23.1951n 
  250.00000m   93.5138n 
  300.00000m  332.5089n 
  350.00000m    1.0159u 
  400.00000m    2.5529u 
  450.00000m    5.2428u 
  500.00000m    9.1243u 
  550.00000m   14.0779u 
  600.00000m   19.9576u 
  650.00000m   26.6378u 
  700.00000m   34.0135u 
  750.00000m   41.9907u 
  800.00000m   50.4785u 
  850.00000m   59.3819u 
  900.00000m   68.5936u 
  950.00000m   77.9844u 
    1.00000    87.3993u 
y
 vth0_value= 272.6966m
 u0_param=  49.3557m
 ags_param= 418.3798m
 
   *** monte carlo  index = 908 ***
x

 volt         param     
             i_d_0.6    
    0.         76.7832p 
   50.00000m  394.8719p 
  100.00000m    1.9811n 
  150.00000m    9.3971n 
  200.00000m   40.6410n 
  250.00000m  156.2086n 
  300.00000m  526.1896n 
  350.00000m    1.4963u 
  400.00000m    3.4685u 
  450.00000m    6.6439u 
  500.00000m   10.9821u 
  550.00000m   16.3434u 
  600.00000m   22.5885u 
  650.00000m   29.6007u 
  700.00000m   37.2804u 
  750.00000m   45.5352u 
  800.00000m   54.2728u 
  850.00000m   63.3936u 
  900.00000m   72.7820u 
  950.00000m   82.2970u 
    1.00000    91.7758u 
y
 vth0_value= 253.1275m
 u0_param=  48.9735m
 ags_param= 422.4268m
 
   *** monte carlo  index = 909 ***
x

 volt         param     
             i_d_0.6    
    0.         40.3316p 
   50.00000m  207.5332p 
  100.00000m    1.0548n 
  150.00000m    5.1332n 
  200.00000m   23.0956n 
  250.00000m   93.0301n 
  300.00000m  330.4815n 
  350.00000m    1.0085u 
  400.00000m    2.5307u 
  450.00000m    5.1909u 
  500.00000m    9.0258u 
  550.00000m   13.9179u 
  600.00000m   19.7236u 
  650.00000m   26.3193u 
  700.00000m   33.6019u 
  750.00000m   41.4788u 
  800.00000m   49.8603u 
  850.00000m   58.6524u 
  900.00000m   67.7488u 
  950.00000m   77.0212u 
    1.00000    86.3154u 
y
 vth0_value= 272.3117m
 u0_param=  48.6405m
 ags_param= 414.9115m
 
   *** monte carlo  index = 910 ***
x

 volt         param     
             i_d_0.6    
    0.         29.4437p 
   50.00000m  151.1483p 
  100.00000m  771.8516p 
  150.00000m    3.7964n 
  200.00000m   17.3837n 
  250.00000m   71.6041n 
  300.00000m  260.6939n 
  350.00000m  821.3941n 
  400.00000m    2.1426u 
  450.00000m    4.5546u 
  500.00000m    8.1384u 
  550.00000m   12.7939u 
  600.00000m   18.3779u 
  650.00000m   24.7635u 
  700.00000m   31.8454u 
  750.00000m   39.5308u 
  800.00000m   47.7309u 
  850.00000m   56.3541u 
  900.00000m   65.2979u 
  950.00000m   74.4398u 
    1.00000    83.6305u 
y
 vth0_value= 281.6910m
 u0_param=  48.4121m
 ags_param= 429.8133m
 
   *** monte carlo  index = 911 ***
x

 volt         param     
             i_d_0.6    
    0.         87.3770p 
   50.00000m  448.9917p 
  100.00000m    2.2457n 
  150.00000m   10.5910n 
  200.00000m   45.4235n 
  250.00000m  172.9471n 
  300.00000m  576.0896n 
  350.00000m    1.6141u 
  400.00000m    3.6839u 
  450.00000m    6.9666u 
  500.00000m   11.4088u 
  550.00000m   16.8680u 
  600.00000m   23.2058u 
  650.00000m   30.3069u 
  700.00000m   38.0718u 
  750.00000m   46.4081u 
  800.00000m   55.2226u 
  850.00000m   64.4146u 
  900.00000m   73.8664u 
  950.00000m   83.4347u 
    1.00000    92.9556u 
y
 vth0_value= 249.3213m
 u0_param=  49.0982m
 ags_param= 412.0428m
 
   *** monte carlo  index = 912 ***
x

 volt         param     
             i_d_0.6    
    0.         49.5808p 
   50.00000m  255.3073p 
  100.00000m    1.2933n 
  150.00000m    6.2504n 
  200.00000m   27.8110n 
  250.00000m  110.5054n 
  300.00000m  386.6271n 
  350.00000m    1.1563u 
  400.00000m    2.8340u 
  450.00000m    5.6923u 
  500.00000m    9.7428u 
  550.00000m   14.8568u 
  600.00000m   20.8887u 
  650.00000m   27.7147u 
  700.00000m   35.2309u 
  750.00000m   43.3433u 
  800.00000m   51.9601u 
  850.00000m   60.9845u 
  900.00000m   70.3066u 
  950.00000m   79.7931u 
    1.00000    89.2861u 
y
 vth0_value= 266.6883m
 u0_param=  49.5759m
 ags_param= 411.4641m
 
   *** monte carlo  index = 913 ***
x

 volt         param     
             i_d_0.6    
    0.         66.2345p 
   50.00000m  340.8535p 
  100.00000m    1.7158n 
  150.00000m    8.1906n 
  200.00000m   35.7589n 
  250.00000m  138.9414n 
  300.00000m  473.9621n 
  350.00000m    1.3705u 
  400.00000m    3.2349u 
  450.00000m    6.2908u 
  500.00000m   10.5137u 
  550.00000m   15.7678u 
  600.00000m   21.9124u 
  650.00000m   28.8298u 
  700.00000m   36.4193u 
  750.00000m   44.5889u 
  800.00000m   53.2468u 
  850.00000m   62.2948u 
  900.00000m   71.6193u 
  950.00000m   81.0820u 
    1.00000    90.5213u 
y
 vth0_value= 257.5149m
 u0_param=  48.8828m
 ags_param= 437.3130m
 
   *** monte carlo  index = 914 ***
x

 volt         param     
             i_d_0.6    
    0.         70.5863p 
   50.00000m  363.2612p 
  100.00000m    1.8271n 
  150.00000m    8.7071n 
  200.00000m   37.9173n 
  250.00000m  146.8872n 
  300.00000m  499.2900n 
  350.00000m    1.4369u 
  400.00000m    3.3739u 
  450.00000m    6.5320u 
  500.00000m   10.8803u 
  550.00000m   16.2780u 
  600.00000m   22.5809u 
  650.00000m   29.6685u 
  700.00000m   37.4380u 
  750.00000m   45.7953u 
  800.00000m   54.6465u 
  850.00000m   63.8917u 
  900.00000m   73.4152u 
  950.00000m   83.0771u 
    1.00000    92.7141u 
y
 vth0_value= 256.3362m
 u0_param=  50.0205m
 ags_param= 408.4933m
 
   *** monte carlo  index = 915 ***
x

 volt         param     
             i_d_0.6    
    0.        113.9819p 
   50.00000m  584.4554p 
  100.00000m    2.9037n 
  150.00000m   13.5294n 
  200.00000m   57.0438n 
  250.00000m  213.0925n 
  300.00000m  693.5961n 
  350.00000m    1.8856u 
  400.00000m    4.1734u 
  450.00000m    7.6990u 
  500.00000m   12.3847u 
  550.00000m   18.0829u 
  600.00000m   24.6562u 
  650.00000m   31.9904u 
  700.00000m   39.9861u 
  750.00000m   48.5494u 
  800.00000m   57.5852u 
  850.00000m   66.9891u 
  900.00000m   76.6384u 
  950.00000m   86.3842u 
    1.00000    96.0594u 
y
 vth0_value= 241.7347m
 u0_param=  49.7268m
 ags_param= 417.8184m
 
   *** monte carlo  index = 916 ***
x

 volt         param     
             i_d_0.6    
    0.         31.0189p 
   50.00000m  159.3404p 
  100.00000m  813.3231p 
  150.00000m    3.9957n 
  200.00000m   18.2602n 
  250.00000m   75.0192n 
  300.00000m  272.3349n 
  350.00000m  854.8391n 
  400.00000m    2.2194u 
  450.00000m    4.6970u 
  500.00000m    8.3638u 
  550.00000m   13.1153u 
  600.00000m   18.8054u 
  650.00000m   25.3057u 
  700.00000m   32.5093u 
  750.00000m   40.3220u 
  800.00000m   48.6536u 
  850.00000m   57.4112u 
  900.00000m   66.4908u 
  950.00000m   75.7683u 
    1.00000    85.0932u 
y
 vth0_value= 280.6020m
 u0_param=  49.1657m
 ags_param= 419.3691m
 
   *** monte carlo  index = 917 ***
x

 volt         param     
             i_d_0.6    
    0.        128.2678p 
   50.00000m  657.0224p 
  100.00000m    3.2547n 
  150.00000m   15.0860n 
  200.00000m   63.1550n 
  250.00000m  234.0661n 
  300.00000m  754.4135n 
  350.00000m    2.0253u 
  400.00000m    4.4268u 
  450.00000m    8.0859u 
  500.00000m   12.9146u 
  550.00000m   18.7619u 
  600.00000m   25.4897u 
  650.00000m   32.9832u 
  700.00000m   41.1417u 
  750.00000m   49.8703u 
  800.00000m   59.0718u 
  850.00000m   68.6399u 
  900.00000m   78.4490u 
  950.00000m   88.3471u 
    1.00000    98.1651u 
y
 vth0_value= 238.6386m
 u0_param=  50.4384m
 ags_param= 425.1426m
 
   *** monte carlo  index = 918 ***
x

 volt         param     
             i_d_0.6    
    0.         83.2789p 
   50.00000m  428.2179p 
  100.00000m    2.1457n 
  150.00000m   10.1535n 
  200.00000m   43.7568n 
  250.00000m  167.4982n 
  300.00000m  561.4573n 
  350.00000m    1.5862u 
  400.00000m    3.6515u 
  450.00000m    6.9541u 
  500.00000m   11.4456u 
  550.00000m   16.9808u 
  600.00000m   23.4166u 
  650.00000m   30.6338u 
  700.00000m   38.5301u 
  750.00000m   47.0109u 
  800.00000m   55.9813u 
  850.00000m   65.3395u 
  900.00000m   74.9670u 
  950.00000m   84.7201u 
    1.00000    94.4331u 
y
 vth0_value= 251.5194m
 u0_param=  50.2664m
 ags_param= 423.6275m
 
   *** monte carlo  index = 919 ***
x

 volt         param     
             i_d_0.6    
    0.         81.4004p 
   50.00000m  418.5957p 
  100.00000m    2.0984n 
  150.00000m    9.9379n 
  200.00000m   42.8800n 
  250.00000m  164.3696n 
  300.00000m  551.8786n 
  350.00000m    1.5625u 
  400.00000m    3.6054u 
  450.00000m    6.8793u 
  500.00000m   11.3383u 
  550.00000m   16.8381u 
  600.00000m   23.2362u 
  650.00000m   30.4136u 
  700.00000m   38.2685u 
  750.00000m   46.7064u 
  800.00000m   55.6332u 
  850.00000m   64.9472u 
  900.00000m   74.5309u 
  950.00000m   84.2413u 
    1.00000    93.9133u 
y
 vth0_value= 252.0720m
 u0_param=  50.0571m
 ags_param= 417.2942m
 
   *** monte carlo  index = 920 ***
x

 volt         param     
             i_d_0.6    
    0.         49.1819p 
   50.00000m  253.2107p 
  100.00000m    1.2824n 
  150.00000m    6.1962n 
  200.00000m   27.5578n 
  250.00000m  109.4444n 
  300.00000m  382.7205n 
  350.00000m    1.1439u 
  400.00000m    2.8015u 
  450.00000m    5.6236u 
  500.00000m    9.6212u 
  550.00000m   14.6677u 
  600.00000m   20.6201u 
  650.00000m   27.3567u 
  700.00000m   34.7751u 
  750.00000m   42.7828u 
  800.00000m   51.2892u 
  850.00000m   60.1987u 
  900.00000m   69.4021u 
  950.00000m   78.7674u 
    1.00000    88.1374u 
y
 vth0_value= 266.4644m
 u0_param=  48.8557m
 ags_param= 408.6822m
 
   *** monte carlo  index = 921 ***
x

 volt         param     
             i_d_0.6    
    0.         53.4294p 
   50.00000m  275.0741p 
  100.00000m    1.3909n 
  150.00000m    6.6975n 
  200.00000m   29.6320n 
  250.00000m  116.9480n 
  300.00000m  406.1019n 
  350.00000m    1.2025u 
  400.00000m    2.9140u 
  450.00000m    5.7956u 
  500.00000m    9.8479u 
  550.00000m   14.9418u 
  600.00000m   20.9351u 
  650.00000m   27.7077u 
  700.00000m   35.1581u 
  750.00000m   43.1942u 
  800.00000m   51.7251u 
  850.00000m   60.6549u 
  900.00000m   69.8732u 
  950.00000m   79.2463u 
    1.00000    88.6158u 
y
 vth0_value= 263.8892m
 u0_param=  48.7367m
 ags_param= 421.3197m
 
   *** monte carlo  index = 922 ***
x

 volt         param     
             i_d_0.6    
    0.        119.8901p 
   50.00000m  614.6112p 
  100.00000m    3.0510n 
  150.00000m   14.1936n 
  200.00000m   59.7166n 
  250.00000m  222.5396n 
  300.00000m  722.1523n 
  350.00000m    1.9556u 
  400.00000m    4.3113u 
  450.00000m    7.9284u 
  500.00000m   12.7242u 
  550.00000m   18.5475u 
  600.00000m   25.2585u 
  650.00000m   32.7409u 
  700.00000m   40.8936u 
  750.00000m   49.6210u 
  800.00000m   58.8261u 
  850.00000m   68.4028u 
  900.00000m   78.2265u 
  950.00000m   88.1460u 
    1.00000    97.9922u 
y
 vth0_value= 240.8139m
 u0_param=  50.6644m
 ags_param= 429.3181m
 
   *** monte carlo  index = 923 ***
x

 volt         param     
             i_d_0.6    
    0.         28.8490p 
   50.00000m  148.0612p 
  100.00000m  756.2900p 
  150.00000m    3.7222n 
  200.00000m   17.0625n 
  250.00000m   70.3807n 
  300.00000m  256.6365n 
  350.00000m  810.2127n 
  400.00000m    2.1186u 
  450.00000m    4.5141u 
  500.00000m    8.0804u 
  550.00000m   12.7188u 
  600.00000m   18.2861u 
  650.00000m   24.6552u 
  700.00000m   31.7208u 
  750.00000m   39.3899u 
  800.00000m   47.5738u 
  850.00000m   56.1811u 
  900.00000m   65.1099u 
  950.00000m   74.2380u 
    1.00000    83.4169u 
y
 vth0_value= 282.2921m
 u0_param=  48.3839m
 ags_param= 419.0970m
 
   *** monte carlo  index = 924 ***
x

 volt         param     
             i_d_0.6    
    0.         59.3936p 
   50.00000m  305.7514p 
  100.00000m    1.5428n 
  150.00000m    7.3987n 
  200.00000m   32.5280n 
  250.00000m  127.4214n 
  300.00000m  438.7346n 
  350.00000m    1.2845u 
  400.00000m    3.0736u 
  450.00000m    6.0467u 
  500.00000m   10.1921u 
  550.00000m   15.3768u 
  600.00000m   21.4588u 
  650.00000m   28.3187u 
  700.00000m   35.8554u 
  750.00000m   43.9762u 
  800.00000m   52.5900u 
  850.00000m   61.5992u 
  900.00000m   70.8919u 
  950.00000m   80.3319u 
    1.00000    89.7589u 
y
 vth0_value= 260.8346m
 u0_param=  48.9403m
 ags_param= 431.9209m
 
   *** monte carlo  index = 925 ***
x

 volt         param     
             i_d_0.6    
    0.        208.1026p 
   50.00000m    1.0593n 
  100.00000m    5.1701n 
  150.00000m   23.3708n 
  200.00000m   94.6888n 
  250.00000m  338.5463n 
  300.00000m    1.0420u 
  350.00000m    2.6423u 
  400.00000m    5.4723u 
  450.00000m    9.5868u 
  500.00000m   14.8642u 
  550.00000m   21.1489u 
  600.00000m   28.3060u 
  650.00000m   36.2225u 
  700.00000m   44.7973u 
  750.00000m   53.9328u 
  800.00000m   63.5275u 
  850.00000m   73.4681u 
  900.00000m   83.6197u 
  950.00000m   93.8209u 
    1.00000   103.8994u 
y
 vth0_value= 224.7521m
 u0_param=  51.5254m
 ags_param= 419.4066m
 
   *** monte carlo  index = 926 ***
x

 volt         param     
             i_d_0.6    
    0.         73.2629p 
   50.00000m  376.9649p 
  100.00000m    1.8944n 
  150.00000m    9.0127n 
  200.00000m   39.1511n 
  250.00000m  151.2369n 
  300.00000m  512.3866n 
  350.00000m    1.4682u 
  400.00000m    3.4311u 
  450.00000m    6.6165u 
  500.00000m   10.9895u 
  550.00000m   16.4083u 
  600.00000m   22.7295u 
  650.00000m   29.8330u 
  700.00000m   37.6167u 
  750.00000m   45.9862u 
  800.00000m   54.8478u 
  850.00000m   64.1012u 
  900.00000m   73.6303u 
  950.00000m   83.2945u 
    1.00000    92.9303u 
y
 vth0_value= 255.1840m
 u0_param=  49.9696m
 ags_param= 409.2999m
 
   *** monte carlo  index = 927 ***
x

 volt         param     
             i_d_0.6    
    0.         58.6353p 
   50.00000m  301.8294p 
  100.00000m    1.5231n 
  150.00000m    7.3060n 
  200.00000m   32.1309n 
  250.00000m  125.9154n 
  300.00000m  433.7512n 
  350.00000m    1.2707u 
  400.00000m    3.0427u 
  450.00000m    5.9895u 
  500.00000m   10.1002u 
  550.00000m   15.2430u 
  600.00000m   21.2771u 
  650.00000m   28.0838u 
  700.00000m   35.5627u 
  750.00000m   43.6220u 
  800.00000m   52.1709u 
  850.00000m   61.1129u 
  900.00000m   70.3368u 
  950.00000m   79.7076u 
    1.00000    89.0662u 
y
 vth0_value= 260.9878m
 u0_param=  48.5842m
 ags_param= 406.5261m
 
   *** monte carlo  index = 928 ***
x

 volt         param     
             i_d_0.6    
    0.         60.1545p 
   50.00000m  309.7425p 
  100.00000m    1.5633n 
  150.00000m    7.5006n 
  200.00000m   32.9979n 
  250.00000m  129.3555n 
  300.00000m  445.7238n 
  350.00000m    1.3062u 
  400.00000m    3.1287u 
  450.00000m    6.1604u 
  500.00000m   10.3894u 
  550.00000m   15.6792u 
  600.00000m   21.8840u 
  650.00000m   28.8815u 
  700.00000m   36.5677u 
  750.00000m   44.8483u 
  800.00000m   53.6300u 
  850.00000m   62.8138u 
  900.00000m   72.2863u 
  950.00000m   81.9101u 
    1.00000    91.5235u 
y
 vth0_value= 261.1612m
 u0_param=  50.0391m
 ags_param= 427.4403m
 
   *** monte carlo  index = 929 ***
x

 volt         param     
             i_d_0.6    
    0.        222.2758p 
   50.00000m    1.1298n 
  100.00000m    5.4978n 
  150.00000m   24.7320n 
  200.00000m   99.6034n 
  250.00000m  353.7912n 
  300.00000m    1.0797u 
  350.00000m    2.7100u 
  400.00000m    5.5614u 
  450.00000m    9.6762u 
  500.00000m   14.9312u 
  550.00000m   21.1746u 
  600.00000m   28.2750u 
  650.00000m   36.1222u 
  700.00000m   44.6170u 
  750.00000m   53.6631u 
  800.00000m   63.1598u 
  850.00000m   72.9938u 
  900.00000m   83.0295u 
  950.00000m   93.1049u 
    1.00000   103.0493u 
y
 vth0_value= 222.2258m
 u0_param=  50.6702m
 ags_param= 435.8277m
 
   *** monte carlo  index = 930 ***
x

 volt         param     
             i_d_0.6    
    0.         68.2318p 
   50.00000m  351.0649p 
  100.00000m    1.7658n 
  150.00000m    8.4163n 
  200.00000m   36.6598n 
  250.00000m  142.0670n 
  300.00000m  483.1583n 
  350.00000m    1.3915u 
  400.00000m    3.2700u 
  450.00000m    6.3358u 
  500.00000m   10.5605u 
  550.00000m   15.8083u 
  600.00000m   21.9400u 
  650.00000m   28.8387u 
  700.00000m   36.4047u 
  750.00000m   44.5464u 
  800.00000m   53.1725u 
  850.00000m   62.1850u 
  900.00000m   71.4705u 
  950.00000m   80.8905u 
    1.00000    90.2842u 
y
 vth0_value= 256.4371m
 u0_param=  48.6032m
 ags_param= 420.4322m
 
   *** monte carlo  index = 931 ***
x

 volt         param     
             i_d_0.6    
    0.        102.7439p 
   50.00000m  527.3488p 
  100.00000m    2.6274n 
  150.00000m   12.3037n 
  200.00000m   52.2404n 
  250.00000m  196.6696n 
  300.00000m  646.2515n 
  350.00000m    1.7787u 
  400.00000m    3.9857u 
  450.00000m    7.4261u 
  500.00000m   12.0312u 
  550.00000m   17.6545u 
  600.00000m   24.1576u 
  650.00000m   31.4253u 
  700.00000m   39.3579u 
  750.00000m   47.8617u 
  800.00000m   56.8420u 
  850.00000m   66.1956u 
  900.00000m   75.8015u 
  950.00000m   85.5125u 
    1.00000    95.1621u 
y
 vth0_value= 244.8209m
 u0_param=  49.6712m
 ags_param= 424.7153m
 
   *** monte carlo  index = 932 ***
x

 volt         param     
             i_d_0.6    
    0.        109.2786p 
   50.00000m  560.6889p 
  100.00000m    2.7900n 
  150.00000m   13.0357n 
  200.00000m   55.1722n 
  250.00000m  206.9655n 
  300.00000m  677.0914n 
  350.00000m    1.8529u 
  400.00000m    4.1279u 
  450.00000m    7.6549u 
  500.00000m   12.3593u 
  550.00000m   18.0916u 
  600.00000m   24.7117u 
  650.00000m   32.1032u 
  700.00000m   40.1649u 
  750.00000m   48.8019u 
  800.00000m   57.9182u 
  850.00000m   67.4090u 
  900.00000m   77.1516u 
  950.00000m   86.9971u 
    1.00000    96.7775u 
y
 vth0_value= 243.4228m
 u0_param=  50.3832m
 ags_param= 420.0067m
 
   *** monte carlo  index = 933 ***
x

 volt         param     
             i_d_0.6    
    0.         72.2335p 
   50.00000m  371.7287p 
  100.00000m    1.8690n 
  150.00000m    8.9004n 
  200.00000m   38.7176n 
  250.00000m  149.8002n 
  300.00000m  508.4457n 
  350.00000m    1.4604u 
  400.00000m    3.4219u 
  450.00000m    6.6130u 
  500.00000m   11.0007u 
  550.00000m   16.4428u 
  600.00000m   22.7942u 
  650.00000m   29.9338u 
  700.00000m   37.7585u 
  750.00000m   46.1733u 
  800.00000m   55.0839u 
  850.00000m   64.3896u 
  900.00000m   73.9740u 
  950.00000m   83.6961u 
    1.00000    93.3919u 
y
 vth0_value= 255.8382m
 u0_param=  50.3279m
 ags_param= 419.6232m
 
   *** monte carlo  index = 934 ***
x

 volt         param     
             i_d_0.6    
    0.         17.5517p 
   50.00000m   89.2608p 
  100.00000m  458.2764p 
  150.00000m    2.2872n 
  200.00000m   10.7455n 
  250.00000m   45.8338n 
  300.00000m  173.4309n 
  350.00000m  573.3452n 
  400.00000m    1.5902u 
  450.00000m    3.5907u 
  500.00000m    6.7297u 
  550.00000m   10.9469u 
  600.00000m   16.1055u 
  650.00000m   22.0754u 
  700.00000m   28.7486u 
  750.00000m   36.0324u 
  800.00000m   43.8401u 
  850.00000m   52.0844u 
  900.00000m   60.6698u 
  950.00000m   69.4839u 
    1.00000    78.3884u 
y
 vth0_value= 296.8619m
 u0_param=  47.4569m
 ags_param= 406.0561m
 
   *** monte carlo  index = 935 ***
x

 volt         param     
             i_d_0.6    
    0.        157.3759p 
   50.00000m  804.0067p 
  100.00000m    3.9574n 
  150.00000m   18.1426n 
  200.00000m   74.8474n 
  250.00000m  272.9870n 
  300.00000m  862.2296n 
  350.00000m    2.2564u 
  400.00000m    4.8124u 
  450.00000m    8.6234u 
  500.00000m   13.5868u 
  550.00000m   19.5517u 
  600.00000m   26.3834u 
  650.00000m   33.9696u 
  700.00000m   42.2111u 
  750.00000m   51.0130u 
  800.00000m   60.2774u 
  850.00000m   69.8958u 
  900.00000m   79.7396u 
  950.00000m   89.6533u 
    1.00000    99.4673u 
y
 vth0_value= 232.3472m
 u0_param=  50.2252m
 ags_param= 424.3802m
 
   *** monte carlo  index = 936 ***
x

 volt         param     
             i_d_0.6    
    0.         61.4115p 
   50.00000m  316.1925p 
  100.00000m    1.5951n 
  150.00000m    7.6460n 
  200.00000m   33.5896n 
  250.00000m  131.4556n 
  300.00000m  452.1009n 
  350.00000m    1.3216u 
  400.00000m    3.1566u 
  450.00000m    6.2003u 
  500.00000m   10.4381u 
  550.00000m   15.7331u 
  600.00000m   21.9400u 
  650.00000m   28.9369u 
  700.00000m   36.6202u 
  750.00000m   44.8957u 
  800.00000m   53.6704u 
  850.00000m   62.8452u 
  900.00000m   72.3068u 
  950.00000m   81.9177u 
    1.00000    91.5163u 
y
 vth0_value= 260.4787m
 u0_param=  49.9455m
 ags_param= 413.7921m
 
   *** monte carlo  index = 937 ***
x

 volt         param     
             i_d_0.6    
    0.        179.3959p 
   50.00000m  915.0595p 
  100.00000m    4.4873n 
  150.00000m   20.4426n 
  200.00000m   83.6484n 
  250.00000m  302.3470n 
  300.00000m  943.9131n 
  350.00000m    2.4349u 
  400.00000m    5.1234u 
  450.00000m    9.0850u 
  500.00000m   14.2076u 
  550.00000m   20.3372u 
  600.00000m   27.3385u 
  650.00000m   35.0985u 
  700.00000m   43.5168u 
  750.00000m   52.4968u 
  800.00000m   61.9388u 
  850.00000m   71.7321u 
  900.00000m   81.7449u 
  950.00000m   91.8190u 
    1.00000   101.7834u 
y
 vth0_value= 228.8934m
 u0_param=  50.9966m
 ags_param= 414.3038m
 
   *** monte carlo  index = 938 ***
x

 volt         param     
             i_d_0.6    
    0.        144.7067p 
   50.00000m  739.8051p 
  100.00000m    3.6483n 
  150.00000m   16.7793n 
  200.00000m   69.5194n 
  250.00000m  254.7625n 
  300.00000m  809.6013n 
  350.00000m    2.1349u 
  400.00000m    4.5868u 
  450.00000m    8.2663u 
  500.00000m   13.0781u 
  550.00000m   18.8753u 
  600.00000m   25.5259u 
  650.00000m   32.9196u 
  700.00000m   40.9592u 
  750.00000m   49.5519u 
  800.00000m   58.6021u 
  850.00000m   68.0038u 
  900.00000m   77.6310u 
  950.00000m   87.3313u 
    1.00000    96.9377u 
y
 vth0_value= 234.1528m
 u0_param=  49.1120m
 ags_param= 411.2047m
 
   *** monte carlo  index = 939 ***
x

 volt         param     
             i_d_0.6    
    0.         67.6807p 
   50.00000m  348.3201p 
  100.00000m    1.7531n 
  150.00000m    8.3654n 
  200.00000m   36.5009n 
  250.00000m  141.7248n 
  300.00000m  483.0410n 
  350.00000m    1.3952u 
  400.00000m    3.2888u 
  450.00000m    6.3883u 
  500.00000m   10.6674u 
  550.00000m   15.9876u 
  600.00000m   22.2066u 
  650.00000m   29.2048u 
  700.00000m   36.8805u 
  750.00000m   45.1405u 
  800.00000m   53.8920u 
  850.00000m   63.0359u 
  900.00000m   72.4581u 
  950.00000m   82.0195u 
    1.00000    91.5581u 
y
 vth0_value= 257.2495m
 u0_param=  49.4738m
 ags_param= 415.9294m
 
   *** monte carlo  index = 940 ***
x

 volt         param     
             i_d_0.6    
    0.         70.6811p 
   50.00000m  363.7045p 
  100.00000m    1.8288n 
  150.00000m    8.7114n 
  200.00000m   37.9096n 
  250.00000m  146.7440n 
  300.00000m  498.3765n 
  350.00000m    1.4327u 
  400.00000m    3.3600u 
  450.00000m    6.4986u 
  500.00000m   10.8174u 
  550.00000m   16.1768u 
  600.00000m   22.4344u 
  650.00000m   29.4710u 
  700.00000m   37.1850u 
  750.00000m   45.4829u 
  800.00000m   54.2716u 
  850.00000m   63.4516u 
  900.00000m   72.9076u 
  950.00000m   82.4998u 
    1.00000    92.0651u 
y
 vth0_value= 256.0078m
 u0_param=  49.5722m
 ags_param= 424.3360m
 
   *** monte carlo  index = 941 ***
x

 volt         param     
             i_d_0.6    
    0.        141.8070p 
   50.00000m  725.5269p 
  100.00000m    3.5835n 
  150.00000m   16.5253n 
  200.00000m   68.7065n 
  250.00000m  252.7259n 
  300.00000m  806.8704n 
  350.00000m    2.1402u 
  400.00000m    4.6236u 
  450.00000m    8.3682u 
  500.00000m   13.2783u 
  550.00000m   19.2020u 
  600.00000m   26.0024u 
  650.00000m   33.5653u 
  700.00000m   41.7904u 
  750.00000m   50.5824u 
  800.00000m   59.8437u 
  850.00000m   69.4665u 
  900.00000m   79.3237u 
  950.00000m   89.2614u 
    1.00000    99.1098u 
y
 vth0_value= 235.6740m
 u0_param=  50.5247m
 ags_param= 422.4388m
 
   *** monte carlo  index = 942 ***
x

 volt         param     
             i_d_0.6    
    0.         89.4834p 
   50.00000m  459.6926p 
  100.00000m    2.2974n 
  150.00000m   10.8196n 
  200.00000m   46.3097n 
  250.00000m  175.9232n 
  300.00000m  584.4390n 
  350.00000m    1.6318u 
  400.00000m    3.7107u 
  450.00000m    6.9967u 
  500.00000m   11.4341u 
  550.00000m   16.8811u 
  600.00000m   23.2007u 
  650.00000m   30.2787u 
  700.00000m   38.0165u 
  750.00000m   46.3222u 
  800.00000m   55.1030u 
  850.00000m   64.2583u 
  900.00000m   73.6703u 
  950.00000m   83.1954u 
    1.00000    92.6696u 
y
 vth0_value= 248.4016m
 u0_param=  48.7880m
 ags_param= 421.5449m
 
   *** monte carlo  index = 943 ***
x

 volt         param     
             i_d_0.6    
    0.         52.7727p 
   50.00000m  271.7186p 
  100.00000m    1.3745n 
  150.00000m    6.6240n 
  200.00000m   29.3437n 
  250.00000m  115.9824n 
  300.00000m  403.4117n 
  350.00000m    1.1971u 
  400.00000m    2.9081u 
  450.00000m    5.7962u 
  500.00000m    9.8642u 
  550.00000m   14.9823u 
  600.00000m   21.0070u 
  650.00000m   27.8170u 
  700.00000m   35.3096u 
  750.00000m   43.3921u 
  800.00000m   51.9730u 
  850.00000m   60.9559u 
  900.00000m   70.2302u 
  950.00000m   79.6620u 
    1.00000    89.0926u 
y
 vth0_value= 264.5084m
 u0_param=  49.1139m
 ags_param= 421.6009m
 
   *** monte carlo  index = 944 ***
x

 volt         param     
             i_d_0.6    
    0.         30.2585p 
   50.00000m  155.3788p 
  100.00000m  793.1916p 
  150.00000m    3.8983n 
  200.00000m   17.8259n 
  250.00000m   73.2963n 
  300.00000m  266.3363n 
  350.00000m  837.0729n 
  400.00000m    2.1767u 
  450.00000m    4.6136u 
  500.00000m    8.2251u 
  550.00000m   12.9093u 
  600.00000m   18.5223u 
  650.00000m   24.9374u 
  700.00000m   32.0491u 
  750.00000m   39.7644u 
  800.00000m   47.9943u 
  850.00000m   56.6467u 
  900.00000m   65.6189u 
  950.00000m   74.7878u 
    1.00000    84.0038u 
y
 vth0_value= 280.9448m
 u0_param=  48.5372m
 ags_param= 422.6178m
 
   *** monte carlo  index = 945 ***
x

 volt         param     
             i_d_0.6    
    0.         75.1486p 
   50.00000m  386.5062p 
  100.00000m    1.9401n 
  150.00000m    9.2107n 
  200.00000m   39.8880n 
  250.00000m  153.5471n 
  300.00000m  518.1452n 
  350.00000m    1.4769u 
  400.00000m    3.4322u 
  450.00000m    6.5881u 
  500.00000m   10.9063u 
  550.00000m   16.2478u 
  600.00000m   22.4732u 
  650.00000m   29.4659u 
  700.00000m   37.1260u 
  750.00000m   45.3614u 
  800.00000m   54.0798u 
  850.00000m   63.1821u 
  900.00000m   72.5529u 
  950.00000m   82.0520u 
    1.00000    91.5167u 
y
 vth0_value= 253.7394m
 u0_param=  48.9193m
 ags_param= 418.5371m
 
   *** monte carlo  index = 946 ***
x

 volt         param     
             i_d_0.6    
    0.         80.1210p 
   50.00000m  412.0021p 
  100.00000m    2.0656n 
  150.00000m    9.7850n 
  200.00000m   42.2361n 
  250.00000m  161.9746n 
  300.00000m  544.1460n 
  350.00000m    1.5418u 
  400.00000m    3.5605u 
  450.00000m    6.7984u 
  500.00000m   11.2110u 
  550.00000m   16.6559u 
  600.00000m   22.9920u 
  650.00000m   30.1016u 
  700.00000m   37.8838u 
  750.00000m   46.2452u 
  800.00000m   55.0923u 
  850.00000m   64.3243u 
  900.00000m   73.8244u 
  950.00000m   83.4504u 
    1.00000    93.0380u 
y
 vth0_value= 252.2384m
 u0_param=  49.5747m
 ags_param= 418.2254m
 
   *** monte carlo  index = 947 ***
x

 volt         param     
             i_d_0.6    
    0.         49.9330p 
   50.00000m  257.1501p 
  100.00000m    1.3027n 
  150.00000m    6.2970n 
  200.00000m   28.0242n 
  250.00000m  111.3785n 
  300.00000m  389.7709n 
  350.00000m    1.1660u 
  400.00000m    2.8588u 
  450.00000m    5.7436u 
  500.00000m    9.8323u 
  550.00000m   14.9946u 
  600.00000m   21.0832u 
  650.00000m   27.9729u 
  700.00000m   35.5587u 
  750.00000m   43.7456u 
  800.00000m   52.4409u 
  850.00000m   61.5471u 
  900.00000m   70.9534u 
  950.00000m   80.5259u 
    1.00000    90.1058u 
y
 vth0_value= 266.7972m
 u0_param=  50.0788m
 ags_param= 417.7874m
 
   *** monte carlo  index = 948 ***
x

 volt         param     
             i_d_0.6    
    0.         45.3137p 
   50.00000m  233.2798p 
  100.00000m    1.1834n 
  150.00000m    5.7369n 
  200.00000m   25.6495n 
  250.00000m  102.5175n 
  300.00000m  361.0519n 
  350.00000m    1.0893u 
  400.00000m    2.6971u 
  450.00000m    5.4661u 
  500.00000m    9.4190u 
  550.00000m   14.4319u 
  600.00000m   20.3604u 
  650.00000m   27.0810u 
  700.00000m   34.4904u 
  750.00000m   42.4952u 
  800.00000m   51.0047u 
  850.00000m   59.9233u 
  900.00000m   69.1425u 
  950.00000m   78.5309u 
    1.00000    87.9317u 
y
 vth0_value= 269.0987m
 u0_param=  49.1059m
 ags_param= 433.4646m
 
   *** monte carlo  index = 949 ***
x

 volt         param     
             i_d_0.6    
    0.         56.4537p 
   50.00000m  290.6229p 
  100.00000m    1.4678n 
  150.00000m    7.0518n 
  200.00000m   31.0894n 
  250.00000m  122.1877n 
  300.00000m  422.2971n 
  350.00000m    1.2426u 
  400.00000m    2.9899u 
  450.00000m    5.9105u 
  500.00000m    9.9979u 
  550.00000m   15.1215u 
  600.00000m   21.1398u 
  650.00000m   27.9337u 
  700.00000m   35.4023u 
  750.00000m   43.4535u 
  800.00000m   51.9968u 
  850.00000m   60.9355u 
  900.00000m   70.1590u 
  950.00000m   79.5326u 
    1.00000    88.8974u 
y
 vth0_value= 262.1734m
 u0_param=  48.6503m
 ags_param= 417.0255m
 
   *** monte carlo  index = 950 ***
x

 volt         param     
             i_d_0.6    
    0.        113.2595p 
   50.00000m  580.7128p 
  100.00000m    2.8849n 
  150.00000m   13.4403n 
  200.00000m   56.6595n 
  250.00000m  211.6275n 
  300.00000m  688.7291n 
  350.00000m    1.8721u 
  400.00000m    4.1427u 
  450.00000m    7.6415u 
  500.00000m   12.2917u 
  550.00000m   17.9469u 
  600.00000m   24.4712u 
  650.00000m   31.7513u 
  700.00000m   39.6888u 
  750.00000m   48.1905u 
  800.00000m   57.1618u 
  850.00000m   66.4990u 
  900.00000m   76.0800u 
  950.00000m   85.7563u 
    1.00000    95.3614u 
y
 vth0_value= 241.6637m
 u0_param=  49.3224m
 ags_param= 419.1362m
 
   *** monte carlo  index = 951 ***
x

 volt         param     
             i_d_0.6    
    0.         66.4119p 
   50.00000m  341.8575p 
  100.00000m    1.7217n 
  150.00000m    8.2259n 
  200.00000m   35.9590n 
  250.00000m  139.9192n 
  300.00000m  478.0447n 
  350.00000m    1.3852u 
  400.00000m    3.2767u 
  450.00000m    6.3836u 
  500.00000m   10.6821u 
  550.00000m   16.0330u 
  600.00000m   22.2920u 
  650.00000m   29.3379u 
  700.00000m   37.0678u 
  750.00000m   45.3875u 
  800.00000m   54.2036u 
  850.00000m   63.4164u 
  900.00000m   72.9112u 
  950.00000m   82.5490u 
    1.00000    92.1671u 
y
 vth0_value= 258.1310m
 u0_param=  49.9588m
 ags_param= 421.9854m
 
   *** monte carlo  index = 952 ***
x

 volt         param     
             i_d_0.6    
    0.         91.4023p 
   50.00000m  469.6562p 
  100.00000m    2.3477n 
  150.00000m   11.0601n 
  200.00000m   47.3601n 
  250.00000m  179.9896n 
  300.00000m  598.1945n 
  350.00000m    1.6710u 
  400.00000m    3.8019u 
  450.00000m    7.1711u 
  500.00000m   11.7210u 
  550.00000m   17.3050u 
  600.00000m   23.7820u 
  650.00000m   31.0341u 
  700.00000m   38.9601u 
  750.00000m   47.4655u 
  800.00000m   56.4555u 
  850.00000m   65.8274u 
  900.00000m   75.4616u 
  950.00000m   85.2129u 
    1.00000    94.9150u 
y
 vth0_value= 248.6176m
 u0_param=  50.1054m
 ags_param= 421.1270m
 
   *** monte carlo  index = 953 ***
x

 volt         param     
             i_d_0.6    
    0.         67.7061p 
   50.00000m  348.5049p 
  100.00000m    1.7546n 
  150.00000m    8.3768n 
  200.00000m   36.5797n 
  250.00000m  142.1572n 
  300.00000m  484.9911n 
  350.00000m    1.4026u 
  400.00000m    3.3110u 
  450.00000m    6.4389u 
  500.00000m   10.7605u 
  550.00000m   16.1358u 
  600.00000m   22.4201u 
  650.00000m   29.4923u 
  700.00000m   37.2492u 
  750.00000m   45.5964u 
  800.00000m   54.4403u 
  850.00000m   63.6808u 
  900.00000m   73.2028u 
  950.00000m   82.8668u 
    1.00000    92.5095u 
y
 vth0_value= 257.6280m
 u0_param=  50.0806m
 ags_param= 424.0092m
 
   *** monte carlo  index = 954 ***
x

 volt         param     
             i_d_0.6    
    0.        110.7816p 
   50.00000m  568.1598p 
  100.00000m    2.8246n 
  150.00000m   13.1754n 
  200.00000m   55.6384n 
  250.00000m  208.2066n 
  300.00000m  679.1667n 
  350.00000m    1.8516u 
  400.00000m    4.1096u 
  450.00000m    7.5985u 
  500.00000m   12.2432u 
  550.00000m   17.8971u 
  600.00000m   24.4235u 
  650.00000m   31.7087u 
  700.00000m   39.6535u 
  750.00000m   48.1648u 
  800.00000m   57.1478u 
  850.00000m   66.4988u 
  900.00000m   76.0959u 
  950.00000m   85.7907u 
    1.00000    95.4166u 
y
 vth0_value= 242.4192m
 u0_param=  49.4610m
 ags_param= 422.5034m
 
   *** monte carlo  index = 955 ***
x

 volt         param     
             i_d_0.6    
    0.        109.6194p 
   50.00000m  562.4364p 
  100.00000m    2.7986n 
  150.00000m   13.0752n 
  200.00000m   55.3347n 
  250.00000m  207.5538n 
  300.00000m  678.9238n 
  350.00000m    1.8576u 
  400.00000m    4.1376u 
  450.00000m    7.6715u 
  500.00000m   12.3845u 
  550.00000m   18.1265u 
  600.00000m   24.7571u 
  650.00000m   32.1597u 
  700.00000m   40.2330u 
  750.00000m   48.8818u 
  800.00000m   58.0099u 
  850.00000m   67.5127u 
  900.00000m   77.2674u 
  950.00000m   87.1253u 
    1.00000    96.9186u 
y
 vth0_value= 243.3879m
 u0_param=  50.4755m
 ags_param= 405.3199m
 
   *** monte carlo  index = 956 ***
x

 volt         param     
             i_d_0.6    
    0.         71.7980p 
   50.00000m  369.4290p 
  100.00000m    1.8570n 
  150.00000m    8.8399n 
  200.00000m   38.4322n 
  250.00000m  148.6043n 
  300.00000m  504.0536n 
  350.00000m    1.4465u 
  400.00000m    3.3863u 
  450.00000m    6.5396u 
  500.00000m   10.8736u 
  550.00000m   16.2483u 
  600.00000m   22.5212u 
  650.00000m   29.5733u 
  700.00000m   37.3029u 
  750.00000m   45.6165u 
  800.00000m   54.4209u 
  850.00000m   63.6163u 
  900.00000m   73.0871u 
  950.00000m   82.6928u 
    1.00000    92.2702u 
y
 vth0_value= 255.5646m
 u0_param=  49.6164m
 ags_param= 431.4207m
 
   *** monte carlo  index = 957 ***
x

 volt         param     
             i_d_0.6    
    0.         41.9380p 
   50.00000m  215.8174p 
  100.00000m    1.0960n 
  150.00000m    5.3248n 
  200.00000m   23.8929n 
  250.00000m   95.9211n 
  300.00000m  339.5037n 
  350.00000m    1.0311u 
  400.00000m    2.5726u 
  450.00000m    5.2500u 
  500.00000m    9.0938u 
  550.00000m   13.9852u 
  600.00000m   19.7821u 
  650.00000m   26.3623u 
  700.00000m   33.6238u 
  750.00000m   41.4747u 
  800.00000m   49.8257u 
  850.00000m   58.5831u 
  900.00000m   67.6406u 
  950.00000m   76.8696u 
    1.00000    86.1161u 
y
 vth0_value= 270.9192m
 u0_param=  48.3180m
 ags_param= 406.2468m
 
   *** monte carlo  index = 958 ***
x

 volt         param     
             i_d_0.6    
    0.         61.8058p 
   50.00000m  318.1668p 
  100.00000m    1.6044n 
  150.00000m    7.6838n 
  200.00000m   33.7129n 
  250.00000m  131.7465n 
  300.00000m  452.3749n 
  350.00000m    1.3196u 
  400.00000m    3.1445u 
  450.00000m    6.1646u 
  500.00000m   10.3636u 
  550.00000m   15.6064u 
  600.00000m   21.7502u 
  650.00000m   28.6749u 
  700.00000m   36.2788u 
  750.00000m   44.4687u 
  800.00000m   53.1526u 
  850.00000m   62.2323u 
  900.00000m   71.5950u 
  950.00000m   81.1034u 
    1.00000    90.5965u 
y
 vth0_value= 259.8671m
 u0_param=  49.2955m
 ags_param= 425.0672m
 
   *** monte carlo  index = 959 ***
x

 volt         param     
             i_d_0.6    
    0.         54.9343p 
   50.00000m  282.8487p 
  100.00000m    1.4297n 
  150.00000m    6.8799n 
  200.00000m   30.4062n 
  250.00000m  119.8482n 
  300.00000m  415.5495n 
  350.00000m    1.2280u 
  400.00000m    2.9690u 
  450.00000m    5.8932u 
  500.00000m    9.9987u 
  550.00000m   15.1539u 
  600.00000m   21.2153u 
  650.00000m   28.0616u 
  700.00000m   35.5903u 
  750.00000m   43.7083u 
  800.00000m   52.3242u 
  850.00000m   61.3407u 
  900.00000m   70.6468u 
  950.00000m   80.1078u 
    1.00000    89.5644u 
y
 vth0_value= 263.3716m
 u0_param=  49.2259m
 ags_param= 417.8887m
 
   *** monte carlo  index = 960 ***
x

 volt         param     
             i_d_0.6    
    0.         45.8142p 
   50.00000m  235.8529p 
  100.00000m    1.1962n 
  150.00000m    5.7954n 
  200.00000m   25.8883n 
  250.00000m  103.3616n 
  300.00000m  363.5976n 
  350.00000m    1.0953u 
  400.00000m    2.7070u 
  450.00000m    5.4775u 
  500.00000m    9.4274u 
  550.00000m   14.4328u 
  600.00000m   20.3498u 
  650.00000m   27.0558u 
  700.00000m   34.4477u 
  750.00000m   42.4326u 
  800.00000m   50.9201u 
  850.00000m   59.8147u 
  900.00000m   69.0082u 
  950.00000m   78.3693u 
    1.00000    87.7415u 
y
 vth0_value= 268.6556m
 u0_param=  48.9347m
 ags_param= 423.6335m
 
   *** monte carlo  index = 961 ***
x

 volt         param     
             i_d_0.6    
    0.         67.2606p 
   50.00000m  346.0141p 
  100.00000m    1.7402n 
  150.00000m    8.2932n 
  200.00000m   36.1167n 
  250.00000m  139.9366n 
  300.00000m  475.8403n 
  350.00000m    1.3702u 
  400.00000m    3.2193u 
  450.00000m    6.2368u 
  500.00000m   10.3952u 
  550.00000m   15.5614u 
  600.00000m   21.5988u 
  650.00000m   28.3926u 
  700.00000m   35.8450u 
  750.00000m   43.8658u 
  800.00000m   52.3651u 
  850.00000m   61.2461u 
  900.00000m   70.3965u 
  950.00000m   79.6791u 
    1.00000    88.9342u 
y
 vth0_value= 256.3382m
 u0_param=  47.8055m
 ags_param= 420.1401m
 
   *** monte carlo  index = 962 ***
x

 volt         param     
             i_d_0.6    
    0.        102.2710p 
   50.00000m  524.8782p 
  100.00000m    2.6148n 
  150.00000m   12.2423n 
  200.00000m   51.9658n 
  250.00000m  195.5832n 
  300.00000m  642.4886n 
  350.00000m    1.7676u 
  400.00000m    3.9595u 
  450.00000m    7.3751u 
  500.00000m   11.9464u 
  550.00000m   17.5282u 
  600.00000m   23.9836u 
  650.00000m   31.1983u 
  700.00000m   39.0735u 
  750.00000m   47.5162u 
  800.00000m   56.4324u 
  850.00000m   65.7195u 
  900.00000m   75.2569u 
  950.00000m   84.8983u 
    1.00000    94.4777u 
y
 vth0_value= 244.6989m
 u0_param=  49.2692m
 ags_param= 421.3818m
 
   *** monte carlo  index = 963 ***
x

 volt         param     
             i_d_0.6    
    0.        140.8359p 
   50.00000m  720.6445p 
  100.00000m    3.5603n 
  150.00000m   16.4263n 
  200.00000m   68.3377n 
  250.00000m  251.5394n 
  300.00000m  803.7640n 
  350.00000m    2.1342u 
  400.00000m    4.6155u 
  450.00000m    8.3601u 
  500.00000m   13.2729u 
  550.00000m   19.2016u 
  600.00000m   26.0088u 
  650.00000m   33.5800u 
  700.00000m   41.8147u 
  750.00000m   50.6175u 
  800.00000m   59.8904u 
  850.00000m   69.5259u 
  900.00000m   79.3967u 
  950.00000m   89.3491u 
    1.00000    99.2132u 
y
 vth0_value= 235.9441m
 u0_param=  50.6243m
 ags_param= 421.1231m
 
   *** monte carlo  index = 964 ***
x

 volt         param     
             i_d_0.6    
    0.         81.3464p 
   50.00000m  418.2716p 
  100.00000m    2.0964n 
  150.00000m    9.9245n 
  200.00000m   42.7992n 
  250.00000m  163.9646n 
  300.00000m  550.1589n 
  350.00000m    1.5563u 
  400.00000m    3.5878u 
  450.00000m    6.8410u 
  500.00000m   11.2695u 
  550.00000m   16.7307u 
  600.00000m   23.0833u 
  650.00000m   30.2096u 
  700.00000m   38.0086u 
  750.00000m   46.3868u 
  800.00000m   55.2506u 
  850.00000m   64.4990u 
  900.00000m   74.0148u 
  950.00000m   83.6555u 
    1.00000    93.2568u 
y
 vth0_value= 251.8242m
 u0_param=  49.6403m
 ags_param= 416.7780m
 
   *** monte carlo  index = 965 ***
x

 volt         param     
             i_d_0.6    
    0.         83.3504p 
   50.00000m  428.4677p 
  100.00000m    2.1458n 
  150.00000m   10.1440n 
  200.00000m   43.6557n 
  250.00000m  166.8580n 
  300.00000m  558.3483n 
  350.00000m    1.5738u 
  400.00000m    3.6146u 
  450.00000m    6.8708u 
  500.00000m   11.2938u 
  550.00000m   16.7412u 
  600.00000m   23.0733u 
  650.00000m   30.1738u 
  700.00000m   37.9425u 
  750.00000m   46.2864u 
  800.00000m   55.1124u 
  850.00000m   64.3198u 
  900.00000m   73.7912u 
  950.00000m   83.3840u 
    1.00000    92.9340u 
y
 vth0_value= 250.8775m
 u0_param=  49.3087m
 ags_param= 419.6800m
 
   *** monte carlo  index = 966 ***
x

 volt         param     
             i_d_0.6    
    0.         75.5268p 
   50.00000m  388.5342p 
  100.00000m    1.9509n 
  150.00000m    9.2681n 
  200.00000m   40.1718n 
  250.00000m  154.7893n 
  300.00000m  522.8914n 
  350.00000m    1.4925u 
  400.00000m    3.4734u 
  450.00000m    6.6750u 
  500.00000m   11.0588u 
  550.00000m   16.4828u 
  600.00000m   22.8047u 
  650.00000m   29.9051u 
  700.00000m   37.6825u 
  750.00000m   46.0428u 
  800.00000m   54.8925u 
  850.00000m   64.1313u 
  900.00000m   73.6429u 
  950.00000m   83.2864u 
    1.00000    92.8982u 
y
 vth0_value= 254.1601m
 u0_param=  49.8006m
 ags_param= 404.4059m
 
   *** monte carlo  index = 967 ***
x

 volt         param     
             i_d_0.6    
    0.         64.9205p 
   50.00000m  334.1212p 
  100.00000m    1.6827n 
  150.00000m    8.0400n 
  200.00000m   35.1492n 
  250.00000m  136.7884n 
  300.00000m  467.4604n 
  350.00000m    1.3550u 
  400.00000m    3.2065u 
  450.00000m    6.2493u 
  500.00000m   10.4609u 
  550.00000m   15.7057u 
  600.00000m   21.8428u 
  650.00000m   28.7536u 
  700.00000m   36.3374u 
  750.00000m   44.5018u 
  800.00000m   53.1552u 
  850.00000m   62.1996u 
  900.00000m   71.5219u 
  950.00000m   80.9844u 
    1.00000    90.4263u 
y
 vth0_value= 258.1609m
 u0_param=  48.9482m
 ags_param= 416.2324m
 
   *** monte carlo  index = 968 ***
x

 volt         param     
             i_d_0.6    
    0.         71.3504p 
   50.00000m  367.1695p 
  100.00000m    1.8462n 
  150.00000m    8.7937n 
  200.00000m   38.2646n 
  250.00000m  148.1005n 
  300.00000m  502.9006n 
  350.00000m    1.4453u 
  400.00000m    3.3888u 
  450.00000m    6.5530u 
  500.00000m   10.9059u 
  550.00000m   16.3066u 
  600.00000m   22.6116u 
  650.00000m   29.7006u 
  700.00000m   37.4712u 
  750.00000m   45.8291u 
  800.00000m   54.6809u 
  850.00000m   63.9260u 
  900.00000m   73.4488u 
  950.00000m   83.1087u 
    1.00000    92.7417u 
y
 vth0_value= 255.9703m
 u0_param=  49.9549m
 ags_param= 430.3893m
 
   *** monte carlo  index = 969 ***
x

 volt         param     
             i_d_0.6    
    0.         68.6189p 
   50.00000m  353.1406p 
  100.00000m    1.7769n 
  150.00000m    8.4751n 
  200.00000m   36.9529n 
  250.00000m  143.3609n 
  300.00000m  488.1457n 
  350.00000m    1.4081u 
  400.00000m    3.3146u 
  450.00000m    6.4310u 
  500.00000m   10.7293u 
  550.00000m   16.0706u 
  600.00000m   22.3123u 
  650.00000m   29.3345u 
  700.00000m   37.0355u 
  750.00000m   45.3217u 
  800.00000m   54.1001u 
  850.00000m   63.2714u 
  900.00000m   72.7208u 
  950.00000m   82.3088u 
    1.00000    91.8728u 
y
 vth0_value= 256.9149m
 u0_param=  49.5972m
 ags_param= 424.6319m
 
   *** monte carlo  index = 970 ***
x

 volt         param     
             i_d_0.6    
    0.         80.2570p 
   50.00000m  412.6601p 
  100.00000m    2.0685n 
  150.00000m    9.7947n 
  200.00000m   42.2545n 
  250.00000m  161.9454n 
  300.00000m  543.6681n 
  350.00000m    1.5390u 
  400.00000m    3.5507u 
  450.00000m    6.7745u 
  500.00000m   11.1655u 
  550.00000m   16.5825u 
  600.00000m   22.8856u 
  650.00000m   29.9578u 
  700.00000m   37.6991u 
  750.00000m   46.0167u 
  800.00000m   54.8176u 
  850.00000m   64.0014u 
  900.00000m   73.4514u 
  950.00000m   83.0257u 
    1.00000    92.5604u 
y
 vth0_value= 251.9791m
 u0_param=  49.2535m
 ags_param= 423.7610m
 
   *** monte carlo  index = 971 ***
x

 volt         param     
             i_d_0.6    
    0.        121.0747p 
   50.00000m  620.3787p 
  100.00000m    3.0764n 
  150.00000m   14.2869n 
  200.00000m   59.9661n 
  250.00000m  222.8997n 
  300.00000m  721.0923n 
  350.00000m    1.9450u 
  400.00000m    4.2715u 
  450.00000m    7.8316u 
  500.00000m   12.5430u 
  550.00000m   18.2583u 
  600.00000m   24.8420u 
  650.00000m   32.1811u 
  700.00000m   40.1769u 
  750.00000m   48.7362u 
  800.00000m   57.7637u 
  850.00000m   67.1546u 
  900.00000m   76.7857u 
  950.00000m   86.5068u 
    1.00000    96.1507u 
y
 vth0_value= 239.7572m
 u0_param=  49.4775m
 ags_param= 424.7921m
 
   *** monte carlo  index = 972 ***
x

 volt         param     
             i_d_0.6    
    0.         98.0556p 
   50.00000m  503.2497p 
  100.00000m    2.5081n 
  150.00000m   11.7524n 
  200.00000m   49.9450n 
  250.00000m  188.2353n 
  300.00000m  619.4283n 
  350.00000m    1.7081u 
  400.00000m    3.8351u 
  450.00000m    7.1574u 
  500.00000m   11.6108u 
  550.00000m   17.0545u 
  600.00000m   23.3551u 
  650.00000m   30.4010u 
  700.00000m   38.0956u 
  750.00000m   46.3482u 
  800.00000m   55.0668u 
  850.00000m   64.1508u 
  900.00000m   73.4817u 
  950.00000m   82.9152u 
    1.00000    92.2878u 
y
 vth0_value= 245.2040m
 u0_param=  48.1154m
 ags_param= 413.6951m
 
   *** monte carlo  index = 973 ***
x

 volt         param     
             i_d_0.6    
    0.        120.9295p 
   50.00000m  619.6379p 
  100.00000m    3.0728n 
  150.00000m   14.2706n 
  200.00000m   59.9004n 
  250.00000m  222.6663n 
  300.00000m  720.3773n 
  350.00000m    1.9432u 
  400.00000m    4.2678u 
  450.00000m    7.8251u 
  500.00000m   12.5329u 
  550.00000m   18.2437u 
  600.00000m   24.8219u 
  650.00000m   32.1548u 
  700.00000m   40.1436u 
  750.00000m   48.6951u 
  800.00000m   57.7141u 
  850.00000m   67.0962u 
  900.00000m   76.7181u 
  950.00000m   86.4305u 
    1.00000    96.0663u 
y
 vth0_value= 239.7777m
 u0_param=  49.4535m
 ags_param= 407.4139m
 
   *** monte carlo  index = 974 ***
x

 volt         param     
             i_d_0.6    
    0.        105.4834p 
   50.00000m  541.3159p 
  100.00000m    2.6954n 
  150.00000m   12.6091n 
  200.00000m   53.4584n 
  250.00000m  200.9240n 
  300.00000m  658.8970n 
  350.00000m    1.8087u 
  400.00000m    4.0422u 
  450.00000m    7.5150u 
  500.00000m   12.1559u 
  550.00000m   17.8175u 
  600.00000m   24.3607u 
  650.00000m   31.6703u 
  700.00000m   39.6458u 
  750.00000m   48.1934u 
  800.00000m   57.2178u 
  850.00000m   66.6154u 
  900.00000m   76.2645u 
  950.00000m   86.0176u 
    1.00000    95.7078u 
y
 vth0_value= 244.1735m
 u0_param=  49.8947m
 ags_param= 415.5132m
 
   *** monte carlo  index = 975 ***
x

 volt         param     
             i_d_0.6    
    0.        154.4869p 
   50.00000m  789.3526p 
  100.00000m    3.8867n 
  150.00000m   17.8297n 
  200.00000m   73.6178n 
  250.00000m  268.7537n 
  300.00000m  849.8880n 
  350.00000m    2.2275u 
  400.00000m    4.7576u 
  450.00000m    8.5348u 
  500.00000m   13.4584u 
  550.00000m   19.3784u 
  600.00000m   26.1611u 
  650.00000m   33.6948u 
  700.00000m   41.8810u 
  750.00000m   50.6253u 
  800.00000m   59.8304u 
  850.00000m   69.3886u 
  900.00000m   79.1717u 
  950.00000m   89.0252u 
    1.00000    98.7801u 
y
 vth0_value= 232.6970m
 u0_param=  49.9016m
 ags_param= 421.6763m
 
   *** monte carlo  index = 976 ***
x

 volt         param     
             i_d_0.6    
    0.         32.7704p 
   50.00000m  168.3711p 
  100.00000m  858.1844p 
  150.00000m    4.2034n 
  200.00000m   19.1128n 
  250.00000m   78.0196n 
  300.00000m  281.2730n 
  350.00000m  875.1061n 
  400.00000m    2.2475u 
  450.00000m    4.7090u 
  500.00000m    8.3215u 
  550.00000m   12.9803u 
  600.00000m   18.5449u 
  650.00000m   24.8929u 
  700.00000m   31.9220u 
  750.00000m   39.5413u 
  800.00000m   47.6634u 
  850.00000m   56.1974u 
  900.00000m   65.0409u 
  950.00000m   74.0704u 
    1.00000    83.1363u 
y
 vth0_value= 277.8613m
 u0_param=  47.5371m
 ags_param= 417.8287m
 
   *** monte carlo  index = 977 ***
x

 volt         param     
             i_d_0.6    
    0.         70.2330p 
   50.00000m  361.4074p 
  100.00000m    1.8175n 
  150.00000m    8.6598n 
  200.00000m   37.6998n 
  250.00000m  145.9969n 
  300.00000m  496.0932n 
  350.00000m    1.4271u 
  400.00000m    3.3493u 
  450.00000m    6.4818u 
  500.00000m   10.7941u 
  550.00000m   16.1466u 
  600.00000m   22.3970u 
  650.00000m   29.4259u 
  700.00000m   37.1317u 
  750.00000m   45.4209u 
  800.00000m   54.2006u 
  850.00000m   63.3714u 
  900.00000m   72.8183u 
  950.00000m   82.4020u 
    1.00000    91.9599u 
y
 vth0_value= 256.1898m
 u0_param=  49.5577m
 ags_param= 407.7700m
 
   *** monte carlo  index = 978 ***
x

 volt         param     
             i_d_0.6    
    0.         68.1954p 
   50.00000m  350.9132p 
  100.00000m    1.7654n 
  150.00000m    8.4175n 
  200.00000m   36.6855n 
  250.00000m  142.2542n 
  300.00000m  484.1295n 
  350.00000m    1.3956u 
  400.00000m    3.2829u 
  450.00000m    6.3658u 
  500.00000m   10.6167u 
  550.00000m   15.8987u 
  600.00000m   22.0711u 
  650.00000m   29.0161u 
  700.00000m   36.6332u 
  750.00000m   44.8301u 
  800.00000m   53.5147u 
  850.00000m   62.5885u 
  900.00000m   71.9375u 
  950.00000m   81.4228u 
    1.00000    90.8825u 
y
 vth0_value= 256.6982m
 u0_param=  48.9766m
 ags_param= 432.6010m
 
   *** monte carlo  index = 979 ***
x

 volt         param     
             i_d_0.6    
    0.         32.0944p 
   50.00000m  164.9369p 
  100.00000m  841.6903p 
  150.00000m    4.1325n 
  200.00000m   18.8642n 
  250.00000m   77.3882n 
  300.00000m  280.4766n 
  350.00000m  878.5149n 
  400.00000m    2.2749u 
  450.00000m    4.8024u 
  500.00000m    8.5347u 
  550.00000m   13.3641u 
  600.00000m   19.1422u 
  650.00000m   25.7387u 
  700.00000m   33.0456u 
  750.00000m   40.9672u 
  800.00000m   49.4123u 
  850.00000m   58.2866u 
  900.00000m   67.4850u 
  950.00000m   76.8821u 
    1.00000    86.3259u 
y
 vth0_value= 280.0022m
 u0_param=  49.8394m
 ags_param= 419.8934m
 
   *** monte carlo  index = 980 ***
x

 volt         param     
             i_d_0.6    
    0.        148.2381p 
   50.00000m  757.8283p 
  100.00000m    3.7363n 
  150.00000m   17.1768n 
  200.00000m   71.1253n 
  250.00000m  260.4702n 
  300.00000m  826.9916n 
  350.00000m    2.1783u 
  400.00000m    4.6748u 
  450.00000m    8.4173u 
  500.00000m   13.3079u 
  550.00000m   19.1970u 
  600.00000m   25.9504u 
  650.00000m   33.4561u 
  700.00000m   41.6155u 
  750.00000m   50.3342u 
  800.00000m   59.5154u 
  850.00000m   69.0517u 
  900.00000m   78.8158u 
  950.00000m   88.6537u 
    1.00000    98.3968u 
y
 vth0_value= 233.9182m
 u0_param=  49.8675m
 ags_param= 423.5635m
 
   *** monte carlo  index = 981 ***
x

 volt         param     
             i_d_0.6    
    0.        182.9694p 
   50.00000m  932.2552p 
  100.00000m    4.5616n 
  150.00000m   20.7068n 
  200.00000m   84.3477n 
  250.00000m  303.4164n 
  300.00000m  941.4895n 
  350.00000m    2.4108u 
  400.00000m    5.0383u 
  450.00000m    8.8893u 
  500.00000m   13.8542u 
  550.00000m   19.7868u 
  600.00000m   26.5589u 
  650.00000m   34.0631u 
  700.00000m   42.2034u 
  750.00000m   50.8867u 
  800.00000m   60.0164u 
  850.00000m   69.4838u 
  900.00000m   79.1587u 
  950.00000m   88.8845u 
    1.00000    98.4939u 
y
 vth0_value= 226.9499m
 u0_param=  48.9052m
 ags_param= 430.2035m
 
   *** monte carlo  index = 982 ***
x

 volt         param     
             i_d_0.6    
    0.         54.4839p 
   50.00000m  280.5531p 
  100.00000m    1.4186n 
  150.00000m    6.8304n 
  200.00000m   30.2159n 
  250.00000m  119.2294n 
  300.00000m  413.9077n 
  350.00000m    1.2251u 
  400.00000m    2.9674u 
  450.00000m    5.8992u 
  500.00000m   10.0200u 
  550.00000m   15.1977u 
  600.00000m   21.2876u 
  650.00000m   28.1671u 
  700.00000m   35.7331u 
  750.00000m   43.8917u 
  800.00000m   52.5510u 
  850.00000m   61.6134u 
  900.00000m   70.9676u 
  950.00000m   80.4789u 
    1.00000    89.9878u 
y
 vth0_value= 263.8326m
 u0_param=  49.5550m
 ags_param= 412.3713m
 
   *** monte carlo  index = 983 ***
x

 volt         param     
             i_d_0.6    
    0.        129.0195p 
   50.00000m  660.7445p 
  100.00000m    3.2718n 
  150.00000m   15.1543n 
  200.00000m   63.3804n 
  250.00000m  234.6605n 
  300.00000m  755.3778n 
  350.00000m    2.0246u 
  400.00000m    4.4185u 
  450.00000m    8.0610u 
  500.00000m   12.8641u 
  550.00000m   18.6780u 
  600.00000m   25.3661u 
  650.00000m   32.8145u 
  700.00000m   40.9235u 
  750.00000m   49.5988u 
  800.00000m   58.7438u 
  850.00000m   68.2526u 
  900.00000m   78.0000u 
  950.00000m   87.8344u 
    1.00000    97.5873u 
y
 vth0_value= 238.2184m
 u0_param=  50.0560m
 ags_param= 421.9985m
 
   *** monte carlo  index = 984 ***
x

 volt         param     
             i_d_0.6    
    0.        136.3149p 
   50.00000m  697.7906p 
  100.00000m    3.4509n 
  150.00000m   15.9485n 
  200.00000m   66.5023n 
  250.00000m  245.4011n 
  300.00000m  786.6377n 
  350.00000m    2.0971u 
  400.00000m    4.5529u 
  450.00000m    8.2718u 
  500.00000m   13.1611u 
  550.00000m   19.0687u 
  600.00000m   25.8566u 
  650.00000m   33.4101u 
  700.00000m   41.6283u 
  750.00000m   50.4160u 
  800.00000m   59.6754u 
  850.00000m   69.2991u 
  900.00000m   79.1606u 
  950.00000m   89.1066u 
    1.00000    98.9673u 
y
 vth0_value= 236.9329m
 u0_param=  50.6354m
 ags_param= 421.4446m
 
   *** monte carlo  index = 985 ***
x

 volt         param     
             i_d_0.6    
    0.         95.3068p 
   50.00000m  489.5593p 
  100.00000m    2.4446n 
  150.00000m   11.4942n 
  200.00000m   49.0823n 
  250.00000m  185.9550n 
  300.00000m  615.7183n 
  350.00000m    1.7116u 
  400.00000m    3.8745u 
  450.00000m    7.2781u 
  500.00000m   11.8604u 
  550.00000m   17.4746u 
  600.00000m   23.9796u 
  650.00000m   31.2582u 
  700.00000m   39.2093u 
  750.00000m   47.7383u 
  800.00000m   56.7503u 
  850.00000m   66.1421u 
  900.00000m   75.7935u 
  950.00000m   85.5586u 
    1.00000    95.2707u 
y
 vth0_value= 247.3706m
 u0_param=  50.1225m
 ags_param= 419.3663m
 
   *** monte carlo  index = 986 ***
x

 volt         param     
             i_d_0.6    
    0.        181.6471p 
   50.00000m  926.2187p 
  100.00000m    4.5387n 
  150.00000m   20.6522n 
  200.00000m   84.3772n 
  250.00000m  304.4839n 
  300.00000m  948.6058n 
  350.00000m    2.4408u 
  400.00000m    5.1239u 
  450.00000m    9.0699u 
  500.00000m   14.1670u 
  550.00000m   20.2628u 
  600.00000m   27.2237u 
  650.00000m   34.9379u 
  700.00000m   43.3058u 
  750.00000m   52.2318u 
  800.00000m   61.6165u 
  850.00000m   71.3495u 
  900.00000m   81.2989u 
  950.00000m   91.3065u 
    1.00000   101.2015u 
y
 vth0_value= 228.2424m
 u0_param=  50.5623m
 ags_param= 430.1463m
 
   *** monte carlo  index = 987 ***
x

 volt         param     
             i_d_0.6    
    0.         47.9077p 
   50.00000m  246.5978p 
  100.00000m    1.2491n 
  150.00000m    6.0369n 
  200.00000m   26.8624n 
  250.00000m  106.7502n 
  300.00000m  373.5864n 
  350.00000m    1.1177u 
  400.00000m    2.7409u 
  450.00000m    5.5080u 
  500.00000m    9.4318u 
  550.00000m   14.3888u 
  600.00000m   20.2387u 
  650.00000m   26.8621u 
  700.00000m   34.1585u 
  750.00000m   42.0369u 
  800.00000m   50.4081u 
  850.00000m   59.1779u 
  900.00000m   68.2386u 
  950.00000m   77.4592u 
    1.00000    86.6840u 
y
 vth0_value= 266.7026m
 u0_param=  48.0176m
 ags_param= 413.7362m
 
   *** monte carlo  index = 988 ***
x

 volt         param     
             i_d_0.6    
    0.         74.7840p 
   50.00000m  384.8512p 
  100.00000m    1.9340n 
  150.00000m    9.2017n 
  200.00000m   39.9719n 
  250.00000m  154.3997n 
  300.00000m  523.0343n 
  350.00000m    1.4984u 
  400.00000m    3.5009u 
  450.00000m    6.7496u 
  500.00000m   11.2079u 
  550.00000m   16.7307u 
  600.00000m   23.1712u 
  650.00000m   30.4068u 
  700.00000m   38.3332u 
  750.00000m   46.8543u 
  800.00000m   55.8747u 
  850.00000m   65.2924u 
  900.00000m   74.9900u 
  950.00000m   84.8253u 
    1.00000    94.6330u 
y
 vth0_value= 255.1931m
 u0_param=  50.9596m
 ags_param= 416.3714m
 
   *** monte carlo  index = 989 ***
x

 volt         param     
             i_d_0.6    
    0.         95.2596p 
   50.00000m  489.4308p 
  100.00000m    2.4451n 
  150.00000m   11.5056n 
  200.00000m   49.1866n 
  250.00000m  186.5773n 
  300.00000m  618.6519n 
  350.00000m    1.7229u 
  400.00000m    3.9075u 
  450.00000m    7.3510u 
  500.00000m   11.9917u 
  550.00000m   17.6800u 
  600.00000m   24.2723u 
  650.00000m   31.6491u 
  700.00000m   39.7076u 
  750.00000m   48.3519u 
  800.00000m   57.4857u 
  850.00000m   67.0047u 
  900.00000m   76.7876u 
  950.00000m   86.6874u 
    1.00000    96.5360u 
y
 vth0_value= 247.8847m
 u0_param=  50.9098m
 ags_param= 434.0100m
 
   *** monte carlo  index = 990 ***
x

 volt         param     
             i_d_0.6    
    0.         82.7612p 
   50.00000m  425.3783p 
  100.00000m    2.1299n 
  150.00000m   10.0656n 
  200.00000m   43.2980n 
  250.00000m  165.4099n 
  300.00000m  553.2085n 
  350.00000m    1.5583u 
  400.00000m    3.5763u 
  450.00000m    6.7944u 
  500.00000m   11.1641u 
  550.00000m   16.5456u 
  600.00000m   22.8014u 
  650.00000m   29.8167u 
  700.00000m   37.4930u 
  750.00000m   45.7385u 
  800.00000m   54.4611u 
  850.00000m   63.5610u 
  900.00000m   72.9219u 
  950.00000m   82.4018u 
    1.00000    91.8377u 
y
 vth0_value= 250.6583m
 u0_param=  48.6478m
 ags_param= 418.7631m
 
   *** monte carlo  index = 991 ***
x

 volt         param     
             i_d_0.6    
    0.         54.5417p 
   50.00000m  280.8135p 
  100.00000m    1.4195n 
  150.00000m    6.8312n 
  200.00000m   30.1950n 
  250.00000m  119.0360n 
  300.00000m  412.8200n 
  350.00000m    1.2203u 
  400.00000m    2.9513u 
  450.00000m    5.8599u 
  500.00000m    9.9444u 
  550.00000m   15.0744u 
  600.00000m   21.1070u 
  650.00000m   27.9216u 
  700.00000m   35.4161u 
  750.00000m   43.4980u 
  800.00000m   52.0761u 
  850.00000m   61.0537u 
  900.00000m   70.3201u 
  950.00000m   79.7407u 
    1.00000    89.1569u 
y
 vth0_value= 263.4349m
 u0_param=  48.9912m
 ags_param= 419.6998m
 
   *** monte carlo  index = 992 ***
x

 volt         param     
             i_d_0.6    
    0.         58.8953p 
   50.00000m  303.1437p 
  100.00000m    1.5294n 
  150.00000m    7.3329n 
  200.00000m   32.2282n 
  250.00000m  126.2014n 
  300.00000m  434.3759n 
  350.00000m    1.2712u 
  400.00000m    3.0401u 
  450.00000m    5.9784u 
  500.00000m   10.0744u 
  550.00000m   15.1970u 
  600.00000m   21.2066u 
  650.00000m   27.9854u 
  700.00000m   35.4337u 
  750.00000m   43.4603u 
  800.00000m   51.9747u 
  850.00000m   60.8807u 
  900.00000m   70.0671u 
  950.00000m   79.3985u 
    1.00000    88.7159u 
y
 vth0_value= 260.6698m
 u0_param=  48.3046m
 ags_param= 429.6109m
 
   *** monte carlo  index = 993 ***
x

 volt         param     
             i_d_0.6    
    0.         54.9567p 
   50.00000m  283.0231p 
  100.00000m    1.4312n 
  150.00000m    6.8921n 
  200.00000m   30.4952n 
  250.00000m  120.3575n 
  300.00000m  417.9078n 
  350.00000m    1.2372u 
  400.00000m    2.9976u 
  450.00000m    5.9605u 
  500.00000m   10.1252u 
  550.00000m   15.3579u 
  600.00000m   21.5118u 
  650.00000m   28.4628u 
  700.00000m   36.1064u 
  750.00000m   44.3476u 
  800.00000m   53.0936u 
  850.00000m   62.2461u 
  900.00000m   71.6930u 
  950.00000m   81.2988u 
    1.00000    90.9035u 
y
 vth0_value= 263.9371m
 u0_param=  50.1242m
 ags_param= 407.2667m
 
   *** monte carlo  index = 994 ***
x

 volt         param     
             i_d_0.6    
    0.         37.7021p 
   50.00000m  193.9775p 
  100.00000m  987.3931p 
  150.00000m    4.8208n 
  200.00000m   21.8028n 
  250.00000m   88.3912n 
  300.00000m  316.2207n 
  350.00000m  973.9156n 
  400.00000m    2.4708u 
  450.00000m    5.1182u 
  500.00000m    8.9655u 
  550.00000m   13.8963u 
  600.00000m   19.7630u 
  650.00000m   26.4379u 
  700.00000m   33.8147u 
  750.00000m   41.7987u 
  800.00000m   50.2985u 
  850.00000m   59.2191u 
  900.00000m   68.4539u 
  950.00000m   77.8745u 
    1.00000    87.3269u 
y
 vth0_value= 275.0251m
 u0_param=  49.6807m
 ags_param= 413.5438m
 
   *** monte carlo  index = 995 ***
x

 volt         param     
             i_d_0.6    
    0.        108.6651p 
   50.00000m  557.4420p 
  100.00000m    2.7731n 
  150.00000m   12.9499n 
  200.00000m   54.7724n 
  250.00000m  205.3214n 
  300.00000m  671.1687n 
  350.00000m    1.8348u 
  400.00000m    4.0834u 
  450.00000m    7.5664u 
  500.00000m   12.2102u 
  550.00000m   17.8677u 
  600.00000m   24.4015u 
  650.00000m   31.6969u 
  700.00000m   39.6545u 
  750.00000m   48.1808u 
  800.00000m   57.1807u 
  850.00000m   66.5507u 
  900.00000m   76.1689u 
  950.00000m   85.8874u 
    1.00000    95.5394u 
y
 vth0_value= 243.1154m
 u0_param=  49.6399m
 ags_param= 416.9200m
 
   *** monte carlo  index = 996 ***
x

 volt         param     
             i_d_0.6    
    0.         92.2275p 
   50.00000m  473.8544p 
  100.00000m    2.3681n 
  150.00000m   11.1506n 
  200.00000m   47.7146n 
  250.00000m  181.1969n 
  300.00000m  601.6541n 
  350.00000m    1.6787u 
  400.00000m    3.8145u 
  450.00000m    7.1877u 
  500.00000m   11.7395u 
  550.00000m   17.3237u 
  600.00000m   23.7993u 
  650.00000m   31.0489u 
  700.00000m   38.9713u 
  750.00000m   47.4722u 
  800.00000m   56.4568u 
  850.00000m   65.8225u 
  900.00000m   75.4496u 
  950.00000m   85.1927u 
    1.00000    94.8856u 
y
 vth0_value= 248.3055m
 u0_param=  50.0400m
 ags_param= 422.2162m
 
   *** monte carlo  index = 997 ***
x

 volt         param     
             i_d_0.6    
    0.         51.0429p 
   50.00000m  262.8852p 
  100.00000m    1.3314n 
  150.00000m    6.4315n 
  200.00000m   28.5946n 
  250.00000m  113.5093n 
  300.00000m  396.6870n 
  350.00000m    1.1846u 
  400.00000m    2.8982u 
  450.00000m    5.8121u 
  500.00000m    9.9357u 
  550.00000m   15.1374u 
  600.00000m   21.2689u 
  650.00000m   28.2046u 
  700.00000m   35.8389u 
  750.00000m   44.0764u 
  800.00000m   52.8239u 
  850.00000m   61.9832u 
  900.00000m   71.4429u 
  950.00000m   81.0684u 
    1.00000    90.7000u 
y
 vth0_value= 266.3097m
 u0_param=  50.3546m
 ags_param= 422.8723m
 
   *** monte carlo  index = 998 ***
x

 volt         param     
             i_d_0.6    
    0.         72.5131p 
   50.00000m  373.0256p 
  100.00000m    1.8740n 
  150.00000m    8.9115n 
  200.00000m   38.6845n 
  250.00000m  149.3215n 
  300.00000m  505.4903n 
  350.00000m    1.4469u 
  400.00000m    3.3777u 
  450.00000m    6.5079u 
  500.00000m   10.8030u 
  550.00000m   16.1246u 
  600.00000m   22.3328u 
  650.00000m   29.3102u 
  700.00000m   36.9569u 
  750.00000m   45.1804u 
  800.00000m   53.8887u 
  850.00000m   62.9828u 
  900.00000m   72.3479u 
  950.00000m   81.8445u 
    1.00000    91.3103u 
y
 vth0_value= 254.8455m
 u0_param=  48.9683m
 ags_param= 415.3525m
 
   *** monte carlo  index = 999 ***
x

 volt         param     
             i_d_0.6    
    0.         55.6417p 
   50.00000m  286.4387p 
  100.00000m    1.4470n 
  150.00000m    6.9551n 
  200.00000m   30.6855n 
  250.00000m  120.7037n 
  300.00000m  417.5770n 
  350.00000m    1.2303u 
  400.00000m    2.9647u 
  450.00000m    5.8680u 
  500.00000m    9.9353u 
  550.00000m   15.0367u 
  600.00000m   21.0310u 
  650.00000m   27.7994u 
  700.00000m   35.2410u 
  750.00000m   43.2641u 
  800.00000m   51.7783u 
  850.00000m   60.6876u 
  900.00000m   69.8816u 
  950.00000m   79.2262u 
    1.00000    88.5633u 
y
 vth0_value= 262.5224m
 u0_param=  48.5174m
 ags_param= 406.2641m
 
   *** monte carlo  index = 1000 ***
x

 volt         param     
             i_d_0.6    
    0.        196.8518p 
   50.00000m    1.0025n 
  100.00000m    4.8996n 
  150.00000m   22.1954n 
  200.00000m   90.1721n 
  250.00000m  323.3857n 
  300.00000m  999.4065n 
  350.00000m    2.5465u 
  400.00000m    5.2977u 
  450.00000m    9.3133u 
  500.00000m   14.4763u 
  550.00000m   20.6344u 
  600.00000m   27.6547u 
  650.00000m   35.4260u 
  700.00000m   43.8487u 
  750.00000m   52.8269u 
  800.00000m   62.2607u 
  850.00000m   72.0385u 
  900.00000m   82.0272u 
  950.00000m   92.0670u 
    1.00000   101.9874u 
y
 vth0_value= 225.8740m
 u0_param=  50.6473m
 ags_param= 424.1572m

   meas_variable = vth0_value
   mean  = 254.0858m  varian = 242.3522u
   sigma =  15.5677m  avgdev =  12.5381m
   max   = 299.0068m  min    = 201.1228m
    1-sigma =  15.5677m median = 254.2114m

   meas_variable = u0_param
   mean  =  49.4530m  varian =   1.0197u
   sigma =   1.0098m  avgdev = 789.4550u
   max   =  52.7666m  min    =  46.0353m
    1-sigma =   1.0098m median =  49.4775m

   meas_variable = ags_param
   mean  = 418.8026m  varian =  59.8033u
   sigma =   7.7333m  avgdev =   6.1609m
   max   = 448.8847m  min    = 394.5716m
    1-sigma =   7.7333m median = 418.8861m

          ***** job concluded
 ******  
 *mc

 ****** job statistics summary tnom=  25.000 temp=  25.000 ******

  ******  HSPICE Threads Information  ******

  Command Line Threads Count :     1
  Available CPU Count        :    24
  Actual Threads Count       :     1


  ******  Circuit Statistics  ******
  # nodes       =      12 # elements   =      21
  # resistors   =       0 # capacitors =       0 # inductors   =       0
  # mutual_inds =       0 # vccs       =       0 # vcvs        =       0
  # cccs        =       0 # ccvs       =       0 # volt_srcs   =      11
  # curr_srcs   =       0 # diodes     =       0 # bjts        =       0
  # jfets       =       0 # mosfets    =      10 # U elements  =       0
  # T elements  =       0 # W elements =       0 # B elements  =       0
  # S elements  =       0 # P elements =       0 # va device   =       0
  # vector_srcs =       0 # N elements =       0


  ******  Runtime Statistics (seconds)  ******

  analysis           time    # points   tot. iter  conv.iter
  op point           0.00           1           0
  dc sweep           0.57       21000       43000
  readin             0.01
  errchk             0.01
  setup              0.00
  output             0.01


           peak memory used         85.57 megabytes
           total cpu time            0.75 seconds
           total elapsed time       20.68 seconds
           job started at     17:08:42 11/08/2025
           job ended   at     17:09:02 11/08/2025


  lic: Release hspice token(s) 
 lic: total license checkout elapse time:       19.93(s)
