 ****** HSPICE -- O-2018.09-SP2 win64 (Feb 25 2019) ******                      
  Copyright (c) 1986 - 2025 by Synopsys, Inc. All Rights Reserved.              
  This software and the associated documentation are proprietary
  to Synopsys, Inc. This software may only be used in accordance
  with the terms and conditions of a written license agreement with
  Synopsys, Inc. All other use, reproduction, or distribution of
  this software is strictly prohibited.
  Input File: mc - 副本.sp                                                      
  Command line options: C:\synopsys\Hspice_O-2018.09-SP2\WIN64\hspice.com -i mc - 副本.sp -o D:\桌面\mc\mc - 副本.lis
  Start time: Sat Nov  8 17:09:34 2025
  lic:  
  lic: FLEXlm: SDK_11.7.3 
  lic: USER:   24742                HOSTNAME: bunn 
  lic: HOSTID: "d0577ed2695e"       PID:      228 
  lic: Using FLEXlm license file: 
  lic: D:\hspice2018.lic\Synopsys SSS Feature Keygen\synopsys.dat 
  lic: Checkout 1 hspice 
  lic: License/Maintenance for hspice will expire on 31-dec-2027/2019.12 
  lic: NODE LOCKED license on hostid "d0577ed2695e" 
  lic:   
  **info** Monte Carlo simulation is detected, increase number of measure digits to 7 for Monte Carlo post processing.
  **info** option measform has been reset to 1 to reduce measure file storage and enable advanced Monte Carlo data mining.
1****** HSPICE -- O-2018.09-SP2 win64 (Feb 25 2019) ******                      
 ******  
 *mc

 ****** mos   model parameters tnom=  25.000 temp=  25.000 ******
 Model file: sta_nmos.l
 Model line:            4
 Model Name: nmos  
 BSIM4 Model (Level 54)
    MOBMOD = 0
    BINUNIT = 2
    PARAMCHK = 1
    CAPMOD = 2
    DIOMOD = 1
    RDSMOD = 0
    TRNQSMOD = 0
    ACNQSMOD = 0
    RBODYMOD = 0
    RGATEMOD = 0
    PERMOD = 1
    GEOMOD = 0
    RGEOMOD = 0
    FNOIMOD = 1
    TNOIMOD = 0
    IGCMOD = 1
    IGBMOD = 1
    STIMOD = 1
    VBFWDMOD = 0
    VERSION =    4.5 
    TOXREF =  3e-09 
    TOXE = 2.83e-09 
    TOXP = 2.524e-09 
    TOXM = 2.83e-09 
    DTOX = 3.06e-10 
    EPSROX =    3.9 
    CDSC =      0 
    CDSCB =      0 
    CDSCD =      0 
    CIT = -0.0001643 
    NFACTOR =  1.298 
    XJ = 1.5e-07 
    VSAT = 9.399e+04 
    A0 =  0.255 
    AGS = 0.4187 
    A1 =      0 
    A2 =      1 
    AT = 5.55e+04 
    KETA = -0.03775 
    NSUB =  6e+16 
    NDEP = 2.31e+17 
    NSD =  1e+20 
    NGATE =  3e+20 
    GAMMA1 =      0 
    GAMMA2 =      0 
    VBX =      0 
    VBM =     -3 
    XT = 1.55e-07 
    K1 =  0.262 
    KT1 = -0.3622 
    KT1L =      0 
    KT2 = -0.06205 
    K2 = 0.03629 
    K3 =      0 
    K3B =      0 
    LPE0 =  9e-08 
    LPEB =      0 
    DVTP0 = 5.5e-06 
    DVTP1 =   2.05 
    W0 =      0 
    DVT0 =   15.2 
    DVT1 =  1.815 
    DVT2 =   0.05 
    DVT0W =      0 
    DVT1W =      0 
    DVT2W =      0 
    DROUT =      0 
    DSUB =    0.7 
    VTH0 = 0.2544 
    EU =   1.67 
    UA = -2.289e-10 
    UA1 = 1.881e-09 
    UB = 1.986e-18 
    UB1 = -3.644e-18 
    UC = 1.902e-10 
    UC1 = -1.904e-10 
    U0 = 0.04939 
    UTE =  -1.71 
    VOFF = -0.1165 
    VOFFL =  1e-09 
    MINV =      0 
    FPROUT =    100 
    PDITS =      0 
    PDITSD =      0 
    PDITSL =      0 
    DELTA = 0.0075 
    RDSW =    130 
    RDSWMIN =      0 
    RDWMIN =      0 
    RSWMIN =      0 
    RDW =    100 
    RSW =    100 
    PRWG =      0 
    PRWB =      0 
    PRT =      0 
    ETA0 = -0.03118 
    ETAB = -0.1263 
    PCLM = 0.4411 
    PDIBLC1 =      0 
    PDIBLC2 = 0.0001 
    PDIBLCB =      0 
    PSCBE1 = 9.264e+08 
    PSCBE2 =  1e-20 
    PVAG =   1.35 
    WR =      1 
    DWG =      0 
    DWB =      0 
    XW = 1.5e-08 
    XWREF = 1.5e-08 
    XL = -2e-08 
    XLREF = -2e-08 
    B0 =      0 
    B1 =      0 
    ALPHA0 =      0 
    ALPHA1 =    0.1 
    AGIDL =  9e-08 
    BGIDL = 2.3e+09 
    CGIDL =    0.5 
    PHIN =      0 
    EGIDL =   0.53 
    AIGC = 0.01133 
    BIGC = 0.001474 
    CIGC =      0 
    AIGSD = 0.01005 
    BIGSD = 0.0004517 
    CIGSD = 0.0001 
    AIGBACC = 0.01228 
    BIGBACC = 0.003181 
    CIGBACC = 0.0977 
    AIGBINV =   0.35 
    BIGBINV =   0.03 
    CIGBINV =  0.006 
    NIGC =    2.1 
    NIGBINV =      1 
    NIGBACC =  4.326 
    NTOX =      1 
    EIGBINV =    1.1 
    PIGCD =  3.217 
    POXEDGE =      1 
    XRCRG1 =     12 
    TNOIA =    1.5 
    TNOIB =    3.5 
    NTNOI =      1 
    XRCRG2 =      1 
    BETA0 =    9.5 
    IJTHDFWD =   0.01 
    IJTHSFWD =   0.01 
    IJTHDREV =   0.01 
    IJTHSREV =   0.01 
    XJBVD =      1 
    XJBVS =      1 
    BVD =     10 
    BVS =     10 
    VFB =     -1 
    GBMIN =  1e-12 
    RBDB =     50 
    RBPB =     50 
    RBSB =     50 
    RBPS =     50 
    RBPD =     50 
    CGSL = 5.65e-11 
    CGDL = 5.65e-11 
    CKAPPAS =    0.6 
    CKAPPAD =    0.6 
    CF = 1.29e-10 
    CLC =  1e-07 
    CLE =    0.6 
    DWC =      0 
    DLC = 1.367e-08 
    DLCIG = 2.5e-09 
    DWJ =      0 
    VFBCV =     -1 
    ACDE =    1.2 
    MOIN =   18.5 
    NOFF =   2.24 
    VOFFCV =   -0.1 
    DMCG = 8.5e-08 
    DMCI = 8.5e-08 
    DMDG =      0 
    DMCGT =      0 
    XGW =      0 
    XGL =      0 
    RSHG =    0.1 
    NGCON =      1 
    TCJ = 0.000778 
    TPB =  0.001 
    TCJSW = 0.000357 
    TPBSW = 0.0019 
    TCJSWG = 0.00301 
    TPBSWG = 0.0019 
    SK0 =      0 
    SK1 =      0 
    SK2 =      0 
    SL =  2e-06 
    SW =  2e-06 
    K =      0 
    LCIT = 2.073e-10 
    LVSAT = 0.0005828 
    LA0 = 1.999e-07 
    LAGS = 7.256e-08 
    LKETA = -5.436e-10 
    LKT1 = -4.515e-09 
    LK2 = -9.214e-10 
    LVTH0 = -5.216e-09 
    LUA = 5.989e-19 
    LUA1 = 2.627e-16 
    LUB = 1.382e-26 
    LUB1 = -2.581e-25 
    LUC = -8.293e-19 
    LU0 = -7.02e-10 
    LUTE = 3.237e-08 
    LVOFF = -4.619e-09 
    LETA0 = 1.585e-08 
    LETAB = 2.353e-09 
    LPCLM = 3.417e-08 
    WVTH0 = -1.034e-08 
    WU0 = -1.708e-09 
    PVTH0 = 2.323e-16 
    PU0 = 7.905e-17 
    TNOM =  298.1 
    CGSO = 1.15e-10 
    CGDO = 1.15e-10 
    CGBO =      0 
    XPART =      1 
    RSH =   10.5 
    JSS =  2e-07 
    JSWS = 3.5e-13 
    JSWGS = 1.3e-12 
    PBS =    0.5 
    MJS =   0.25 
    PBSWS =    0.8 
    MJSWS =   0.01 
    CJS = 0.000981 
    CJSWS = 5.5e-11 
    NJS =      1 
    PBSWGS =   0.47 
    MJSWGS =    0.5 
    CJSWGS = 2.73e-10 
    XTIS =      3 
    JSD =  2e-07 
    JSWD = 3.5e-13 
    JSWGD = 1.3e-12 
    PBD =    0.5 
    MJD =   0.25 
    PBSWD =    0.8 
    MJSWD =   0.01 
    CJD = 0.000981 
    CJSWD = 5.5e-11 
    NJD =      1 
    PBSWGD =   0.47 
    MJSWGD =    0.5 
    CJSWGD = 2.73e-10 
    XTID =      3 
    LMLT =      1 
    WMLT =      1 
    LINT = 2.5e-09 
    LL =      0 
    LLC =      0 
    LLN =      1 
    LW =      0 
    LWC =      0 
    LWN =      1 
    LWL =      0 
    LWLC =      0 
    LMIN =      0 
    LMAX =      1 
    WINT =  6e-09 
    WL =      0 
    WLC =      0 
    WLN =      1 
    WW =      0 
    WWC =      0 
    WWN =      1 
    WWL =      0 
    WWLC =      0 
    WMIN =      0 
    WMAX =      1 
    NOIA = 3.293e+41 
    NOIB = 1.012e+25 
    NOIC =   8.75 
    EM = 3.192e+07 
    EF =   0.85 
    AF =      1 
    KF =      0 
    TRS =      0 
    TRD =      0 
    TEMPMOD  =      0 
    LAMBDA   =      0 
    VTL      =  2e+05 m/s
    LC       =  5e-09 
    XN       =      3 
    LLAMBDA  =      0 
    LVTL     =      0 
    LXN      =      0 
    WLAMBDA  =      0 
    WVTL     =      0 
    WXN      =      0 
    PLAMBDA  =      0 
    PVTL     =      0 
    PXN      =      0 
    RNOIA    =  0.577 
    RNOIB    = 0.5164 
    SAREF(SA0) = 6.3e-07 m
    SBREF(SB0) = 6.3e-07 m
    WLOD     = 1.5e-07 m
    KU0      = -3.849e-08 1/m
    KVSAT    =   0.35 
    KVTH0    = 2.5e-09 m
    TKU0     =    0.1 
    LLODKU0  =      1 
    WLODKU0  =      1 
    LLODVTH  =      1 
    WLODVTH  =      1 
    LKU0     = 1.257e-08 
    WKU0     =  1e-07 
    PKU0     =  5e-14 
    LKVTH0   = -2.68e-11 
    WKVTH0   =      0 
    PKVTH0   =      0 
    STK2     =  4e-10 
    LODK2    =    0.5 
    STETA0   =      0 
    LODETA0  =      1 
    LXRCRG1  =      0 
    WXRCRG1  =      0 
    PXRCRG1  =      0 
    LXRCRG2  =      0 
    WXRCRG2  =      0 
    PXRCRG2  =      0 
     *** UCB's BSIM4.4.0 new diode model is activated. ***
    *** UCB's Diode Model Parameters ***
    JTSS         =      0 
    JTSSWS       =      0 
    JTSSWGS      =      0 
    JTSD         =      0 
    JTSSWD       =      0 
    JTSSWGD      =      0 
    NJTS         =     20 
    NJTSSW       =     20 
    NJTSSWG      =     20 
    XTSS         =   0.02 
    XTSSWS       =   0.02 
    XTSSWGS      =   0.02 
    XTSD         =   0.02 
    XTSSWD       =   0.02 
    XTSSWGD      =   0.02 
    TNJTS        =      0 
    TNJTSSW      =      0 
    TNJTSSWG     =      0 
    VFBSDOFF     =      0 
    LVFBSDOFF    =      0 
    WVFBSDOFF    =      0 
    PVFBSDOFF    =      0 
    LINTNOI      =      0 
    VTSS         =     10 
    VTSD         =     10 
    VTSSWS       =     10 
    VTSSWD       =     10 
    VTSSWGS      =     10 
    VTSSWGD      =     10 
    TTDIOMOD     =      1 
     *** UCB's BSIM4.5.0 new model is activated. ***
    UD         =      0 
    UD1        =      0 
    UP         =      0 
    LP         =  1e-08 
    TVOFF      =      0 
    TVFBSDOFF  =      0 
    RBPS0      =     50 
    RBPSL      =      0 
    RBPSW      =      0 
    RBPSNF     =      0 
    RBPD0      =     50 
    RBPDL      =      0 
    RBPDW      =      0 
    RBPDNF     =      0 
    RBPBX0     =    100 
    RBPBXL     =      0 
    RBPBXW     =      0 
    RBPBXNF    =      0 
    RBPBY0     =    100 
    RBPBYL     =      0 
    RBPBYW     =      0 
    RBPBYNF    =      0 
    RBSBX0     =    100 
    RBSBY0     =    100 
    RBDBX0     =    100 
    RBDBY0     =    100 
    RBSDBXL    =      0 
    RBSDBXW    =      0 
    RBSDBXNF   =      0 
    RBSDBYL    =      0 
    RBSDBYW    =      0 
    RBSDBYNF   =      0 
    LUD        =      0 
    LUD1       =      0 
    LUP        =      0 
    LLP        =      0 
    LTVOFF     =      0 
    LTVFBSDOFF =      0 
    WUD        =      0 
    WUD1       =      0 
    WUP        =      0 
    WLP        =      0 
    WTVOFF     =      0 
    WTVFBSDOFF =      0 
    PUD        =      0 
    PUD1       =      0 
    PUP        =      0 
    PLP        =      0 
    PTVOFF     =      0 
    PTVFBSDOFF =      0 
    WEB        =   -220 
    WEC        =  -3000 
    KVTH0WE    = 0.0049 
    K2WE       = 0.0015 
    KU0WE      = -0.002 
    SCREF      =  1e-06 
    WPEMOD     =      0 
    LKVTH0WE   = -1.2e-10 
    LK2WE      =      0 
    LKU0WE     =      0 
    WKVTH0WE   =      0 
    WK2WE      =      0 
    WKU0WE     =      0 
    PKVTH0WE   =      0 
    PK2WE      =      0 
    PKU0WE     =      0 
  **warning** (nmos:m1 (mc - 副本.sp:6)) Warning: Eta0 * Muleta0 + Deleta0 = -0.0149188 is negative in BSIM4 model with w=1e-06 l=1e-06.
*** info *** index=1 is a nominal sample in Monte Carlo.
*** info *** The MCG Random Number Generator and .Option Use_Agauss_Format = Yes are set as defaults starting with HSPICE L-2016.06 to address the needs of advanced technology nodes with large samples and/or large circuits, particularly for distributed processing.
*** Should you want backward compatibility, please use the following options:
For traditional Gaussian style variations, use .Option Random_Generator = 3LC;
For Variation Block style variations, use .Option Random_Generator = MOA.
  
      

Element variations(Local):   element              parameter

MONTE CARLO DEFINITIONS


Option sampling_method was set, variation block and agauss format variation are in effect.

Random number generator is MCG            , and seed =      1, stream =   1
 **info** set option symb=1 internally to help for convergence.
 *****************************************************************
 ******  option summary
 ******
 runlvl  = 3         bypass  = 2.0000    
 ******
 *mc

 ****** dc transfer curves tnom=  25.000 temp=  25.000 ******
 
   *** monte carlo  index = 1 ***
x

 volt         param     
             i_d_0.7    
    0.         77.8566p 
   50.00000m  399.9042p 
  100.00000m    2.0061n 
  150.00000m    9.5168n 
  200.00000m   41.1631n 
  250.00000m  158.2019n 
  300.00000m  532.7302n 
  350.00000m    1.5144u 
  400.00000m    3.5102u 
  450.00000m    6.7240u 
  500.00000m   11.1159u 
  550.00000m   16.5457u 
  600.00000m   22.8744u 
  650.00000m   29.9870u 
  700.00000m   37.7871u 
  750.00000m   46.1888u 
  800.00000m   55.1112u 
  850.00000m   64.4748u 
  900.00000m   74.1996u 
  950.00000m   84.2005u 
    1.00000    94.3822u 
y
 vth0_value= 254.3500m
 u0_param=  49.3900m
 ags_param= 418.7400m
 
   *** monte carlo  index = 2 ***
x

 volt         param     
             i_d_0.7    
    0.         82.0426p 
   50.00000m  421.4729p 
  100.00000m    2.1134n 
  150.00000m   10.0162n 
  200.00000m   43.2620n 
  250.00000m  165.9880n 
  300.00000m  557.7838n 
  350.00000m    1.5812u 
  400.00000m    3.6541u 
  450.00000m    6.9818u 
  500.00000m   11.5196u 
  550.00000m   17.1217u 
  600.00000m   23.6445u 
  650.00000m   30.9693u 
  700.00000m   38.9972u 
  750.00000m   47.6394u 
  800.00000m   56.8128u 
  850.00000m   66.4360u 
  900.00000m   76.4269u 
  950.00000m   86.6984u 
    1.00000    97.1537u 
y
 vth0_value= 253.7192m
 u0_param=  50.8716m
 ags_param= 421.9023m
 
   *** monte carlo  index = 3 ***
x

 volt         param     
             i_d_0.7    
    0.         65.0398p 
   50.00000m  334.2967p 
  100.00000m    1.6842n 
  150.00000m    8.0561n 
  200.00000m   35.2770n 
  250.00000m  137.5153n 
  300.00000m  470.7098n 
  350.00000m    1.3675u 
  400.00000m    3.2447u 
  450.00000m    6.3385u 
  500.00000m   10.6292u 
  550.00000m   15.9795u 
  600.00000m   22.2462u 
  650.00000m   29.3105u 
  700.00000m   37.0737u 
  750.00000m   45.4481u 
  800.00000m   54.3521u 
  850.00000m   63.7060u 
  900.00000m   73.4295u 
  950.00000m   83.4383u 
    1.00000    93.6390u 
y
 vth0_value= 260.1032m
 u0_param=  49.9038m
 ags_param= 397.7704m
 
   *** monte carlo  index = 4 ***
x

 volt         param     
             i_d_0.7    
    0.         95.3048p 
   50.00000m  488.9561p 
  100.00000m    2.4406n 
  150.00000m   11.4707n 
  200.00000m   48.9514n 
  250.00000m  185.2970n 
  300.00000m  612.8272n 
  350.00000m    1.7013u 
  400.00000m    3.8468u 
  450.00000m    7.2206u 
  500.00000m   11.7626u 
  550.00000m   17.3292u 
  600.00000m   23.7841u 
  650.00000m   31.0146u 
  700.00000m   38.9258u 
  750.00000m   47.4324u 
  800.00000m   56.4533u 
  850.00000m   65.9090u 
  900.00000m   75.7185u 
  950.00000m   85.7954u 
    1.00000    96.0425u 
y
 vth0_value= 248.2501m
 u0_param=  49.3761m
 ags_param= 416.8627m
 
   *** monte carlo  index = 5 ***
x

 volt         param     
             i_d_0.7    
    0.         63.6471p 
   50.00000m  327.0985p 
  100.00000m    1.6482n 
  150.00000m    7.8867n 
  200.00000m   34.5548n 
  250.00000m  134.7924n 
  300.00000m  461.7769n 
  350.00000m    1.3430u 
  400.00000m    3.1908u 
  450.00000m    6.2402u 
  500.00000m   10.4734u 
  550.00000m   15.7556u 
  600.00000m   21.9457u 
  650.00000m   28.9264u 
  700.00000m   36.6002u 
  750.00000m   44.8806u 
  800.00000m   53.6867u 
  850.00000m   62.9398u 
  900.00000m   72.5605u 
  950.00000m   82.4650u 
    1.00000    92.5603u 
y
 vth0_value= 260.3625m
 u0_param=  49.2940m
 ags_param= 416.7180m
 
   *** monte carlo  index = 6 ***
x

 volt         param     
             i_d_0.7    
    0.        172.8911p 
   50.00000m  881.7782p 
  100.00000m    4.3284n 
  150.00000m   19.7539n 
  200.00000m   81.0076n 
  250.00000m  293.4480n 
  300.00000m  918.7297n 
  350.00000m    2.3788u 
  400.00000m    5.0237u 
  450.00000m    8.9349u 
  500.00000m   14.0049u 
  550.00000m   20.0831u 
  600.00000m   27.0376u 
  650.00000m   34.7599u 
  700.00000m   43.1562u 
  750.00000m   52.1402u 
  800.00000m   61.6293u 
  850.00000m   71.5410u 
  900.00000m   81.7904u 
  950.00000m   92.2857u 
    1.00000   102.9218u 
y
 vth0_value= 231.0040m
 u0_param=  50.4523m
 ags_param= 429.4862m
 
   *** monte carlo  index = 7 ***
x

 volt         param     
             i_d_0.7    
    0.        216.6311p 
   50.00000m    1.1009n 
  100.00000m    5.3607n 
  150.00000m   24.1412n 
  200.00000m   97.3421n 
  250.00000m  346.1554n 
  300.00000m    1.0580u 
  350.00000m    2.6611u 
  400.00000m    5.4723u 
  450.00000m    9.5376u 
  500.00000m   14.7378u 
  550.00000m   20.9246u 
  600.00000m   27.9706u 
  650.00000m   35.7707u 
  700.00000m   44.2330u 
  750.00000m   53.2723u 
  800.00000m   62.8063u 
  850.00000m   72.7526u 
  900.00000m   83.0257u 
  950.00000m   93.5321u 
    1.00000   104.1643u 
y
 vth0_value= 223.9248m
 u0_param=  50.0209m
 ags_param= 429.5889m
 
   *** monte carlo  index = 8 ***
x

 volt         param     
             i_d_0.7    
    0.        168.7700p 
   50.00000m  861.1549p 
  100.00000m    4.2315n 
  150.00000m   19.3452n 
  200.00000m   79.5085n 
  250.00000m  288.7148n 
  300.00000m  906.7054n 
  350.00000m    2.3566u 
  400.00000m    4.9945u 
  450.00000m    8.9070u 
  500.00000m   13.9878u 
  550.00000m   20.0849u 
  600.00000m   27.0649u 
  650.00000m   34.8182u 
  700.00000m   43.2501u 
  750.00000m   52.2738u 
  800.00000m   61.8061u 
  850.00000m   71.7642u 
  900.00000m   82.0630u 
  950.00000m   92.6103u 
    1.00000   103.3010u 
y
 vth0_value= 231.9527m
 u0_param=  50.8005m
 ags_param= 433.5626m
 
   *** monte carlo  index = 9 ***
x

 volt         param     
             i_d_0.7    
    0.         58.3665p 
   50.00000m  299.9664p 
  100.00000m    1.5141n 
  150.00000m    7.2702n 
  200.00000m   32.0229n 
  250.00000m  125.6956n 
  300.00000m  433.6808n 
  350.00000m    1.2733u 
  400.00000m    3.0570u 
  450.00000m    6.0323u 
  500.00000m   10.1915u 
  550.00000m   15.4028u 
  600.00000m   21.5247u 
  650.00000m   28.4392u 
  700.00000m   36.0485u 
  750.00000m   44.2661u 
  800.00000m   53.0112u 
  850.00000m   62.2053u 
  900.00000m   71.7695u 
  950.00000m   81.6207u 
    1.00000    91.6666u 
y
 vth0_value= 262.8909m
 u0_param=  49.1634m
 ags_param= 425.6175m
 
   *** monte carlo  index = 10 ***
x

 volt         param     
             i_d_0.7    
    0.        129.5030p 
   50.00000m  662.6989p 
  100.00000m    3.2810n 
  150.00000m   15.1962n 
  200.00000m   63.5450n 
  250.00000m  235.1760n 
  300.00000m  756.5858n 
  350.00000m    2.0267u 
  400.00000m    4.4216u 
  450.00000m    8.0658u 
  500.00000m   12.8725u 
  550.00000m   18.6938u 
  600.00000m   25.3958u 
  650.00000m   32.8681u 
  700.00000m   41.0167u 
  750.00000m   49.7560u 
  800.00000m   59.0041u 
  850.00000m   68.6803u 
  900.00000m   78.7017u 
  950.00000m   88.9794u 
    1.00000    99.4121u 
y
 vth0_value= 239.3268m
 u0_param=  49.8554m
 ags_param= 417.5491m
 
   *** monte carlo  index = 11 ***
x

 volt         param     
             i_d_0.7    
    0.         71.8029p 
   50.00000m  368.9300p 
  100.00000m    1.8543n 
  150.00000m    8.8284n 
  200.00000m   38.3917n 
  250.00000m  148.4610n 
  300.00000m  503.5200n 
  350.00000m    1.4450u 
  400.00000m    3.3835u 
  450.00000m    6.5363u 
  500.00000m   10.8720u 
  550.00000m   16.2521u 
  600.00000m   22.5362u 
  650.00000m   29.6081u 
  700.00000m   37.3708u 
  750.00000m   45.7377u 
  800.00000m   54.6279u 
  850.00000m   63.9621u 
  900.00000m   73.6603u 
  950.00000m   83.6379u 
    1.00000    93.8008u 
y
 vth0_value= 256.8380m
 u0_param=  49.4653m
 ags_param= 406.7655m
 
   *** monte carlo  index = 12 ***
x

 volt         param     
             i_d_0.7    
    0.        130.0475p 
   50.00000m  665.4987p 
  100.00000m    3.2949n 
  150.00000m   15.2604n 
  200.00000m   63.8127n 
  250.00000m  236.1609n 
  300.00000m  759.7238n 
  350.00000m    2.0350u 
  400.00000m    4.4395u 
  450.00000m    8.0979u 
  500.00000m   12.9232u 
  550.00000m   18.7667u 
  600.00000m   25.4937u 
  650.00000m   32.9937u 
  700.00000m   41.1722u 
  750.00000m   49.9431u 
  800.00000m   59.2245u 
  850.00000m   68.9352u 
  900.00000m   78.9921u 
  950.00000m   89.3060u 
    1.00000    99.7755u 
y
 vth0_value= 239.3250m
 u0_param=  50.0491m
 ags_param= 421.9946m
 
   *** monte carlo  index = 13 ***
x

 volt         param     
             i_d_0.7    
    0.        110.5925p 
   50.00000m  566.8994p 
  100.00000m    2.8203n 
  150.00000m   13.1740n 
  200.00000m   55.7367n 
  250.00000m  208.9493n 
  300.00000m  682.9494n 
  350.00000m    1.8670u 
  400.00000m    4.1561u 
  450.00000m    7.7033u 
  500.00000m   12.4344u 
  550.00000m   18.2011u 
  600.00000m   24.8652u 
  650.00000m   32.3130u 
  700.00000m   40.4485u 
  750.00000m   49.1848u 
  800.00000m   58.4392u 
  850.00000m   68.1305u 
  900.00000m   78.1760u 
  950.00000m   88.4871u 
    1.00000    98.9642u 
y
 vth0_value= 244.4336m
 u0_param=  50.4070m
 ags_param= 420.3475m
 
   *** monte carlo  index = 14 ***
x

 volt         param     
             i_d_0.7    
    0.         83.5496p 
   50.00000m  428.9475p 
  100.00000m    2.1477n 
  150.00000m   10.1519n 
  200.00000m   43.6811n 
  250.00000m  166.8888n 
  300.00000m  558.1040n 
  350.00000m    1.5721u 
  400.00000m    3.6090u 
  450.00000m    6.8587u 
  500.00000m   11.2739u 
  550.00000m   16.7145u 
  600.00000m   23.0438u 
  650.00000m   30.1488u 
  700.00000m   37.9347u 
  750.00000m   46.3164u 
  800.00000m   55.2135u 
  850.00000m   64.5474u 
  900.00000m   74.2378u 
  950.00000m   84.1997u 
    1.00000    94.3374u 
y
 vth0_value= 251.9536m
 u0_param=  48.9755m
 ags_param= 429.6291m
 
   *** monte carlo  index = 15 ***
x

 volt         param     
             i_d_0.7    
    0.         54.5727p 
   50.00000m  280.3820p 
  100.00000m    1.4164n 
  150.00000m    6.8129n 
  200.00000m   30.0900n 
  250.00000m  118.4935n 
  300.00000m  410.3736n 
  350.00000m    1.2110u 
  400.00000m    2.9238u 
  450.00000m    5.7979u 
  500.00000m    9.8318u 
  550.00000m   14.8986u 
  600.00000m   20.8603u 
  650.00000m   27.6013u 
  700.00000m   35.0255u 
  750.00000m   43.0485u 
  800.00000m   51.5911u 
  850.00000m   60.5766u 
  900.00000m   69.9276u 
  950.00000m   79.5626u 
    1.00000    89.3913u 
y
 vth0_value= 264.1898m
 u0_param=  48.0547m
 ags_param= 414.9876m
 
   *** monte carlo  index = 16 ***
x

 volt         param     
             i_d_0.7    
    0.         91.9562p 
   50.00000m  471.8755p 
  100.00000m    2.3574n 
  150.00000m   11.0969n 
  200.00000m   47.4623n 
  250.00000m  180.1135n 
  300.00000m  597.4909n 
  350.00000m    1.6653u 
  400.00000m    3.7808u 
  450.00000m    7.1205u 
  500.00000m   11.6275u 
  550.00000m   17.1593u 
  600.00000m   23.5792u 
  650.00000m   30.7747u 
  700.00000m   38.6508u 
  750.00000m   47.1223u 
  800.00000m   56.1084u 
  850.00000m   65.5296u 
  900.00000m   75.3053u 
  950.00000m   85.3494u 
    1.00000    95.5652u 
y
 vth0_value= 249.2536m
 u0_param=  49.2628m
 ags_param= 418.0989m
 
   *** monte carlo  index = 17 ***
x

 volt         param     
             i_d_0.7    
    0.        140.3243p 
   50.00000m  717.5472p 
  100.00000m    3.5452n 
  150.00000m   16.3597n 
  200.00000m   68.0735n 
  250.00000m  250.5665n 
  300.00000m  800.5925n 
  350.00000m    2.1261u 
  400.00000m    4.5993u 
  450.00000m    8.3341u 
  500.00000m   13.2374u 
  550.00000m   19.1593u 
  600.00000m   25.9651u 
  650.00000m   33.5445u 
  700.00000m   41.8028u 
  750.00000m   50.6537u 
  800.00000m   60.0148u 
  850.00000m   69.8043u 
  900.00000m   79.9386u 
  950.00000m   90.3276u 
    1.00000   100.8689u 
y
 vth0_value= 237.2081m
 u0_param=  50.3203m
 ags_param= 420.0206m
 
   *** monte carlo  index = 18 ***
x

 volt         param     
             i_d_0.7    
    0.         39.8380p 
   50.00000m  204.4477p 
  100.00000m    1.0391n 
  150.00000m    5.0617n 
  200.00000m   22.8088n 
  250.00000m   92.0371n 
  300.00000m  327.5096n 
  350.00000m    1.0017u 
  400.00000m    2.5208u 
  450.00000m    5.1847u 
  500.00000m    9.0347u 
  550.00000m   13.9546u 
  600.00000m   19.8011u 
  650.00000m   26.4520u 
  700.00000m   33.8067u 
  750.00000m   41.7777u 
  800.00000m   50.2847u 
  850.00000m   59.2499u 
  900.00000m   68.5959u 
  950.00000m   78.2421u 
    1.00000    88.1003u 
y
 vth0_value= 274.2588m
 u0_param=  48.8811m
 ags_param= 410.2493m
 
   *** monte carlo  index = 19 ***
x

 volt         param     
             i_d_0.7    
    0.        141.9379p 
   50.00000m  725.3891p 
  100.00000m    3.5797n 
  150.00000m   16.4864n 
  200.00000m   68.4221n 
  250.00000m  251.1517n 
  300.00000m  799.7223n 
  350.00000m    2.1146u 
  400.00000m    4.5560u 
  450.00000m    8.2299u 
  500.00000m   13.0441u 
  550.00000m   18.8529u 
  600.00000m   25.5261u 
  650.00000m   32.9566u 
  700.00000m   41.0523u 
  750.00000m   49.7291u 
  800.00000m   58.9064u 
  850.00000m   68.5041u 
  900.00000m   78.4398u 
  950.00000m   88.6244u 
    1.00000    98.9563u 
y
 vth0_value= 236.0679m
 u0_param=  49.0915m
 ags_param= 427.0390m
 
   *** monte carlo  index = 20 ***
x

 volt         param     
             i_d_0.7    
    0.         50.8859p 
   50.00000m  261.4604p 
  100.00000m    1.3232n 
  150.00000m    6.3870n 
  200.00000m   28.3642n 
  250.00000m  112.4283n 
  300.00000m  392.2078n 
  350.00000m    1.1685u 
  400.00000m    2.8523u 
  450.00000m    5.7095u 
  500.00000m    9.7491u 
  550.00000m   14.8442u 
  600.00000m   20.8530u 
  650.00000m   27.6563u 
  700.00000m   35.1555u 
  750.00000m   43.2642u 
  800.00000m   51.9018u 
  850.00000m   60.9904u 
  900.00000m   70.4518u 
  950.00000m   80.2040u 
    1.00000    90.1566u 
y
 vth0_value= 266.8860m
 u0_param=  48.9370m
 ags_param= 405.5934m
 
   *** monte carlo  index = 21 ***
x

 volt         param     
             i_d_0.7    
    0.        128.3859p 
   50.00000m  657.0690p 
  100.00000m    3.2542n 
  150.00000m   15.0807n 
  200.00000m   63.1109n 
  250.00000m  233.7668n 
  300.00000m  752.8409n 
  350.00000m    2.0194u 
  400.00000m    4.4114u 
  450.00000m    8.0553u 
  500.00000m   12.8651u 
  550.00000m   18.6925u 
  600.00000m   25.4030u 
  650.00000m   32.8859u 
  700.00000m   41.0469u 
  750.00000m   49.8002u 
  800.00000m   59.0638u 
  850.00000m   68.7567u 
  900.00000m   78.7959u 
  950.00000m   89.0924u 
    1.00000    99.5449u 
y
 vth0_value= 239.6633m
 u0_param=  49.9728m
 ags_param= 423.6808m
 
   *** monte carlo  index = 22 ***
x

 volt         param     
             i_d_0.7    
    0.        106.4863p 
   50.00000m  545.9101p 
  100.00000m    2.7175n 
  150.00000m   12.7083n 
  200.00000m   53.8522n 
  250.00000m  202.2506n 
  300.00000m  662.5488n 
  350.00000m    1.8166u 
  400.00000m    4.0559u 
  450.00000m    7.5357u 
  500.00000m   12.1858u 
  550.00000m   17.8602u 
  600.00000m   24.4228u 
  650.00000m   31.7616u 
  700.00000m   39.7815u 
  750.00000m   48.3967u 
  800.00000m   57.5259u 
  850.00000m   67.0888u 
  900.00000m   77.0035u 
  950.00000m   87.1824u 
    1.00000    97.5269u 
y
 vth0_value= 245.1257m
 u0_param=  49.7099m
 ags_param= 423.1849m
 
   *** monte carlo  index = 23 ***
x

 volt         param     
             i_d_0.7    
    0.         89.3198p 
   50.00000m  458.5406p 
  100.00000m    2.2935n 
  150.00000m   10.8196n 
  200.00000m   46.4197n 
  250.00000m  176.7626n 
  300.00000m  588.7440n 
  350.00000m    1.6496u 
  400.00000m    3.7657u 
  450.00000m    7.1233u 
  500.00000m   11.6685u 
  550.00000m   17.2566u 
  600.00000m   23.7477u 
  650.00000m   31.0266u 
  700.00000m   38.9964u 
  750.00000m   47.5703u 
  800.00000m   56.6663u 
  850.00000m   66.2039u 
  900.00000m   76.1015u 
  950.00000m   86.2726u 
    1.00000    96.6199u 
y
 vth0_value= 250.6569m
 u0_param=  50.0791m
 ags_param= 418.3521m
 
   *** monte carlo  index = 24 ***
x

 volt         param     
             i_d_0.7    
    0.         82.6507p 
   50.00000m  424.3219p 
  100.00000m    2.1248n 
  150.00000m   10.0455n 
  200.00000m   43.2368n 
  250.00000m  165.2517n 
  300.00000m  552.8764n 
  350.00000m    1.5583u 
  400.00000m    3.5795u 
  450.00000m    6.8063u 
  500.00000m   11.1921u 
  550.00000m   16.5980u 
  600.00000m   22.8880u 
  650.00000m   29.9499u 
  700.00000m   37.6894u 
  750.00000m   46.0217u 
  800.00000m   54.8672u 
  850.00000m   64.1473u 
  900.00000m   73.7825u 
  950.00000m   83.6880u 
    1.00000    93.7686u 
y
 vth0_value= 252.0910m
 u0_param=  48.6888m
 ags_param= 419.1840m
 
   *** monte carlo  index = 25 ***
x

 volt         param     
             i_d_0.7    
    0.        202.9634p 
   50.00000m    1.0333n 
  100.00000m    5.0507n 
  150.00000m   22.8854n 
  200.00000m   92.9858n 
  250.00000m  333.4046n 
  300.00000m    1.0300u 
  350.00000m    2.6239u 
  400.00000m    5.4582u 
  450.00000m    9.5952u 
  500.00000m   14.9150u 
  550.00000m   21.2616u 
  600.00000m   28.5003u 
  650.00000m   36.5203u 
  700.00000m   45.2255u 
  750.00000m   54.5273u 
  800.00000m   64.3405u 
  850.00000m   74.5804u 
  900.00000m   85.1596u 
  950.00000m   95.9835u 
    1.00000   106.9441u 
y
 vth0_value= 227.1532m
 u0_param=  52.0176m
 ags_param= 425.0470m
 
   *** monte carlo  index = 26 ***
x

 volt         param     
             i_d_0.7    
    0.         65.3713p 
   50.00000m  335.9035p 
  100.00000m    1.6912n 
  150.00000m    8.0795n 
  200.00000m   35.3155n 
  250.00000m  137.3821n 
  300.00000m  469.1893n 
  350.00000m    1.3590u 
  400.00000m    3.2142u 
  450.00000m    6.2623u 
  500.00000m   10.4817u 
  550.00000m   15.7385u 
  600.00000m   21.8936u 
  650.00000m   28.8317u 
  700.00000m   36.4564u 
  750.00000m   44.6823u 
  800.00000m   53.4295u 
  850.00000m   62.6196u 
  900.00000m   72.1738u 
  950.00000m   82.0088u 
    1.00000    92.0313u 
y
 vth0_value= 259.2312m
 u0_param=  48.7965m
 ags_param= 427.3644m
 
   *** monte carlo  index = 27 ***
x

 volt         param     
             i_d_0.7    
    0.        108.6658p 
   50.00000m  557.1408p 
  100.00000m    2.7733n 
  150.00000m   12.9687n 
  200.00000m   54.9488n 
  250.00000m  206.3311n 
  300.00000m  675.7265n 
  350.00000m    1.8520u 
  400.00000m    4.1334u 
  450.00000m    7.6769u 
  500.00000m   12.4103u 
  550.00000m   18.1846u 
  600.00000m   24.8607u 
  650.00000m   32.3244u 
  700.00000m   40.4792u 
  750.00000m   49.2376u 
  800.00000m   58.5169u 
  850.00000m   68.2356u 
  900.00000m   78.3106u 
  950.00000m   88.6533u 
    1.00000    99.1638u 
y
 vth0_value= 245.0852m
 u0_param=  50.5997m
 ags_param= 437.1656m
 
   *** monte carlo  index = 28 ***
x

 volt         param     
             i_d_0.7    
    0.        210.6063p 
   50.00000m    1.0709n 
  100.00000m    5.2208n 
  150.00000m   23.5570n 
  200.00000m   95.2168n 
  250.00000m  339.4946n 
  300.00000m    1.0413u 
  350.00000m    2.6297u 
  400.00000m    5.4277u 
  450.00000m    9.4863u 
  500.00000m   14.6869u 
  550.00000m   20.8802u 
  600.00000m   27.9377u 
  650.00000m   35.7533u 
  700.00000m   44.2343u 
  750.00000m   53.2954u 
  800.00000m   62.8537u 
  850.00000m   72.8266u 
  900.00000m   83.1285u 
  950.00000m   93.6661u 
    1.00000   104.3320u 
y
 vth0_value= 224.9384m
 u0_param=  50.2732m
 ags_param= 423.9283m
 
   *** monte carlo  index = 29 ***
x

 volt         param     
             i_d_0.7    
    0.         52.0518p 
   50.00000m  267.4120p 
  100.00000m    1.3522n 
  150.00000m    6.5163n 
  200.00000m   28.8655n 
  250.00000m  114.0739n 
  300.00000m  396.6430n 
  350.00000m    1.1766u 
  400.00000m    2.8580u 
  450.00000m    5.6968u 
  500.00000m    9.6974u 
  550.00000m   14.7345u 
  600.00000m   20.6696u 
  650.00000m   27.3862u 
  700.00000m   34.7881u 
  750.00000m   42.7905u 
  800.00000m   51.3142u 
  850.00000m   60.2824u 
  900.00000m   69.6179u 
  950.00000m   79.2395u 
    1.00000    89.0572u 
y
 vth0_value= 265.6367m
 u0_param=  48.0817m
 ags_param= 416.9105m
 
   *** monte carlo  index = 30 ***
x

 volt         param     
             i_d_0.7    
    0.         55.1927p 
   50.00000m  283.6374p 
  100.00000m    1.4332n 
  150.00000m    6.8966n 
  200.00000m   30.4784n 
  250.00000m  120.1060n 
  300.00000m  416.2509n 
  350.00000m    1.2294u 
  400.00000m    2.9713u 
  450.00000m    5.8970u 
  500.00000m   10.0052u 
  550.00000m   15.1663u 
  600.00000m   21.2386u 
  650.00000m   28.1038u 
  700.00000m   35.6637u 
  750.00000m   43.8320u 
  800.00000m   52.5280u 
  850.00000m   61.6736u 
  900.00000m   71.1900u 
  950.00000m   80.9948u 
    1.00000    90.9965u 
y
 vth0_value= 264.4992m
 u0_param=  49.0408m
 ags_param= 414.5254m
 
   *** monte carlo  index = 31 ***
x

 volt         param     
             i_d_0.7    
    0.        214.2382p 
   50.00000m    1.0895n 
  100.00000m    5.3118n 
  150.00000m   23.9710n 
  200.00000m   96.9023n 
  250.00000m  345.5290n 
  300.00000m    1.0598u 
  350.00000m    2.6767u 
  400.00000m    5.5247u 
  450.00000m    9.6553u 
  500.00000m   14.9470u 
  550.00000m   21.2473u 
  600.00000m   28.4248u 
  650.00000m   36.3713u 
  700.00000m   44.9925u 
  750.00000m   54.2013u 
  800.00000m   63.9136u 
  850.00000m   74.0457u 
  900.00000m   84.5107u 
  950.00000m   95.2144u 
    1.00000   106.0487u 
y
 vth0_value= 225.0124m
 u0_param=  51.2007m
 ags_param= 422.1839m
 
   *** monte carlo  index = 32 ***
x

 volt         param     
             i_d_0.7    
    0.         93.5535p 
   50.00000m  479.9658p 
  100.00000m    2.3963n 
  150.00000m   11.2667n 
  200.00000m   48.1085n 
  250.00000m  182.2307n 
  300.00000m  603.2004n 
  350.00000m    1.6764u 
  400.00000m    3.7950u 
  450.00000m    7.1305u 
  500.00000m   11.6243u 
  550.00000m   17.1350u 
  600.00000m   23.5273u 
  650.00000m   30.6899u 
  700.00000m   38.5287u 
  750.00000m   46.9591u 
  800.00000m   55.9008u 
  850.00000m   65.2749u 
  900.00000m   75.0011u 
  950.00000m   84.9934u 
    1.00000    95.1553u 
y
 vth0_value= 248.5045m
 u0_param=  48.9106m
 ags_param= 422.5508m
 
   *** monte carlo  index = 33 ***
x

 volt         param     
             i_d_0.7    
    0.        105.5956p 
   50.00000m  541.4209p 
  100.00000m    2.6961n 
  150.00000m   12.6167n 
  200.00000m   53.5127n 
  250.00000m  201.1762n 
  300.00000m  659.8182n 
  350.00000m    1.8119u 
  400.00000m    4.0517u 
  450.00000m    7.5373u 
  500.00000m   12.1990u 
  550.00000m   17.8903u 
  600.00000m   24.4740u 
  650.00000m   31.8373u 
  700.00000m   39.8847u 
  750.00000m   48.5300u 
  800.00000m   57.6914u 
  850.00000m   67.2883u 
  900.00000m   77.2386u 
  950.00000m   87.4546u 
    1.00000    97.8374u 
y
 vth0_value= 245.5313m
 u0_param=  49.9468m
 ags_param= 423.3570m
 
   *** monte carlo  index = 34 ***
x

 volt         param     
             i_d_0.7    
    0.         65.0498p 
   50.00000m  334.2503p 
  100.00000m    1.6830n 
  150.00000m    8.0418n 
  200.00000m   35.1595n 
  250.00000m  136.8155n 
  300.00000m  467.4115n 
  350.00000m    1.3544u 
  400.00000m    3.2050u 
  450.00000m    6.2468u 
  500.00000m   10.4589u 
  550.00000m   15.7073u 
  600.00000m   21.8531u 
  650.00000m   28.7810u 
  700.00000m   36.3946u 
  750.00000m   44.6086u 
  800.00000m   53.3431u 
  850.00000m   62.5199u 
  900.00000m   72.0602u 
  950.00000m   81.8808u 
    1.00000    91.8890u 
y
 vth0_value= 259.3511m
 u0_param=  48.7525m
 ags_param= 412.2984m
 
   *** monte carlo  index = 35 ***
x

 volt         param     
             i_d_0.7    
    0.        270.6881p 
   50.00000m    1.3707n 
  100.00000m    6.6227n 
  150.00000m   29.4567n 
  200.00000m  116.9801n 
  250.00000m  408.9995n 
  300.00000m    1.2224u 
  350.00000m    2.9954u 
  400.00000m    6.0180u 
  450.00000m   10.3070u 
  500.00000m   15.7313u 
  550.00000m   22.1417u 
  600.00000m   29.4117u 
  650.00000m   37.4366u 
  700.00000m   46.1240u 
  750.00000m   55.3879u 
  800.00000m   65.1446u 
  850.00000m   75.3103u 
  900.00000m   85.7973u 
  950.00000m   96.5097u 
    1.00000   107.3366u 
y
 vth0_value= 217.6458m
 u0_param=  50.7204m
 ags_param= 430.9774m
 
   *** monte carlo  index = 36 ***
x

 volt         param     
             i_d_0.7    
    0.         63.5607p 
   50.00000m  326.6455p 
  100.00000m    1.6459n 
  150.00000m    7.8751n 
  200.00000m   34.5014n 
  250.00000m  134.5734n 
  300.00000m  460.9875n 
  350.00000m    1.3406u 
  400.00000m    3.1846u 
  450.00000m    6.2275u 
  500.00000m   10.4515u 
  550.00000m   15.7221u 
  600.00000m   21.8986u 
  650.00000m   28.8642u 
  700.00000m   36.5215u 
  750.00000m   44.7842u 
  800.00000m   53.5718u 
  850.00000m   62.8056u 
  900.00000m   72.4062u 
  950.00000m   82.2902u 
    1.00000    92.3647u 
y
 vth0_value= 260.3254m
 u0_param=  49.1741m
 ags_param= 417.2258m
 
   *** monte carlo  index = 37 ***
x

 volt         param     
             i_d_0.7    
    0.         64.1023p 
   50.00000m  329.4653p 
  100.00000m    1.6602n 
  150.00000m    7.9443n 
  200.00000m   34.8085n 
  250.00000m  135.7863n 
  300.00000m  465.1860n 
  350.00000m    1.3530u 
  400.00000m    3.2144u 
  450.00000m    6.2862u 
  500.00000m   10.5503u 
  550.00000m   15.8705u 
  600.00000m   22.1046u 
  650.00000m   29.1343u 
  700.00000m   36.8613u 
  750.00000m   45.1986u 
  800.00000m   54.0646u 
  850.00000m   63.3801u 
  900.00000m   73.0651u 
  950.00000m   83.0356u 
    1.00000    93.1979u 
y
 vth0_value= 260.3857m
 u0_param=  49.6621m
 ags_param= 421.0989m
 
   *** monte carlo  index = 38 ***
x

 volt         param     
             i_d_0.7    
    0.         84.0613p 
   50.00000m  431.6922p 
  100.00000m    2.1624n 
  150.00000m   10.2293n 
  200.00000m   44.0627n 
  250.00000m  168.5461n 
  300.00000m  564.3868n 
  350.00000m    1.5925u 
  400.00000m    3.6623u 
  450.00000m    6.9697u 
  500.00000m   11.4670u 
  550.00000m   17.0105u 
  600.00000m   23.4598u 
  650.00000m   30.6989u 
  700.00000m   38.6307u 
  750.00000m   47.1680u 
  800.00000m   56.2290u 
  850.00000m   65.7334u 
  900.00000m   75.5998u 
  950.00000m   85.7421u 
    1.00000    96.0638u 
y
 vth0_value= 252.4674m
 u0_param=  50.0527m
 ags_param= 417.2582m
 
   *** monte carlo  index = 39 ***
x

 volt         param     
             i_d_0.7    
    0.         45.4438p 
   50.00000m  233.3417p 
  100.00000m    1.1827n 
  150.00000m    5.7278n 
  200.00000m   25.5713n 
  250.00000m  102.0123n 
  300.00000m  358.4724n 
  350.00000m    1.0784u 
  400.00000m    2.6619u 
  450.00000m    5.3813u 
  500.00000m    9.2573u 
  550.00000m   14.1704u 
  600.00000m   19.9824u 
  650.00000m   26.5762u 
  700.00000m   33.8552u 
  750.00000m   41.7348u 
  800.00000m   50.1364u 
  850.00000m   58.9839u 
  900.00000m   68.2009u 
  950.00000m   77.7074u 
    1.00000    87.4150u 
y
 vth0_value= 269.5016m
 u0_param=  47.7209m
 ags_param= 413.4739m
 
   *** monte carlo  index = 40 ***
x

 volt         param     
             i_d_0.7    
    0.        116.8291p 
   50.00000m  598.2327p 
  100.00000m    2.9684n 
  150.00000m   13.8027n 
  200.00000m   58.0313n 
  250.00000m  216.0712n 
  300.00000m  700.4132n 
  350.00000m    1.8945u 
  400.00000m    4.1731u 
  450.00000m    7.6708u 
  500.00000m   12.3102u 
  550.00000m   17.9482u 
  600.00000m   24.4533u 
  650.00000m   31.7173u 
  700.00000m   39.6482u 
  750.00000m   48.1621u 
  800.00000m   57.1790u 
  850.00000m   66.6200u 
  900.00000m   76.4038u 
  950.00000m   86.4435u 
    1.00000    96.6398u 
y
 vth0_value= 241.6579m
 u0_param=  48.6752m
 ags_param= 429.6083m
 
   *** monte carlo  index = 41 ***
x

 volt         param     
             i_d_0.7    
    0.         67.6586p 
   50.00000m  347.6658p 
  100.00000m    1.7494n 
  150.00000m    8.3485n 
  200.00000m   36.4294n 
  250.00000m  141.4350n 
  300.00000m  481.9144n 
  350.00000m    1.3915u 
  400.00000m    3.2801u 
  450.00000m    6.3722u 
  500.00000m   10.6429u 
  550.00000m   15.9560u 
  600.00000m   22.1715u 
  650.00000m   29.1732u 
  700.00000m   36.8644u 
  750.00000m   45.1589u 
  800.00000m   53.9761u 
  850.00000m   63.2373u 
  900.00000m   72.8631u 
  950.00000m   82.7694u 
    1.00000    92.8630u 
y
 vth0_value= 258.4408m
 u0_param=  49.1736m
 ags_param= 410.4518m
 
   *** monte carlo  index = 42 ***
x

 volt         param     
             i_d_0.7    
    0.        104.1693p 
   50.00000m  534.1932p 
  100.00000m    2.6614n 
  150.00000m   12.4643n 
  200.00000m   52.9267n 
  250.00000m  199.2252n 
  300.00000m  654.4168n 
  350.00000m    1.8006u 
  400.00000m    4.0346u 
  450.00000m    7.5174u 
  500.00000m   12.1806u 
  550.00000m   17.8772u 
  600.00000m   24.4693u 
  650.00000m   31.8435u 
  700.00000m   39.9039u 
  750.00000m   48.5639u 
  800.00000m   57.7416u 
  850.00000m   67.3561u 
  900.00000m   77.3253u 
  950.00000m   87.5614u 
    1.00000    97.9656u 
y
 vth0_value= 246.0419m
 u0_param=  50.1043m
 ags_param= 419.4142m
 
   *** monte carlo  index = 43 ***
x

 volt         param     
             i_d_0.7    
    0.         62.6679p 
   50.00000m  322.0595p 
  100.00000m    1.6232n 
  150.00000m    7.7711n 
  200.00000m   34.0747n 
  250.00000m  133.0413n 
  300.00000m  456.2592n 
  350.00000m    1.3289u 
  400.00000m    3.1620u 
  450.00000m    6.1921u 
  500.00000m   10.4030u 
  550.00000m   15.6606u 
  600.00000m   21.8242u 
  650.00000m   28.7770u 
  700.00000m   36.4214u 
  750.00000m   44.6714u 
  800.00000m   53.4462u 
  850.00000m   62.6674u 
  900.00000m   72.2558u 
  950.00000m   82.1279u 
    1.00000    92.1909u 
y
 vth0_value= 260.7292m
 u0_param=  49.1389m
 ags_param= 415.9113m
 
   *** monte carlo  index = 44 ***
x

 volt         param     
             i_d_0.7    
    0.         22.2398p 
   50.00000m  113.1246p 
  100.00000m  579.0134p 
  150.00000m    2.8709n 
  200.00000m   13.3322n 
  250.00000m   55.9547n 
  300.00000m  207.9224n 
  350.00000m  672.2127n 
  400.00000m    1.8117u 
  450.00000m    3.9753u 
  500.00000m    7.2831u 
  550.00000m   11.6571u 
  600.00000m   16.9603u 
  650.00000m   23.0682u 
  700.00000m   29.8787u 
  750.00000m   37.3052u 
  800.00000m   45.2691u 
  850.00000m   53.6958u 
  900.00000m   62.5114u 
  950.00000m   71.6401u 
    1.00000    81.0001u 
y
 vth0_value= 290.9051m
 u0_param=  47.1684m
 ags_param= 412.9749m
 
   *** monte carlo  index = 45 ***
x

 volt         param     
             i_d_0.7    
    0.         67.5231p 
   50.00000m  347.0915p 
  100.00000m    1.7478n 
  150.00000m    8.3518n 
  200.00000m   36.5158n 
  250.00000m  142.0850n 
  300.00000m  485.3181n 
  350.00000m    1.4059u 
  400.00000m    3.3256u 
  450.00000m    6.4794u 
  500.00000m   10.8441u 
  550.00000m   16.2797u 
  600.00000m   22.6414u 
  650.00000m   29.8091u 
  700.00000m   37.6829u 
  750.00000m   46.1743u 
  800.00000m   55.2004u 
  850.00000m   64.6808u 
  900.00000m   74.5341u 
  950.00000m   84.6751u 
    1.00000    95.0088u 
y
 vth0_value= 259.3793m
 u0_param=  50.5410m
 ags_param= 430.0638m
 
   *** monte carlo  index = 46 ***
x

 volt         param     
             i_d_0.7    
    0.        182.2510p 
   50.00000m  928.2971p 
  100.00000m    4.5439n 
  150.00000m   20.6409n 
  200.00000m   84.1434n 
  250.00000m  302.8585n 
  300.00000m  940.4372n 
  350.00000m    2.4107u 
  400.00000m    5.0442u 
  450.00000m    8.9087u 
  500.00000m   13.8960u 
  550.00000m   19.8609u 
  600.00000m   26.6767u 
  650.00000m   34.2392u 
  700.00000m   42.4578u 
  750.00000m   51.2488u 
  800.00000m   60.5314u 
  850.00000m   70.2253u 
  900.00000m   80.2468u 
  950.00000m   90.5052u 
    1.00000   100.8961u 
y
 vth0_value= 228.4717m
 u0_param=  48.9990m
 ags_param= 414.6133m
 
   *** monte carlo  index = 47 ***
x

 volt         param     
             i_d_0.7    
    0.         20.8137p 
   50.00000m  105.7156p 
  100.00000m  541.6377p 
  150.00000m    2.6926n 
  200.00000m   12.5629n 
  250.00000m   53.0631n 
  300.00000m  198.5569n 
  350.00000m  647.4301n 
  400.00000m    1.7641u 
  450.00000m    3.9131u 
  500.00000m    7.2307u 
  550.00000m   11.6433u 
  600.00000m   17.0108u 
  650.00000m   23.2039u 
  700.00000m   30.1169u 
  750.00000m   37.6604u 
  800.00000m   45.7539u 
  850.00000m   54.3210u 
  900.00000m   63.2866u 
  950.00000m   72.5738u 
    1.00000    82.0999u 
y
 vth0_value= 293.7068m
 u0_param=  48.3070m
 ags_param= 413.4605m
 
   *** monte carlo  index = 48 ***
x

 volt         param     
             i_d_0.7    
    0.         91.8730p 
   50.00000m  471.3212p 
  100.00000m    2.3534n 
  150.00000m   11.0683n 
  200.00000m   47.2805n 
  250.00000m  179.1809n 
  300.00000m  593.4723n 
  350.00000m    1.6508u 
  400.00000m    3.7401u 
  450.00000m    7.0322u 
  500.00000m   11.4704u 
  550.00000m   16.9151u 
  600.00000m   23.2328u 
  650.00000m   30.3135u 
  700.00000m   38.0641u 
  750.00000m   46.4011u 
  800.00000m   55.2450u 
  850.00000m   64.5177u 
  900.00000m   74.1396u 
  950.00000m   84.0258u 
    1.00000    94.0801u 
y
 vth0_value= 248.6788m
 u0_param=  48.3480m
 ags_param= 413.1238m
 
   *** monte carlo  index = 49 ***
x

 volt         param     
             i_d_0.7    
    0.         68.0960p 
   50.00000m  349.9182p 
  100.00000m    1.7606n 
  150.00000m    8.4004n 
  200.00000m   36.6463n 
  250.00000m  142.2330n 
  300.00000m  484.4598n 
  350.00000m    1.3982u 
  400.00000m    3.2941u 
  450.00000m    6.3968u 
  500.00000m   10.6805u 
  550.00000m   16.0089u 
  600.00000m   22.2416u 
  650.00000m   29.2622u 
  700.00000m   36.9738u 
  750.00000m   45.2901u 
  800.00000m   54.1303u 
  850.00000m   63.4155u 
  900.00000m   73.0661u 
  950.00000m   82.9979u 
    1.00000    93.1172u 
y
 vth0_value= 258.3180m
 u0_param=  49.2834m
 ags_param= 423.8507m
 
   *** monte carlo  index = 50 ***
x

 volt         param     
             i_d_0.7    
    0.         72.2238p 
   50.00000m  371.0613p 
  100.00000m    1.8645n 
  150.00000m    8.8728n 
  200.00000m   38.5570n 
  250.00000m  148.9795n 
  300.00000m  504.8139n 
  350.00000m    1.4470u 
  400.00000m    3.3836u 
  450.00000m    6.5296u 
  500.00000m   10.8525u 
  550.00000m   16.2147u 
  600.00000m   22.4765u 
  650.00000m   29.5226u 
  700.00000m   37.2565u 
  750.00000m   45.5923u 
  800.00000m   54.4493u 
  850.00000m   63.7485u 
  900.00000m   73.4103u 
  950.00000m   83.3502u 
    1.00000    93.4742u 
y
 vth0_value= 256.5020m
 u0_param=  49.2190m
 ags_param= 411.1463m
 
   *** monte carlo  index = 51 ***
x

 volt         param     
             i_d_0.7    
    0.         97.3714p 
   50.00000m  499.5573p 
  100.00000m    2.4929n 
  150.00000m   11.7105n 
  200.00000m   49.9377n 
  250.00000m  188.8699n 
  300.00000m  623.9803n 
  350.00000m    1.7298u 
  400.00000m    3.9056u 
  450.00000m    7.3222u 
  500.00000m   11.9172u 
  550.00000m   17.5452u 
  600.00000m   24.0681u 
  650.00000m   31.3724u 
  700.00000m   39.3620u 
  750.00000m   47.9507u 
  800.00000m   57.0568u 
  850.00000m   66.6000u 
  900.00000m   76.4987u 
  950.00000m   86.6659u 
    1.00000    97.0039u 
y
 vth0_value= 247.9302m
 u0_param=  49.8803m
 ags_param= 406.1876m
 
   *** monte carlo  index = 52 ***
x

 volt         param     
             i_d_0.7    
    0.         94.8909p 
   50.00000m  486.9141p 
  100.00000m    2.4314n 
  150.00000m   11.4349n 
  200.00000m   48.8444n 
  250.00000m  185.0832n 
  300.00000m  612.8587n 
  350.00000m    1.7040u 
  400.00000m    3.8592u 
  450.00000m    7.2532u 
  500.00000m   11.8261u 
  550.00000m   17.4332u 
  600.00000m   23.9361u 
  650.00000m   31.2212u 
  700.00000m   39.1924u 
  750.00000m   47.7634u 
  800.00000m   56.8526u 
  850.00000m   66.3799u 
  900.00000m   76.2636u 
  950.00000m   86.4171u 
    1.00000    96.7426u 
y
 vth0_value= 248.6797m
 u0_param=  49.8375m
 ags_param= 416.6961m
 
   *** monte carlo  index = 53 ***
x

 volt         param     
             i_d_0.7    
    0.         58.5089p 
   50.00000m  300.6796p 
  100.00000m    1.5175n 
  150.00000m    7.2839n 
  200.00000m   32.0673n 
  250.00000m  125.7984n 
  300.00000m  433.7639n 
  350.00000m    1.2725u 
  400.00000m    3.0522u 
  450.00000m    6.0183u 
  500.00000m   10.1622u 
  550.00000m   15.3528u 
  600.00000m   21.4496u 
  650.00000m   28.3353u 
  700.00000m   35.9126u 
  750.00000m   44.0956u 
  800.00000m   52.8040u 
  850.00000m   61.9595u 
  900.00000m   71.4835u 
  950.00000m   81.2932u 
    1.00000    91.2965u 
y
 vth0_value= 262.6518m
 u0_param=  48.9098m
 ags_param= 425.7453m
 
   *** monte carlo  index = 54 ***
x

 volt         param     
             i_d_0.7    
    0.         17.1939p 
   50.00000m   86.8267p 
  100.00000m  445.3937p 
  150.00000m    2.2245n 
  200.00000m   10.4671n 
  250.00000m   44.7437n 
  300.00000m  169.6857n 
  350.00000m  562.3885n 
  400.00000m    1.5653u 
  450.00000m    3.5478u 
  500.00000m    6.6710u 
  550.00000m   10.8781u 
  600.00000m   16.0340u 
  650.00000m   22.0103u 
  700.00000m   28.7014u 
  750.00000m   36.0186u 
  800.00000m   43.8827u 
  850.00000m   52.2186u 
  900.00000m   60.9529u 
  950.00000m   70.0104u 
    1.00000    79.3111u 
y
 vth0_value= 299.0068m
 u0_param=  47.3913m
 ags_param= 407.8914m
 
   *** monte carlo  index = 55 ***
x

 volt         param     
             i_d_0.7    
    0.         87.7185p 
   50.00000m  450.4741p 
  100.00000m    2.2552n 
  150.00000m   10.6563n 
  200.00000m   45.8260n 
  250.00000m  174.9553n 
  300.00000m  584.4855n 
  350.00000m    1.6442u 
  400.00000m    3.7687u 
  450.00000m    7.1528u 
  500.00000m   11.7442u 
  550.00000m   17.3961u 
  600.00000m   23.9654u 
  650.00000m   31.3343u 
  700.00000m   39.4040u 
  750.00000m   48.0861u 
  800.00000m   57.2973u 
  850.00000m   66.9563u 
  900.00000m   76.9803u 
  950.00000m   87.2822u 
    1.00000    97.7644u 
y
 vth0_value= 251.7270m
 u0_param=  50.9071m
 ags_param= 415.0889m
 
   *** monte carlo  index = 56 ***
x

 volt         param     
             i_d_0.7    
    0.        103.0286p 
   50.00000m  528.3281p 
  100.00000m    2.6323n 
  150.00000m   12.3299n 
  200.00000m   52.3667n 
  250.00000m  197.1657n 
  300.00000m  647.8587n 
  350.00000m    1.7833u 
  400.00000m    3.9975u 
  450.00000m    7.4511u 
  500.00000m   12.0764u 
  550.00000m   17.7281u 
  600.00000m   24.2692u 
  650.00000m   31.5874u 
  700.00000m   39.5873u 
  750.00000m   48.1832u 
  800.00000m   57.2935u 
  850.00000m   66.8381u 
  900.00000m   76.7353u 
  950.00000m   86.8979u 
    1.00000    97.2276u 
y
 vth0_value= 246.1263m
 u0_param=  49.7200m
 ags_param= 407.7963m
 
   *** monte carlo  index = 57 ***
x

 volt         param     
             i_d_0.7    
    0.         78.0208p 
   50.00000m  400.7667p 
  100.00000m    2.0106n 
  150.00000m    9.5389n 
  200.00000m   41.2649n 
  250.00000m  158.6181n 
  300.00000m  534.2232n 
  350.00000m    1.5190u 
  400.00000m    3.5216u 
  450.00000m    6.7472u 
  500.00000m   11.1555u 
  550.00000m   16.6058u 
  600.00000m   22.9584u 
  650.00000m   30.0977u 
  700.00000m   37.9270u 
  750.00000m   46.3598u 
  800.00000m   55.3150u 
  850.00000m   64.7129u 
  900.00000m   74.4730u 
  950.00000m   84.5102u 
    1.00000    94.7289u 
y
 vth0_value= 254.4207m
 u0_param=  49.5971m
 ags_param= 420.2528m
 
   *** monte carlo  index = 58 ***
x

 volt         param     
             i_d_0.7    
    0.        102.6563p 
   50.00000m  526.4206p 
  100.00000m    2.6229n 
  150.00000m   12.2870n 
  200.00000m   52.1913n 
  250.00000m  196.5348n 
  300.00000m  645.9118n 
  350.00000m    1.7784u 
  400.00000m    3.9876u 
  450.00000m    7.4344u 
  500.00000m   12.0516u 
  550.00000m   17.6943u 
  600.00000m   24.2258u 
  650.00000m   31.5339u 
  700.00000m   39.5237u 
  750.00000m   48.1094u 
  800.00000m   57.2097u 
  850.00000m   66.7444u 
  900.00000m   76.6319u 
  950.00000m   86.7850u 
    1.00000    97.1054u 
y
 vth0_value= 246.1806m
 u0_param=  49.6354m
 ags_param= 426.4445m
 
   *** monte carlo  index = 59 ***
x

 volt         param     
             i_d_0.7    
    0.         61.2680p 
   50.00000m  314.8825p 
  100.00000m    1.5879n 
  150.00000m    7.6102n 
  200.00000m   33.4232n 
  250.00000m  130.7446n 
  300.00000m  449.3488n 
  350.00000m    1.3125u 
  400.00000m    3.1329u 
  450.00000m    6.1517u 
  500.00000m   10.3555u 
  550.00000m   15.6106u 
  600.00000m   21.7757u 
  650.00000m   28.7331u 
  700.00000m   36.3849u 
  750.00000m   44.6446u 
  800.00000m   53.4314u 
  850.00000m   62.6665u 
  900.00000m   72.2706u 
  950.00000m   82.1603u 
    1.00000    92.2428u 
y
 vth0_value= 261.5026m
 u0_param=  49.2799m
 ags_param= 424.8036m
 
   *** monte carlo  index = 60 ***
x

 volt         param     
             i_d_0.7    
    0.         69.0695p 
   50.00000m  354.9658p 
  100.00000m    1.7860n 
  150.00000m    8.5213n 
  200.00000m   37.1714n 
  250.00000m  144.2554n 
  300.00000m  491.2627n 
  350.00000m    1.4175u 
  400.00000m    3.3386u 
  450.00000m    6.4814u 
  500.00000m   10.8192u 
  550.00000m   16.2133u 
  600.00000m   22.5213u 
  650.00000m   29.6253u 
  700.00000m   37.4269u 
  750.00000m   45.8388u 
  800.00000m   54.7791u 
  850.00000m   64.1682u 
  900.00000m   73.9256u 
  950.00000m   83.9665u 
    1.00000    94.1963u 
y
 vth0_value= 258.2937m
 u0_param=  49.9086m
 ags_param= 419.3467m
 
   *** monte carlo  index = 61 ***
x

 volt         param     
             i_d_0.7    
    0.         71.7920p 
   50.00000m  368.8898p 
  100.00000m    1.8542n 
  150.00000m    8.8296n 
  200.00000m   38.4058n 
  250.00000m  148.5541n 
  300.00000m  503.9836n 
  350.00000m    1.4469u 
  400.00000m    3.3893u 
  450.00000m    6.5499u 
  500.00000m   10.8973u 
  550.00000m   16.2927u 
  600.00000m   22.5952u 
  650.00000m   29.6882u 
  700.00000m   37.4740u 
  750.00000m   45.8662u 
  800.00000m   54.7834u 
  850.00000m   64.1460u 
  900.00000m   73.8740u 
  950.00000m   83.8824u 
    1.00000    94.0768u 
y
 vth0_value= 256.9472m
 u0_param=  49.6269m
 ags_param= 417.7555m
 
   *** monte carlo  index = 62 ***
x

 volt         param     
             i_d_0.7    
    0.        126.0685p 
   50.00000m  645.3202p 
  100.00000m    3.1976n 
  150.00000m   14.8314n 
  200.00000m   62.1415n 
  250.00000m  230.4788n 
  300.00000m  743.4716n 
  350.00000m    1.9984u 
  400.00000m    4.3746u 
  450.00000m    8.0012u 
  500.00000m   12.7936u 
  550.00000m   18.6040u 
  600.00000m   25.2977u 
  650.00000m   32.7641u 
  700.00000m   40.9089u 
  750.00000m   49.6461u 
  800.00000m   58.8940u 
  850.00000m   68.5718u 
  900.00000m   78.5964u 
  950.00000m   88.8790u 
    1.00000    99.3186u 
y
 vth0_value= 240.1779m
 u0_param=  49.9200m
 ags_param= 430.0093m
 
   *** monte carlo  index = 63 ***
x

 volt         param     
             i_d_0.7    
    0.        135.8652p 
   50.00000m  695.1806p 
  100.00000m    3.4397n 
  150.00000m   15.9131n 
  200.00000m   66.4385n 
  250.00000m  245.4413n 
  300.00000m  787.7697n 
  350.00000m    2.1040u 
  400.00000m    4.5767u 
  450.00000m    8.3286u 
  500.00000m   13.2682u 
  550.00000m   19.2429u 
  600.00000m   26.1152u 
  650.00000m   33.7720u 
  700.00000m   42.1170u 
  750.00000m   51.0626u 
  800.00000m   60.5250u 
  850.00000m   70.4217u 
  900.00000m   80.6684u 
  950.00000m   91.1743u 
    1.00000   101.8372u 
y
 vth0_value= 238.6705m
 u0_param=  51.0931m
 ags_param= 414.1368m
 
   *** monte carlo  index = 64 ***
x

 volt         param     
             i_d_0.7    
    0.        119.2878p 
   50.00000m  610.9785p 
  100.00000m    3.0325n 
  150.00000m   14.1073n 
  200.00000m   59.3464n 
  250.00000m  221.0898n 
  300.00000m  717.1013n 
  350.00000m    1.9411u 
  400.00000m    4.2785u 
  450.00000m    7.8682u 
  500.00000m   12.6298u 
  550.00000m   18.4153u 
  600.00000m   25.0887u 
  650.00000m   32.5384u 
  700.00000m   40.6694u 
  750.00000m   49.3954u 
  800.00000m   58.6345u 
  850.00000m   68.3056u 
  900.00000m   78.3262u 
  950.00000m   88.6075u 
    1.00000    99.0493u 
y
 vth0_value= 241.9349m
 u0_param=  50.0632m
 ags_param= 417.5791m
 
   *** monte carlo  index = 65 ***
x

 volt         param     
             i_d_0.7    
    0.         50.4886p 
   50.00000m  259.4011p 
  100.00000m    1.3128n 
  150.00000m    6.3378n 
  200.00000m   28.1513n 
  250.00000m  111.6122n 
  300.00000m  389.4754n 
  350.00000m    1.1609u 
  400.00000m    2.8348u 
  450.00000m    5.6768u 
  500.00000m    9.6963u 
  550.00000m   14.7672u 
  600.00000m   20.7484u 
  650.00000m   27.5213u 
  700.00000m   34.9876u 
  750.00000m   43.0612u 
  800.00000m   51.6621u 
  850.00000m   60.7125u 
  900.00000m   70.1345u 
  950.00000m   79.8465u 
    1.00000    89.7584u 
y
 vth0_value= 266.9830m
 u0_param=  48.7235m
 ags_param= 401.1753m
 
   *** monte carlo  index = 66 ***
x

 volt         param     
             i_d_0.7    
    0.         62.7000p 
   50.00000m  322.1254p 
  100.00000m    1.6226n 
  150.00000m    7.7590n 
  200.00000m   33.9644n 
  250.00000m  132.3571n 
  300.00000m  452.9611n 
  350.00000m    1.3156u 
  400.00000m    3.1211u 
  450.00000m    6.0967u 
  500.00000m   10.2245u 
  550.00000m   15.3740u 
  600.00000m   21.4088u 
  650.00000m   28.2154u 
  700.00000m   35.6992u 
  750.00000m   43.7763u 
  800.00000m   52.3678u 
  850.00000m   61.3969u 
  900.00000m   70.7859u 
  950.00000m   80.4528u 
    1.00000    90.3059u 
y
 vth0_value= 259.9155m
 u0_param=  47.9302m
 ags_param= 411.0756m
 
   *** monte carlo  index = 67 ***
x

 volt         param     
             i_d_0.7    
    0.         73.9814p 
   50.00000m  380.0346p 
  100.00000m    1.9083n 
  150.00000m    9.0696n 
  200.00000m   39.3373n 
  250.00000m  151.6659n 
  300.00000m  512.6340n 
  350.00000m    1.4645u 
  400.00000m    3.4126u 
  450.00000m    6.5661u 
  500.00000m   10.8899u 
  550.00000m   16.2465u 
  600.00000m   22.4975u 
  650.00000m   29.5285u 
  700.00000m   37.2437u 
  750.00000m   45.5578u 
  800.00000m   54.3902u 
  850.00000m   63.6626u 
  900.00000m   73.2953u 
  950.00000m   83.2041u 
    1.00000    93.2948u 
y
 vth0_value= 255.6192m
 u0_param=  48.9769m
 ags_param= 411.9302m
 
   *** monte carlo  index = 68 ***
x

 volt         param     
             i_d_0.7    
    0.        127.4768p 
   50.00000m  652.3346p 
  100.00000m    3.2302n 
  150.00000m   14.9651n 
  200.00000m   62.6041n 
  250.00000m  231.8041n 
  300.00000m  746.2066n 
  350.00000m    2.0005u 
  400.00000m    4.3680u 
  450.00000m    7.9733u 
  500.00000m   12.7314u 
  550.00000m   18.4962u 
  600.00000m   25.1350u 
  650.00000m   32.5389u 
  700.00000m   40.6145u 
  750.00000m   49.2770u 
  800.00000m   58.4454u 
  850.00000m   68.0396u 
  900.00000m   77.9772u 
  950.00000m   88.1698u 
    1.00000    98.5167u 
y
 vth0_value= 239.4931m
 u0_param=  49.3795m
 ags_param= 425.1408m
 
   *** monte carlo  index = 69 ***
x

 volt         param     
             i_d_0.7    
    0.        203.6539p 
   50.00000m    1.0365n 
  100.00000m    5.0624n 
  150.00000m   22.9121n 
  200.00000m   92.9617n 
  250.00000m  332.8167n 
  300.00000m    1.0262u 
  350.00000m    2.6082u 
  400.00000m    5.4144u 
  450.00000m    9.5038u 
  500.00000m   14.7580u 
  550.00000m   21.0239u 
  600.00000m   28.1697u 
  650.00000m   36.0866u 
  700.00000m   44.6801u 
  750.00000m   53.8630u 
  800.00000m   63.5513u 
  850.00000m   73.6614u 
  900.00000m   84.1066u 
  950.00000m   94.7931u 
    1.00000   105.6132u 
y
 vth0_value= 226.5395m
 u0_param=  51.1987m
 ags_param= 429.2956m
 
   *** monte carlo  index = 70 ***
x

 volt         param     
             i_d_0.7    
    0.         32.5872p 
   50.00000m  166.9146p 
  100.00000m  850.9729p 
  150.00000m    4.1745n 
  200.00000m   19.0311n 
  250.00000m   77.9345n 
  300.00000m  281.8563n 
  350.00000m  880.4166n 
  400.00000m    2.2727u 
  450.00000m    4.7846u 
  500.00000m    8.4869u 
  550.00000m   13.2737u 
  600.00000m   19.0009u 
  650.00000m   25.5430u 
  700.00000m   32.7972u 
  750.00000m   40.6753u 
  800.00000m   49.0961u 
  850.00000m   57.9822u 
  900.00000m   67.2563u 
  950.00000m   76.8390u 
    1.00000    86.6434u 
y
 vth0_value= 280.4317m
 u0_param=  48.9885m
 ags_param= 411.4417m
 
   *** monte carlo  index = 71 ***
x

 volt         param     
             i_d_0.7    
    0.         37.0773p 
   50.00000m  190.0990p 
  100.00000m  966.5443p 
  150.00000m    4.7134n 
  200.00000m   21.2793n 
  250.00000m   86.0722n 
  300.00000m  307.1372n 
  350.00000m  942.8857n 
  400.00000m    2.3834u 
  450.00000m    4.9223u 
  500.00000m    8.6052u 
  550.00000m   13.3228u 
  600.00000m   18.9383u 
  650.00000m   25.3339u 
  700.00000m   32.4129u 
  750.00000m   40.0912u 
  800.00000m   48.2910u 
  850.00000m   56.9376u 
  900.00000m   65.9559u 
  950.00000m   75.2678u 
    1.00000    84.7875u 
y
 vth0_value= 275.2188m
 u0_param=  47.0534m
 ags_param= 405.0954m
 
   *** monte carlo  index = 72 ***
x

 volt         param     
             i_d_0.7    
    0.         97.1502p 
   50.00000m  498.3525p 
  100.00000m    2.4863n 
  150.00000m   11.6744n 
  200.00000m   49.7547n 
  250.00000m  188.0605n 
  300.00000m  620.8654n 
  350.00000m    1.7196u 
  400.00000m    3.8790u 
  450.00000m    7.2671u 
  500.00000m   11.8219u 
  550.00000m   17.3998u 
  600.00000m   23.8645u 
  650.00000m   31.1038u 
  700.00000m   39.0231u 
  750.00000m   47.5368u 
  800.00000m   56.5641u 
  850.00000m   66.0253u 
  900.00000m   75.8395u 
  950.00000m   85.9202u 
    1.00000    96.1700u 
y
 vth0_value= 247.6608m
 u0_param=  49.3580m
 ags_param= 415.1413m
 
   *** monte carlo  index = 73 ***
x

 volt         param     
             i_d_0.7    
    0.         55.3503p 
   50.00000m  284.3650p 
  100.00000m    1.4360n 
  150.00000m    6.9016n 
  200.00000m   30.4451n 
  250.00000m  119.7228n 
  300.00000m  413.9762n 
  350.00000m    1.2190u 
  400.00000m    2.9363u 
  450.00000m    5.8110u 
  500.00000m    9.8394u 
  550.00000m   14.8949u 
  600.00000m   20.8401u 
  650.00000m   27.5604u 
  700.00000m   34.9605u 
  750.00000m   42.9562u 
  800.00000m   51.4689u 
  850.00000m   60.4220u 
  900.00000m   69.7385u 
  950.00000m   79.3371u 
    1.00000    89.1277u 
y
 vth0_value= 263.6072m
 u0_param=  47.8225m
 ags_param= 406.3311m
 
   *** monte carlo  index = 74 ***
x

 volt         param     
             i_d_0.7    
    0.        131.8168p 
   50.00000m  674.4795p 
  100.00000m    3.3383n 
  150.00000m   15.4524n 
  200.00000m   64.5650n 
  250.00000m  238.7390n 
  300.00000m  767.1863n 
  350.00000m    2.0522u 
  400.00000m    4.4709u 
  450.00000m    8.1466u 
  500.00000m   12.9910u 
  550.00000m   18.8552u 
  600.00000m   25.6042u 
  650.00000m   33.1273u 
  700.00000m   41.3300u 
  750.00000m   50.1260u 
  800.00000m   59.4332u 
  850.00000m   69.1702u 
  900.00000m   79.2538u 
  950.00000m   89.5944u 
    1.00000   100.0903u 
y
 vth0_value= 238.9889m
 u0_param=  50.1595m
 ags_param= 429.4737m
 
   *** monte carlo  index = 75 ***
x

 volt         param     
             i_d_0.7    
    0.        153.9612p 
   50.00000m  786.5958p 
  100.00000m    3.8771n 
  150.00000m   17.8176n 
  200.00000m   73.7329n 
  250.00000m  269.7513n 
  300.00000m  855.2546n 
  350.00000m    2.2493u 
  400.00000m    4.8206u 
  450.00000m    8.6715u 
  500.00000m   13.7011u 
  550.00000m   19.7569u 
  600.00000m   26.7034u 
  650.00000m   34.4293u 
  700.00000m   42.8389u 
  750.00000m   51.8450u 
  800.00000m   61.3640u 
  850.00000m   71.3131u 
  900.00000m   81.6073u 
  950.00000m   92.1551u 
    1.00000   102.8524u 
y
 vth0_value= 234.8634m
 u0_param=  51.0278m
 ags_param= 425.8260m
 
   *** monte carlo  index = 76 ***
x

 volt         param     
             i_d_0.7    
    0.         55.7656p 
   50.00000m  286.5270p 
  100.00000m    1.4470n 
  150.00000m    6.9546n 
  200.00000m   30.6808n 
  250.00000m  120.6559n 
  300.00000m  417.2161n 
  350.00000m    1.2286u 
  400.00000m    2.9595u 
  450.00000m    5.8570u 
  500.00000m    9.9172u 
  550.00000m   15.0123u 
  600.00000m   21.0037u 
  650.00000m   27.7757u 
  700.00000m   35.2322u 
  750.00000m   43.2884u 
  800.00000m   51.8650u 
  850.00000m   60.8849u 
  900.00000m   70.2705u 
  950.00000m   79.9400u 
    1.00000    89.8028u 
y
 vth0_value= 263.6380m
 u0_param=  48.2069m
 ags_param= 416.3440m
 
   *** monte carlo  index = 77 ***
x

 volt         param     
             i_d_0.7    
    0.         46.7315p 
   50.00000m  240.0364p 
  100.00000m    1.2166n 
  150.00000m    5.8906n 
  200.00000m   26.2887n 
  250.00000m  104.8236n 
  300.00000m  368.1251n 
  350.00000m    1.1065u 
  400.00000m    2.7285u 
  450.00000m    5.5109u 
  500.00000m    9.4730u 
  550.00000m   14.4920u 
  600.00000m   20.4260u 
  650.00000m   27.1555u 
  700.00000m   34.5816u 
  750.00000m   42.6178u 
  800.00000m   51.1840u 
  850.00000m   60.2027u 
  900.00000m   69.5960u 
  950.00000m   79.2827u 
    1.00000    89.1731u 
y
 vth0_value= 269.3279m
 u0_param=  48.7331m
 ags_param= 413.1625m
 
   *** monte carlo  index = 78 ***
x

 volt         param     
             i_d_0.7    
    0.         99.4468p 
   50.00000m  509.7990p 
  100.00000m    2.5395n 
  150.00000m   11.8915n 
  200.00000m   50.4869n 
  250.00000m  190.0349n 
  300.00000m  624.3017n 
  350.00000m    1.7181u 
  400.00000m    3.8506u 
  450.00000m    7.1769u 
  500.00000m   11.6333u 
  550.00000m   17.0810u 
  600.00000m   23.3892u 
  650.00000m   30.4504u 
  700.00000m   38.1731u 
  750.00000m   46.4749u 
  800.00000m   55.2771u 
  850.00000m   64.5022u 
  900.00000m   74.0708u 
  950.00000m   83.8980u 
    1.00000    93.8872u 
y
 vth0_value= 245.9409m
 u0_param=  47.8220m
 ags_param= 416.6985m
 
   *** monte carlo  index = 79 ***
x

 volt         param     
             i_d_0.7    
    0.         83.2324p 
   50.00000m  427.4753p 
  100.00000m    2.1420n 
  150.00000m   10.1386n 
  200.00000m   43.7093n 
  250.00000m  167.3554n 
  300.00000m  561.0284n 
  350.00000m    1.5854u 
  400.00000m    3.6515u 
  450.00000m    6.9580u 
  500.00000m   11.4581u 
  550.00000m   17.0080u 
  600.00000m   23.4663u 
  650.00000m   30.7168u 
  700.00000m   38.6618u 
  750.00000m   47.2139u 
  800.00000m   56.2910u 
  850.00000m   65.8126u 
  900.00000m   75.6973u 
  950.00000m   85.8589u 
    1.00000    96.2008u 
y
 vth0_value= 252.8595m
 u0_param=  50.1991m
 ags_param= 412.9986m
 
   *** monte carlo  index = 80 ***
x

 volt         param     
             i_d_0.7    
    0.         36.6193p 
   50.00000m  187.7686p 
  100.00000m  955.2960p 
  150.00000m    4.6644n 
  200.00000m   21.1007n 
  250.00000m   85.5642n 
  300.00000m  306.1464n 
  350.00000m  943.1071n 
  400.00000m    2.3939u 
  450.00000m    4.9624u 
  500.00000m    8.6993u 
  550.00000m   13.4941u 
  600.00000m   19.2061u 
  650.00000m   25.7143u 
  700.00000m   32.9193u 
  750.00000m   40.7350u 
  800.00000m   49.0821u 
  850.00000m   57.8840u 
  900.00000m   67.0647u 
  950.00000m   76.5449u 
    1.00000    86.2377u 
y
 vth0_value= 276.2881m
 u0_param=  48.0816m
 ags_param= 410.9995m
 
   *** monte carlo  index = 81 ***
x

 volt         param     
             i_d_0.7    
    0.         35.0493p 
   50.00000m  179.6329p 
  100.00000m  914.4181p 
  150.00000m    4.4707n 
  200.00000m   20.2688n 
  250.00000m   82.4195n 
  300.00000m  295.8024n 
  350.00000m  914.9100n 
  400.00000m    2.3336u 
  450.00000m    4.8589u 
  500.00000m    8.5469u 
  550.00000m   13.2896u 
  600.00000m   18.9473u 
  650.00000m   25.3992u 
  700.00000m   32.5461u 
  750.00000m   40.3022u 
  800.00000m   48.5886u 
  850.00000m   57.3293u 
  900.00000m   66.4484u 
  950.00000m   75.8674u 
    1.00000    85.5000u 
y
 vth0_value= 277.4441m
 u0_param=  47.8188m
 ags_param= 410.9022m
 
   *** monte carlo  index = 82 ***
x

 volt         param     
             i_d_0.7    
    0.        145.3090p 
   50.00000m  742.8864p 
  100.00000m    3.6679n 
  150.00000m   16.9063n 
  200.00000m   70.2365n 
  250.00000m  258.0685n 
  300.00000m  822.6839n 
  350.00000m    2.1784u 
  400.00000m    4.6994u 
  450.00000m    8.4967u 
  500.00000m   13.4736u 
  550.00000m   19.4782u 
  600.00000m   26.3743u 
  650.00000m   34.0503u 
  700.00000m   42.4104u 
  750.00000m   51.3674u 
  800.00000m   60.8379u 
  850.00000m   70.7395u 
  900.00000m   80.9875u 
  950.00000m   91.4911u 
    1.00000   102.1472u 
y
 vth0_value= 236.5388m
 u0_param=  50.9218m
 ags_param= 415.5678m
 
   *** monte carlo  index = 83 ***
x

 volt         param     
             i_d_0.7    
    0.        110.0127p 
   50.00000m  563.8320p 
  100.00000m    2.8042n 
  150.00000m   13.0932n 
  200.00000m   55.3601n 
  250.00000m  207.4031n 
  300.00000m  677.3903n 
  350.00000m    1.8501u 
  400.00000m    4.1145u 
  450.00000m    7.6206u 
  500.00000m   12.2952u 
  550.00000m   17.9922u 
  600.00000m   24.5756u 
  650.00000m   31.9337u 
  700.00000m   39.9718u 
  750.00000m   48.6042u 
  800.00000m   57.7493u 
  850.00000m   67.3268u 
  900.00000m   77.2548u 
  950.00000m   87.4455u 
    1.00000    97.8000u 
y
 vth0_value= 244.1500m
 u0_param=  49.7182m
 ags_param= 416.5635m
 
   *** monte carlo  index = 84 ***
x

 volt         param     
             i_d_0.7    
    0.         60.0765p 
   50.00000m  308.6855p 
  100.00000m    1.5565n 
  150.00000m    7.4590n 
  200.00000m   32.7556n 
  250.00000m  128.1217n 
  300.00000m  440.3221n 
  350.00000m    1.2861u 
  400.00000m    3.0700u 
  450.00000m    6.0284u 
  500.00000m   10.1490u 
  550.00000m   15.3013u 
  600.00000m   21.3473u 
  650.00000m   28.1721u 
  700.00000m   35.6800u 
  750.00000m   43.7862u 
  800.00000m   52.4114u 
  850.00000m   61.4783u 
  900.00000m   70.9090u 
  950.00000m   80.6211u 
    1.00000    90.5231u 
y
 vth0_value= 261.4369m
 u0_param=  48.2775m
 ags_param= 420.8747m
 
   *** monte carlo  index = 85 ***
x

 volt         param     
             i_d_0.7    
    0.        100.5729p 
   50.00000m  515.7372p 
  100.00000m    2.5703n 
  150.00000m   12.0459n 
  200.00000m   51.2004n 
  250.00000m  192.9484n 
  300.00000m  634.7248n 
  350.00000m    1.7498u 
  400.00000m    3.9284u 
  450.00000m    7.3316u 
  500.00000m   11.8944u 
  550.00000m   17.4735u 
  600.00000m   23.9340u 
  650.00000m   31.1648u 
  700.00000m   39.0719u 
  750.00000m   47.5704u 
  800.00000m   56.5797u 
  850.00000m   66.0205u 
  900.00000m   75.8118u 
  950.00000m   85.8673u 
    1.00000    96.0891u 
y
 vth0_value= 246.4610m
 u0_param=  49.1172m
 ags_param= 422.1344m
 
   *** monte carlo  index = 86 ***
x

 volt         param     
             i_d_0.7    
    0.         69.9984p 
   50.00000m  359.6613p 
  100.00000m    1.8085n 
  150.00000m    8.6178n 
  200.00000m   37.5245n 
  250.00000m  145.3264n 
  300.00000m  493.7610n 
  350.00000m    1.4204u 
  400.00000m    3.3342u 
  450.00000m    6.4550u 
  500.00000m   10.7540u 
  550.00000m   16.0941u 
  600.00000m   22.3356u 
  650.00000m   29.3627u 
  700.00000m   37.0786u 
  750.00000m   45.3975u 
  800.00000m   54.2386u 
  850.00000m   63.5231u 
  900.00000m   73.1713u 
  950.00000m   83.0991u 
    1.00000    93.2125u 
y
 vth0_value= 257.4387m
 u0_param=  49.2088m
 ags_param= 416.7712m
 
   *** monte carlo  index = 87 ***
x

 volt         param     
             i_d_0.7    
    0.        128.5977p 
   50.00000m  658.3272p 
  100.00000m    3.2620n 
  150.00000m   15.1297n 
  200.00000m   63.3863n 
  250.00000m  235.0606n 
  300.00000m  758.0624n 
  350.00000m    2.0370u 
  400.00000m    4.4574u 
  450.00000m    8.1498u 
  500.00000m   13.0271u 
  550.00000m   18.9381u 
  600.00000m   25.7454u 
  650.00000m   33.3360u 
  700.00000m   41.6138u 
  750.00000m   50.4915u 
  800.00000m   59.8858u 
  850.00000m   69.7147u 
  900.00000m   79.8941u 
  950.00000m   90.3344u 
    1.00000   100.9337u 
y
 vth0_value= 240.1587m
 u0_param=  50.8276m
 ags_param= 416.5101m
 
   *** monte carlo  index = 88 ***
x

 volt         param     
             i_d_0.7    
    0.         74.7337p 
   50.00000m  383.9714p 
  100.00000m    1.9285n 
  150.00000m    9.1686n 
  200.00000m   39.7867n 
  250.00000m  153.4788n 
  300.00000m  519.0459n 
  350.00000m    1.4839u 
  400.00000m    3.4603u 
  450.00000m    6.6616u 
  500.00000m   11.0525u 
  550.00000m   16.4924u 
  600.00000m   22.8402u 
  650.00000m   29.9792u 
  700.00000m   37.8118u 
  750.00000m   46.2511u 
  800.00000m   55.2156u 
  850.00000m   64.6254u 
  900.00000m   74.3999u 
  950.00000m   84.4541u 
    1.00000    94.6928u 
y
 vth0_value= 255.8578m
 u0_param=  49.8145m
 ags_param= 412.6639m
 
   *** monte carlo  index = 89 ***
x

 volt         param     
             i_d_0.7    
    0.         35.2287p 
   50.00000m  180.5545p 
  100.00000m  918.9648p 
  150.00000m    4.4915n 
  200.00000m   20.3520n 
  250.00000m   82.7023n 
  300.00000m  296.6026n 
  350.00000m  916.5302n 
  400.00000m    2.3351u 
  450.00000m    4.8571u 
  500.00000m    8.5371u 
  550.00000m   13.2675u 
  600.00000m   18.9089u 
  650.00000m   25.3415u 
  700.00000m   32.4666u 
  750.00000m   40.1986u 
  800.00000m   48.4591u 
  850.00000m   57.1723u 
  900.00000m   66.2627u 
  950.00000m   75.6517u 
    1.00000    85.2532u 
y
 vth0_value= 277.1586m
 u0_param=  47.6244m
 ags_param= 411.8200m
 
   *** monte carlo  index = 90 ***
x

 volt         param     
             i_d_0.7    
    0.        137.7963p 
   50.00000m  704.5155p 
  100.00000m    3.4803n 
  150.00000m   16.0572n 
  200.00000m   66.7993n 
  250.00000m  245.8307n 
  300.00000m  785.3308n 
  350.00000m    2.0851u 
  400.00000m    4.5101u 
  450.00000m    8.1720u 
  500.00000m   12.9804u 
  550.00000m   18.7891u 
  600.00000m   25.4668u 
  650.00000m   32.9056u 
  700.00000m   41.0128u 
  750.00000m   49.7040u 
  800.00000m   58.8981u 
  850.00000m   68.5150u 
  900.00000m   78.4721u 
  950.00000m   88.6804u 
    1.00000    99.0384u 
y
 vth0_value= 237.0892m
 u0_param=  49.2888m
 ags_param= 429.6881m
 
   *** monte carlo  index = 91 ***
x

 volt         param     
             i_d_0.7    
    0.        152.9432p 
   50.00000m  781.2401p 
  100.00000m    3.8494n 
  150.00000m   17.6810n 
  200.00000m   73.1175n 
  250.00000m  267.3143n 
  300.00000m  846.8217n 
  350.00000m    2.2248u 
  400.00000m    4.7636u 
  450.00000m    8.5630u 
  500.00000m   13.5238u 
  550.00000m   19.4962u 
  600.00000m   26.3474u 
  650.00000m   33.9680u 
  700.00000m   42.2640u 
  750.00000m   51.1494u 
  800.00000m   60.5419u 
  850.00000m   70.3597u 
  900.00000m   80.5188u 
  950.00000m   90.9283u 
    1.00000   101.4850u 
y
 vth0_value= 234.5573m
 u0_param=  50.2317m
 ags_param= 427.3504m
 
   *** monte carlo  index = 92 ***
x

 volt         param     
             i_d_0.7    
    0.         70.9692p 
   50.00000m  364.5785p 
  100.00000m    1.8321n 
  150.00000m    8.7203n 
  200.00000m   37.9066n 
  250.00000m  146.5250n 
  300.00000m  496.7513n 
  350.00000m    1.4249u 
  400.00000m    3.3345u 
  450.00000m    6.4390u 
  500.00000m   10.7077u 
  550.00000m   16.0049u 
  600.00000m   22.1931u 
  650.00000m   29.1583u 
  700.00000m   36.8053u 
  750.00000m   45.0492u 
  800.00000m   53.8101u 
  850.00000m   63.0101u 
  900.00000m   72.5700u 
  950.00000m   82.4064u 
    1.00000    92.4255u 
y
 vth0_value= 256.6442m
 u0_param=  48.6301m
 ags_param= 419.3115m
 
   *** monte carlo  index = 93 ***
x

 volt         param     
             i_d_0.7    
    0.         80.7850p 
   50.00000m  414.9451p 
  100.00000m    2.0804n 
  150.00000m    9.8589n 
  200.00000m   42.5755n 
  250.00000m  163.3313n 
  300.00000m  548.8012n 
  350.00000m    1.5556u 
  400.00000m    3.5944u 
  450.00000m    6.8676u 
  500.00000m   11.3315u 
  550.00000m   16.8434u 
  600.00000m   23.2624u 
  650.00000m   30.4725u 
  700.00000m   38.3761u 
  750.00000m   46.8863u 
  800.00000m   55.9211u 
  850.00000m   65.4004u 
  900.00000m   75.2430u 
  950.00000m   85.3631u 
    1.00000    95.6645u 
y
 vth0_value= 253.6337m
 u0_param=  50.0040m
 ags_param= 422.3570m
 
   *** monte carlo  index = 94 ***
x

 volt         param     
             i_d_0.7    
    0.        176.1026p 
   50.00000m  897.6724p 
  100.00000m    4.4014n 
  150.00000m   20.0490n 
  200.00000m   82.0190n 
  250.00000m  296.3409n 
  300.00000m  924.7219n 
  350.00000m    2.3846u 
  400.00000m    5.0171u 
  450.00000m    8.8980u 
  500.00000m   13.9198u 
  550.00000m   19.9346u 
  600.00000m   26.8132u 
  650.00000m   34.4492u 
  700.00000m   42.7502u 
  750.00000m   51.6315u 
  800.00000m   61.0113u 
  850.00000m   70.8083u 
  900.00000m   80.9382u 
  950.00000m   91.3098u 
    1.00000   101.8185u 
y
 vth0_value= 229.9693m
 u0_param=  49.7067m
 ags_param= 423.7694m
 
   *** monte carlo  index = 95 ***
x

 volt         param     
             i_d_0.7    
    0.         49.4579p 
   50.00000m  254.0522p 
  100.00000m    1.2859n 
  150.00000m    6.2090n 
  200.00000m   27.5894n 
  250.00000m  109.4369n 
  300.00000m  382.1113n 
  350.00000m    1.1398u 
  400.00000m    2.7861u 
  450.00000m    5.5841u 
  500.00000m    9.5446u 
  550.00000m   14.5440u 
  600.00000m   20.4436u 
  650.00000m   27.1263u 
  700.00000m   34.4956u 
  750.00000m   42.4665u 
  800.00000m   50.9599u 
  850.00000m   59.8992u 
  900.00000m   69.2072u 
  950.00000m   78.8031u 
    1.00000    88.5974u 
y
 vth0_value= 267.1610m
 u0_param=  48.0502m
 ags_param= 416.0581m
 
   *** monte carlo  index = 96 ***
x

 volt         param     
             i_d_0.7    
    0.         34.0368p 
   50.00000m  174.3803p 
  100.00000m  887.9699p 
  150.00000m    4.3449n 
  200.00000m   19.7247n 
  250.00000m   80.3440n 
  300.00000m  288.9005n 
  350.00000m  895.7807n 
  400.00000m    2.2916u 
  450.00000m    4.7849u 
  500.00000m    8.4346u 
  550.00000m   13.1350u 
  600.00000m   18.7472u 
  650.00000m   25.1508u 
  700.00000m   32.2472u 
  750.00000m   39.9509u 
  800.00000m   48.1833u 
  850.00000m   56.8689u 
  900.00000m   65.9324u 
  950.00000m   75.2954u 
    1.00000    84.8724u 
y
 vth0_value= 278.1540m
 u0_param=  47.5485m
 ags_param= 413.1308m
 
   *** monte carlo  index = 97 ***
x

 volt         param     
             i_d_0.7    
    0.        101.2301p 
   50.00000m  519.2774p 
  100.00000m    2.5894n 
  150.00000m   12.1471n 
  200.00000m   51.6987n 
  250.00000m  195.0997n 
  300.00000m  642.8342n 
  350.00000m    1.7758u 
  400.00000m    3.9952u 
  450.00000m    7.4683u 
  500.00000m   12.1291u 
  550.00000m   17.8303u 
  600.00000m   24.4328u 
  650.00000m   31.8220u 
  700.00000m   39.9013u 
  750.00000m   48.5837u 
  800.00000m   57.7867u 
  850.00000m   67.4294u 
  900.00000m   77.4292u 
  950.00000m   87.6984u 
    1.00000    98.1382u 
y
 vth0_value= 247.0664m
 u0_param=  50.3590m
 ags_param= 423.0331m
 
   *** monte carlo  index = 98 ***
x

 volt         param     
             i_d_0.7    
    0.         42.7621p 
   50.00000m  219.5898p 
  100.00000m    1.1151n 
  150.00000m    5.4209n 
  200.00000m   24.3482n 
  250.00000m   97.8487n 
  300.00000m  346.6053n 
  350.00000m    1.0537u 
  400.00000m    2.6329u 
  450.00000m    5.3805u 
  500.00000m    9.3301u 
  550.00000m   14.3606u 
  600.00000m   20.3265u 
  650.00000m   27.1043u 
  700.00000m   34.5924u 
  750.00000m   42.7023u 
  800.00000m   51.3524u 
  850.00000m   60.4639u 
  900.00000m   69.9582u 
  950.00000m   79.7537u 
    1.00000    89.7607u 
y
 vth0_value= 272.5814m
 u0_param=  49.6040m
 ags_param= 413.9142m
 
   *** monte carlo  index = 99 ***
x

 volt         param     
             i_d_0.7    
    0.        207.3441p 
   50.00000m    1.0547n 
  100.00000m    5.1459n 
  150.00000m   23.2492n 
  200.00000m   94.1230n 
  250.00000m  336.1781n 
  300.00000m    1.0334u 
  350.00000m    2.6169u 
  400.00000m    5.4144u 
  450.00000m    9.4802u 
  500.00000m   14.6959u 
  550.00000m   20.9108u 
  600.00000m   27.9953u 
  650.00000m   35.8421u 
  700.00000m   44.3581u 
  750.00000m   53.4572u 
  800.00000m   63.0561u 
  850.00000m   73.0720u 
  900.00000m   83.4190u 
  950.00000m   94.0035u 
    1.00000   104.7185u 
y
 vth0_value= 225.6134m
 u0_param=  50.5920m
 ags_param= 417.5338m
 
   *** monte carlo  index = 100 ***
x

 volt         param     
             i_d_0.7    
    0.         30.4028p 
   50.00000m  155.5583p 
  100.00000m  793.5271p 
  150.00000m    3.8988n 
  200.00000m   17.8216n 
  250.00000m   73.2361n 
  300.00000m  265.8968n 
  350.00000m  834.7773n 
  400.00000m    2.1683u 
  450.00000m    4.5918u 
  500.00000m    8.1821u 
  550.00000m   12.8392u 
  600.00000m   18.4223u 
  650.00000m   24.8084u 
  700.00000m   31.8964u 
  750.00000m   39.5997u 
  800.00000m   47.8389u 
  850.00000m   56.5377u 
  900.00000m   65.6207u 
  950.00000m   75.0096u 
    1.00000    84.6192u 
y
 vth0_value= 281.8832m
 u0_param=  47.9841m
 ags_param= 410.2153m
 
   *** monte carlo  index = 101 ***
x

 volt         param     
             i_d_0.7    
    0.        119.4975p 
   50.00000m  611.8575p 
  100.00000m    3.0350n 
  150.00000m   14.1034n 
  200.00000m   59.2436n 
  250.00000m  220.3651n 
  300.00000m  713.4275n 
  350.00000m    1.9266u 
  400.00000m    4.2367u 
  450.00000m    7.7775u 
  500.00000m   12.4691u 
  550.00000m   18.1666u 
  600.00000m   24.7373u 
  650.00000m   32.0720u 
  700.00000m   40.0776u 
  750.00000m   48.6696u 
  800.00000m   57.7673u 
  850.00000m   67.2910u 
  900.00000m   77.1590u 
  950.00000m   87.2836u 
    1.00000    97.5652u 
y
 vth0_value= 241.2850m
 u0_param=  49.1422m
 ags_param= 417.9391m
 
   *** monte carlo  index = 102 ***
x

 volt         param     
             i_d_0.7    
    0.         59.2866p 
   50.00000m  304.6197p 
  100.00000m    1.5364n 
  150.00000m    7.3656n 
  200.00000m   32.3673n 
  250.00000m  126.7040n 
  300.00000m  435.8491n 
  350.00000m    1.2746u 
  400.00000m    3.0466u 
  450.00000m    5.9895u 
  500.00000m   10.0921u 
  550.00000m   15.2247u 
  600.00000m   21.2497u 
  650.00000m   28.0522u 
  700.00000m   35.5365u 
  750.00000m   43.6183u 
  800.00000m   52.2183u 
  850.00000m   61.2594u 
  900.00000m   70.6639u 
  950.00000m   80.3497u 
    1.00000    90.2255u 
y
 vth0_value= 261.7591m
 u0_param=  48.1614m
 ags_param= 416.0844m
 
   *** monte carlo  index = 103 ***
x

 volt         param     
             i_d_0.7    
    0.         52.1029p 
   50.00000m  267.6326p 
  100.00000m    1.3528n 
  150.00000m    6.5154n 
  200.00000m   28.8336n 
  250.00000m  113.8204n 
  300.00000m  395.2849n 
  350.00000m    1.1708u 
  400.00000m    2.8386u 
  450.00000m    5.6497u 
  500.00000m    9.6069u 
  550.00000m   14.5867u 
  600.00000m   20.4529u 
  650.00000m   27.0911u 
  700.00000m   34.4065u 
  750.00000m   42.3157u 
  800.00000m   50.7406u 
  850.00000m   59.6053u 
  900.00000m   68.8333u 
  950.00000m   78.3443u 
    1.00000    88.0487u 
y
 vth0_value= 265.1602m
 u0_param=  47.4160m
 ags_param= 420.5532m
 
   *** monte carlo  index = 104 ***
x

 volt         param     
             i_d_0.7    
    0.         94.8881p 
   50.00000m  486.9166p 
  100.00000m    2.4315n 
  150.00000m   11.4370n 
  200.00000m   48.8617n 
  250.00000m  185.1812n 
  300.00000m  613.3064n 
  350.00000m    1.7057u 
  400.00000m    3.8640u 
  450.00000m    7.2638u 
  500.00000m   11.8450u 
  550.00000m   17.4625u 
  600.00000m   23.9776u 
  650.00000m   31.2762u 
  700.00000m   39.2621u 
  750.00000m   47.8487u 
  800.00000m   56.9543u 
  850.00000m   66.4985u 
  900.00000m   76.3997u 
  950.00000m   86.5710u 
    1.00000    96.9147u 
y
 vth0_value= 248.7549m
 u0_param=  49.9531m
 ags_param= 411.6728m
 
   *** monte carlo  index = 105 ***
x

 volt         param     
             i_d_0.7    
    0.         54.9063p 
   50.00000m  282.1508p 
  100.00000m    1.4257n 
  150.00000m    6.8608n 
  200.00000m   30.3218n 
  250.00000m  119.4981n 
  300.00000m  414.1855n 
  350.00000m    1.2235u 
  400.00000m    2.9574u 
  450.00000m    5.8702u 
  500.00000m    9.9610u 
  550.00000m   15.1005u 
  600.00000m   21.1479u 
  650.00000m   27.9853u 
  700.00000m   35.5150u 
  750.00000m   43.6509u 
  800.00000m   52.3127u 
  850.00000m   61.4225u 
  900.00000m   70.9019u 
  950.00000m   80.6688u 
    1.00000    90.6319u 
y
 vth0_value= 264.5263m
 u0_param=  48.8421m
 ags_param= 406.4068m
 
   *** monte carlo  index = 106 ***
x

 volt         param     
             i_d_0.7    
    0.        220.2525p 
   50.00000m    1.1196n 
  100.00000m    5.4543n 
  150.00000m   24.5794n 
  200.00000m   99.1884n 
  250.00000m  352.9976n 
  300.00000m    1.0800u 
  350.00000m    2.7194u 
  400.00000m    5.5976u 
  450.00000m    9.7623u 
  500.00000m   15.0905u 
  550.00000m   21.4290u 
  600.00000m   28.6465u 
  650.00000m   36.6345u 
  700.00000m   45.2986u 
  750.00000m   54.5514u 
  800.00000m   64.3086u 
  850.00000m   74.4859u 
  900.00000m   84.9963u 
  950.00000m   95.7449u 
    1.00000   106.6230u 
y
 vth0_value= 224.2890m
 u0_param=  51.3789m
 ags_param= 432.2825m
 
   *** monte carlo  index = 107 ***
x

 volt         param     
             i_d_0.7    
    0.         57.3886p 
   50.00000m  294.9760p 
  100.00000m    1.4898n 
  150.00000m    7.1617n 
  200.00000m   31.6005n 
  250.00000m  124.2923n 
  300.00000m  429.8202n 
  350.00000m    1.2658u 
  400.00000m    3.0492u 
  450.00000m    6.0343u 
  500.00000m   10.2163u 
  550.00000m   15.4625u 
  600.00000m   21.6294u 
  650.00000m   28.5972u 
  700.00000m   36.2667u 
  750.00000m   44.5504u 
  800.00000m   53.3667u 
  850.00000m   62.6365u 
  900.00000m   72.2800u 
  950.00000m   82.2139u 
    1.00000    92.3454u 
y
 vth0_value= 263.7429m
 u0_param=  49.6915m
 ags_param= 429.2678m
 
   *** monte carlo  index = 108 ***
x

 volt         param     
             i_d_0.7    
    0.        134.3673p 
   50.00000m  687.4359p 
  100.00000m    3.4009n 
  150.00000m   15.7306n 
  200.00000m   65.6601n 
  250.00000m  242.5107n 
  300.00000m  778.1805n 
  350.00000m    2.0778u 
  400.00000m    4.5185u 
  450.00000m    8.2215u 
  500.00000m   13.0968u 
  550.00000m   18.9946u 
  600.00000m   25.7794u 
  650.00000m   33.3402u 
  700.00000m   41.5820u 
  750.00000m   50.4183u 
  800.00000m   59.7666u 
  850.00000m   69.5452u 
  900.00000m   79.6706u 
  950.00000m   90.0529u 
    1.00000   100.5902u 
y
 vth0_value= 238.5501m
 u0_param=  50.3758m
 ags_param= 421.8522m
 
   *** monte carlo  index = 109 ***
x

 volt         param     
             i_d_0.7    
    0.        128.9767p 
   50.00000m  660.1389p 
  100.00000m    3.2697n 
  150.00000m   15.1549n 
  200.00000m   63.4337n 
  250.00000m  235.0069n 
  300.00000m  756.9947n 
  350.00000m    2.0311u 
  400.00000m    4.4380u 
  450.00000m    8.1052u 
  500.00000m   12.9460u 
  550.00000m   18.8109u 
  600.00000m   25.5640u 
  650.00000m   33.0939u 
  700.00000m   41.3055u 
  750.00000m   50.1123u 
  800.00000m   59.4318u 
  850.00000m   69.1826u 
  900.00000m   79.2814u 
  950.00000m   89.6386u 
    1.00000   100.1529u 
y
 vth0_value= 239.7537m
 u0_param=  50.3296m
 ags_param= 418.1002m
 
   *** monte carlo  index = 110 ***
x

 volt         param     
             i_d_0.7    
    0.        124.0544p 
   50.00000m  635.2358p 
  100.00000m    3.1503n 
  150.00000m   14.6329n 
  200.00000m   61.4292n 
  250.00000m  228.3174n 
  300.00000m  738.3952n 
  350.00000m    1.9913u 
  400.00000m    4.3729u 
  450.00000m    8.0181u 
  500.00000m   12.8428u 
  550.00000m   18.6972u 
  600.00000m   25.4445u 
  650.00000m   32.9722u 
  700.00000m   41.1847u 
  750.00000m   49.9951u 
  800.00000m   59.3206u 
  850.00000m   69.0798u 
  900.00000m   79.1891u 
  950.00000m   89.5594u 
    1.00000   100.0895u 
y
 vth0_value= 241.0343m
 u0_param=  50.5003m
 ags_param= 415.5879m
 
   *** monte carlo  index = 111 ***
x

 volt         param     
             i_d_0.7    
    0.         36.5577p 
   50.00000m  187.4888p 
  100.00000m  954.3171p 
  150.00000m    4.6638n 
  200.00000m   21.1279n 
  250.00000m   85.8260n 
  300.00000m  307.6561n 
  350.00000m  950.0170n 
  400.00000m    2.4183u 
  450.00000m    5.0259u 
  500.00000m    8.8274u 
  550.00000m   13.7101u 
  600.00000m   19.5296u 
  650.00000m   26.1616u 
  700.00000m   33.5039u 
  750.00000m   41.4684u 
  800.00000m   49.9740u 
  850.00000m   58.9426u 
  900.00000m   68.2968u 
  950.00000m   77.9560u 
    1.00000    87.8324u 
y
 vth0_value= 277.0491m
 u0_param=  49.1615m
 ags_param= 415.2205m
 
   *** monte carlo  index = 112 ***
x

 volt         param     
             i_d_0.7    
    0.         78.9757p 
   50.00000m  405.5868p 
  100.00000m    2.0336n 
  150.00000m    9.6375n 
  200.00000m   41.6263n 
  250.00000m  159.7268n 
  300.00000m  536.8761n 
  350.00000m    1.5225u 
  400.00000m    3.5199u 
  450.00000m    6.7286u 
  500.00000m   11.1068u 
  550.00000m   16.5154u 
  600.00000m   22.8168u 
  650.00000m   29.8971u 
  700.00000m   37.6610u 
  750.00000m   46.0231u 
  800.00000m   54.9030u 
  850.00000m   64.2219u 
  900.00000m   73.8999u 
  950.00000m   83.8520u 
    1.00000    93.9831u 
y
 vth0_value= 253.6935m
 u0_param=  49.0424m
 ags_param= 432.0882m
 
   *** monte carlo  index = 113 ***
x

 volt         param     
             i_d_0.7    
    0.        163.8431p 
   50.00000m  835.9743p 
  100.00000m    4.1082n 
  150.00000m   18.7857n 
  200.00000m   77.2340n 
  250.00000m  280.5775n 
  300.00000m  881.6969n 
  350.00000m    2.2933u 
  400.00000m    4.8642u 
  450.00000m    8.6804u 
  500.00000m   13.6391u 
  550.00000m   19.5928u 
  600.00000m   26.4116u 
  650.00000m   33.9886u 
  700.00000m   42.2314u 
  750.00000m   51.0553u 
  800.00000m   60.3787u 
  850.00000m   70.1207u 
  900.00000m   80.1976u 
  950.00000m   90.5189u 
    1.00000   100.9810u 
y
 vth0_value= 232.0673m
 u0_param=  49.5879m
 ags_param= 416.7037m
 
   *** monte carlo  index = 114 ***
x

 volt         param     
             i_d_0.7    
    0.         52.6126p 
   50.00000m  270.3687p 
  100.00000m    1.3676n 
  150.00000m    6.5941n 
  200.00000m   29.2339n 
  250.00000m  115.6378n 
  300.00000m  402.4678n 
  350.00000m    1.1954u 
  400.00000m    2.9076u 
  450.00000m    5.8023u 
  500.00000m    9.8848u 
  550.00000m   15.0263u 
  600.00000m   21.0845u 
  650.00000m   27.9397u 
  700.00000m   35.4931u 
  750.00000m   43.6577u 
  800.00000m   52.3528u 
  850.00000m   61.5000u 
  900.00000m   71.0205u 
  950.00000m   80.8320u 
    1.00000    90.8432u 
y
 vth0_value= 266.0498m
 u0_param=  49.2012m
 ags_param= 411.3635m
 
   *** monte carlo  index = 115 ***
x

 volt         param     
             i_d_0.7    
    0.        108.5666p 
   50.00000m  556.6222p 
  100.00000m    2.7707n 
  150.00000m   12.9557n 
  200.00000m   54.8907n 
  250.00000m  206.1002n 
  300.00000m  674.9195n 
  350.00000m    1.8496u 
  400.00000m    4.1276u 
  450.00000m    7.6655u 
  500.00000m   12.3911u 
  550.00000m   18.1555u 
  600.00000m   24.8200u 
  650.00000m   32.2706u 
  700.00000m   40.4108u 
  750.00000m   49.1534u 
  800.00000m   58.4157u 
  850.00000m   68.1163u 
  900.00000m   78.1724u 
  950.00000m   88.4955u 
    1.00000    98.9860u 
y
 vth0_value= 245.0590m
 u0_param=  50.5151m
 ags_param= 422.9973m
 
   *** monte carlo  index = 116 ***
x

 volt         param     
             i_d_0.7    
    0.        111.2184p 
   50.00000m  570.2098p 
  100.00000m    2.8375n 
  150.00000m   13.2612n 
  200.00000m   56.1423n 
  250.00000m  210.6141n 
  300.00000m  688.9332n 
  350.00000m    1.8853u 
  400.00000m    4.2010u 
  450.00000m    7.7923u 
  500.00000m   12.5846u 
  550.00000m   18.4266u 
  600.00000m   25.1777u 
  650.00000m   32.7226u 
  700.00000m   40.9635u 
  750.00000m   49.8122u 
  800.00000m   59.1851u 
  850.00000m   68.9998u 
  900.00000m   79.1727u 
  950.00000m   89.6145u 
    1.00000   100.2247u 
y
 vth0_value= 244.7332m
 u0_param=  51.1500m
 ags_param= 428.5134m
 
   *** monte carlo  index = 117 ***
x

 volt         param     
             i_d_0.7    
    0.        124.3493p 
   50.00000m  636.8468p 
  100.00000m    3.1591n 
  150.00000m   14.6811n 
  200.00000m   61.6711n 
  250.00000m  229.3696n 
  300.00000m  742.3864n 
  350.00000m    2.0041u 
  400.00000m    4.4054u 
  450.00000m    8.0835u 
  500.00000m   12.9541u 
  550.00000m   18.8653u 
  600.00000m   25.6784u 
  650.00000m   33.2794u 
  700.00000m   41.5716u 
  750.00000m   50.4671u 
  800.00000m   59.8823u 
  850.00000m   69.7350u 
  900.00000m   79.9409u 
  950.00000m   90.4103u 
    1.00000   101.0415u 
y
 vth0_value= 241.3201m
 u0_param=  51.0654m
 ags_param= 422.2741m
 
   *** monte carlo  index = 118 ***
x

 volt         param     
             i_d_0.7    
    0.         43.4514p 
   50.00000m  223.0830p 
  100.00000m    1.1318n 
  150.00000m    5.4926n 
  200.00000m   24.6019n 
  250.00000m   98.5364n 
  300.00000m  347.7801n 
  350.00000m    1.0523u 
  400.00000m    2.6150u 
  450.00000m    5.3179u 
  500.00000m    9.1887u 
  550.00000m   14.1087u 
  600.00000m   19.9377u 
  650.00000m   26.5568u 
  700.00000m   33.8679u 
  750.00000m   41.7854u 
  800.00000m   50.2299u 
  850.00000m   59.1248u 
  900.00000m   68.3931u 
  950.00000m   77.9548u 
    1.00000    87.7214u 
y
 vth0_value= 271.1559m
 u0_param=  48.1652m
 ags_param= 408.9824m
 
   *** monte carlo  index = 119 ***
x

 volt         param     
             i_d_0.7    
    0.         97.3098p 
   50.00000m  499.0943p 
  100.00000m    2.4892n 
  150.00000m   11.6815n 
  200.00000m   49.7466n 
  250.00000m  187.8722n 
  300.00000m  619.6387n 
  350.00000m    1.7140u 
  400.00000m    3.8615u 
  450.00000m    7.2270u 
  500.00000m   11.7485u 
  550.00000m   17.2841u 
  600.00000m   23.6989u 
  650.00000m   30.8822u 
  700.00000m   38.7402u 
  750.00000m   47.1884u 
  800.00000m   56.1465u 
  850.00000m   65.5356u 
  900.00000m   75.2751u 
  950.00000m   85.2790u 
    1.00000    95.4503u 
y
 vth0_value= 247.3080m
 u0_param=  48.8941m
 ags_param= 420.1891m
 
   *** monte carlo  index = 120 ***
x

 volt         param     
             i_d_0.7    
    0.         92.6410p 
   50.00000m  475.4465p 
  100.00000m    2.3756n 
  150.00000m   11.1850n 
  200.00000m   47.8537n 
  250.00000m  181.6559n 
  300.00000m  602.8074n 
  350.00000m    1.6808u 
  400.00000m    3.8177u 
  450.00000m    7.1922u 
  500.00000m   11.7466u 
  550.00000m   17.3366u 
  600.00000m   23.8234u 
  650.00000m   31.0931u 
  700.00000m   39.0495u 
  750.00000m   47.6063u 
  800.00000m   56.6818u 
  850.00000m   66.1959u 
  900.00000m   76.0672u 
  950.00000m   86.2091u 
    1.00000    96.5243u 
y
 vth0_value= 249.4004m
 u0_param=  49.8345m
 ags_param= 411.8919m
 
   *** monte carlo  index = 121 ***
x

 volt         param     
             i_d_0.7    
    0.        118.5493p 
   50.00000m  607.4641p 
  100.00000m    3.0178n 
  150.00000m   14.0610n 
  200.00000m   59.2781n 
  250.00000m  221.3407n 
  300.00000m  719.8840n 
  350.00000m    1.9555u 
  400.00000m    4.3251u 
  450.00000m    7.9753u 
  500.00000m   12.8254u 
  550.00000m   18.7234u 
  600.00000m   25.5292u 
  650.00000m   33.1277u 
  700.00000m   41.4215u 
  750.00000m   50.3222u 
  800.00000m   59.7461u 
  850.00000m   69.6105u 
  900.00000m   79.8314u 
  950.00000m   90.3189u 
    1.00000   100.9716u 
y
 vth0_value= 242.8851m
 u0_param=  51.2676m
 ags_param= 430.1894m
 
   *** monte carlo  index = 122 ***
x

 volt         param     
             i_d_0.7    
    0.         41.7892p 
   50.00000m  214.5425p 
  100.00000m    1.0897n 
  150.00000m    5.2998n 
  200.00000m   23.8222n 
  250.00000m   95.8269n 
  300.00000m  339.8163n 
  350.00000m    1.0346u 
  400.00000m    2.5896u 
  450.00000m    5.3003u 
  500.00000m    9.2021u 
  550.00000m   14.1760u 
  600.00000m   20.0781u 
  650.00000m   26.7860u 
  700.00000m   34.1990u 
  750.00000m   42.2294u 
  800.00000m   50.7964u 
  850.00000m   59.8219u 
  900.00000m   69.2281u 
  950.00000m   78.9338u 
    1.00000    88.8501u 
y
 vth0_value= 272.9693m
 u0_param=  49.1262m
 ags_param= 409.0865m
 
   *** monte carlo  index = 123 ***
x

 volt         param     
             i_d_0.7    
    0.         53.4279p 
   50.00000m  274.5440p 
  100.00000m    1.3881n 
  150.00000m    6.6867n 
  200.00000m   29.6033n 
  250.00000m  116.9043n 
  300.00000m  406.1278n 
  350.00000m    1.2033u 
  400.00000m    2.9189u 
  450.00000m    5.8111u 
  500.00000m    9.8826u 
  550.00000m   15.0052u 
  600.00000m   21.0378u 
  650.00000m   27.8621u 
  700.00000m   35.3802u 
  750.00000m   43.5058u 
  800.00000m   52.1588u 
  850.00000m   61.2612u 
  900.00000m   70.7347u 
  950.00000m   80.4970u 
    1.00000    90.4571u 
y
 vth0_value= 265.3588m
 u0_param=  48.8543m
 ags_param= 419.4981m
 
   *** monte carlo  index = 124 ***
x

 volt         param     
             i_d_0.7    
    0.         49.6709p 
   50.00000m  255.1793p 
  100.00000m    1.2918n 
  150.00000m    6.2392n 
  200.00000m   27.7353n 
  250.00000m  110.0680n 
  300.00000m  384.5041n 
  350.00000m    1.1477u 
  400.00000m    2.8073u 
  450.00000m    5.6301u 
  500.00000m    9.6271u 
  550.00000m   14.6734u 
  600.00000m   20.6283u 
  650.00000m   27.3735u 
  700.00000m   34.8111u 
  750.00000m   42.8551u 
  800.00000m   51.4258u 
  850.00000m   60.4456u 
  900.00000m   69.8369u 
  950.00000m   79.5183u 
    1.00000    89.3998u 
y
 vth0_value= 267.3710m
 u0_param=  48.5630m
 ags_param= 409.4116m
 
   *** monte carlo  index = 125 ***
x

 volt         param     
             i_d_0.7    
    0.         35.9705p 
   50.00000m  184.4019p 
  100.00000m  938.3335p 
  150.00000m    4.5836n 
  200.00000m   20.7503n 
  250.00000m   84.2216n 
  300.00000m  301.6563n 
  350.00000m  930.5470n 
  400.00000m    2.3659u 
  450.00000m    4.9118u 
  500.00000m    8.6206u 
  550.00000m   13.3832u 
  600.00000m   19.0595u 
  650.00000m   25.5293u 
  700.00000m   32.6934u 
  750.00000m   40.4661u 
  800.00000m   48.7685u 
  850.00000m   57.5244u 
  900.00000m   66.6581u 
  950.00000m   76.0907u 
    1.00000    85.7357u 
y
 vth0_value= 276.6719m
 u0_param=  47.8429m
 ags_param= 408.4609m
 
   *** monte carlo  index = 126 ***
x

 volt         param     
             i_d_0.7    
    0.         73.6676p 
   50.00000m  378.4928p 
  100.00000m    1.9014n 
  150.00000m    9.0438n 
  200.00000m   39.2706n 
  250.00000m  151.6039n 
  300.00000m  513.1717n 
  350.00000m    1.4689u 
  400.00000m    3.4298u 
  450.00000m    6.6103u 
  500.00000m   10.9764u 
  550.00000m   16.3887u 
  600.00000m   22.7067u 
  650.00000m   29.8141u 
  700.00000m   37.6137u 
  750.00000m   46.0190u 
  800.00000m   54.9486u 
  850.00000m   64.3232u 
  900.00000m   74.0622u 
  950.00000m   84.0809u 
    1.00000    94.2842u 
y
 vth0_value= 256.1586m
 u0_param=  49.6094m
 ags_param= 426.5614m
 
   *** monte carlo  index = 127 ***
x

 volt         param     
             i_d_0.7    
    0.         53.6756p 
   50.00000m  275.8678p 
  100.00000m    1.3951n 
  150.00000m    6.7240n 
  200.00000m   29.7898n 
  250.00000m  117.7386n 
  300.00000m  409.3848n 
  350.00000m    1.2144u 
  400.00000m    2.9494u 
  450.00000m    5.8782u 
  500.00000m   10.0042u 
  550.00000m   15.1972u 
  600.00000m   21.3132u 
  650.00000m   28.2317u 
  700.00000m   35.8532u 
  750.00000m   44.0899u 
  800.00000m   52.8604u 
  850.00000m   62.0856u 
  900.00000m   71.6864u 
  950.00000m   81.5795u 
    1.00000    91.6733u 
y
 vth0_value= 265.7197m
 u0_param=  49.6246m
 ags_param= 421.1189m
 
   *** monte carlo  index = 128 ***
x

 volt         param     
             i_d_0.7    
    0.        133.0330p 
   50.00000m  680.6247p 
  100.00000m    3.3677n 
  150.00000m   15.5804n 
  200.00000m   65.0543n 
  250.00000m  240.3637n 
  300.00000m  771.6697n 
  350.00000m    2.0617u 
  400.00000m    4.4863u 
  450.00000m    8.1671u 
  500.00000m   13.0152u 
  550.00000m   18.8817u 
  600.00000m   25.6319u 
  650.00000m   33.1555u 
  700.00000m   41.3580u 
  750.00000m   50.1532u 
  800.00000m   59.4590u 
  850.00000m   69.1942u 
  900.00000m   79.2753u 
  950.00000m   89.6130u 
    1.00000   100.1053u 
y
 vth0_value= 238.6855m
 u0_param=  50.1176m
 ags_param= 431.3720m
 
   *** monte carlo  index = 129 ***
x

 volt         param     
             i_d_0.7    
    0.        110.1434p 
   50.00000m  564.5841p 
  100.00000m    2.8087n 
  150.00000m   13.1202n 
  200.00000m   55.5094n 
  250.00000m  208.1011n 
  300.00000m  680.2021n 
  350.00000m    1.8596u 
  400.00000m    4.1398u 
  450.00000m    7.6735u 
  500.00000m   12.3870u 
  550.00000m   18.1326u 
  600.00000m   24.7726u 
  650.00000m   32.1940u 
  700.00000m   40.3010u 
  750.00000m   49.0070u 
  800.00000m   58.2298u 
  850.00000m   67.8884u 
  900.00000m   77.9002u 
  950.00000m   88.1769u 
    1.00000    98.6191u 
y
 vth0_value= 244.4341m
 u0_param=  50.2157m
 ags_param= 419.2899m
 
   *** monte carlo  index = 130 ***
x

 volt         param     
             i_d_0.7    
    0.        125.2163p 
   50.00000m  640.9667p 
  100.00000m    3.1763n 
  150.00000m   14.7350n 
  200.00000m   61.7514n 
  250.00000m  229.0902n 
  300.00000m  739.2302n 
  350.00000m    1.9878u 
  400.00000m    4.3532u 
  450.00000m    7.9645u 
  500.00000m   12.7380u 
  550.00000m   18.5262u 
  600.00000m   25.1949u 
  650.00000m   32.6339u 
  700.00000m   40.7491u 
  750.00000m   49.4550u 
  800.00000m   58.6699u 
  850.00000m   68.3133u 
  900.00000m   78.3026u 
  950.00000m   88.5491u 
    1.00000    98.9522u 
y
 vth0_value= 240.2726m
 u0_param=  49.7503m
 ags_param= 417.1011m
 
   *** monte carlo  index = 131 ***
x

 volt         param     
             i_d_0.7    
    0.         59.9563p 
   50.00000m  308.1643p 
  100.00000m    1.5550n 
  150.00000m    7.4605n 
  200.00000m   32.8218n 
  250.00000m  128.6494n 
  300.00000m  443.1468n 
  350.00000m    1.2982u 
  400.00000m    3.1093u 
  450.00000m    6.1225u 
  500.00000m   10.3277u 
  550.00000m   15.5910u 
  600.00000m   21.7699u 
  650.00000m   28.7457u 
  700.00000m   36.4198u 
  750.00000m   44.7051u 
  800.00000m   53.5205u 
  850.00000m   62.7867u 
  900.00000m   72.4242u 
  950.00000m   82.3494u 
    1.00000    92.4695u 
y
 vth0_value= 262.3246m
 u0_param=  49.5408m
 ags_param= 426.3374m
 
   *** monte carlo  index = 132 ***
x

 volt         param     
             i_d_0.7    
    0.         70.4117p 
   50.00000m  361.8374p 
  100.00000m    1.8198n 
  150.00000m    8.6744n 
  200.00000m   37.7880n 
  250.00000m  146.4200n 
  300.00000m  497.7400n 
  350.00000m    1.4328u 
  400.00000m    3.3659u 
  450.00000m    6.5201u 
  500.00000m   10.8665u 
  550.00000m   16.2661u 
  600.00000m   22.5770u 
  650.00000m   29.6817u 
  700.00000m   37.4821u 
  750.00000m   45.8912u 
  800.00000m   54.8272u 
  850.00000m   64.2106u 
  900.00000m   73.9609u 
  950.00000m   83.9933u 
    1.00000    94.2134u 
y
 vth0_value= 257.6607m
 u0_param=  49.8263m
 ags_param= 412.4010m
 
   *** monte carlo  index = 133 ***
x

 volt         param     
             i_d_0.7    
    0.         94.1260p 
   50.00000m  483.0274p 
  100.00000m    2.4126n 
  150.00000m   11.3517n 
  200.00000m   48.5208n 
  250.00000m  183.9907n 
  300.00000m  609.7698n 
  350.00000m    1.6974u 
  400.00000m    3.8486u 
  450.00000m    7.2401u 
  500.00000m   11.8127u 
  550.00000m   17.4216u 
  600.00000m   23.9280u 
  650.00000m   31.2178u 
  700.00000m   39.1950u 
  750.00000m   47.7730u 
  800.00000m   56.8701u 
  850.00000m   66.4059u 
  900.00000m   76.2990u 
  950.00000m   86.4625u 
    1.00000    96.7988u 
y
 vth0_value= 248.9738m
 u0_param=  49.9158m
 ags_param= 416.5224m
 
   *** monte carlo  index = 134 ***
x

 volt         param     
             i_d_0.7    
    0.        139.1414p 
   50.00000m  711.4347p 
  100.00000m    3.5146n 
  150.00000m   16.2161n 
  200.00000m   67.4627n 
  250.00000m  248.2739n 
  300.00000m  793.1178n 
  350.00000m    2.1057u 
  400.00000m    4.5544u 
  450.00000m    8.2518u 
  500.00000m   13.1059u 
  550.00000m   18.9690u 
  600.00000m   25.7082u 
  650.00000m   33.2144u 
  700.00000m   41.3939u 
  750.00000m   50.1615u 
  800.00000m   59.4355u 
  850.00000m   69.1350u 
  900.00000m   79.1768u 
  950.00000m   89.4714u 
    1.00000    99.9169u 
y
 vth0_value= 237.1140m
 u0_param=  49.7772m
 ags_param= 425.6433m
 
   *** monte carlo  index = 135 ***
x

 volt         param     
             i_d_0.7    
    0.         62.1997p 
   50.00000m  319.7184p 
  100.00000m    1.6123n 
  150.00000m    7.7267n 
  200.00000m   33.9321n 
  250.00000m  132.7176n 
  300.00000m  456.0365n 
  350.00000m    1.3316u 
  400.00000m    3.1776u 
  450.00000m    6.2373u 
  500.00000m   10.4966u 
  550.00000m   15.8194u 
  600.00000m   22.0622u 
  650.00000m   29.1055u 
  700.00000m   36.8502u 
  750.00000m   45.2085u 
  800.00000m   54.0985u 
  850.00000m   63.4407u 
  900.00000m   73.1548u 
  950.00000m   83.1568u 
    1.00000    93.3531u 
y
 vth0_value= 261.4680m
 u0_param=  49.9319m
 ags_param= 416.5066m
 
   *** monte carlo  index = 136 ***
x

 volt         param     
             i_d_0.7    
    0.         90.0304p 
   50.00000m  461.9988p 
  100.00000m    2.3087n 
  150.00000m   10.8739n 
  200.00000m   46.5468n 
  250.00000m  176.8057n 
  300.00000m  587.1937n 
  350.00000m    1.6391u 
  400.00000m    3.7272u 
  450.00000m    7.0286u 
  500.00000m   11.4883u 
  550.00000m   16.9656u 
  600.00000m   23.3248u 
  650.00000m   30.4544u 
  700.00000m   38.2601u 
  750.00000m   46.6574u 
  800.00000m   55.5660u 
  850.00000m   64.9073u 
  900.00000m   74.6012u 
  950.00000m   84.5622u 
    1.00000    94.6944u 
y
 vth0_value= 249.6163m
 u0_param=  48.8430m
 ags_param= 407.7541m
 
   *** monte carlo  index = 137 ***
x

 volt         param     
             i_d_0.7    
    0.        128.3982p 
   50.00000m  656.9747p 
  100.00000m    3.2522n 
  150.00000m   15.0599n 
  200.00000m   62.9584n 
  250.00000m  232.9470n 
  300.00000m  749.2119n 
  350.00000m    2.0063u 
  400.00000m    4.3757u 
  450.00000m    7.9804u 
  500.00000m   12.7348u 
  550.00000m   18.4933u 
  600.00000m   25.1236u 
  650.00000m   32.5171u 
  700.00000m   40.5807u 
  750.00000m   49.2299u 
  800.00000m   58.3838u 
  850.00000m   67.9623u 
  900.00000m   77.8833u 
  950.00000m   88.0584u 
    1.00000    98.3871u 
y
 vth0_value= 239.2034m
 u0_param=  49.2679m
 ags_param= 422.0596m
 
   *** monte carlo  index = 138 ***
x

 volt         param     
             i_d_0.7    
    0.        156.9727p 
   50.00000m  801.7344p 
  100.00000m    3.9488n 
  150.00000m   18.1247n 
  200.00000m   74.8815n 
  250.00000m  273.4675n 
  300.00000m  865.0937n 
  350.00000m    2.2688u 
  400.00000m    4.8495u 
  450.00000m    8.7057u 
  500.00000m   13.7354u 
  550.00000m   19.7867u 
  600.00000m   26.7250u 
  650.00000m   34.4397u 
  700.00000m   42.8356u 
  750.00000m   51.8259u 
  800.00000m   61.3271u 
  850.00000m   71.2567u 
  900.00000m   81.5299u 
  950.00000m   92.0550u 
    1.00000   102.7279u 
y
 vth0_value= 234.1644m
 u0_param=  50.8451m
 ags_param= 428.5963m
 
   *** monte carlo  index = 139 ***
x

 volt         param     
             i_d_0.7    
    0.         46.8089p 
   50.00000m  240.4065p 
  100.00000m    1.2181n 
  150.00000m    5.8950n 
  200.00000m   26.2871n 
  250.00000m  104.7172n 
  300.00000m  367.3760n 
  350.00000m    1.1028u 
  400.00000m    2.7152u 
  450.00000m    5.4768u 
  500.00000m    9.4055u 
  550.00000m   14.3797u 
  600.00000m   20.2596u 
  650.00000m   26.9273u 
  700.00000m   34.2853u 
  750.00000m   42.2481u 
  800.00000m   50.7365u 
  850.00000m   59.6736u 
  900.00000m   68.9824u 
  950.00000m   78.5821u 
    1.00000    88.3835u 
y
 vth0_value= 268.9194m
 u0_param=  48.1903m
 ags_param= 422.4482m
 
   *** monte carlo  index = 140 ***
x

 volt         param     
             i_d_0.7    
    0.         55.7699p 
   50.00000m  286.6801p 
  100.00000m    1.4491n 
  150.00000m    6.9765n 
  200.00000m   30.8562n 
  250.00000m  121.7043n 
  300.00000m  422.1836n 
  350.00000m    1.2484u 
  400.00000m    3.0213u 
  450.00000m    6.0028u 
  500.00000m   10.1924u 
  550.00000m   15.4570u 
  600.00000m   21.6510u 
  650.00000m   28.6531u 
  700.00000m   36.3625u 
  750.00000m   44.6908u 
  800.00000m   53.5557u 
  850.00000m   62.8775u 
  900.00000m   72.5760u 
  950.00000m   82.5677u 
    1.00000    92.7599u 
y
 vth0_value= 264.8989m
 u0_param=  50.1476m
 ags_param= 409.7211m
 
   *** monte carlo  index = 141 ***
x

 volt         param     
             i_d_0.7    
    0.         60.7488p 
   50.00000m  312.2334p 
  100.00000m    1.5750n 
  150.00000m    7.5525n 
  200.00000m   33.1981n 
  250.00000m  129.9914n 
  300.00000m  447.2473n 
  350.00000m    1.3082u 
  400.00000m    3.1277u 
  450.00000m    6.1497u 
  500.00000m   10.3619u 
  550.00000m   15.6303u 
  600.00000m   21.8125u 
  650.00000m   28.7900u 
  700.00000m   36.4642u 
  750.00000m   44.7483u 
  800.00000m   53.5609u 
  850.00000m   62.8231u 
  900.00000m   72.4553u 
  950.00000m   82.3741u 
    1.00000    92.4866u 
y
 vth0_value= 261.9095m
 u0_param=  49.5115m
 ags_param= 405.6001m
 
   *** monte carlo  index = 142 ***
x

 volt         param     
             i_d_0.7    
    0.         95.6926p 
   50.00000m  491.0392p 
  100.00000m    2.4518n 
  150.00000m   11.5297n 
  200.00000m   49.2409n 
  250.00000m  186.5453n 
  300.00000m  617.5280n 
  350.00000m    1.7164u 
  400.00000m    3.8856u 
  450.00000m    7.3004u 
  500.00000m   11.9001u 
  550.00000m   17.5387u 
  600.00000m   24.0770u 
  650.00000m   31.4008u 
  700.00000m   39.4134u 
  750.00000m   48.0281u 
  800.00000m   57.1629u 
  850.00000m   66.7371u 
  900.00000m   76.6688u 
  950.00000m   86.8711u 
    1.00000    97.2460u 
y
 vth0_value= 248.6045m
 u0_param=  50.1150m
 ags_param= 412.4951m
 
   *** monte carlo  index = 143 ***
x

 volt         param     
             i_d_0.7    
    0.         41.3046p 
   50.00000m  211.9889p 
  100.00000m    1.0764n 
  150.00000m    5.2326n 
  200.00000m   23.5026n 
  250.00000m   94.4577n 
  300.00000m  334.6617n 
  350.00000m    1.0178u 
  400.00000m    2.5441u 
  450.00000m    5.2013u 
  500.00000m    9.0233u 
  550.00000m   13.8941u 
  600.00000m   19.6739u 
  650.00000m   26.2435u 
  700.00000m   33.5050u 
  750.00000m   41.3728u 
  800.00000m   49.7679u 
  850.00000m   58.6138u 
  900.00000m   67.8341u 
  950.00000m   77.3491u 
    1.00000    87.0708u 
y
 vth0_value= 272.5743m
 u0_param=  47.9899m
 ags_param= 417.3711m
 
   *** monte carlo  index = 144 ***
x

 volt         param     
             i_d_0.7    
    0.        165.1490p 
   50.00000m  842.7723p 
  100.00000m    4.1427n 
  150.00000m   18.9508n 
  200.00000m   77.9517n 
  250.00000m  283.3270n 
  300.00000m  890.8776n 
  350.00000m    2.3190u 
  400.00000m    4.9218u 
  450.00000m    8.7876u 
  500.00000m   13.8119u 
  550.00000m   19.8446u 
  600.00000m   26.7536u 
  650.00000m   34.4303u 
  700.00000m   42.7810u 
  750.00000m   51.7197u 
  800.00000m   61.1638u 
  850.00000m   71.0313u 
  900.00000m   81.2376u 
  950.00000m   91.6914u 
    1.00000   102.2880u 
y
 vth0_value= 232.2921m
 u0_param=  50.3072m
 ags_param= 432.1777m
 
   *** monte carlo  index = 145 ***
x

 volt         param     
             i_d_0.7    
    0.        148.0095p 
   50.00000m  756.7548p 
  100.00000m    3.7364n 
  150.00000m   17.2221n 
  200.00000m   71.5461n 
  250.00000m  262.8561n 
  300.00000m  837.8078n 
  350.00000m    2.2180u 
  400.00000m    4.7837u 
  450.00000m    8.6471u 
  500.00000m   13.7092u 
  550.00000m   19.8148u 
  600.00000m   26.8252u 
  650.00000m   34.6266u 
  700.00000m   43.1215u 
  750.00000m   52.2213u 
  800.00000m   61.8413u 
  850.00000m   71.8977u 
  900.00000m   82.3048u 
  950.00000m   92.9708u 
    1.00000   103.7913u 
y
 vth0_value= 236.5398m
 u0_param=  51.8101m
 ags_param= 427.6545m
 
   *** monte carlo  index = 146 ***
x

 volt         param     
             i_d_0.7    
    0.         43.4879p 
   50.00000m  223.3374p 
  100.00000m    1.1338n 
  150.00000m    5.5083n 
  200.00000m   24.7153n 
  250.00000m   99.1982n 
  300.00000m  350.8937n 
  350.00000m    1.0648u 
  400.00000m    2.6548u 
  450.00000m    5.4148u 
  500.00000m    9.3760u 
  550.00000m   14.4165u 
  600.00000m   20.3910u 
  650.00000m   27.1765u 
  700.00000m   34.6713u 
  750.00000m   42.7873u 
  800.00000m   51.4428u 
  850.00000m   60.5591u 
  900.00000m   70.0575u 
  950.00000m   79.8564u 
    1.00000    89.8659u 
y
 vth0_value= 272.0563m
 u0_param=  49.5801m
 ags_param= 415.4241m
 
   *** monte carlo  index = 147 ***
x

 volt         param     
             i_d_0.7    
    0.         67.2507p 
   50.00000m  345.6825p 
  100.00000m    1.7408n 
  150.00000m    8.3185n 
  200.00000m   36.3725n 
  250.00000m  141.5400n 
  300.00000m  483.5083n 
  350.00000m    1.4009u 
  400.00000m    3.3141u 
  450.00000m    6.4579u 
  500.00000m   10.8092u 
  550.00000m   16.2284u 
  600.00000m   22.5712u 
  650.00000m   29.7177u 
  700.00000m   37.5683u 
  750.00000m   46.0347u 
  800.00000m   55.0343u 
  850.00000m   64.4868u 
  900.00000m   74.3112u 
  950.00000m   84.4223u 
    1.00000    94.7256u 
y
 vth0_value= 259.4123m
 u0_param=  50.4008m
 ags_param= 415.5969m
 
   *** monte carlo  index = 148 ***
x

 volt         param     
             i_d_0.7    
    0.         82.7040p 
   50.00000m  424.7926p 
  100.00000m    2.1290n 
  150.00000m   10.0816n 
  200.00000m   43.4907n 
  250.00000m  166.6351n 
  300.00000m  559.0748n 
  350.00000m    1.5816u 
  400.00000m    3.6470u 
  450.00000m    6.9561u 
  500.00000m   11.4630u 
  550.00000m   17.0237u 
  600.00000m   23.4964u 
  650.00000m   30.7643u 
  700.00000m   38.7294u 
  750.00000m   47.3043u 
  800.00000m   56.4064u 
  850.00000m   65.9551u 
  900.00000m   75.8687u 
  950.00000m   86.0607u 
    1.00000    96.4342u 
y
 vth0_value= 253.1439m
 u0_param=  50.3445m
 ags_param= 438.1534m
 
   *** monte carlo  index = 149 ***
x

 volt         param     
             i_d_0.7    
    0.         61.3609p 
   50.00000m  315.3625p 
  100.00000m    1.5903n 
  150.00000m    7.6214n 
  200.00000m   33.4709n 
  250.00000m  130.9230n 
  300.00000m  449.9274n 
  350.00000m    1.3140u 
  400.00000m    3.1363u 
  450.00000m    6.1576u 
  500.00000m   10.3644u 
  550.00000m   15.6230u 
  600.00000m   21.7917u 
  650.00000m   28.7528u 
  700.00000m   36.4084u 
  750.00000m   44.6718u 
  800.00000m   53.4622u 
  850.00000m   62.7008u 
  900.00000m   72.3082u 
  950.00000m   82.2011u 
    1.00000    92.2866u 
y
 vth0_value= 261.4792m
 u0_param=  49.3143m
 ags_param= 415.0668m
 
   *** monte carlo  index = 150 ***
x

 volt         param     
             i_d_0.7    
    0.        135.3674p 
   50.00000m  692.3732p 
  100.00000m    3.4234n 
  150.00000m   15.8196n 
  200.00000m   65.9476n 
  250.00000m  243.2402n 
  300.00000m  779.2105n 
  350.00000m    2.0761u 
  400.00000m    4.5056u 
  450.00000m    8.1851u 
  500.00000m   13.0244u 
  550.00000m   18.8756u 
  600.00000m   25.6049u 
  650.00000m   33.1028u 
  700.00000m   41.2754u 
  750.00000m   50.0372u 
  800.00000m   59.3063u 
  850.00000m   69.0017u 
  900.00000m   79.0406u 
  950.00000m   89.3336u 
    1.00000    99.7793u 
y
 vth0_value= 237.9936m
 u0_param=  49.8566m
 ags_param= 412.1440m
 
   *** monte carlo  index = 151 ***
x

 volt         param     
             i_d_0.7    
    0.        141.6584p 
   50.00000m  724.4385p 
  100.00000m    3.5796n 
  150.00000m   16.5213n 
  200.00000m   68.7598n 
  250.00000m  253.1394n 
  300.00000m  808.9738n 
  350.00000m    2.1488u 
  400.00000m    4.6496u 
  450.00000m    8.4266u 
  500.00000m   13.3851u 
  550.00000m   19.3733u 
  600.00000m   26.2548u 
  650.00000m   33.9176u 
  700.00000m   42.2660u 
  750.00000m   51.2125u 
  800.00000m   60.6739u 
  850.00000m   70.5677u 
  900.00000m   80.8094u 
  950.00000m   91.3081u 
    1.00000   101.9608u 
y
 vth0_value= 237.3049m
 u0_param=  50.9214m
 ags_param= 430.0660m
 
   *** monte carlo  index = 152 ***
x

 volt         param     
             i_d_0.7    
    0.         45.9455p 
   50.00000m  235.9922p 
  100.00000m    1.1965n 
  150.00000m    5.7983n 
  200.00000m   25.9101n 
  250.00000m  103.4749n 
  300.00000m  364.0127n 
  350.00000m    1.0966u 
  400.00000m    2.7112u 
  450.00000m    5.4886u 
  500.00000m    9.4510u 
  550.00000m   14.4755u 
  600.00000m   20.4197u 
  650.00000m   27.1630u 
  700.00000m   34.6059u 
  750.00000m   42.6617u 
  800.00000m   51.2497u 
  850.00000m   60.2922u 
  900.00000m   69.7111u 
  950.00000m   79.4251u 
    1.00000    89.3446u 
y
 vth0_value= 269.9741m
 u0_param=  48.9359m
 ags_param= 414.3032m
 
   *** monte carlo  index = 153 ***
x

 volt         param     
             i_d_0.7    
    0.         54.0872p 
   50.00000m  277.9507p 
  100.00000m    1.4051n 
  150.00000m    6.7667n 
  200.00000m   29.9429n 
  250.00000m  118.1764n 
  300.00000m  410.2703n 
  350.00000m    1.2145u 
  400.00000m    2.9429u 
  450.00000m    5.8537u 
  500.00000m    9.9483u 
  550.00000m   15.0975u 
  600.00000m   21.1595u 
  650.00000m   28.0156u 
  700.00000m   35.5675u 
  750.00000m   43.7285u 
  800.00000m   52.4182u 
  850.00000m   61.5582u 
  900.00000m   71.0700u 
  950.00000m   80.8710u 
    1.00000    90.8701u 
y
 vth0_value= 265.1261m
 u0_param=  49.0650m
 ags_param= 415.3239m
 
   *** monte carlo  index = 154 ***
x

 volt         param     
             i_d_0.7    
    0.         70.0643p 
   50.00000m  360.1170p 
  100.00000m    1.8119n 
  150.00000m    8.6439n 
  200.00000m   37.7003n 
  250.00000m  146.2777n 
  300.00000m  498.0093n 
  350.00000m    1.4364u 
  400.00000m    3.3817u 
  450.00000m    6.5625u 
  500.00000m   10.9511u 
  550.00000m   16.4067u 
  600.00000m   22.7852u 
  650.00000m   29.9670u 
  700.00000m   37.8527u 
  750.00000m   46.3539u 
  800.00000m   55.3881u 
  850.00000m   64.8746u 
  900.00000m   74.7322u 
  950.00000m   84.8754u 
    1.00000    95.2091u 
y
 vth0_value= 258.2267m
 u0_param=  50.4795m
 ags_param= 423.0590m
 
   *** monte carlo  index = 155 ***
x

 volt         param     
             i_d_0.7    
    0.         32.6228p 
   50.00000m  167.0799p 
  100.00000m  851.5902p 
  150.00000m    4.1754n 
  200.00000m   19.0194n 
  250.00000m   77.8048n 
  300.00000m  281.0759n 
  350.00000m  876.7544n 
  400.00000m    2.2594u 
  450.00000m    4.7492u 
  500.00000m    8.4143u 
  550.00000m   13.1499u 
  600.00000m   18.8140u 
  650.00000m   25.2833u 
  700.00000m   32.4566u 
  750.00000m   40.2468u 
  800.00000m   48.5740u 
  850.00000m   57.3615u 
  900.00000m   66.5330u 
  950.00000m   76.0097u 
    1.00000    85.7053u 
y
 vth0_value= 279.9765m
 u0_param=  48.3457m
 ags_param= 409.0026m
 
   *** monte carlo  index = 156 ***
x

 volt         param     
             i_d_0.7    
    0.         34.4189p 
   50.00000m  176.4136p 
  100.00000m  898.7660p 
  150.00000m    4.4015n 
  200.00000m   20.0091n 
  250.00000m   81.6411n 
  300.00000m  294.0785n 
  350.00000m  913.8330n 
  400.00000m    2.3440u 
  450.00000m    4.9059u 
  500.00000m    8.6628u 
  550.00000m   13.5055u 
  600.00000m   19.2893u 
  650.00000m   25.8889u 
  700.00000m   33.2016u 
  750.00000m   41.1388u 
  800.00000m   49.6194u 
  850.00000m   58.5654u 
  900.00000m   67.8992u 
  950.00000m   77.5408u 
    1.00000    87.4026u 
y
 vth0_value= 278.9003m
 u0_param=  49.1915m
 ags_param= 421.6046m
 
   *** monte carlo  index = 157 ***
x

 volt         param     
             i_d_0.7    
    0.        110.5411p 
   50.00000m  566.7744p 
  100.00000m    2.8210n 
  150.00000m   13.1883n 
  200.00000m   55.8599n 
  250.00000m  209.6635n 
  300.00000m  686.2530n 
  350.00000m    1.8795u 
  400.00000m    4.1914u 
  450.00000m    7.7795u 
  500.00000m   12.5695u 
  550.00000m   18.4101u 
  600.00000m   25.1605u 
  650.00000m   32.7050u 
  700.00000m   40.9457u 
  750.00000m   49.7943u 
  800.00000m   59.1672u 
  850.00000m   68.9821u 
  900.00000m   79.1552u 
  950.00000m   89.5973u 
    1.00000   100.2083u 
y
 vth0_value= 244.9422m
 u0_param=  51.1901m
 ags_param= 417.1665m
 
   *** monte carlo  index = 158 ***
x

 volt         param     
             i_d_0.7    
    0.         64.9474p 
   50.00000m  333.7998p 
  100.00000m    1.6816n 
  150.00000m    8.0418n 
  200.00000m   35.2050n 
  250.00000m  137.1932n 
  300.00000m  469.4583n 
  350.00000m    1.3633u 
  400.00000m    3.2333u 
  450.00000m    6.3141u 
  500.00000m   10.5858u 
  550.00000m   15.9121u 
  600.00000m   22.1508u 
  650.00000m   29.1840u 
  700.00000m   36.9134u 
  750.00000m   45.2522u 
  800.00000m   54.1188u 
  850.00000m   63.4340u 
  900.00000m   73.1180u 
  950.00000m   83.0865u 
    1.00000    93.2460u 
y
 vth0_value= 259.9717m
 u0_param=  49.6327m
 ags_param= 414.3729m
 
   *** monte carlo  index = 159 ***
x

 volt         param     
             i_d_0.7    
    0.         36.1833p 
   50.00000m  185.4969p 
  100.00000m  943.7465p 
  150.00000m    4.6084n 
  200.00000m   20.8507n 
  250.00000m   84.5683n 
  300.00000m  302.6632n 
  350.00000m  932.7185n 
  400.00000m    2.3685u 
  450.00000m    4.9120u 
  500.00000m    8.6139u 
  550.00000m   13.3653u 
  600.00000m   19.0268u 
  650.00000m   25.4788u 
  700.00000m   32.6226u 
  750.00000m   40.3731u 
  800.00000m   48.6514u 
  850.00000m   57.3818u 
  900.00000m   66.4887u 
  950.00000m   75.8934u 
    1.00000    85.5095u 
y
 vth0_value= 276.3676m
 u0_param=  47.6563m
 ags_param= 410.9539m
 
   *** monte carlo  index = 160 ***
x

 volt         param     
             i_d_0.7    
    0.         90.6794p 
   50.00000m  465.3659p 
  100.00000m    2.3257n 
  150.00000m   10.9549n 
  200.00000m   46.8988n 
  250.00000m  178.1622n 
  300.00000m  591.7583n 
  350.00000m    1.6520u 
  400.00000m    3.7571u 
  450.00000m    7.0854u 
  500.00000m   11.5816u 
  550.00000m   17.1031u 
  600.00000m   23.5132u 
  650.00000m   30.6990u 
  700.00000m   38.5656u 
  750.00000m   47.0276u 
  800.00000m   56.0042u 
  850.00000m   65.4160u 
  900.00000m   75.1825u 
  950.00000m   85.2177u 
    1.00000    95.4253u 
y
 vth0_value= 249.6755m
 u0_param=  49.2641m
 ags_param= 407.2054m
 
   *** monte carlo  index = 161 ***
x

 volt         param     
             i_d_0.7    
    0.         71.8084p 
   50.00000m  368.9910p 
  100.00000m    1.8549n 
  150.00000m    8.8342n 
  200.00000m   38.4343n 
  250.00000m  148.7021n 
  300.00000m  504.6281n 
  350.00000m    1.4493u 
  400.00000m    3.3963u 
  450.00000m    6.5655u 
  500.00000m   10.9259u 
  550.00000m   16.3380u 
  600.00000m   22.6604u 
  650.00000m   29.7759u 
  700.00000m   37.5867u 
  750.00000m   46.0058u 
  800.00000m   54.9515u 
  850.00000m   64.3443u 
  900.00000m   74.1035u 
  950.00000m   84.1442u 
    1.00000    94.3717u 
y
 vth0_value= 257.0544m
 u0_param=  49.8041m
 ags_param= 425.1133m
 
   *** monte carlo  index = 162 ***
x

 volt         param     
             i_d_0.7    
    0.         87.7141p 
   50.00000m  450.3893p 
  100.00000m    2.2542n 
  150.00000m   10.6464n 
  200.00000m   45.7525n 
  250.00000m  174.5465n 
  300.00000m  582.6341n 
  350.00000m    1.6372u 
  400.00000m    3.7485u 
  450.00000m    7.1080u 
  500.00000m   11.6635u 
  550.00000m   17.2696u 
  600.00000m   23.7851u 
  650.00000m   31.0936u 
  700.00000m   39.0973u 
  750.00000m   47.7087u 
  800.00000m   56.8453u 
  850.00000m   66.4264u 
  900.00000m   76.3698u 
  950.00000m   86.5890u 
    1.00000    96.9866u 
y
 vth0_value= 251.4151m
 u0_param=  50.4114m
 ags_param= 416.3192m
 
   *** monte carlo  index = 163 ***
x

 volt         param     
             i_d_0.7    
    0.        224.8304p 
   50.00000m    1.1423n 
  100.00000m    5.5587n 
  150.00000m   25.0067n 
  200.00000m  100.6965n 
  250.00000m  357.5279n 
  300.00000m    1.0905u 
  350.00000m    2.7360u 
  400.00000m    5.6136u 
  450.00000m    9.7665u 
  500.00000m   15.0717u 
  550.00000m   21.3776u 
  600.00000m   28.5546u 
  650.00000m   36.4956u 
  700.00000m   45.1071u 
  750.00000m   54.3024u 
  800.00000m   63.9978u 
  850.00000m   74.1097u 
  900.00000m   84.5513u 
  950.00000m   95.2283u 
    1.00000   106.0319u 
y
 vth0_value= 223.3872m
 u0_param=  50.9334m
 ags_param= 424.7376m
 
   *** monte carlo  index = 164 ***
x

 volt         param     
             i_d_0.7    
    0.         81.9771p 
   50.00000m  420.9694p 
  100.00000m    2.1092n 
  150.00000m    9.9831n 
  200.00000m   43.0356n 
  250.00000m  164.7686n 
  300.00000m  552.3629n 
  350.00000m    1.5610u 
  400.00000m    3.5954u 
  450.00000m    6.8518u 
  500.00000m   11.2844u 
  550.00000m   16.7524u 
  600.00000m   23.1171u 
  650.00000m   30.2640u 
  700.00000m   38.0972u 
  750.00000m   46.5308u 
  800.00000m   55.4836u 
  850.00000m   64.8765u 
  900.00000m   74.6288u 
  950.00000m   84.6552u 
    1.00000    94.8599u 
y
 vth0_value= 252.8154m
 u0_param=  49.4193m
 ags_param= 419.7293m
 
   *** monte carlo  index = 165 ***
x

 volt         param     
             i_d_0.7    
    0.         73.4867p 
   50.00000m  377.6028p 
  100.00000m    1.8974n 
  150.00000m    9.0287n 
  200.00000m   39.2308n 
  250.00000m  151.5608n 
  300.00000m  513.4450n 
  350.00000m    1.4713u 
  400.00000m    3.4392u 
  450.00000m    6.6347u 
  500.00000m   11.0241u 
  550.00000m   16.4671u 
  600.00000m   22.8217u 
  650.00000m   29.9705u 
  700.00000m   37.8157u 
  750.00000m   46.2698u 
  800.00000m   55.2512u 
  850.00000m   64.6797u 
  900.00000m   74.4747u 
  950.00000m   84.5509u 
    1.00000    94.8132u 
y
 vth0_value= 256.4654m
 u0_param=  49.9711m
 ags_param= 419.9897m
 
   *** monte carlo  index = 166 ***
x

 volt         param     
             i_d_0.7    
    0.        173.1042p 
   50.00000m  883.1519p 
  100.00000m    4.3378n 
  150.00000m   19.8164n 
  200.00000m   81.3662n 
  250.00000m  295.1341n 
  300.00000m  925.5175n 
  350.00000m    2.4011u 
  400.00000m    5.0802u 
  450.00000m    9.0476u 
  500.00000m   14.1941u 
  550.00000m   20.3659u 
  600.00000m   27.4280u 
  650.00000m   35.2693u 
  700.00000m   43.7943u 
  750.00000m   52.9152u 
  800.00000m   62.5479u 
  850.00000m   72.6088u 
  900.00000m   83.0121u 
  950.00000m   93.6649u 
    1.00000   104.4617u 
y
 vth0_value= 231.5540m
 u0_param=  51.3809m
 ags_param= 423.6876m
 
   *** monte carlo  index = 167 ***
x

 volt         param     
             i_d_0.7    
    0.         79.1153p 
   50.00000m  406.4314p 
  100.00000m    2.0390n 
  150.00000m    9.6733n 
  200.00000m   41.8436n 
  250.00000m  160.8243n 
  300.00000m  541.5580n 
  350.00000m    1.5395u 
  400.00000m    3.5681u 
  450.00000m    6.8345u 
  500.00000m   11.2974u 
  550.00000m   16.8138u 
  600.00000m   23.2420u 
  650.00000m   30.4649u 
  700.00000m   38.3845u 
  750.00000m   46.9134u 
  800.00000m   55.9692u 
  850.00000m   65.4717u 
  900.00000m   75.3396u 
  950.00000m   85.4867u 
    1.00000    95.8170u 
y
 vth0_value= 254.3950m
 u0_param=  50.2109m
 ags_param= 423.9927m
 
   *** monte carlo  index = 168 ***
x

 volt         param     
             i_d_0.7    
    0.         42.5262p 
   50.00000m  218.3156p 
  100.00000m    1.1081n 
  150.00000m    5.3829n 
  200.00000m   24.1475n 
  250.00000m   96.8990n 
  300.00000m  342.7106n 
  350.00000m    1.0398u 
  400.00000m    2.5921u 
  450.00000m    5.2864u 
  500.00000m    9.1535u 
  550.00000m   14.0753u 
  600.00000m   19.9107u 
  650.00000m   26.5399u 
  700.00000m   33.8640u 
  750.00000m   41.7970u 
  800.00000m   50.2592u 
  850.00000m   59.1737u 
  900.00000m   68.4634u 
  950.00000m   78.0481u 
    1.00000    87.8395u 
y
 vth0_value= 271.9412m
 u0_param=  48.3665m
 ags_param= 402.8463m
 
   *** monte carlo  index = 169 ***
x

 volt         param     
             i_d_0.7    
    0.        109.1647p 
   50.00000m  559.4970p 
  100.00000m    2.7830n 
  150.00000m   12.9969n 
  200.00000m   54.9704n 
  250.00000m  206.0166n 
  300.00000m  673.1620n 
  350.00000m    1.8396u 
  400.00000m    4.0935u 
  450.00000m    7.5855u 
  500.00000m   12.2429u 
  550.00000m   17.9202u 
  600.00000m   24.4820u 
  650.00000m   31.8168u 
  700.00000m   39.8302u 
  750.00000m   48.4366u 
  800.00000m   57.5549u 
  850.00000m   67.1049u 
  900.00000m   77.0049u 
  950.00000m   87.1673u 
    1.00000    97.4933u 
y
 vth0_value= 244.2853m
 u0_param=  49.5671m
 ags_param= 417.7295m
 
   *** monte carlo  index = 170 ***
x

 volt         param     
             i_d_0.7    
    0.         77.3808p 
   50.00000m  397.3790p 
  100.00000m    1.9928n 
  150.00000m    9.4487n 
  200.00000m   40.8379n 
  250.00000m  156.8235n 
  300.00000m  527.6149n 
  350.00000m    1.4981u 
  400.00000m    3.4682u 
  450.00000m    6.6371u 
  500.00000m   10.9650u 
  550.00000m   16.3147u 
  600.00000m   22.5497u 
  650.00000m   29.5575u 
  700.00000m   37.2435u 
  750.00000m   45.5231u 
  800.00000m   54.3168u 
  850.00000m   63.5465u 
  900.00000m   73.1327u 
  950.00000m   82.9915u 
    1.00000    93.0284u 
y
 vth0_value= 253.9916m
 u0_param=  48.5608m
 ags_param= 421.0327m
 
   *** monte carlo  index = 171 ***
x

 volt         param     
             i_d_0.7    
    0.         61.0065p 
   50.00000m  313.4708p 
  100.00000m    1.5803n 
  150.00000m    7.5687n 
  200.00000m   33.2105n 
  250.00000m  129.7777n 
  300.00000m  445.5265n 
  350.00000m    1.2994u 
  400.00000m    3.0967u 
  450.00000m    6.0725u 
  500.00000m   10.2128u 
  550.00000m   15.3862u 
  600.00000m   21.4547u 
  650.00000m   28.3030u 
  700.00000m   35.8351u 
  750.00000m   43.9664u 
  800.00000m   52.6171u 
  850.00000m   61.7099u 
  900.00000m   71.1666u 
  950.00000m   80.9046u 
    1.00000    90.8321u 
y
 vth0_value= 261.0542m
 u0_param=  48.3995m
 ags_param= 418.7160m
 
   *** monte carlo  index = 172 ***
x

 volt         param     
             i_d_0.7    
    0.         24.7302p 
   50.00000m  126.1020p 
  100.00000m  644.9604p 
  150.00000m    3.1901n 
  200.00000m   14.7506n 
  250.00000m   61.5436n 
  300.00000m  227.1938n 
  350.00000m  728.4781n 
  400.00000m    1.9428u 
  450.00000m    4.2191u 
  500.00000m    7.6666u 
  550.00000m   12.1985u 
  600.00000m   17.6735u 
  650.00000m   23.9649u 
  700.00000m   30.9691u 
  750.00000m   38.5976u 
  800.00000m   46.7704u 
  850.00000m   55.4111u 
  900.00000m   64.4442u 
  950.00000m   73.7923u 
    1.00000    83.3715u 
y
 vth0_value= 288.3696m
 u0_param=  48.2480m
 ags_param= 410.5570m
 
   *** monte carlo  index = 173 ***
x

 volt         param     
             i_d_0.7    
    0.         70.9597p 
   50.00000m  364.6186p 
  100.00000m    1.8332n 
  150.00000m    8.7331n 
  200.00000m   38.0102n 
  250.00000m  147.1336n 
  300.00000m  499.5974n 
  350.00000m    1.4360u 
  400.00000m    3.3679u 
  450.00000m    6.5152u 
  500.00000m   10.8480u 
  550.00000m   16.2278u 
  600.00000m   22.5137u 
  650.00000m   29.5893u 
  700.00000m   37.3572u 
  750.00000m   45.7309u 
  800.00000m   54.6290u 
  850.00000m   63.9723u 
  900.00000m   73.6807u 
  950.00000m   83.6697u 
    1.00000    93.8448u 
y
 vth0_value= 257.2462m
 u0_param=  49.5457m
 ags_param= 414.0220m
 
   *** monte carlo  index = 174 ***
x

 volt         param     
             i_d_0.7    
    0.         90.1347p 
   50.00000m  462.5631p 
  100.00000m    2.3118n 
  150.00000m   10.8904n 
  200.00000m   46.6293n 
  250.00000m  177.1685n 
  300.00000m  588.5854n 
  350.00000m    1.6436u 
  400.00000m    3.7391u 
  450.00000m    7.0535u 
  500.00000m   11.5318u 
  550.00000m   17.0323u 
  600.00000m   23.4188u 
  650.00000m   30.5789u 
  700.00000m   38.4181u 
  750.00000m   46.8513u 
  800.00000m   55.7979u 
  850.00000m   65.1790u 
  900.00000m   74.9140u 
  950.00000m   84.9174u 
    1.00000    95.0928u 
y
 vth0_value= 249.7357m
 u0_param=  49.0783m
 ags_param= 413.2856m
 
   *** monte carlo  index = 175 ***
x

 volt         param     
             i_d_0.7    
    0.        107.1844p 
   50.00000m  549.2917p 
  100.00000m    2.7322n 
  150.00000m   12.7602n 
  200.00000m   53.9731n 
  250.00000m  202.3048n 
  300.00000m  661.1763n 
  350.00000m    1.8074u 
  400.00000m    4.0231u 
  450.00000m    7.4573u 
  500.00000m   12.0393u 
  550.00000m   17.6266u 
  600.00000m   24.0863u 
  650.00000m   31.3091u 
  700.00000m   39.2021u 
  750.00000m   47.6812u 
  800.00000m   56.6664u 
  850.00000m   66.0788u 
  900.00000m   75.8375u 
  950.00000m   85.8559u 
    1.00000    96.0360u 
y
 vth0_value= 244.3030m
 u0_param=  48.7510m
 ags_param= 425.6796m
 
   *** monte carlo  index = 176 ***
x

 volt         param     
             i_d_0.7    
    0.         52.5816p 
   50.00000m  270.0948p 
  100.00000m    1.3650n 
  150.00000m    6.5716n 
  200.00000m   29.0656n 
  250.00000m  114.6565n 
  300.00000m  397.8739n 
  350.00000m    1.1772u 
  400.00000m    2.8508u 
  450.00000m    5.6680u 
  500.00000m    9.6304u 
  550.00000m   14.6142u 
  600.00000m   20.4830u 
  650.00000m   27.1229u 
  700.00000m   34.4390u 
  750.00000m   42.3477u 
  800.00000m   50.7711u 
  850.00000m   59.6334u 
  900.00000m   68.8581u 
  950.00000m   78.3648u 
    1.00000    88.0642u 
y
 vth0_value= 264.8761m
 u0_param=  47.4045m
 ags_param= 402.1124m
 
   *** monte carlo  index = 177 ***
x

 volt         param     
             i_d_0.7    
    0.         57.8101p 
   50.00000m  297.0636p 
  100.00000m    1.4993n 
  150.00000m    7.1982n 
  200.00000m   31.6994n 
  250.00000m  124.4005n 
  300.00000m  429.1340n 
  350.00000m    1.2597u 
  400.00000m    3.0235u 
  450.00000m    5.9653u 
  500.00000m   10.0775u 
  550.00000m   15.2302u 
  600.00000m   21.2841u 
  650.00000m   28.1229u 
  700.00000m   35.6499u 
  750.00000m   43.7798u 
  800.00000m   52.4328u 
  850.00000m   61.5312u 
  900.00000m   70.9968u 
  950.00000m   80.7470u 
    1.00000    90.6903u 
y
 vth0_value= 262.7903m
 u0_param=  48.5686m
 ags_param= 433.8870m
 
   *** monte carlo  index = 178 ***
x

 volt         param     
             i_d_0.7    
    0.         26.3892p 
   50.00000m  134.7149p 
  100.00000m  688.3691p 
  150.00000m    3.3968n 
  200.00000m   15.6427n 
  250.00000m   64.9130n 
  300.00000m  238.2185n 
  350.00000m  758.1820n 
  400.00000m    2.0032u 
  450.00000m    4.3112u 
  500.00000m    7.7792u 
  550.00000m   12.3162u 
  600.00000m   17.7829u 
  650.00000m   24.0548u 
  700.00000m   31.0305u 
  750.00000m   38.6228u 
  800.00000m   46.7528u 
  850.00000m   55.3447u 
  900.00000m   64.3236u 
  950.00000m   73.6123u 
    1.00000    83.1270u 
y
 vth0_value= 286.0325m
 u0_param=  47.7237m
 ags_param= 410.4909m
 
   *** monte carlo  index = 179 ***
x

 volt         param     
             i_d_0.7    
    0.         92.4663p 
   50.00000m  474.4744p 
  100.00000m    2.3700n 
  150.00000m   11.1533n 
  200.00000m   47.6854n 
  250.00000m  180.8819n 
  300.00000m  599.7300n 
  350.00000m    1.6704u 
  400.00000m    3.7898u 
  450.00000m    7.1333u 
  500.00000m   11.6436u 
  550.00000m   17.1781u 
  600.00000m   23.6002u 
  650.00000m   30.7975u 
  700.00000m   38.6752u 
  750.00000m   47.1478u 
  800.00000m   56.1347u 
  850.00000m   65.5565u 
  900.00000m   75.3325u 
  950.00000m   85.3767u 
    1.00000    95.5921u 
y
 vth0_value= 249.0803m
 u0_param=  49.2526m
 ags_param= 416.7829m
 
   *** monte carlo  index = 180 ***
x

 volt         param     
             i_d_0.7    
    0.         49.9970p 
   50.00000m  256.8985p 
  100.00000m    1.3007n 
  150.00000m    6.2844n 
  200.00000m   27.9497n 
  250.00000m  110.9801n 
  300.00000m  387.9096n 
  350.00000m    1.1587u 
  400.00000m    2.8366u 
  450.00000m    5.6926u 
  500.00000m    9.7385u 
  550.00000m   14.8474u 
  600.00000m   20.8762u 
  650.00000m   27.7045u 
  700.00000m   35.2330u 
  750.00000m   43.3745u 
  800.00000m   52.0480u 
  850.00000m   61.1753u 
  900.00000m   70.6776u 
  950.00000m   80.4729u 
    1.00000    90.4706u 
y
 vth0_value= 267.6157m
 u0_param=  49.2393m
 ags_param= 404.9878m
 
   *** monte carlo  index = 181 ***
x

 volt         param     
             i_d_0.7    
    0.         52.1901p 
   50.00000m  268.1957p 
  100.00000m    1.3568n 
  150.00000m    6.5445n 
  200.00000m   29.0301n 
  250.00000m  114.9069n 
  300.00000m  400.2173n 
  350.00000m    1.1899u 
  400.00000m    2.8973u 
  450.00000m    5.7874u 
  500.00000m    9.8664u 
  550.00000m   15.0059u 
  600.00000m   21.0631u 
  650.00000m   27.9184u 
  700.00000m   35.4725u 
  750.00000m   43.6386u 
  800.00000m   52.3358u 
  850.00000m   61.4855u 
  900.00000m   71.0092u 
  950.00000m   80.8243u 
    1.00000    90.8398u 
y
 vth0_value= 266.3196m
 u0_param=  49.2414m
 ags_param= 411.9649m
 
   *** monte carlo  index = 182 ***
x

 volt         param     
             i_d_0.7    
    0.         64.6348p 
   50.00000m  332.1601p 
  100.00000m    1.6731n 
  150.00000m    7.9999n 
  200.00000m   35.0125n 
  250.00000m  136.4042n 
  300.00000m  466.6223n 
  350.00000m    1.3545u 
  400.00000m    3.2113u 
  450.00000m    6.2692u 
  500.00000m   10.5084u 
  550.00000m   15.7941u 
  600.00000m   21.9856u 
  650.00000m   28.9663u 
  700.00000m   36.6387u 
  750.00000m   44.9168u 
  800.00000m   53.7197u 
  850.00000m   62.9689u 
  900.00000m   72.5848u 
  950.00000m   82.4838u 
    1.00000    92.5725u 
y
 vth0_value= 259.8416m
 u0_param=  49.2072m
 ags_param= 425.5556m
 
   *** monte carlo  index = 183 ***
x

 volt         param     
             i_d_0.7    
    0.         60.0864p 
   50.00000m  308.8329p 
  100.00000m    1.5583n 
  150.00000m    7.4757n 
  200.00000m   32.8848n 
  250.00000m  128.8767n 
  300.00000m  443.8528n 
  350.00000m    1.3000u 
  400.00000m    3.1127u 
  450.00000m    6.1279u 
  500.00000m   10.3350u 
  550.00000m   15.6000u 
  600.00000m   21.7806u 
  650.00000m   28.7580u 
  700.00000m   36.4334u 
  750.00000m   44.7200u 
  800.00000m   53.5364u 
  850.00000m   62.8034u 
  900.00000m   72.4416u 
  950.00000m   82.3673u 
    1.00000    92.4878u 
y
 vth0_value= 262.2638m
 u0_param=  49.5478m
 ags_param= 421.6426m
 
   *** monte carlo  index = 184 ***
x

 volt         param     
             i_d_0.7    
    0.         54.7594p 
   50.00000m  281.4143p 
  100.00000m    1.4223n 
  150.00000m    6.8466n 
  200.00000m   30.2761n 
  250.00000m  119.3953n 
  300.00000m  414.1211n 
  350.00000m    1.2244u 
  400.00000m    2.9628u 
  450.00000m    5.8861u 
  500.00000m    9.9942u 
  550.00000m   15.1574u 
  600.00000m   21.2335u 
  650.00000m   28.1039u 
  700.00000m   35.6701u 
  750.00000m   43.8454u 
  800.00000m   52.5491u 
  850.00000m   61.7030u 
  900.00000m   71.2282u 
  950.00000m   81.0423u 
    1.00000    91.0540u 
y
 vth0_value= 264.7986m
 u0_param=  49.1349m
 ags_param= 404.4488m
 
   *** monte carlo  index = 185 ***
x

 volt         param     
             i_d_0.7    
    0.         29.5244p 
   50.00000m  150.9915p 
  100.00000m  770.4253p 
  150.00000m    3.7879n 
  200.00000m   17.3353n 
  250.00000m   71.3491n 
  300.00000m  259.4964n 
  350.00000m  816.5214n 
  400.00000m    2.1268u 
  450.00000m    4.5158u 
  500.00000m    8.0634u 
  550.00000m   12.6718u 
  600.00000m   18.2018u 
  650.00000m   24.5309u 
  700.00000m   31.5589u 
  750.00000m   39.1997u 
  800.00000m   47.3743u 
  850.00000m   56.0072u 
  900.00000m   65.0233u 
  950.00000m   74.3449u 
    1.00000    83.8874u 
y
 vth0_value= 282.5360m
 u0_param=  47.6234m
 ags_param= 423.6296m
 
   *** monte carlo  index = 186 ***
x

 volt         param     
             i_d_0.7    
    0.         80.2453p 
   50.00000m  412.1197p 
  100.00000m    2.0660n 
  150.00000m    9.7876n 
  200.00000m   42.2523n 
  250.00000m  162.0282n 
  300.00000m  544.1949n 
  350.00000m    1.5417u 
  400.00000m    3.5603u 
  450.00000m    6.7994u 
  500.00000m   11.2157u 
  550.00000m   16.6683u 
  600.00000m   23.0185u 
  650.00000m   30.1516u 
  700.00000m   37.9713u 
  750.00000m   46.3918u 
  800.00000m   55.3319u 
  850.00000m   64.7123u 
  900.00000m   74.4528u 
  950.00000m   84.4680u 
    1.00000    94.6625u 
y
 vth0_value= 253.4581m
 u0_param=  49.4186m
 ags_param= 411.7325m
 
   *** monte carlo  index = 187 ***
x

 volt         param     
             i_d_0.7    
    0.         66.4977p 
   50.00000m  341.7447p 
  100.00000m    1.7206n 
  150.00000m    8.2196n 
  200.00000m   35.9243n 
  250.00000m  139.7294n 
  300.00000m  477.0944n 
  350.00000m    1.3814u 
  400.00000m    3.2660u 
  450.00000m    6.3609u 
  500.00000m   10.6433u 
  550.00000m   15.9767u 
  600.00000m   22.2194u 
  650.00000m   29.2542u 
  700.00000m   36.9832u 
  750.00000m   45.3197u 
  800.00000m   54.1825u 
  850.00000m   63.4925u 
  900.00000m   73.1696u 
  950.00000m   83.1299u 
    1.00000    93.2797u 
y
 vth0_value= 259.1937m
 u0_param=  49.5296m
 ags_param= 413.3831m
 
   *** monte carlo  index = 188 ***
x

 volt         param     
             i_d_0.7    
    0.        163.7692p 
   50.00000m  836.1182p 
  100.00000m    4.1138n 
  150.00000m   18.8482n 
  200.00000m   77.6854n 
  250.00000m  282.9602n 
  300.00000m  892.0953n 
  350.00000m    2.3298u 
  400.00000m    4.9599u 
  450.00000m    8.8759u 
  500.00000m   13.9724u 
  550.00000m   20.0958u 
  600.00000m   27.1106u 
  650.00000m   34.9055u 
  700.00000m   43.3849u 
  750.00000m   52.4609u 
  800.00000m   62.0497u 
  850.00000m   72.0681u 
  900.00000m   82.4304u 
  950.00000m   93.0444u 
    1.00000   103.8054u 
y
 vth0_value= 233.1615m
 u0_param=  51.2804m
 ags_param= 423.4550m
 
   *** monte carlo  index = 189 ***
x

 volt         param     
             i_d_0.7    
    0.        126.4963p 
   50.00000m  647.3472p 
  100.00000m    3.2060n 
  150.00000m   14.8573n 
  200.00000m   62.1767n 
  250.00000m  230.3207n 
  300.00000m  741.8338n 
  350.00000m    1.9902u 
  400.00000m    4.3484u 
  450.00000m    7.9418u 
  500.00000m   12.6860u 
  550.00000m   18.4355u 
  600.00000m   25.0577u 
  650.00000m   32.4438u 
  700.00000m   40.5007u 
  750.00000m   49.1439u 
  800.00000m   58.2923u 
  850.00000m   67.8660u 
  900.00000m   77.7829u 
  950.00000m   87.9546u 
    1.00000    98.2808u 
y
 vth0_value= 239.6581m
 u0_param=  49.2758m
 ags_param= 424.9027m
 
   *** monte carlo  index = 190 ***
x

 volt         param     
             i_d_0.7    
    0.        197.0966p 
   50.00000m    1.0035n 
  100.00000m    4.9056n 
  150.00000m   22.2347n 
  200.00000m   90.3813n 
  250.00000m  324.2481n 
  300.00000m    1.0025u 
  350.00000m    2.5563u 
  400.00000m    5.3225u 
  450.00000m    9.3640u 
  500.00000m   14.5647u 
  550.00000m   20.7727u 
  600.00000m   27.8568u 
  650.00000m   35.7086u 
  700.00000m   44.2342u 
  750.00000m   53.3470u 
  800.00000m   62.9634u 
  850.00000m   73.0003u 
  900.00000m   83.3717u 
  950.00000m   93.9843u 
    1.00000   104.7313u 
y
 vth0_value= 227.3113m
 u0_param=  50.8578m
 ags_param= 421.9700m
 
   *** monte carlo  index = 191 ***
x

 volt         param     
             i_d_0.7    
    0.        104.8331p 
   50.00000m  537.4575p 
  100.00000m    2.6761n 
  150.00000m   12.5206n 
  200.00000m   53.0922n 
  250.00000m  199.5473n 
  300.00000m  654.3084n 
  350.00000m    1.7962u 
  400.00000m    4.0153u 
  450.00000m    7.4680u 
  500.00000m   12.0852u 
  550.00000m   17.7225u 
  600.00000m   24.2441u 
  650.00000m   31.5388u 
  700.00000m   39.5120u 
  750.00000m   48.0784u 
  800.00000m   57.1571u 
  850.00000m   66.6680u 
  900.00000m   76.5298u 
  950.00000m   86.6553u 
    1.00000    96.9461u 
y
 vth0_value= 245.4160m
 u0_param=  49.4307m
 ags_param= 423.7963m
 
   *** monte carlo  index = 192 ***
x

 volt         param     
             i_d_0.7    
    0.         76.0726p 
   50.00000m  390.7888p 
  100.00000m    1.9616n 
  150.00000m    9.3158n 
  200.00000m   40.3603n 
  250.00000m  155.4077n 
  300.00000m  524.4642n 
  350.00000m    1.4952u 
  400.00000m    3.4763u 
  450.00000m    6.6761u 
  500.00000m   11.0569u 
  550.00000m   16.4788u 
  600.00000m   22.8021u 
  650.00000m   29.9112u 
  700.00000m   37.7094u 
  750.00000m   46.1105u 
  800.00000m   55.0332u 
  850.00000m   64.3984u 
  900.00000m   74.1257u 
  950.00000m   84.1302u 
    1.00000    94.3171u 
y
 vth0_value= 255.1107m
 u0_param=  49.4860m
 ags_param= 408.6215m
 
   *** monte carlo  index = 193 ***
x

 volt         param     
             i_d_0.7    
    0.         44.7584p 
   50.00000m  229.8616p 
  100.00000m    1.1660n 
  150.00000m    5.6552n 
  200.00000m   25.3069n 
  250.00000m  101.2449n 
  300.00000m  356.8718n 
  350.00000m    1.0779u 
  400.00000m    2.6731u 
  450.00000m    5.4261u 
  500.00000m    9.3623u 
  550.00000m   14.3603u 
  600.00000m   20.2776u 
  650.00000m   26.9938u 
  700.00000m   34.4094u 
  750.00000m   42.4376u 
  800.00000m   50.9980u 
  850.00000m   60.0130u 
  900.00000m   69.4048u 
  950.00000m   79.0922u 
    1.00000    88.9859u 
y
 vth0_value= 270.7019m
 u0_param=  48.8374m
 ags_param= 415.1014m
 
   *** monte carlo  index = 194 ***
x

 volt         param     
             i_d_0.7    
    0.        113.2533p 
   50.00000m  580.3649p 
  100.00000m    2.8849n 
  150.00000m   13.4561n 
  200.00000m   56.8150n 
  250.00000m  212.5180n 
  300.00000m  692.7368n 
  350.00000m    1.8872u 
  400.00000m    4.1863u 
  450.00000m    7.7378u 
  500.00000m   12.4656u 
  550.00000m   18.2219u 
  600.00000m   24.8700u 
  650.00000m   32.2972u 
  700.00000m   40.4083u 
  750.00000m   49.1167u 
  800.00000m   58.3404u 
  850.00000m   67.9984u 
  900.00000m   78.0082u 
  950.00000m   88.2814u 
    1.00000    98.7183u 
y
 vth0_value= 243.5390m
 u0_param=  50.1272m
 ags_param= 421.1019m
 
   *** monte carlo  index = 195 ***
x

 volt         param     
             i_d_0.7    
    0.        157.6113p 
   50.00000m  804.5643p 
  100.00000m    3.9586n 
  150.00000m   18.1379n 
  200.00000m   74.7674n 
  250.00000m  272.4034n 
  300.00000m  859.1887n 
  350.00000m    2.2451u 
  400.00000m    4.7825u 
  450.00000m    8.5633u 
  500.00000m   13.4872u 
  550.00000m   19.4071u 
  600.00000m   26.1929u 
  650.00000m   33.7373u 
  700.00000m   41.9482u 
  750.00000m   50.7406u 
  800.00000m   60.0335u 
  850.00000m   69.7457u 
  900.00000m   79.7942u 
  950.00000m   90.0885u 
    1.00000   100.5256u 
y
 vth0_value= 233.1828m
 u0_param=  49.5061m
 ags_param= 422.1848m
 
   *** monte carlo  index = 196 ***
x

 volt         param     
             i_d_0.7    
    0.         68.3044p 
   50.00000m  351.1063p 
  100.00000m    1.7677n 
  150.00000m    8.4432n 
  200.00000m   36.8922n 
  250.00000m  143.4440n 
  300.00000m  489.5405n 
  350.00000m    1.4165u 
  400.00000m    3.3464u 
  450.00000m    6.5130u 
  500.00000m   10.8916u 
  550.00000m   16.3414u 
  600.00000m   22.7176u 
  650.00000m   29.8999u 
  700.00000m   37.7881u 
  750.00000m   46.2936u 
  800.00000m   55.3336u 
  850.00000m   64.8273u 
  900.00000m   74.6935u 
  950.00000m   84.8467u 
    1.00000    95.1920u 
y
 vth0_value= 259.0860m
 u0_param=  50.6256m
 ags_param= 410.8343m
 
   *** monte carlo  index = 197 ***
x

 volt         param     
             i_d_0.7    
    0.         64.4253p 
   50.00000m  331.1374p 
  100.00000m    1.6686n 
  150.00000m    7.9840n 
  200.00000m   34.9796n 
  250.00000m  136.4395n 
  300.00000m  467.3623n 
  350.00000m    1.3590u 
  400.00000m    3.2282u 
  450.00000m    6.3122u 
  500.00000m   10.5925u 
  550.00000m   15.9324u 
  600.00000m   22.1891u 
  650.00000m   29.2440u 
  700.00000m   36.9984u 
  750.00000m   45.3649u 
  800.00000m   54.2618u 
  850.00000m   63.6094u 
  900.00000m   73.3277u 
  950.00000m   83.3322u 
    1.00000    93.5292u 
y
 vth0_value= 260.3471m
 u0_param=  49.8377m
 ags_param= 429.2218m
 
   *** monte carlo  index = 198 ***
x

 volt         param     
             i_d_0.7    
    0.         57.5256p 
   50.00000m  295.6693p 
  100.00000m    1.4932n 
  150.00000m    7.1760n 
  200.00000m   31.6516n 
  250.00000m  124.4405n 
  300.00000m  430.1289n 
  350.00000m    1.2659u 
  400.00000m    3.0473u 
  450.00000m    6.0269u 
  500.00000m   10.1994u 
  550.00000m   15.4321u 
  600.00000m   21.5823u 
  650.00000m   28.5307u 
  700.00000m   36.1784u 
  750.00000m   44.4381u 
  800.00000m   53.2287u 
  850.00000m   62.4711u 
  900.00000m   72.0859u 
  950.00000m   81.9899u 
    1.00000    92.0907u 
y
 vth0_value= 263.5652m
 u0_param=  49.5276m
 ags_param= 418.6591m
 
   *** monte carlo  index = 199 ***
x

 volt         param     
             i_d_0.7    
    0.         78.8969p 
   50.00000m  405.2688p 
  100.00000m    2.0328n 
  150.00000m    9.6415n 
  200.00000m   41.6897n 
  250.00000m  160.1651n 
  300.00000m  539.0850n 
  350.00000m    1.5315u 
  400.00000m    3.5473u 
  450.00000m    6.7912u 
  500.00000m   11.2217u 
  550.00000m   16.6973u 
  600.00000m   23.0777u 
  650.00000m   30.2467u 
  700.00000m   38.1075u 
  750.00000m   46.5731u 
  800.00000m   55.5620u 
  850.00000m   64.9945u 
  900.00000m   74.7897u 
  950.00000m   84.8622u 
    1.00000    95.1164u 
y
 vth0_value= 254.2114m
 u0_param=  49.7944m
 ags_param= 413.4778m
 
   *** monte carlo  index = 200 ***
x

 volt         param     
             i_d_0.7    
    0.         71.9537p 
   50.00000m  369.6691p 
  100.00000m    1.8576n 
  150.00000m    8.8405n 
  200.00000m   38.4210n 
  250.00000m  148.4742n 
  300.00000m  503.1847n 
  350.00000m    1.4426u 
  400.00000m    3.3743u 
  450.00000m    6.5129u 
  500.00000m   10.8264u 
  550.00000m   16.1775u 
  600.00000m   22.4269u 
  650.00000m   29.4595u 
  700.00000m   37.1789u 
  750.00000m   45.4994u 
  800.00000m   54.3404u 
  850.00000m   63.6232u 
  900.00000m   73.2681u 
  950.00000m   83.1909u 
    1.00000    93.2976u 
y
 vth0_value= 256.5540m
 u0_param=  49.1256m
 ags_param= 411.4127m
 
   *** monte carlo  index = 201 ***
x

 volt         param     
             i_d_0.7    
    0.         50.6534p 
   50.00000m  260.2881p 
  100.00000m    1.3176n 
  150.00000m    6.3636n 
  200.00000m   28.2838n 
  250.00000m  112.2206n 
  300.00000m  391.9051n 
  350.00000m    1.1693u 
  400.00000m    2.8587u 
  450.00000m    5.7304u 
  500.00000m    9.7946u 
  550.00000m   14.9238u 
  600.00000m   20.9745u 
  650.00000m   27.8262u 
  700.00000m   35.3794u 
  750.00000m   43.5466u 
  800.00000m   52.2467u 
  850.00000m   61.4013u 
  900.00000m   70.9315u 
  950.00000m   80.7549u 
    1.00000    90.7806u 
y
 vth0_value= 267.3025m
 u0_param=  49.3642m
 ags_param= 411.3870m
 
   *** monte carlo  index = 202 ***
x

 volt         param     
             i_d_0.7    
    0.         86.8526p 
   50.00000m  445.8037p 
  100.00000m    2.2299n 
  150.00000m   10.5215n 
  200.00000m   45.1530n 
  250.00000m  172.0037n 
  300.00000m  573.1994n 
  350.00000m    1.6072u 
  400.00000m    3.6718u 
  450.00000m    6.9507u 
  500.00000m   11.3925u 
  550.00000m   16.8568u 
  600.00000m   23.2073u 
  650.00000m   30.3318u 
  700.00000m   38.1355u 
  750.00000m   46.5338u 
  800.00000m   55.4461u 
  850.00000m   64.7938u 
  900.00000m   74.4966u 
  950.00000m   84.4692u 
    1.00000    94.6153u 
y
 vth0_value= 250.7658m
 u0_param=  48.9453m
 ags_param= 431.7206m
 
   *** monte carlo  index = 203 ***
x

 volt         param     
             i_d_0.7    
    0.         99.9213p 
   50.00000m  512.4610p 
  100.00000m    2.5548n 
  150.00000m   11.9801n 
  200.00000m   50.9614n 
  250.00000m  192.2161n 
  300.00000m  632.9747n 
  350.00000m    1.7473u 
  400.00000m    3.9282u 
  450.00000m    7.3393u 
  500.00000m   11.9160u 
  550.00000m   17.5143u 
  600.00000m   23.9983u 
  650.00000m   31.2562u 
  700.00000m   39.1933u 
  750.00000m   47.7244u 
  800.00000m   56.7684u 
  850.00000m   66.2457u 
  900.00000m   76.0751u 
  950.00000m   86.1700u 
    1.00000    96.4325u 
y
 vth0_value= 246.8201m
 u0_param=  49.3676m
 ags_param= 419.9884m
 
   *** monte carlo  index = 204 ***
x

 volt         param     
             i_d_0.7    
    0.         69.3292p 
   50.00000m  356.1847p 
  100.00000m    1.7909n 
  150.00000m    8.5336n 
  200.00000m   37.1549n 
  250.00000m  143.8861n 
  300.00000m  488.8483n 
  350.00000m    1.4062u 
  400.00000m    3.3008u 
  450.00000m    6.3902u 
  500.00000m   10.6461u 
  550.00000m   15.9332u 
  600.00000m   22.1134u 
  650.00000m   29.0721u 
  700.00000m   36.7137u 
  750.00000m   44.9531u 
  800.00000m   53.7105u 
  850.00000m   62.9076u 
  900.00000m   72.4656u 
  950.00000m   82.3008u 
    1.00000    92.3202u 
y
 vth0_value= 257.3982m
 u0_param=  48.7047m
 ags_param= 405.5599m
 
   *** monte carlo  index = 205 ***
x

 volt         param     
             i_d_0.7    
    0.        221.8081p 
   50.00000m    1.1267n 
  100.00000m    5.4813n 
  150.00000m   24.6475n 
  200.00000m   99.1989n 
  250.00000m  352.0368n 
  300.00000m    1.0731u 
  350.00000m    2.6905u 
  400.00000m    5.5169u 
  450.00000m    9.5948u 
  500.00000m   14.8038u 
  550.00000m   20.9962u 
  600.00000m   28.0451u 
  650.00000m   35.8461u 
  700.00000m   44.3073u 
  750.00000m   53.3440u 
  800.00000m   62.8738u 
  850.00000m   72.8144u 
  900.00000m   83.0803u 
  950.00000m   93.5779u 
    1.00000   104.1996u 
y
 vth0_value= 223.1491m
 u0_param=  49.9236m
 ags_param= 427.5973m
 
   *** monte carlo  index = 206 ***
x

 volt         param     
             i_d_0.7    
    0.        113.8690p 
   50.00000m  583.7131p 
  100.00000m    2.9032n 
  150.00000m   13.5551n 
  200.00000m   57.3101n 
  250.00000m  214.6740n 
  300.00000m  700.9221n 
  350.00000m    1.9135u 
  400.00000m    4.2536u 
  450.00000m    7.8748u 
  500.00000m   12.6998u 
  550.00000m   18.5767u 
  600.00000m   25.3645u 
  650.00000m   32.9475u 
  700.00000m   41.2278u 
  750.00000m   50.1166u 
  800.00000m   59.5303u 
  850.00000m   69.3861u 
  900.00000m   79.6000u 
  950.00000m   90.0826u 
    1.00000   100.7328u 
y
 vth0_value= 244.1487m
 u0_param=  51.3492m
 ags_param= 422.3729m
 
   *** monte carlo  index = 207 ***
x

 volt         param     
             i_d_0.7    
    0.         69.4213p 
   50.00000m  356.6026p 
  100.00000m    1.7924n 
  150.00000m    8.5358n 
  200.00000m   37.1321n 
  250.00000m  143.6582n 
  300.00000m  487.5494n 
  350.00000m    1.4004u 
  400.00000m    3.2824u 
  450.00000m    6.3468u 
  500.00000m   10.5650u 
  550.00000m   15.8030u 
  600.00000m   21.9250u 
  650.00000m   28.8182u 
  700.00000m   36.3881u 
  750.00000m   44.5508u 
  800.00000m   53.2272u 
  850.00000m   62.3399u 
  900.00000m   71.8106u 
  950.00000m   81.5563u 
    1.00000    91.4841u 
y
 vth0_value= 256.9861m
 u0_param=  48.1429m
 ags_param= 421.0501m
 
   *** monte carlo  index = 208 ***
x

 volt         param     
             i_d_0.7    
    0.        135.0569p 
   50.00000m  690.6886p 
  100.00000m    3.4143n 
  150.00000m   15.7707n 
  200.00000m   65.7083n 
  250.00000m  242.2231n 
  300.00000m  775.4402n 
  350.00000m    2.0643u 
  400.00000m    4.4766u 
  450.00000m    8.1278u 
  500.00000m   12.9286u 
  550.00000m   18.7327u 
  600.00000m   25.4081u 
  650.00000m   32.8465u 
  700.00000m   40.9551u 
  750.00000m   49.6491u 
  800.00000m   58.8473u 
  850.00000m   68.4696u 
  900.00000m   78.4334u 
  950.00000m   88.6496u 
    1.00000    99.0170u 
y
 vth0_value= 237.7525m
 u0_param=  49.3782m
 ags_param= 430.3532m
 
   *** monte carlo  index = 209 ***
x

 volt         param     
             i_d_0.7    
    0.        137.2840p 
   50.00000m  702.2815p 
  100.00000m    3.4730n 
  150.00000m   16.0529n 
  200.00000m   66.9424n 
  250.00000m  246.9854n 
  300.00000m  791.4737n 
  350.00000m    2.1097u 
  400.00000m    4.5802u 
  450.00000m    8.3228u 
  500.00000m   13.2454u 
  550.00000m   19.1968u 
  600.00000m   26.0407u 
  650.00000m   33.6652u 
  700.00000m   41.9746u 
  750.00000m   50.8819u 
  800.00000m   60.3040u 
  850.00000m   70.1586u 
  900.00000m   80.3616u 
  950.00000m   90.8224u 
    1.00000   101.4385u 
y
 vth0_value= 238.1497m
 u0_param=  50.7634m
 ags_param= 433.5582m
 
   *** monte carlo  index = 210 ***
x

 volt         param     
             i_d_0.7    
    0.         61.3588p 
   50.00000m  315.3216p 
  100.00000m    1.5898n 
  150.00000m    7.6163n 
  200.00000m   33.4313n 
  250.00000m  130.6915n 
  300.00000m  448.8469n 
  350.00000m    1.3098u 
  400.00000m    3.1233u 
  450.00000m    6.1275u 
  500.00000m   10.3085u 
  550.00000m   15.5335u 
  600.00000m   21.6625u 
  650.00000m   28.5788u 
  700.00000m   36.1854u 
  750.00000m   44.3965u 
  800.00000m   53.1317u 
  850.00000m   62.3128u 
  900.00000m   71.8609u 
  950.00000m   81.6929u 
    1.00000    91.7162u 
y
 vth0_value= 261.2281m
 u0_param=  48.9275m
 ags_param= 427.3474m
 
   *** monte carlo  index = 211 ***
x

 volt         param     
             i_d_0.7    
    0.         35.6285p 
   50.00000m  182.6164p 
  100.00000m  929.2168p 
  150.00000m    4.5390n 
  200.00000m   20.5487n 
  250.00000m   83.4056n 
  300.00000m  298.7517n 
  350.00000m  921.6826n 
  400.00000m    2.3436u 
  450.00000m    4.8663u 
  500.00000m    8.5420u 
  550.00000m   13.2629u 
  600.00000m   18.8906u 
  650.00000m   25.3058u 
  700.00000m   32.4107u 
  750.00000m   40.1202u 
  800.00000m   48.3562u 
  850.00000m   57.0430u 
  900.00000m   66.1056u 
  950.00000m   75.4654u 
    1.00000    85.0365u 
y
 vth0_value= 276.6721m
 u0_param=  47.4112m
 ags_param= 417.7028m
 
   *** monte carlo  index = 212 ***
x

 volt         param     
             i_d_0.7    
    0.        189.9560p 
   50.00000m  967.3205p 
  100.00000m    4.7317n 
  150.00000m   21.4689n 
  200.00000m   87.3863n 
  250.00000m  313.9878n 
  300.00000m  972.7685n 
  350.00000m    2.4867u 
  400.00000m    5.1896u 
  450.00000m    9.1470u 
  500.00000m   14.2464u 
  550.00000m   20.3393u 
  600.00000m   27.2966u 
  650.00000m   35.0120u 
  700.00000m   43.3932u 
  750.00000m   52.3548u 
  800.00000m   61.8147u 
  850.00000m   71.6910u 
  900.00000m   81.8989u 
  950.00000m   92.3461u 
    1.00000   102.9268u 
y
 vth0_value= 227.8560m
 u0_param=  49.9696m
 ags_param= 427.6499m
 
   *** monte carlo  index = 213 ***
x

 volt         param     
             i_d_0.7    
    0.        105.0468p 
   50.00000m  538.4197p 
  100.00000m    2.6795n 
  150.00000m   12.5258n 
  200.00000m   53.0506n 
  250.00000m  199.1353n 
  300.00000m  651.9728n 
  350.00000m    1.7863u 
  400.00000m    3.9855u 
  450.00000m    7.4013u 
  500.00000m   11.9650u 
  550.00000m   17.5344u 
  600.00000m   23.9765u 
  650.00000m   31.1820u 
  700.00000m   39.0580u 
  750.00000m   47.5205u 
  800.00000m   56.4895u 
  850.00000m   65.8862u 
  900.00000m   75.6299u 
  950.00000m   85.6341u 
    1.00000    95.8008u 
y
 vth0_value= 244.8757m
 u0_param=  48.6995m
 ags_param= 432.5107m
 
   *** monte carlo  index = 214 ***
x

 volt         param     
             i_d_0.7    
    0.         29.8073p 
   50.00000m  152.4691p 
  100.00000m  777.9752p 
  150.00000m    3.8248n 
  200.00000m   17.5029n 
  250.00000m   72.0293n 
  300.00000m  261.9261n 
  350.00000m  823.9698n 
  400.00000m    2.1456u 
  450.00000m    4.5543u 
  500.00000m    8.1300u 
  550.00000m   12.7739u 
  600.00000m   18.3452u 
  650.00000m   24.7206u 
  700.00000m   31.7989u 
  750.00000m   39.4934u 
  800.00000m   47.7245u 
  850.00000m   56.4161u 
  900.00000m   65.4928u 
  950.00000m   74.8763u 
    1.00000    84.4816u 
y
 vth0_value= 282.4887m
 u0_param=  47.9877m
 ags_param= 416.8809m
 
   *** monte carlo  index = 215 ***
x

 volt         param     
             i_d_0.7    
    0.        147.2290p 
   50.00000m  752.3681p 
  100.00000m    3.7112n 
  150.00000m   17.0782n 
  200.00000m   70.8009n 
  250.00000m  259.5543n 
  300.00000m  825.1056n 
  350.00000m    2.1772u 
  400.00000m    4.6811u 
  450.00000m    8.4422u 
  500.00000m   13.3639u 
  550.00000m   19.2973u 
  600.00000m   26.1091u 
  650.00000m   33.6901u 
  700.00000m   41.9465u 
  750.00000m   50.7923u 
  800.00000m   60.1454u 
  850.00000m   69.9243u 
  900.00000m   80.0452u 
  950.00000m   90.4180u 
    1.00000   100.9395u 
y
 vth0_value= 235.6172m
 u0_param=  50.0956m
 ags_param= 430.6471m
 
   *** monte carlo  index = 216 ***
x

 volt         param     
             i_d_0.7    
    0.         96.4159p 
   50.00000m  494.7449p 
  100.00000m    2.4700n 
  150.00000m   11.6128n 
  200.00000m   49.5803n 
  250.00000m  187.7638n 
  300.00000m  621.2893n 
  350.00000m    1.7259u 
  400.00000m    3.9047u 
  450.00000m    7.3328u 
  500.00000m   11.9486u 
  550.00000m   17.6057u 
  600.00000m   24.1647u 
  650.00000m   31.5108u 
  700.00000m   39.5472u 
  750.00000m   48.1871u 
  800.00000m   57.3481u 
  850.00000m   66.9494u 
  900.00000m   76.9090u 
  950.00000m   87.1395u 
    1.00000    97.5428u 
y
 vth0_value= 248.4653m
 u0_param=  50.2520m
 ags_param= 418.7576m
 
   *** monte carlo  index = 217 ***
x

 volt         param     
             i_d_0.7    
    0.         63.9399p 
   50.00000m  328.6518p 
  100.00000m    1.6564n 
  150.00000m    7.9287n 
  200.00000m   34.7573n 
  250.00000m  135.6633n 
  300.00000m  465.0563n 
  350.00000m    1.3537u 
  400.00000m    3.2190u 
  450.00000m    6.3001u 
  500.00000m   10.5793u 
  550.00000m   15.9199u 
  600.00000m   22.1788u 
  650.00000m   29.2369u 
  700.00000m   36.9953u 
  750.00000m   45.3664u 
  800.00000m   54.2684u 
  850.00000m   63.6217u 
  900.00000m   73.3460u 
  950.00000m   83.3570u 
    1.00000    93.5609u 
y
 vth0_value= 260.6228m
 u0_param=  49.9120m
 ags_param= 420.4696m
 
   *** monte carlo  index = 218 ***
x

 volt         param     
             i_d_0.7    
    0.        112.7370p 
   50.00000m  577.5732p 
  100.00000m    2.8697n 
  150.00000m   13.3755n 
  200.00000m   56.4174n 
  250.00000m  210.8071n 
  300.00000m  686.3102n 
  350.00000m    1.8667u 
  400.00000m    4.1345u 
  450.00000m    7.6330u 
  500.00000m   12.2871u 
  550.00000m   17.9523u 
  600.00000m   24.4948u 
  650.00000m   31.8046u 
  700.00000m   39.7882u 
  750.00000m   48.3608u 
  800.00000m   57.4416u 
  850.00000m   66.9510u 
  900.00000m   76.8075u 
  950.00000m   86.9235u 
    1.00000    97.2001u 
y
 vth0_value= 243.0815m
 u0_param=  49.2073m
 ags_param= 425.7276m
 
   *** monte carlo  index = 219 ***
x

 volt         param     
             i_d_0.7    
    0.         49.5181p 
   50.00000m  254.4030p 
  100.00000m    1.2880n 
  150.00000m    6.2228n 
  200.00000m   27.6746n 
  250.00000m  109.8844n 
  300.00000m  384.0810n 
  350.00000m    1.1473u 
  400.00000m    2.8088u 
  450.00000m    5.6371u 
  500.00000m    9.6445u 
  550.00000m   14.7055u 
  600.00000m   20.6788u 
  650.00000m   27.4455u 
  700.00000m   34.9072u 
  750.00000m   42.9777u 
  800.00000m   51.5769u 
  850.00000m   60.6269u 
  900.00000m   70.0500u 
  950.00000m   79.7643u 
    1.00000    89.6798u 
y
 vth0_value= 267.5881m
 u0_param=  48.7515m
 ags_param= 417.8501m
 
   *** monte carlo  index = 220 ***
x

 volt         param     
             i_d_0.7    
    0.        150.5318p 
   50.00000m  769.1425p 
  100.00000m    3.7923n 
  150.00000m   17.4385n 
  200.00000m   72.2222n 
  250.00000m  264.4662n 
  300.00000m  839.4959n 
  350.00000m    2.2111u 
  400.00000m    4.7456u 
  450.00000m    8.5464u 
  500.00000m   13.5149u 
  550.00000m   19.5005u 
  600.00000m   26.3692u 
  650.00000m   34.0106u 
  700.00000m   42.3304u 
  750.00000m   51.2420u 
  800.00000m   60.6626u 
  850.00000m   70.5103u 
  900.00000m   80.7008u 
  950.00000m   91.1435u 
    1.00000   101.7350u 
y
 vth0_value= 235.1969m
 u0_param=  50.4833m
 ags_param= 416.1825m
 
   *** monte carlo  index = 221 ***
x

 volt         param     
             i_d_0.7    
    0.         37.5777p 
   50.00000m  192.7450p 
  100.00000m  980.4096p 
  150.00000m    4.7844n 
  200.00000m   21.6241n 
  250.00000m   87.5851n 
  300.00000m  312.9684n 
  350.00000m  962.4630n 
  400.00000m    2.4379u 
  450.00000m    5.0442u 
  500.00000m    8.8298u 
  550.00000m   13.6820u 
  600.00000m   19.4586u 
  650.00000m   26.0376u 
  700.00000m   33.3187u 
  750.00000m   41.2149u 
  800.00000m   49.6461u 
  850.00000m   58.5354u 
  900.00000m   67.8056u 
  950.00000m   77.3770u 
    1.00000    87.1618u 
y
 vth0_value= 275.8149m
 u0_param=  48.5518m
 ags_param= 420.2053m
 
   *** monte carlo  index = 222 ***
x

 volt         param     
             i_d_0.7    
    0.        105.8420p 
   50.00000m  542.8199p 
  100.00000m    2.7043n 
  150.00000m   12.6651n 
  200.00000m   53.7759n 
  250.00000m  202.3976n 
  300.00000m  664.7050n 
  350.00000m    1.8285u 
  400.00000m    4.0957u 
  450.00000m    7.6290u 
  500.00000m   12.3582u 
  550.00000m   18.1337u 
  600.00000m   24.8152u 
  650.00000m   32.2876u 
  700.00000m   40.4534u 
  750.00000m   49.2248u 
  800.00000m   58.5187u 
  850.00000m   68.2534u 
  900.00000m   78.3458u 
  950.00000m   88.7075u 
    1.00000    99.2389u 
y
 vth0_value= 246.0229m
 u0_param=  50.8288m
 ags_param= 410.1428m
 
   *** monte carlo  index = 223 ***
x

 volt         param     
             i_d_0.7    
    0.        106.2493p 
   50.00000m  544.7781p 
  100.00000m    2.7127n 
  150.00000m   12.6931n 
  200.00000m   53.8290n 
  250.00000m  202.3302n 
  300.00000m  663.4529n 
  350.00000m    1.8214u 
  400.00000m    4.0716u 
  450.00000m    7.5722u 
  500.00000m   12.2529u 
  550.00000m   17.9664u 
  600.00000m   24.5748u 
  650.00000m   31.9649u 
  700.00000m   40.0408u 
  750.00000m   48.7159u 
  800.00000m   57.9081u 
  850.00000m   67.5366u 
  900.00000m   77.5191u 
  950.00000m   87.7677u 
    1.00000    98.1834u 
y
 vth0_value= 245.4716m
 u0_param=  50.1433m
 ags_param= 414.0203m
 
   *** monte carlo  index = 224 ***
x

 volt         param     
             i_d_0.7    
    0.        109.2756p 
   50.00000m  560.1257p 
  100.00000m    2.7867n 
  150.00000m   13.0185n 
  200.00000m   55.0870n 
  250.00000m  206.5540n 
  300.00000m  675.3031n 
  350.00000m    1.8468u 
  400.00000m    4.1126u 
  450.00000m    7.6250u 
  500.00000m   12.3113u 
  550.00000m   18.0247u 
  600.00000m   24.6284u 
  650.00000m   32.0101u 
  700.00000m   40.0745u 
  750.00000m   48.7355u 
  800.00000m   57.9112u 
  850.00000m   67.5211u 
  900.00000m   77.4829u 
  950.00000m   87.7088u 
    1.00000    98.0995u 
y
 vth0_value= 244.4933m
 u0_param=  49.9367m
 ags_param= 418.1482m
 
   *** monte carlo  index = 225 ***
x

 volt         param     
             i_d_0.7    
    0.         70.6038p 
   50.00000m  362.8375p 
  100.00000m    1.8248n 
  150.00000m    8.6989n 
  200.00000m   37.8969n 
  250.00000m  146.8501n 
  300.00000m  499.2285n 
  350.00000m    1.4372u 
  400.00000m    3.3764u 
  450.00000m    6.5408u 
  500.00000m   10.9015u 
  550.00000m   16.3188u 
  600.00000m   22.6502u 
  650.00000m   29.7779u 
  700.00000m   37.6035u 
  750.00000m   46.0395u 
  800.00000m   55.0041u 
  850.00000m   64.4173u 
  900.00000m   74.1985u 
  950.00000m   84.2626u 
    1.00000    94.5150u 
y
 vth0_value= 257.6875m
 u0_param=  49.9960m
 ags_param= 419.0343m
 
   *** monte carlo  index = 226 ***
x

 volt         param     
             i_d_0.7    
    0.         20.6230p 
   50.00000m  104.7116p 
  100.00000m  536.4155p 
  150.00000m    2.6662n 
  200.00000m   12.4359n 
  250.00000m   52.5068n 
  300.00000m  196.3997n 
  350.00000m  640.1202n 
  400.00000m    1.7432u 
  450.00000m    3.8647u 
  500.00000m    7.1383u 
  550.00000m   11.4917u 
  600.00000m   16.7869u 
  650.00000m   22.8968u 
  700.00000m   29.7174u 
  750.00000m   37.1606u 
  800.00000m   45.1471u 
  850.00000m   53.6015u 
  900.00000m   62.4496u 
  950.00000m   71.6155u 
    1.00000    81.0175u 
y
 vth0_value= 293.5292m
 u0_param=  47.6137m
 ags_param= 397.4202m
 
   *** monte carlo  index = 227 ***
x

 volt         param     
             i_d_0.7    
    0.         52.2274p 
   50.00000m  268.3168p 
  100.00000m    1.3567n 
  150.00000m    6.5372n 
  200.00000m   28.9528n 
  250.00000m  114.3941n 
  300.00000m  397.6583n 
  350.00000m    1.1793u 
  400.00000m    2.8633u 
  450.00000m    5.7055u 
  500.00000m    9.7100u 
  550.00000m   14.7511u 
  600.00000m   20.6904u 
  650.00000m   27.4115u 
  700.00000m   34.8180u 
  750.00000m   42.8252u 
  800.00000m   51.3538u 
  850.00000m   60.3270u 
  900.00000m   69.6676u 
  950.00000m   79.2943u 
    1.00000    89.1169u 
y
 vth0_value= 265.5474m
 u0_param=  48.1004m
 ags_param= 418.8123m
 
   *** monte carlo  index = 228 ***
x

 volt         param     
             i_d_0.7    
    0.        186.9725p 
   50.00000m  952.7881p 
  100.00000m    4.6672n 
  150.00000m   21.2249n 
  200.00000m   86.6429n 
  250.00000m  312.2784n 
  300.00000m  971.2868n 
  350.00000m    2.4947u 
  400.00000m    5.2291u 
  450.00000m    9.2466u 
  500.00000m   14.4334u 
  550.00000m   20.6365u 
  600.00000m   27.7230u 
  650.00000m   35.5831u 
  700.00000m   44.1221u 
  750.00000m   53.2527u 
  800.00000m   62.8910u 
  850.00000m   72.9535u 
  900.00000m   83.3544u 
  950.00000m   94.0003u 
    1.00000   104.7848u 
y
 vth0_value= 229.0943m
 u0_param=  51.1632m
 ags_param= 424.9363m
 
   *** monte carlo  index = 229 ***
x

 volt         param     
             i_d_0.7    
    0.         90.2050p 
   50.00000m  462.9304p 
  100.00000m    2.3137n 
  150.00000m   10.8995n 
  200.00000m   46.6703n 
  250.00000m  177.3313n 
  300.00000m  589.1521n 
  350.00000m    1.6453u 
  400.00000m    3.7432u 
  450.00000m    7.0614u 
  500.00000m   11.5451u 
  550.00000m   17.0523u 
  600.00000m   23.4465u 
  650.00000m   30.6153u 
  700.00000m   38.4640u 
  750.00000m   46.9073u 
  800.00000m   55.8646u 
  850.00000m   65.2569u 
  900.00000m   75.0035u 
  950.00000m   85.0188u 
    1.00000    95.2063u 
y
 vth0_value= 249.7539m
 u0_param=  49.1420m
 ags_param= 415.5690m
 
   *** monte carlo  index = 230 ***
x

 volt         param     
             i_d_0.7    
    0.         90.8438p 
   50.00000m  466.2515p 
  100.00000m    2.3305n 
  150.00000m   10.9802n 
  200.00000m   47.0244n 
  250.00000m  178.7097n 
  300.00000m  593.8432n 
  350.00000m    1.6588u 
  400.00000m    3.7748u 
  450.00000m    7.1223u 
  500.00000m   11.6458u 
  550.00000m   17.2017u 
  600.00000m   23.6522u 
  650.00000m   30.8835u 
  700.00000m   38.7999u 
  750.00000m   47.3154u 
  800.00000m   56.3488u 
  850.00000m   65.8203u 
  900.00000m   75.6486u 
  950.00000m   85.7476u 
    1.00000    96.0202u 
y
 vth0_value= 249.8434m
 u0_param=  49.6067m
 ags_param= 421.7021m
 
   *** monte carlo  index = 231 ***
x

 volt         param     
             i_d_0.7    
    0.        196.3552p 
   50.00000m  999.7231p 
  100.00000m    4.8876n 
  150.00000m   22.1558n 
  200.00000m   90.0745n 
  250.00000m  323.2042n 
  300.00000m  999.5006n 
  350.00000m    2.5494u 
  400.00000m    5.3095u 
  450.00000m    9.3431u 
  500.00000m   14.5343u 
  550.00000m   20.7318u 
  600.00000m   27.8043u 
  650.00000m   35.6438u 
  700.00000m   44.1565u 
  750.00000m   53.2558u 
  800.00000m   62.8583u 
  850.00000m   72.8811u 
  900.00000m   83.2382u 
  950.00000m   93.8364u 
    1.00000   104.5689u 
y
 vth0_value= 227.3737m
 u0_param=  50.7770m
 ags_param= 424.5205m
 
   *** monte carlo  index = 232 ***
x

 volt         param     
             i_d_0.7    
    0.        165.0203p 
   50.00000m  841.8532p 
  100.00000m    4.1357n 
  150.00000m   18.9008n 
  200.00000m   77.6505n 
  250.00000m  281.8699n 
  300.00000m  884.8784n 
  350.00000m    2.2988u 
  400.00000m    4.8702u 
  450.00000m    8.6837u 
  500.00000m   13.6361u 
  550.00000m   19.5807u 
  600.00000m   26.3880u 
  650.00000m   33.9516u 
  700.00000m   42.1796u 
  750.00000m   50.9874u 
  800.00000m   60.2937u 
  850.00000m   70.0177u 
  900.00000m   80.0759u 
  950.00000m   90.3776u 
    1.00000   100.8192u 
y
 vth0_value= 231.7559m
 u0_param=  49.4411m
 ags_param= 425.8105m
 
   *** monte carlo  index = 233 ***
x

 volt         param     
             i_d_0.7    
    0.        176.0223p 
   50.00000m  897.4643p 
  100.00000m    4.4023n 
  150.00000m   20.0669n 
  200.00000m   82.1643n 
  250.00000m  297.1392n 
  300.00000m  928.2854n 
  350.00000m    2.3972u 
  400.00000m    5.0501u 
  450.00000m    8.9650u 
  500.00000m   14.0334u 
  550.00000m   20.1055u 
  600.00000m   27.0501u 
  650.00000m   34.7593u 
  700.00000m   43.1398u 
  750.00000m   52.1056u 
  800.00000m   61.5742u 
  850.00000m   71.4635u 
  900.00000m   81.6888u 
  950.00000m   92.1582u 
    1.00000   102.7666u 
y
 vth0_value= 230.3509m
 u0_param=  50.2771m
 ags_param= 422.0289m
 
   *** monte carlo  index = 234 ***
x

 volt         param     
             i_d_0.7    
    0.         40.4191p 
   50.00000m  207.4342p 
  100.00000m    1.0539n 
  150.00000m    5.1291n 
  200.00000m   23.0811n 
  250.00000m   92.9785n 
  300.00000m  330.2540n 
  350.00000m    1.0077u 
  400.00000m    2.5287u 
  450.00000m    5.1879u 
  500.00000m    9.0235u 
  550.00000m   13.9193u 
  600.00000m   19.7339u 
  650.00000m   26.3464u 
  700.00000m   33.6574u 
  750.00000m   41.5804u 
  800.00000m   50.0356u 
  850.00000m   58.9459u 
  900.00000m   68.2344u 
  950.00000m   77.8207u 
    1.00000    87.6168u 
y
 vth0_value= 273.5462m
 u0_param=  48.4646m
 ags_param= 420.5908m
 
   *** monte carlo  index = 235 ***
x

 volt         param     
             i_d_0.7    
    0.         80.0994p 
   50.00000m  411.5943p 
  100.00000m    2.0656n 
  150.00000m    9.8048n 
  200.00000m   42.4456n 
  250.00000m  163.2742n 
  300.00000m  550.2970n 
  350.00000m    1.5661u 
  400.00000m    3.6343u 
  450.00000m    6.9678u 
  500.00000m   11.5246u 
  550.00000m   17.1581u 
  600.00000m   23.7224u 
  650.00000m   31.0972u 
  700.00000m   39.1820u 
  750.00000m   47.8873u 
  800.00000m   57.1290u 
  850.00000m   66.8251u 
  900.00000m   76.8929u 
  950.00000m   87.2449u 
    1.00000    97.7840u 
y
 vth0_value= 254.7689m
 u0_param=  51.3953m
 ags_param= 430.0699m
 
   *** monte carlo  index = 236 ***
x

 volt         param     
             i_d_0.7    
    0.        119.4022p 
   50.00000m  611.3017p 
  100.00000m    3.0316n 
  150.00000m   14.0828n 
  200.00000m   59.1296n 
  250.00000m  219.8337n 
  300.00000m  711.2935n 
  350.00000m    1.9194u 
  400.00000m    4.2179u 
  450.00000m    7.7387u 
  500.00000m   12.4023u 
  550.00000m   18.0652u 
  600.00000m   24.5956u 
  650.00000m   31.8854u 
  700.00000m   39.8423u 
  750.00000m   48.3823u 
  800.00000m   57.4253u 
  850.00000m   66.8920u 
  900.00000m   76.7012u 
  950.00000m   86.7655u 
    1.00000    96.9857u 
y
 vth0_value= 241.0769m
 u0_param=  48.7890m
 ags_param= 420.1106m
 
   *** monte carlo  index = 237 ***
x

 volt         param     
             i_d_0.7    
    0.        104.1226p 
   50.00000m  533.9307p 
  100.00000m    2.6598n 
  150.00000m   12.4555n 
  200.00000m   52.8797n 
  250.00000m  199.0097n 
  300.00000m  653.5627n 
  350.00000m    1.7978u 
  400.00000m    4.0270u 
  450.00000m    7.5017u 
  500.00000m   12.1533u 
  550.00000m   17.8357u 
  600.00000m   24.4112u 
  650.00000m   31.7671u 
  700.00000m   39.8077u 
  750.00000m   48.4467u 
  800.00000m   57.6023u 
  850.00000m   67.1940u 
  900.00000m   77.1397u 
  950.00000m   87.3518u 
    1.00000    97.7315u 
y
 vth0_value= 245.9579m
 u0_param=  49.9523m
 ags_param= 425.1441m
 
   *** monte carlo  index = 238 ***
x

 volt         param     
             i_d_0.7    
    0.         74.7594p 
   50.00000m  384.0507p 
  100.00000m    1.9283n 
  150.00000m    9.1635n 
  200.00000m   39.7360n 
  250.00000m  153.1618n 
  300.00000m  517.5146n 
  350.00000m    1.4778u 
  400.00000m    3.4418u 
  450.00000m    6.6194u 
  500.00000m   10.9748u 
  550.00000m   16.3690u 
  600.00000m   22.6626u 
  650.00000m   29.7404u 
  700.00000m   37.5061u 
  750.00000m   45.8735u 
  800.00000m   54.7618u 
  850.00000m   64.0921u 
  900.00000m   73.7842u 
  950.00000m   83.7536u 
    1.00000    93.9056u 
y
 vth0_value= 255.5210m
 u0_param=  49.3096m
 ags_param= 412.8569m
 
   *** monte carlo  index = 239 ***
x

 volt         param     
             i_d_0.7    
    0.         53.1282p 
   50.00000m  273.0990p 
  100.00000m    1.3819n 
  150.00000m    6.6675n 
  200.00000m   29.5887n 
  250.00000m  117.1740n 
  300.00000m  408.2984n 
  350.00000m    1.2146u 
  400.00000m    2.9594u 
  450.00000m    5.9143u 
  500.00000m   10.0859u 
  550.00000m   15.3419u 
  600.00000m   21.5357u 
  650.00000m   28.5442u 
  700.00000m   36.2657u 
  750.00000m   44.6112u 
  800.00000m   53.4978u 
  850.00000m   62.8453u 
  900.00000m   72.5737u 
  950.00000m   82.5988u 
    1.00000    92.8284u 
y
 vth0_value= 266.5460m
 u0_param=  50.4333m
 ags_param= 427.5434m
 
   *** monte carlo  index = 240 ***
x

 volt         param     
             i_d_0.7    
    0.        105.9760p 
   50.00000m  543.4315p 
  100.00000m    2.7066n 
  150.00000m   12.6695n 
  200.00000m   53.7583n 
  250.00000m  202.1839n 
  300.00000m  663.4389n 
  350.00000m    1.8230u 
  400.00000m    4.0789u 
  450.00000m    7.5914u 
  500.00000m   12.2902u 
  550.00000m   18.0273u 
  600.00000m   24.6639u 
  650.00000m   32.0860u 
  700.00000m   40.1971u 
  750.00000m   48.9104u 
  800.00000m   58.1431u 
  850.00000m   67.8142u 
  900.00000m   77.8411u 
  950.00000m   88.1355u 
    1.00000    98.5981u 
y
 vth0_value= 245.7155m
 u0_param=  50.4040m
 ags_param= 421.7552m
 
   *** monte carlo  index = 241 ***
x

 volt         param     
             i_d_0.7    
    0.        164.4393p 
   50.00000m  839.1394p 
  100.00000m    4.1248n 
  150.00000m   18.8694n 
  200.00000m   77.6189n 
  250.00000m  282.1274n 
  300.00000m  887.1544n 
  350.00000m    2.3094u 
  400.00000m    4.9019u 
  450.00000m    8.7526u 
  500.00000m   13.7575u 
  550.00000m   19.7673u 
  600.00000m   26.6504u 
  650.00000m   34.2986u 
  700.00000m   42.6185u 
  750.00000m   51.5244u 
  800.00000m   60.9342u 
  850.00000m   70.7660u 
  900.00000m   80.9355u 
  950.00000m   91.3517u 
    1.00000   101.9103u 
y
 vth0_value= 232.2986m
 u0_param=  50.1151m
 ags_param= 424.0592m
 
   *** monte carlo  index = 242 ***
x

 volt         param     
             i_d_0.7    
    0.        159.9081p 
   50.00000m  816.1600p 
  100.00000m    4.0140n 
  150.00000m   18.3792n 
  200.00000m   75.6939n 
  250.00000m  275.5051n 
  300.00000m  867.8666n 
  350.00000m    2.2642u 
  400.00000m    4.8160u 
  450.00000m    8.6132u 
  500.00000m   13.5548u 
  550.00000m   19.4931u 
  600.00000m   26.2978u 
  650.00000m   33.8620u 
  700.00000m   42.0931u 
  750.00000m   50.9062u 
  800.00000m   60.2200u 
  850.00000m   69.9535u 
  900.00000m   80.0230u 
  950.00000m   90.3382u 
    1.00000   100.7956u 
y
 vth0_value= 232.8011m
 u0_param=  49.5897m
 ags_param= 424.8740m
 
   *** monte carlo  index = 243 ***
x

 volt         param     
             i_d_0.7    
    0.        142.6301p 
   50.00000m  729.1970p 
  100.00000m    3.6009n 
  150.00000m   16.6025n 
  200.00000m   69.0040n 
  250.00000m  253.6688n 
  300.00000m  809.2105n 
  350.00000m    2.1446u 
  400.00000m    4.6305u 
  450.00000m    8.3779u 
  500.00000m   13.2927u 
  550.00000m   19.2248u 
  600.00000m   26.0401u 
  650.00000m   33.6283u 
  700.00000m   41.8948u 
  750.00000m   50.7535u 
  800.00000m   60.1219u 
  850.00000m   69.9182u 
  900.00000m   80.0587u 
  950.00000m   90.4531u 
    1.00000   100.9990u 
y
 vth0_value= 236.7101m
 u0_param=  50.3092m
 ags_param= 423.1081m
 
   *** monte carlo  index = 244 ***
x

 volt         param     
             i_d_0.7    
    0.         80.3212p 
   50.00000m  412.5915p 
  100.00000m    2.0691n 
  150.00000m    9.8090n 
  200.00000m   42.3852n 
  250.00000m  162.7086n 
  300.00000m  547.1262n 
  350.00000m    1.5524u 
  400.00000m    3.5909u 
  450.00000m    6.8668u 
  500.00000m   11.3372u 
  550.00000m   16.8590u 
  600.00000m   23.2908u 
  650.00000m   30.5158u 
  700.00000m   38.4364u 
  750.00000m   46.9651u 
  800.00000m   56.0198u 
  850.00000m   65.5203u 
  900.00000m   75.3851u 
  950.00000m   85.5283u 
    1.00000    95.8537u 
y
 vth0_value= 253.9045m
 u0_param=  50.1563m
 ags_param= 421.7072m
 
   *** monte carlo  index = 245 ***
x

 volt         param     
             i_d_0.7    
    0.         57.8778p 
   50.00000m  297.4344p 
  100.00000m    1.5014n 
  150.00000m    7.2098n 
  200.00000m   31.7619n 
  250.00000m  124.6959n 
  300.00000m  430.3363n 
  350.00000m    1.2639u 
  400.00000m    3.0355u 
  450.00000m    5.9919u 
  500.00000m   10.1259u 
  550.00000m   15.3065u 
  600.00000m   21.3933u 
  650.00000m   28.2690u 
  700.00000m   35.8362u 
  750.00000m   44.0088u 
  800.00000m   52.7067u 
  850.00000m   61.8516u 
  900.00000m   71.3651u 
  950.00000m   81.1644u 
    1.00000    91.1577u 
y
 vth0_value= 262.9646m
 u0_param=  48.8875m
 ags_param= 418.5063m
 
   *** monte carlo  index = 246 ***
x

 volt         param     
             i_d_0.7    
    0.         51.6342p 
   50.00000m  265.3154p 
  100.00000m    1.3423n 
  150.00000m    6.4758n 
  200.00000m   28.7331n 
  250.00000m  113.7701n 
  300.00000m  396.4187n 
  350.00000m    1.1792u 
  400.00000m    2.8732u 
  450.00000m    5.7425u 
  500.00000m    9.7941u 
  550.00000m   14.9007u 
  600.00000m   20.9205u 
  650.00000m   27.7346u 
  700.00000m   35.2445u 
  750.00000m   43.3637u 
  800.00000m   52.0118u 
  850.00000m   61.1107u 
  900.00000m   70.5821u 
  950.00000m   80.3440u 
    1.00000    90.3057u 
y
 vth0_value= 266.4519m
 u0_param=  48.9479m
 ags_param= 411.9126m
 
   *** monte carlo  index = 247 ***
x

 volt         param     
             i_d_0.7    
    0.        180.5609p 
   50.00000m  920.3603p 
  100.00000m    4.5116n 
  150.00000m   20.5422n 
  200.00000m   83.9889n 
  250.00000m  303.2516n 
  300.00000m  945.4129n 
  350.00000m    2.4352u 
  400.00000m    5.1180u 
  450.00000m    9.0689u 
  500.00000m   14.1775u 
  550.00000m   20.2930u 
  600.00000m   27.2838u 
  650.00000m   35.0416u 
  700.00000m   43.4727u 
  750.00000m   52.4909u 
  800.00000m   62.0131u 
  850.00000m   71.9569u 
  900.00000m   82.2370u 
  950.00000m   92.7612u 
    1.00000   103.4239u 
y
 vth0_value= 229.7465m
 u0_param=  50.5322m
 ags_param= 425.3479m
 
   *** monte carlo  index = 248 ***
x

 volt         param     
             i_d_0.7    
    0.         35.1613p 
   50.00000m  180.2128p 
  100.00000m  917.3303p 
  150.00000m    4.4845n 
  200.00000m   20.3279n 
  250.00000m   82.6421n 
  300.00000m  296.5317n 
  350.00000m  916.8870n 
  400.00000m    2.3377u 
  450.00000m    4.8660u 
  500.00000m    8.5572u 
  550.00000m   13.3033u 
  600.00000m   18.9644u 
  650.00000m   25.4199u 
  700.00000m   32.5706u 
  750.00000m   40.3307u 
  800.00000m   48.6212u 
  850.00000m   57.3660u 
  900.00000m   66.4894u 
  950.00000m   75.9127u 
    1.00000    85.5495u 
y
 vth0_value= 277.3548m
 u0_param=  47.8302m
 ags_param= 414.5832m
 
   *** monte carlo  index = 249 ***
x

 volt         param     
             i_d_0.7    
    0.         84.0036p 
   50.00000m  431.4577p 
  100.00000m    2.1618n 
  150.00000m   10.2319n 
  200.00000m   44.1061n 
  250.00000m  168.8474n 
  300.00000m  565.9102n 
  350.00000m    1.5987u 
  400.00000m    3.6811u 
  450.00000m    7.0126u 
  500.00000m   11.5454u 
  550.00000m   17.1346u 
  600.00000m   23.6379u 
  650.00000m   30.9379u 
  700.00000m   38.9362u 
  750.00000m   47.5451u 
  800.00000m   56.6818u 
  850.00000m   66.2652u 
  900.00000m   76.2136u 
  950.00000m   86.4401u 
    1.00000    96.8480u 
y
 vth0_value= 252.8065m
 u0_param=  50.5527m
 ags_param= 418.7869m
 
   *** monte carlo  index = 250 ***
x

 volt         param     
             i_d_0.7    
    0.         65.9167p 
   50.00000m  338.7521p 
  100.00000m    1.7057n 
  150.00000m    8.1506n 
  200.00000m   35.6358n 
  250.00000m  138.6679n 
  300.00000m  473.7127n 
  350.00000m    1.3726u 
  400.00000m    3.2475u 
  450.00000m    6.3289u 
  500.00000m   10.5950u 
  550.00000m   15.9095u 
  600.00000m   22.1315u 
  650.00000m   29.1440u 
  700.00000m   36.8493u 
  750.00000m   45.1609u 
  800.00000m   53.9979u 
  850.00000m   63.2813u 
  900.00000m   72.9315u 
  950.00000m   82.8644u 
    1.00000    92.9867u 
y
 vth0_value= 259.3669m
 u0_param=  49.3883m
 ags_param= 412.8232m
 
   *** monte carlo  index = 251 ***
x

 volt         param     
             i_d_0.7    
    0.        145.5219p 
   50.00000m  743.5921p 
  100.00000m    3.6677n 
  150.00000m   16.8774n 
  200.00000m   69.9643n 
  250.00000m  256.4816n 
  300.00000m  815.3402n 
  350.00000m    2.1514u 
  400.00000m    4.6259u 
  450.00000m    8.3429u 
  500.00000m   13.2076u 
  550.00000m   19.0730u 
  600.00000m   25.8078u 
  650.00000m   33.3041u 
  700.00000m   41.4690u 
  750.00000m   50.2179u 
  800.00000m   59.4693u 
  850.00000m   69.1427u 
  900.00000m   79.1551u 
  950.00000m   89.4170u 
    1.00000    99.8261u 
y
 vth0_value= 235.5836m
 u0_param=  49.5002m
 ags_param= 419.0505m
 
   *** monte carlo  index = 252 ***
x

 volt         param     
             i_d_0.7    
    0.        104.7726p 
   50.00000m  537.2072p 
  100.00000m    2.6754n 
  150.00000m   12.5224n 
  200.00000m   53.1278n 
  250.00000m  199.7945n 
  300.00000m  655.5533n 
  350.00000m    1.8012u 
  400.00000m    4.0298u 
  450.00000m    7.4999u 
  500.00000m   12.1424u 
  550.00000m   17.8114u 
  600.00000m   24.3702u 
  650.00000m   31.7065u 
  700.00000m   39.7249u 
  750.00000m   48.3397u 
  800.00000m   57.4691u 
  850.00000m   67.0330u 
  900.00000m   76.9494u 
  950.00000m   87.1310u 
    1.00000    97.4791u 
y
 vth0_value= 245.6556m
 u0_param=  49.7739m
 ags_param= 417.4712m
 
   *** monte carlo  index = 253 ***
x

 volt         param     
             i_d_0.7    
    0.         39.2921p 
   50.00000m  201.5858p 
  100.00000m    1.0244n 
  150.00000m    4.9886n 
  200.00000m   22.4703n 
  250.00000m   90.6288n 
  300.00000m  322.3549n 
  350.00000m  985.3899n 
  400.00000m    2.4782u 
  450.00000m    5.0945u 
  500.00000m    8.8746u 
  550.00000m   13.7049u 
  600.00000m   19.4457u 
  650.00000m   25.9774u 
  700.00000m   33.2018u 
  750.00000m   41.0332u 
  800.00000m   49.3926u 
  850.00000m   58.2038u 
  900.00000m   67.3906u 
  950.00000m   76.8736u 
    1.00000    86.5653u 
y
 vth0_value= 274.0416m
 u0_param=  47.9189m
 ags_param= 416.4208m
 
   *** monte carlo  index = 254 ***
x

 volt         param     
             i_d_0.7    
    0.         64.9844p 
   50.00000m  333.8634p 
  100.00000m    1.6806n 
  150.00000m    8.0261n 
  200.00000m   35.0646n 
  250.00000m  136.3313n 
  300.00000m  465.3266n 
  350.00000m    1.3468u 
  400.00000m    3.1826u 
  450.00000m    6.1965u 
  500.00000m   10.3667u 
  550.00000m   15.5612u 
  600.00000m   21.6430u 
  650.00000m   28.4984u 
  700.00000m   36.0326u 
  750.00000m   44.1613u 
  800.00000m   52.8054u 
  850.00000m   61.8876u 
  900.00000m   71.3299u 
  950.00000m   81.0496u 
    1.00000    90.9547u 
y
 vth0_value= 258.9905m
 u0_param=  48.1618m
 ags_param= 410.2289m
 
   *** monte carlo  index = 255 ***
x

 volt         param     
             i_d_0.7    
    0.        101.3907p 
   50.00000m  519.8787p 
  100.00000m    2.5902n 
  150.00000m   12.1329n 
  200.00000m   51.5330n 
  250.00000m  194.0471n 
  300.00000m  637.7292n 
  350.00000m    1.7559u 
  400.00000m    3.9371u 
  450.00000m    7.3405u 
  500.00000m   11.9003u 
  550.00000m   17.4736u 
  600.00000m   23.9259u 
  650.00000m   31.1465u 
  700.00000m   39.0418u 
  750.00000m   47.5272u 
  800.00000m   56.5221u 
  850.00000m   65.9475u 
  900.00000m   75.7225u 
  950.00000m   85.7606u 
    1.00000    95.9643u 
y
 vth0_value= 246.1392m
 u0_param=  48.9983m
 ags_param= 421.8902m
 
   *** monte carlo  index = 256 ***
x

 volt         param     
             i_d_0.7    
    0.        109.2663p 
   50.00000m  559.8805p 
  100.00000m    2.7836n 
  150.00000m   12.9887n 
  200.00000m   54.8732n 
  250.00000m  205.4025n 
  300.00000m  670.1942n 
  350.00000m    1.8281u 
  400.00000m    4.0606u 
  450.00000m    7.5138u 
  500.00000m   12.1155u 
  550.00000m   17.7227u 
  600.00000m   24.2024u 
  650.00000m   31.4453u 
  700.00000m   39.3586u 
  750.00000m   47.8580u 
  800.00000m   56.8634u 
  850.00000m   66.2957u 
  900.00000m   76.0739u 
  950.00000m   86.1113u 
    1.00000    96.3096u 
y
 vth0_value= 243.7734m
 u0_param=  48.8266m
 ags_param= 421.6471m
 
   *** monte carlo  index = 257 ***
x

 volt         param     
             i_d_0.7    
    0.         97.8631p 
   50.00000m  502.0135p 
  100.00000m    2.5044n 
  150.00000m   11.7577n 
  200.00000m   50.0995n 
  250.00000m  189.3182n 
  300.00000m  624.8279n 
  350.00000m    1.7299u 
  400.00000m    3.9006u 
  450.00000m    7.3050u 
  500.00000m   11.8804u 
  550.00000m   17.4824u 
  600.00000m   23.9742u 
  650.00000m   31.2430u 
  700.00000m   39.1938u 
  750.00000m   47.7407u 
  800.00000m   56.8026u 
  850.00000m   66.2996u 
  900.00000m   76.1503u 
  950.00000m   86.2681u 
    1.00000    96.5554u 
y
 vth0_value= 247.5728m
 u0_param=  49.5617m
 ags_param= 414.0883m
 
   *** monte carlo  index = 258 ***
x

 volt         param     
             i_d_0.7    
    0.         63.2987p 
   50.00000m  325.2997p 
  100.00000m    1.6392n 
  150.00000m    7.8446n 
  200.00000m   34.3763n 
  250.00000m  134.1239n 
  300.00000m  459.5998n 
  350.00000m    1.3371u 
  400.00000m    3.1779u 
  450.00000m    6.2170u 
  500.00000m   10.4370u 
  550.00000m   15.7035u 
  600.00000m   21.8759u 
  650.00000m   28.8373u 
  700.00000m   36.4902u 
  750.00000m   44.7485u 
  800.00000m   53.5315u 
  850.00000m   62.7606u 
  900.00000m   72.3566u 
  950.00000m   82.2359u 
    1.00000    92.3058u 
y
 vth0_value= 260.4431m
 u0_param=  49.1635m
 ags_param= 413.4701m
 
   *** monte carlo  index = 259 ***
x

 volt         param     
             i_d_0.7    
    0.         71.6226p 
   50.00000m  368.0141p 
  100.00000m    1.8498n 
  150.00000m    8.8090n 
  200.00000m   38.3174n 
  250.00000m  148.2197n 
  300.00000m  502.8814n 
  350.00000m    1.4439u 
  400.00000m    3.3825u 
  450.00000m    6.5373u 
  500.00000m   10.8772u 
  550.00000m   16.2635u 
  600.00000m   22.5557u 
  650.00000m   29.6373u 
  700.00000m   37.4111u 
  750.00000m   45.7904u 
  800.00000m   54.6942u 
  850.00000m   64.0430u 
  900.00000m   73.7568u 
  950.00000m   83.7508u 
    1.00000    93.9306u 
y
 vth0_value= 256.9643m
 u0_param=  49.5433m
 ags_param= 419.4500m
 
   *** monte carlo  index = 260 ***
x

 volt         param     
             i_d_0.7    
    0.         54.7641p 
   50.00000m  281.3705p 
  100.00000m    1.4214n 
  150.00000m    6.8361n 
  200.00000m   30.1881n 
  250.00000m  118.8610n 
  300.00000m  411.5721n 
  350.00000m    1.2142u 
  400.00000m    2.9309u 
  450.00000m    5.8106u 
  500.00000m    9.8518u 
  550.00000m   14.9274u 
  600.00000m   20.8992u 
  650.00000m   27.6515u 
  700.00000m   35.0883u 
  750.00000m   43.1248u 
  800.00000m   51.6820u 
  850.00000m   60.6830u 
  900.00000m   70.0501u 
  950.00000m   79.7019u 
    1.00000    89.5476u 
y
 vth0_value= 264.1243m
 u0_param=  48.1151m
 ags_param= 431.2129m
 
   *** monte carlo  index = 261 ***
x

 volt         param     
             i_d_0.7    
    0.         43.4360p 
   50.00000m  223.0069p 
  100.00000m    1.1315n 
  150.00000m    5.4914n 
  200.00000m   24.5994n 
  250.00000m   98.5406n 
  300.00000m  347.8497n 
  350.00000m    1.0528u 
  400.00000m    2.6167u 
  450.00000m    5.3225u 
  500.00000m    9.1980u 
  550.00000m   14.1246u 
  600.00000m   19.9616u 
  650.00000m   26.5900u 
  700.00000m   33.9114u 
  750.00000m   41.8401u 
  800.00000m   50.2967u 
  850.00000m   59.2044u 
  900.00000m   68.4861u 
  950.00000m   78.0617u 
    1.00000    87.8426u 
y
 vth0_value= 271.2178m
 u0_param=  48.2423m
 ags_param= 412.6709m
 
   *** monte carlo  index = 262 ***
x

 volt         param     
             i_d_0.7    
    0.        224.5279p 
   50.00000m    1.1411n 
  100.00000m    5.5562n 
  150.00000m   25.0185n 
  200.00000m  100.8573n 
  250.00000m  358.5261n 
  300.00000m    1.0952u 
  350.00000m    2.7529u 
  400.00000m    5.6572u 
  450.00000m    9.8539u 
  500.00000m   15.2184u 
  550.00000m   21.5967u 
  600.00000m   28.8568u 
  650.00000m   36.8899u 
  700.00000m   45.6011u 
  750.00000m   54.9026u 
  800.00000m   64.7097u 
  850.00000m   74.9379u 
  900.00000m   85.4996u 
  950.00000m   96.2997u 
    1.00000   107.2290u 
y
 vth0_value= 223.8706m
 u0_param=  51.6372m
 ags_param= 431.2339m
 
   *** monte carlo  index = 263 ***
x

 volt         param     
             i_d_0.7    
    0.         52.9049p 
   50.00000m  271.8824p 
  100.00000m    1.3752n 
  150.00000m    6.6301n 
  200.00000m   29.3890n 
  250.00000m  116.2288n 
  300.00000m  404.4342n 
  350.00000m    1.2009u 
  400.00000m    2.9199u 
  450.00000m    5.8252u 
  500.00000m    9.9215u 
  550.00000m   15.0796u 
  600.00000m   21.1567u 
  650.00000m   28.0329u 
  700.00000m   35.6089u 
  750.00000m   43.7977u 
  800.00000m   52.5182u 
  850.00000m   61.6919u 
  900.00000m   71.2397u 
  950.00000m   81.0791u 
    1.00000    91.1187u 
y
 vth0_value= 265.9746m
 u0_param=  49.3431m
 ags_param= 417.8005m
 
   *** monte carlo  index = 264 ***
x

 volt         param     
             i_d_0.7    
    0.         32.4534p 
   50.00000m  166.2302p 
  100.00000m  847.6337p 
  150.00000m    4.1596n 
  200.00000m   18.9747n 
  250.00000m   77.7626n 
  300.00000m  281.4646n 
  350.00000m  880.1065n 
  400.00000m    2.2747u 
  450.00000m    4.7947u 
  500.00000m    8.5123u 
  550.00000m   13.3216u 
  600.00000m   19.0773u 
  650.00000m   25.6530u 
  700.00000m   32.9452u 
  750.00000m   40.8647u 
  800.00000m   49.3302u 
  850.00000m   58.2635u 
  900.00000m   67.5873u 
  950.00000m   77.2214u 
    1.00000    87.0789u 
y
 vth0_value= 280.7590m
 u0_param=  49.2997m
 ags_param= 418.3452m
 
   *** monte carlo  index = 265 ***
x

 volt         param     
             i_d_0.7    
    0.        239.6025p 
   50.00000m    1.2165n 
  100.00000m    5.9105n 
  150.00000m   26.5200n 
  200.00000m  106.4432n 
  250.00000m  376.5476n 
  300.00000m    1.1429u 
  350.00000m    2.8511u 
  400.00000m    5.8193u 
  450.00000m   10.0841u 
  500.00000m   15.5169u 
  550.00000m   21.9632u 
  600.00000m   29.2912u 
  650.00000m   37.3919u 
  700.00000m   46.1704u 
  750.00000m   55.5383u 
  800.00000m   65.4108u 
  850.00000m   75.7027u 
  900.00000m   86.3261u 
  950.00000m   97.1853u 
    1.00000   108.1706u 
y
 vth0_value= 222.0618m
 u0_param=  51.8820m
 ags_param= 409.4942m
 
   *** monte carlo  index = 266 ***
x

 volt         param     
             i_d_0.7    
    0.         56.4826p 
   50.00000m  290.2607p 
  100.00000m    1.4659n 
  150.00000m    7.0463n 
  200.00000m   31.0885n 
  250.00000m  122.2710n 
  300.00000m  422.8232n 
  350.00000m    1.2452u 
  400.00000m    2.9996u 
  450.00000m    5.9363u 
  500.00000m   10.0510u 
  550.00000m   15.2136u 
  600.00000m   21.2833u 
  650.00000m   28.1425u 
  700.00000m   35.6936u 
  750.00000m   43.8507u 
  800.00000m   52.5333u 
  850.00000m   61.6634u 
  900.00000m   71.1626u 
  950.00000m   80.9484u 
    1.00000    90.9292u 
y
 vth0_value= 263.6958m
 u0_param=  48.8791m
 ags_param= 411.0077m
 
   *** monte carlo  index = 267 ***
x

 volt         param     
             i_d_0.7    
    0.         99.4469p 
   50.00000m  510.0572p 
  100.00000m    2.5432n 
  150.00000m   11.9295n 
  200.00000m   50.7672n 
  250.00000m  191.5727n 
  300.00000m  631.2074n 
  350.00000m    1.7437u 
  400.00000m    3.9230u 
  450.00000m    7.3339u 
  500.00000m   11.9122u 
  550.00000m   17.5138u 
  600.00000m   24.0025u 
  650.00000m   31.2662u 
  700.00000m   39.2101u 
  750.00000m   47.7487u 
  800.00000m   56.8011u 
  850.00000m   66.2874u 
  900.00000m   76.1264u 
  950.00000m   86.2314u 
    1.00000    96.5045u 
y
 vth0_value= 247.0078m
 u0_param=  49.4359m
 ags_param= 420.9430m
 
   *** monte carlo  index = 268 ***
x

 volt         param     
             i_d_0.7    
    0.         25.0244p 
   50.00000m  127.6217p 
  100.00000m  652.5309p 
  150.00000m    3.2253n 
  200.00000m   14.8955n 
  250.00000m   62.0490n 
  300.00000m  228.6653n 
  350.00000m  731.6334n 
  400.00000m    1.9459u 
  450.00000m    4.2150u 
  500.00000m    7.6437u 
  550.00000m   12.1448u 
  600.00000m   17.5788u 
  650.00000m   23.8207u 
  700.00000m   30.7682u 
  750.00000m   38.3341u 
  800.00000m   46.4390u 
  850.00000m   55.0073u 
  900.00000m   63.9642u 
  950.00000m   73.2327u 
    1.00000    82.7296u 
y
 vth0_value= 287.6745m
 u0_param=  47.7480m
 ags_param= 402.1394m
 
   *** monte carlo  index = 269 ***
x

 volt         param     
             i_d_0.7    
    0.        160.1712p 
   50.00000m  818.0351p 
  100.00000m    4.0282n 
  150.00000m   18.4816n 
  200.00000m   76.3134n 
  250.00000m  278.5159n 
  300.00000m  880.3032n 
  350.00000m    2.3062u 
  400.00000m    4.9243u 
  450.00000m    8.8323u 
  500.00000m   13.9261u 
  550.00000m   20.0515u 
  600.00000m   27.0721u 
  650.00000m   34.8759u 
  700.00000m   43.3668u 
  750.00000m   52.4567u 
  800.00000m   62.0614u 
  850.00000m   72.0974u 
  900.00000m   82.4792u 
  950.00000m   93.1146u 
    1.00000   103.8987u 
y
 vth0_value= 233.9404m
 u0_param=  51.4554m
 ags_param= 423.8244m
 
   *** monte carlo  index = 270 ***
x

 volt         param     
             i_d_0.7    
    0.        337.8171p 
   50.00000m    1.7034n 
  100.00000m    8.1613n 
  150.00000m   35.8263n 
  200.00000m  140.0704n 
  250.00000m  481.1625n 
  300.00000m    1.4048u 
  350.00000m    3.3524u 
  400.00000m    6.5830u 
  450.00000m   11.0851u 
  500.00000m   16.7186u 
  550.00000m   23.3343u 
  600.00000m   30.8076u 
  650.00000m   39.0344u 
  700.00000m   47.9223u 
  750.00000m   57.3844u 
  800.00000m   67.3361u 
  850.00000m   77.6923u 
  900.00000m   88.3634u 
  950.00000m   99.2509u 
    1.00000   110.2403u 
y
 vth0_value= 211.2678m
 u0_param=  51.2289m
 ags_param= 439.9546m
 
   *** monte carlo  index = 271 ***
x

 volt         param     
             i_d_0.7    
    0.        109.8849p 
   50.00000m  563.0891p 
  100.00000m    2.7997n 
  150.00000m   13.0656n 
  200.00000m   55.2064n 
  250.00000m  206.6803n 
  300.00000m  674.4715n 
  350.00000m    1.8402u 
  400.00000m    4.0882u 
  450.00000m    7.5659u 
  500.00000m   12.2007u 
  550.00000m   17.8482u 
  600.00000m   24.3743u 
  650.00000m   31.6689u 
  700.00000m   39.6383u 
  750.00000m   48.1977u 
  800.00000m   57.2665u 
  850.00000m   66.7648u 
  900.00000m   76.6114u 
  950.00000m   86.7190u 
    1.00000    96.9884u 
y
 vth0_value= 243.8446m
 u0_param=  49.1942m
 ags_param= 436.1958m
 
   *** monte carlo  index = 272 ***
x

 volt         param     
             i_d_0.7    
    0.        134.0163p 
   50.00000m  685.6775p 
  100.00000m    3.3927n 
  150.00000m   15.6958n 
  200.00000m   65.5342n 
  250.00000m  242.1232n 
  300.00000m  777.2483n 
  350.00000m    2.0763u 
  400.00000m    4.5176u 
  450.00000m    8.2232u 
  500.00000m   13.1031u 
  550.00000m   19.0075u 
  600.00000m   25.8005u 
  650.00000m   33.3710u 
  700.00000m   41.6238u 
  750.00000m   50.4723u 
  800.00000m   59.8339u 
  850.00000m   69.6267u 
  900.00000m   79.7670u 
  950.00000m   90.1650u 
    1.00000   100.7184u 
y
 vth0_value= 238.6779m
 u0_param=  50.4527m
 ags_param= 432.0521m
 
   *** monte carlo  index = 273 ***
x

 volt         param     
             i_d_0.7    
    0.        125.2352p 
   50.00000m  641.0459p 
  100.00000m    3.1765n 
  150.00000m   14.7347n 
  200.00000m   61.7424n 
  250.00000m  229.0278n 
  300.00000m  738.9215n 
  350.00000m    1.9867u 
  400.00000m    4.3499u 
  450.00000m    7.9575u 
  500.00000m   12.7259u 
  550.00000m   18.5080u 
  600.00000m   25.1700u 
  650.00000m   32.6017u 
  700.00000m   40.7095u 
  750.00000m   49.4078u 
  800.00000m   58.6152u 
  850.00000m   68.2511u 
  900.00000m   78.2330u 
  950.00000m   88.4722u 
    1.00000    98.8678u 
y
 vth0_value= 240.2172m
 u0_param=  49.6716m
 ags_param= 434.7855m
 
   *** monte carlo  index = 274 ***
x

 volt         param     
             i_d_0.7    
    0.         48.2289p 
   50.00000m  247.7533p 
  100.00000m    1.2549n 
  150.00000m    6.0686n 
  200.00000m   27.0291n 
  250.00000m  107.5150n 
  300.00000m  376.5602n 
  350.00000m    1.1279u 
  400.00000m    2.7697u 
  450.00000m    5.5738u 
  500.00000m    9.5554u 
  550.00000m   14.5904u 
  600.00000m   20.5376u 
  650.00000m   27.2780u 
  700.00000m   34.7131u 
  750.00000m   42.7569u 
  800.00000m   51.3292u 
  850.00000m   60.3525u 
  900.00000m   69.7491u 
  950.00000m   79.4375u 
    1.00000    89.3280u 
y
 vth0_value= 268.3281m
 u0_param=  48.6636m
 ags_param= 415.6295m
 
   *** monte carlo  index = 275 ***
x

 volt         param     
             i_d_0.7    
    0.         72.3508p 
   50.00000m  371.6910p 
  100.00000m    1.8674n 
  150.00000m    8.8841n 
  200.00000m   38.5908n 
  250.00000m  149.0433n 
  300.00000m  504.7747n 
  350.00000m    1.4459u 
  400.00000m    3.3787u 
  450.00000m    6.5162u 
  500.00000m   10.8259u 
  550.00000m   16.1703u 
  600.00000m   22.4108u 
  650.00000m   29.4327u 
  700.00000m   37.1397u 
  750.00000m   45.4466u 
  800.00000m   54.2727u 
  850.00000m   63.5396u 
  900.00000m   73.1677u 
  950.00000m   83.0729u 
    1.00000    93.1612u 
y
 vth0_value= 256.3144m
 u0_param=  49.0127m
 ags_param= 409.2211m
 
   *** monte carlo  index = 276 ***
x

 volt         param     
             i_d_0.7    
    0.        119.9528p 
   50.00000m  614.2560p 
  100.00000m    3.0474n 
  150.00000m   14.1653n 
  200.00000m   59.5267n 
  250.00000m  221.5069n 
  300.00000m  717.4574n 
  350.00000m    1.9386u 
  400.00000m    4.2656u 
  450.00000m    7.8338u 
  500.00000m   12.5629u 
  550.00000m   18.3063u 
  600.00000m   24.9299u 
  650.00000m   32.3232u 
  700.00000m   40.3923u 
  750.00000m   49.0519u 
  800.00000m   58.2207u 
  850.00000m   67.8183u 
  900.00000m   77.7625u 
  950.00000m   87.9652u 
    1.00000    98.3263u 
y
 vth0_value= 241.4610m
 u0_param=  49.5882m
 ags_param= 418.4205m
 
   *** monte carlo  index = 277 ***
x

 volt         param     
             i_d_0.7    
    0.         33.7569p 
   50.00000m  172.9895p 
  100.00000m  881.6361p 
  150.00000m    4.3210n 
  200.00000m   19.6695n 
  250.00000m   80.3914n 
  300.00000m  290.1105n 
  350.00000m  903.6397n 
  400.00000m    2.3245u 
  450.00000m    4.8781u 
  500.00000m    8.6310u 
  550.00000m   13.4749u 
  600.00000m   19.2641u 
  650.00000m   25.8724u 
  700.00000m   33.1966u 
  750.00000m   41.1475u 
  800.00000m   49.6436u 
  850.00000m   58.6067u 
  900.00000m   67.9591u 
  950.00000m   77.6206u 
    1.00000    87.5038u 
y
 vth0_value= 279.6162m
 u0_param=  49.3851m
 ags_param= 409.4728m
 
   *** monte carlo  index = 278 ***
x

 volt         param     
             i_d_0.7    
    0.        110.0264p 
   50.00000m  563.9283p 
  100.00000m    2.8050n 
  150.00000m   13.0985n 
  200.00000m   55.3943n 
  250.00000m  207.5769n 
  300.00000m  678.1321n 
  350.00000m    1.8527u 
  400.00000m    4.1217u 
  450.00000m    7.6358u 
  500.00000m   12.3219u 
  550.00000m   18.0331u 
  600.00000m   24.6331u 
  650.00000m   32.0097u 
  700.00000m   40.0679u 
  750.00000m   48.7217u 
  800.00000m   57.8893u 
  850.00000m   67.4902u 
  900.00000m   77.4423u 
  950.00000m   87.6577u 
    1.00000    98.0374u 
y
 vth0_value= 244.2435m
 u0_param=  49.8688m
 ags_param= 413.6858m
 
   *** monte carlo  index = 279 ***
x

 volt         param     
             i_d_0.7    
    0.        125.7365p 
   50.00000m  643.4282p 
  100.00000m    3.1865n 
  150.00000m   14.7660n 
  200.00000m   61.7912n 
  250.00000m  228.8827n 
  300.00000m  737.1795n 
  350.00000m    1.9776u 
  400.00000m    4.3209u 
  450.00000m    7.8915u 
  500.00000m   12.6062u 
  550.00000m   18.3203u 
  600.00000m   24.9024u 
  650.00000m   32.2445u 
  700.00000m   40.2542u 
  750.00000m   48.8474u 
  800.00000m   57.9437u 
  850.00000m   67.4636u 
  900.00000m   77.3252u 
  950.00000m   87.4406u 
    1.00000    97.7097u 
y
 vth0_value= 239.6266m
 u0_param=  48.9508m
 ags_param= 430.5175m
 
   *** monte carlo  index = 280 ***
x

 volt         param     
             i_d_0.7    
    0.        159.9707p 
   50.00000m  816.8162p 
  100.00000m    4.0204n 
  150.00000m   18.4322n 
  200.00000m   76.0375n 
  250.00000m  277.2339n 
  300.00000m  875.1772n 
  350.00000m    2.2893u 
  400.00000m    4.8812u 
  450.00000m    8.7457u 
  500.00000m   13.7798u 
  550.00000m   19.8316u 
  600.00000m   26.7672u 
  650.00000m   34.4765u 
  700.00000m   42.8645u 
  750.00000m   51.8446u 
  800.00000m   61.3336u 
  850.00000m   71.2490u 
  900.00000m   81.5061u 
  950.00000m   92.0135u 
    1.00000   102.6670u 
y
 vth0_value= 233.5253m
 u0_param=  50.7360m
 ags_param= 410.4171m
 
   *** monte carlo  index = 281 ***
x

 volt         param     
             i_d_0.7    
    0.         58.7128p 
   50.00000m  301.6968p 
  100.00000m    1.5222n 
  150.00000m    7.3028n 
  200.00000m   32.1256n 
  250.00000m  125.9137n 
  300.00000m  433.7281n 
  350.00000m    1.2707u 
  400.00000m    3.0434u 
  450.00000m    5.9934u 
  500.00000m   10.1109u 
  550.00000m   15.2657u 
  600.00000m   21.3185u 
  650.00000m   28.1535u 
  700.00000m   35.6741u 
  750.00000m   43.7952u 
  800.00000m   52.4371u 
  850.00000m   61.5222u 
  900.00000m   70.9725u 
  950.00000m   80.7056u 
    1.00000    90.6303u 
y
 vth0_value= 262.2759m
 u0_param=  48.4979m
 ags_param= 398.9335m
 
   *** monte carlo  index = 282 ***
x

 volt         param     
             i_d_0.7    
    0.        138.0282p 
   50.00000m  705.8354p 
  100.00000m    3.4880n 
  150.00000m   16.1023n 
  200.00000m   67.0382n 
  250.00000m  246.9068n 
  300.00000m  789.5284n 
  350.00000m    2.0988u 
  400.00000m    4.5448u 
  450.00000m    8.2421u 
  500.00000m   13.0992u 
  550.00000m   18.9677u 
  600.00000m   25.7145u 
  650.00000m   33.2299u 
  700.00000m   41.4202u 
  750.00000m   50.1997u 
  800.00000m   59.4867u 
  850.00000m   69.2000u 
  900.00000m   79.2566u 
  950.00000m   89.5668u 
    1.00000   100.0287u 
y
 vth0_value= 237.4284m
 u0_param=  49.8895m
 ags_param= 423.9095m
 
   *** monte carlo  index = 283 ***
x

 volt         param     
             i_d_0.7    
    0.        161.4759p 
   50.00000m  824.3847p 
  100.00000m    4.0563n 
  150.00000m   18.5861n 
  200.00000m   76.6153n 
  250.00000m  279.1148n 
  300.00000m  880.2118n 
  350.00000m    2.2995u 
  400.00000m    4.8972u 
  450.00000m    8.7664u 
  500.00000m   13.8035u 
  550.00000m   19.8571u 
  600.00000m   26.7935u 
  650.00000m   34.5028u 
  700.00000m   42.8905u 
  750.00000m   51.8698u 
  800.00000m   61.3576u 
  850.00000m   71.2716u 
  900.00000m   81.5270u 
  950.00000m   92.0321u 
    1.00000   102.6828u 
y
 vth0_value= 233.2071m
 u0_param=  50.6793m
 ags_param= 421.4498m
 
   *** monte carlo  index = 284 ***
x

 volt         param     
             i_d_0.7    
    0.         99.9151p 
   50.00000m  512.5692p 
  100.00000m    2.5567n 
  150.00000m   12.0001n 
  200.00000m   51.1117n 
  250.00000m  193.0484n 
  300.00000m  636.7309n 
  350.00000m    1.7614u 
  400.00000m    3.9680u 
  450.00000m    7.4257u 
  500.00000m   12.0697u 
  550.00000m   17.7530u 
  600.00000m   24.3366u 
  650.00000m   31.7061u 
  700.00000m   39.7650u 
  750.00000m   48.4263u 
  800.00000m   57.6078u 
  850.00000m   67.2285u 
  900.00000m   77.2063u 
  950.00000m   87.4535u 
    1.00000    97.8717u 
y
 vth0_value= 247.4026m
 u0_param=  50.2688m
 ags_param= 418.3877m
 
   *** monte carlo  index = 285 ***
x

 volt         param     
             i_d_0.7    
    0.         88.6822p 
   50.00000m  455.3544p 
  100.00000m    2.2786n 
  150.00000m   10.7585n 
  200.00000m   46.2124n 
  250.00000m  176.2054n 
  300.00000m  587.7849n 
  350.00000m    1.6502u 
  400.00000m    3.7749u 
  450.00000m    7.1526u 
  500.00000m   11.7301u 
  550.00000m   17.3613u 
  600.00000m   23.9042u 
  650.00000m   31.2421u 
  700.00000m   39.2770u 
  750.00000m   47.9211u 
  800.00000m   57.0914u 
  850.00000m   66.7071u 
  900.00000m   76.6858u 
  950.00000m   86.9405u 
    1.00000    97.3737u 
y
 vth0_value= 251.2041m
 u0_param=  50.5998m
 ags_param= 414.9710m
 
   *** monte carlo  index = 286 ***
x

 volt         param     
             i_d_0.7    
    0.        203.0894p 
   50.00000m    1.0336n 
  100.00000m    5.0481n 
  150.00000m   22.8461n 
  200.00000m   92.6886n 
  250.00000m  331.8220n 
  300.00000m    1.0231u 
  350.00000m    2.6001u 
  400.00000m    5.3972u 
  450.00000m    9.4733u 
  500.00000m   14.7103u 
  550.00000m   20.9559u 
  600.00000m   28.0788u 
  650.00000m   35.9705u 
  700.00000m   44.5369u 
  750.00000m   53.6910u 
  800.00000m   63.3493u 
  850.00000m   73.4281u 
  900.00000m   83.8411u 
  950.00000m   94.4948u 
    1.00000   105.2816u 
y
 vth0_value= 226.5121m
 u0_param=  51.0224m
 ags_param= 425.2760m
 
   *** monte carlo  index = 287 ***
x

 volt         param     
             i_d_0.7    
    0.         84.8158p 
   50.00000m  435.3897p 
  100.00000m    2.1789n 
  150.00000m   10.2906n 
  200.00000m   44.2227n 
  250.00000m  168.7212n 
  300.00000m  563.3019n 
  350.00000m    1.5833u 
  400.00000m    3.6264u 
  450.00000m    6.8791u 
  500.00000m   11.2924u 
  550.00000m   16.7264u 
  600.00000m   23.0453u 
  650.00000m   30.1368u 
  700.00000m   37.9065u 
  750.00000m   46.2698u 
  800.00000m   55.1464u 
  850.00000m   64.4579u 
  900.00000m   74.1244u 
  950.00000m   84.0608u 
    1.00000    94.1715u 
y
 vth0_value= 251.3841m
 u0_param=  48.7982m
 ags_param= 425.9758m
 
   *** monte carlo  index = 288 ***
x

 volt         param     
             i_d_0.7    
    0.        170.4149p 
   50.00000m  869.3592p 
  100.00000m    4.2698n 
  150.00000m   19.5046n 
  200.00000m   80.0808n 
  250.00000m  290.4685n 
  300.00000m  910.9152n 
  350.00000m    2.3634u 
  400.00000m    5.0006u 
  450.00000m    8.9068u 
  500.00000m   13.9751u 
  550.00000m   20.0545u 
  600.00000m   27.0124u 
  650.00000m   34.7398u 
  700.00000m   43.1427u 
  750.00000m   52.1345u 
  800.00000m   61.6324u 
  850.00000m   71.5540u 
  900.00000m   81.8143u 
  950.00000m   92.3214u 
    1.00000   102.9706u 
y
 vth0_value= 231.5124m
 u0_param=  50.5677m
 ags_param= 422.4997m
 
   *** monte carlo  index = 289 ***
x

 volt         param     
             i_d_0.7    
    0.         47.9375p 
   50.00000m  246.2479p 
  100.00000m    1.2474n 
  150.00000m    6.0334n 
  200.00000m   26.8800n 
  250.00000m  106.9602n 
  300.00000m  374.7672n 
  350.00000m    1.1231u 
  400.00000m    2.7596u 
  450.00000m    5.5565u 
  500.00000m    9.5296u 
  550.00000m   14.5551u 
  600.00000m   20.4919u 
  650.00000m   27.2210u 
  700.00000m   34.6441u 
  750.00000m   42.6752u 
  800.00000m   51.2343u 
  850.00000m   60.2439u 
  900.00000m   69.6264u 
  950.00000m   79.3005u 
    1.00000    89.1766u 
y
 vth0_value= 268.4743m
 u0_param=  48.6071m
 ags_param= 407.8212m
 
   *** monte carlo  index = 290 ***
x

 volt         param     
             i_d_0.7    
    0.         85.5474p 
   50.00000m  439.1252p 
  100.00000m    2.1972n 
  150.00000m   10.3728n 
  200.00000m   44.5509n 
  250.00000m  169.8660n 
  300.00000m  566.6967n 
  350.00000m    1.5913u 
  400.00000m    3.6409u 
  450.00000m    6.9005u 
  500.00000m   11.3204u 
  550.00000m   16.7604u 
  600.00000m   23.0847u 
  650.00000m   30.1811u 
  700.00000m   37.9552u 
  750.00000m   46.3222u 
  800.00000m   55.2022u 
  850.00000m   64.5164u 
  900.00000m   74.1850u 
  950.00000m   84.1231u 
    1.00000    94.2348u 
y
 vth0_value= 251.1319m
 u0_param=  48.8082m
 ags_param= 415.7432m
 
   *** monte carlo  index = 291 ***
x

 volt         param     
             i_d_0.7    
    0.        115.5319p 
   50.00000m  591.8072p 
  100.00000m    2.9389n 
  150.00000m   13.6850n 
  200.00000m   57.6475n 
  250.00000m  215.0884n 
  300.00000m  698.9774n 
  350.00000m    1.8967u 
  400.00000m    4.1911u 
  450.00000m    7.7230u 
  500.00000m   12.4151u 
  550.00000m   18.1218u 
  600.00000m   24.7086u 
  650.00000m   32.0653u 
  700.00000m   40.0979u 
  750.00000m   48.7212u 
  800.00000m   57.8540u 
  850.00000m   67.4164u 
  900.00000m   77.3262u 
  950.00000m   87.4958u 
    1.00000    97.8255u 
y
 vth0_value= 242.5123m
 u0_param=  49.4655m
 ags_param= 425.3876m
 
   *** monte carlo  index = 292 ***
x

 volt         param     
             i_d_0.7    
    0.         67.6996p 
   50.00000m  347.9781p 
  100.00000m    1.7520n 
  150.00000m    8.3692n 
  200.00000m   36.5749n 
  250.00000m  142.2397n 
  300.00000m  485.5566n 
  350.00000m    1.4055u 
  400.00000m    3.3217u 
  450.00000m    6.4670u 
  500.00000m   10.8175u 
  550.00000m   16.2338u 
  600.00000m   22.5716u 
  650.00000m   29.7115u 
  700.00000m   37.5542u 
  750.00000m   46.0114u 
  800.00000m   55.0007u 
  850.00000m   64.4418u 
  900.00000m   74.2540u 
  950.00000m   84.3520u 
    1.00000    94.6416u 
y
 vth0_value= 259.1606m
 u0_param=  50.3204m
 ags_param= 408.6733m
 
   *** monte carlo  index = 293 ***
x

 volt         param     
             i_d_0.7    
    0.        149.8824p 
   50.00000m  765.9746p 
  100.00000m    3.7782n 
  150.00000m   17.3857n 
  200.00000m   72.0681n 
  250.00000m  264.1547n 
  300.00000m  839.5054n 
  350.00000m    2.2144u 
  400.00000m    4.7595u 
  450.00000m    8.5805u 
  500.00000m   13.5789u 
  550.00000m   19.6025u 
  600.00000m   26.5159u 
  650.00000m   34.2078u 
  700.00000m   42.5827u 
  750.00000m   51.5535u 
  800.00000m   61.0369u 
  850.00000m   70.9502u 
  900.00000m   81.2089u 
  950.00000m   91.7217u 
    1.00000   102.3851u 
y
 vth0_value= 235.5874m
 u0_param=  50.8933m
 ags_param= 421.2812m
 
   *** monte carlo  index = 294 ***
x

 volt         param     
             i_d_0.7    
    0.        109.6339p 
   50.00000m  562.0483p 
  100.00000m    2.7970n 
  150.00000m   13.0725n 
  200.00000m   55.3489n 
  250.00000m  207.6685n 
  300.00000m  679.4466n 
  350.00000m    1.8599u 
  400.00000m    4.1456u 
  450.00000m    7.6916u 
  500.00000m   12.4248u 
  550.00000m   18.1961u 
  600.00000m   24.8668u 
  650.00000m   32.3230u 
  700.00000m   40.4683u 
  750.00000m   49.2154u 
  800.00000m   58.4817u 
  850.00000m   68.1857u 
  900.00000m   78.2446u 
  950.00000m   88.5700u 
    1.00000    99.0622u 
y
 vth0_value= 244.7697m
 u0_param=  50.5233m
 ags_param= 414.3677m
 
   *** monte carlo  index = 295 ***
x

 volt         param     
             i_d_0.7    
    0.         34.0578p 
   50.00000m  174.5206p 
  100.00000m  889.0196p 
  150.00000m    4.3531n 
  200.00000m   19.7846n 
  250.00000m   80.7032n 
  300.00000m  290.6268n 
  350.00000m  902.8402n 
  400.00000m    2.3150u 
  450.00000m    4.8437u 
  500.00000m    8.5512u 
  550.00000m   13.3301u 
  600.00000m   19.0380u 
  650.00000m   25.5517u 
  700.00000m   32.7699u 
  750.00000m   40.6054u 
  800.00000m   48.9781u 
  850.00000m   57.8110u 
  900.00000m   67.0276u 
  950.00000m   76.5485u 
    1.00000    86.2872u 
y
 vth0_value= 278.7731m
 u0_param=  48.5066m
 ags_param= 410.0548m
 
   *** monte carlo  index = 296 ***
x

 volt         param     
             i_d_0.7    
    0.         41.4551p 
   50.00000m  212.7479p 
  100.00000m    1.0800n 
  150.00000m    5.2476n 
  200.00000m   23.5525n 
  250.00000m   94.5728n 
  300.00000m  334.7440n 
  350.00000m    1.0167u 
  400.00000m    2.5377u 
  450.00000m    5.1815u 
  500.00000m    8.9803u 
  550.00000m   13.8187u 
  600.00000m   19.5585u 
  650.00000m   26.0818u 
  700.00000m   33.2916u 
  750.00000m   41.1031u 
  800.00000m   49.4381u 
  850.00000m   58.2205u 
  900.00000m   67.3745u 
  950.00000m   76.8209u 
    1.00000    86.4721u 
y
 vth0_value= 272.1904m
 u0_param=  47.5814m
 ags_param= 411.6229m
 
   *** monte carlo  index = 297 ***
x

 volt         param     
             i_d_0.7    
    0.         24.2720p 
   50.00000m  123.7063p 
  100.00000m  632.6932p 
  150.00000m    3.1298n 
  200.00000m   14.4756n 
  250.00000m   60.4177n 
  300.00000m  223.1343n 
  350.00000m  715.8803n 
  400.00000m    1.9106u 
  450.00000m    4.1524u 
  500.00000m    7.5500u 
  550.00000m   12.0187u 
  600.00000m   17.4196u 
  650.00000m   23.6277u 
  700.00000m   30.5408u 
  750.00000m   38.0719u 
  800.00000m   46.1417u 
  850.00000m   54.6750u 
  900.00000m   63.5971u 
  950.00000m   72.8314u 
    1.00000    82.2949u 
y
 vth0_value= 288.5131m
 u0_param=  47.6030m
 ags_param= 408.6142m
 
   *** monte carlo  index = 298 ***
x

 volt         param     
             i_d_0.7    
    0.         85.5366p 
   50.00000m  439.3342p 
  100.00000m    2.2008n 
  150.00000m   10.4115n 
  200.00000m   44.8497n 
  250.00000m  171.5584n 
  300.00000m  574.4459n 
  350.00000m    1.6208u 
  400.00000m    3.7269u 
  450.00000m    7.0918u 
  500.00000m   11.6661u 
  550.00000m   17.3031u 
  600.00000m   23.8596u 
  650.00000m   31.2174u 
  700.00000m   39.2774u 
  750.00000m   47.9511u 
  800.00000m   57.1552u 
  850.00000m   66.8082u 
  900.00000m   76.8277u 
  950.00000m   87.1264u 
    1.00000    97.6068u 
y
 vth0_value= 252.5015m
 u0_param=  50.9325m
 ags_param= 422.6733m
 
   *** monte carlo  index = 299 ***
x

 volt         param     
             i_d_0.7    
    0.         51.9398p 
   50.00000m  266.8397p 
  100.00000m    1.3494n 
  150.00000m    6.5038n 
  200.00000m   28.8166n 
  250.00000m  113.9112n 
  300.00000m  396.1942n 
  350.00000m    1.1758u 
  400.00000m    2.8571u 
  450.00000m    5.6972u 
  500.00000m    9.7008u 
  550.00000m   14.7426u 
  600.00000m   20.6835u 
  650.00000m   27.4071u 
  700.00000m   34.8169u 
  750.00000m   42.8279u 
  800.00000m   51.3608u 
  850.00000m   60.3389u 
  900.00000m   69.6847u 
  950.00000m   79.3171u 
    1.00000    89.1458u 
y
 vth0_value= 265.7483m
 u0_param=  48.1514m
 ags_param= 416.4440m
 
   *** monte carlo  index = 300 ***
x

 volt         param     
             i_d_0.7    
    0.         75.0487p 
   50.00000m  385.4835p 
  100.00000m    1.9349n 
  150.00000m    9.1891n 
  200.00000m   39.8118n 
  250.00000m  153.3030n 
  300.00000m  517.4164n 
  350.00000m    1.4754u 
  400.00000m    3.4308u 
  450.00000m    6.5899u 
  500.00000m   10.9162u 
  550.00000m   16.2720u 
  600.00000m   22.5197u 
  650.00000m   29.5453u 
  700.00000m   37.2535u 
  750.00000m   45.5592u 
  800.00000m   54.3821u 
  850.00000m   63.6439u 
  900.00000m   73.2651u 
  950.00000m   83.1614u 
    1.00000    93.2384u 
y
 vth0_value= 255.1082m
 u0_param=  48.8559m
 ags_param= 418.9915m
 
   *** monte carlo  index = 301 ***
x

 volt         param     
             i_d_0.7    
    0.         94.8312p 
   50.00000m  486.6345p 
  100.00000m    2.4302n 
  150.00000m   11.4319n 
  200.00000m   48.8453n 
  250.00000m  185.1425n 
  300.00000m  613.2701n 
  350.00000m    1.7060u 
  400.00000m    3.8653u 
  450.00000m    7.2674u 
  500.00000m   11.8523u 
  550.00000m   17.4747u 
  600.00000m   23.9957u 
  650.00000m   31.3011u 
  700.00000m   39.2945u 
  750.00000m   47.8893u 
  800.00000m   57.0037u 
  850.00000m   66.5572u 
  900.00000m   76.4680u 
  950.00000m   86.6494u 
    1.00000    97.0035u 
y
 vth0_value= 248.8072m
 u0_param=  50.0064m
 ags_param= 415.4050m
 
   *** monte carlo  index = 302 ***
x

 volt         param     
             i_d_0.7    
    0.         64.4283p 
   50.00000m  331.1244p 
  100.00000m    1.6682n 
  150.00000m    7.9798n 
  200.00000m   34.9451n 
  250.00000m  136.2333n 
  300.00000m  466.3856n 
  350.00000m    1.3552u 
  400.00000m    3.2163u 
  450.00000m    6.2845u 
  500.00000m   10.5408u 
  550.00000m   15.8495u 
  600.00000m   22.0688u 
  650.00000m   29.0813u 
  700.00000m   36.7888u 
  750.00000m   45.1047u 
  800.00000m   53.9478u 
  850.00000m   63.2389u 
  900.00000m   72.8985u 
  950.00000m   82.8424u 
    1.00000    92.9773u 
y
 vth0_value= 260.1239m
 u0_param=  49.4936m
 ags_param= 420.0403m
 
   *** monte carlo  index = 303 ***
x

 volt         param     
             i_d_0.7    
    0.         82.2245p 
   50.00000m  422.2033p 
  100.00000m    2.1150n 
  150.00000m   10.0064n 
  200.00000m   43.1124n 
  250.00000m  164.9621n 
  300.00000m  552.6237n 
  350.00000m    1.5603u 
  400.00000m    3.5904u 
  450.00000m    6.8367u 
  500.00000m   11.2535u 
  550.00000m   16.7003u 
  600.00000m   23.0394u 
  650.00000m   30.1572u 
  700.00000m   37.9582u 
  750.00000m   46.3570u 
  800.00000m   55.2730u 
  850.00000m   64.6270u 
  900.00000m   74.3390u 
  950.00000m   84.3238u 
    1.00000    94.4857u 
y
 vth0_value= 252.5614m
 u0_param=  49.1686m
 ags_param= 418.5817m
 
   *** monte carlo  index = 304 ***
x

 volt         param     
             i_d_0.7    
    0.         54.9877p 
   50.00000m  282.5960p 
  100.00000m    1.4282n 
  150.00000m    6.8746n 
  200.00000m   30.3964n 
  250.00000m  119.8522n 
  300.00000m  415.6374n 
  350.00000m    1.2286u 
  400.00000m    2.9723u 
  450.00000m    5.9037u 
  500.00000m   10.0226u 
  550.00000m   15.1989u 
  600.00000m   21.2902u 
  650.00000m   28.1775u 
  700.00000m   35.7623u 
  750.00000m   43.9577u 
  800.00000m   52.6829u 
  850.00000m   61.8594u 
  900.00000m   71.4082u 
  950.00000m   81.2467u 
    1.00000    91.2830u 
y
 vth0_value= 264.7412m
 u0_param=  49.2398m
 ags_param= 420.2120m
 
   *** monte carlo  index = 305 ***
x

 volt         param     
             i_d_0.7    
    0.        175.2776p 
   50.00000m  894.0139p 
  100.00000m    4.3887n 
  150.00000m   20.0301n 
  200.00000m   82.1444n 
  250.00000m  297.5680n 
  300.00000m  931.6013n 
  350.00000m    2.4120u 
  400.00000m    5.0935u 
  450.00000m    9.0582u 
  500.00000m   14.1966u 
  550.00000m   20.3556u 
  600.00000m   27.4012u 
  650.00000m   35.2230u 
  700.00000m   43.7260u 
  750.00000m   52.8229u 
  800.00000m   62.4298u 
  850.00000m   72.4634u 
  900.00000m   82.8379u 
  950.00000m   93.4607u 
    1.00000   104.2260u 
y
 vth0_value= 231.0394m
 u0_param=  51.1600m
 ags_param= 431.6389m
 
   *** monte carlo  index = 306 ***
x

 volt         param     
             i_d_0.7    
    0.         96.0961p 
   50.00000m  493.0715p 
  100.00000m    2.4615n 
  150.00000m   11.5709n 
  200.00000m   49.3913n 
  250.00000m  187.0091n 
  300.00000m  618.6508n 
  350.00000m    1.7180u 
  400.00000m    3.8859u 
  450.00000m    7.2957u 
  500.00000m   11.8864u 
  550.00000m   17.5126u 
  600.00000m   24.0357u 
  650.00000m   31.3420u 
  700.00000m   39.3351u 
  750.00000m   47.9287u 
  800.00000m   57.0410u 
  850.00000m   66.5916u 
  900.00000m   76.4988u 
  950.00000m   86.6755u 
    1.00000    97.0241u 
y
 vth0_value= 248.3721m
 u0_param=  49.9502m
 ags_param= 414.7119m
 
   *** monte carlo  index = 307 ***
x

 volt         param     
             i_d_0.7    
    0.         27.1002p 
   50.00000m  138.4207p 
  100.00000m  707.2193p 
  150.00000m    3.4882n 
  200.00000m   16.0509n 
  250.00000m   66.5349n 
  300.00000m  243.8723n 
  350.00000m  774.9551n 
  400.00000m    2.0434u 
  450.00000m    4.3895u 
  500.00000m    7.9084u 
  550.00000m   12.5070u 
  600.00000m   18.0439u 
  650.00000m   24.3933u 
  700.00000m   31.4527u 
  750.00000m   39.1341u 
  800.00000m   47.3574u 
  850.00000m   56.0463u 
  900.00000m   65.1251u 
  950.00000m   74.5158u 
    1.00000    84.1337u 
y
 vth0_value= 285.5791m
 u0_param=  48.2638m
 ags_param= 418.5715m
 
   *** monte carlo  index = 308 ***
x

 volt         param     
             i_d_0.7    
    0.        110.9148p 
   50.00000m  568.3432p 
  100.00000m    2.8253n 
  150.00000m   13.1810n 
  200.00000m   55.6686n 
  250.00000m  208.3037n 
  300.00000m  679.3318n 
  350.00000m    1.8519u 
  400.00000m    4.1107u 
  450.00000m    7.6023u 
  500.00000m   12.2529u 
  550.00000m   17.9177u 
  600.00000m   24.4622u 
  650.00000m   31.7758u 
  700.00000m   39.7648u 
  750.00000m   48.3440u 
  800.00000m   57.4326u 
  850.00000m   66.9507u 
  900.00000m   76.8169u 
  950.00000m   86.9437u 
    1.00000    97.2323u 
y
 vth0_value= 243.6490m
 u0_param=  49.3249m
 ags_param= 416.5420m
 
   *** monte carlo  index = 309 ***
x

 volt         param     
             i_d_0.7    
    0.         74.5446p 
   50.00000m  382.9498p 
  100.00000m    1.9229n 
  150.00000m    9.1388n 
  200.00000m   39.6352n 
  250.00000m  152.8024n 
  300.00000m  516.4174n 
  350.00000m    1.4751u 
  400.00000m    3.4367u 
  450.00000m    6.6114u 
  500.00000m   10.9638u 
  550.00000m   16.3551u 
  600.00000m   22.6459u 
  650.00000m   29.7212u 
  700.00000m   37.4844u 
  750.00000m   45.8498u 
  800.00000m   54.7363u 
  850.00000m   64.0650u 
  900.00000m   73.7558u 
  950.00000m   83.7242u 
    1.00000    93.8754u 
y
 vth0_value= 255.5963m
 u0_param=  49.2921m
 ags_param= 422.1198m
 
   *** monte carlo  index = 310 ***
x

 volt         param     
             i_d_0.7    
    0.         37.7064p 
   50.00000m  193.4077p 
  100.00000m  983.6955p 
  150.00000m    4.7996n 
  200.00000m   21.6862n 
  250.00000m   87.8043n 
  300.00000m  313.6266n 
  350.00000m  963.9899n 
  400.00000m    2.4403u 
  450.00000m    5.0463u 
  500.00000m    8.8298u 
  550.00000m   13.6782u 
  600.00000m   19.4494u 
  650.00000m   26.0219u 
  700.00000m   33.2955u 
  750.00000m   41.1835u 
  800.00000m   49.6059u 
  850.00000m   58.4858u 
  900.00000m   67.7462u 
  950.00000m   77.3073u 
    1.00000    87.0816u 
y
 vth0_value= 275.6591m
 u0_param=  48.4728m
 ags_param= 424.9314m
 
   *** monte carlo  index = 311 ***
x

 volt         param     
             i_d_0.7    
    0.        147.3858p 
   50.00000m  753.0596p 
  100.00000m    3.7135n 
  150.00000m   17.0808n 
  200.00000m   70.7673n 
  250.00000m  259.2606n 
  300.00000m  823.5050n 
  350.00000m    2.1708u 
  400.00000m    4.6629u 
  450.00000m    8.4033u 
  500.00000m   13.2959u 
  550.00000m   19.1932u 
  600.00000m   25.9631u 
  650.00000m   33.4974u 
  700.00000m   41.7030u 
  750.00000m   50.4948u 
  800.00000m   59.7911u 
  850.00000m   69.5108u 
  900.00000m   79.5707u 
  950.00000m   89.8808u 
    1.00000   100.3383u 
y
 vth0_value= 235.3431m
 u0_param=  49.7204m
 ags_param= 434.7533m
 
   *** monte carlo  index = 312 ***
x

 volt         param     
             i_d_0.7    
    0.         87.8977p 
   50.00000m  450.8123p 
  100.00000m    2.2512n 
  150.00000m   10.5899n 
  200.00000m   45.2543n 
  250.00000m  171.5931n 
  300.00000m  568.7761n 
  350.00000m    1.5837u 
  400.00000m    3.5921u 
  450.00000m    6.7608u 
  500.00000m   11.0371u 
  550.00000m   16.2877u 
  600.00000m   22.3845u 
  650.00000m   29.2221u 
  700.00000m   36.7109u 
  750.00000m   44.7703u 
  800.00000m   53.3237u 
  850.00000m   62.2954u 
  900.00000m   71.6082u 
  950.00000m   81.1790u 
    1.00000    90.9138u 
y
 vth0_value= 248.8252m
 u0_param=  46.5978m
 ags_param= 422.0169m
 
   *** monte carlo  index = 313 ***
x

 volt         param     
             i_d_0.7    
    0.         85.9195p 
   50.00000m  441.1829p 
  100.00000m    2.2088n 
  150.00000m   10.4384n 
  200.00000m   44.8986n 
  250.00000m  171.4644n 
  300.00000m  573.0588n 
  350.00000m    1.6129u 
  400.00000m    3.6994u 
  450.00000m    7.0250u 
  500.00000m   11.5398u 
  550.00000m   17.0999u 
  600.00000m   23.5649u 
  650.00000m   30.8194u 
  700.00000m   38.7662u 
  750.00000m   47.3183u 
  800.00000m   56.3938u 
  850.00000m   65.9123u 
  900.00000m   75.7925u 
  950.00000m   85.9478u 
    1.00000    96.2814u 
y
 vth0_value= 251.8136m
 u0_param=  50.0601m
 ags_param= 426.5832m
 
   *** monte carlo  index = 314 ***
x

 volt         param     
             i_d_0.7    
    0.         35.6172p 
   50.00000m  182.6410p 
  100.00000m  930.2431p 
  150.00000m    4.5524n 
  200.00000m   20.6698n 
  250.00000m   84.2041n 
  300.00000m  302.7720n 
  350.00000m  938.6461n 
  400.00000m    2.4008u 
  450.00000m    5.0114u 
  500.00000m    8.8307u 
  550.00000m   13.7463u 
  600.00000m   19.6114u 
  650.00000m   26.2991u 
  700.00000m   33.7057u 
  750.00000m   41.7414u 
  800.00000m   50.3242u 
  850.00000m   59.3751u 
  900.00000m   68.8159u 
  950.00000m   78.5656u 
    1.00000    88.5361u 
y
 vth0_value= 278.2533m
 u0_param=  49.8009m
 ags_param= 403.6221m
 
   *** monte carlo  index = 315 ***
x

 volt         param     
             i_d_0.7    
    0.        125.8492p 
   50.00000m  644.1787p 
  100.00000m    3.1918n 
  150.00000m   14.8036n 
  200.00000m   62.0196n 
  250.00000m  230.0060n 
  300.00000m  741.8673n 
  350.00000m    1.9938u 
  400.00000m    4.3640u 
  450.00000m    7.9809u 
  500.00000m   12.7602u 
  550.00000m   18.5545u 
  600.00000m   25.2295u 
  650.00000m   32.6749u 
  700.00000m   40.7966u 
  750.00000m   49.5091u 
  800.00000m   58.7307u 
  850.00000m   68.3808u 
  900.00000m   78.3767u 
  950.00000m   88.6298u 
    1.00000    99.0393u 
y
 vth0_value= 240.1386m
 u0_param=  49.7779m
 ags_param= 416.7257m
 
   *** monte carlo  index = 316 ***
x

 volt         param     
             i_d_0.7    
    0.        112.0727p 
   50.00000m  574.3478p 
  100.00000m    2.8556n 
  150.00000m   13.3248n 
  200.00000m   56.2914n 
  250.00000m  210.6886n 
  300.00000m  687.2949n 
  350.00000m    1.8742u 
  400.00000m    4.1616u 
  450.00000m    7.6981u 
  500.00000m   12.4087u 
  550.00000m   18.1461u 
  600.00000m   24.7735u 
  650.00000m   32.1789u 
  700.00000m   40.2668u 
  750.00000m   48.9510u 
  800.00000m   58.1497u 
  850.00000m   67.7821u 
  900.00000m   77.7658u 
  950.00000m   88.0127u 
    1.00000    98.4233u 
y
 vth0_value= 243.7789m
 u0_param=  50.0092m
 ags_param= 414.7997m
 
   *** monte carlo  index = 317 ***
x

 volt         param     
             i_d_0.7    
    0.        119.7144p 
   50.00000m  613.0914p 
  100.00000m    3.0422n 
  150.00000m   14.1459n 
  200.00000m   59.4725n 
  250.00000m  221.4133n 
  300.00000m  717.5784n 
  350.00000m    1.9404u 
  400.00000m    4.2727u 
  450.00000m    7.8515u 
  500.00000m   12.5962u 
  550.00000m   18.3598u 
  600.00000m   25.0072u 
  650.00000m   32.4275u 
  700.00000m   40.5263u 
  750.00000m   49.2178u 
  800.00000m   58.4204u 
  850.00000m   68.0534u 
  900.00000m   78.0345u 
  950.00000m   88.2751u 
    1.00000    98.6751u 
y
 vth0_value= 241.6626m
 u0_param=  49.8073m
 ags_param= 422.2188m
 
   *** monte carlo  index = 318 ***
x

 volt         param     
             i_d_0.7    
    0.         64.1983p 
   50.00000m  329.8632p 
  100.00000m    1.6612n 
  150.00000m    7.9404n 
  200.00000m   34.7348n 
  250.00000m  135.2493n 
  300.00000m  462.4088n 
  350.00000m    1.3413u 
  400.00000m    3.1774u 
  450.00000m    6.1990u 
  500.00000m   10.3864u 
  550.00000m   15.6066u 
  600.00000m   21.7215u 
  650.00000m   28.6162u 
  700.00000m   36.1948u 
  750.00000m   44.3724u 
  800.00000m   53.0692u 
  850.00000m   62.2077u 
  900.00000m   71.7091u 
  950.00000m   81.4906u 
    1.00000    91.4596u 
y
 vth0_value= 259.6023m
 u0_param=  48.5307m
 ags_param= 422.8760m
 
   *** monte carlo  index = 319 ***
x

 volt         param     
             i_d_0.7    
    0.         68.2061p 
   50.00000m  350.4735p 
  100.00000m    1.7633n 
  150.00000m    8.4116n 
  200.00000m   36.6862n 
  250.00000m  142.3487n 
  300.00000m  484.7008n 
  350.00000m    1.3983u 
  400.00000m    3.2929u 
  450.00000m    6.3919u 
  500.00000m   10.6694u 
  550.00000m   15.9892u 
  600.00000m   22.2111u 
  650.00000m   29.2193u 
  700.00000m   36.9170u 
  750.00000m   45.2180u 
  800.00000m   54.0417u 
  850.00000m   63.3094u 
  900.00000m   72.9415u 
  950.00000m   82.8542u 
    1.00000    92.9536u 
y
 vth0_value= 258.2030m
 u0_param=  49.1816m
 ags_param= 415.6946m
 
   *** monte carlo  index = 320 ***
x

 volt         param     
             i_d_0.7    
    0.        179.2096p 
   50.00000m  913.5353p 
  100.00000m    4.4789n 
  150.00000m   20.3996n 
  200.00000m   83.4382n 
  250.00000m  301.3934n 
  300.00000m  940.1484n 
  350.00000m    2.4233u 
  400.00000m    5.0963u 
  450.00000m    9.0349u 
  500.00000m   14.1293u 
  550.00000m   20.2292u 
  600.00000m   27.2031u 
  650.00000m   34.9429u 
  700.00000m   43.3551u 
  750.00000m   52.3535u 
  800.00000m   61.8554u 
  850.00000m   71.7784u 
  900.00000m   82.0375u 
  950.00000m   92.5405u 
    1.00000   103.1820u 
y
 vth0_value= 229.9080m
 u0_param=  50.4304m
 ags_param= 423.0186m
 
   *** monte carlo  index = 321 ***
x

 volt         param     
             i_d_0.7    
    0.         81.2977p 
   50.00000m  417.3398p 
  100.00000m    2.0899n 
  150.00000m    9.8824n 
  200.00000m   42.5454n 
  250.00000m  162.6588n 
  300.00000m  544.4197n 
  350.00000m    1.5353u 
  400.00000m    3.5287u 
  450.00000m    6.7129u 
  500.00000m   11.0428u 
  550.00000m   16.3814u 
  600.00000m   22.5947u 
  650.00000m   29.5718u 
  700.00000m   37.2195u 
  750.00000m   45.4542u 
  800.00000m   54.1971u 
  850.00000m   63.3704u 
  900.00000m   72.8956u 
  950.00000m   82.6886u 
    1.00000    92.6553u 
y
 vth0_value= 252.1958m
 u0_param=  48.0972m
 ags_param= 403.1681m
 
   *** monte carlo  index = 322 ***
x

 volt         param     
             i_d_0.7    
    0.         44.3818p 
   50.00000m  227.8612p 
  100.00000m    1.1554n 
  150.00000m    5.6003n 
  200.00000m   25.0368n 
  250.00000m  100.0482n 
  300.00000m  352.2304n 
  350.00000m    1.0623u 
  400.00000m    2.6296u 
  450.00000m    5.3297u 
  500.00000m    9.1861u 
  550.00000m   14.0805u 
  600.00000m   19.8745u 
  650.00000m   26.4511u 
  700.00000m   33.7134u 
  750.00000m   41.5768u 
  800.00000m   49.9629u 
  850.00000m   58.7955u 
  900.00000m   67.9983u 
  950.00000m   77.4916u 
    1.00000    87.1870u 
y
 vth0_value= 270.1941m
 u0_param=  47.6860m
 ags_param= 419.5546m
 
   *** monte carlo  index = 323 ***
x

 volt         param     
             i_d_0.7    
    0.         39.7747p 
   50.00000m  204.0967p 
  100.00000m    1.0371n 
  150.00000m    5.0499n 
  200.00000m   22.7415n 
  250.00000m   91.6960n 
  300.00000m  326.0370n 
  350.00000m  996.1707n 
  400.00000m    2.5039u 
  450.00000m    5.1445u 
  500.00000m    8.9580u 
  550.00000m   13.8292u 
  600.00000m   19.6170u 
  650.00000m   26.2010u 
  700.00000m   33.4819u 
  750.00000m   41.3735u 
  800.00000m   49.7961u 
  850.00000m   58.6729u 
  900.00000m   67.9272u 
  950.00000m   77.4791u 
    1.00000    87.2408u 
y
 vth0_value= 273.9303m
 u0_param=  48.3084m
 ags_param= 414.0785m
 
   *** monte carlo  index = 324 ***
x

 volt         param     
             i_d_0.7    
    0.         70.2830p 
   50.00000m  361.1202p 
  100.00000m    1.8157n 
  150.00000m    8.6506n 
  200.00000m   37.6579n 
  250.00000m  145.8015n 
  300.00000m  495.2126n 
  350.00000m    1.4239u 
  400.00000m    3.3410u 
  450.00000m    6.4657u 
  500.00000m   10.7687u 
  550.00000m   16.1131u 
  600.00000m   22.3589u 
  650.00000m   29.3905u 
  700.00000m   37.1113u 
  750.00000m   45.4353u 
  800.00000m   54.2817u 
  850.00000m   63.5717u 
  900.00000m   73.2255u 
  950.00000m   83.1590u 
    1.00000    93.2781u 
y
 vth0_value= 257.3229m
 u0_param=  49.2187m
 ags_param= 424.1461m
 
   *** monte carlo  index = 325 ***
x

 volt         param     
             i_d_0.7    
    0.         53.9778p 
   50.00000m  277.3919p 
  100.00000m    1.4024n 
  150.00000m    6.7545n 
  200.00000m   29.8953n 
  250.00000m  118.0180n 
  300.00000m  409.8330n 
  350.00000m    1.2137u 
  400.00000m    2.9421u 
  450.00000m    5.8540u 
  500.00000m    9.9513u 
  550.00000m   15.1047u 
  600.00000m   21.1719u 
  650.00000m   28.0342u 
  700.00000m   35.5930u 
  750.00000m   43.7615u 
  800.00000m   52.4592u 
  850.00000m   61.6076u 
  900.00000m   71.1281u 
  950.00000m   80.9382u 
    1.00000    90.9466u 
y
 vth0_value= 265.2305m
 u0_param=  49.1314m
 ags_param= 411.4825m
 
   *** monte carlo  index = 326 ***
x

 volt         param     
             i_d_0.7    
    0.         37.7111p 
   50.00000m  193.4867p 
  100.00000m  984.6810p 
  150.00000m    4.8098n 
  200.00000m   21.7710n 
  250.00000m   88.3412n 
  300.00000m  316.2735n 
  350.00000m  974.9857n 
  400.00000m    2.4768u 
  450.00000m    5.1378u 
  500.00000m    9.0105u 
  550.00000m   13.9792u 
  600.00000m   19.8966u 
  650.00000m   26.6365u 
  700.00000m   34.0951u 
  750.00000m   42.1829u 
  800.00000m   50.8174u 
  850.00000m   59.9197u 
  900.00000m   69.4111u 
  950.00000m   79.2102u 
    1.00000    89.2281u 
y
 vth0_value= 276.6085m
 u0_param=  49.9412m
 ags_param= 412.5458m
 
   *** monte carlo  index = 327 ***
x

 volt         param     
             i_d_0.7    
    0.         20.6019p 
   50.00000m  104.5966p 
  100.00000m  535.7718p 
  150.00000m    2.6625n 
  200.00000m   12.4147n 
  250.00000m   52.3949n 
  300.00000m  195.8927n 
  350.00000m  638.1327n 
  400.00000m    1.7367u 
  450.00000m    3.8476u 
  500.00000m    7.1033u 
  550.00000m   11.4316u 
  600.00000m   16.6959u 
  650.00000m   22.7702u 
  700.00000m   29.5514u 
  750.00000m   36.9522u 
  800.00000m   44.8938u 
  850.00000m   53.3012u 
  900.00000m   62.1008u 
  950.00000m   71.2169u 
    1.00000    80.5680u 
y
 vth0_value= 293.3348m
 u0_param=  47.2780m
 ags_param= 415.4354m
 
   *** monte carlo  index = 328 ***
x

 volt         param     
             i_d_0.7    
    0.         89.5419p 
   50.00000m  459.5341p 
  100.00000m    2.2970n 
  150.00000m   10.8234n 
  200.00000m   46.3600n 
  250.00000m  176.2201n 
  300.00000m  585.7335n 
  350.00000m    1.6368u 
  400.00000m    3.7261u 
  450.00000m    7.0329u 
  500.00000m   11.5029u 
  550.00000m   16.9946u 
  600.00000m   23.3719u 
  650.00000m   30.5225u 
  700.00000m   38.3518u 
  750.00000m   46.7748u 
  800.00000m   55.7111u 
  850.00000m   65.0817u 
  900.00000m   74.8063u 
  950.00000m   84.7993u 
    1.00000    94.9645u 
y
 vth0_value= 249.9043m
 u0_param=  49.0323m
 ags_param= 413.2591m
 
   *** monte carlo  index = 329 ***
x

 volt         param     
             i_d_0.7    
    0.         66.8600p 
   50.00000m  343.5436p 
  100.00000m    1.7289n 
  150.00000m    8.2521n 
  200.00000m   36.0212n 
  250.00000m  139.9077n 
  300.00000m  476.9484n 
  350.00000m    1.3781u 
  400.00000m    3.2509u 
  450.00000m    6.3196u 
  500.00000m   10.5603u 
  550.00000m   15.8382u 
  600.00000m   22.0141u 
  650.00000m   28.9728u 
  700.00000m   36.6181u 
  750.00000m   44.8644u 
  800.00000m   53.6316u 
  850.00000m   62.8413u 
  900.00000m   72.4146u 
  950.00000m   82.2678u 
    1.00000    92.3077u 
y
 vth0_value= 258.5963m
 u0_param=  48.8638m
 ags_param= 421.5856m
 
   *** monte carlo  index = 330 ***
x

 volt         param     
             i_d_0.7    
    0.         67.7772p 
   50.00000m  348.2885p 
  100.00000m    1.7527n 
  150.00000m    8.3644n 
  200.00000m   36.5030n 
  250.00000m  141.7377n 
  300.00000m  483.0083n 
  350.00000m    1.3949u 
  400.00000m    3.2887u 
  450.00000m    6.3899u 
  500.00000m   10.6737u 
  550.00000m   16.0033u 
  600.00000m   22.2383u 
  650.00000m   29.2620u 
  700.00000m   36.9774u 
  750.00000m   45.2981u 
  800.00000m   54.1431u 
  850.00000m   63.4336u 
  900.00000m   73.0897u 
  950.00000m   83.0275u 
    1.00000    93.1531u 
y
 vth0_value= 258.4934m
 u0_param=  49.3356m
 ags_param= 420.9197m
 
   *** monte carlo  index = 331 ***
x

 volt         param     
             i_d_0.7    
    0.         60.0654p 
   50.00000m  308.7231p 
  100.00000m    1.5577n 
  150.00000m    7.4729n 
  200.00000m   32.8719n 
  250.00000m  128.8235n 
  300.00000m  443.6610n 
  350.00000m    1.2994u 
  400.00000m    3.1112u 
  450.00000m    6.1248u 
  500.00000m   10.3296u 
  550.00000m   15.5919u 
  600.00000m   21.7691u 
  650.00000m   28.7428u 
  700.00000m   36.4143u 
  750.00000m   44.6966u 
  800.00000m   53.5085u 
  850.00000m   62.7710u 
  900.00000m   72.4044u 
  950.00000m   82.3253u 
    1.00000    92.4408u 
y
 vth0_value= 262.2549m
 u0_param=  49.5178m
 ags_param= 422.5693m
 
   *** monte carlo  index = 332 ***
x

 volt         param     
             i_d_0.7    
    0.        247.2984p 
   50.00000m    1.2543n 
  100.00000m    6.0819n 
  150.00000m   27.2022n 
  200.00000m  108.7584n 
  250.00000m  383.1182n 
  300.00000m    1.1565u 
  350.00000m    2.8665u 
  400.00000m    5.8175u 
  450.00000m   10.0390u 
  500.00000m   15.4036u 
  550.00000m   21.7608u 
  600.00000m   28.9828u 
  650.00000m   36.9638u 
  700.00000m   45.6108u 
  750.00000m   54.8376u 
  800.00000m   64.5605u 
  850.00000m   74.6958u 
  900.00000m   85.1564u 
  950.00000m   95.8471u 
    1.00000   106.6582u 
y
 vth0_value= 220.4287m
 u0_param=  50.8029m
 ags_param= 425.4256m
 
   *** monte carlo  index = 333 ***
x

 volt         param     
             i_d_0.7    
    0.         62.0524p 
   50.00000m  318.8357p 
  100.00000m    1.6067n 
  150.00000m    7.6894n 
  200.00000m   33.7011n 
  250.00000m  131.5176n 
  300.00000m  450.8062n 
  350.00000m    1.3121u 
  400.00000m    3.1200u 
  450.00000m    6.1065u 
  500.00000m   10.2555u 
  550.00000m   15.4355u 
  600.00000m   21.5087u 
  650.00000m   28.3602u 
  700.00000m   35.8944u 
  750.00000m   44.0265u 
  800.00000m   52.6773u 
  850.00000m   61.7692u 
  900.00000m   71.2241u 
  950.00000m   80.9593u 
    1.00000    90.8831u 
y
 vth0_value= 260.5037m
 u0_param=  48.3429m
 ags_param= 419.2257m
 
   *** monte carlo  index = 334 ***
x

 volt         param     
             i_d_0.7    
    0.         72.8925p 
   50.00000m  374.6261p 
  100.00000m    1.8834n 
  150.00000m    8.9711n 
  200.00000m   39.0364n 
  250.00000m  151.0542n 
  300.00000m  512.6653n 
  350.00000m    1.4726u 
  400.00000m    3.4512u 
  450.00000m    6.6719u 
  500.00000m   11.1027u 
  550.00000m   16.6013u 
  600.00000m   23.0231u 
  650.00000m   30.2489u 
  700.00000m   38.1791u 
  750.00000m   46.7250u 
  800.00000m   55.8039u 
  850.00000m   65.3349u 
  900.00000m   75.2364u 
  950.00000m   85.4225u 
    1.00000    95.7977u 
y
 vth0_value= 257.1421m
 u0_param=  50.6502m
 ags_param= 418.8220m
 
   *** monte carlo  index = 335 ***
x

 volt         param     
             i_d_0.7    
    0.         44.9338p 
   50.00000m  230.7794p 
  100.00000m    1.1707n 
  150.00000m    5.6783n 
  200.00000m   25.4128n 
  250.00000m  101.6786n 
  300.00000m  358.4332n 
  350.00000m    1.0828u 
  400.00000m    2.6855u 
  450.00000m    5.4517u 
  500.00000m    9.4070u 
  550.00000m   14.4293u 
  600.00000m   20.3752u 
  650.00000m   27.1234u 
  700.00000m   34.5740u 
  750.00000m   42.6398u 
  800.00000m   51.2399u 
  850.00000m   60.2962u 
  900.00000m   69.7308u 
  950.00000m   79.4621u 
    1.00000    89.4006u 
y
 vth0_value= 270.7489m
 u0_param=  49.0906m
 ags_param= 416.0859m
 
   *** monte carlo  index = 336 ***
x

 volt         param     
             i_d_0.7    
    0.         81.3205p 
   50.00000m  417.6609p 
  100.00000m    2.0935n 
  150.00000m    9.9161n 
  200.00000m   42.7928n 
  250.00000m  164.0367n 
  300.00000m  550.6737n 
  350.00000m    1.5590u 
  400.00000m    3.5979u 
  450.00000m    6.8672u 
  500.00000m   11.3224u 
  550.00000m   16.8215u 
  600.00000m   23.2242u 
  650.00000m   30.4151u 
  700.00000m   38.2971u 
  750.00000m   46.7836u 
  800.00000m   55.7930u 
  850.00000m   65.2453u 
  900.00000m   75.0598u 
  950.00000m   85.1505u 
    1.00000    95.4214u 
y
 vth0_value= 253.3132m
 u0_param=  49.8149m
 ags_param= 421.8749m
 
   *** monte carlo  index = 337 ***
x

 volt         param     
             i_d_0.7    
    0.         55.0648p 
   50.00000m  282.9239p 
  100.00000m    1.4291n 
  150.00000m    6.8725n 
  200.00000m   30.3426n 
  250.00000m  119.4391n 
  300.00000m  413.4517n 
  350.00000m    1.2193u 
  400.00000m    2.9417u 
  450.00000m    5.8299u 
  500.00000m    9.8814u 
  550.00000m   14.9689u 
  600.00000m   20.9537u 
  650.00000m   27.7199u 
  700.00000m   35.1714u 
  750.00000m   43.2231u 
  800.00000m   51.7960u 
  850.00000m   60.8128u 
  900.00000m   70.1959u 
  950.00000m   79.8637u 
    1.00000    89.7255u 
y
 vth0_value= 264.0247m
 u0_param=  48.2140m
 ags_param= 422.6201m
 
   *** monte carlo  index = 338 ***
x

 volt         param     
             i_d_0.7    
    0.         39.9047p 
   50.00000m  204.7920p 
  100.00000m    1.0408n 
  150.00000m    5.0696n 
  200.00000m   22.8421n 
  250.00000m   92.1582n 
  300.00000m  327.8885n 
  350.00000m    1.0026u 
  400.00000m    2.5226u 
  450.00000m    5.1872u 
  500.00000m    9.0376u 
  550.00000m   13.9575u 
  600.00000m   19.8037u 
  650.00000m   26.4540u 
  700.00000m   33.8079u 
  750.00000m   41.7781u 
  800.00000m   50.2840u 
  850.00000m   59.2481u 
  900.00000m   68.5929u 
  950.00000m   78.2378u 
    1.00000    88.0945u 
y
 vth0_value= 274.1980m
 u0_param=  48.8657m
 ags_param= 411.9848m
 
   *** monte carlo  index = 339 ***
x

 volt         param     
             i_d_0.7    
    0.         86.1453p 
   50.00000m  442.2924p 
  100.00000m    2.2138n 
  150.00000m   10.4572n 
  200.00000m   44.9500n 
  250.00000m  171.5370n 
  300.00000m  572.8251n 
  350.00000m    1.6105u 
  400.00000m    3.6897u 
  450.00000m    7.0001u 
  500.00000m   11.4916u 
  550.00000m   17.0210u 
  600.00000m   23.4495u 
  650.00000m   30.6624u 
  700.00000m   38.5634u 
  750.00000m   47.0661u 
  800.00000m   56.0891u 
  850.00000m   65.5526u 
  900.00000m   75.3755u 
  950.00000m   85.4718u 
    1.00000    95.7448u 
y
 vth0_value= 251.5125m
 u0_param=  49.7145m
 ags_param= 421.2577m
 
   *** monte carlo  index = 340 ***
x

 volt         param     
             i_d_0.7    
    0.         31.4723p 
   50.00000m  161.0702p 
  100.00000m  820.8745p 
  150.00000m    4.0250n 
  200.00000m   18.3368n 
  250.00000m   75.0294n 
  300.00000m  271.1467n 
  350.00000m  846.2411n 
  400.00000m    2.1822u 
  450.00000m    4.5902u 
  500.00000m    8.1375u 
  550.00000m   12.7241u 
  600.00000m   18.2133u 
  650.00000m   24.4861u 
  700.00000m   31.4449u 
  750.00000m   39.0053u 
  800.00000m   47.0899u 
  850.00000m   55.6242u 
  900.00000m   64.5341u 
  950.00000m   73.7427u 
    1.00000    83.1655u 
y
 vth0_value= 280.0409m
 u0_param=  46.8154m
 ags_param= 408.5015m
 
   *** monte carlo  index = 341 ***
x

 volt         param     
             i_d_0.7    
    0.         57.3671p 
   50.00000m  294.7436p 
  100.00000m    1.4874n 
  150.00000m    7.1395n 
  200.00000m   31.4306n 
  250.00000m  123.3017n 
  300.00000m  425.1886n 
  350.00000m    1.2475u 
  400.00000m    2.9927u 
  450.00000m    5.9019u 
  500.00000m    9.9676u 
  550.00000m   15.0614u 
  600.00000m   21.0460u 
  650.00000m   27.8067u 
  700.00000m   35.2481u 
  750.00000m   43.2859u 
  800.00000m   51.8412u 
  850.00000m   60.8372u 
  900.00000m   70.1965u 
  950.00000m   79.8375u 
    1.00000    89.6692u 
y
 vth0_value= 262.6303m
 u0_param=  47.9778m
 ags_param= 412.9515m
 
   *** monte carlo  index = 342 ***
x

 volt         param     
             i_d_0.7    
    0.         83.1568p 
   50.00000m  427.2357p 
  100.00000m    2.1422n 
  150.00000m   10.1524n 
  200.00000m   43.8460n 
  250.00000m  168.2045n 
  300.00000m  565.1107n 
  350.00000m    1.6015u 
  400.00000m    3.6997u 
  450.00000m    7.0669u 
  500.00000m   11.6569u 
  550.00000m   17.3219u 
  600.00000m   23.9162u 
  650.00000m   31.3200u 
  700.00000m   39.4326u 
  750.00000m   48.1646u 
  800.00000m   57.4319u 
  850.00000m   67.1523u 
  900.00000m   77.2429u 
  950.00000m   87.6162u 
    1.00000    98.1746u 
y
 vth0_value= 253.6810m
 u0_param=  51.4601m
 ags_param= 416.4493m
 
   *** monte carlo  index = 343 ***
x

 volt         param     
             i_d_0.7    
    0.         69.9025p 
   50.00000m  359.2656p 
  100.00000m    1.8075n 
  150.00000m    8.6218n 
  200.00000m   37.5973n 
  250.00000m  145.8503n 
  300.00000m  496.4535n 
  350.00000m    1.4316u 
  400.00000m    3.3693u 
  450.00000m    6.5369u 
  500.00000m   10.9068u 
  550.00000m   16.3388u 
  600.00000m   22.6897u 
  650.00000m   29.8406u 
  700.00000m   37.6926u 
  750.00000m   46.1577u 
  800.00000m   55.1538u 
  850.00000m   64.6006u 
  900.00000m   74.4171u 
  950.00000m   84.5181u 
    1.00000    94.8088u 
y
 vth0_value= 258.1419m
 u0_param=  50.2364m
 ags_param= 421.0941m
 
   *** monte carlo  index = 344 ***
x

 volt         param     
             i_d_0.7    
    0.        212.2183p 
   50.00000m    1.0794n 
  100.00000m    5.2651n 
  150.00000m   23.7767n 
  200.00000m   96.2010n 
  250.00000m  343.3552n 
  300.00000m    1.0544u 
  350.00000m    2.6671u 
  400.00000m    5.5123u 
  450.00000m    9.6431u 
  500.00000m   14.9386u 
  550.00000m   21.2455u 
  600.00000m   28.4319u 
  650.00000m   36.3892u 
  700.00000m   45.0229u 
  750.00000m   54.2455u 
  800.00000m   63.9729u 
  850.00000m   74.1210u 
  900.00000m   84.6032u 
  950.00000m   95.3249u 
    1.00000   106.1782u 
y
 vth0_value= 225.3795m
 u0_param=  51.3301m
 ags_param= 420.5704m
 
   *** monte carlo  index = 345 ***
x

 volt         param     
             i_d_0.7    
    0.         52.7955p 
   50.00000m  271.2575p 
  100.00000m    1.3714n 
  150.00000m    6.6069n 
  200.00000m   29.2522n 
  250.00000m  115.5309n 
  300.00000m  401.4209n 
  350.00000m    1.1897u 
  400.00000m    2.8864u 
  450.00000m    5.7479u 
  500.00000m    9.7772u 
  550.00000m   14.8477u 
  600.00000m   20.8199u 
  650.00000m   27.5770u 
  700.00000m   35.0219u 
  750.00000m   43.0694u 
  800.00000m   51.6399u 
  850.00000m   60.6563u 
  900.00000m   70.0409u 
  950.00000m   79.7123u 
    1.00000    89.5799u 
y
 vth0_value= 265.3920m
 u0_param=  48.3585m
 ags_param= 409.5042m
 
   *** monte carlo  index = 346 ***
x

 volt         param     
             i_d_0.7    
    0.         20.8504p 
   50.00000m  105.9007p 
  100.00000m  542.4999p 
  150.00000m    2.6961n 
  200.00000m   12.5717n 
  250.00000m   53.0598n 
  300.00000m  198.3816n 
  350.00000m  646.2252n 
  400.00000m    1.7586u 
  450.00000m    3.8961u 
  500.00000m    7.1922u 
  550.00000m   11.5736u 
  600.00000m   16.9015u 
  650.00000m   23.0481u 
  700.00000m   29.9089u 
  750.00000m   37.3955u 
  800.00000m   45.4279u 
  850.00000m   53.9305u 
  900.00000m   62.8287u 
  950.00000m   72.0461u 
    1.00000    81.5006u 
y
 vth0_value= 293.3641m
 u0_param=  47.8725m
 ags_param= 413.7018m
 
   *** monte carlo  index = 347 ***
x

 volt         param     
             i_d_0.7    
    0.         79.0803p 
   50.00000m  406.1208p 
  100.00000m    2.0362n 
  150.00000m    9.6492n 
  200.00000m   41.6725n 
  250.00000m  159.8854n 
  300.00000m  537.3343n 
  350.00000m    1.5235u 
  400.00000m    3.5216u 
  450.00000m    6.7306u 
  500.00000m   11.1086u 
  550.00000m   16.5166u 
  600.00000m   22.8168u 
  650.00000m   29.8955u 
  700.00000m   37.6573u 
  750.00000m   46.0168u 
  800.00000m   54.8936u 
  850.00000m   64.2091u 
  900.00000m   73.8831u 
  950.00000m   83.8311u 
    1.00000    93.9578u 
y
 vth0_value= 253.6474m
 u0_param=  49.0328m
 ags_param= 422.8511m
 
   *** monte carlo  index = 348 ***
x

 volt         param     
             i_d_0.7    
    0.         87.1380p 
   50.00000m  447.1642p 
  100.00000m    2.2356n 
  150.00000m   10.5390n 
  200.00000m   45.1716n 
  250.00000m  171.8387n 
  300.00000m  571.7478n 
  350.00000m    1.5999u 
  400.00000m    3.6472u 
  450.00000m    6.8925u 
  500.00000m   11.2838u 
  550.00000m   16.6830u 
  600.00000m   22.9565u 
  650.00000m   29.9939u 
  700.00000m   37.7023u 
  750.00000m   45.9981u 
  800.00000m   54.8021u 
  850.00000m   64.0365u 
  900.00000m   73.6219u 
  950.00000m   83.4737u 
    1.00000    93.4962u 
y
 vth0_value= 250.1900m
 u0_param=  48.2237m
 ags_param= 434.8967m
 
   *** monte carlo  index = 349 ***
x

 volt         param     
             i_d_0.7    
    0.         63.8614p 
   50.00000m  328.2440p 
  100.00000m    1.6543n 
  150.00000m    7.9188n 
  200.00000m   34.7137n 
  250.00000m  135.4923n 
  300.00000m  464.4662n 
  350.00000m    1.3520u 
  400.00000m    3.2148u 
  450.00000m    6.2917u 
  500.00000m   10.5650u 
  550.00000m   15.8979u 
  600.00000m   22.1476u 
  650.00000m   29.1951u 
  700.00000m   36.9415u 
  750.00000m   45.2994u 
  800.00000m   54.1871u 
  850.00000m   63.5249u 
  900.00000m   73.2329u 
  950.00000m   83.2269u 
    1.00000    93.4134u 
y
 vth0_value= 260.6204m
 u0_param=  49.8504m
 ags_param= 401.6568m
 
   *** monte carlo  index = 350 ***
x

 volt         param     
             i_d_0.7    
    0.         60.3188p 
   50.00000m  309.9607p 
  100.00000m    1.5632n 
  150.00000m    7.4921n 
  200.00000m   32.9103n 
  250.00000m  128.7667n 
  300.00000m  442.6807n 
  350.00000m    1.2935u 
  400.00000m    3.0891u 
  450.00000m    6.0681u 
  500.00000m   10.2181u 
  550.00000m   15.4076u 
  600.00000m   21.4970u 
  650.00000m   28.3703u 
  700.00000m   35.9309u 
  750.00000m   44.0933u 
  800.00000m   52.7776u 
  850.00000m   61.9059u 
  900.00000m   71.3998u 
  950.00000m   81.1766u 
    1.00000    91.1445u 
y
 vth0_value= 261.5761m
 u0_param=  48.6719m
 ags_param= 410.7106m
 
   *** monte carlo  index = 351 ***
x

 volt         param     
             i_d_0.7    
    0.        143.5010p 
   50.00000m  733.5278p 
  100.00000m    3.6210n 
  150.00000m   16.6846n 
  200.00000m   69.2882n 
  250.00000m  254.4890n 
  300.00000m  810.9378n 
  350.00000m    2.1462u 
  400.00000m    4.6279u 
  450.00000m    8.3648u 
  500.00000m   13.2626u 
  550.00000m   19.1723u 
  600.00000m   25.9607u 
  650.00000m   33.5183u 
  700.00000m   41.7512u 
  750.00000m   50.5736u 
  800.00000m   59.9035u 
  850.00000m   69.6594u 
  900.00000m   79.7580u 
  950.00000m   90.1090u 
    1.00000   100.6102u 
y
 vth0_value= 236.3528m
 u0_param=  50.0380m
 ags_param= 425.1505m
 
   *** monte carlo  index = 352 ***
x

 volt         param     
             i_d_0.7    
    0.         77.2422p 
   50.00000m  396.8698p 
  100.00000m    1.9923n 
  150.00000m    9.4636n 
  200.00000m   41.0108n 
  250.00000m  157.9492n 
  300.00000m  533.1528n 
  350.00000m    1.5204u 
  400.00000m    3.5358u 
  450.00000m    6.7915u 
  500.00000m   11.2489u 
  550.00000m   16.7651u 
  600.00000m   23.1972u 
  650.00000m   30.4275u 
  700.00000m   38.3572u 
  750.00000m   46.8987u 
  800.00000m   55.9692u 
  850.00000m   65.4883u 
  900.00000m   75.3745u 
  950.00000m   85.5418u 
    1.00000    95.8942u 
y
 vth0_value= 255.2331m
 u0_param=  50.3935m
 ags_param= 421.3286m
 
   *** monte carlo  index = 353 ***
x

 volt         param     
             i_d_0.7    
    0.        112.6930p 
   50.00000m  577.5063p 
  100.00000m    2.8709n 
  150.00000m   13.3934n 
  200.00000m   56.5634n 
  250.00000m  211.6335n 
  300.00000m  690.0862n 
  350.00000m    1.8808u 
  400.00000m    4.1740u 
  450.00000m    7.7178u 
  500.00000m   12.4367u 
  550.00000m   18.1833u 
  600.00000m   24.8210u 
  650.00000m   32.2374u 
  700.00000m   40.3372u 
  750.00000m   49.0341u 
  800.00000m   58.2463u 
  850.00000m   67.8927u 
  900.00000m   77.8909u 
  950.00000m   88.1526u 
    1.00000    98.5780u 
y
 vth0_value= 243.6415m
 u0_param=  50.0540m
 ags_param= 429.4985m
 
   *** monte carlo  index = 354 ***
x

 volt         param     
             i_d_0.7    
    0.         66.6746p 
   50.00000m  342.6260p 
  100.00000m    1.7247n 
  150.00000m    8.2360n 
  200.00000m   35.9754n 
  250.00000m  139.8386n 
  300.00000m  477.1268n 
  350.00000m    1.3802u 
  400.00000m    3.2599u 
  450.00000m    6.3435u 
  500.00000m   10.6081u 
  550.00000m   15.9175u 
  600.00000m   22.1315u 
  650.00000m   29.1335u 
  700.00000m   36.8266u 
  750.00000m   45.1244u 
  800.00000m   53.9463u 
  850.00000m   63.2135u 
  900.00000m   72.8464u 
  950.00000m   82.7611u 
    1.00000    92.8641u 
y
 vth0_value= 258.9237m
 u0_param=  49.2367m
 ags_param= 421.0078m
 
   *** monte carlo  index = 355 ***
x

 volt         param     
             i_d_0.7    
    0.        103.9022p 
   50.00000m  532.8781p 
  100.00000m    2.6554n 
  150.00000m   12.4414n 
  200.00000m   52.8589n 
  250.00000m  199.0903n 
  300.00000m  654.4423n 
  350.00000m    1.8024u 
  400.00000m    4.0423u 
  450.00000m    7.5374u 
  500.00000m   12.2193u 
  550.00000m   17.9404u 
  600.00000m   24.5617u 
  650.00000m   31.9692u 
  700.00000m   40.0662u 
  750.00000m   48.7659u 
  800.00000m   57.9857u 
  850.00000m   67.6445u 
  900.00000m   77.6598u 
  950.00000m   87.9435u 
    1.00000    98.3966u 
y
 vth0_value= 246.2916m
 u0_param=  50.3742m
 ags_param= 427.9475m
 
   *** monte carlo  index = 356 ***
x

 volt         param     
             i_d_0.7    
    0.         36.8596p 
   50.00000m  189.0295p 
  100.00000m  961.8031p 
  150.00000m    4.6968n 
  200.00000m   21.2521n 
  250.00000m   86.2003n 
  300.00000m  308.5006n 
  350.00000m  950.6558n 
  400.00000m    2.4139u 
  450.00000m    5.0056u 
  500.00000m    8.7771u 
  550.00000m   13.6166u 
  600.00000m   19.3819u 
  650.00000m   25.9505u 
  700.00000m   33.2221u 
  750.00000m   41.1096u 
  800.00000m   49.5328u 
  850.00000m   58.4148u 
  900.00000m   67.6785u 
  950.00000m   77.2442u 
    1.00000    87.0244u 
y
 vth0_value= 276.4059m
 u0_param=  48.5598m
 ags_param= 422.7986m
 
   *** monte carlo  index = 357 ***
x

 volt         param     
             i_d_0.7    
    0.         73.1098p 
   50.00000m  375.7331p 
  100.00000m    1.8888n 
  150.00000m    8.9950n 
  200.00000m   39.1296n 
  250.00000m  151.3668n 
  300.00000m  513.5408n 
  350.00000m    1.4744u 
  400.00000m    3.4537u 
  450.00000m    6.6739u 
  500.00000m   11.1027u 
  550.00000m   16.5978u 
  600.00000m   23.0151u 
  650.00000m   30.2355u 
  700.00000m   38.1595u 
  750.00000m   46.6989u 
  800.00000m   55.7706u 
  850.00000m   65.2941u 
  900.00000m   75.1877u 
  950.00000m   85.3657u 
    1.00000    95.7324u 
y
 vth0_value= 257.0114m
 u0_param=  50.5854m
 ags_param= 423.1052m
 
   *** monte carlo  index = 358 ***
x

 volt         param     
             i_d_0.7    
    0.         94.0372p 
   50.00000m  482.5464p 
  100.00000m    2.4099n 
  150.00000m   11.3376n 
  200.00000m   48.4502n 
  250.00000m  183.6811n 
  300.00000m  608.5883n 
  350.00000m    1.6935u 
  400.00000m    3.8386u 
  450.00000m    7.2195u 
  500.00000m   11.7772u 
  550.00000m   17.3676u 
  600.00000m   23.8527u 
  650.00000m   31.1189u 
  700.00000m   39.0707u 
  750.00000m   47.6217u 
  800.00000m   56.6907u 
  850.00000m   66.1975u 
  900.00000m   76.0608u 
  950.00000m   86.1939u 
    1.00000    96.4992u 
y
 vth0_value= 248.8740m
 u0_param=  49.7168m
 ags_param= 427.3940m
 
   *** monte carlo  index = 359 ***
x

 volt         param     
             i_d_0.7    
    0.        108.4424p 
   50.00000m  555.7704p 
  100.00000m    2.7644n 
  150.00000m   12.9100n 
  200.00000m   54.6023n 
  250.00000m  204.6390n 
  300.00000m  668.6829n 
  350.00000m    1.8274u 
  400.00000m    4.0667u 
  450.00000m    7.5362u 
  500.00000m   12.1642u 
  550.00000m   17.8062u 
  600.00000m   24.3277u 
  650.00000m   31.6181u 
  700.00000m   39.5837u 
  750.00000m   48.1395u 
  800.00000m   57.2046u 
  850.00000m   66.6995u 
  900.00000m   76.5427u 
  950.00000m   86.6473u 
    1.00000    96.9145u 
y
 vth0_value= 244.2768m
 u0_param=  49.2466m
 ags_param= 415.9485m
 
   *** monte carlo  index = 360 ***
x

 volt         param     
             i_d_0.7    
    0.        106.9397p 
   50.00000m  548.0798p 
  100.00000m    2.7267n 
  150.00000m   12.7382n 
  200.00000m   53.9023n 
  250.00000m  202.1307n 
  300.00000m  660.9629n 
  350.00000m    1.8080u 
  400.00000m    4.0274u 
  450.00000m    7.4692u 
  500.00000m   12.0631u 
  550.00000m   17.6659u 
  600.00000m   24.1440u 
  650.00000m   31.3876u 
  700.00000m   39.3034u 
  750.00000m   47.8070u 
  800.00000m   56.8182u 
  850.00000m   66.2576u 
  900.00000m   76.0444u 
  950.00000m   86.0918u 
    1.00000    96.3016u 
y
 vth0_value= 244.4899m
 u0_param=  48.9304m
 ags_param= 422.9069m
 
   *** monte carlo  index = 361 ***
x

 volt         param     
             i_d_0.7    
    0.         66.8026p 
   50.00000m  343.2824p 
  100.00000m    1.7279n 
  150.00000m    8.2507n 
  200.00000m   36.0355n 
  250.00000m  140.0519n 
  300.00000m  477.7758n 
  350.00000m    1.3818u 
  400.00000m    3.2628u 
  450.00000m    6.3480u 
  500.00000m   10.6139u 
  550.00000m   15.9245u 
  600.00000m   22.1395u 
  650.00000m   29.1425u 
  700.00000m   36.8363u 
  750.00000m   45.1349u 
  800.00000m   53.9573u 
  850.00000m   63.2249u 
  900.00000m   72.8582u 
  950.00000m   82.7731u 
    1.00000    92.8761u 
y
 vth0_value= 258.8658m
 u0_param=  49.2367m
 ags_param= 419.3309m
 
   *** monte carlo  index = 362 ***
x

 volt         param     
             i_d_0.7    
    0.         36.6956p 
   50.00000m  188.1640p 
  100.00000m  957.2826p 
  150.00000m    4.6738n 
  200.00000m   21.1411n 
  250.00000m   85.7169n 
  300.00000m  306.6493n 
  350.00000m  944.4824n 
  400.00000m    2.3968u 
  450.00000m    4.9676u 
  500.00000m    8.7071u 
  550.00000m   13.5047u 
  600.00000m   19.2198u 
  650.00000m   25.7314u 
  700.00000m   32.9400u 
  750.00000m   40.7596u 
  800.00000m   49.1107u 
  850.00000m   57.9170u 
  900.00000m   67.1021u 
  950.00000m   76.5868u 
    1.00000    86.2842u 
y
 vth0_value= 276.2341m
 u0_param=  48.0955m
 ags_param= 415.5428m
 
   *** monte carlo  index = 363 ***
x

 volt         param     
             i_d_0.7    
    0.         54.1551p 
   50.00000m  278.2820p 
  100.00000m    1.4065n 
  150.00000m    6.7717n 
  200.00000m   29.9516n 
  250.00000m  118.1493n 
  300.00000m  409.9439n 
  350.00000m    1.2127u 
  400.00000m    2.9360u 
  450.00000m    5.8357u 
  500.00000m    9.9126u 
  550.00000m   15.0383u 
  600.00000m   21.0718u 
  650.00000m   27.8954u 
  700.00000m   35.4114u 
  750.00000m   43.5338u 
  800.00000m   52.1823u 
  850.00000m   61.2792u 
  900.00000m   70.7462u 
  950.00000m   80.5010u 
    1.00000    90.4528u 
y
 vth0_value= 264.9048m
 u0_param=  48.7848m
 ags_param= 415.8706m
 
   *** monte carlo  index = 364 ***
x

 volt         param     
             i_d_0.7    
    0.         73.0321p 
   50.00000m  375.1907p 
  100.00000m    1.8847n 
  150.00000m    8.9637n 
  200.00000m   38.9188n 
  250.00000m  150.2319n 
  300.00000m  508.4913n 
  350.00000m    1.4554u 
  400.00000m    3.3979u 
  450.00000m    6.5486u 
  500.00000m   10.8741u 
  550.00000m   16.2365u 
  600.00000m   22.4969u 
  650.00000m   29.5404u 
  700.00000m   37.2708u 
  750.00000m   45.6024u 
  800.00000m   54.4546u 
  850.00000m   63.7486u 
  900.00000m   73.4048u 
  950.00000m   83.3386u 
    1.00000    93.4557u 
y
 vth0_value= 256.1056m
 u0_param=  49.1256m
 ags_param= 426.9695m
 
   *** monte carlo  index = 365 ***
x

 volt         param     
             i_d_0.7    
    0.         83.5369p 
   50.00000m  428.9578p 
  100.00000m    2.1485n 
  150.00000m   10.1618n 
  200.00000m   43.7622n 
  250.00000m  167.3584n 
  300.00000m  560.2781n 
  350.00000m    1.5805u 
  400.00000m    3.6335u 
  450.00000m    6.9133u 
  500.00000m   11.3727u 
  550.00000m   16.8697u 
  600.00000m   23.2653u 
  650.00000m   30.4448u 
  700.00000m   38.3121u 
  750.00000m   46.7809u 
  800.00000m   55.7700u 
  850.00000m   65.1997u 
  900.00000m   74.9893u 
  950.00000m   85.0529u 
    1.00000    95.2946u 
y
 vth0_value= 252.3590m
 u0_param=  49.5912m
 ags_param= 422.2345m
 
   *** monte carlo  index = 366 ***
x

 volt         param     
             i_d_0.7    
    0.        104.9895p 
   50.00000m  538.4588p 
  100.00000m    2.6830n 
  150.00000m   12.5680n 
  200.00000m   53.3818n 
  250.00000m  200.9926n 
  300.00000m  660.4115n 
  350.00000m    1.8178u 
  400.00000m    4.0744u 
  450.00000m    7.5936u 
  500.00000m   12.3057u 
  550.00000m   18.0618u 
  600.00000m   24.7222u 
  650.00000m   32.1719u 
  700.00000m   40.3139u 
  750.00000m   49.0606u 
  800.00000m   58.3290u 
  850.00000m   68.0377u 
  900.00000m   78.1038u 
  950.00000m   88.4389u 
    1.00000    98.9438u 
y
 vth0_value= 246.1718m
 u0_param=  50.6792m
 ags_param= 415.6653m
 
   *** monte carlo  index = 367 ***
x

 volt         param     
             i_d_0.7    
    0.         75.7773p 
   50.00000m  389.3531p 
  100.00000m    1.9553n 
  150.00000m    9.2938n 
  200.00000m   40.3146n 
  250.00000m  155.4454n 
  300.00000m  525.4086n 
  350.00000m    1.5010u 
  400.00000m    3.4974u 
  450.00000m    6.7286u 
  500.00000m   11.1578u 
  550.00000m   16.6433u 
  600.00000m   23.0428u 
  650.00000m   30.2385u 
  700.00000m   38.1322u 
  750.00000m   46.6364u 
  800.00000m   55.6688u 
  850.00000m   65.1491u 
  900.00000m   74.9962u 
  950.00000m   85.1243u 
    1.00000    95.4379u 
y
 vth0_value= 255.6881m
 u0_param=  50.2021m
 ags_param= 422.9031m
 
   *** monte carlo  index = 368 ***
x

 volt         param     
             i_d_0.7    
    0.         82.9165p 
   50.00000m  425.8147p 
  100.00000m    2.1334n 
  150.00000m   10.0959n 
  200.00000m   43.5125n 
  250.00000m  166.5501n 
  300.00000m  558.1434n 
  350.00000m    1.5766u 
  400.00000m    3.6296u 
  450.00000m    6.9139u 
  500.00000m   11.3830u 
  550.00000m   16.8943u 
  600.00000m   23.3081u 
  650.00000m   30.5090u 
  700.00000m   38.4002u 
  750.00000m   46.8952u 
  800.00000m   55.9123u 
  850.00000m   65.3716u 
  900.00000m   75.1921u 
  950.00000m   85.2880u 
    1.00000    95.5631u 
y
 vth0_value= 252.7211m
 u0_param=  49.8046m
 ags_param= 419.6781m
 
   *** monte carlo  index = 369 ***
x

 volt         param     
             i_d_0.7    
    0.        127.4563p 
   50.00000m  652.4787p 
  100.00000m    3.2333n 
  150.00000m   14.9982n 
  200.00000m   62.8466n 
  250.00000m  233.1110n 
  300.00000m  752.0022n 
  350.00000m    2.0215u 
  400.00000m    4.4253u 
  450.00000m    8.0938u 
  500.00000m   12.9412u 
  550.00000m   18.8174u 
  600.00000m   25.5859u 
  650.00000m   33.1345u 
  700.00000m   41.3678u 
  750.00000m   50.1989u 
  800.00000m   59.5451u 
  850.00000m   69.3246u 
  900.00000m   79.4540u 
  950.00000m   89.8434u 
    1.00000   100.3914u 
y
 vth0_value= 240.2315m
 u0_param=  50.5189m
 ags_param= 431.2399m
 
   *** monte carlo  index = 370 ***
x

 volt         param     
             i_d_0.7    
    0.         53.6471p 
   50.00000m  275.6438p 
  100.00000m    1.3932n 
  150.00000m    6.7080n 
  200.00000m   29.6725n 
  250.00000m  117.0634n 
  300.00000m  406.2469n 
  350.00000m    1.2020u 
  400.00000m    2.9110u 
  450.00000m    5.7876u 
  500.00000m    9.8331u 
  550.00000m   14.9202u 
  600.00000m   20.9093u 
  650.00000m   27.6837u 
  700.00000m   35.1463u 
  750.00000m   43.2119u 
  800.00000m   51.8008u 
  850.00000m   60.8357u 
  900.00000m   70.2388u 
  950.00000m   79.9284u 
    1.00000    89.8139u 
y
 vth0_value= 264.9481m
 u0_param=  48.4184m
 ags_param= 415.5355m
 
   *** monte carlo  index = 371 ***
x

 volt         param     
             i_d_0.7    
    0.         81.2514p 
   50.00000m  417.4856p 
  100.00000m    2.0944n 
  150.00000m    9.9354n 
  200.00000m   42.9704n 
  250.00000m  165.1143n 
  300.00000m  555.7938n 
  350.00000m    1.5791u 
  400.00000m    3.6578u 
  450.00000m    7.0025u 
  500.00000m   11.5695u 
  550.00000m   17.2116u 
  600.00000m   23.7833u 
  650.00000m   31.1644u 
  700.00000m   39.2545u 
  750.00000m   47.9641u 
  800.00000m   57.2092u 
  850.00000m   66.9077u 
  900.00000m   76.9769u 
  950.00000m   87.3295u 
    1.00000    97.8682u 
y
 vth0_value= 254.3350m
 u0_param=  51.3891m
 ags_param= 417.8965m
 
   *** monte carlo  index = 372 ***
x

 volt         param     
             i_d_0.7    
    0.         28.0050p 
   50.00000m  143.1129p 
  100.00000m  730.8131p 
  150.00000m    3.6001n 
  200.00000m   16.5302n 
  250.00000m   68.3284n 
  300.00000m  249.6764n 
  350.00000m  790.3135n 
  400.00000m    2.0738u 
  450.00000m    4.4341u 
  500.00000m    7.9600u 
  550.00000m   12.5566u 
  600.00000m   18.0834u 
  650.00000m   24.4161u 
  700.00000m   31.4530u 
  750.00000m   39.1071u 
  800.00000m   47.2989u 
  850.00000m   55.9524u 
  900.00000m   64.9922u 
  950.00000m   74.3407u 
    1.00000    83.9133u 
y
 vth0_value= 284.3701m
 u0_param=  47.9543m
 ags_param= 402.8867m
 
   *** monte carlo  index = 373 ***
x

 volt         param     
             i_d_0.7    
    0.         44.5149p 
   50.00000m  228.6535p 
  100.00000m    1.1604n 
  150.00000m    5.6342n 
  200.00000m   25.2534n 
  250.00000m  101.2260n 
  300.00000m  357.5427n 
  350.00000m    1.0829u 
  400.00000m    2.6937u 
  450.00000m    5.4829u 
  500.00000m    9.4792u 
  550.00000m   14.5590u 
  600.00000m   20.5763u 
  650.00000m   27.4073u 
  700.00000m   34.9502u 
  750.00000m   43.1162u 
  800.00000m   51.8233u 
  850.00000m   60.9924u 
  900.00000m   70.5445u 
  950.00000m   80.3974u 
    1.00000    90.4609u 
y
 vth0_value= 271.5235m
 u0_param=  49.8508m
 ags_param= 415.0635m
 
   *** monte carlo  index = 374 ***
x

 volt         param     
             i_d_0.7    
    0.        164.3836p 
   50.00000m  839.1330p 
  100.00000m    4.1274n 
  150.00000m   18.9009n 
  200.00000m   77.8519n 
  250.00000m  283.3696n 
  300.00000m  892.6073n 
  350.00000m    2.3286u 
  400.00000m    4.9524u 
  450.00000m    8.8558u 
  500.00000m   13.9334u 
  550.00000m   20.0328u 
  600.00000m   27.0193u 
  650.00000m   34.7824u 
  700.00000m   43.2269u 
  750.00000m   52.2657u 
  800.00000m   61.8152u 
  850.00000m   71.7923u 
  900.00000m   82.1120u 
  950.00000m   92.6821u 
    1.00000   103.3979u 
y
 vth0_value= 232.8800m
 u0_param=  51.0121m
 ags_param= 424.6391m
 
   *** monte carlo  index = 375 ***
x

 volt         param     
             i_d_0.7    
    0.        197.3998p 
   50.00000m    1.0044n 
  100.00000m    4.9045n 
  150.00000m   22.1889n 
  200.00000m   89.9894n 
  250.00000m  322.0684n 
  300.00000m  992.7226n 
  350.00000m    2.5221u 
  400.00000m    5.2342u 
  450.00000m    9.1864u 
  500.00000m   14.2657u 
  550.00000m   20.3254u 
  600.00000m   27.2391u 
  650.00000m   34.9020u 
  700.00000m   43.2233u 
  750.00000m   52.1186u 
  800.00000m   61.5066u 
  850.00000m   71.3061u 
  900.00000m   81.4326u 
  950.00000m   91.7941u 
    1.00000   102.2849u 
y
 vth0_value= 226.3244m
 u0_param=  49.3968m
 ags_param= 425.9400m
 
   *** monte carlo  index = 376 ***
x

 volt         param     
             i_d_0.7    
    0.         69.1247p 
   50.00000m  355.1870p 
  100.00000m    1.7865n 
  150.00000m    8.5180n 
  200.00000m   37.1216n 
  250.00000m  143.9080n 
  300.00000m  489.4992n 
  350.00000m    1.4102u 
  400.00000m    3.3159u 
  450.00000m    6.4284u 
  500.00000m   10.7205u 
  550.00000m   16.0553u 
  600.00000m   22.2928u 
  650.00000m   29.3171u 
  700.00000m   37.0313u 
  750.00000m   45.3492u 
  800.00000m   54.1903u 
  850.00000m   63.4755u 
  900.00000m   73.1253u 
  950.00000m   83.0555u 
    1.00000    93.1721u 
y
 vth0_value= 257.8386m
 u0_param=  49.2414m
 ags_param= 422.2873m
 
   *** monte carlo  index = 377 ***
x

 volt         param     
             i_d_0.7    
    0.         39.1083p 
   50.00000m  200.6262p 
  100.00000m    1.0195n 
  150.00000m    4.9646n 
  200.00000m   22.3616n 
  250.00000m   90.1880n 
  300.00000m  320.7839n 
  350.00000m  980.5864n 
  400.00000m    2.4661u 
  450.00000m    5.0697u 
  500.00000m    8.8317u 
  550.00000m   13.6392u 
  600.00000m   19.3534u 
  650.00000m   25.8553u 
  700.00000m   33.0472u 
  750.00000m   40.8440u 
  800.00000m   49.1670u 
  850.00000m   57.9404u 
  900.00000m   67.0883u 
  950.00000m   76.5314u 
    1.00000    86.1826u 
y
 vth0_value= 274.0247m
 u0_param=  47.6813m
 ags_param= 421.5857m
 
   *** monte carlo  index = 378 ***
x

 volt         param     
             i_d_0.7    
    0.        135.8867p 
   50.00000m  695.2652p 
  100.00000m    3.4399n 
  150.00000m   15.9120n 
  200.00000m   66.4236n 
  250.00000m  245.3467n 
  300.00000m  787.3158n 
  350.00000m    2.1023u 
  400.00000m    4.5719u 
  450.00000m    8.3187u 
  500.00000m   13.2510u 
  550.00000m   19.2170u 
  600.00000m   26.0792u 
  650.00000m   33.7252u 
  700.00000m   42.0588u 
  750.00000m   50.9924u 
  800.00000m   60.4427u 
  850.00000m   70.3270u 
  900.00000m   80.5611u 
  950.00000m   91.0545u 
    1.00000   101.7044u 
y
 vth0_value= 238.6007m
 u0_param=  50.9896m
 ags_param= 427.8921m
 
   *** monte carlo  index = 379 ***
x

 volt         param     
             i_d_0.7    
    0.         68.1421p 
   50.00000m  350.0905p 
  100.00000m    1.7608n 
  150.00000m    8.3957n 
  200.00000m   36.5891n 
  250.00000m  141.8522n 
  300.00000m  482.5633n 
  350.00000m    1.3905u 
  400.00000m    3.2701u 
  450.00000m    6.3410u 
  500.00000m   10.5766u 
  550.00000m   15.8426u 
  600.00000m   22.0011u 
  650.00000m   28.9377u 
  700.00000m   36.5570u 
  750.00000m   44.7741u 
  800.00000m   53.5092u 
  850.00000m   62.6844u 
  900.00000m   72.2209u 
  950.00000m   82.0353u 
    1.00000    92.0344u 
y
 vth0_value= 257.8421m
 u0_param=  48.5880m
 ags_param= 422.4897m
 
   *** monte carlo  index = 380 ***
x

 volt         param     
             i_d_0.7    
    0.        159.1730p 
   50.00000m  812.6091p 
  100.00000m    3.9986n 
  150.00000m   18.3238n 
  200.00000m   75.5472n 
  250.00000m  275.2870n 
  300.00000m  868.4265n 
  350.00000m    2.2697u 
  400.00000m    4.8357u 
  450.00000m    8.6593u 
  500.00000m   13.6390u 
  550.00000m   19.6253u 
  600.00000m   26.4863u 
  650.00000m   34.1135u 
  700.00000m   42.4134u 
  750.00000m   51.3002u 
  800.00000m   60.6919u 
  850.00000m   70.5066u 
  900.00000m   80.6603u 
  950.00000m   91.0622u 
    1.00000   101.6083u 
y
 vth0_value= 233.2691m
 u0_param=  50.0988m
 ags_param= 426.6821m
 
   *** monte carlo  index = 381 ***
x

 volt         param     
             i_d_0.7    
    0.        126.6471p 
   50.00000m  648.5254p 
  100.00000m    3.2157n 
  150.00000m   14.9324n 
  200.00000m   62.6602n 
  250.00000m  232.7740n 
  300.00000m  752.2970n 
  350.00000m    2.0270u 
  400.00000m    4.4474u 
  450.00000m    8.1485u 
  500.00000m   13.0441u 
  550.00000m   18.9818u 
  600.00000m   25.8224u 
  650.00000m   33.4519u 
  700.00000m   41.7732u 
  750.00000m   50.6983u 
  800.00000m   60.1434u 
  850.00000m   70.0260u 
  900.00000m   80.2616u 
  950.00000m   90.7603u 
    1.00000   101.4203u 
y
 vth0_value= 240.8630m
 u0_param=  51.2154m
 ags_param= 412.9604m
 
   *** monte carlo  index = 382 ***
x

 volt         param     
             i_d_0.7    
    0.         82.9441p 
   50.00000m  425.8776p 
  100.00000m    2.1329n 
  150.00000m   10.0872n 
  200.00000m   43.4346n 
  250.00000m  166.0838n 
  300.00000m  555.9425n 
  350.00000m    1.5680u 
  400.00000m    3.6042u 
  450.00000m    6.8570u 
  500.00000m   11.2795u 
  550.00000m   16.7313u 
  600.00000m   23.0749u 
  650.00000m   30.1968u 
  700.00000m   38.0015u 
  750.00000m   46.4038u 
  800.00000m   55.3229u 
  850.00000m   64.6799u 
  900.00000m   74.3945u 
  950.00000m   84.3815u 
    1.00000    94.5453u 
y
 vth0_value= 252.2912m
 u0_param=  49.1567m
 ags_param= 421.1897m
 
   *** monte carlo  index = 383 ***
x

 volt         param     
             i_d_0.7    
    0.        136.3274p 
   50.00000m  697.2355p 
  100.00000m    3.4468n 
  150.00000m   15.9223n 
  200.00000m   66.3463n 
  250.00000m  244.5909n 
  300.00000m  783.0588n 
  350.00000m    2.0847u 
  400.00000m    4.5210u 
  450.00000m    8.2084u 
  500.00000m   13.0562u 
  550.00000m   18.9164u 
  600.00000m   25.6555u 
  650.00000m   33.1637u 
  700.00000m   41.3473u 
  750.00000m   50.1206u 
  800.00000m   59.4018u 
  850.00000m   69.1099u 
  900.00000m   79.1617u 
  950.00000m   89.4677u 
    1.00000    99.9262u 
y
 vth0_value= 237.8008m
 u0_param=  49.8878m
 ags_param= 426.5194m
 
   *** monte carlo  index = 384 ***
x

 volt         param     
             i_d_0.7    
    0.        158.7590p 
   50.00000m  810.6570p 
  100.00000m    3.9905n 
  150.00000m   18.2992n 
  200.00000m   75.5104n 
  250.00000m  275.4023n 
  300.00000m  869.7742n 
  350.00000m    2.2764u 
  400.00000m    4.8564u 
  450.00000m    8.7050u 
  500.00000m   13.7202u 
  550.00000m   19.7510u 
  600.00000m   26.6638u 
  650.00000m   34.3491u 
  700.00000m   42.7123u 
  750.00000m   51.6669u 
  800.00000m   61.1301u 
  850.00000m   71.0197u 
  900.00000m   81.2508u 
  950.00000m   91.7323u 
    1.00000   102.3600u 
y
 vth0_value= 233.6409m
 u0_param=  50.5574m
 ags_param= 432.1587m
 
   *** monte carlo  index = 385 ***
x

 volt         param     
             i_d_0.7    
    0.         69.8925p 
   50.00000m  359.1455p 
  100.00000m    1.8062n 
  150.00000m    8.6099n 
  200.00000m   37.5078n 
  250.00000m  145.3404n 
  300.00000m  494.1060n 
  350.00000m    1.4225u 
  400.00000m    3.3420u 
  450.00000m    6.4746u 
  500.00000m   10.7919u 
  550.00000m   16.1559u 
  600.00000m   22.4258u 
  650.00000m   29.4851u 
  700.00000m   37.2363u 
  750.00000m   45.5930u 
  800.00000m   54.4740u 
  850.00000m   63.8001u 
  900.00000m   73.4913u 
  950.00000m   83.4633u 
    1.00000    93.6221u 
y
 vth0_value= 257.6677m
 u0_param=  49.4912m
 ags_param= 408.7188m
 
   *** monte carlo  index = 386 ***
x

 volt         param     
             i_d_0.7    
    0.        122.5374p 
   50.00000m  627.0884p 
  100.00000m    3.1066n 
  150.00000m   14.4046n 
  200.00000m   60.3297n 
  250.00000m  223.6863n 
  300.00000m  721.3431n 
  350.00000m    1.9382u 
  400.00000m    4.2415u 
  450.00000m    7.7566u 
  500.00000m   12.4024u 
  550.00000m   18.0370u 
  600.00000m   24.5304u 
  650.00000m   31.7762u 
  700.00000m   39.6832u 
  750.00000m   48.1683u 
  800.00000m   57.1521u 
  850.00000m   66.5559u 
  900.00000m   76.2988u 
  950.00000m   86.2938u 
    1.00000    96.4414u 
y
 vth0_value= 239.9826m
 u0_param=  48.3161m
 ags_param= 427.1866m
 
   *** monte carlo  index = 387 ***
x

 volt         param     
             i_d_0.7    
    0.        103.8419p 
   50.00000m  532.5622p 
  100.00000m    2.6538n 
  150.00000m   12.4334n 
  200.00000m   52.8228n 
  250.00000m  198.9456n 
  300.00000m  653.9317n 
  350.00000m    1.8009u 
  400.00000m    4.0385u 
  450.00000m    7.5299u 
  500.00000m   12.2067u 
  550.00000m   17.9212u 
  600.00000m   24.5348u 
  650.00000m   31.9335u 
  700.00000m   40.0208u 
  750.00000m   48.7098u 
  800.00000m   57.9182u 
  850.00000m   67.5649u 
  900.00000m   77.5675u 
  950.00000m   87.8380u 
    1.00000    98.2777u 
y
 vth0_value= 246.2730m
 u0_param=  50.3175m
 ags_param= 418.2906m
 
   *** monte carlo  index = 388 ***
x

 volt         param     
             i_d_0.7    
    0.         94.9764p 
   50.00000m  487.2258p 
  100.00000m    2.4317n 
  150.00000m   11.4259n 
  200.00000m   48.7444n 
  250.00000m  184.4521n 
  300.00000m  609.8107n 
  350.00000m    1.6921u 
  400.00000m    3.8243u 
  450.00000m    7.1760u 
  500.00000m   11.6874u 
  550.00000m   17.2167u 
  600.00000m   23.6285u 
  650.00000m   30.8115u 
  700.00000m   38.6716u 
  750.00000m   47.1241u 
  800.00000m   56.0887u 
  850.00000m   65.4862u 
  900.00000m   75.2360u 
  950.00000m   85.2521u 
    1.00000    95.4372u 
y
 vth0_value= 248.1005m
 u0_param=  48.9878m
 ags_param= 436.5929m
 
   *** monte carlo  index = 389 ***
x

 volt         param     
             i_d_0.7    
    0.        205.4736p 
   50.00000m    1.0453n 
  100.00000m    5.1015n 
  150.00000m   23.0591n 
  200.00000m   93.4071n 
  250.00000m  333.8348n 
  300.00000m    1.0271u 
  350.00000m    2.6035u 
  400.00000m    5.3917u 
  450.00000m    9.4471u 
  500.00000m   14.6522u 
  550.00000m   20.8564u 
  600.00000m   27.9301u 
  650.00000m   35.7663u 
  700.00000m   44.2718u 
  750.00000m   53.3606u 
  800.00000m   62.9496u 
  850.00000m   72.9560u 
  900.00000m   83.2938u 
  950.00000m   93.8696u 
    1.00000   104.5763u 
y
 vth0_value= 225.8512m
 u0_param=  50.5362m
 ags_param= 429.8815m
 
   *** monte carlo  index = 390 ***
x

 volt         param     
             i_d_0.7    
    0.         51.3033p 
   50.00000m  263.6328p 
  100.00000m    1.3342n 
  150.00000m    6.4401n 
  200.00000m   28.5998n 
  250.00000m  113.3585n 
  300.00000m  395.4277n 
  350.00000m    1.1780u 
  400.00000m    2.8751u 
  450.00000m    5.7545u 
  500.00000m    9.8249u 
  550.00000m   14.9583u 
  600.00000m   21.0115u 
  650.00000m   27.8644u 
  700.00000m   35.4176u 
  750.00000m   43.5839u 
  800.00000m   52.2823u 
  850.00000m   61.4343u 
  900.00000m   70.9611u 
  950.00000m   80.7804u 
    1.00000    90.8012u 
y
 vth0_value= 266.8818m
 u0_param=  49.3097m
 ags_param= 410.9058m
 
   *** monte carlo  index = 391 ***
x

 volt         param     
             i_d_0.7    
    0.         46.3779p 
   50.00000m  238.2045p 
  100.00000m    1.2074n 
  150.00000m    5.8470n 
  200.00000m   26.1009n 
  250.00000m  104.1084n 
  300.00000m  365.7494n 
  350.00000m    1.0999u 
  400.00000m    2.7138u 
  450.00000m    5.4840u 
  500.00000m    9.4306u 
  550.00000m   14.4312u 
  600.00000m   20.3446u 
  650.00000m   27.0514u 
  700.00000m   34.4533u 
  750.00000m   42.4639u 
  800.00000m   51.0033u 
  850.00000m   59.9943u 
  900.00000m   69.3592u 
  950.00000m   79.0170u 
    1.00000    88.8783u 
y
 vth0_value= 269.4577m
 u0_param=  48.5810m
 ags_param= 411.5825m
 
   *** monte carlo  index = 392 ***
x

 volt         param     
             i_d_0.7    
    0.        122.0440p 
   50.00000m  624.8304p 
  100.00000m    3.0981n 
  150.00000m   14.3862n 
  200.00000m   60.3711n 
  250.00000m  224.3074n 
  300.00000m  725.1691n 
  350.00000m    1.9548u 
  400.00000m    4.2910u 
  450.00000m    7.8658u 
  500.00000m   12.5976u 
  550.00000m   18.3402u 
  600.00000m   24.9600u 
  650.00000m   32.3473u 
  700.00000m   40.4086u 
  750.00000m   49.0586u 
  800.00000m   58.2164u 
  850.00000m   67.8016u 
  900.00000m   77.7322u 
  950.00000m   87.9200u 
    1.00000    98.2648u 
y
 vth0_value= 240.8549m
 u0_param=  49.4563m
 ags_param= 421.4535m
 
   *** monte carlo  index = 393 ***
x

 volt         param     
             i_d_0.7    
    0.        155.6451p 
   50.00000m  794.8068p 
  100.00000m    3.9135n 
  150.00000m   17.9545n 
  200.00000m   74.1338n 
  250.00000m  270.5741n 
  300.00000m  855.3185n 
  350.00000m    2.2411u 
  400.00000m    4.7864u 
  450.00000m    8.5870u 
  500.00000m   13.5428u 
  550.00000m   19.5046u 
  600.00000m   26.3403u 
  650.00000m   33.9412u 
  700.00000m   42.2139u 
  750.00000m   51.0727u 
  800.00000m   60.4356u 
  850.00000m   70.2210u 
  900.00000m   80.3453u 
  950.00000m   90.7179u 
    1.00000   101.2357u 
y
 vth0_value= 233.8975m
 u0_param=  50.0258m
 ags_param= 403.5009m
 
   *** monte carlo  index = 394 ***
x

 volt         param     
             i_d_0.7    
    0.         65.7616p 
   50.00000m  337.9383p 
  100.00000m    1.7016n 
  150.00000m    8.1298n 
  200.00000m   35.5402n 
  250.00000m  138.2757n 
  300.00000m  472.3022n 
  350.00000m    1.3682u 
  400.00000m    3.2366u 
  450.00000m    6.3066u 
  500.00000m   10.5564u 
  550.00000m   15.8508u 
  600.00000m   22.0493u 
  650.00000m   29.0355u 
  700.00000m   36.7123u 
  750.00000m   44.9936u 
  800.00000m   53.7987u 
  850.00000m   63.0490u 
  900.00000m   72.6650u 
  950.00000m   82.5629u 
    1.00000    92.6496u 
y
 vth0_value= 259.3012m
 u0_param=  49.1779m
 ags_param= 416.8005m
 
   *** monte carlo  index = 395 ***
x

 volt         param     
             i_d_0.7    
    0.        122.4410p 
   50.00000m  626.9216p 
  100.00000m    3.1089n 
  150.00000m   14.4401n 
  200.00000m   60.6174n 
  250.00000m  225.2996n 
  300.00000m  728.6678n 
  350.00000m    1.9652u 
  400.00000m    4.3160u 
  450.00000m    7.9146u 
  500.00000m   12.6788u 
  550.00000m   18.4612u 
  600.00000m   25.1268u 
  650.00000m   32.5652u 
  700.00000m   40.6817u 
  750.00000m   49.3908u 
  800.00000m   58.6107u 
  850.00000m   68.2608u 
  900.00000m   78.2583u 
  950.00000m   88.5146u 
    1.00000    98.9292u 
y
 vth0_value= 241.0045m
 u0_param=  49.8384m
 ags_param= 427.0305m
 
   *** monte carlo  index = 396 ***
x

 volt         param     
             i_d_0.7    
    0.        100.1639p 
   50.00000m  513.8555p 
  100.00000m    2.5631n 
  150.00000m   12.0304n 
  200.00000m   51.2415n 
  250.00000m  193.5402n 
  300.00000m  638.3549n 
  350.00000m    1.7659u 
  400.00000m    3.9782u 
  450.00000m    7.4447u 
  500.00000m   12.1006u 
  550.00000m   17.7983u 
  600.00000m   24.3986u 
  650.00000m   31.7866u 
  700.00000m   39.8658u 
  750.00000m   48.5488u 
  800.00000m   57.7532u 
  850.00000m   67.3980u 
  900.00000m   77.4007u 
  950.00000m   87.6735u 
    1.00000    98.1176u 
y
 vth0_value= 247.4092m
 u0_param=  50.3966m
 ags_param= 427.0663m
 
   *** monte carlo  index = 397 ***
x

 volt         param     
             i_d_0.7    
    0.        190.5911p 
   50.00000m  970.7341p 
  100.00000m    4.7500n 
  150.00000m   21.5632n 
  200.00000m   87.8269n 
  250.00000m  315.7817n 
  300.00000m  979.1418n 
  350.00000m    2.5055u 
  400.00000m    5.2335u 
  450.00000m    9.2303u 
  500.00000m   14.3820u 
  550.00000m   20.5380u 
  600.00000m   27.5671u 
  650.00000m   35.3616u 
  700.00000m   43.8279u 
  750.00000m   52.8797u 
  800.00000m   62.4341u 
  850.00000m   72.4083u 
  900.00000m   82.7168u 
  950.00000m   93.2669u 
    1.00000   103.9524u 
y
 vth0_value= 228.1417m
 u0_param=  50.5718m
 ags_param= 420.8188m
 
   *** monte carlo  index = 398 ***
x

 volt         param     
             i_d_0.7    
    0.        144.2311p 
   50.00000m  737.3379p 
  100.00000m    3.6404n 
  150.00000m   16.7785n 
  200.00000m   69.7013n 
  250.00000m  256.0927n 
  300.00000m  816.3703n 
  350.00000m    2.1617u 
  400.00000m    4.6633u 
  450.00000m    8.4316u 
  500.00000m   13.3711u 
  550.00000m   19.3312u 
  600.00000m   26.1771u 
  650.00000m   33.7981u 
  700.00000m   42.0994u 
  750.00000m   50.9943u 
  800.00000m   60.4001u 
  850.00000m   70.2348u 
  900.00000m   80.4143u 
  950.00000m   90.8482u 
    1.00000   101.4335u 
y
 vth0_value= 236.5060m
 u0_param=  50.5163m
 ags_param= 422.1708m
 
   *** monte carlo  index = 399 ***
x

 volt         param     
             i_d_0.7    
    0.        150.6979p 
   50.00000m  769.9628p 
  100.00000m    3.7961n 
  150.00000m   17.4534n 
  200.00000m   72.2713n 
  250.00000m  264.5981n 
  300.00000m  839.7303n 
  350.00000m    2.2111u 
  400.00000m    4.7445u 
  450.00000m    8.5429u 
  500.00000m   13.5078u 
  550.00000m   19.4889u 
  600.00000m   26.3526u 
  650.00000m   33.9887u 
  700.00000m   42.3030u 
  750.00000m   51.2091u 
  800.00000m   60.6244u 
  850.00000m   70.4668u 
  900.00000m   80.6522u 
  950.00000m   91.0897u 
    1.00000   101.6758u 
y
 vth0_value= 235.1207m
 u0_param=  50.4159m
 ags_param= 433.1109m
 
   *** monte carlo  index = 400 ***
x

 volt         param     
             i_d_0.7    
    0.         76.1940p 
   50.00000m  391.4553p 
  100.00000m    1.9653n 
  150.00000m    9.3366n 
  200.00000m   40.4697n 
  250.00000m  155.9119n 
  300.00000m  526.4788n 
  350.00000m    1.5021u 
  400.00000m    3.4953u 
  450.00000m    6.7172u 
  500.00000m   11.1302u 
  550.00000m   16.5934u 
  600.00000m   22.9654u 
  650.00000m   30.1296u 
  700.00000m   37.9883u 
  750.00000m   46.4546u 
  800.00000m   55.4467u 
  850.00000m   64.8847u 
  900.00000m   74.6876u 
  950.00000m   84.7702u 
    1.00000    95.0367u 
y
 vth0_value= 255.3374m
 u0_param=  49.9122m
 ags_param= 425.4156m
 
   *** monte carlo  index = 401 ***
x

 volt         param     
             i_d_0.7    
    0.        103.9033p 
   50.00000m  532.6461p 
  100.00000m    2.6520n 
  150.00000m   12.4066n 
  200.00000m   52.6025n 
  250.00000m  197.6868n 
  300.00000m  648.1483n 
  350.00000m    1.7791u 
  400.00000m    3.9766u 
  450.00000m    7.3956u 
  500.00000m   11.9679u 
  550.00000m   17.5506u 
  600.00000m   24.0098u 
  650.00000m   31.2353u 
  700.00000m   39.1336u 
  750.00000m   47.6203u 
  800.00000m   56.6151u 
  850.00000m   66.0388u 
  900.00000m   75.8106u 
  950.00000m   85.8441u 
    1.00000    96.0414u 
y
 vth0_value= 245.3575m
 u0_param=  48.9306m
 ags_param= 414.3595m
 
   *** monte carlo  index = 402 ***
x

 volt         param     
             i_d_0.7    
    0.        141.3002p 
   50.00000m  722.1978p 
  100.00000m    3.5647n 
  150.00000m   16.4234n 
  200.00000m   68.1942n 
  250.00000m  250.4476n 
  300.00000m  798.0087n 
  350.00000m    2.1119u 
  400.00000m    4.5536u 
  450.00000m    8.2308u 
  500.00000m   13.0511u 
  550.00000m   18.8687u 
  600.00000m   25.5529u 
  650.00000m   32.9962u 
  700.00000m   41.1063u 
  750.00000m   49.7990u 
  800.00000m   58.9933u 
  850.00000m   68.6091u 
  900.00000m   78.5638u 
  950.00000m   88.7683u 
    1.00000    99.1207u 
y
 vth0_value= 236.2787m
 u0_param=  49.2062m
 ags_param= 432.1570m
 
   *** monte carlo  index = 403 ***
x

 volt         param     
             i_d_0.7    
    0.         38.6657p 
   50.00000m  198.3194p 
  100.00000m    1.0077n 
  150.00000m    4.9076n 
  200.00000m   22.1067n 
  250.00000m   89.1697n 
  300.00000m  317.2086n 
  350.00000m  969.8595n 
  400.00000m    2.4398u 
  450.00000m    5.0166u 
  500.00000m    8.7409u 
  550.00000m   13.5011u 
  600.00000m   19.1597u 
  650.00000m   25.5992u 
  700.00000m   32.7226u 
  750.00000m   40.4457u 
  800.00000m   48.6907u 
  850.00000m   57.3822u 
  900.00000m   66.4451u 
  950.00000m   75.8008u 
    1.00000    85.3630u 
y
 vth0_value= 274.0608m
 u0_param=  47.2232m
 ags_param= 401.3293m
 
   *** monte carlo  index = 404 ***
x

 volt         param     
             i_d_0.7    
    0.        112.5798p 
   50.00000m  577.0661p 
  100.00000m    2.8701n 
  150.00000m   13.4006n 
  200.00000m   56.6577n 
  250.00000m  212.2405n 
  300.00000m  693.0433n 
  350.00000m    1.8923u 
  400.00000m    4.2070u 
  450.00000m    7.7895u 
  500.00000m   12.5641u 
  550.00000m   18.3807u 
  600.00000m   25.0999u 
  650.00000m   32.6074u 
  700.00000m   40.8064u 
  750.00000m   49.6092u 
  800.00000m   58.9327u 
  850.00000m   68.6951u 
  900.00000m   78.8131u 
  950.00000m   89.1976u 
    1.00000    99.7486u 
y
 vth0_value= 244.1473m
 u0_param=  50.8010m
 ags_param= 419.5674m
 
   *** monte carlo  index = 405 ***
x

 volt         param     
             i_d_0.7    
    0.         67.8645p 
   50.00000m  348.7804p 
  100.00000m    1.7555n 
  150.00000m    8.3814n 
  200.00000m   36.5988n 
  250.00000m  142.2028n 
  300.00000m  484.9414n 
  350.00000m    1.4018u 
  400.00000m    3.3083u 
  450.00000m    6.4334u 
  500.00000m   10.7525u 
  550.00000m   16.1274u 
  600.00000m   22.4160u 
  650.00000m   29.5001u 
  700.00000m   37.2815u 
  750.00000m   45.6731u 
  800.00000m   54.5930u 
  850.00000m   63.9617u 
  900.00000m   73.6989u 
  950.00000m   83.7199u 
    1.00000    93.9305u 
y
 vth0_value= 258.7747m
 u0_param=  49.8313m
 ags_param= 419.6730m
 
   *** monte carlo  index = 406 ***
x

 volt         param     
             i_d_0.7    
    0.        161.0889p 
   50.00000m  822.2107p 
  100.00000m    4.0438n 
  150.00000m   18.5154n 
  200.00000m   76.2534n 
  250.00000m  277.5296n 
  300.00000m  874.1795n 
  350.00000m    2.2804u 
  400.00000m    4.8501u 
  450.00000m    8.6734u 
  500.00000m   13.6482u 
  550.00000m   19.6258u 
  600.00000m   26.4749u 
  650.00000m   34.0876u 
  700.00000m   42.3709u 
  750.00000m   51.2392u 
  800.00000m   60.6107u 
  850.00000m   70.4038u 
  900.00000m   80.5346u 
  950.00000m   90.9123u 
    1.00000   101.4330u 
y
 vth0_value= 232.7996m
 u0_param=  49.9298m
 ags_param= 427.7440m
 
   *** monte carlo  index = 407 ***
x

 volt         param     
             i_d_0.7    
    0.        260.9862p 
   50.00000m    1.3214n 
  100.00000m    6.3840n 
  150.00000m   28.3925n 
  200.00000m  112.7511n 
  250.00000m  394.2537n 
  300.00000m    1.1786u 
  350.00000m    2.8887u 
  400.00000m    5.8053u 
  450.00000m    9.9460u 
  500.00000m   15.1856u 
  550.00000m   21.3808u 
  600.00000m   28.4105u 
  650.00000m   36.1736u 
  700.00000m   44.5813u 
  750.00000m   53.5503u 
  800.00000m   62.9996u 
  850.00000m   72.8477u 
  900.00000m   83.0093u 
  950.00000m   93.3906u 
    1.00000   103.8823u 
y
 vth0_value= 217.5888m
 u0_param=  48.9350m
 ags_param= 418.0046m
 
   *** monte carlo  index = 408 ***
x

 volt         param     
             i_d_0.7    
    0.        137.8513p 
   50.00000m  704.9734p 
  100.00000m    3.4842n 
  150.00000m   16.0882n 
  200.00000m   66.9984n 
  250.00000m  246.8344n 
  300.00000m  789.5879n 
  350.00000m    2.0999u 
  400.00000m    4.5493u 
  450.00000m    8.2529u 
  500.00000m   13.1193u 
  550.00000m   18.9996u 
  600.00000m   25.7601u 
  650.00000m   33.2908u 
  700.00000m   41.4977u 
  750.00000m   50.2949u 
  800.00000m   59.6003u 
  850.00000m   69.3329u 
  900.00000m   79.4092u 
  950.00000m   89.7397u 
    1.00000   100.2224u 
y
 vth0_value= 237.5534m
 u0_param=  50.0235m
 ags_param= 417.5274m
 
   *** monte carlo  index = 409 ***
x

 volt         param     
             i_d_0.7    
    0.         84.9287p 
   50.00000m  436.2190p 
  100.00000m    2.1855n 
  150.00000m   10.3415n 
  200.00000m   44.5644n 
  250.00000m  170.5374n 
  300.00000m  571.3070n 
  350.00000m    1.6130u 
  400.00000m    3.7115u 
  450.00000m    7.0664u 
  500.00000m   11.6291u 
  550.00000m   17.2533u 
  600.00000m   23.7958u 
  650.00000m   31.1386u 
  700.00000m   39.1829u 
  750.00000m   47.8401u 
  800.00000m   57.0271u 
  850.00000m   66.6626u 
  900.00000m   76.6643u 
  950.00000m   86.9449u 
    1.00000    97.4074u 
y
 vth0_value= 252.6647m
 u0_param=  50.8504m
 ags_param= 418.5181m
 
   *** monte carlo  index = 410 ***
x

 volt         param     
             i_d_0.7    
    0.        260.7356p 
   50.00000m    1.3213n 
  100.00000m    6.3948n 
  150.00000m   28.5167n 
  200.00000m  113.6010n 
  250.00000m  398.5610n 
  300.00000m    1.1967u 
  350.00000m    2.9477u 
  400.00000m    5.9496u 
  450.00000m   10.2247u 
  500.00000m   15.6429u 
  550.00000m   22.0535u 
  600.00000m   29.3291u 
  650.00000m   37.3637u 
  700.00000m   46.0645u 
  750.00000m   55.3449u 
  800.00000m   65.1210u 
  850.00000m   75.3086u 
  900.00000m   85.8202u 
  950.00000m   96.5601u 
    1.00000   107.4175u 
y
 vth0_value= 218.9361m
 u0_param=  50.9693m
 ags_param= 426.0339m
 
   *** monte carlo  index = 411 ***
x

 volt         param     
             i_d_0.7    
    0.        100.6637p 
   50.00000m  516.2766p 
  100.00000m    2.5737n 
  150.00000m   12.0673n 
  200.00000m   51.3237n 
  250.00000m  193.5442n 
  300.00000m  637.1856n 
  350.00000m    1.7584u 
  400.00000m    3.9517u 
  450.00000m    7.3810u 
  500.00000m   11.9809u 
  550.00000m   17.6067u 
  600.00000m   24.1218u 
  650.00000m   31.4136u 
  700.00000m   39.3873u 
  750.00000m   47.9569u 
  800.00000m   57.0413u 
  850.00000m   66.5604u 
  900.00000m   76.4327u 
  950.00000m   86.5713u 
    1.00000    96.8780u 
y
 vth0_value= 246.7497m
 u0_param=  49.6027m
 ags_param= 422.3393m
 
   *** monte carlo  index = 412 ***
x

 volt         param     
             i_d_0.7    
    0.         41.9633p 
   50.00000m  215.4016p 
  100.00000m    1.0935n 
  150.00000m    5.3139n 
  200.00000m   23.8521n 
  250.00000m   95.7847n 
  300.00000m  339.0531n 
  350.00000m    1.0299u 
  400.00000m    2.5707u 
  450.00000m    5.2488u 
  500.00000m    9.0966u 
  550.00000m   13.9968u 
  600.00000m   19.8089u 
  650.00000m   26.4132u 
  700.00000m   33.7112u 
  750.00000m   41.6172u 
  800.00000m   50.0517u 
  850.00000m   58.9378u 
  900.00000m   68.1990u 
  950.00000m   77.7550u 
    1.00000    87.5178u 
y
 vth0_value= 272.2453m
 u0_param=  48.2162m
 ags_param= 408.0302m
 
   *** monte carlo  index = 413 ***
x

 volt         param     
             i_d_0.7    
    0.         47.0296p 
   50.00000m  241.6344p 
  100.00000m    1.2252n 
  150.00000m    5.9364n 
  200.00000m   26.5224n 
  250.00000m  105.8930n 
  300.00000m  372.3869n 
  350.00000m    1.1213u 
  400.00000m    2.7706u 
  450.00000m    5.6055u 
  500.00000m    9.6476u 
  550.00000m   14.7708u 
  600.00000m   20.8294u 
  650.00000m   27.7001u 
  700.00000m   35.2815u 
  750.00000m   43.4850u 
  800.00000m   52.2285u 
  850.00000m   61.4329u 
  900.00000m   71.0189u 
  950.00000m   80.9038u 
    1.00000    90.9970u 
y
 vth0_value= 269.8915m
 u0_param=  49.8991m
 ags_param= 420.3266m
 
   *** monte carlo  index = 414 ***
x

 volt         param     
             i_d_0.7    
    0.         50.6544p 
   50.00000m  260.3152p 
  100.00000m    1.3180n 
  150.00000m    6.3673n 
  200.00000m   28.3145n 
  250.00000m  112.4070n 
  300.00000m  392.7974n 
  350.00000m    1.1729u 
  400.00000m    2.8701u 
  450.00000m    5.7578u 
  500.00000m    9.8469u 
  550.00000m   15.0090u 
  600.00000m   21.0992u 
  650.00000m   27.9958u 
  700.00000m   35.5985u 
  750.00000m   43.8190u 
  800.00000m   52.5757u 
  850.00000m   61.7896u 
  900.00000m   71.3812u 
  950.00000m   81.2680u 
    1.00000    91.3585u 
y
 vth0_value= 267.5485m
 u0_param=  49.7464m
 ags_param= 410.9962m
 
   *** monte carlo  index = 415 ***
x

 volt         param     
             i_d_0.7    
    0.         43.8756p 
   50.00000m  225.2754p 
  100.00000m    1.1428n 
  150.00000m    5.5441n 
  200.00000m   24.8197n 
  250.00000m   99.3470n 
  300.00000m  350.3982n 
  350.00000m    1.0593u 
  400.00000m    2.6294u 
  450.00000m    5.3423u 
  500.00000m    9.2242u 
  550.00000m   14.1562u 
  600.00000m   19.9979u 
  650.00000m   26.6302u 
  700.00000m   33.9552u 
  750.00000m   41.8871u 
  800.00000m   50.3465u 
  850.00000m   59.2566u 
  900.00000m   68.5405u 
  950.00000m   78.1178u 
    1.00000    87.8998u 
y
 vth0_value= 270.8994m
 u0_param=  48.2221m
 ags_param= 416.0649m
 
   *** monte carlo  index = 416 ***
x

 volt         param     
             i_d_0.7    
    0.         31.4359p 
   50.00000m  160.9728p 
  100.00000m  821.4001p 
  150.00000m    4.0371n 
  200.00000m   18.4636n 
  250.00000m   75.9204n 
  300.00000m  275.7883n 
  350.00000m  866.3230n 
  400.00000m    2.2518u 
  450.00000m    4.7713u 
  500.00000m    8.5046u 
  550.00000m   13.3466u 
  600.00000m   19.1494u 
  650.00000m   25.7840u 
  700.00000m   33.1446u 
  750.00000m   41.1406u 
  800.00000m   49.6895u 
  850.00000m   58.7122u 
  900.00000m   68.1304u 
  950.00000m   77.8635u 
    1.00000    87.8242u 
y
 vth0_value= 282.1800m
 u0_param=  50.0018m
 ags_param= 410.9447m
 
   *** monte carlo  index = 417 ***
x

 volt         param     
             i_d_0.7    
    0.         58.8672p 
   50.00000m  302.5639p 
  100.00000m    1.5272n 
  150.00000m    7.3327n 
  200.00000m   32.2947n 
  250.00000m  126.7460n 
  300.00000m  437.2262n 
  350.00000m    1.2834u 
  400.00000m    3.0803u 
  450.00000m    6.0766u 
  500.00000m   10.2640u 
  550.00000m   15.5094u 
  600.00000m   21.6701u 
  650.00000m   28.6274u 
  700.00000m   36.2824u 
  750.00000m   44.5483u 
  800.00000m   53.3437u 
  850.00000m   62.5897u 
  900.00000m   72.2070u 
  950.00000m   82.1120u 
    1.00000    92.2125u 
y
 vth0_value= 262.8480m
 u0_param=  49.4945m
 ags_param= 410.7413m
 
   *** monte carlo  index = 418 ***
x

 volt         param     
             i_d_0.7    
    0.         69.2246p 
   50.00000m  355.6905p 
  100.00000m    1.7889n 
  150.00000m    8.5281n 
  200.00000m   37.1573n 
  250.00000m  144.0092n 
  300.00000m  489.6984n 
  350.00000m    1.4102u 
  400.00000m    3.3145u 
  450.00000m    6.4233u 
  500.00000m   10.7091u 
  550.00000m   16.0350u 
  600.00000m   22.2615u 
  650.00000m   29.2728u 
  700.00000m   36.9721u 
  750.00000m   45.2737u 
  800.00000m   54.0968u 
  850.00000m   63.3628u 
  900.00000m   72.9922u 
  950.00000m   82.9011u 
    1.00000    92.9957u 
y
 vth0_value= 257.7333m
 u0_param=  49.1467m
 ags_param= 404.3175m
 
   *** monte carlo  index = 419 ***
x

 volt         param     
             i_d_0.7    
    0.         75.1082p 
   50.00000m  386.0584p 
  100.00000m    1.9404n 
  150.00000m    9.2377n 
  200.00000m   40.1638n 
  250.00000m  155.2655n 
  300.00000m  526.3309n 
  350.00000m    1.5094u 
  400.00000m    3.5314u 
  450.00000m    6.8168u 
  500.00000m   11.3308u 
  550.00000m   16.9280u 
  600.00000m   23.4612u 
  650.00000m   30.8090u 
  700.00000m   38.8701u 
  750.00000m   47.5546u 
  800.00000m   56.7783u 
  850.00000m   66.4591u 
  900.00000m   76.5143u 
  950.00000m   86.8571u 
    1.00000    97.3905u 
y
 vth0_value= 256.7740m
 u0_param=  51.5033m
 ags_param= 426.5640m
 
   *** monte carlo  index = 420 ***
x

 volt         param     
             i_d_0.7    
    0.         37.1439p 
   50.00000m  190.5118p 
  100.00000m  969.3462p 
  150.00000m    4.7335n 
  200.00000m   21.4161n 
  250.00000m   86.8556n 
  300.00000m  310.7986n 
  350.00000m  957.5284n 
  400.00000m    2.4307u 
  450.00000m    5.0391u 
  500.00000m    8.8338u 
  550.00000m   13.7020u 
  600.00000m   19.5003u 
  650.00000m   26.1054u 
  700.00000m   33.4163u 
  750.00000m   41.3454u 
  800.00000m   49.8120u 
  850.00000m   58.7387u 
  900.00000m   68.0482u 
  950.00000m   77.6604u 
    1.00000    87.4876u 
y
 vth0_value= 276.3657m
 u0_param=  48.8541m
 ags_param= 406.1480m
 
   *** monte carlo  index = 421 ***
x

 volt         param     
             i_d_0.7    
    0.         74.8381p 
   50.00000m  384.5606p 
  100.00000m    1.9319n 
  150.00000m    9.1890n 
  200.00000m   39.9008n 
  250.00000m  154.0276n 
  300.00000m  521.3085n 
  350.00000m    1.4919u 
  400.00000m    3.4827u 
  450.00000m    6.7107u 
  500.00000m   11.1406u 
  550.00000m   16.6302u 
  600.00000m   23.0366u 
  650.00000m   30.2414u 
  700.00000m   38.1460u 
  750.00000m   46.6624u 
  800.00000m   55.7083u 
  850.00000m   65.2030u 
  900.00000m   75.0654u 
  950.00000m   85.2097u 
    1.00000    95.5406u 
y
 vth0_value= 256.1607m
 u0_param=  50.3540m
 ags_param= 410.3421m
 
   *** monte carlo  index = 422 ***
x

 volt         param     
             i_d_0.7    
    0.         88.0101p 
   50.00000m  451.9197p 
  100.00000m    2.2618n 
  150.00000m   10.6825n 
  200.00000m   45.9073n 
  250.00000m  175.1334n 
  300.00000m  584.5732n 
  350.00000m    1.6425u 
  400.00000m    3.7606u 
  450.00000m    7.1306u 
  500.00000m   11.7001u 
  550.00000m   17.3231u 
  600.00000m   23.8580u 
  650.00000m   31.1879u 
  700.00000m   39.2148u 
  750.00000m   47.8509u 
  800.00000m   57.0135u 
  850.00000m   66.6216u 
  900.00000m   76.5929u 
  950.00000m   86.8405u 
    1.00000    97.2670u 
y
 vth0_value= 251.4118m
 u0_param=  50.5661m
 ags_param= 419.6889m
 
   *** monte carlo  index = 423 ***
x

 volt         param     
             i_d_0.7    
    0.         36.1664p 
   50.00000m  185.4922p 
  100.00000m  944.6265p 
  150.00000m    4.6210n 
  200.00000m   20.9687n 
  250.00000m   85.3539n 
  300.00000m  306.6344n 
  350.00000m  949.5176n 
  400.00000m    2.4252u 
  450.00000m    5.0557u 
  500.00000m    8.8999u 
  550.00000m   13.8440u 
  600.00000m   19.7407u 
  650.00000m   26.4625u 
  700.00000m   33.9054u 
  750.00000m   41.9792u 
  800.00000m   50.6016u 
  850.00000m   59.6934u 
  900.00000m   69.1759u 
  950.00000m   78.9679u 
    1.00000    88.9809u 
y
 vth0_value= 277.9248m
 u0_param=  50.0140m
 ags_param= 407.2484m
 
   *** monte carlo  index = 424 ***
x

 volt         param     
             i_d_0.7    
    0.         64.6492p 
   50.00000m  332.2126p 
  100.00000m    1.6732n 
  150.00000m    7.9982n 
  200.00000m   34.9922n 
  250.00000m  136.2694n 
  300.00000m  465.9489n 
  350.00000m    1.3518u 
  400.00000m    3.2026u 
  450.00000m    6.2488u 
  500.00000m   10.4701u 
  550.00000m   15.7324u 
  600.00000m   21.8957u 
  650.00000m   28.8443u 
  700.00000m   36.4812u 
  750.00000m   44.7208u 
  800.00000m   53.4827u 
  850.00000m   62.6886u 
  900.00000m   72.2594u 
  950.00000m   82.1118u 
    1.00000    92.1529u 
y
 vth0_value= 259.6685m
 u0_param=  48.9524m
 ags_param= 413.9352m
 
   *** monte carlo  index = 425 ***
x

 volt         param     
             i_d_0.7    
    0.         71.5260p 
   50.00000m  367.5447p 
  100.00000m    1.8478n 
  150.00000m    8.8019n 
  200.00000m   38.3035n 
  250.00000m  148.2393n 
  300.00000m  503.2253n 
  350.00000m    1.4459u 
  400.00000m    3.3899u 
  450.00000m    6.5557u 
  500.00000m   10.9125u 
  550.00000m   16.3210u 
  600.00000m   22.6396u 
  650.00000m   29.7509u 
  700.00000m   37.5571u 
  750.00000m   45.9712u 
  800.00000m   54.9116u 
  850.00000m   64.2985u 
  900.00000m   74.0517u 
  950.00000m   84.0861u 
    1.00000    94.3073u 
y
 vth0_value= 257.1744m
 u0_param=  49.8059m
 ags_param= 410.0761m
 
   *** monte carlo  index = 426 ***
x

 volt         param     
             i_d_0.7    
    0.        114.1190p 
   50.00000m  584.7351p 
  100.00000m    2.9057n 
  150.00000m   13.5464n 
  200.00000m   57.1549n 
  250.00000m  213.6216n 
  300.00000m  695.6753n 
  350.00000m    1.8929u 
  400.00000m    4.1939u 
  450.00000m    7.7445u 
  500.00000m   12.4682u 
  550.00000m   18.2178u 
  600.00000m   24.8569u 
  650.00000m   32.2736u 
  700.00000m   40.3729u 
  750.00000m   49.0687u 
  800.00000m   58.2789u 
  850.00000m   67.9229u 
  900.00000m   77.9180u 
  950.00000m   88.1760u 
    1.00000    98.5968u 
y
 vth0_value= 243.2207m
 u0_param=  49.9884m
 ags_param= 436.8248m
 
   *** monte carlo  index = 427 ***
x

 volt         param     
             i_d_0.7    
    0.         52.8860p 
   50.00000m  271.7314p 
  100.00000m    1.3739n 
  150.00000m    6.6190n 
  200.00000m   29.3073n 
  250.00000m  115.7565n 
  300.00000m  402.2338n 
  350.00000m    1.1922u 
  400.00000m    2.8929u 
  450.00000m    5.7612u 
  500.00000m    9.8004u 
  550.00000m   14.8835u 
  600.00000m   20.8707u 
  650.00000m   27.6445u 
  700.00000m   35.1079u 
  750.00000m   43.1753u 
  800.00000m   51.7670u 
  850.00000m   60.8056u 
  900.00000m   70.2132u 
  950.00000m   79.9083u 
    1.00000    89.8002u 
y
 vth0_value= 265.4241m
 u0_param=  48.4854m
 ags_param= 415.0547m
 
   *** monte carlo  index = 428 ***
x

 volt         param     
             i_d_0.7    
    0.        134.8511p 
   50.00000m  689.7100p 
  100.00000m    3.4102n 
  150.00000m   15.7575n 
  200.00000m   65.6856n 
  250.00000m  242.2636n 
  300.00000m  776.0533n 
  350.00000m    2.0676u 
  400.00000m    4.4870u 
  450.00000m    8.1512u 
  500.00000m   12.9707u 
  550.00000m   18.7981u 
  600.00000m   25.5007u 
  650.00000m   32.9692u 
  700.00000m   41.1103u 
  750.00000m   49.8389u 
  800.00000m   59.0733u 
  850.00000m   68.7330u 
  900.00000m   78.7353u 
  950.00000m   88.9909u 
    1.00000    99.3987u 
y
 vth0_value= 237.9669m
 u0_param=  49.6374m
 ags_param= 417.1654m
 
   *** monte carlo  index = 429 ***
x

 volt         param     
             i_d_0.7    
    0.        108.5534p 
   50.00000m  556.6851p 
  100.00000m    2.7723n 
  150.00000m   12.9733n 
  200.00000m   55.0246n 
  250.00000m  206.8420n 
  300.00000m  678.2675n 
  350.00000m    1.8621u 
  400.00000m    4.1626u 
  450.00000m    7.7411u 
  500.00000m   12.5248u 
  550.00000m   18.3625u 
  600.00000m   25.1127u 
  650.00000m   32.6593u 
  700.00000m   40.9043u 
  750.00000m   49.7590u 
  800.00000m   59.1396u 
  850.00000m   68.9638u 
  900.00000m   79.1477u 
  950.00000m   89.6021u 
    1.00000   100.2268u 
y
 vth0_value= 245.5475m
 u0_param=  51.2845m
 ags_param= 427.4889m
 
   *** monte carlo  index = 430 ***
x

 volt         param     
             i_d_0.7    
    0.         59.7590p 
   50.00000m  307.1650p 
  100.00000m    1.5502n 
  150.00000m    7.4398n 
  200.00000m   32.7461n 
  250.00000m  128.4215n 
  300.00000m  442.6226n 
  350.00000m    1.2977u 
  400.00000m    3.1106u 
  450.00000m    6.1295u 
  500.00000m   10.3447u 
  550.00000m   15.6217u 
  600.00000m   21.8173u 
  650.00000m   28.8120u 
  700.00000m   36.5069u 
  750.00000m   44.8143u 
  800.00000m   53.6527u 
  850.00000m   62.9428u 
  900.00000m   72.6048u 
  950.00000m   82.5551u 
    1.00000    92.7009u 
y
 vth0_value= 262.5512m
 u0_param=  49.7380m
 ags_param= 406.5785m
 
   *** monte carlo  index = 431 ***
x

 volt         param     
             i_d_0.7    
    0.        156.8775p 
   50.00000m  801.0329p 
  100.00000m    3.9433n 
  150.00000m   18.0845n 
  200.00000m   74.6345n 
  250.00000m  272.2578n 
  300.00000m  860.0673n 
  350.00000m    2.2517u 
  400.00000m    4.8053u 
  450.00000m    8.6159u 
  500.00000m   13.5828u 
  550.00000m   19.5570u 
  600.00000m   26.4061u 
  650.00000m   34.0218u 
  700.00000m   42.3103u 
  750.00000m   51.1862u 
  800.00000m   60.5672u 
  850.00000m   70.3716u 
  900.00000m   80.5156u 
  950.00000m   90.9082u 
    1.00000   101.4459u 
y
 vth0_value= 233.6905m
 u0_param=  50.0735m
 ags_param= 428.7977m
 
   *** monte carlo  index = 432 ***
x

 volt         param     
             i_d_0.7    
    0.         43.7476p 
   50.00000m  224.5784p 
  100.00000m    1.1389n 
  150.00000m    5.5226n 
  200.00000m   24.7038n 
  250.00000m   98.7899n 
  300.00000m  348.0885n 
  350.00000m    1.0510u 
  400.00000m    2.6049u 
  450.00000m    5.2856u 
  500.00000m    9.1181u 
  550.00000m   13.9849u 
  600.00000m   19.7485u 
  650.00000m   26.2920u 
  700.00000m   33.5191u 
  750.00000m   41.3455u 
  800.00000m   49.6929u 
  850.00000m   58.4857u 
  900.00000m   67.6478u 
  950.00000m   77.0998u 
    1.00000    86.7537u 
y
 vth0_value= 270.4920m
 u0_param=  47.4811m
 ags_param= 415.5149m
 
   *** monte carlo  index = 433 ***
x

 volt         param     
             i_d_0.7    
    0.         49.6081p 
   50.00000m  254.8488p 
  100.00000m    1.2901n 
  150.00000m    6.2306n 
  200.00000m   27.6947n 
  250.00000m  109.8971n 
  300.00000m  383.8720n 
  350.00000m    1.1457u 
  400.00000m    2.8020u 
  450.00000m    5.6189u 
  500.00000m    9.6073u 
  550.00000m   14.6427u 
  600.00000m   20.5849u 
  650.00000m   27.3158u 
  700.00000m   34.7380u 
  750.00000m   42.7656u 
  800.00000m   51.3190u 
  850.00000m   60.3210u 
  900.00000m   69.6939u 
  950.00000m   79.3566u 
    1.00000    89.2190u 
y
 vth0_value= 267.3298m
 u0_param=  48.4426m
 ags_param= 415.3893m
 
   *** monte carlo  index = 434 ***
x

 volt         param     
             i_d_0.7    
    0.        111.8973p 
   50.00000m  573.5705p 
  100.00000m    2.8529n 
  150.00000m   13.3222n 
  200.00000m   56.3372n 
  250.00000m  211.0876n 
  300.00000m  689.4779n 
  350.00000m    1.8833u 
  400.00000m    4.1885u 
  450.00000m    7.7579u 
  500.00000m   12.5160u 
  550.00000m   18.3137u 
  600.00000m   25.0119u 
  650.00000m   32.4968u 
  700.00000m   40.6717u 
  750.00000m   49.4494u 
  800.00000m   58.7469u 
  850.00000m   68.4826u 
  900.00000m   78.5734u 
  950.00000m   88.9305u 
    1.00000    99.4538u 
y
 vth0_value= 244.2301m
 u0_param=  50.6426m
 ags_param= 424.5313m
 
   *** monte carlo  index = 435 ***
x

 volt         param     
             i_d_0.7    
    0.         28.4427p 
   50.00000m  145.3904p 
  100.00000m  742.3509p 
  150.00000m    3.6556n 
  200.00000m   16.7747n 
  250.00000m   69.2819n 
  300.00000m  252.9286n 
  350.00000m  799.6644n 
  400.00000m    2.0953u 
  450.00000m    4.4737u 
  500.00000m    8.0222u 
  550.00000m   12.6447u 
  600.00000m   18.1999u 
  650.00000m   24.5632u 
  700.00000m   31.6326u 
  750.00000m   39.3207u 
  800.00000m   47.5476u 
  850.00000m   56.2373u 
  900.00000m   65.3139u 
  950.00000m   74.6995u 
    1.00000    84.3094u 
y
 vth0_value= 284.0227m
 u0_param=  48.1442m
 ags_param= 401.8378m
 
   *** monte carlo  index = 436 ***
x

 volt         param     
             i_d_0.7    
    0.         51.5507p 
   50.00000m  264.8584p 
  100.00000m    1.3398n 
  150.00000m    6.4614n 
  200.00000m   28.6558n 
  250.00000m  113.4014n 
  300.00000m  394.9038n 
  350.00000m    1.1738u 
  400.00000m    2.8576u 
  450.00000m    5.7073u 
  500.00000m    9.7294u 
  550.00000m   14.7977u 
  600.00000m   20.7722u 
  650.00000m   27.5352u 
  700.00000m   34.9893u 
  750.00000m   43.0489u 
  800.00000m   51.6341u 
  850.00000m   60.6677u 
  900.00000m   70.0717u 
  950.00000m   79.7646u 
    1.00000    89.6559u 
y
 vth0_value= 266.2117m
 u0_param=  48.5077m
 ags_param= 428.0849m
 
   *** monte carlo  index = 437 ***
x

 volt         param     
             i_d_0.7    
    0.        122.4691p 
   50.00000m  627.0555p 
  100.00000m    3.1095n 
  150.00000m   14.4419n 
  200.00000m   60.6206n 
  250.00000m  225.2939n 
  300.00000m  728.5796n 
  350.00000m    1.9647u 
  400.00000m    4.3145u 
  450.00000m    7.9110u 
  500.00000m   12.6722u 
  550.00000m   18.4507u 
  600.00000m   25.1119u 
  650.00000m   32.5451u 
  700.00000m   40.6560u 
  750.00000m   49.3590u 
  800.00000m   58.5725u 
  850.00000m   68.2158u 
  900.00000m   78.2062u 
  950.00000m   88.4553u 
    1.00000    98.8625u 
y
 vth0_value= 240.9720m
 u0_param=  49.7987m
 ags_param= 425.4379m
 
   *** monte carlo  index = 438 ***
x

 volt         param     
             i_d_0.7    
    0.         50.8758p 
   50.00000m  261.4709p 
  100.00000m    1.3239n 
  150.00000m    6.3961n 
  200.00000m   28.4444n 
  250.00000m  112.9300n 
  300.00000m  394.6473n 
  350.00000m    1.1785u 
  400.00000m    2.8840u 
  450.00000m    5.7860u 
  500.00000m    9.8954u 
  550.00000m   15.0828u 
  600.00000m   21.2026u 
  650.00000m   28.1324u 
  700.00000m   35.7712u 
  750.00000m   44.0303u 
  800.00000m   52.8277u 
  850.00000m   62.0839u 
  900.00000m   71.7192u 
  950.00000m   81.6508u 
    1.00000    91.7869u 
y
 vth0_value= 267.5829m
 u0_param=  50.0058m
 ags_param= 411.2833m
 
   *** monte carlo  index = 439 ***
x

 volt         param     
             i_d_0.7    
    0.         59.3127p 
   50.00000m  304.8159p 
  100.00000m    1.5380n 
  150.00000m    7.3787n 
  200.00000m   32.4604n 
  250.00000m  127.2273n 
  300.00000m  438.2469n 
  350.00000m    1.2839u 
  400.00000m    3.0750u 
  450.00000m    6.0553u 
  500.00000m   10.2151u 
  550.00000m   15.4223u 
  600.00000m   21.5364u 
  650.00000m   28.4402u 
  700.00000m   36.0362u 
  750.00000m   44.2384u 
  800.00000m   52.9663u 
  850.00000m   62.1416u 
  900.00000m   71.6855u 
  950.00000m   81.5151u 
    1.00000    91.5379u 
y
 vth0_value= 262.2919m
 u0_param=  48.9891m
 ags_param= 429.1920m
 
   *** monte carlo  index = 440 ***
x

 volt         param     
             i_d_0.7    
    0.         78.6127p 
   50.00000m  403.8720p 
  100.00000m    2.0266n 
  150.00000m    9.6180n 
  200.00000m   41.6272n 
  250.00000m  160.0925n 
  300.00000m  539.4828n 
  350.00000m    1.5350u 
  400.00000m    3.5614u 
  450.00000m    6.8273u 
  500.00000m   11.2921u 
  550.00000m   16.8128u 
  600.00000m   23.2471u 
  650.00000m   30.4775u 
  700.00000m   38.4058u 
  750.00000m   46.9442u 
  800.00000m   56.0105u 
  850.00000m   65.5241u 
  900.00000m   75.4036u 
  950.00000m   85.5630u 
    1.00000    95.9062u 
y
 vth0_value= 254.6506m
 u0_param=  50.3107m
 ags_param= 418.3247m
 
   *** monte carlo  index = 441 ***
x

 volt         param     
             i_d_0.7    
    0.         45.5044p 
   50.00000m  233.6992p 
  100.00000m    1.1849n 
  150.00000m    5.7426n 
  200.00000m   25.6645n 
  250.00000m  102.5130n 
  300.00000m  360.7112n 
  350.00000m    1.0870u 
  400.00000m    2.6885u 
  450.00000m    5.4444u 
  500.00000m    9.3773u 
  550.00000m   14.3657u 
  600.00000m   20.2680u 
  650.00000m   26.9648u 
  700.00000m   34.3572u 
  750.00000m   42.3590u 
  800.00000m   50.8902u 
  850.00000m   59.8735u 
  900.00000m   69.2314u 
  950.00000m   78.8829u 
    1.00000    88.7388u 
y
 vth0_value= 270.0417m
 u0_param=  48.5940m
 ags_param= 408.7753m
 
   *** monte carlo  index = 442 ***
x

 volt         param     
             i_d_0.7    
    0.         55.1094p 
   50.00000m  283.2031p 
  100.00000m    1.4310n 
  150.00000m    6.8859n 
  200.00000m   30.4303n 
  250.00000m  119.9137n 
  300.00000m  415.5781n 
  350.00000m    1.2274u 
  400.00000m    2.9664u 
  450.00000m    5.8872u 
  500.00000m    9.9888u 
  550.00000m   15.1416u 
  600.00000m   21.2045u 
  650.00000m   28.0593u 
  700.00000m   35.6081u 
  750.00000m   43.7646u 
  800.00000m   52.4485u 
  850.00000m   61.5815u 
  900.00000m   71.0853u 
  950.00000m   80.8772u 
    1.00000    90.8658u 
y
 vth0_value= 264.4875m
 u0_param=  48.9531m
 ags_param= 421.8228m
 
   *** monte carlo  index = 443 ***
x

 volt         param     
             i_d_0.7    
    0.        120.2465p 
   50.00000m  615.7988p 
  100.00000m    3.0553n 
  150.00000m   14.2045n 
  200.00000m   59.7045n 
  250.00000m  222.2173n 
  300.00000m  719.9444n 
  350.00000m    1.9460u 
  400.00000m    4.2832u 
  450.00000m    7.8680u 
  500.00000m   12.6197u 
  550.00000m   18.3909u 
  600.00000m   25.0466u 
  650.00000m   32.4756u 
  700.00000m   40.5836u 
  750.00000m   49.2847u 
  800.00000m   58.4973u 
  850.00000m   68.1405u 
  900.00000m   78.1320u 
  950.00000m   88.3830u 
    1.00000    98.7934u 
y
 vth0_value= 241.5582m
 u0_param=  49.8525m
 ags_param= 425.1466m
 
   *** monte carlo  index = 444 ***
x

 volt         param     
             i_d_0.7    
    0.        149.1353p 
   50.00000m  761.7620p 
  100.00000m    3.7539n 
  150.00000m   17.2465n 
  200.00000m   71.3456n 
  250.00000m  260.9541n 
  300.00000m  827.1956n 
  350.00000m    2.1750u 
  400.00000m    4.6606u 
  450.00000m    8.3836u 
  500.00000m   13.2477u 
  550.00000m   19.1068u 
  600.00000m   25.8306u 
  650.00000m   33.3123u 
  700.00000m   41.4597u 
  750.00000m   50.1884u 
  800.00000m   59.4175u 
  850.00000m   69.0666u 
  900.00000m   79.0528u 
  950.00000m   89.2866u 
    1.00000    99.6654u 
y
 vth0_value= 234.6889m
 u0_param=  49.2615m
 ags_param= 429.8562m
 
   *** monte carlo  index = 445 ***
x

 volt         param     
             i_d_0.7    
    0.         35.1471p 
   50.00000m  180.1234p 
  100.00000m  916.7103p 
  150.00000m    4.4800n 
  200.00000m   20.2964n 
  250.00000m   82.4588n 
  300.00000m  295.6669n 
  350.00000m  913.4029n 
  400.00000m    2.3264u 
  450.00000m    4.8377u 
  500.00000m    8.5015u 
  550.00000m   13.2108u 
  600.00000m   18.8271u 
  650.00000m   25.2312u 
  700.00000m   32.3252u 
  750.00000m   40.0240u 
  800.00000m   48.2495u 
  850.00000m   56.9262u 
  900.00000m   65.9789u 
  950.00000m   75.3293u 
    1.00000    84.8916u 
y
 vth0_value= 277.0649m
 u0_param=  47.3806m
 ags_param= 421.4248m
 
   *** monte carlo  index = 446 ***
x

 volt         param     
             i_d_0.7    
    0.         44.8415p 
   50.00000m  230.3099p 
  100.00000m    1.1684n 
  150.00000m    5.6684n 
  200.00000m   25.3763n 
  250.00000m  101.5702n 
  300.00000m  358.1947n 
  350.00000m    1.0826u 
  400.00000m    2.6867u 
  450.00000m    5.4572u 
  500.00000m    9.4203u 
  550.00000m   14.4536u 
  600.00000m   20.4133u 
  650.00000m   27.1776u 
  700.00000m   34.6463u 
  750.00000m   42.7318u 
  800.00000m   51.3531u 
  850.00000m   60.4319u 
  900.00000m   69.8900u 
  950.00000m   79.6457u 
    1.00000    89.6093u 
y
 vth0_value= 270.9050m
 u0_param=  49.2350m
 ags_param= 420.0681m
 
   *** monte carlo  index = 447 ***
x

 volt         param     
             i_d_0.7    
    0.        113.7172p 
   50.00000m  582.5868p 
  100.00000m    2.8943n 
  150.00000m   13.4871n 
  200.00000m   56.8709n 
  250.00000m  212.4269n 
  300.00000m  691.2740n 
  350.00000m    1.8791u 
  400.00000m    4.1595u 
  450.00000m    7.6754u 
  500.00000m   12.3510u 
  550.00000m   18.0407u 
  600.00000m   24.6103u 
  650.00000m   31.9492u 
  700.00000m   39.9637u 
  750.00000m   48.5684u 
  800.00000m   57.6825u 
  850.00000m   67.2259u 
  900.00000m   77.1170u 
  950.00000m   87.2679u 
    1.00000    97.5796u 
y
 vth0_value= 242.9514m
 u0_param=  49.4077m
 ags_param= 417.7277m
 
   *** monte carlo  index = 448 ***
x

 volt         param     
             i_d_0.7    
    0.        132.2746p 
   50.00000m  676.9811p 
  100.00000m    3.3520n 
  150.00000m   15.5272n 
  200.00000m   64.9382n 
  250.00000m  240.3521n 
  300.00000m  773.2646n 
  350.00000m    2.0715u 
  400.00000m    4.5192u 
  450.00000m    8.2433u 
  500.00000m   13.1543u 
  550.00000m   19.1003u 
  600.00000m   25.9437u 
  650.00000m   33.5716u 
  700.00000m   41.8877u 
  750.00000m   50.8045u 
  800.00000m   60.2385u 
  850.00000m   70.1073u 
  900.00000m   80.3268u 
  950.00000m   90.8065u 
    1.00000   101.4443u 
y
 vth0_value= 239.4059m
 u0_param=  50.9799m
 ags_param= 423.9461m
 
   *** monte carlo  index = 449 ***
x

 volt         param     
             i_d_0.7    
    0.         88.7662p 
   50.00000m  455.7319p 
  100.00000m    2.2800n 
  150.00000m   10.7601n 
  200.00000m   46.1915n 
  250.00000m  176.0082n 
  300.00000m  586.6809n 
  350.00000m    1.6455u 
  400.00000m    3.7602u 
  450.00000m    7.1190u 
  500.00000m   11.6684u 
  550.00000m   17.2636u 
  600.00000m   23.7641u 
  650.00000m   31.0543u 
  700.00000m   39.0371u 
  750.00000m   47.6253u 
  800.00000m   56.7367u 
  850.00000m   66.2908u 
  900.00000m   76.2058u 
  950.00000m   86.3950u 
    1.00000    96.7613u 
y
 vth0_value= 250.9227m
 u0_param=  50.2021m
 ags_param= 418.0947m
 
   *** monte carlo  index = 450 ***
x

 volt         param     
             i_d_0.7    
    0.        121.5786p 
   50.00000m  622.7768p 
  100.00000m    3.0911n 
  150.00000m   14.3800n 
  200.00000m   60.4920n 
  250.00000m  225.3400n 
  300.00000m  730.7763n 
  350.00000m    1.9777u 
  400.00000m    4.3583u 
  450.00000m    8.0132u 
  500.00000m   12.8599u 
  550.00000m   18.7473u 
  600.00000m   25.5367u 
  650.00000m   33.1142u 
  700.00000m   41.3830u 
  750.00000m   50.2555u 
  800.00000m   59.6482u 
  850.00000m   69.4790u 
  900.00000m   79.6639u 
  950.00000m   90.1132u 
    1.00000   100.7253u 
y
 vth0_value= 241.9373m
 u0_param=  50.9680m
 ags_param= 437.1859m
 
   *** monte carlo  index = 451 ***
x

 volt         param     
             i_d_0.7    
    0.         93.9648p 
   50.00000m  482.1419p 
  100.00000m    2.4076n 
  150.00000m   11.3242n 
  200.00000m   48.3784n 
  250.00000m  183.3496n 
  300.00000m  607.2635n 
  350.00000m    1.6890u 
  400.00000m    3.8265u 
  450.00000m    7.1939u 
  500.00000m   11.7323u 
  550.00000m   17.2984u 
  600.00000m   23.7549u 
  650.00000m   30.9892u 
  700.00000m   38.9059u 
  750.00000m   47.4194u 
  800.00000m   56.4487u 
  850.00000m   65.9140u 
  900.00000m   75.7343u 
  950.00000m   85.8232u 
    1.00000    96.0834u 
y
 vth0_value= 248.7355m
 u0_param=  49.4669m
 ags_param= 422.9530m
 
   *** monte carlo  index = 452 ***
x

 volt         param     
             i_d_0.7    
    0.         72.1552p 
   50.00000m  370.7190p 
  100.00000m    1.8629n 
  150.00000m    8.8663n 
  200.00000m   38.5359n 
  250.00000m  148.9285n 
  300.00000m  504.7572n 
  350.00000m    1.4472u 
  400.00000m    3.3854u 
  450.00000m    6.5346u 
  500.00000m   10.8629u 
  550.00000m   16.2321u 
  600.00000m   22.5024u 
  650.00000m   29.5581u 
  700.00000m   37.3026u 
  750.00000m   45.6496u 
  800.00000m   54.5184u 
  850.00000m   63.8300u 
  900.00000m   73.5045u 
  950.00000m   83.4576u 
    1.00000    93.5950u 
y
 vth0_value= 256.5882m
 u0_param=  49.3075m
 ags_param= 406.8397m
 
   *** monte carlo  index = 453 ***
x

 volt         param     
             i_d_0.7    
    0.         69.7406p 
   50.00000m  358.3727p 
  100.00000m    1.8025n 
  150.00000m    8.5934n 
  200.00000m   37.4445n 
  250.00000m  145.1331n 
  300.00000m  493.5481n 
  350.00000m    1.4214u 
  400.00000m    3.3410u 
  450.00000m    6.4749u 
  500.00000m   10.7952u 
  550.00000m   16.1636u 
  600.00000m   22.4393u 
  650.00000m   29.5053u 
  700.00000m   37.2642u 
  750.00000m   45.6292u 
  800.00000m   54.5193u 
  850.00000m   63.8550u 
  900.00000m   73.5564u 
  950.00000m   83.5390u 
    1.00000    93.7086u 
y
 vth0_value= 257.7754m
 u0_param=  49.5564m
 ags_param= 410.1223m
 
   *** monte carlo  index = 454 ***
x

 volt         param     
             i_d_0.7    
    0.         53.7043p 
   50.00000m  276.0265p 
  100.00000m    1.3960n 
  150.00000m    6.7292n 
  200.00000m   29.8182n 
  250.00000m  117.8764n 
  300.00000m  409.9579n 
  350.00000m    1.2164u 
  400.00000m    2.9554u 
  450.00000m    5.8918u 
  500.00000m   10.0293u 
  550.00000m   15.2371u 
  600.00000m   21.3707u 
  650.00000m   28.3091u 
  700.00000m   35.9522u 
  750.00000m   44.2122u 
  800.00000m   53.0071u 
  850.00000m   62.2579u 
  900.00000m   71.8850u 
  950.00000m   81.8051u 
    1.00000    91.9265u 
y
 vth0_value= 265.8133m
 u0_param=  49.7953m
 ags_param= 416.2933m
 
   *** monte carlo  index = 455 ***
x

 volt         param     
             i_d_0.7    
    0.         40.9082p 
   50.00000m  209.9263p 
  100.00000m    1.0659n 
  150.00000m    5.1823n 
  200.00000m   23.2797n 
  250.00000m   93.5800n 
  300.00000m  331.6307n 
  350.00000m    1.0089u 
  400.00000m    2.5229u 
  450.00000m    5.1598u 
  500.00000m    8.9538u 
  550.00000m   13.7902u 
  600.00000m   19.5302u 
  650.00000m   26.0556u 
  700.00000m   33.2690u 
  750.00000m   41.0856u 
  800.00000m   49.4268u 
  850.00000m   58.2167u 
  900.00000m   67.3792u 
  950.00000m   76.8351u 
    1.00000    86.4968u 
y
 vth0_value= 272.6466m
 u0_param=  47.6612m
 ags_param= 416.1274m
 
   *** monte carlo  index = 456 ***
x

 volt         param     
             i_d_0.7    
    0.        158.7421p 
   50.00000m  810.3228p 
  100.00000m    3.9866n 
  150.00000m   18.2635n 
  200.00000m   75.2699n 
  250.00000m  274.1703n 
  300.00000m  864.4961n 
  350.00000m    2.2581u 
  400.00000m    4.8084u 
  450.00000m    8.6072u 
  500.00000m   13.5535u 
  550.00000m   19.4994u 
  600.00000m   26.3141u 
  650.00000m   33.8901u 
  700.00000m   42.1348u 
  750.00000m   50.9630u 
  800.00000m   60.2931u 
  850.00000m   70.0440u 
  900.00000m   80.1320u 
  950.00000m   90.4666u 
    1.00000   100.9443u 
y
 vth0_value= 233.1010m
 u0_param=  49.7118m
 ags_param= 428.0133m
 
   *** monte carlo  index = 457 ***
x

 volt         param     
             i_d_0.7    
    0.        129.9997p 
   50.00000m  665.1717p 
  100.00000m    3.2925n 
  150.00000m   15.2433n 
  200.00000m   63.7077n 
  250.00000m  235.6431n 
  300.00000m  757.5605n 
  350.00000m    2.0275u 
  400.00000m    4.4197u 
  450.00000m    8.0570u 
  500.00000m   12.8528u 
  550.00000m   18.6600u 
  600.00000m   25.3451u 
  650.00000m   32.7985u 
  700.00000m   40.9267u 
  750.00000m   49.6442u 
  800.00000m   58.8696u 
  850.00000m   68.5222u 
  900.00000m   78.5194u 
  950.00000m   88.7722u 
    1.00000    99.1793u 
y
 vth0_value= 239.0916m
 u0_param=  49.6699m
 ags_param= 433.2816m
 
   *** monte carlo  index = 458 ***
x

 volt         param     
             i_d_0.7    
    0.        147.8007p 
   50.00000m  755.3549p 
  100.00000m    3.7264n 
  150.00000m   17.1521n 
  200.00000m   71.1270n 
  250.00000m  260.8224n 
  300.00000m  829.4082n 
  350.00000m    2.1894u 
  400.00000m    4.7092u 
  450.00000m    8.4950u 
  500.00000m   13.4497u 
  550.00000m   19.4227u 
  600.00000m   26.2798u 
  650.00000m   33.9106u 
  700.00000m   42.2205u 
  750.00000m   51.1230u 
  800.00000m   60.5354u 
  850.00000m   70.3757u 
  900.00000m   80.5598u 
  950.00000m   90.9969u 
    1.00000   101.5839u 
y
 vth0_value= 235.7436m
 u0_param=  50.4757m
 ags_param= 424.2883m
 
   *** monte carlo  index = 459 ***
x

 volt         param     
             i_d_0.7    
    0.         89.3392p 
   50.00000m  458.5155p 
  100.00000m    2.2922n 
  150.00000m   10.8031n 
  200.00000m   46.2874n 
  250.00000m  176.0049n 
  300.00000m  585.2547n 
  350.00000m    1.6363u 
  400.00000m    3.7271u 
  450.00000m    7.0379u 
  500.00000m   11.5146u 
  550.00000m   17.0157u 
  600.00000m   23.4043u 
  650.00000m   30.5680u 
  700.00000m   38.4119u 
  750.00000m   46.8509u 
  800.00000m   55.8043u 
  850.00000m   65.1929u 
  900.00000m   74.9364u 
  950.00000m   84.9490u 
    1.00000    95.1343u 
y
 vth0_value= 250.0460m
 u0_param=  49.1446m
 ags_param= 417.3719m
 
   *** monte carlo  index = 460 ***
x

 volt         param     
             i_d_0.7    
    0.        158.7173p 
   50.00000m  810.1516p 
  100.00000m    3.9853n 
  150.00000m   18.2546n 
  200.00000m   75.2168n 
  250.00000m  273.9137n 
  300.00000m  863.4399n 
  350.00000m    2.2545u 
  400.00000m    4.7993u 
  450.00000m    8.5887u 
  500.00000m   13.5220u 
  550.00000m   19.4520u 
  600.00000m   26.2483u 
  650.00000m   33.8039u 
  700.00000m   42.0262u 
  750.00000m   50.8306u 
  800.00000m   60.1356u 
  850.00000m   69.8602u 
  900.00000m   79.9211u 
  950.00000m   90.2278u 
    1.00000   100.6771u 
y
 vth0_value= 233.0050m
 u0_param=  49.5568m
 ags_param= 425.0125m
 
   *** monte carlo  index = 461 ***
x

 volt         param     
             i_d_0.7    
    0.         71.4572p 
   50.00000m  367.1896p 
  100.00000m    1.8460n 
  150.00000m    8.7936n 
  200.00000m   38.2686n 
  250.00000m  148.1095n 
  300.00000m  502.8069n 
  350.00000m    1.4448u 
  400.00000m    3.3875u 
  450.00000m    6.5515u 
  500.00000m   10.9060u 
  550.00000m   16.3120u 
  600.00000m   22.6277u 
  650.00000m   29.7361u 
  700.00000m   37.5392u 
  750.00000m   45.9503u 
  800.00000m   54.8876u 
  850.00000m   64.2715u 
  900.00000m   74.0217u 
  950.00000m   84.0532u 
    1.00000    94.2715u 
y
 vth0_value= 257.1872m
 u0_param=  49.7808m
 ags_param= 415.0389m
 
   *** monte carlo  index = 462 ***
x

 volt         param     
             i_d_0.7    
    0.        135.1606p 
   50.00000m  691.5631p 
  100.00000m    3.4218n 
  150.00000m   15.8309n 
  200.00000m   66.0979n 
  250.00000m  244.1974n 
  300.00000m  783.8455n 
  350.00000m    2.0937u 
  400.00000m    4.5549u 
  450.00000m    8.2899u 
  500.00000m   13.2076u 
  550.00000m   19.1564u 
  600.00000m   25.9993u 
  650.00000m   33.6239u 
  700.00000m   41.9343u 
  750.00000m   50.8432u 
  800.00000m   60.2672u 
  850.00000m   70.1242u 
  900.00000m   80.3300u 
  950.00000m   90.7942u 
    1.00000   101.4148u 
y
 vth0_value= 238.6848m
 u0_param=  50.8671m
 ags_param= 410.4507m
 
   *** monte carlo  index = 463 ***
x

 volt         param     
             i_d_0.7    
    0.        147.8891p 
   50.00000m  756.0067p 
  100.00000m    3.7315n 
  150.00000m   17.1899n 
  200.00000m   71.3613n 
  250.00000m  261.9798n 
  300.00000m  834.2452n 
  350.00000m    2.2060u 
  400.00000m    4.7526u 
  450.00000m    8.5838u 
  500.00000m   13.6012u 
  550.00000m   19.6516u 
  600.00000m   26.5980u 
  650.00000m   34.3279u 
  700.00000m   42.7451u 
  750.00000m   51.7618u 
  800.00000m   61.2941u 
  850.00000m   71.2590u 
  900.00000m   81.5714u 
  950.00000m   92.1402u 
    1.00000   102.8615u 
y
 vth0_value= 236.2237m
 u0_param=  51.2636m
 ags_param= 415.8585m
 
   *** monte carlo  index = 464 ***
x

 volt         param     
             i_d_0.7    
    0.        149.7425p 
   50.00000m  764.8794p 
  100.00000m    3.7693n 
  150.00000m   17.3173n 
  200.00000m   71.6389n 
  250.00000m  262.0236n 
  300.00000m  830.5621n 
  350.00000m    2.1837u 
  400.00000m    4.6792u 
  450.00000m    8.4165u 
  500.00000m   13.2990u 
  550.00000m   19.1798u 
  600.00000m   25.9281u 
  650.00000m   33.4364u 
  700.00000m   41.6122u 
  750.00000m   50.3708u 
  800.00000m   59.6309u 
  850.00000m   69.3120u 
  900.00000m   79.3310u 
  950.00000m   89.5980u 
    1.00000   100.0105u 
y
 vth0_value= 234.6941m
 u0_param=  49.4570m
 ags_param= 423.9764m
 
   *** monte carlo  index = 465 ***
x

 volt         param     
             i_d_0.7    
    0.         56.7525p 
   50.00000m  291.6155p 
  100.00000m    1.4723n 
  150.00000m    7.0726n 
  200.00000m   31.1756n 
  250.00000m  122.4815n 
  300.00000m  423.0507n 
  350.00000m    1.2439u 
  400.00000m    2.9913u 
  450.00000m    5.9112u 
  500.00000m    9.9979u 
  550.00000m   15.1225u 
  600.00000m   21.1457u 
  650.00000m   27.9516u 
  700.00000m   35.4436u 
  750.00000m   43.5366u 
  800.00000m   52.1510u 
  850.00000m   61.2095u 
  900.00000m   70.6340u 
  950.00000m   80.3426u 
    1.00000    90.2443u 
y
 vth0_value= 263.2432m
 u0_param=  48.4104m
 ags_param= 409.9190m
 
   *** monte carlo  index = 466 ***
x

 volt         param     
             i_d_0.7    
    0.        193.0063p 
   50.00000m  982.7534p 
  100.00000m    4.8058n 
  150.00000m   21.7947n 
  200.00000m   88.6565n 
  250.00000m  318.3238n 
  300.00000m  985.2653n 
  350.00000m    2.5157u 
  400.00000m    5.2446u 
  450.00000m    9.2360u 
  500.00000m   14.3761u 
  550.00000m   20.5149u 
  600.00000m   27.5225u 
  650.00000m   35.2919u 
  700.00000m   43.7300u 
  750.00000m   52.7510u 
  800.00000m   62.2722u 
  850.00000m   72.2113u 
  900.00000m   82.4829u 
  950.00000m   92.9945u 
    1.00000   103.6398u 
y
 vth0_value= 227.6009m
 u0_param=  50.3199m
 ags_param= 421.1899m
 
   *** monte carlo  index = 467 ***
x

 volt         param     
             i_d_0.7    
    0.         46.1551p 
   50.00000m  237.0262p 
  100.00000m    1.2012n 
  150.00000m    5.8154n 
  200.00000m   25.9487n 
  250.00000m  103.4489n 
  300.00000m  363.2420n 
  350.00000m    1.0917u 
  400.00000m    2.6913u 
  450.00000m    5.4350u 
  500.00000m    9.3420u 
  550.00000m   14.2916u 
  600.00000m   20.1444u 
  650.00000m   26.7828u 
  700.00000m   34.1095u 
  750.00000m   42.0395u 
  800.00000m   50.4936u 
  850.00000m   59.3952u 
  900.00000m   68.6677u 
  950.00000m   78.2304u 
    1.00000    87.9948u 
y
 vth0_value= 269.2339m
 u0_param=  48.0234m
 ags_param= 411.7779m
 
   *** monte carlo  index = 468 ***
x

 volt         param     
             i_d_0.7    
    0.         60.9930p 
   50.00000m  313.5140p 
  100.00000m    1.5816n 
  150.00000m    7.5851n 
  200.00000m   33.3481n 
  250.00000m  130.6069n 
  300.00000m  449.4664n 
  350.00000m    1.3151u 
  400.00000m    3.1452u 
  450.00000m    6.1856u 
  500.00000m   10.4244u 
  550.00000m   15.7262u 
  600.00000m   21.9476u 
  650.00000m   28.9693u 
  700.00000m   36.6919u 
  750.00000m   45.0279u 
  800.00000m   53.8955u 
  850.00000m   63.2152u 
  900.00000m   72.9071u 
  950.00000m   82.8872u 
    1.00000    93.0623u 
y
 vth0_value= 262.0071m
 u0_param=  49.8510m
 ags_param= 414.8344m
 
   *** monte carlo  index = 469 ***
x

 volt         param     
             i_d_0.7    
    0.         44.4311p 
   50.00000m  228.1999p 
  100.00000m    1.1580n 
  150.00000m    5.6205n 
  200.00000m   25.1810n 
  250.00000m  100.8822n 
  300.00000m  356.1319n 
  350.00000m    1.0778u 
  400.00000m    2.6790u 
  450.00000m    5.4491u 
  500.00000m    9.4160u 
  550.00000m   14.4573u 
  600.00000m   20.4285u 
  650.00000m   27.2073u 
  700.00000m   34.6928u 
  750.00000m   42.7972u 
  800.00000m   51.4392u 
  850.00000m   60.5402u 
  900.00000m   70.0219u 
  950.00000m   79.8024u 
    1.00000    89.7919u 
y
 vth0_value= 271.2937m
 u0_param=  49.4054m
 ags_param= 420.9831m
 
   *** monte carlo  index = 470 ***
x

 volt         param     
             i_d_0.7    
    0.         20.8037p 
   50.00000m  105.6576p 
  100.00000m  541.2698p 
  150.00000m    2.6902n 
  200.00000m   12.5459n 
  250.00000m   52.9609n 
  300.00000m  198.0524n 
  350.00000m  645.3134n 
  400.00000m    1.7567u 
  450.00000m    3.8930u 
  500.00000m    7.1883u 
  550.00000m   11.5693u 
  600.00000m   16.8972u 
  650.00000m   23.0440u 
  700.00000m   29.9051u 
  750.00000m   37.3920u 
  800.00000m   45.4247u 
  850.00000m   53.9276u 
  900.00000m   62.8260u 
  950.00000m   72.0436u 
    1.00000    81.4983u 
y
 vth0_value= 293.4477m
 u0_param=  47.8941m
 ags_param= 405.7012m
 
   *** monte carlo  index = 471 ***
x

 volt         param     
             i_d_0.7    
    0.         76.3559p 
   50.00000m  392.3129p 
  100.00000m    1.9698n 
  150.00000m    9.3595n 
  200.00000m   40.5787n 
  250.00000m  156.3721n 
  300.00000m  528.1800n 
  350.00000m    1.5075u 
  400.00000m    3.5092u 
  450.00000m    6.7459u 
  500.00000m   11.1801u 
  550.00000m   16.6697u 
  600.00000m   23.0725u 
  650.00000m   30.2712u 
  700.00000m   38.1674u 
  750.00000m   46.6736u 
  800.00000m   55.7078u 
  850.00000m   65.1894u 
  900.00000m   75.0375u 
  950.00000m   85.1662u 
    1.00000    95.4799u 
y
 vth0_value= 255.4509m
 u0_param=  50.1895m
 ags_param= 421.9030m
 
   *** monte carlo  index = 472 ***
x

 volt         param     
             i_d_0.7    
    0.         52.1213p 
   50.00000m  267.8510p 
  100.00000m    1.3552n 
  150.00000m    6.5379n 
  200.00000m   29.0089n 
  250.00000m  114.8610n 
  300.00000m  400.2032n 
  350.00000m    1.1904u 
  400.00000m    2.9002u 
  450.00000m    5.7960u 
  500.00000m    9.8845u 
  550.00000m   15.0372u 
  600.00000m   21.1106u 
  650.00000m   27.9847u 
  700.00000m   35.5601u 
  750.00000m   43.7495u 
  800.00000m   52.4718u 
  850.00000m   61.6482u 
  900.00000m   71.1999u 
  950.00000m   81.0442u 
    1.00000    91.0898u 
y
 vth0_value= 266.4581m
 u0_param=  49.3936m
 ags_param= 425.3632m
 
   *** monte carlo  index = 473 ***
x

 volt         param     
             i_d_0.7    
    0.         67.4192p 
   50.00000m  346.4578p 
  100.00000m    1.7437n 
  150.00000m    8.3239n 
  200.00000m   36.3415n 
  250.00000m  141.1783n 
  300.00000m  481.3679n 
  350.00000m    1.3912u 
  400.00000m    3.2826u 
  450.00000m    6.3824u 
  500.00000m   10.6664u 
  550.00000m   15.9980u 
  600.00000m   22.2365u 
  650.00000m   29.2651u 
  700.00000m   36.9865u 
  750.00000m   45.3142u 
  800.00000m   54.1673u 
  850.00000m   63.4667u 
  900.00000m   73.1327u 
  950.00000m   83.0810u 
    1.00000    93.2177u 
y
 vth0_value= 258.6887m
 u0_param=  49.3905m
 ags_param= 431.1935m
 
   *** monte carlo  index = 474 ***
x

 volt         param     
             i_d_0.7    
    0.         63.8462p 
   50.00000m  328.0976p 
  100.00000m    1.6529n 
  150.00000m    7.9062n 
  200.00000m   34.6203n 
  250.00000m  134.9598n 
  300.00000m  462.0139n 
  350.00000m    1.3424u 
  400.00000m    3.1860u 
  450.00000m    6.2253u 
  500.00000m   10.4419u 
  550.00000m   15.7014u 
  600.00000m   21.8638u 
  650.00000m   28.8128u 
  700.00000m   36.4514u 
  750.00000m   44.6936u 
  800.00000m   53.4591u 
  850.00000m   62.6693u 
  900.00000m   72.2453u 
  950.00000m   82.1036u 
    1.00000    92.1514u 
y
 vth0_value= 260.0893m
 u0_param=  49.0193m
 ags_param= 412.6953m
 
   *** monte carlo  index = 475 ***
x

 volt         param     
             i_d_0.7    
    0.         86.3627p 
   50.00000m  443.3803p 
  100.00000m    2.2189n 
  150.00000m   10.4782n 
  200.00000m   45.0219n 
  250.00000m  171.7331n 
  300.00000m  573.1762n 
  350.00000m    1.6104u 
  400.00000m    3.6867u 
  450.00000m    6.9903u 
  500.00000m   11.4707u 
  550.00000m   16.9852u 
  600.00000m   23.3956u 
  650.00000m   30.5877u 
  700.00000m   38.4655u 
  750.00000m   46.9432u 
  800.00000m   55.9394u 
  850.00000m   65.3746u 
  900.00000m   75.1679u 
  950.00000m   85.2335u 
    1.00000    95.4751u 
y
 vth0_value= 251.3240m
 u0_param=  49.5404m
 ags_param= 414.8093m
 
   *** monte carlo  index = 476 ***
x

 volt         param     
             i_d_0.7    
    0.         46.0954p 
   50.00000m  236.7341p 
  100.00000m    1.1999n 
  150.00000m    5.8110n 
  200.00000m   25.9413n 
  250.00000m  103.4781n 
  300.00000m  363.5673n 
  350.00000m    1.0935u 
  400.00000m    2.6984u 
  450.00000m    5.4537u 
  500.00000m    9.3796u 
  550.00000m   14.3548u 
  600.00000m   20.2388u 
  650.00000m   26.9131u 
  700.00000m   34.2796u 
  750.00000m   42.2528u 
  800.00000m   50.7530u 
  850.00000m   59.7032u 
  900.00000m   69.0263u 
  950.00000m   78.6414u 
    1.00000    88.4594u 
y
 vth0_value= 269.4759m
 u0_param=  48.3286m
 ags_param= 417.3785m
 
   *** monte carlo  index = 477 ***
x

 volt         param     
             i_d_0.7    
    0.        137.2193p 
   50.00000m  701.8854p 
  100.00000m    3.4705n 
  150.00000m   16.0364n 
  200.00000m   66.8476n 
  250.00000m  246.5346n 
  300.00000m  789.6338n 
  350.00000m    2.1034u 
  400.00000m    4.5639u 
  450.00000m    8.2892u 
  500.00000m   13.1876u 
  550.00000m   19.1088u 
  600.00000m   25.9175u 
  650.00000m   33.5024u 
  700.00000m   41.7685u 
  750.00000m   50.6292u 
  800.00000m   60.0018u 
  850.00000m   69.8045u 
  900.00000m   79.9536u 
  950.00000m   90.3589u 
    1.00000   100.9184u 
y
 vth0_value= 237.9793m
 u0_param=  50.4726m
 ags_param= 417.1721m
 
   *** monte carlo  index = 478 ***
x

 volt         param     
             i_d_0.7    
    0.         73.4068p 
   50.00000m  377.1871p 
  100.00000m    1.8953n 
  150.00000m    9.0186n 
  200.00000m   39.1860n 
  250.00000m  151.3847n 
  300.00000m  512.8393n 
  350.00000m    1.4695u 
  400.00000m    3.4350u 
  450.00000m    6.6264u 
  500.00000m   11.0102u 
  550.00000m   16.4462u 
  600.00000m   22.7927u 
  650.00000m   29.9325u 
  700.00000m   37.7677u 
  750.00000m   46.2112u 
  800.00000m   55.1813u 
  850.00000m   64.5980u 
  900.00000m   74.3808u 
  950.00000m   84.4444u 
    1.00000    94.6938u 
y
 vth0_value= 256.4560m
 u0_param=  49.9053m
 ags_param= 416.5823m
 
   *** monte carlo  index = 479 ***
x

 volt         param     
             i_d_0.7    
    0.         49.7929p 
   50.00000m  255.8763p 
  100.00000m    1.2959n 
  150.00000m    6.2651n 
  200.00000m   27.8895n 
  250.00000m  110.8623n 
  300.00000m  387.9584n 
  350.00000m    1.1607u 
  400.00000m    2.8464u 
  450.00000m    5.7212u 
  500.00000m    9.7984u 
  550.00000m   14.9501u 
  600.00000m   21.0313u 
  650.00000m   27.9200u 
  700.00000m   35.5156u 
  750.00000m   43.7299u 
  800.00000m   52.4812u 
  850.00000m   61.6903u 
  900.00000m   71.2781u 
  950.00000m   81.1617u 
    1.00000    91.2502u 
y
 vth0_value= 268.0784m
 u0_param=  49.7642m
 ags_param= 413.8211m
 
   *** monte carlo  index = 480 ***
x

 volt         param     
             i_d_0.7    
    0.         60.2721p 
   50.00000m  309.7613p 
  100.00000m    1.5626n 
  150.00000m    7.4932n 
  200.00000m   32.9404n 
  250.00000m  128.9978n 
  300.00000m  443.8995n 
  350.00000m    1.2987u 
  400.00000m    3.1058u 
  450.00000m    6.1079u 
  500.00000m   10.2935u 
  550.00000m   15.5295u 
  600.00000m   21.6745u 
  650.00000m   28.6107u 
  700.00000m   36.2405u 
  750.00000m   44.4773u 
  800.00000m   53.2403u 
  850.00000m   62.4510u 
  900.00000m   72.0303u 
  950.00000m   81.8950u 
    1.00000    91.9527u 
y
 vth0_value= 261.9492m
 u0_param=  49.2063m
 ags_param= 405.9678m
 
   *** monte carlo  index = 481 ***
x

 volt         param     
             i_d_0.7    
    0.         35.7681p 
   50.00000m  183.3622p 
  100.00000m  933.2068p 
  150.00000m    4.5602n 
  200.00000m   20.6567n 
  250.00000m   83.9043n 
  300.00000m  300.7620n 
  350.00000m  928.7567n 
  400.00000m    2.3643u 
  450.00000m    4.9141u 
  500.00000m    8.6322u 
  550.00000m   13.4092u 
  600.00000m   19.1046u 
  650.00000m   25.5970u 
  700.00000m   32.7871u 
  750.00000m   40.5886u 
  800.00000m   48.9222u 
  850.00000m   57.7114u 
  900.00000m   66.8803u 
  950.00000m   76.3496u 
    1.00000    86.0327u 
y
 vth0_value= 276.9873m
 u0_param=  48.0588m
 ags_param= 418.5906m
 
   *** monte carlo  index = 482 ***
x

 volt         param     
             i_d_0.7    
    0.         93.0469p 
   50.00000m  477.4207p 
  100.00000m    2.3842n 
  150.00000m   11.2159n 
  200.00000m   47.9269n 
  250.00000m  181.6882n 
  300.00000m  601.9720n 
  350.00000m    1.6751u 
  400.00000m    3.7968u 
  450.00000m    7.1409u 
  500.00000m   11.6496u 
  550.00000m   17.1805u 
  600.00000m   23.5974u 
  650.00000m   30.7883u 
  700.00000m   38.6584u 
  750.00000m   47.1227u 
  800.00000m   56.1006u 
  850.00000m   65.5127u 
  900.00000m   75.2785u 
  950.00000m   85.3118u 
    1.00000    95.5159u 
y
 vth0_value= 248.8346m
 u0_param=  49.1650m
 ags_param= 421.8148m
 
   *** monte carlo  index = 483 ***
x

 volt         param     
             i_d_0.7    
    0.         99.1218p 
   50.00000m  508.3015p 
  100.00000m    2.5337n 
  150.00000m   11.8787n 
  200.00000m   50.5157n 
  250.00000m  190.4809n 
  300.00000m  627.0701n 
  350.00000m    1.7304u 
  400.00000m    3.8886u 
  450.00000m    7.2633u 
  500.00000m   11.7907u 
  550.00000m   17.3289u 
  600.00000m   23.7438u 
  650.00000m   30.9250u 
  700.00000m   38.7792u 
  750.00000m   47.2220u 
  800.00000m   56.1734u 
  850.00000m   65.5545u 
  900.00000m   75.2848u 
  950.00000m   85.2782u 
    1.00000    95.4376u 
y
 vth0_value= 246.6846m
 u0_param=  48.7910m
 ags_param= 420.2466m
 
   *** monte carlo  index = 484 ***
x

 volt         param     
             i_d_0.7    
    0.         18.6293p 
   50.00000m   94.3244p 
  100.00000m  483.6778p 
  150.00000m    2.4115n 
  200.00000m   11.3105n 
  250.00000m   48.1264n 
  300.00000m  181.5691n 
  350.00000m  597.9980n 
  400.00000m    1.6507u 
  450.00000m    3.7101u 
  500.00000m    6.9282u 
  550.00000m   11.2412u 
  600.00000m   16.5111u 
  650.00000m   22.6078u 
  700.00000m   29.4253u 
  750.00000m   36.8740u 
  800.00000m   44.8736u 
  850.00000m   53.3480u 
  900.00000m   62.2228u 
  950.00000m   71.4218u 
    1.00000    80.8635u 
y
 vth0_value= 296.9581m
 u0_param=  48.0458m
 ags_param= 414.9105m
 
   *** monte carlo  index = 485 ***
x

 volt         param     
             i_d_0.7    
    0.         52.8152p 
   50.00000m  271.3936p 
  100.00000m    1.3725n 
  150.00000m    6.6150n 
  200.00000m   29.3084n 
  250.00000m  115.8474n 
  300.00000m  402.8755n 
  350.00000m    1.1954u 
  400.00000m    2.9040u 
  450.00000m    5.7894u 
  500.00000m    9.8555u 
  550.00000m   14.9746u 
  600.00000m   21.0051u 
  650.00000m   27.8285u 
  700.00000m   35.3466u 
  750.00000m   43.4731u 
  800.00000m   52.1277u 
  850.00000m   61.2324u 
  900.00000m   70.7087u 
  950.00000m   80.4746u 
    1.00000    90.4391u 
y
 vth0_value= 265.7412m
 u0_param=  48.9061m
 ags_param= 418.0146m
 
   *** monte carlo  index = 486 ***
x

 volt         param     
             i_d_0.7    
    0.        211.3608p 
   50.00000m    1.0748n 
  100.00000m    5.2403n 
  150.00000m   23.6483n 
  200.00000m   95.6015n 
  250.00000m  340.9221n 
  300.00000m    1.0458u 
  350.00000m    2.6419u 
  400.00000m    5.4541u 
  450.00000m    9.5337u 
  500.00000m   14.7615u 
  550.00000m   20.9872u 
  600.00000m   28.0813u 
  650.00000m   35.9371u 
  700.00000m   44.4616u 
  750.00000m   53.5686u 
  800.00000m   63.1750u 
  850.00000m   73.1980u 
  900.00000m   83.5513u 
  950.00000m   94.1414u 
    1.00000   104.8607u 
y
 vth0_value= 225.0138m
 u0_param=  50.5595m
 ags_param= 428.4340m
 
   *** monte carlo  index = 487 ***
x

 volt         param     
             i_d_0.7    
    0.         35.6399p 
   50.00000m  182.6480p 
  100.00000m  929.0757p 
  150.00000m    4.5356n 
  200.00000m   20.5128n 
  250.00000m   83.1586n 
  300.00000m  297.4851n 
  350.00000m  916.2725n 
  400.00000m    2.3253u 
  450.00000m    4.8198u 
  500.00000m    8.4493u 
  550.00000m   13.1076u 
  600.00000m   18.6588u 
  650.00000m   24.9861u 
  700.00000m   31.9935u 
  750.00000m   39.5973u 
  800.00000m   47.7205u 
  850.00000m   56.2889u 
  900.00000m   65.2281u 
  950.00000m   74.4606u 
    1.00000    83.9012u 
y
 vth0_value= 276.1475m
 u0_param=  46.6551m
 ags_param= 414.2284m
 
   *** monte carlo  index = 488 ***
x

 volt         param     
             i_d_0.7    
    0.         58.5206p 
   50.00000m  300.8197p 
  100.00000m    1.5190n 
  150.00000m    7.2982n 
  200.00000m   32.1769n 
  250.00000m  126.4387n 
  300.00000m  436.7601n 
  350.00000m    1.2843u 
  400.00000m    3.0887u 
  450.00000m    6.1036u 
  500.00000m   10.3225u 
  550.00000m   15.6108u 
  600.00000m   21.8244u 
  650.00000m   28.8426u 
  700.00000m   36.5656u 
  750.00000m   44.9054u 
  800.00000m   53.7799u 
  850.00000m   63.1095u 
  900.00000m   72.8140u 
  950.00000m   82.8095u 
    1.00000    93.0030u 
y
 vth0_value= 263.3629m
 u0_param=  50.0181m
 ags_param= 427.5901m
 
   *** monte carlo  index = 489 ***
x

 volt         param     
             i_d_0.7    
    0.         99.8787p 
   50.00000m  512.3687p 
  100.00000m    2.5556n 
  150.00000m   11.9938n 
  200.00000m   51.0794n 
  250.00000m  192.9041n 
  300.00000m  636.1743n 
  350.00000m    1.7595u 
  400.00000m    3.9633u 
  450.00000m    7.4161u 
  500.00000m   12.0532u 
  550.00000m   17.7283u 
  600.00000m   24.3025u 
  650.00000m   31.6619u 
  700.00000m   39.7102u 
  750.00000m   48.3605u 
  800.00000m   57.5308u 
  850.00000m   67.1403u 
  900.00000m   77.1068u 
  950.00000m   87.3427u 
    1.00000    97.7493u 
y
 vth0_value= 247.3508m
 u0_param=  50.1705m
 ags_param= 434.2194m
 
   *** monte carlo  index = 490 ***
x

 volt         param     
             i_d_0.7    
    0.        115.0202p 
   50.00000m  589.2914p 
  100.00000m    2.9276n 
  150.00000m   13.6413n 
  200.00000m   57.5161n 
  250.00000m  214.8094n 
  300.00000m  698.8958n 
  350.00000m    1.8994u 
  400.00000m    4.2033u 
  450.00000m    7.7543u 
  500.00000m   12.4754u 
  550.00000m   18.2195u 
  600.00000m   24.8506u 
  650.00000m   32.2572u 
  700.00000m   40.3443u 
  750.00000m   49.0261u 
  800.00000m   58.2208u 
  850.00000m   67.8477u 
  900.00000m   77.8245u 
  950.00000m   88.0630u 
    1.00000    98.4633u 
y
 vth0_value= 242.9200m
 u0_param=  49.8891m
 ags_param= 420.3416m
 
   *** monte carlo  index = 491 ***
x

 volt         param     
             i_d_0.7    
    0.         76.6268p 
   50.00000m  393.5963p 
  100.00000m    1.9750n 
  150.00000m    9.3745n 
  200.00000m   40.5805n 
  250.00000m  156.1087n 
  300.00000m  526.2645n 
  350.00000m    1.4982u 
  400.00000m    3.4781u 
  450.00000m    6.6714u 
  500.00000m   11.0395u 
  550.00000m   16.4434u 
  600.00000m   22.7442u 
  650.00000m   29.8273u 
  700.00000m   37.5967u 
  750.00000m   45.9667u 
  800.00000m   54.8564u 
  850.00000m   64.1869u 
  900.00000m   73.8782u 
  950.00000m   83.8455u 
    1.00000    93.9939u 
y
 vth0_value= 254.7215m
 u0_param=  49.2236m
 ags_param= 421.1858m
 
   *** monte carlo  index = 492 ***
x

 volt         param     
             i_d_0.7    
    0.         44.9658p 
   50.00000m  230.8932p 
  100.00000m    1.1707n 
  150.00000m    5.6735n 
  200.00000m   25.3561n 
  250.00000m  101.2857n 
  300.00000m  356.4259n 
  350.00000m    1.0743u 
  400.00000m    2.6574u 
  450.00000m    5.3825u 
  500.00000m    9.2723u 
  550.00000m   14.2072u 
  600.00000m   20.0474u 
  650.00000m   26.6750u 
  700.00000m   33.9924u 
  750.00000m   41.9143u 
  800.00000m   50.3616u 
  850.00000m   59.2577u 
  900.00000m   68.5258u 
  950.00000m   78.0855u 
    1.00000    87.8483u 
y
 vth0_value= 270.0462m
 u0_param=  48.0566m
 ags_param= 417.2446m
 
   *** monte carlo  index = 493 ***
x

 volt         param     
             i_d_0.7    
    0.         66.1710p 
   50.00000m  340.1745p 
  100.00000m    1.7139n 
  150.00000m    8.1986n 
  200.00000m   35.9033n 
  250.00000m  139.9607n 
  300.00000m  479.0667n 
  350.00000m    1.3917u 
  400.00000m    3.3019u 
  450.00000m    6.4496u 
  500.00000m   10.8143u 
  550.00000m   16.2555u 
  600.00000m   22.6275u 
  650.00000m   29.8091u 
  700.00000m   37.6996u 
  750.00000m   46.2101u 
  800.00000m   55.2574u 
  850.00000m   64.7605u 
  900.00000m   74.6382u 
  950.00000m   84.8050u 
    1.00000    95.1662u 
y
 vth0_value= 260.1390m
 u0_param=  50.7783m
 ags_param= 413.9001m
 
   *** monte carlo  index = 494 ***
x

 volt         param     
             i_d_0.7    
    0.         35.4923p 
   50.00000m  181.9939p 
  100.00000m  926.9959p 
  150.00000m    4.5370n 
  200.00000m   20.6043n 
  250.00000m   83.9589n 
  300.00000m  301.9765n 
  350.00000m  936.5294n 
  400.00000m    2.3965u 
  450.00000m    5.0044u 
  500.00000m    8.8214u 
  550.00000m   13.7351u 
  600.00000m   19.5987u 
  650.00000m   26.2854u 
  700.00000m   33.6914u 
  750.00000m   41.7269u 
  800.00000m   50.3099u 
  850.00000m   59.3614u 
  900.00000m   68.8033u 
  950.00000m   78.5544u 
    1.00000    88.5266u 
y
 vth0_value= 278.3608m
 u0_param=  49.8021m
 ags_param= 411.9015m
 
   *** monte carlo  index = 495 ***
x

 volt         param     
             i_d_0.7    
    0.         58.0217p 
   50.00000m  298.2281p 
  100.00000m    1.5059n 
  150.00000m    7.2354n 
  200.00000m   31.9017n 
  250.00000m  125.3658n 
  300.00000m  433.0980n 
  350.00000m    1.2737u 
  400.00000m    3.0638u 
  450.00000m    6.0552u 
  500.00000m   10.2419u 
  550.00000m   15.4908u 
  600.00000m   21.6585u 
  650.00000m   28.6257u 
  700.00000m   36.2932u 
  750.00000m   44.5736u 
  800.00000m   53.3855u 
  850.00000m   62.6497u 
  900.00000m   72.2867u 
  950.00000m   82.2129u 
    1.00000    92.3360u 
y
 vth0_value= 263.3810m
 u0_param=  49.6438m
 ags_param= 417.0793m
 
   *** monte carlo  index = 496 ***
x

 volt         param     
             i_d_0.7    
    0.        214.3799p 
   50.00000m    1.0901n 
  100.00000m    5.3138n 
  150.00000m   23.9723n 
  200.00000m   96.8712n 
  250.00000m  345.2810n 
  300.00000m    1.0585u 
  350.00000m    2.6718u 
  400.00000m    5.5118u 
  450.00000m    9.6290u 
  500.00000m   14.9026u 
  550.00000m   21.1809u 
  600.00000m   28.3333u 
  650.00000m   36.2521u 
  700.00000m   44.8436u 
  750.00000m   54.0211u 
  800.00000m   63.7007u 
  850.00000m   73.7990u 
  900.00000m   84.2293u 
  950.00000m   94.8975u 
    1.00000   105.6954u 
y
 vth0_value= 224.8492m
 u0_param=  50.9738m
 ags_param= 431.4397m
 
   *** monte carlo  index = 497 ***
x

 volt         param     
             i_d_0.7    
    0.         39.6841p 
   50.00000m  203.6473p 
  100.00000m    1.0351n 
  150.00000m    5.0422n 
  200.00000m   22.7230n 
  250.00000m   91.7011n 
  300.00000m  326.3576n 
  350.00000m  998.3431n 
  400.00000m    2.5129u 
  450.00000m    5.1696u 
  500.00000m    9.0098u 
  550.00000m   13.9179u 
  600.00000m   19.7510u 
  650.00000m   26.3871u 
  700.00000m   33.7258u 
  750.00000m   41.6801u 
  800.00000m   50.1696u 
  850.00000m   59.1168u 
  900.00000m   68.4443u 
  950.00000m   78.0718u 
    1.00000    87.9111u 
y
 vth0_value= 274.3027m
 u0_param=  48.7687m
 ags_param= 414.7066m
 
   *** monte carlo  index = 498 ***
x

 volt         param     
             i_d_0.7    
    0.        136.3866p 
   50.00000m  697.5266p 
  100.00000m    3.4481n 
  150.00000m   15.9274n 
  200.00000m   66.3622n 
  250.00000m  244.6277n 
  300.00000m  783.0872n 
  350.00000m    2.0845u 
  400.00000m    4.5199u 
  450.00000m    8.2053u 
  500.00000m   13.0502u 
  550.00000m   18.9064u 
  600.00000m   25.6405u 
  650.00000m   33.1430u 
  700.00000m   41.3200u 
  750.00000m   50.0860u 
  800.00000m   59.3592u 
  850.00000m   69.0587u 
  900.00000m   79.1013u 
  950.00000m   89.3978u 
    1.00000    99.8466u 
y
 vth0_value= 237.7659m
 u0_param=  49.8539m
 ags_param= 415.2032m
 
   *** monte carlo  index = 499 ***
x

 volt         param     
             i_d_0.7    
    0.         91.7228p 
   50.00000m  470.6785p 
  100.00000m    2.3515n 
  150.00000m   11.0699n 
  200.00000m   47.3514n 
  250.00000m  179.7134n 
  300.00000m  596.2474n 
  350.00000m    1.6621u 
  400.00000m    3.7744u 
  450.00000m    7.1095u 
  500.00000m   11.6109u 
  550.00000m   17.1363u 
  600.00000m   23.5492u 
  650.00000m   30.7370u 
  700.00000m   38.6051u 
  750.00000m   47.0681u 
  800.00000m   56.0454u 
  850.00000m   65.4576u 
  900.00000m   75.2241u 
  950.00000m   85.2590u 
    1.00000    95.4655u 
y
 vth0_value= 249.2972m
 u0_param=  49.2124m
 ags_param= 418.9667m
 
   *** monte carlo  index = 500 ***
x

 volt         param     
             i_d_0.7    
    0.        114.5267p 
   50.00000m  586.8869p 
  100.00000m    2.9169n 
  150.00000m   13.6024n 
  200.00000m   57.4133n 
  250.00000m  214.6712n 
  300.00000m  699.3991n 
  350.00000m    1.9041u 
  400.00000m    4.2209u 
  450.00000m    7.7973u 
  500.00000m   12.5560u 
  550.00000m   18.3482u 
  600.00000m   25.0358u 
  650.00000m   32.5059u 
  700.00000m   40.6623u 
  750.00000m   49.4181u 
  800.00000m   58.6907u 
  850.00000m   68.3990u 
  900.00000m   78.4597u 
  950.00000m   88.7845u 
    1.00000    99.2733u 
y
 vth0_value= 243.3963m
 u0_param=  50.4308m
 ags_param= 408.4645m
 
   *** monte carlo  index = 501 ***
x

 volt         param     
             i_d_0.7    
    0.         74.3253p 
   50.00000m  381.8214p 
  100.00000m    1.9173n 
  150.00000m    9.1129n 
  200.00000m   39.5274n 
  250.00000m  152.4072n 
  300.00000m  515.1652n 
  350.00000m    1.4719u 
  400.00000m    3.4299u 
  450.00000m    6.5997u 
  500.00000m   10.9461u 
  550.00000m   16.3305u 
  600.00000m   22.6139u 
  650.00000m   29.6812u 
  700.00000m   37.4361u 
  750.00000m   45.7927u 
  800.00000m   54.6704u 
  850.00000m   63.9901u 
  900.00000m   73.6719u 
  950.00000m   83.6313u 
    1.00000    93.7734u 
y
 vth0_value= 255.6480m
 u0_param=  49.2351m
 ags_param= 427.3153m
 
   *** monte carlo  index = 502 ***
x

 volt         param     
             i_d_0.7    
    0.         61.3682p 
   50.00000m  315.4221p 
  100.00000m    1.5909n 
  150.00000m    7.6258n 
  200.00000m   33.5027n 
  250.00000m  131.1036n 
  300.00000m  450.7573n 
  350.00000m    1.3173u 
  400.00000m    3.1461u 
  450.00000m    6.1803u 
  500.00000m   10.4068u 
  550.00000m   15.6909u 
  600.00000m   21.8901u 
  650.00000m   28.8858u 
  700.00000m   36.5793u 
  750.00000m   44.8836u 
  800.00000m   53.7173u 
  850.00000m   63.0012u 
  900.00000m   72.6557u 
  950.00000m   82.5970u 
    1.00000    92.7321u 
y
 vth0_value= 261.6610m
 u0_param=  49.6008m
 ags_param= 416.4833m
 
   *** monte carlo  index = 503 ***
x

 volt         param     
             i_d_0.7    
    0.         49.4565p 
   50.00000m  254.0135p 
  100.00000m    1.2853n 
  150.00000m    6.2036n 
  200.00000m   27.5456n 
  250.00000m  109.1718n 
  300.00000m  380.8436n 
  350.00000m    1.1347u 
  400.00000m    2.7699u 
  450.00000m    5.5454u 
  500.00000m    9.4707u 
  550.00000m   14.4237u 
  600.00000m   20.2675u 
  650.00000m   26.8868u 
  700.00000m   34.1861u 
  750.00000m   42.0816u 
  800.00000m   50.4951u 
  850.00000m   59.3506u 
  900.00000m   68.5716u 
  950.00000m   78.0780u 
    1.00000    87.7807u 
y
 vth0_value= 266.8023m
 u0_param=  47.5141m
 ags_param= 418.1349m
 
   *** monte carlo  index = 504 ***
x

 volt         param     
             i_d_0.7    
    0.         53.6475p 
   50.00000m  275.7263p 
  100.00000m    1.3945n 
  150.00000m    6.7212n 
  200.00000m   29.7798n 
  250.00000m  117.7112n 
  300.00000m  409.3344n 
  350.00000m    1.2144u 
  400.00000m    2.9499u 
  450.00000m    5.8800u 
  500.00000m   10.0082u 
  550.00000m   15.2040u 
  600.00000m   21.3233u 
  650.00000m   28.2457u 
  700.00000m   35.8711u 
  750.00000m   44.1119u 
  800.00000m   52.8866u 
  850.00000m   62.1160u 
  900.00000m   71.7209u 
  950.00000m   81.6182u 
    1.00000    91.7163u 
y
 vth0_value= 265.7639m
 u0_param=  49.6688m
 ags_param= 412.1176m
 
   *** monte carlo  index = 505 ***
x

 volt         param     
             i_d_0.7    
    0.        113.9100p 
   50.00000m  583.8783p 
  100.00000m    2.9036n 
  150.00000m   13.5534n 
  200.00000m   57.2820n 
  250.00000m  214.4855n 
  300.00000m  699.9835n 
  350.00000m    1.9098u 
  400.00000m    4.2429u 
  450.00000m    7.8511u 
  500.00000m   12.6575u 
  550.00000m   18.5108u 
  600.00000m   25.2707u 
  650.00000m   32.8222u 
  700.00000m   41.0678u 
  750.00000m   49.9193u 
  800.00000m   59.2932u 
  850.00000m   69.1073u 
  900.00000m   79.2778u 
  950.00000m   89.7155u 
    1.00000   100.3200u 
y
 vth0_value= 243.9877m
 u0_param=  51.1093m
 ags_param= 409.4605m
 
   *** monte carlo  index = 506 ***
x

 volt         param     
             i_d_0.7    
    0.         39.5393p 
   50.00000m  202.9353p 
  100.00000m    1.0319n 
  150.00000m    5.0310n 
  200.00000m   22.7028n 
  250.00000m   91.7705n 
  300.00000m  327.1754n 
  350.00000m    1.0031u 
  400.00000m    2.5316u 
  450.00000m    5.2204u 
  500.00000m    9.1144u 
  550.00000m   14.0960u 
  600.00000m   20.0192u 
  650.00000m   26.7590u 
  700.00000m   34.2130u 
  750.00000m   42.2922u 
  800.00000m   50.9147u 
  850.00000m   60.0019u 
  900.00000m   69.4752u 
  950.00000m   79.2532u 
    1.00000    89.2468u 
y
 vth0_value= 275.0066m
 u0_param=  49.6824m
 ags_param= 418.6988m
 
   *** monte carlo  index = 507 ***
x

 volt         param     
             i_d_0.7    
    0.        127.6414p 
   50.00000m  653.6128p 
  100.00000m    3.2406n 
  150.00000m   15.0459n 
  200.00000m   63.1229n 
  250.00000m  234.4333n 
  300.00000m  757.4096n 
  350.00000m    2.0399u 
  400.00000m    4.4738u 
  450.00000m    8.1941u 
  500.00000m   13.1136u 
  550.00000m   19.0791u 
  600.00000m   25.9508u 
  650.00000m   33.6142u 
  700.00000m   41.9717u 
  750.00000m   50.9349u 
  800.00000m   60.4197u 
  850.00000m   70.3432u 
  900.00000m   80.6208u 
  950.00000m   91.1621u 
    1.00000   101.8650u 
y
 vth0_value= 240.7719m
 u0_param=  51.4463m
 ags_param= 414.3540m
 
   *** monte carlo  index = 508 ***
x

 volt         param     
             i_d_0.7    
    0.         84.3929p 
   50.00000m  433.4785p 
  100.00000m    2.1720n 
  150.00000m   10.2807n 
  200.00000m   44.3189n 
  250.00000m  169.6709n 
  300.00000m  568.6893n 
  350.00000m    1.6066u 
  400.00000m    3.6994u 
  450.00000m    7.0473u 
  500.00000m   11.6023u 
  550.00000m   17.2182u 
  600.00000m   23.7516u 
  650.00000m   31.0846u 
  700.00000m   39.1182u 
  750.00000m   47.7641u 
  800.00000m   56.9391u 
  850.00000m   66.5618u 
  900.00000m   76.5501u 
  950.00000m   86.8172u 
    1.00000    97.2661u 
y
 vth0_value= 252.8384m
 u0_param=  50.8236m
 ags_param= 399.2561m
 
   *** monte carlo  index = 509 ***
x

 volt         param     
             i_d_0.7    
    0.        102.3578p 
   50.00000m  524.8069p 
  100.00000m    2.6142n 
  150.00000m   12.2403n 
  200.00000m   51.9596n 
  250.00000m  195.5297n 
  300.00000m  642.1069n 
  350.00000m    1.7662u 
  400.00000m    3.9562u 
  450.00000m    7.3700u 
  500.00000m   11.9411u 
  550.00000m   17.5263u 
  600.00000m   23.9910u 
  650.00000m   31.2247u 
  700.00000m   39.1335u 
  750.00000m   47.6327u 
  800.00000m   56.6418u 
  850.00000m   66.0816u 
  900.00000m   75.8712u 
  950.00000m   85.9238u 
    1.00000    96.1417u 
y
 vth0_value= 245.8884m
 u0_param=  49.0519m
 ags_param= 426.8274m
 
   *** monte carlo  index = 510 ***
x

 volt         param     
             i_d_0.7    
    0.         59.6493p 
   50.00000m  306.5639p 
  100.00000m    1.5468n 
  150.00000m    7.4209n 
  200.00000m   32.6452n 
  250.00000m  127.9456n 
  300.00000m  440.6868n 
  350.00000m    1.2909u 
  400.00000m    3.0913u 
  450.00000m    6.0867u 
  500.00000m   10.2667u 
  550.00000m   15.4985u 
  600.00000m   21.6407u 
  650.00000m   28.5753u 
  700.00000m   36.2044u 
  750.00000m   44.4414u 
  800.00000m   53.2055u 
  850.00000m   62.4181u 
  900.00000m   72.0001u 
  950.00000m   81.8682u 
    1.00000    91.9302u 
y
 vth0_value= 262.2808m
 u0_param=  49.2340m
 ags_param= 414.9850m
 
   *** monte carlo  index = 511 ***
x

 volt         param     
             i_d_0.7    
    0.         46.5591p 
   50.00000m  239.1764p 
  100.00000m    1.2126n 
  150.00000m    5.8750n 
  200.00000m   26.2440n 
  250.00000m  104.7653n 
  300.00000m  368.3743n 
  350.00000m    1.1091u 
  400.00000m    2.7399u 
  450.00000m    5.5428u 
  500.00000m    9.5391u 
  550.00000m   14.6048u 
  600.00000m   20.5959u 
  650.00000m   27.3911u 
  700.00000m   34.8902u 
  750.00000m   43.0056u 
  800.00000m   51.6564u 
  850.00000m   60.7640u 
  900.00000m   70.2500u 
  950.00000m   80.0325u 
    1.00000    90.0213u 
y
 vth0_value= 269.8132m
 u0_param=  49.3054m
 ags_param= 419.9566m
 
   *** monte carlo  index = 512 ***
x

 volt         param     
             i_d_0.7    
    0.        297.8768p 
   50.00000m    1.5064n 
  100.00000m    7.2591n 
  150.00000m   32.1502n 
  200.00000m  127.0192n 
  250.00000m  441.4926n 
  300.00000m    1.3092u 
  350.00000m    3.1794u 
  400.00000m    6.3374u 
  450.00000m   10.7895u 
  500.00000m   16.3975u 
  550.00000m   23.0082u 
  600.00000m   30.4927u 
  650.00000m   38.7439u 
  700.00000m   47.6673u 
  750.00000m   57.1749u 
  800.00000m   67.1811u 
  850.00000m   77.6002u 
  900.00000m   88.3428u 
  950.00000m   99.3110u 
    1.00000   110.3921u 
y
 vth0_value= 215.5614m
 u0_param=  52.0052m
 ags_param= 421.7386m
 
   *** monte carlo  index = 513 ***
x

 volt         param     
             i_d_0.7    
    0.         49.9917p 
   50.00000m  256.9284p 
  100.00000m    1.3015n 
  150.00000m    6.2933n 
  200.00000m   28.0260n 
  250.00000m  111.4545n 
  300.00000m  390.2114n 
  350.00000m    1.1681u 
  400.00000m    2.8666u 
  450.00000m    5.7652u 
  500.00000m    9.8777u 
  550.00000m   15.0750u 
  600.00000m   21.2104u 
  650.00000m   28.1604u 
  700.00000m   35.8234u 
  750.00000m   44.1102u 
  800.00000m   52.9383u 
  850.00000m   62.2279u 
  900.00000m   71.8992u 
  950.00000m   81.8689u 
    1.00000    92.0451u 
y
 vth0_value= 268.2732m
 u0_param=  50.2575m
 ags_param= 422.2952m
 
   *** monte carlo  index = 514 ***
x

 volt         param     
             i_d_0.7    
    0.        149.8131p 
   50.00000m  765.4548p 
  100.00000m    3.7741n 
  150.00000m   17.3549n 
  200.00000m   71.8769n 
  250.00000m  263.2102n 
  300.00000m  835.5567n 
  350.00000m    2.2009u 
  400.00000m    4.7241u 
  450.00000m    8.5084u 
  500.00000m   13.4559u 
  550.00000m   19.4169u 
  600.00000m   26.2580u 
  650.00000m   33.8695u 
  700.00000m   42.1574u 
  750.00000m   51.0356u 
  800.00000m   60.4217u 
  850.00000m   70.2339u 
  900.00000m   80.3882u 
  950.00000m   90.7941u 
    1.00000   101.3484u 
y
 vth0_value= 235.1977m
 u0_param=  50.2587m
 ags_param= 426.3447m
 
   *** monte carlo  index = 515 ***
x

 volt         param     
             i_d_0.7    
    0.         48.2236p 
   50.00000m  247.6716p 
  100.00000m    1.2539n 
  150.00000m    6.0589n 
  200.00000m   26.9513n 
  250.00000m  107.0445n 
  300.00000m  374.3115n 
  350.00000m    1.1188u 
  400.00000m    2.7408u 
  450.00000m    5.5045u 
  500.00000m    9.4228u 
  550.00000m   14.3741u 
  600.00000m   20.2207u 
  650.00000m   26.8465u 
  700.00000m   34.1554u 
  750.00000m   42.0630u 
  800.00000m   50.4910u 
  850.00000m   59.3631u 
  900.00000m   68.6028u 
  950.00000m   78.1298u 
    1.00000    87.8549u 
y
 vth0_value= 267.6842m
 u0_param=  47.6899m
 ags_param= 420.7389m
 
   *** monte carlo  index = 516 ***
x

 volt         param     
             i_d_0.7    
    0.         70.0460p 
   50.00000m  359.8685p 
  100.00000m    1.8091n 
  150.00000m    8.6176n 
  200.00000m   37.5021n 
  250.00000m  145.1467n 
  300.00000m  492.7977n 
  350.00000m    1.4162u 
  400.00000m    3.3212u 
  450.00000m    6.4244u 
  500.00000m   10.6967u 
  550.00000m   16.0019u 
  600.00000m   22.2017u 
  650.00000m   29.1813u 
  700.00000m   36.8450u 
  750.00000m   45.1075u 
  800.00000m   53.8885u 
  850.00000m   63.1099u 
  900.00000m   72.6925u 
  950.00000m   82.5525u 
    1.00000    92.5966u 
y
 vth0_value= 257.1687m
 u0_param=  48.8272m
 ags_param= 405.6894m
 
   *** monte carlo  index = 517 ***
x

 volt         param     
             i_d_0.7    
    0.         57.7883p 
   50.00000m  296.9931p 
  100.00000m    1.4994n 
  150.00000m    7.2024n 
  200.00000m   31.7435n 
  250.00000m  124.6883n 
  300.00000m  430.5523n 
  350.00000m    1.2655u 
  400.00000m    3.0418u 
  450.00000m    6.0083u 
  500.00000m   10.1586u 
  550.00000m   15.3608u 
  600.00000m   21.4734u 
  650.00000m   28.3785u 
  700.00000m   35.9778u 
  750.00000m   44.1850u 
  800.00000m   52.9193u 
  850.00000m   62.1023u 
  900.00000m   71.6550u 
  950.00000m   81.4946u 
    1.00000    91.5292u 
y
 vth0_value= 263.1842m
 u0_param=  49.1522m
 ags_param= 408.1369m
 
   *** monte carlo  index = 518 ***
x

 volt         param     
             i_d_0.7    
    0.         59.6033p 
   50.00000m  306.3534p 
  100.00000m    1.5460n 
  150.00000m    7.4197n 
  200.00000m   32.6565n 
  250.00000m  128.0651n 
  300.00000m  441.3821n 
  350.00000m    1.2940u 
  400.00000m    3.1018u 
  450.00000m    6.1120u 
  500.00000m   10.3153u 
  550.00000m   15.5779u 
  600.00000m   21.7569u 
  650.00000m   28.7337u 
  700.00000m   36.4092u 
  750.00000m   44.6965u 
  800.00000m   53.5142u 
  850.00000m   62.7831u 
  900.00000m   72.4236u 
  950.00000m   82.3523u 
    1.00000    92.4762u 
y
 vth0_value= 262.5291m
 u0_param=  49.5815m
 ags_param= 423.1660m
 
   *** monte carlo  index = 519 ***
x

 volt         param     
             i_d_0.7    
    0.         89.6102p 
   50.00000m  459.9726p 
  100.00000m    2.3000n 
  150.00000m   10.8446n 
  200.00000m   46.4923n 
  250.00000m  176.8951n 
  300.00000m  588.6323n 
  350.00000m    1.6473u 
  400.00000m    3.7556u 
  450.00000m    7.0970u 
  500.00000m   11.6173u 
  550.00000m   17.1728u 
  600.00000m   23.6250u 
  650.00000m   30.8600u 
  700.00000m   38.7816u 
  750.00000m   47.3037u 
  800.00000m   56.3448u 
  850.00000m   65.8250u 
  900.00000m   75.6631u 
  950.00000m   85.7729u 
    1.00000    96.0574u 
y
 vth0_value= 250.3172m
 u0_param=  49.7028m
 ags_param= 421.3609m
 
   *** monte carlo  index = 520 ***
x

 volt         param     
             i_d_0.7    
    0.        118.1450p 
   50.00000m  605.0473p 
  100.00000m    3.0026n 
  150.00000m   13.9647n 
  200.00000m   58.7278n 
  250.00000m  218.7179n 
  300.00000m  709.1720n 
  350.00000m    1.9188u 
  400.00000m    4.2278u 
  450.00000m    7.7728u 
  500.00000m   12.4750u 
  550.00000m   18.1886u 
  600.00000m   24.7800u 
  650.00000m   32.1392u 
  700.00000m   40.1726u 
  750.00000m   48.7952u 
  800.00000m   57.9260u 
  850.00000m   67.4849u 
  900.00000m   77.3901u 
  950.00000m   87.5537u 
    1.00000    97.8758u 
y
 vth0_value= 241.7842m
 u0_param=  49.3818m
 ags_param= 424.3909m
 
   *** monte carlo  index = 521 ***
x

 volt         param     
             i_d_0.7    
    0.         37.7350p 
   50.00000m  193.5852p 
  100.00000m  984.9013p 
  150.00000m    4.8082n 
  200.00000m   21.7452n 
  250.00000m   88.1422n 
  300.00000m  315.2046n 
  350.00000m  970.2914n 
  400.00000m    2.4606u 
  450.00000m    5.0964u 
  500.00000m    8.9277u 
  550.00000m   13.8402u 
  600.00000m   19.6892u 
  650.00000m   26.3504u 
  700.00000m   33.7219u 
  750.00000m   41.7153u 
  800.00000m   50.2495u 
  850.00000m   59.2463u 
  900.00000m   68.6281u 
  950.00000m   78.3140u 
    1.00000    88.2159u 
y
 vth0_value= 276.1466m
 u0_param=  49.2535m
 ags_param= 410.9471m
 
   *** monte carlo  index = 522 ***
x

 volt         param     
             i_d_0.7    
    0.        111.5405p 
   50.00000m  571.6767p 
  100.00000m    2.8430n 
  150.00000m   13.2716n 
  200.00000m   56.0992n 
  250.00000m  210.1022n 
  300.00000m  685.9058n 
  350.00000m    1.8723u 
  400.00000m    4.1614u 
  450.00000m    7.7037u 
  500.00000m   12.4245u 
  550.00000m   18.1760u 
  600.00000m   24.8207u 
  650.00000m   32.2460u 
  700.00000m   40.3562u 
  750.00000m   49.0647u 
  800.00000m   58.2893u 
  850.00000m   67.9490u 
  900.00000m   77.9613u 
  950.00000m   88.2379u 
    1.00000    98.6792u 
y
 vth0_value= 244.0365m
 u0_param=  50.1875m
 ags_param= 418.4495m
 
   *** monte carlo  index = 523 ***
x

 volt         param     
             i_d_0.7    
    0.         92.6541p 
   50.00000m  475.3654p 
  100.00000m    2.3737n 
  150.00000m   11.1643n 
  200.00000m   47.6941n 
  250.00000m  180.7573n 
  300.00000m  598.7080n 
  350.00000m    1.6653u 
  400.00000m    3.7732u 
  450.00000m    7.0943u 
  500.00000m   11.5711u 
  550.00000m   17.0625u 
  600.00000m   23.4334u 
  650.00000m   30.5728u 
  700.00000m   38.3866u 
  750.00000m   46.7905u 
  800.00000m   55.7044u 
  850.00000m   65.0496u 
  900.00000m   74.7459u 
  950.00000m   84.7080u 
    1.00000    94.8393u 
y
 vth0_value= 248.7155m
 u0_param=  48.7890m
 ags_param= 404.9347m
 
   *** monte carlo  index = 524 ***
x

 volt         param     
             i_d_0.7    
    0.        177.9179p 
   50.00000m  906.9760p 
  100.00000m    4.4472n 
  150.00000m   20.2586n 
  200.00000m   82.8801n 
  250.00000m  299.4552n 
  300.00000m  934.4243n 
  350.00000m    2.4096u 
  400.00000m    5.0694u 
  450.00000m    8.9901u 
  500.00000m   14.0625u 
  550.00000m   20.1371u 
  600.00000m   27.0828u 
  650.00000m   34.7921u 
  700.00000m   43.1716u 
  750.00000m   52.1357u 
  800.00000m   61.6018u 
  850.00000m   71.4878u 
  900.00000m   81.7091u 
  950.00000m   92.1737u 
    1.00000   102.7766u 
y
 vth0_value= 229.9992m
 u0_param=  50.2322m
 ags_param= 418.8134m
 
   *** monte carlo  index = 525 ***
x

 volt         param     
             i_d_0.7    
    0.         32.7124p 
   50.00000m  167.5474p 
  100.00000m  853.9758p 
  150.00000m    4.1870n 
  200.00000m   19.0720n 
  250.00000m   78.0171n 
  300.00000m  281.8294n 
  350.00000m  879.0432n 
  400.00000m    2.2650u 
  450.00000m    4.7608u 
  500.00000m    8.4341u 
  550.00000m   13.1800u 
  600.00000m   18.8560u 
  650.00000m   25.3384u 
  700.00000m   32.5260u 
  750.00000m   40.3313u 
  800.00000m   48.6742u 
  850.00000m   57.4779u 
  900.00000m   66.6661u 
  950.00000m   76.1596u 
    1.00000    85.8723u 
y
 vth0_value= 279.9642m
 u0_param=  48.4534m
 ags_param= 402.6423m
 
   *** monte carlo  index = 526 ***
x

 volt         param     
             i_d_0.7    
    0.         41.0653p 
   50.00000m  210.7562p 
  100.00000m    1.0703n 
  150.00000m    5.2043n 
  200.00000m   23.3858n 
  250.00000m   94.0389n 
  300.00000m  333.3737n 
  350.00000m    1.0146u 
  400.00000m    2.5385u 
  450.00000m    5.1940u 
  500.00000m    9.0159u 
  550.00000m   13.8881u 
  600.00000m   19.6705u 
  650.00000m   26.2437u 
  700.00000m   33.5092u 
  750.00000m   41.3814u 
  800.00000m   49.7812u 
  850.00000m   58.6319u 
  900.00000m   67.8572u 
  950.00000m   77.3773u 
    1.00000    87.1044u 
y
 vth0_value= 272.8018m
 u0_param=  48.0671m
 ags_param= 400.0257m
 
   *** monte carlo  index = 527 ***
x

 volt         param     
             i_d_0.7    
    0.         70.8985p 
   50.00000m  364.2404p 
  100.00000m    1.8307n 
  150.00000m    8.7160n 
  200.00000m   37.9031n 
  250.00000m  146.5785n 
  300.00000m  497.1876n 
  350.00000m    1.4271u 
  400.00000m    3.3421u 
  450.00000m    6.4576u 
  500.00000m   10.7433u 
  550.00000m   16.0627u 
  600.00000m   22.2775u 
  650.00000m   29.2732u 
  700.00000m   36.9537u 
  750.00000m   45.2339u 
  800.00000m   54.0336u 
  850.00000m   63.2743u 
  900.00000m   72.8767u 
  950.00000m   82.7569u 
    1.00000    92.8209u 
y
 vth0_value= 256.8359m
 u0_param=  48.8757m
 ags_param= 427.4545m
 
   *** monte carlo  index = 528 ***
x

 volt         param     
             i_d_0.7    
    0.        139.0494p 
   50.00000m  710.7419p 
  100.00000m    3.5091n 
  150.00000m   16.1746n 
  200.00000m   67.2030n 
  250.00000m  246.9819n 
  300.00000m  787.6832n 
  350.00000m    2.0869u 
  400.00000m    4.5049u 
  450.00000m    8.1499u 
  500.00000m   12.9313u 
  550.00000m   18.7044u 
  600.00000m   25.3393u 
  650.00000m   32.7294u 
  700.00000m   40.7829u 
  750.00000m   49.4160u 
  800.00000m   58.5485u 
  850.00000m   68.1007u 
  900.00000m   77.9903u 
  950.00000m   88.1289u 
    1.00000    98.4151u 
y
 vth0_value= 236.5410m
 u0_param=  48.8691m
 ags_param= 427.6782m
 
   *** monte carlo  index = 529 ***
x

 volt         param     
             i_d_0.7    
    0.        100.0430p 
   50.00000m  512.9832p 
  100.00000m    2.5564n 
  150.00000m   11.9791n 
  200.00000m   50.9080n 
  250.00000m  191.8147n 
  300.00000m  630.8859n 
  350.00000m    1.7388u 
  400.00000m    3.9030u 
  450.00000m    7.2830u 
  500.00000m   11.8146u 
  550.00000m   17.3557u 
  600.00000m   23.7725u 
  650.00000m   30.9550u 
  700.00000m   38.8098u 
  750.00000m   47.2528u 
  800.00000m   56.2038u 
  850.00000m   65.5842u 
  900.00000m   75.3133u 
  950.00000m   85.3051u 
    1.00000    95.4622u 
y
 vth0_value= 246.3811m
 u0_param=  48.7534m
 ags_param= 423.8815m
 
   *** monte carlo  index = 530 ***
x

 volt         param     
             i_d_0.7    
    0.         52.1635p 
   50.00000m  268.0001p 
  100.00000m    1.3552n 
  150.00000m    6.5316n 
  200.00000m   28.9375n 
  250.00000m  114.3771n 
  300.00000m  397.7624n 
  350.00000m    1.1802u 
  400.00000m    2.8673u 
  450.00000m    5.7164u 
  500.00000m    9.7321u 
  550.00000m   14.7882u 
  600.00000m   20.7456u 
  650.00000m   27.4872u 
  700.00000m   34.9163u 
  750.00000m   42.9477u 
  800.00000m   51.5019u 
  850.00000m   60.5018u 
  900.00000m   69.8699u 
  950.00000m   79.5249u 
    1.00000    89.3765u 
y
 vth0_value= 265.7091m
 u0_param=  48.2881m
 ags_param= 410.2529m
 
   *** monte carlo  index = 531 ***
x

 volt         param     
             i_d_0.7    
    0.         40.4284p 
   50.00000m  207.4806p 
  100.00000m    1.0541n 
  150.00000m    5.1299n 
  200.00000m   23.0832n 
  250.00000m   92.9794n 
  300.00000m  330.2278n 
  350.00000m    1.0075u 
  400.00000m    2.5279u 
  450.00000m    5.1856u 
  500.00000m    9.0186u 
  550.00000m   13.9109u 
  600.00000m   19.7211u 
  650.00000m   26.3285u 
  700.00000m   33.6338u 
  750.00000m   41.5507u 
  800.00000m   49.9992u 
  850.00000m   58.9025u 
  900.00000m   68.1836u 
  950.00000m   77.7622u 
    1.00000    87.5504u 
y
 vth0_value= 273.5111m
 u0_param=  48.4221m
 ags_param= 418.4203m
 
   *** monte carlo  index = 532 ***
x

 volt         param     
             i_d_0.7    
    0.        197.6691p 
   50.00000m    1.0059n 
  100.00000m    4.9132n 
  150.00000m   22.2372n 
  200.00000m   90.2312n 
  250.00000m  323.1045n 
  300.00000m  996.5840n 
  350.00000m    2.5340u 
  400.00000m    5.2625u 
  450.00000m    9.2410u 
  500.00000m   14.3554u 
  550.00000m   20.4577u 
  600.00000m   27.4201u 
  650.00000m   35.1370u 
  700.00000m   43.5166u 
  750.00000m   52.4741u 
  800.00000m   61.9274u 
  850.00000m   71.7947u 
  900.00000m   81.9911u 
  950.00000m   92.4244u 
    1.00000   102.9882u 
y
 vth0_value= 226.5449m
 u0_param=  49.7987m
 ags_param= 429.5646m
 
   *** monte carlo  index = 533 ***
x

 volt         param     
             i_d_0.7    
    0.         81.2131p 
   50.00000m  416.8758p 
  100.00000m    2.0873n 
  150.00000m    9.8681n 
  200.00000m   42.4704n 
  250.00000m  162.3190n 
  300.00000m  543.0864n 
  350.00000m    1.5308u 
  400.00000m    3.5167u 
  450.00000m    6.6878u 
  500.00000m   10.9989u 
  550.00000m   16.3143u 
  600.00000m   22.5006u 
  650.00000m   29.4480u 
  700.00000m   37.0637u 
  750.00000m   45.2649u 
  800.00000m   53.9728u 
  850.00000m   63.1104u 
  900.00000m   72.5989u 
  950.00000m   82.3548u 
    1.00000    92.2836u 
y
 vth0_value= 252.0514m
 u0_param=  47.8348m
 ags_param= 427.7968m
 
   *** monte carlo  index = 534 ***
x

 volt         param     
             i_d_0.7    
    0.         60.6731p 
   50.00000m  311.8614p 
  100.00000m    1.5734n 
  150.00000m    7.5464n 
  200.00000m   33.1836n 
  250.00000m  129.9902n 
  300.00000m  447.4548n 
  350.00000m    1.3096u 
  400.00000m    3.1333u 
  450.00000m    6.1642u 
  500.00000m   10.3907u 
  550.00000m   15.6781u 
  600.00000m   21.8833u 
  650.00000m   28.8870u 
  700.00000m   36.5903u 
  750.00000m   44.9058u 
  800.00000m   53.7518u 
  850.00000m   63.0492u 
  900.00000m   72.7180u 
  950.00000m   82.6745u 
    1.00000    92.8258u 
y
 vth0_value= 262.0903m
 u0_param=  49.7335m
 ags_param= 409.2843m
 
   *** monte carlo  index = 535 ***
x

 volt         param     
             i_d_0.7    
    0.         63.6260p 
   50.00000m  326.9797p 
  100.00000m    1.6475n 
  150.00000m    7.8825n 
  200.00000m   34.5309n 
  250.00000m  134.6752n 
  300.00000m  461.2838n 
  350.00000m    1.3413u 
  400.00000m    3.1856u 
  450.00000m    6.2286u 
  500.00000m   10.4522u 
  550.00000m   15.7218u 
  600.00000m   21.8969u 
  650.00000m   28.8606u 
  700.00000m   36.5155u 
  750.00000m   44.7756u 
  800.00000m   53.5601u 
  850.00000m   62.7904u 
  900.00000m   72.3873u 
  950.00000m   82.2673u 
    1.00000    92.3375u 
y
 vth0_value= 260.2857m
 u0_param=  49.1608m
 ags_param= 410.5520m
 
   *** monte carlo  index = 536 ***
x

 volt         param     
             i_d_0.7    
    0.         84.1939p 
   50.00000m  432.5215p 
  100.00000m    2.1680n 
  150.00000m   10.2674n 
  200.00000m   44.2989n 
  250.00000m  169.7533n 
  300.00000m  569.5765n 
  350.00000m    1.6114u 
  400.00000m    3.7160u 
  450.00000m    7.0874u 
  500.00000m   11.6784u 
  550.00000m   17.3412u 
  600.00000m   23.9308u 
  650.00000m   31.3278u 
  700.00000m   39.4322u 
  750.00000m   48.1546u 
  800.00000m   57.4111u 
  850.00000m   67.1198u 
  900.00000m   77.1978u 
  950.00000m   87.5574u 
    1.00000    98.1012u 
y
 vth0_value= 253.2294m
 u0_param=  51.3340m
 ags_param= 423.4010m
 
   *** monte carlo  index = 537 ***
x

 volt         param     
             i_d_0.7    
    0.         45.5316p 
   50.00000m  233.8082p 
  100.00000m    1.1852n 
  150.00000m    5.7405n 
  200.00000m   25.6340n 
  250.00000m  102.2895n 
  300.00000m  359.5465n 
  350.00000m    1.0821u 
  400.00000m    2.6720u 
  450.00000m    5.4036u 
  500.00000m    9.2982u 
  550.00000m   14.2355u 
  600.00000m   20.0764u 
  650.00000m   26.7033u 
  700.00000m   34.0189u 
  750.00000m   41.9381u 
  800.00000m   50.3819u 
  850.00000m   59.2739u 
  900.00000m   68.5373u 
  950.00000m   78.0917u 
    1.00000    87.8483u 
y
 vth0_value= 269.6160m
 u0_param=  47.9791m
 ags_param= 425.6371m
 
   *** monte carlo  index = 538 ***
x

 volt         param     
             i_d_0.7    
    0.         78.5712p 
   50.00000m  403.6573p 
  100.00000m    2.0255n 
  150.00000m    9.6129n 
  200.00000m   41.6052n 
  250.00000m  160.0084n 
  300.00000m  539.2020n 
  350.00000m    1.5342u 
  400.00000m    3.5596u 
  450.00000m    6.8239u 
  500.00000m   11.2865u 
  550.00000m   16.8046u 
  600.00000m   23.2357u 
  650.00000m   30.4627u 
  700.00000m   38.3872u 
  750.00000m   46.9216u 
  800.00000m   55.9836u 
  850.00000m   65.4927u 
  900.00000m   75.3675u 
  950.00000m   85.5221u 
    1.00000    95.8605u 
y
 vth0_value= 254.6513m
 u0_param=  50.2868m
 ags_param= 416.5928m
 
   *** monte carlo  index = 539 ***
x

 volt         param     
             i_d_0.7    
    0.        137.6596p 
   50.00000m  704.1718p 
  100.00000m    3.4820n 
  150.00000m   16.0914n 
  200.00000m   67.0863n 
  250.00000m  247.4488n 
  300.00000m  792.6872n 
  350.00000m    2.1120u 
  400.00000m    4.5833u 
  450.00000m    8.3256u 
  500.00000m   13.2467u 
  550.00000m   19.1953u 
  600.00000m   26.0354u 
  650.00000m   33.6552u 
  700.00000m   41.9590u 
  750.00000m   50.8600u 
  800.00000m   60.2749u 
  850.00000m   70.1218u 
  900.00000m   80.3164u 
  950.00000m   90.7684u 
    1.00000   101.3753u 
y
 vth0_value= 238.0425m
 u0_param=  50.7240m
 ags_param= 424.4752m
 
   *** monte carlo  index = 540 ***
x

 volt         param     
             i_d_0.7    
    0.         63.7935p 
   50.00000m  327.9130p 
  100.00000m    1.6529n 
  150.00000m    7.9137n 
  200.00000m   34.7035n 
  250.00000m  135.5073n 
  300.00000m  464.7258n 
  350.00000m    1.3535u 
  400.00000m    3.2206u 
  450.00000m    6.3065u 
  500.00000m   10.5940u 
  550.00000m   15.9459u 
  600.00000m   22.2185u 
  650.00000m   29.2922u 
  700.00000m   37.0677u 
  750.00000m   45.4571u 
  800.00000m   54.3785u 
  850.00000m   63.7519u 
  900.00000m   73.4969u 
  950.00000m   83.5292u 
    1.00000    93.7550u 
y
 vth0_value= 260.7899m
 u0_param=  50.0651m
 ags_param= 410.4827m
 
   *** monte carlo  index = 541 ***
x

 volt         param     
             i_d_0.7    
    0.         62.1963p 
   50.00000m  319.6058p 
  100.00000m    1.6108n 
  150.00000m    7.7111n 
  200.00000m   33.8092n 
  250.00000m  131.9958n 
  300.00000m  452.6530n 
  350.00000m    1.3183u 
  400.00000m    3.1367u 
  450.00000m    6.1424u 
  500.00000m   10.3196u 
  550.00000m   15.5355u 
  600.00000m   21.6510u 
  650.00000m   28.5500u 
  700.00000m   36.1361u 
  750.00000m   44.3238u 
  800.00000m   53.0332u 
  850.00000m   62.1862u 
  900.00000m   71.7043u 
  950.00000m   81.5044u 
    1.00000    91.4943u 
y
 vth0_value= 260.6899m
 u0_param=  48.7307m
 ags_param= 414.7305m
 
   *** monte carlo  index = 542 ***
x

 volt         param     
             i_d_0.7    
    0.         45.1092p 
   50.00000m  231.6496p 
  100.00000m    1.1746n 
  150.00000m    5.6935n 
  200.00000m   25.4516n 
  250.00000m  101.6955n 
  300.00000m  357.9706n 
  350.00000m    1.0793u 
  400.00000m    2.6710u 
  450.00000m    5.4120u 
  500.00000m    9.3256u 
  550.00000m   14.2911u 
  600.00000m   20.1678u 
  650.00000m   26.8367u 
  700.00000m   34.1994u 
  750.00000m   42.1701u 
  800.00000m   50.6690u 
  850.00000m   59.6193u 
  900.00000m   68.9435u 
  950.00000m   78.5610u 
    1.00000    88.3828u 
y
 vth0_value= 270.1695m
 u0_param=  48.3875m
 ags_param= 421.1327m
 
   *** monte carlo  index = 543 ***
x

 volt         param     
             i_d_0.7    
    0.         66.3758p 
   50.00000m  341.0378p 
  100.00000m    1.7163n 
  150.00000m    8.1927n 
  200.00000m   35.7659n 
  250.00000m  138.9356n 
  300.00000m  473.7214n 
  350.00000m    1.3692u 
  400.00000m    3.2306u 
  450.00000m    6.2817u 
  500.00000m   10.4991u 
  550.00000m   15.7487u 
  600.00000m   21.8925u 
  650.00000m   28.8157u 
  700.00000m   36.4227u 
  750.00000m   44.6284u 
  800.00000m   53.3530u 
  850.00000m   62.5187u 
  900.00000m   72.0465u 
  950.00000m   81.8535u 
    1.00000    91.8465u 
y
 vth0_value= 258.6458m
 u0_param=  48.6058m
 ags_param= 421.9261m
 
   *** monte carlo  index = 544 ***
x

 volt         param     
             i_d_0.7    
    0.         79.2750p 
   50.00000m  407.1131p 
  100.00000m    2.0410n 
  150.00000m    9.6708n 
  200.00000m   41.7574n 
  250.00000m  160.1753n 
  300.00000m  538.1665n 
  350.00000m    1.5254u 
  400.00000m    3.5245u 
  450.00000m    6.7340u 
  500.00000m   11.1118u 
  550.00000m   16.5187u 
  600.00000m   22.8170u 
  650.00000m   29.8931u 
  700.00000m   37.6518u 
  750.00000m   46.0076u 
  800.00000m   54.8802u 
  850.00000m   64.1909u 
  900.00000m   73.8598u 
  950.00000m   83.8023u 
    1.00000    93.9231u 
y
 vth0_value= 253.5569m
 u0_param=  49.0078m
 ags_param= 416.0813m
 
   *** monte carlo  index = 545 ***
x

 volt         param     
             i_d_0.7    
    0.         46.7954p 
   50.00000m  240.3349p 
  100.00000m    1.2177n 
  150.00000m    5.8931n 
  200.00000m   26.2776n 
  250.00000m  104.6755n 
  300.00000m  367.2156n 
  350.00000m    1.1023u 
  400.00000m    2.7137u 
  450.00000m    5.4735u 
  500.00000m    9.3996u 
  550.00000m   14.3703u 
  600.00000m   20.2461u 
  650.00000m   26.9091u 
  700.00000m   34.2619u 
  750.00000m   42.2192u 
  800.00000m   50.7016u 
  850.00000m   59.6325u 
  900.00000m   68.9348u 
  950.00000m   78.5279u 
    1.00000    88.3224u 
y
 vth0_value= 268.9034m
 u0_param=  48.1531m
 ags_param= 421.3523m
 
   *** monte carlo  index = 546 ***
x

 volt         param     
             i_d_0.7    
    0.         50.2820p 
   50.00000m  258.3323p 
  100.00000m    1.3075n 
  150.00000m    6.3125n 
  200.00000m   28.0432n 
  250.00000m  111.2041n 
  300.00000m  388.1370n 
  350.00000m    1.1572u 
  400.00000m    2.8269u 
  450.00000m    5.6629u 
  500.00000m    9.6751u 
  550.00000m   14.7379u 
  600.00000m   20.7106u 
  650.00000m   27.4747u 
  700.00000m   34.9323u 
  750.00000m   42.9975u 
  800.00000m   51.5902u 
  850.00000m   60.6328u 
  900.00000m   70.0475u 
  950.00000m   79.7527u 
    1.00000    89.6579u 
y
 vth0_value= 267.0546m
 u0_param=  48.6439m
 ags_param= 426.1717m
 
   *** monte carlo  index = 547 ***
x

 volt         param     
             i_d_0.7    
    0.         90.3910p 
   50.00000m  463.9286p 
  100.00000m    2.3190n 
  150.00000m   10.9277n 
  200.00000m   46.8083n 
  250.00000m  177.9270n 
  300.00000m  591.3967n 
  350.00000m    1.6526u 
  400.00000m    3.7618u 
  450.00000m    7.0999u 
  500.00000m   11.6115u 
  550.00000m   17.1535u 
  600.00000m   23.5882u 
  650.00000m   30.8021u 
  700.00000m   38.6996u 
  750.00000m   47.1950u 
  800.00000m   56.2070u 
  850.00000m   65.6561u 
  900.00000m   75.4613u 
  950.00000m   85.5366u 
    1.00000    95.7853u 
y
 vth0_value= 249.9281m
 u0_param=  49.5051m
 ags_param= 408.2866m
 
   *** monte carlo  index = 548 ***
x

 volt         param     
             i_d_0.7    
    0.         62.1713p 
   50.00000m  319.5390p 
  100.00000m    1.6111n 
  150.00000m    7.7181n 
  200.00000m   33.8759n 
  250.00000m  132.4170n 
  300.00000m  454.7022n 
  350.00000m    1.3266u 
  400.00000m    3.1625u 
  450.00000m    6.2028u 
  500.00000m   10.4328u 
  550.00000m   15.7176u 
  600.00000m   21.9153u 
  650.00000m   28.9075u 
  700.00000m   36.5962u 
  750.00000m   44.8944u 
  800.00000m   53.7208u 
  850.00000m   62.9965u 
  900.00000m   72.6418u 
  950.00000m   82.5729u 
    1.00000    92.6969u 
y
 vth0_value= 261.2071m
 u0_param=  49.5052m
 ags_param= 418.4661m
 
   *** monte carlo  index = 549 ***
x

 volt         param     
             i_d_0.7    
    0.         46.2535p 
   50.00000m  237.6136p 
  100.00000m    1.2050n 
  150.00000m    5.8406n 
  200.00000m   26.1097n 
  250.00000m  104.3209n 
  300.00000m  367.1620n 
  350.00000m    1.1068u 
  400.00000m    2.7382u 
  450.00000m    5.5464u 
  500.00000m    9.5541u 
  550.00000m   14.6367u 
  600.00000m   20.6495u 
  650.00000m   27.4700u 
  700.00000m   34.9974u 
  750.00000m   43.1436u 
  800.00000m   51.8271u 
  850.00000m   60.9691u 
  900.00000m   70.4909u 
  950.00000m   80.3104u 
    1.00000    90.3374u 
y
 vth0_value= 270.1833m
 u0_param=  49.5697m
 ags_param= 407.2141m
 
   *** monte carlo  index = 550 ***
x

 volt         param     
             i_d_0.7    
    0.        136.2897p 
   50.00000m  696.8061p 
  100.00000m    3.4425n 
  150.00000m   15.8849n 
  200.00000m   66.0958n 
  250.00000m  243.3011n 
  300.00000m  777.5052n 
  350.00000m    2.0652u 
  400.00000m    4.4688u 
  450.00000m    8.1001u 
  500.00000m   12.8695u 
  550.00000m   18.6325u 
  600.00000m   25.2586u 
  650.00000m   32.6409u 
  700.00000m   40.6875u 
  750.00000m   49.3146u 
  800.00000m   58.4417u 
  850.00000m   67.9892u 
  900.00000m   77.8750u 
  950.00000m   88.0107u 
    1.00000    98.2952u 
y
 vth0_value= 237.1691m
 u0_param=  48.9056m
 ags_param= 422.8999m
 
   *** monte carlo  index = 551 ***
x

 volt         param     
             i_d_0.7    
    0.         64.7742p 
   50.00000m  332.8197p 
  100.00000m    1.6758n 
  150.00000m    8.0073n 
  200.00000m   35.0086n 
  250.00000m  136.2305n 
  300.00000m  465.4295n 
  350.00000m    1.3488u 
  400.00000m    3.1918u 
  450.00000m    6.2216u 
  500.00000m   10.4174u 
  550.00000m   15.6462u 
  600.00000m   21.7696u 
  650.00000m   28.6729u 
  700.00000m   36.2603u 
  750.00000m   44.4467u 
  800.00000m   53.1525u 
  850.00000m   62.2998u 
  900.00000m   71.8101u 
  950.00000m   81.6002u 
    1.00000    91.5775u 
y
 vth0_value= 259.3494m
 u0_param=  48.5556m
 ags_param= 425.7650m
 
   *** monte carlo  index = 552 ***
x

 volt         param     
             i_d_0.7    
    0.         45.7382p 
   50.00000m  234.9198p 
  100.00000m    1.1912n 
  150.00000m    5.7730n 
  200.00000m   25.8023n 
  250.00000m  103.0703n 
  300.00000m  362.6920n 
  350.00000m    1.0931u 
  400.00000m    2.7036u 
  450.00000m    5.4753u 
  500.00000m    9.4309u 
  550.00000m   14.4478u 
  600.00000m   20.3836u 
  650.00000m   27.1181u 
  700.00000m   34.5518u 
  750.00000m   42.5979u 
  800.00000m   51.1760u 
  850.00000m   60.2083u 
  900.00000m   69.6170u 
  950.00000m   79.3207u 
    1.00000    89.2298u 
y
 vth0_value= 270.0759m
 u0_param=  48.8823m
 ags_param= 415.5751m
 
   *** monte carlo  index = 553 ***
x

 volt         param     
             i_d_0.7    
    0.         44.4838p 
   50.00000m  228.4468p 
  100.00000m    1.1589n 
  150.00000m    5.6226n 
  200.00000m   25.1717n 
  250.00000m  100.7559n 
  300.00000m  355.3505n 
  350.00000m    1.0742u 
  400.00000m    2.6660u 
  450.00000m    5.4159u 
  500.00000m    9.3501u 
  550.00000m   14.3473u 
  600.00000m   20.2648u 
  650.00000m   26.9820u 
  700.00000m   34.3992u 
  750.00000m   42.4296u 
  800.00000m   50.9926u 
  850.00000m   60.0105u 
  900.00000m   69.4056u 
  950.00000m   79.0967u 
    1.00000    88.9946u 
y
 vth0_value= 270.9168m
 u0_param=  48.8811m
 ags_param= 411.6820m
 
   *** monte carlo  index = 554 ***
x

 volt         param     
             i_d_0.7    
    0.        158.2207p 
   50.00000m  807.6068p 
  100.00000m    3.9728n 
  150.00000m   18.1973n 
  200.00000m   74.9815n 
  250.00000m  273.0631n 
  300.00000m  860.7920n 
  350.00000m    2.2477u 
  400.00000m    4.7851u 
  450.00000m    8.5637u 
  500.00000m   13.4834u 
  550.00000m   19.3974u 
  600.00000m   26.1758u 
  650.00000m   33.7119u 
  700.00000m   41.9135u 
  750.00000m   50.6961u 
  800.00000m   59.9784u 
  850.00000m   69.6798u 
  900.00000m   79.7170u 
  950.00000m   89.9996u 
    1.00000   100.4244u 
y
 vth0_value= 233.0063m
 u0_param=  49.4137m
 ags_param= 430.2474m
 
   *** monte carlo  index = 555 ***
x

 volt         param     
             i_d_0.7    
    0.         74.9832p 
   50.00000m  385.2318p 
  100.00000m    1.9345n 
  150.00000m    9.1945n 
  200.00000m   39.8815n 
  250.00000m  153.7684n 
  300.00000m  519.7298n 
  350.00000m    1.4847u 
  400.00000m    3.4594u 
  450.00000m    6.6556u 
  500.00000m   11.0371u 
  550.00000m   16.4638u 
  600.00000m   22.7953u 
  650.00000m   29.9153u 
  700.00000m   37.7266u 
  750.00000m   46.1425u 
  800.00000m   55.0817u 
  850.00000m   64.4647u 
  900.00000m   74.2111u 
  950.00000m   84.2359u 
    1.00000    94.4444u 
y
 vth0_value= 255.6538m
 u0_param=  49.6537m
 ags_param= 401.8591m
 
   *** monte carlo  index = 556 ***
x

 volt         param     
             i_d_0.7    
    0.         47.4106p 
   50.00000m  243.5990p 
  100.00000m    1.2349n 
  150.00000m    5.9819n 
  200.00000m   26.7124n 
  250.00000m  106.5866n 
  300.00000m  374.5736n 
  350.00000m    1.1269u 
  400.00000m    2.7815u 
  450.00000m    5.6225u 
  500.00000m    9.6704u 
  550.00000m   14.7987u 
  600.00000m   20.8618u 
  650.00000m   27.7368u 
  700.00000m   35.3222u 
  750.00000m   43.5295u 
  800.00000m   52.2767u 
  850.00000m   61.4845u 
  900.00000m   71.0738u 
  950.00000m   80.9618u 
    1.00000    91.0576u 
y
 vth0_value= 269.6405m
 u0_param=  49.8883m
 ags_param= 425.0857m
 
   *** monte carlo  index = 557 ***
x

 volt         param     
             i_d_0.7    
    0.        233.4439p 
   50.00000m    1.1853n 
  100.00000m    5.7596n 
  150.00000m   25.8502n 
  200.00000m  103.7956n 
  250.00000m  367.3702n 
  300.00000m    1.1159u 
  350.00000m    2.7861u 
  400.00000m    5.6913u 
  450.00000m    9.8691u 
  500.00000m   15.1949u 
  550.00000m   21.5176u 
  600.00000m   28.7084u 
  650.00000m   36.6608u 
  700.00000m   45.2815u 
  750.00000m   54.4842u 
  800.00000m   64.1852u 
  850.00000m   74.3009u 
  900.00000m   84.7444u 
  950.00000m   95.4211u 
    1.00000   106.2218u 
y
 vth0_value= 222.1978m
 u0_param=  50.8473m
 ags_param= 425.6021m
 
   *** monte carlo  index = 558 ***
x

 volt         param     
             i_d_0.7    
    0.        171.3042p 
   50.00000m  873.4855p 
  100.00000m    4.2861n 
  150.00000m   19.5492n 
  200.00000m   80.1089n 
  250.00000m  289.9768n 
  300.00000m  907.0373n 
  350.00000m    2.3459u 
  400.00000m    4.9493u 
  450.00000m    8.7963u 
  500.00000m   13.7815u 
  550.00000m   19.7576u 
  600.00000m   26.5958u 
  650.00000m   34.1897u 
  700.00000m   42.4474u 
  750.00000m   51.2843u 
  800.00000m   60.6190u 
  850.00000m   70.3704u 
  900.00000m   80.4549u 
  950.00000m   90.7814u 
    1.00000   101.2459u 
y
 vth0_value= 230.6737m
 u0_param=  49.5092m
 ags_param= 422.5571m
 
   *** monte carlo  index = 559 ***
x

 volt         param     
             i_d_0.7    
    0.        114.0431p 
   50.00000m  584.3830p 
  100.00000m    2.9044n 
  150.00000m   13.5430n 
  200.00000m   57.1577n 
  250.00000m  213.7003n 
  300.00000m  696.1903n 
  350.00000m    1.8952u 
  400.00000m    4.2009u 
  450.00000m    7.7601u 
  500.00000m   12.4962u 
  550.00000m   18.2611u 
  600.00000m   24.9180u 
  650.00000m   32.3542u 
  700.00000m   40.4744u 
  750.00000m   49.1920u 
  800.00000m   58.4250u 
  850.00000m   68.0922u 
  900.00000m   78.1111u 
  950.00000m   88.3932u 
    1.00000    98.8387u 
y
 vth0_value= 243.3564m
 u0_param=  50.1688m
 ags_param= 418.5402m
 
   *** monte carlo  index = 560 ***
x

 volt         param     
             i_d_0.7    
    0.        101.8309p 
   50.00000m  522.0911p 
  100.00000m    2.6007n 
  150.00000m   12.1773n 
  200.00000m   51.6941n 
  250.00000m  194.5414n 
  300.00000m  638.9154n 
  350.00000m    1.7576u 
  400.00000m    3.9375u 
  450.00000m    7.3360u 
  500.00000m   11.8871u 
  550.00000m   17.4485u 
  600.00000m   23.8864u 
  650.00000m   31.0906u 
  700.00000m   38.9679u 
  750.00000m   47.4338u 
  800.00000m   56.4082u 
  850.00000m   65.8122u 
  900.00000m   75.5650u 
  950.00000m   85.5803u 
    1.00000    95.7603u 
y
 vth0_value= 245.9015m
 u0_param=  48.8351m
 ags_param= 431.8924m
 
   *** monte carlo  index = 561 ***
x

 volt         param     
             i_d_0.7    
    0.         71.8769p 
   50.00000m  369.2086p 
  100.00000m    1.8546n 
  150.00000m    8.8213n 
  200.00000m   38.3045n 
  250.00000m  147.8827n 
  300.00000m  500.6510n 
  350.00000m    1.4334u 
  400.00000m    3.3477u 
  450.00000m    6.4539u 
  500.00000m   10.7196u 
  550.00000m   16.0095u 
  600.00000m   22.1867u 
  650.00000m   29.1381u 
  700.00000m   36.7688u 
  750.00000m   44.9943u 
  800.00000m   53.7350u 
  850.00000m   62.9132u 
  900.00000m   72.4499u 
  950.00000m   82.2617u 
    1.00000    92.2550u 
y
 vth0_value= 256.1449m
 u0_param=  48.4542m
 ags_param= 420.2789m
 
   *** monte carlo  index = 562 ***
x

 volt         param     
             i_d_0.7    
    0.         44.3207p 
   50.00000m  227.6579p 
  100.00000m    1.1556n 
  150.00000m    5.6120n 
  200.00000m   25.1653n 
  250.00000m  100.9282n 
  300.00000m  356.7044n 
  350.00000m    1.0812u 
  400.00000m    2.6920u 
  450.00000m    5.4839u 
  500.00000m    9.4867u 
  550.00000m   14.5768u 
  600.00000m   20.6075u 
  650.00000m   27.4546u 
  700.00000m   35.0159u 
  750.00000m   43.2024u 
  800.00000m   51.9318u 
  850.00000m   61.1247u 
  900.00000m   70.7020u 
  950.00000m   80.5812u 
    1.00000    90.6720u 
y
 vth0_value= 271.7527m
 u0_param=  50.0023m
 ags_param= 424.7193m
 
   *** monte carlo  index = 563 ***
x

 volt         param     
             i_d_0.7    
    0.         75.7330p 
   50.00000m  389.0726p 
  100.00000m    1.9534n 
  150.00000m    9.2804n 
  200.00000m   40.2300n 
  250.00000m  155.0054n 
  300.00000m  523.4903n 
  350.00000m    1.4939u 
  400.00000m    3.4768u 
  450.00000m    6.6827u 
  500.00000m   11.0746u 
  550.00000m   16.5120u 
  600.00000m   22.8545u 
  650.00000m   29.9858u 
  700.00000m   37.8088u 
  750.00000m   46.2368u 
  800.00000m   55.1884u 
  850.00000m   64.5841u 
  900.00000m   74.3433u 
  950.00000m   84.3809u 
    1.00000    94.6019u 
y
 vth0_value= 255.3756m
 u0_param=  49.6873m
 ags_param= 411.4236m
 
   *** monte carlo  index = 564 ***
x

 volt         param     
             i_d_0.7    
    0.         59.7475p 
   50.00000m  307.0385p 
  100.00000m    1.5489n 
  150.00000m    7.4276n 
  200.00000m   32.6540n 
  250.00000m  127.8874n 
  300.00000m  440.1375n 
  350.00000m    1.2880u 
  400.00000m    3.0807u 
  450.00000m    6.0600u 
  500.00000m   10.2147u 
  550.00000m   15.4132u 
  600.00000m   21.5153u 
  650.00000m   28.4043u 
  700.00000m   35.9833u 
  750.00000m   44.1663u 
  800.00000m   52.8733u 
  850.00000m   62.0262u 
  900.00000m   71.5462u 
  950.00000m   81.3505u 
    1.00000    91.3471u 
y
 vth0_value= 261.9738m
 u0_param=  48.8400m
 ags_param= 419.9519m
 
   *** monte carlo  index = 565 ***
x

 volt         param     
             i_d_0.7    
    0.        169.0858p 
   50.00000m  862.5844p 
  100.00000m    4.2368n 
  150.00000m   19.3561n 
  200.00000m   79.4841n 
  250.00000m  288.3613n 
  300.00000m  904.5550n 
  350.00000m    2.3477u 
  400.00000m    4.9691u 
  450.00000m    8.8532u 
  500.00000m   13.8940u 
  550.00000m   19.9417u 
  600.00000m   26.8644u 
  650.00000m   34.5538u 
  700.00000m   42.9163u 
  750.00000m   51.8659u 
  800.00000m   61.3202u 
  850.00000m   71.1971u 
  900.00000m   81.4118u 
  950.00000m   91.8728u 
    1.00000   102.4753u 
y
 vth0_value= 231.5749m
 u0_param=  50.2960m
 ags_param= 432.6489m
 
   *** monte carlo  index = 566 ***
x

 volt         param     
             i_d_0.7    
    0.        152.3331p 
   50.00000m  778.4179p 
  100.00000m    3.8384n 
  150.00000m   17.6525n 
  200.00000m   73.1190n 
  250.00000m  267.7798n 
  300.00000m  850.0987n 
  350.00000m    2.2393u 
  400.00000m    4.8066u 
  450.00000m    8.6563u 
  500.00000m   13.6883u 
  550.00000m   19.7495u 
  600.00000m   26.7036u 
  650.00000m   34.4389u 
  700.00000m   42.8593u 
  750.00000m   51.8774u 
  800.00000m   61.4093u 
  850.00000m   71.3722u 
  900.00000m   81.6809u 
  950.00000m   92.2442u 
    1.00000   102.9580u 
y
 vth0_value= 235.2707m
 u0_param=  51.1661m
 ags_param= 414.4807m
 
   *** monte carlo  index = 567 ***
x

 volt         param     
             i_d_0.7    
    0.         51.2456p 
   50.00000m  263.2672p 
  100.00000m    1.3317n 
  150.00000m    6.4220n 
  200.00000m   28.4786n 
  250.00000m  112.6904n 
  300.00000m  392.3977n 
  350.00000m    1.1663u 
  400.00000m    2.8389u 
  450.00000m    5.6694u 
  500.00000m    9.6641u 
  550.00000m   14.6978u 
  600.00000m   20.6317u 
  650.00000m   27.3487u 
  700.00000m   34.7522u 
  750.00000m   42.7572u 
  800.00000m   51.2844u 
  850.00000m   60.2568u 
  900.00000m   69.5973u 
  950.00000m   79.2246u 
    1.00000    89.0489u 
y
 vth0_value= 266.1702m
 u0_param=  48.1743m
 ags_param= 405.2740m
 
   *** monte carlo  index = 568 ***
x

 volt         param     
             i_d_0.7    
    0.         83.6787p 
   50.00000m  429.6401p 
  100.00000m    2.1514n 
  150.00000m   10.1714n 
  200.00000m   43.7775n 
  250.00000m  167.3075n 
  300.00000m  559.6889n 
  350.00000m    1.5773u 
  400.00000m    3.6224u 
  450.00000m    6.8865u 
  500.00000m   11.3221u 
  550.00000m   16.7882u 
  600.00000m   23.1470u 
  650.00000m   30.2849u 
  700.00000m   38.1063u 
  750.00000m   46.5258u 
  800.00000m   55.4626u 
  850.00000m   64.8375u 
  900.00000m   74.5701u 
  950.00000m   84.5752u 
    1.00000    94.7568u 
y
 vth0_value= 252.0847m
 u0_param=  49.2474m
 ags_param= 418.8861m
 
   *** monte carlo  index = 569 ***
x

 volt         param     
             i_d_0.7    
    0.         22.2386p 
   50.00000m  113.1270p 
  100.00000m  579.1271p 
  150.00000m    2.8724n 
  200.00000m   13.3470n 
  250.00000m   56.0601n 
  300.00000m  208.4843n 
  350.00000m  674.6917n 
  400.00000m    1.8207u 
  450.00000m    3.9999u 
  500.00000m    7.3350u 
  550.00000m   11.7476u 
  600.00000m   17.0991u 
  650.00000m   23.2632u 
  700.00000m   30.1365u 
  750.00000m   37.6315u 
  800.00000m   45.6686u 
  850.00000m   54.1725u 
  900.00000m   63.0686u 
  950.00000m   72.2805u 
    1.00000    81.7259u 
y
 vth0_value= 291.2488m
 u0_param=  47.6763m
 ags_param= 413.5580m
 
   *** monte carlo  index = 570 ***
x

 volt         param     
             i_d_0.7    
    0.         68.6582p 
   50.00000m  352.6879p 
  100.00000m    1.7731n 
  150.00000m    8.4475n 
  200.00000m   36.7714n 
  250.00000m  142.3671n 
  300.00000m  483.5794n 
  350.00000m    1.3906u 
  400.00000m    3.2634u 
  450.00000m    6.3164u 
  500.00000m   10.5222u 
  550.00000m   15.7474u 
  600.00000m   21.8559u 
  650.00000m   28.7351u 
  700.00000m   36.2906u 
  750.00000m   44.4384u 
  800.00000m   53.0995u 
  850.00000m   62.1968u 
  900.00000m   71.6520u 
  950.00000m   81.3822u 
    1.00000    91.2948u 
y
 vth0_value= 257.2818m
 u0_param=  48.0865m
 ags_param= 416.0833m
 
   *** monte carlo  index = 571 ***
x

 volt         param     
             i_d_0.7    
    0.         90.7221p 
   50.00000m  465.6364p 
  100.00000m    2.3275n 
  150.00000m   10.9675n 
  200.00000m   46.9768n 
  250.00000m  178.5574n 
  300.00000m  593.4463n 
  350.00000m    1.6581u 
  400.00000m    3.7741u 
  450.00000m    7.1223u 
  500.00000m   11.6472u 
  550.00000m   17.2051u 
  600.00000m   23.6580u 
  650.00000m   30.8918u 
  700.00000m   38.8109u 
  750.00000m   47.3291u 
  800.00000m   56.3651u 
  850.00000m   65.8390u 
  900.00000m   75.6697u 
  950.00000m   85.7710u 
    1.00000    96.0461u 
y
 vth0_value= 249.9105m
 u0_param=  49.6481m
 ags_param= 409.4077m
 
   *** monte carlo  index = 572 ***
x

 volt         param     
             i_d_0.7    
    0.         94.1834p 
   50.00000m  483.3403p 
  100.00000m    2.4143n 
  150.00000m   11.3611n 
  200.00000m   48.5688n 
  250.00000m  184.2049n 
  300.00000m  610.6014n 
  350.00000m    1.7001u 
  400.00000m    3.8559u 
  450.00000m    7.2553u 
  500.00000m   11.8393u 
  550.00000m   17.4625u 
  600.00000m   23.9857u 
  650.00000m   31.2945u 
  700.00000m   39.2924u 
  750.00000m   47.8927u 
  800.00000m   57.0135u 
  850.00000m   66.5741u 
  900.00000m   76.4930u 
  950.00000m   86.6829u 
    1.00000    97.0463u 
y
 vth0_value= 249.0477m
 u0_param=  50.0595m
 ags_param= 422.3030m
 
   *** monte carlo  index = 573 ***
x

 volt         param     
             i_d_0.7    
    0.        109.5986p 
   50.00000m  561.7385p 
  100.00000m    2.7942n 
  150.00000m   13.0496n 
  200.00000m   55.1949n 
  250.00000m  206.8622n 
  300.00000m  675.9333n 
  350.00000m    1.8472u 
  400.00000m    4.1105u 
  450.00000m    7.6168u 
  500.00000m   12.2933u 
  550.00000m   17.9935u 
  600.00000m   24.5814u 
  650.00000m   31.9450u 
  700.00000m   39.9894u 
  750.00000m   48.6289u 
  800.00000m   57.7818u 
  850.00000m   67.3676u 
  900.00000m   77.3045u 
  950.00000m   87.5046u 
    1.00000    97.8688u 
y
 vth0_value= 244.3020m
 u0_param=  49.7775m
 ags_param= 418.5807m
 
   *** monte carlo  index = 574 ***
x

 volt         param     
             i_d_0.7    
    0.        105.6153p 
   50.00000m  541.4014p 
  100.00000m    2.6949n 
  150.00000m   12.6014n 
  200.00000m   53.3925n 
  250.00000m  200.5025n 
  300.00000m  656.7551n 
  350.00000m    1.8005u 
  400.00000m    4.0194u 
  450.00000m    7.4674u 
  500.00000m   12.0749u 
  550.00000m   17.6978u 
  600.00000m   24.2012u 
  650.00000m   31.4744u 
  700.00000m   39.4232u 
  750.00000m   47.9628u 
  800.00000m   57.0124u 
  850.00000m   66.4923u 
  900.00000m   76.3214u 
  950.00000m   86.4128u 
    1.00000    96.6683u 
y
 vth0_value= 245.0661m
 u0_param=  49.2371m
 ags_param= 412.0648m
 
   *** monte carlo  index = 575 ***
x

 volt         param     
             i_d_0.7    
    0.        105.8757p 
   50.00000m  542.6191p 
  100.00000m    2.6997n 
  150.00000m   12.6144n 
  200.00000m   53.3909n 
  250.00000m  200.2690n 
  300.00000m  655.1144n 
  350.00000m    1.7929u 
  400.00000m    3.9956u 
  450.00000m    7.4134u 
  500.00000m   11.9768u 
  550.00000m   17.5437u 
  600.00000m   23.9817u 
  650.00000m   31.1814u 
  700.00000m   39.0504u 
  750.00000m   47.5047u 
  800.00000m   56.4645u 
  850.00000m   65.8511u 
  900.00000m   75.5837u 
  950.00000m   85.5761u 
    1.00000    95.7303u 
y
 vth0_value= 244.5887m
 u0_param=  48.6234m
 ags_param= 427.2857m
 
   *** monte carlo  index = 576 ***
x

 volt         param     
             i_d_0.7    
    0.         56.2124p 
   50.00000m  288.8684p 
  100.00000m    1.4590n 
  150.00000m    7.0142n 
  200.00000m   30.9543n 
  250.00000m  121.7787n 
  300.00000m  421.2608n 
  350.00000m    1.2411u 
  400.00000m    2.9913u 
  450.00000m    5.9224u 
  500.00000m   10.0306u 
  550.00000m   15.1860u 
  600.00000m   21.2479u 
  650.00000m   28.0988u 
  700.00000m   35.6411u 
  750.00000m   43.7888u 
  800.00000m   52.4617u 
  850.00000m   61.5818u 
  900.00000m   71.0707u 
  950.00000m   80.8460u 
    1.00000    90.8164u 
y
 vth0_value= 263.8147m
 u0_param=  48.8395m
 ags_param= 405.0525m
 
   *** monte carlo  index = 577 ***
x

 volt         param     
             i_d_0.7    
    0.         22.5831p 
   50.00000m  114.9058p 
  100.00000m  587.9782p 
  150.00000m    2.9134n 
  200.00000m   13.5144n 
  250.00000m   56.6320n 
  300.00000m  210.0851n 
  350.00000m  677.7987n 
  400.00000m    1.8219u 
  450.00000m    3.9874u 
  500.00000m    7.2904u 
  550.00000m   11.6519u 
  600.00000m   16.9361u 
  650.00000m   23.0194u 
  700.00000m   29.8007u 
  750.00000m   37.1941u 
  800.00000m   45.1216u 
  850.00000m   53.5089u 
  900.00000m   62.2826u 
  950.00000m   71.3672u 
    1.00000    80.6809u 
y
 vth0_value= 290.2300m
 u0_param=  46.8680m
 ags_param= 409.3771m
 
   *** monte carlo  index = 578 ***
x

 volt         param     
             i_d_0.7    
    0.        104.4179p 
   50.00000m  535.2807p 
  100.00000m    2.6649n 
  150.00000m   12.4656n 
  200.00000m   52.8431n 
  250.00000m  198.5509n 
  300.00000m  650.8178n 
  350.00000m    1.7858u 
  400.00000m    3.9904u 
  450.00000m    7.4192u 
  500.00000m   12.0037u 
  550.00000m   17.6008u 
  600.00000m   24.0760u 
  650.00000m   31.3191u 
  700.00000m   39.2363u 
  750.00000m   47.7430u 
  800.00000m   56.7588u 
  850.00000m   66.2044u 
  900.00000m   75.9987u 
  950.00000m   86.0551u 
    1.00000    96.2755u 
y
 vth0_value= 245.2802m
 u0_param=  49.0395m
 ags_param= 421.4633m
 
   *** monte carlo  index = 579 ***
x

 volt         param     
             i_d_0.7    
    0.        129.0273p 
   50.00000m  660.2269p 
  100.00000m    3.2685n 
  150.00000m   15.1365n 
  200.00000m   63.2851n 
  250.00000m  234.1775n 
  300.00000m  753.2418n 
  350.00000m    2.0173u 
  400.00000m    4.4002u 
  450.00000m    8.0256u 
  500.00000m   12.8074u 
  550.00000m   18.5987u 
  600.00000m   25.2663u 
  650.00000m   32.7009u 
  700.00000m   40.8088u 
  750.00000m   49.5050u 
  800.00000m   58.7081u 
  850.00000m   68.3377u 
  900.00000m   78.3112u 
  950.00000m   88.5398u 
    1.00000    98.9229u 
y
 vth0_value= 239.2527m
 u0_param=  49.5696m
 ags_param= 421.7331m
 
   *** monte carlo  index = 580 ***
x

 volt         param     
             i_d_0.7    
    0.         77.5302p 
   50.00000m  398.3220p 
  100.00000m    1.9992n 
  150.00000m    9.4931n 
  200.00000m   41.1174n 
  250.00000m  158.2684n 
  300.00000m  533.8803n 
  350.00000m    1.5212u 
  400.00000m    3.5343u 
  450.00000m    6.7837u 
  500.00000m   11.2301u 
  550.00000m   16.7312u 
  600.00000m   23.1450u 
  650.00000m   30.3543u 
  700.00000m   38.2609u 
  750.00000m   46.7774u 
  800.00000m   55.8216u 
  850.00000m   65.3132u 
  900.00000m   75.1708u 
  950.00000m   85.3087u 
    1.00000    95.6308u 
y
 vth0_value= 254.9933m
 u0_param=  50.1930m
 ags_param= 429.2793m
 
   *** monte carlo  index = 581 ***
x

 volt         param     
             i_d_0.7    
    0.         34.9808p 
   50.00000m  179.2809p 
  100.00000m  912.6858p 
  150.00000m    4.4628n 
  200.00000m   20.2377n 
  250.00000m   82.3157n 
  300.00000m  295.5197n 
  350.00000m  914.3970n 
  400.00000m    2.3334u 
  450.00000m    4.8607u 
  500.00000m    8.5529u 
  550.00000m   13.3022u 
  600.00000m   18.9684u 
  650.00000m   25.4307u 
  700.00000m   32.5896u 
  750.00000m   40.3591u 
  800.00000m   48.6601u 
  850.00000m   57.4165u 
  900.00000m   66.5525u 
  950.00000m   75.9891u 
    1.00000    85.6400u 
y
 vth0_value= 277.5620m
 u0_param=  47.9062m
 ags_param= 423.4885m
 
   *** monte carlo  index = 582 ***
x

 volt         param     
             i_d_0.7    
    0.         83.6035p 
   50.00000m  429.3395p 
  100.00000m    2.1508n 
  150.00000m   10.1756n 
  200.00000m   43.8396n 
  250.00000m  167.7306n 
  300.00000m  561.8094n 
  350.00000m    1.5858u 
  400.00000m    3.6483u 
  450.00000m    6.9453u 
  500.00000m   11.4295u 
  550.00000m   16.9579u 
  600.00000m   23.3901u 
  650.00000m   30.6107u 
  700.00000m   38.5227u 
  750.00000m   47.0391u 
  800.00000m   56.0783u 
  850.00000m   65.5601u 
  900.00000m   75.4034u 
  950.00000m   85.5221u 
    1.00000    95.8200u 
y
 vth0_value= 252.5539m
 u0_param=  49.9311m
 ags_param= 414.5710m
 
   *** monte carlo  index = 583 ***
x

 volt         param     
             i_d_0.7    
    0.         74.2903p 
   50.00000m  381.8171p 
  100.00000m    1.9190n 
  150.00000m    9.1360n 
  200.00000m   39.7219n 
  250.00000m  153.5619n 
  300.00000m  520.5949n 
  350.00000m    1.4931u 
  400.00000m    3.4937u 
  450.00000m    6.7449u 
  500.00000m   11.2129u 
  550.00000m   16.7537u 
  600.00000m   23.2221u 
  650.00000m   30.4981u 
  700.00000m   38.4814u 
  750.00000m   47.0831u 
  800.00000m   56.2198u 
  850.00000m   65.8101u 
  900.00000m   75.7721u 
  950.00000m   86.0193u 
    1.00000    96.4559u 
y
 vth0_value= 256.7711m
 u0_param=  50.9701m
 ags_param= 419.4653m
 
   *** monte carlo  index = 584 ***
x

 volt         param     
             i_d_0.7    
    0.        127.7940p 
   50.00000m  653.9995p 
  100.00000m    3.2388n 
  150.00000m   15.0073n 
  200.00000m   62.7943n 
  250.00000m  232.5606n 
  300.00000m  748.8415n 
  350.00000m    2.0083u 
  400.00000m    4.3864u 
  450.00000m    8.0088u 
  500.00000m   12.7901u 
  550.00000m   18.5835u 
  600.00000m   25.2553u 
  650.00000m   32.6958u 
  700.00000m   40.8113u 
  750.00000m   49.5166u 
  800.00000m   58.7302u 
  850.00000m   68.3715u 
  900.00000m   78.3578u 
  950.00000m   88.6005u 
    1.00000    98.9983u 
y
 vth0_value= 239.5915m
 u0_param=  49.6460m
 ags_param= 434.9494m
 
   *** monte carlo  index = 585 ***
x

 volt         param     
             i_d_0.7    
    0.         31.4537p 
   50.00000m  161.0372p 
  100.00000m  821.4106p 
  150.00000m    4.0342n 
  200.00000m   18.4277n 
  250.00000m   75.6561n 
  300.00000m  274.3811n 
  350.00000m  860.1505n 
  400.00000m    2.2301u 
  450.00000m    4.7145u 
  500.00000m    8.3890u 
  550.00000m   13.1499u 
  600.00000m   18.8530u 
  650.00000m   25.3724u 
  700.00000m   32.6050u 
  750.00000m   40.4622u 
  800.00000m   48.8630u 
  850.00000m   57.7299u 
  900.00000m   66.9858u 
  950.00000m   76.5513u 
    1.00000    86.3402u 
y
 vth0_value= 281.5066m
 u0_param=  48.9841m
 ags_param= 405.4187m
 
   *** monte carlo  index = 586 ***
x

 volt         param     
             i_d_0.7    
    0.         49.7768p 
   50.00000m  255.7571p 
  100.00000m    1.2950n 
  150.00000m    6.2571n 
  200.00000m   27.8318n 
  250.00000m  110.5294n 
  300.00000m  386.4082n 
  350.00000m    1.1545u 
  400.00000m    2.8272u 
  450.00000m    5.6755u 
  500.00000m    9.7116u 
  550.00000m   14.8092u 
  600.00000m   20.8258u 
  650.00000m   27.6413u 
  700.00000m   35.1566u 
  750.00000m   43.2848u 
  800.00000m   51.9451u 
  850.00000m   61.0593u 
  900.00000m   70.5489u 
  950.00000m   80.3319u 
    1.00000    90.3173u 
y
 vth0_value= 267.6745m
 u0_param=  49.1245m
 ags_param= 431.0867m
 
   *** monte carlo  index = 587 ***
x

 volt         param     
             i_d_0.7    
    0.         87.9356p 
   50.00000m  451.3425p 
  100.00000m    2.2571n 
  150.00000m   10.6445n 
  200.00000m   45.6495n 
  250.00000m  173.7587n 
  300.00000m  578.5000n 
  350.00000m    1.6201u 
  400.00000m    3.6963u 
  450.00000m    6.9893u 
  500.00000m   11.4466u 
  550.00000m   16.9269u 
  600.00000m   23.2937u 
  650.00000m   30.4345u 
  700.00000m   38.2546u 
  750.00000m   46.6689u 
  800.00000m   55.5970u 
  850.00000m   64.9599u 
  900.00000m   74.6774u 
  950.00000m   84.6640u 
    1.00000    94.8237u 
y
 vth0_value= 250.4579m
 u0_param=  49.0450m
 ags_param= 408.5731m
 
   *** monte carlo  index = 588 ***
x

 volt         param     
             i_d_0.7    
    0.         65.7531p 
   50.00000m  337.9794p 
  100.00000m    1.7026n 
  150.00000m    8.1422n 
  200.00000m   35.6424n 
  250.00000m  138.8837n 
  300.00000m  475.1662n 
  350.00000m    1.3795u 
  400.00000m    3.2710u 
  450.00000m    6.3860u 
  500.00000m   10.7039u 
  550.00000m   16.0864u 
  600.00000m   22.3894u 
  650.00000m   29.4936u 
  700.00000m   37.2997u 
  750.00000m   45.7197u 
  800.00000m   54.6713u 
  850.00000m   64.0745u 
  900.00000m   73.8488u 
  950.00000m   83.9094u 
    1.00000    94.1624u 
y
 vth0_value= 259.9472m
 u0_param=  50.1742m
 ags_param= 404.5455m
 
   *** monte carlo  index = 589 ***
x

 volt         param     
             i_d_0.7    
    0.         81.6985p 
   50.00000m  419.5449p 
  100.00000m    2.1023n 
  150.00000m    9.9515n 
  200.00000m   42.9088n 
  250.00000m  164.3234n 
  300.00000m  551.0279n 
  350.00000m    1.5578u 
  400.00000m    3.5895u 
  450.00000m    6.8427u 
  500.00000m   11.2722u 
  550.00000m   16.7369u 
  600.00000m   23.0983u 
  650.00000m   30.2418u 
  700.00000m   38.0716u 
  750.00000m   46.5015u 
  800.00000m   55.4508u 
  850.00000m   64.8399u 
  900.00000m   74.5884u 
  950.00000m   84.6111u 
    1.00000    94.8122u 
y
 vth0_value= 252.9135m
 u0_param=  49.4125m
 ags_param= 416.0276m
 
   *** monte carlo  index = 590 ***
x

 volt         param     
             i_d_0.7    
    0.        179.5813p 
   50.00000m  915.4717p 
  100.00000m    4.4887n 
  150.00000m   20.4467n 
  200.00000m   83.6428n 
  250.00000m  302.1761n 
  300.00000m  942.7585n 
  350.00000m    2.4306u 
  400.00000m    5.1126u 
  450.00000m    9.0651u 
  500.00000m   14.1779u 
  550.00000m   20.2999u 
  600.00000m   27.2992u 
  650.00000m   35.0670u 
  700.00000m   43.5096u 
  750.00000m   52.5405u 
  800.00000m   62.0766u 
  850.00000m   72.0352u 
  900.00000m   82.3310u 
  950.00000m   92.8717u 
    1.00000   103.5516u 
y
 vth0_value= 229.9717m
 u0_param=  50.6282m
 ags_param= 431.1083m
 
   *** monte carlo  index = 591 ***
x

 volt         param     
             i_d_0.7    
    0.         61.8711p 
   50.00000m  317.9739p 
  100.00000m    1.6031n 
  150.00000m    7.6793n 
  200.00000m   33.7025n 
  250.00000m  131.7256n 
  300.00000m  452.2844n 
  350.00000m    1.3194u 
  400.00000m    3.1449u 
  450.00000m    6.1677u 
  500.00000m   10.3732u 
  550.00000m   15.6276u 
  600.00000m   21.7898u 
  650.00000m   28.7426u 
  700.00000m   36.3882u 
  750.00000m   44.6404u 
  800.00000m   53.4185u 
  850.00000m   62.6437u 
  900.00000m   72.2369u 
  950.00000m   82.1147u 
    1.00000    92.1844u 
y
 vth0_value= 261.1559m
 u0_param=  49.2013m
 ags_param= 416.8910m
 
   *** monte carlo  index = 592 ***
x

 volt         param     
             i_d_0.7    
    0.         74.6004p 
   50.00000m  383.1686p 
  100.00000m    1.9233n 
  150.00000m    9.1348n 
  200.00000m   39.5813n 
  250.00000m  152.4364n 
  300.00000m  514.5830n 
  350.00000m    1.4676u 
  400.00000m    3.4137u 
  450.00000m    6.5586u 
  500.00000m   10.8663u 
  550.00000m   16.1998u 
  600.00000m   22.4222u 
  650.00000m   29.4201u 
  700.00000m   37.0984u 
  750.00000m   45.3725u 
  800.00000m   54.1624u 
  850.00000m   63.3899u 
  900.00000m   72.9759u 
  950.00000m   82.8364u 
    1.00000    92.8772u 
y
 vth0_value= 255.1576m
 u0_param=  48.6566m
 ags_param= 419.9154m
 
   *** monte carlo  index = 593 ***
x

 volt         param     
             i_d_0.7    
    0.         40.6206p 
   50.00000m  208.4423p 
  100.00000m    1.0585n 
  150.00000m    5.1478n 
  200.00000m   23.1359n 
  250.00000m   93.0556n 
  300.00000m  329.9832n 
  350.00000m    1.0047u 
  400.00000m    2.5149u 
  450.00000m    5.1482u 
  500.00000m    8.9397u 
  550.00000m   13.7751u 
  600.00000m   19.5152u 
  650.00000m   26.0419u 
  700.00000m   33.2576u 
  750.00000m   41.0773u 
  800.00000m   49.4224u 
  850.00000m   58.2169u 
  900.00000m   67.3847u 
  950.00000m   76.8464u 
    1.00000    86.5146u 
y
 vth0_value= 272.8874m
 u0_param=  47.7013m
 ags_param= 422.5164m
 
   *** monte carlo  index = 594 ***
x

 volt         param     
             i_d_0.7    
    0.        131.5692p 
   50.00000m  673.0846p 
  100.00000m    3.3302n 
  150.00000m   15.4060n 
  200.00000m   64.3215n 
  250.00000m  237.6458n 
  300.00000m  762.9301n 
  350.00000m    2.0383u 
  400.00000m    4.4354u 
  450.00000m    8.0747u 
  500.00000m   12.8687u 
  550.00000m   18.6706u 
  600.00000m   25.3476u 
  650.00000m   32.7905u 
  700.00000m   40.9060u 
  750.00000m   49.6091u 
  800.00000m   58.8185u 
  850.00000m   68.4537u 
  900.00000m   78.4321u 
  950.00000m   88.6648u 
    1.00000    99.0507u 
y
 vth0_value= 238.6445m
 u0_param=  49.5380m
 ags_param= 427.5059m
 
   *** monte carlo  index = 595 ***
x

 volt         param     
             i_d_0.7    
    0.         82.5331p 
   50.00000m  423.9691p 
  100.00000m    2.1255n 
  150.00000m   10.0699n 
  200.00000m   43.4715n 
  250.00000m  166.6933n 
  300.00000m  559.7699n 
  350.00000m    1.5854u 
  400.00000m    3.6603u 
  450.00000m    6.9882u 
  500.00000m   11.5235u 
  550.00000m   17.1209u 
  600.00000m   23.6369u 
  650.00000m   30.9535u 
  700.00000m   38.9716u 
  750.00000m   47.6030u 
  800.00000m   56.7646u 
  850.00000m   66.3751u 
  900.00000m   76.3524u 
  950.00000m   86.6097u 
    1.00000    97.0500u 
y
 vth0_value= 253.4788m
 u0_param=  50.7749m
 ags_param= 420.5198m
 
   *** monte carlo  index = 596 ***
x

 volt         param     
             i_d_0.7    
    0.         34.6256p 
   50.00000m  177.4490p 
  100.00000m  903.5758p 
  150.00000m    4.4206n 
  200.00000m   20.0629n 
  250.00000m   81.6921n 
  300.00000m  293.6191n 
  350.00000m  909.8664n 
  400.00000m    2.3260u 
  450.00000m    4.8532u 
  500.00000m    8.5502u 
  550.00000m   13.3093u 
  600.00000m   18.9895u 
  650.00000m   25.4690u 
  700.00000m   32.6478u 
  750.00000m   40.4395u 
  800.00000m   48.7646u 
  850.00000m   57.5466u 
  900.00000m   66.7095u 
  950.00000m   76.1742u 
    1.00000    85.8544u 
y
 vth0_value= 278.0140m
 u0_param=  48.1191m
 ags_param= 413.6910m
 
   *** monte carlo  index = 597 ***
x

 volt         param     
             i_d_0.7    
    0.         68.3008p 
   50.00000m  351.0096p 
  100.00000m    1.7664n 
  150.00000m    8.4305n 
  200.00000m   36.7933n 
  250.00000m  142.8713n 
  300.00000m  486.8805n 
  350.00000m    1.4061u 
  400.00000m    3.3151u 
  450.00000m    6.4411u 
  500.00000m   10.7587u 
  550.00000m   16.1298u 
  600.00000m   22.4124u 
  650.00000m   29.4890u 
  700.00000m   37.2614u 
  750.00000m   45.6427u 
  800.00000m   54.5512u 
  850.00000m   63.9075u 
  900.00000m   73.6314u 
  950.00000m   83.6382u 
    1.00000    93.8340u 
y
 vth0_value= 258.5247m
 u0_param=  49.7430m
 ags_param= 413.9815m
 
   *** monte carlo  index = 598 ***
x

 volt         param     
             i_d_0.7    
    0.         67.9094p 
   50.00000m  348.8603p 
  100.00000m    1.7544n 
  150.00000m    8.3630n 
  200.00000m   36.4345n 
  250.00000m  141.1995n 
  300.00000m  480.1480n 
  350.00000m    1.3828u 
  400.00000m    3.2502u 
  450.00000m    6.2994u 
  500.00000m   10.5040u 
  550.00000m   15.7307u 
  600.00000m   21.8431u 
  650.00000m   28.7279u 
  700.00000m   36.2906u 
  750.00000m   44.4470u 
  800.00000m   53.1179u 
  850.00000m   62.2261u 
  900.00000m   71.6931u 
  950.00000m   81.4361u 
    1.00000    91.3624u 
y
 vth0_value= 257.6774m
 u0_param=  48.1839m
 ags_param= 417.6431m
 
   *** monte carlo  index = 599 ***
x

 volt         param     
             i_d_0.7    
    0.         64.4819p 
   50.00000m  331.3894p 
  100.00000m    1.6695n 
  150.00000m    7.9844n 
  200.00000m   34.9578n 
  250.00000m  136.2494n 
  300.00000m  466.3154n 
  350.00000m    1.3545u 
  400.00000m    3.2134u 
  450.00000m    6.2769u 
  500.00000m   10.5258u 
  550.00000m   15.8246u 
  600.00000m   22.0321u 
  650.00000m   29.0312u 
  700.00000m   36.7240u 
  750.00000m   45.0242u 
  800.00000m   53.8507u 
  850.00000m   63.1245u 
  900.00000m   72.7662u 
  950.00000m   82.6917u 
    1.00000    92.8079u 
y
 vth0_value= 260.0206m
 u0_param=  49.3729m
 ags_param= 424.7544m
 
   *** monte carlo  index = 600 ***
x

 volt         param     
             i_d_0.7    
    0.         93.5905p 
   50.00000m  480.2927p 
  100.00000m    2.3992n 
  150.00000m   11.2914n 
  200.00000m   48.2794n 
  250.00000m  183.1438n 
  300.00000m  607.2366n 
  350.00000m    1.6913u 
  400.00000m    3.8372u 
  450.00000m    7.2222u 
  500.00000m   11.7879u 
  550.00000m   17.3893u 
  600.00000m   23.8880u 
  650.00000m   31.1698u 
  700.00000m   39.1387u 
  750.00000m   47.7082u 
  800.00000m   56.7966u 
  850.00000m   66.3237u 
  900.00000m   76.2080u 
  950.00000m   86.3627u 
    1.00000    96.6904u 
y
 vth0_value= 249.1224m
 u0_param=  49.8798m
 ags_param= 415.3314m
 
   *** monte carlo  index = 601 ***
x

 volt         param     
             i_d_0.7    
    0.         76.4245p 
   50.00000m  392.5574p 
  100.00000m    1.9699n 
  150.00000m    9.3509n 
  200.00000m   40.4837n 
  250.00000m  155.7593n 
  300.00000m  525.1806n 
  350.00000m    1.4955u 
  400.00000m    3.4727u 
  450.00000m    6.6625u 
  500.00000m   11.0266u 
  550.00000m   16.4263u 
  600.00000m   22.7228u 
  650.00000m   29.8015u 
  700.00000m   37.5666u 
  750.00000m   45.9322u 
  800.00000m   54.8178u 
  850.00000m   64.1444u 
  900.00000m   73.8320u 
  950.00000m   83.7959u 
    1.00000    93.9409u 
y
 vth0_value= 254.7790m
 u0_param=  49.1894m
 ags_param= 431.1153m
 
   *** monte carlo  index = 602 ***
x

 volt         param     
             i_d_0.7    
    0.         42.0100p 
   50.00000m  215.6563p 
  100.00000m    1.0949n 
  150.00000m    5.3218n 
  200.00000m   23.8956n 
  250.00000m   95.9963n 
  300.00000m  339.9392n 
  350.00000m    1.0331u 
  400.00000m    2.5803u 
  450.00000m    5.2712u 
  500.00000m    9.1388u 
  550.00000m   14.0652u 
  600.00000m   19.9087u 
  650.00000m   26.5487u 
  700.00000m   33.8861u 
  750.00000m   41.8344u 
  800.00000m   50.3137u 
  850.00000m   59.2468u 
  900.00000m   68.5565u 
  950.00000m   78.1626u 
    1.00000    87.9765u 
y
 vth0_value= 272.4124m
 u0_param=  48.5197m
 ags_param= 405.1012m
 
   *** monte carlo  index = 603 ***
x

 volt         param     
             i_d_0.7    
    0.         86.3201p 
   50.00000m  443.1030p 
  100.00000m    2.2169n 
  150.00000m   10.4644n 
  200.00000m   44.9348n 
  250.00000m  171.2853n 
  300.00000m  571.2442n 
  350.00000m    1.6033u 
  400.00000m    3.6668u 
  450.00000m    6.9470u 
  500.00000m   11.3932u 
  550.00000m   16.8645u 
  600.00000m   23.2241u 
  650.00000m   30.3592u 
  700.00000m   38.1750u 
  750.00000m   46.5862u 
  800.00000m   55.5123u 
  850.00000m   64.8744u 
  900.00000m   74.5923u 
  950.00000m   84.5804u 
    1.00000    94.7428u 
y
 vth0_value= 251.0362m
 u0_param=  49.0752m
 ags_param= 419.4349m
 
   *** monte carlo  index = 604 ***
x

 volt         param     
             i_d_0.7    
    0.        126.1529p 
   50.00000m  645.9503p 
  100.00000m    3.2026n 
  150.00000m   14.8693n 
  200.00000m   62.3829n 
  250.00000m  231.6974n 
  300.00000m  748.6511n 
  350.00000m    2.0166u 
  400.00000m    4.4235u 
  450.00000m    8.1032u 
  500.00000m   12.9704u 
  550.00000m   18.8737u 
  600.00000m   25.6752u 
  650.00000m   33.2618u 
  700.00000m   41.5371u 
  750.00000m   50.4135u 
  800.00000m   59.8079u 
  850.00000m   69.6381u 
  900.00000m   79.8201u 
  950.00000m   90.2642u 
    1.00000   100.8686u 
y
 vth0_value= 240.7685m
 u0_param=  50.8780m
 ags_param= 424.3933m
 
   *** monte carlo  index = 605 ***
x

 volt         param     
             i_d_0.7    
    0.         53.4931p 
   50.00000m  274.8682p 
  100.00000m    1.3895n 
  150.00000m    6.6926n 
  200.00000m   29.6197n 
  250.00000m  116.9266n 
  300.00000m  406.0458n 
  350.00000m    1.2025u 
  400.00000m    2.9151u 
  450.00000m    5.8008u 
  500.00000m    9.8617u 
  550.00000m   14.9701u 
  600.00000m   20.9856u 
  650.00000m   27.7905u 
  700.00000m   35.2873u 
  750.00000m   43.3902u 
  800.00000m   52.0192u 
  850.00000m   61.0966u 
  900.00000m   70.5442u 
  950.00000m   80.2800u 
    1.00000    90.2131u 
y
 vth0_value= 265.2041m
 u0_param=  48.6748m
 ags_param= 429.0226m
 
   *** monte carlo  index = 606 ***
x

 volt         param     
             i_d_0.7    
    0.        165.9716p 
   50.00000m  847.1388p 
  100.00000m    4.1656n 
  150.00000m   19.0662n 
  200.00000m   78.4818n 
  250.00000m  285.4590n 
  300.00000m  898.3685n 
  350.00000m    2.3410u 
  400.00000m    4.9734u 
  450.00000m    8.8860u 
  500.00000m   13.9727u 
  550.00000m   20.0810u 
  600.00000m   27.0762u 
  650.00000m   34.8479u 
  700.00000m   43.3010u 
  750.00000m   52.3481u 
  800.00000m   61.9057u 
  850.00000m   71.8908u 
  900.00000m   82.2181u 
  950.00000m   92.7955u 
    1.00000   103.5181u 
y
 vth0_value= 232.6056m
 u0_param=  51.0364m
 ags_param= 422.8381m
 
   *** monte carlo  index = 607 ***
x

 volt         param     
             i_d_0.7    
    0.         48.5706p 
   50.00000m  249.4838p 
  100.00000m    1.2632n 
  150.00000m    6.1041n 
  200.00000m   27.1559n 
  250.00000m  107.8716n 
  300.00000m  377.2476n 
  350.00000m    1.1277u 
  400.00000m    2.7632u 
  450.00000m    5.5499u 
  500.00000m    9.5011u 
  550.00000m   14.4938u 
  600.00000m   20.3888u 
  650.00000m   27.0688u 
  700.00000m   34.4368u 
  750.00000m   42.4077u 
  800.00000m   50.9024u 
  850.00000m   59.8440u 
  900.00000m   69.1556u 
  950.00000m   78.7561u 
    1.00000    88.5563u 
y
 vth0_value= 267.7497m
 u0_param=  48.1121m
 ags_param= 420.4592m
 
   *** monte carlo  index = 608 ***
x

 volt         param     
             i_d_0.7    
    0.         52.1719p 
   50.00000m  268.0317p 
  100.00000m    1.3553n 
  150.00000m    6.5308n 
  200.00000m   28.9265n 
  250.00000m  114.3004n 
  300.00000m  397.3720n 
  350.00000m    1.1786u 
  400.00000m    2.8620u 
  450.00000m    5.7037u 
  500.00000m    9.7077u 
  550.00000m   14.7484u 
  600.00000m   20.6874u 
  650.00000m   27.4080u 
  700.00000m   34.8140u 
  750.00000m   42.8205u 
  800.00000m   51.3484u 
  850.00000m   60.3207u 
  900.00000m   69.6603u 
  950.00000m   79.2858u 
    1.00000    89.1073u 
y
 vth0_value= 265.5856m
 u0_param=  48.1094m
 ags_param= 411.8353m
 
   *** monte carlo  index = 609 ***
x

 volt         param     
             i_d_0.7    
    0.         37.3423p 
   50.00000m  191.5639p 
  100.00000m  974.8940p 
  150.00000m    4.7622n 
  200.00000m   21.5579n 
  250.00000m   87.4886n 
  300.00000m  313.2771n 
  350.00000m  965.9904n 
  400.00000m    2.4547u 
  450.00000m    5.0935u 
  500.00000m    8.9349u 
  550.00000m   13.8644u 
  600.00000m   19.7364u 
  650.00000m   26.4254u 
  700.00000m   33.8285u 
  750.00000m   41.8570u 
  800.00000m   50.4291u 
  850.00000m   59.4663u 
  900.00000m   68.8903u 
  950.00000m   78.6204u 
    1.00000    88.5682u 
y
 vth0_value= 276.6583m
 u0_param=  49.5540m
 ags_param= 408.0157m
 
   *** monte carlo  index = 610 ***
x

 volt         param     
             i_d_0.7    
    0.        152.5528p 
   50.00000m  779.2351p 
  100.00000m    3.8395n 
  150.00000m   17.6354n 
  200.00000m   72.9284n 
  250.00000m  266.6240n 
  300.00000m  844.6459n 
  350.00000m    2.2191u 
  400.00000m    4.7515u 
  450.00000m    8.5416u 
  500.00000m   13.4904u 
  550.00000m   19.4487u 
  600.00000m   26.2840u 
  650.00000m   33.8872u 
  700.00000m   42.1646u 
  750.00000m   51.0306u 
  800.00000m   60.4028u 
  850.00000m   70.1997u 
  900.00000m   80.3373u 
  950.00000m   90.7251u 
    1.00000   101.2597u 
y
 vth0_value= 234.5525m
 u0_param=  50.1041m
 ags_param= 430.5689m
 
   *** monte carlo  index = 611 ***
x

 volt         param     
             i_d_0.7    
    0.         63.9424p 
   50.00000m  328.6614p 
  100.00000m    1.6564n 
  150.00000m    7.9284n 
  200.00000m   34.7542n 
  250.00000m  135.6419n 
  300.00000m  464.9467n 
  350.00000m    1.3532u 
  400.00000m    3.2176u 
  450.00000m    6.2965u 
  500.00000m   10.5725u 
  550.00000m   15.9088u 
  600.00000m   22.1622u 
  650.00000m   29.2140u 
  700.00000m   36.9652u 
  750.00000m   45.3285u 
  800.00000m   54.2218u 
  850.00000m   63.5658u 
  900.00000m   73.2803u 
  950.00000m   83.2810u 
    1.00000    93.4744u 
y
 vth0_value= 260.5949m
 u0_param=  49.8703m
 ags_param= 410.4581m
 
   *** monte carlo  index = 612 ***
x

 volt         param     
             i_d_0.7    
    0.        127.0454p 
   50.00000m  650.1756p 
  100.00000m    3.2201n 
  150.00000m   14.9227n 
  200.00000m   62.4520n 
  250.00000m  231.3426n 
  300.00000m  745.1243n 
  350.00000m    1.9990u 
  400.00000m    4.3676u 
  450.00000m    7.9768u 
  500.00000m   12.7416u 
  550.00000m   18.5157u 
  600.00000m   25.1660u 
  650.00000m   32.5830u 
  700.00000m   40.6733u 
  750.00000m   49.3518u 
  800.00000m   58.5374u 
  850.00000m   68.1497u 
  900.00000m   78.1062u 
  950.00000m   88.3185u 
    1.00000    98.6858u 
y
 vth0_value= 239.6707m
 u0_param=  49.4953m
 ags_param= 428.3950m
 
   *** monte carlo  index = 613 ***
x

 volt         param     
             i_d_0.7    
    0.         87.6995p 
   50.00000m  450.3137p 
  100.00000m    2.2538n 
  150.00000m   10.6446n 
  200.00000m   45.7450n 
  250.00000m  174.5184n 
  300.00000m  582.5424n 
  350.00000m    1.6369u 
  400.00000m    3.7479u 
  450.00000m    7.1069u 
  500.00000m   11.6618u 
  550.00000m   17.2673u 
  600.00000m   23.7819u 
  650.00000m   31.0894u 
  700.00000m   39.0921u 
  750.00000m   47.7024u 
  800.00000m   56.8379u 
  850.00000m   66.4178u 
  900.00000m   76.3600u 
  950.00000m   86.5779u 
    1.00000    96.9742u 
y
 vth0_value= 251.4160m
 u0_param=  50.4049m
 ags_param= 416.0095m
 
   *** monte carlo  index = 614 ***
x

 volt         param     
             i_d_0.7    
    0.         82.8961p 
   50.00000m  425.7351p 
  100.00000m    2.1332n 
  150.00000m   10.0973n 
  200.00000m   43.5319n 
  250.00000m  166.6800n 
  300.00000m  558.7904n 
  350.00000m    1.5792u 
  400.00000m    3.6375u 
  450.00000m    6.9319u 
  500.00000m   11.4159u 
  550.00000m   16.9466u 
  600.00000m   23.3832u 
  650.00000m   30.6100u 
  700.00000m   38.5295u 
  750.00000m   47.0550u 
  800.00000m   56.1045u 
  850.00000m   65.5978u 
  900.00000m   75.4536u 
  950.00000m   85.5859u 
    1.00000    95.8981u 
y
 vth0_value= 252.8617m
 u0_param=  50.0120m
 ags_param= 424.1211m
 
   *** monte carlo  index = 615 ***
x

 volt         param     
             i_d_0.7    
    0.        107.7949p 
   50.00000m  552.6180p 
  100.00000m    2.7505n 
  150.00000m   12.8595n 
  200.00000m   54.4727n 
  250.00000m  204.4930n 
  300.00000m  669.5239n 
  350.00000m    1.8344u 
  400.00000m    4.0925u 
  450.00000m    7.5990u 
  500.00000m   12.2822u 
  550.00000m   17.9950u 
  600.00000m   24.6000u 
  650.00000m   31.9845u 
  700.00000m   40.0528u 
  750.00000m   48.7186u 
  800.00000m   57.9000u 
  850.00000m   67.5162u 
  900.00000m   77.4850u 
  950.00000m   87.7186u 
    1.00000    98.1182u 
y
 vth0_value= 244.9695m
 u0_param=  50.0384m
 ags_param= 405.9218m
 
   *** monte carlo  index = 616 ***
x

 volt         param     
             i_d_0.7    
    0.         81.2125p 
   50.00000m  417.0528p 
  100.00000m    2.0900n 
  150.00000m    9.8954n 
  200.00000m   42.6789n 
  250.00000m  163.4973n 
  300.00000m  548.4758n 
  350.00000m    1.5514u 
  400.00000m    3.5768u 
  450.00000m    6.8216u 
  500.00000m   11.2413u 
  550.00000m   16.6953u 
  600.00000m   23.0450u 
  650.00000m   30.1763u 
  700.00000m   37.9931u 
  750.00000m   46.4098u 
  800.00000m   55.3455u 
  850.00000m   64.7208u 
  900.00000m   74.4555u 
  950.00000m   84.4643u 
    1.00000    94.6515u 
y
 vth0_value= 253.0440m
 u0_param=  49.3367m
 ags_param= 419.8129m
 
   *** monte carlo  index = 617 ***
x

 volt         param     
             i_d_0.7    
    0.         20.4167p 
   50.00000m  103.6209p 
  100.00000m  530.6845p 
  150.00000m    2.6366n 
  200.00000m   12.2896n 
  250.00000m   51.8416n 
  300.00000m  193.7288n 
  350.00000m  630.7312n 
  400.00000m    1.7153u 
  450.00000m    3.7976u 
  500.00000m    7.0074u 
  550.00000m   11.2735u 
  600.00000m   16.4619u 
  650.00000m   22.4489u 
  700.00000m   29.1330u 
  750.00000m   36.4286u 
  800.00000m   44.2581u 
  850.00000m   52.5476u 
  900.00000m   61.2243u 
  950.00000m   70.2138u 
    1.00000    79.4352u 
y
 vth0_value= 293.1113m
 u0_param=  46.5410m
 ags_param= 407.5119m
 
   *** monte carlo  index = 618 ***
x

 volt         param     
             i_d_0.7    
    0.         46.5968p 
   50.00000m  239.4095p 
  100.00000m    1.2142n 
  150.00000m    5.8860n 
  200.00000m   26.3172n 
  250.00000m  105.1708n 
  300.00000m  370.2226n 
  350.00000m    1.1163u 
  400.00000m    2.7624u 
  450.00000m    5.5966u 
  500.00000m    9.6419u 
  550.00000m   14.7722u 
  600.00000m   20.8411u 
  650.00000m   27.7248u 
  700.00000m   35.3213u 
  750.00000m   43.5415u 
  800.00000m   52.3034u 
  850.00000m   61.5272u 
  900.00000m   71.1338u 
  950.00000m   81.0404u 
    1.00000    91.1561u 
y
 vth0_value= 270.2776m
 u0_param=  50.0655m
 ags_param= 413.9118m
 
   *** monte carlo  index = 619 ***
x

 volt         param     
             i_d_0.7    
    0.        128.7889p 
   50.00000m  658.9406p 
  100.00000m    3.2616n 
  150.00000m   15.0998n 
  200.00000m   63.1072n 
  250.00000m  233.4230n 
  300.00000m  750.4413n 
  350.00000m    2.0085u 
  400.00000m    4.3784u 
  450.00000m    7.9820u 
  500.00000m   12.7337u 
  550.00000m   18.4877u 
  600.00000m   25.1119u 
  650.00000m   32.4979u 
  700.00000m   40.5527u 
  750.00000m   49.1918u 
  800.00000m   58.3345u 
  850.00000m   67.9007u 
  900.00000m   77.8085u 
  950.00000m   87.9696u 
    1.00000    98.2838u 
y
 vth0_value= 239.0784m
 u0_param=  49.2166m
 ags_param= 403.6134m
 
   *** monte carlo  index = 620 ***
x

 volt         param     
             i_d_0.7    
    0.         69.6839p 
   50.00000m  358.1203p 
  100.00000m    1.8016n 
  150.00000m    8.5928n 
  200.00000m   37.4648n 
  250.00000m  145.3115n 
  300.00000m  494.5323n 
  350.00000m    1.4257u 
  400.00000m    3.3547u 
  450.00000m    6.5073u 
  500.00000m   10.8561u 
  550.00000m   16.2619u 
  600.00000m   22.5821u 
  650.00000m   29.6989u 
  700.00000m   37.5137u 
  750.00000m   45.9392u 
  800.00000m   54.8936u 
  850.00000m   64.2969u 
  900.00000m   74.0687u 
  950.00000m   84.1238u 
    1.00000    94.3678u 
y
 vth0_value= 258.0642m
 u0_param=  49.9670m
 ags_param= 422.3126m
 
   *** monte carlo  index = 621 ***
x

 volt         param     
             i_d_0.7    
    0.         85.6936p 
   50.00000m  439.7822p 
  100.00000m    2.1995n 
  150.00000m   10.3757n 
  200.00000m   44.5146n 
  250.00000m  169.5246n 
  300.00000m  564.7828n 
  350.00000m    1.5831u 
  400.00000m    3.6154u 
  450.00000m    6.8422u 
  500.00000m   11.2132u 
  550.00000m   16.5907u 
  600.00000m   22.8412u 
  650.00000m   29.8544u 
  700.00000m   37.5375u 
  750.00000m   45.8071u 
  800.00000m   54.5840u 
  850.00000m   63.7906u 
  900.00000m   73.3478u 
  950.00000m   83.1713u 
    1.00000    93.1659u 
y
 vth0_value= 250.6260m
 u0_param=  48.1223m
 ags_param= 421.2384m
 
   *** monte carlo  index = 622 ***
x

 volt         param     
             i_d_0.7    
    0.         68.7737p 
   50.00000m  353.2742p 
  100.00000m    1.7760n 
  150.00000m    8.4599n 
  200.00000m   36.8185n 
  250.00000m  142.5194n 
  300.00000m  483.9827n 
  350.00000m    1.3913u 
  400.00000m    3.2640u 
  450.00000m    6.3160u 
  500.00000m   10.5195u 
  550.00000m   15.7414u 
  600.00000m   21.8460u 
  650.00000m   28.7206u 
  700.00000m   36.2712u 
  750.00000m   44.4139u 
  800.00000m   53.0697u 
  850.00000m   62.1616u 
  900.00000m   71.6113u 
  950.00000m   81.3360u 
    1.00000    91.2428u 
y
 vth0_value= 257.1936m
 u0_param=  48.0303m
 ags_param= 426.3149m
 
   *** monte carlo  index = 623 ***
x

 volt         param     
             i_d_0.7    
    0.         81.5703p 
   50.00000m  418.7209p 
  100.00000m    2.0966n 
  150.00000m    9.9114n 
  200.00000m   42.6549n 
  250.00000m  163.0141n 
  300.00000m  545.3653n 
  350.00000m    1.5371u 
  400.00000m    3.5306u 
  450.00000m    6.7134u 
  500.00000m   11.0400u 
  550.00000m   16.3738u 
  600.00000m   22.5811u 
  650.00000m   29.5515u 
  700.00000m   37.1921u 
  750.00000m   45.4194u 
  800.00000m   54.1547u 
  850.00000m   63.3205u 
  900.00000m   72.8380u 
  950.00000m   82.6233u 
    1.00000    92.5819u 
y
 vth0_value= 252.0333m
 u0_param=  48.0051m
 ags_param= 423.6521m
 
   *** monte carlo  index = 624 ***
x

 volt         param     
             i_d_0.7    
    0.        133.9613p 
   50.00000m  685.8645p 
  100.00000m    3.3980n 
  150.00000m   15.7558n 
  200.00000m   65.9797n 
  250.00000m  244.5310n 
  300.00000m  787.9310n 
  350.00000m    2.1149u 
  400.00000m    4.6226u 
  450.00000m    8.4435u 
  500.00000m   13.4857u 
  550.00000m   19.5918u 
  600.00000m   26.6190u 
  650.00000m   34.4506u 
  700.00000m   42.9869u 
  750.00000m   52.1378u 
  800.00000m   61.8176u 
  850.00000m   71.9418u 
  900.00000m   82.4244u 
  950.00000m   93.1735u 
    1.00000   104.0855u 
y
 vth0_value= 239.9911m
 u0_param=  52.5390m
 ags_param= 427.4752m
 
   *** monte carlo  index = 625 ***
x

 volt         param     
             i_d_0.7    
    0.        101.7890p 
   50.00000m  522.0700p 
  100.00000m    2.6024n 
  150.00000m   12.2010n 
  200.00000m   51.8845n 
  250.00000m  195.6217n 
  300.00000m  643.8593n 
  350.00000m    1.7762u 
  400.00000m    3.9903u 
  450.00000m    7.4508u 
  500.00000m   12.0914u 
  550.00000m   17.7657u 
  600.00000m   24.3358u 
  650.00000m   31.6882u 
  700.00000m   39.7271u 
  750.00000m   48.3661u 
  800.00000m   57.5232u 
  850.00000m   67.1177u 
  900.00000m   77.0676u 
  950.00000m   87.2854u 
    1.00000    97.6723u 
y
 vth0_value= 246.6888m
 u0_param=  50.0276m
 ags_param= 430.3649m
 
   *** monte carlo  index = 626 ***
x

 volt         param     
             i_d_0.7    
    0.         76.0772p 
   50.00000m  390.7669p 
  100.00000m    1.9610n 
  150.00000m    9.3093n 
  200.00000m   40.3081n 
  250.00000m  155.1049n 
  300.00000m  523.0630n 
  350.00000m    1.4898u 
  400.00000m    3.4603u 
  450.00000m    6.6402u 
  500.00000m   10.9915u 
  550.00000m   16.3758u 
  600.00000m   22.6551u 
  650.00000m   29.7149u 
  700.00000m   37.4597u 
  750.00000m   45.8039u 
  800.00000m   54.6670u 
  850.00000m   63.9704u 
  900.00000m   73.6341u 
  950.00000m   83.5737u 
    1.00000    93.6942u 
y
 vth0_value= 254.8300m
 u0_param=  49.0574m
 ags_param= 430.5915m
 
   *** monte carlo  index = 627 ***
x

 volt         param     
             i_d_0.7    
    0.         73.5791p 
   50.00000m  378.0316p 
  100.00000m    1.8990n 
  150.00000m    9.0324n 
  200.00000m   39.2198n 
  250.00000m  151.4021n 
  300.00000m  512.4673n 
  350.00000m    1.4668u 
  400.00000m    3.4247u 
  450.00000m    6.6001u 
  500.00000m   10.9590u 
  550.00000m   16.3623u 
  600.00000m   22.6697u 
  650.00000m   29.7650u 
  700.00000m   37.5513u 
  750.00000m   45.9421u 
  800.00000m   54.8562u 
  850.00000m   64.2144u 
  900.00000m   73.9364u 
  950.00000m   83.9373u 
    1.00000    94.1225u 
y
 vth0_value= 256.1418m
 u0_param=  49.5274m
 ags_param= 416.3084m
 
   *** monte carlo  index = 628 ***
x

 volt         param     
             i_d_0.7    
    0.         76.3614p 
   50.00000m  392.2122p 
  100.00000m    1.9680n 
  150.00000m    9.3403n 
  200.00000m   40.4283n 
  250.00000m  155.5060n 
  300.00000m  524.1744n 
  350.00000m    1.4921u 
  400.00000m    3.4633u 
  450.00000m    6.6423u 
  500.00000m   10.9907u 
  550.00000m   16.3702u 
  600.00000m   22.6429u 
  650.00000m   29.6947u 
  700.00000m   37.4301u 
  750.00000m   45.7639u 
  800.00000m   54.6156u 
  850.00000m   63.9066u 
  900.00000m   73.5572u 
  950.00000m   83.4829u 
    1.00000    93.5890u 
y
 vth0_value= 254.6688m
 u0_param=  48.9827m
 ags_param= 422.5485m
 
   *** monte carlo  index = 629 ***
x

 volt         param     
             i_d_0.7    
    0.        149.7795p 
   50.00000m  765.2778p 
  100.00000m    3.7732n 
  150.00000m   17.3504n 
  200.00000m   71.8561n 
  250.00000m  263.1267n 
  300.00000m  835.2628n 
  350.00000m    2.2000u 
  400.00000m    4.7221u 
  450.00000m    8.5044u 
  500.00000m   13.4493u 
  550.00000m   19.4070u 
  600.00000m   26.2442u 
  650.00000m   33.8514u 
  700.00000m   42.1345u 
  750.00000m   51.0075u 
  800.00000m   60.3881u 
  850.00000m   70.1944u 
  900.00000m   80.3427u 
  950.00000m   90.7423u 
    1.00000   101.2902u 
y
 vth0_value= 235.1862m
 u0_param=  50.2304m
 ags_param= 422.5790m
 
   *** monte carlo  index = 630 ***
x

 volt         param     
             i_d_0.7    
    0.         40.0551p 
   50.00000m  205.5398p 
  100.00000m    1.0442n 
  150.00000m    5.0827n 
  200.00000m   22.8756n 
  250.00000m   92.1675n 
  300.00000m  327.4457n 
  350.00000m  999.4101n 
  400.00000m    2.5089u 
  450.00000m    5.1489u 
  500.00000m    8.9581u 
  550.00000m   13.8214u 
  600.00000m   19.5982u 
  650.00000m   26.1686u 
  700.00000m   33.4338u 
  750.00000m   41.3080u 
  800.00000m   49.7116u 
  850.00000m   58.5683u 
  900.00000m   67.8013u 
  950.00000m   77.3308u 
    1.00000    87.0692u 
y
 vth0_value= 273.6146m
 u0_param=  48.1538m
 ags_param= 415.9256m
 
   *** monte carlo  index = 631 ***
x

 volt         param     
             i_d_0.7    
    0.        209.2887p 
   50.00000m    1.0650n 
  100.00000m    5.1994n 
  150.00000m   23.5145n 
  200.00000m   95.3137n 
  250.00000m  340.8578n 
  300.00000m    1.0494u 
  350.00000m    2.6625u 
  400.00000m    5.5179u 
  450.00000m    9.6727u 
  500.00000m   15.0056u 
  550.00000m   21.3611u 
  600.00000m   28.6054u 
  650.00000m   36.6284u 
  700.00000m   45.3342u 
  750.00000m   54.6346u 
  800.00000m   64.4445u 
  850.00000m   74.6793u 
  900.00000m   85.2515u 
  950.00000m   96.0665u 
    1.00000   107.0158u 
y
 vth0_value= 226.1521m
 u0_param=  51.8958m
 ags_param= 424.8994m
 
   *** monte carlo  index = 632 ***
x

 volt         param     
             i_d_0.7    
    0.         36.2758p 
   50.00000m  185.9650p 
  100.00000m  945.9823p 
  150.00000m    4.6179n 
  200.00000m   20.8834n 
  250.00000m   84.6494n 
  300.00000m  302.7564n 
  350.00000m  932.2252n 
  400.00000m    2.3649u 
  450.00000m    4.9000u 
  500.00000m    8.5873u 
  550.00000m   13.3179u 
  600.00000m   18.9536u 
  650.00000m   25.3756u 
  700.00000m   32.4861u 
  750.00000m   40.2002u 
  800.00000m   48.4397u 
  850.00000m   57.1293u 
  900.00000m   66.1936u 
  950.00000m   75.5542u 
    1.00000    85.1250u 
y
 vth0_value= 276.1065m
 u0_param=  47.3836m
 ags_param= 412.0220m
 
   *** monte carlo  index = 633 ***
x

 volt         param     
             i_d_0.7    
    0.         69.9263p 
   50.00000m  359.3680p 
  100.00000m    1.8078n 
  150.00000m    8.6215n 
  200.00000m   37.5844n 
  250.00000m  145.7498n 
  300.00000m  495.9217n 
  350.00000m    1.4293u 
  400.00000m    3.3622u 
  450.00000m    6.5202u 
  500.00000m   10.8754u 
  550.00000m   16.2885u 
  600.00000m   22.6168u 
  650.00000m   29.7421u 
  700.00000m   37.5659u 
  750.00000m   46.0009u 
  800.00000m   54.9648u 
  850.00000m   64.3780u 
  900.00000m   74.1596u 
  950.00000m   84.2248u 
    1.00000    94.4787u 
y
 vth0_value= 257.9959m
 u0_param=  50.0238m
 ags_param= 419.5955m
 
   *** monte carlo  index = 634 ***
x

 volt         param     
             i_d_0.7    
    0.         91.3872p 
   50.00000m  469.0374p 
  100.00000m    2.3442n 
  150.00000m   11.0430n 
  200.00000m   47.2820n 
  250.00000m  179.6386n 
  300.00000m  596.7288n 
  350.00000m    1.6661u 
  400.00000m    3.7897u 
  450.00000m    7.1478u 
  500.00000m   11.6841u 
  550.00000m   17.2549u 
  600.00000m   23.7219u 
  650.00000m   30.9712u 
  700.00000m   38.9068u 
  750.00000m   47.4427u 
  800.00000m   56.4973u 
  850.00000m   65.9906u 
  900.00000m   75.8414u 
  950.00000m   85.9632u 
    1.00000    96.2588u 
y
 vth0_value= 249.7358m
 u0_param=  49.7182m
 ags_param= 426.4437m
 
   *** monte carlo  index = 635 ***
x

 volt         param     
             i_d_0.7    
    0.         66.5195p 
   50.00000m  341.8386p 
  100.00000m    1.7209n 
  150.00000m    8.2193n 
  200.00000m   35.9125n 
  250.00000m  139.6377n 
  300.00000m  476.6097n 
  350.00000m    1.3794u 
  400.00000m    3.2595u 
  450.00000m    6.3456u 
  500.00000m   10.6149u 
  550.00000m   15.9312u 
  600.00000m   22.1538u 
  650.00000m   29.1660u 
  700.00000m   36.8706u 
  750.00000m   45.1811u 
  800.00000m   54.0166u 
  850.00000m   63.2983u 
  900.00000m   72.9465u 
  950.00000m   82.8771u 
    1.00000    92.9966u 
y
 vth0_value= 259.0525m
 u0_param=  49.3269m
 ags_param= 426.1177m
 
   *** monte carlo  index = 636 ***
x

 volt         param     
             i_d_0.7    
    0.         46.1485p 
   50.00000m  237.0446p 
  100.00000m    1.2018n 
  150.00000m    5.8235n 
  200.00000m   26.0188n 
  250.00000m  103.8905n 
  300.00000m  365.4009n 
  350.00000m    1.1005u 
  400.00000m    2.7200u 
  450.00000m    5.5048u 
  500.00000m    9.4768u 
  550.00000m   14.5127u 
  600.00000m   20.4698u 
  650.00000m   27.2273u 
  700.00000m   34.6856u 
  750.00000m   42.7576u 
  800.00000m   51.3627u 
  850.00000m   60.4228u 
  900.00000m   69.8599u 
  950.00000m   79.5925u 
    1.00000    89.5307u 
y
 vth0_value= 269.9036m
 u0_param=  49.0323m
 ags_param= 416.6340m
 
   *** monte carlo  index = 637 ***
x

 volt         param     
             i_d_0.7    
    0.         67.9743p 
   50.00000m  349.2662p 
  100.00000m    1.7571n 
  150.00000m    8.3819n 
  200.00000m   36.5546n 
  250.00000m  141.8284n 
  300.00000m  482.9005n 
  350.00000m    1.3930u 
  400.00000m    3.2802u 
  450.00000m    6.3669u 
  500.00000m   10.6274u 
  550.00000m   15.9262u 
  600.00000m   22.1239u 
  650.00000m   29.1051u 
  700.00000m   36.7735u 
  750.00000m   45.0434u 
  800.00000m   53.8344u 
  850.00000m   63.0681u 
  900.00000m   72.6652u 
  950.00000m   82.5421u 
    1.00000    92.6052u 
y
 vth0_value= 258.1698m
 u0_param=  48.9735m
 ags_param= 417.4648m
 
   *** monte carlo  index = 638 ***
x

 volt         param     
             i_d_0.7    
    0.        150.2257p 
   50.00000m  767.7045p 
  100.00000m    3.7865n 
  150.00000m   17.4213n 
  200.00000m   72.2027n 
  250.00000m  264.5975n 
  300.00000m  840.7108n 
  350.00000m    2.2169u 
  400.00000m    4.7635u 
  450.00000m    8.5860u 
  500.00000m   13.5855u 
  550.00000m   19.6101u 
  600.00000m   26.5243u 
  650.00000m   34.2170u 
  700.00000m   42.5928u 
  750.00000m   51.5645u 
  800.00000m   61.0487u 
  850.00000m   70.9631u 
  900.00000m   81.2227u 
  950.00000m   91.7365u 
    1.00000   102.4008u 
y
 vth0_value= 235.5112m
 u0_param=  50.8819m
 ags_param= 427.0541m
 
   *** monte carlo  index = 639 ***
x

 volt         param     
             i_d_0.7    
    0.        119.9723p 
   50.00000m  614.3796p 
  100.00000m    3.0482n 
  150.00000m   14.1709n 
  200.00000m   59.5604n 
  250.00000m  221.6711n 
  300.00000m  718.1394n 
  350.00000m    1.9410u 
  400.00000m    4.2719u 
  450.00000m    7.8470u 
  500.00000m   12.5856u 
  550.00000m   18.3410u 
  600.00000m   24.9784u 
  650.00000m   32.3873u 
  700.00000m   40.4732u 
  750.00000m   49.1508u 
  800.00000m   58.3385u 
  850.00000m   67.9558u 
  900.00000m   77.9204u 
  950.00000m   88.1439u 
    1.00000    98.5263u 
y
 vth0_value= 241.5357m
 u0_param=  49.7110m
 ags_param= 417.8816m
 
   *** monte carlo  index = 640 ***
x

 volt         param     
             i_d_0.7    
    0.         46.5212p 
   50.00000m  238.9443p 
  100.00000m    1.2111n 
  150.00000m    5.8643n 
  200.00000m   26.1737n 
  250.00000m  104.3782n 
  300.00000m  366.6165n 
  350.00000m    1.1022u 
  400.00000m    2.7186u 
  450.00000m    5.4920u 
  500.00000m    9.4422u 
  550.00000m   14.4468u 
  600.00000m   20.3646u 
  650.00000m   27.0761u 
  700.00000m   34.4829u 
  750.00000m   42.4988u 
  800.00000m   51.0439u 
  850.00000m   60.0407u 
  900.00000m   69.4117u 
  950.00000m   79.0757u 
    1.00000    88.9432u 
y
 vth0_value= 269.3757m
 u0_param=  48.5981m
 ags_param= 418.1969m
 
   *** monte carlo  index = 641 ***
x

 volt         param     
             i_d_0.7    
    0.         53.8966p 
   50.00000m  276.9622p 
  100.00000m    1.4001n 
  150.00000m    6.7430n 
  200.00000m   29.8398n 
  250.00000m  117.7791n 
  300.00000m  408.9302n 
  350.00000m    1.2107u 
  400.00000m    2.9341u 
  450.00000m    5.8370u 
  500.00000m    9.9208u 
  550.00000m   15.0569u 
  600.00000m   21.1037u 
  650.00000m   27.9429u 
  700.00000m   35.4763u 
  750.00000m   43.6176u 
  800.00000m   52.2864u 
  850.00000m   61.4046u 
  900.00000m   70.8937u 
  950.00000m   80.6716u 
    1.00000    90.6470u 
y
 vth0_value= 265.1560m
 u0_param=  48.9475m
 ags_param= 408.6102m
 
   *** monte carlo  index = 642 ***
x

 volt         param     
             i_d_0.7    
    0.         49.3328p 
   50.00000m  253.5079p 
  100.00000m    1.2842n 
  150.00000m    6.2108n 
  200.00000m   27.6658n 
  250.00000m  110.0586n 
  300.00000m  385.4766n 
  350.00000m    1.1545u 
  400.00000m    2.8351u 
  450.00000m    5.7049u 
  500.00000m    9.7788u 
  550.00000m   14.9289u 
  600.00000m   21.0099u 
  650.00000m   27.8997u 
  700.00000m   35.4971u 
  750.00000m   43.7141u 
  800.00000m   52.4686u 
  850.00000m   61.6816u 
  900.00000m   71.2736u 
  950.00000m   81.1622u 
    1.00000    91.2561u 
y
 vth0_value= 268.3987m
 u0_param=  49.8258m
 ags_param= 408.9984m
 
   *** monte carlo  index = 643 ***
x

 volt         param     
             i_d_0.7    
    0.        102.5127p 
   50.00000m  525.5798p 
  100.00000m    2.6178n 
  150.00000m   12.2551n 
  200.00000m   52.0101n 
  250.00000m  195.6696n 
  300.00000m  642.3704n 
  350.00000m    1.7662u 
  400.00000m    3.9547u 
  450.00000m    7.3648u 
  500.00000m   11.9301u 
  550.00000m   17.5074u 
  600.00000m   23.9628u 
  650.00000m   31.1857u 
  700.00000m   39.0826u 
  750.00000m   47.5689u 
  800.00000m   56.5643u 
  850.00000m   65.9897u 
  900.00000m   75.7641u 
  950.00000m   85.8012u 
    1.00000    96.0031u 
y
 vth0_value= 245.7831m
 u0_param=  48.9608m
 ags_param= 425.1064m
 
   *** monte carlo  index = 644 ***
x

 volt         param     
             i_d_0.7    
    0.         95.6631p 
   50.00000m  490.7469p 
  100.00000m    2.4490n 
  150.00000m   11.5053n 
  200.00000m   49.0701n 
  250.00000m  185.6272n 
  300.00000m  613.4547n 
  350.00000m    1.7013u 
  400.00000m    3.8430u 
  450.00000m    7.2078u 
  500.00000m   11.7349u 
  550.00000m   17.2819u 
  600.00000m   23.7127u 
  650.00000m   30.9159u 
  700.00000m   38.7968u 
  750.00000m   47.2704u 
  800.00000m   56.2563u 
  850.00000m   65.6750u 
  900.00000m   75.4459u 
  950.00000m   85.4829u 
    1.00000    95.6889u 
y
 vth0_value= 247.9857m
 u0_param=  49.1439m
 ags_param= 411.3525m
 
   *** monte carlo  index = 645 ***
x

 volt         param     
             i_d_0.7    
    0.         52.9955p 
   50.00000m  272.3581p 
  100.00000m    1.3776n 
  150.00000m    6.6422n 
  200.00000m   29.4455n 
  250.00000m  116.4631n 
  300.00000m  405.2887n 
  350.00000m    1.2036u 
  400.00000m    2.9268u 
  450.00000m    5.8397u 
  500.00000m    9.9471u 
  550.00000m   15.1193u 
  600.00000m   21.2131u 
  650.00000m   28.1081u 
  700.00000m   35.7048u 
  750.00000m   43.9159u 
  800.00000m   52.6600u 
  850.00000m   61.8585u 
  900.00000m   71.4321u 
  950.00000m   81.2980u 
    1.00000    91.3647u 
y
 vth0_value= 266.0165m
 u0_param=  49.4877m
 ags_param= 423.2343m
 
   *** monte carlo  index = 646 ***
x

 volt         param     
             i_d_0.7    
    0.         70.7166p 
   50.00000m  363.4259p 
  100.00000m    1.8278n 
  150.00000m    8.7135n 
  200.00000m   37.9620n 
  250.00000m  147.1092n 
  300.00000m  500.1313n 
  350.00000m    1.4398u 
  400.00000m    3.3829u 
  450.00000m    6.5537u 
  500.00000m   10.9232u 
  550.00000m   16.3513u 
  600.00000m   22.6954u 
  650.00000m   29.8371u 
  700.00000m   37.6778u 
  750.00000m   46.1300u 
  800.00000m   55.1115u 
  850.00000m   64.5423u 
  900.00000m   74.3417u 
  950.00000m   84.4243u 
    1.00000    94.6955u 
y
 vth0_value= 257.7096m
 u0_param=  50.1059m
 ags_param= 417.5684m
 
   *** monte carlo  index = 647 ***
x

 volt         param     
             i_d_0.7    
    0.         86.3266p 
   50.00000m  443.1476p 
  100.00000m    2.2172n 
  150.00000m   10.4669n 
  200.00000m   44.9505n 
  250.00000m  171.3663n 
  300.00000m  571.5928n 
  350.00000m    1.6046u 
  400.00000m    3.6703u 
  450.00000m    6.9546u 
  500.00000m   11.4066u 
  550.00000m   16.8851u 
  600.00000m   23.2529u 
  650.00000m   30.3970u 
  700.00000m   38.2223u 
  750.00000m   46.6433u 
  800.00000m   55.5796u 
  850.00000m   64.9520u 
  900.00000m   74.6801u 
  950.00000m   84.6786u 
    1.00000    94.8517u 
y
 vth0_value= 251.0909m
 u0_param=  49.1624m
 ags_param= 406.2356m
 
   *** monte carlo  index = 648 ***
x

 volt         param     
             i_d_0.7    
    0.         98.9556p 
   50.00000m  507.5470p 
  100.00000m    2.5310n 
  150.00000m   11.8740n 
  200.00000m   50.5436n 
  250.00000m  190.7819n 
  300.00000m  628.8126n 
  350.00000m    1.7379u 
  400.00000m    3.9115u 
  450.00000m    7.3150u 
  500.00000m   11.8845u 
  550.00000m   17.4761u 
  600.00000m   23.9536u 
  650.00000m   31.2051u 
  700.00000m   39.1358u 
  750.00000m   47.6604u 
  800.00000m   56.6978u 
  850.00000m   66.1685u 
  900.00000m   75.9914u 
  950.00000m   86.0799u 
    1.00000    96.3365u 
y
 vth0_value= 247.1181m
 u0_param=  49.3762m
 ags_param= 407.8869m
 
   *** monte carlo  index = 649 ***
x

 volt         param     
             i_d_0.7    
    0.         99.5600p 
   50.00000m  510.7909p 
  100.00000m    2.5483n 
  150.00000m   11.9653n 
  200.00000m   50.9896n 
  250.00000m  192.6950n 
  300.00000m  635.9858n 
  350.00000m    1.7608u 
  400.00000m    3.9702u 
  450.00000m    7.4350u 
  500.00000m   12.0907u 
  550.00000m   17.7898u 
  600.00000m   24.3923u 
  650.00000m   31.7835u 
  700.00000m   39.8663u 
  750.00000m   48.5534u 
  800.00000m   57.7622u 
  850.00000m   67.4117u 
  900.00000m   77.4194u 
  950.00000m   87.6975u 
    1.00000    98.1474u 
y
 vth0_value= 247.6337m
 u0_param=  50.4633m
 ags_param= 416.5906m
 
   *** monte carlo  index = 650 ***
x

 volt         param     
             i_d_0.7    
    0.         60.5613p 
   50.00000m  311.2126p 
  100.00000m    1.5694n 
  150.00000m    7.5214n 
  200.00000m   33.0343n 
  250.00000m  129.2304n 
  300.00000m  444.1873n 
  350.00000m    1.2976u 
  400.00000m    3.0979u 
  450.00000m    6.0838u 
  500.00000m   10.2425u 
  550.00000m   15.4421u 
  600.00000m   21.5429u 
  650.00000m   28.4285u 
  700.00000m   36.0022u 
  750.00000m   44.1784u 
  800.00000m   52.8770u 
  850.00000m   62.0201u 
  900.00000m   71.5291u 
  950.00000m   81.3212u 
    1.00000    91.3044u 
y
 vth0_value= 261.5109m
 u0_param=  48.7567m
 ags_param= 408.8823m
 
   *** monte carlo  index = 651 ***
x

 volt         param     
             i_d_0.7    
    0.         96.6585p 
   50.00000m  496.0571p 
  100.00000m    2.4772n 
  150.00000m   11.6511n 
  200.00000m   49.7717n 
  250.00000m  188.6019n 
  300.00000m  624.4881n 
  350.00000m    1.7363u 
  400.00000m    3.9318u 
  450.00000m    7.3888u 
  500.00000m   12.0454u 
  550.00000m   17.7535u 
  600.00000m   24.3718u 
  650.00000m   31.7841u 
  700.00000m   39.8925u 
  750.00000m   48.6092u 
  800.00000m   57.8509u 
  850.00000m   67.5364u 
  900.00000m   77.5828u 
  950.00000m   87.9023u 
    1.00000    98.3964u 
y
 vth0_value= 248.7249m
 u0_param=  50.7802m
 ags_param= 415.8252m
 
   *** monte carlo  index = 652 ***
x

 volt         param     
             i_d_0.7    
    0.        132.1990p 
   50.00000m  676.1948p 
  100.00000m    3.3444n 
  150.00000m   15.4621n 
  200.00000m   64.5032n 
  250.00000m  238.1081n 
  300.00000m  763.5886n 
  350.00000m    2.0373u 
  400.00000m    4.4273u 
  450.00000m    8.0517u 
  500.00000m   12.8228u 
  550.00000m   18.5950u 
  600.00000m   25.2366u 
  650.00000m   32.6394u 
  700.00000m   40.7107u 
  750.00000m   49.3660u 
  800.00000m   58.5245u 
  850.00000m   68.1063u 
  900.00000m   78.0291u 
  950.00000m   88.2044u 
    1.00000    98.5313u 
y
 vth0_value= 238.2870m
 u0_param=  49.2101m
 ags_param= 418.9934m
 
   *** monte carlo  index = 653 ***
x

 volt         param     
             i_d_0.7    
    0.         55.2941p 
   50.00000m  284.1476p 
  100.00000m    1.4356n 
  150.00000m    6.9066n 
  200.00000m   30.5123n 
  250.00000m  120.1914n 
  300.00000m  416.3660n 
  350.00000m    1.2290u 
  400.00000m    2.9686u 
  450.00000m    5.8883u 
  500.00000m    9.9868u 
  550.00000m   15.1346u 
  600.00000m   21.1908u 
  650.00000m   28.0377u 
  700.00000m   35.5775u 
  750.00000m   43.7242u 
  800.00000m   52.3974u 
  850.00000m   61.5193u 
  900.00000m   71.0112u 
  950.00000m   80.7909u 
    1.00000    90.7668u 
y
 vth0_value= 264.3303m
 u0_param=  48.8674m
 ags_param= 424.1380m
 
   *** monte carlo  index = 654 ***
x

 volt         param     
             i_d_0.7    
    0.         66.1643p 
   50.00000m  339.9873p 
  100.00000m    1.7115n 
  150.00000m    8.1736n 
  200.00000m   35.7086n 
  250.00000m  138.8274n 
  300.00000m  473.7875n 
  350.00000m    1.3710u 
  400.00000m    3.2392u 
  450.00000m    6.3053u 
  500.00000m   10.5467u 
  550.00000m   15.8283u 
  600.00000m   22.0107u 
  650.00000m   28.9780u 
  700.00000m   36.6335u 
  750.00000m   44.8917u 
  800.00000m   53.6720u 
  850.00000m   62.8960u 
  900.00000m   72.4846u 
  950.00000m   82.3541u 
    1.00000    92.4114u 
y
 vth0_value= 258.9920m
 u0_param=  48.9863m
 ags_param= 421.0008m
 
   *** monte carlo  index = 655 ***
x

 volt         param     
             i_d_0.7    
    0.        137.9792p 
   50.00000m  705.5917p 
  100.00000m    3.4869n 
  150.00000m   16.0977n 
  200.00000m   67.0222n 
  250.00000m  246.8605n 
  300.00000m  789.4287n 
  350.00000m    2.0987u 
  400.00000m    4.5449u 
  450.00000m    8.2427u 
  500.00000m   13.1005u 
  550.00000m   18.9700u 
  600.00000m   25.7178u 
  650.00000m   33.2343u 
  700.00000m   41.4257u 
  750.00000m   50.2063u 
  800.00000m   59.4943u 
  850.00000m   69.2086u 
  900.00000m   79.2661u 
  950.00000m   89.5772u 
    1.00000   100.0400u 
y
 vth0_value= 237.4499m
 u0_param=  49.9061m
 ags_param= 418.5753m
 
   *** monte carlo  index = 656 ***
x

 volt         param     
             i_d_0.7    
    0.         90.1313p 
   50.00000m  462.6429p 
  100.00000m    2.3131n 
  150.00000m   10.9046n 
  200.00000m   46.7372n 
  250.00000m  177.7737n 
  300.00000m  591.3410n 
  350.00000m    1.6541u 
  400.00000m    3.7692u 
  450.00000m    7.1198u 
  500.00000m   11.6509u 
  550.00000m   17.2187u 
  600.00000m   23.6844u 
  650.00000m   30.9337u 
  700.00000m   38.8704u 
  750.00000m   47.4082u 
  800.00000m   56.4656u 
  850.00000m   65.9624u 
  900.00000m   75.8174u 
  950.00000m   85.9441u 
    1.00000    96.2456u 
y
 vth0_value= 250.2008m
 u0_param=  49.7931m
 ags_param= 419.6939m
 
   *** monte carlo  index = 657 ***
x

 volt         param     
             i_d_0.7    
    0.         41.0356p 
   50.00000m  210.6150p 
  100.00000m    1.0697n 
  150.00000m    5.2029n 
  200.00000m   23.3891n 
  250.00000m   94.0996n 
  300.00000m  333.7682n 
  350.00000m    1.0165u 
  400.00000m    2.5454u 
  450.00000m    5.2119u 
  500.00000m    9.0518u 
  550.00000m   13.9486u 
  600.00000m   19.7610u 
  650.00000m   26.3687u 
  700.00000m   33.6728u 
  750.00000m   41.5871u 
  800.00000m   50.0317u 
  850.00000m   58.9299u 
  900.00000m   68.2047u 
  950.00000m   77.7760u 
    1.00000    87.5557u 
y
 vth0_value= 273.0164m
 u0_param=  48.3573m
 ags_param= 410.3277m
 
   *** monte carlo  index = 658 ***
x

 volt         param     
             i_d_0.7    
    0.         98.9087p 
   50.00000m  507.3766p 
  100.00000m    2.5308n 
  150.00000m   11.8789n 
  200.00000m   50.5982n 
  250.00000m  191.1245n 
  300.00000m  630.4658n 
  350.00000m    1.7443u 
  400.00000m    3.9303u 
  450.00000m    7.3565u 
  500.00000m   11.9589u 
  550.00000m   17.5922u 
  600.00000m   24.1187u 
  650.00000m   31.4253u 
  700.00000m   39.4161u 
  750.00000m   48.0051u 
  800.00000m   57.1106u 
  850.00000m   66.6525u 
  900.00000m   76.5489u 
  950.00000m   86.7130u 
    1.00000    97.0469u 
y
 vth0_value= 247.4198m
 u0_param=  49.8203m
 ags_param= 409.0282m
 
   *** monte carlo  index = 659 ***
x

 volt         param     
             i_d_0.7    
    0.         74.2412p 
   50.00000m  381.4153p 
  100.00000m    1.9156n 
  150.00000m    9.1071n 
  200.00000m   39.5182n 
  250.00000m  152.4402n 
  300.00000m  515.5380n 
  350.00000m    1.4739u 
  400.00000m    3.4371u 
  450.00000m    6.6174u 
  500.00000m   10.9800u 
  550.00000m   16.3856u 
  600.00000m   22.6942u 
  650.00000m   29.7902u 
  700.00000m   37.5767u 
  750.00000m   45.9675u 
  800.00000m   54.8813u 
  850.00000m   64.2390u 
  900.00000m   73.9603u 
  950.00000m   83.9603u 
    1.00000    94.1440u 
y
 vth0_value= 255.8371m
 u0_param=  49.4738m
 ags_param= 429.8986m
 
   *** monte carlo  index = 660 ***
x

 volt         param     
             i_d_0.7    
    0.         43.1087p 
   50.00000m  221.2459p 
  100.00000m    1.1219n 
  150.00000m    5.4399n 
  200.00000m   24.3321n 
  250.00000m   97.2973n 
  300.00000m  342.8250n 
  350.00000m    1.0351u 
  400.00000m    2.5656u 
  450.00000m    5.2062u 
  500.00000m    8.9819u 
  550.00000m   13.7777u 
  600.00000m   19.4583u 
  650.00000m   25.9091u 
  700.00000m   33.0352u 
  750.00000m   40.7538u 
  800.00000m   48.9878u 
  850.00000m   57.6624u 
  900.00000m   66.7026u 
  950.00000m   76.0298u 
    1.00000    85.5569u 
y
 vth0_value= 270.4474m
 u0_param=  46.7603m
 ags_param= 422.8754m
 
   *** monte carlo  index = 661 ***
x

 volt         param     
             i_d_0.7    
    0.         20.9795p 
   50.00000m  106.5687p 
  100.00000m  545.8391p 
  150.00000m    2.7117n 
  200.00000m   12.6366n 
  250.00000m   53.2876n 
  300.00000m  199.0464n 
  350.00000m  647.6562n 
  400.00000m    1.7599u 
  450.00000m    3.8934u 
  500.00000m    7.1790u 
  550.00000m   11.5432u 
  600.00000m   16.8480u 
  650.00000m   22.9668u 
  700.00000m   29.7957u 
  750.00000m   37.2470u 
  800.00000m   45.2412u 
  850.00000m   53.7032u 
  900.00000m   62.5587u 
  950.00000m   71.7317u 
    1.00000    81.1402u 
y
 vth0_value= 292.9814m
 u0_param=  47.5846m
 ags_param= 413.2188m
 
   *** monte carlo  index = 662 ***
x

 volt         param     
             i_d_0.7    
    0.         70.3054p 
   50.00000m  361.2878p 
  100.00000m    1.8170n 
  150.00000m    8.6614n 
  200.00000m   37.7326n 
  250.00000m  146.2106n 
  300.00000m  497.0508n 
  350.00000m    1.4309u 
  400.00000m    3.3616u 
  450.00000m    6.5123u 
  500.00000m   10.8541u 
  550.00000m   16.2482u 
  600.00000m   22.5529u 
  650.00000m   29.6508u 
  700.00000m   37.4439u 
  750.00000m   45.8454u 
  800.00000m   54.7736u 
  850.00000m   64.1488u 
  900.00000m   73.8908u 
  950.00000m   83.9148u 
    1.00000    94.1264u 
y
 vth0_value= 257.6732m
 u0_param=  49.7749m
 ags_param= 414.8361m
 
   *** monte carlo  index = 663 ***
x

 volt         param     
             i_d_0.7    
    0.        110.9214p 
   50.00000m  568.4788p 
  100.00000m    2.8270n 
  150.00000m   13.1965n 
  200.00000m   55.7793n 
  250.00000m  208.8984n 
  300.00000m  681.9690n 
  350.00000m    1.8615u 
  400.00000m    4.1375u 
  450.00000m    7.6597u 
  500.00000m   12.3541u 
  550.00000m   18.0740u 
  600.00000m   24.6830u 
  650.00000m   32.0691u 
  700.00000m   40.1373u 
  750.00000m   48.8016u 
  800.00000m   57.9801u 
  850.00000m   67.5923u 
  900.00000m   77.5560u 
  950.00000m   87.7831u 
    1.00000    98.1742u 
y
 vth0_value= 244.0125m
 u0_param=  49.8889m
 ags_param= 428.4934m
 
   *** monte carlo  index = 664 ***
x

 volt         param     
             i_d_0.7    
    0.         94.1947p 
   50.00000m  483.2920p 
  100.00000m    2.4130n 
  150.00000m   11.3466n 
  200.00000m   48.4558n 
  250.00000m  183.5684n 
  300.00000m  607.7010n 
  350.00000m    1.6892u 
  400.00000m    3.8245u 
  450.00000m    7.1866u 
  500.00000m   11.7165u 
  550.00000m   17.2713u 
  600.00000m   23.7144u 
  650.00000m   30.9335u 
  700.00000m   38.8336u 
  750.00000m   47.3296u 
  800.00000m   56.3404u 
  850.00000m   65.7865u 
  900.00000m   75.5871u 
  950.00000m   85.6558u 
    1.00000    95.8952u 
y
 vth0_value= 248.5664m
 u0_param=  49.3199m
 ags_param= 434.2371m
 
   *** monte carlo  index = 665 ***
x

 volt         param     
             i_d_0.7    
    0.         79.8394p 
   50.00000m  410.0236p 
  100.00000m    2.0555n 
  150.00000m    9.7385n 
  200.00000m   42.0434n 
  250.00000m  161.2421n 
  300.00000m  541.6197n 
  350.00000m    1.5346u 
  400.00000m    3.5446u 
  450.00000m    6.7705u 
  500.00000m   11.1692u 
  550.00000m   16.6007u 
  600.00000m   22.9267u 
  650.00000m   30.0330u 
  700.00000m   37.8236u 
  750.00000m   46.2130u 
  800.00000m   55.1204u 
  850.00000m   64.4668u 
  900.00000m   74.1720u 
  950.00000m   84.1511u 
    1.00000    94.3091u 
y
 vth0_value= 253.4903m
 u0_param=  49.2331m
 ags_param= 403.6158m
 
   *** monte carlo  index = 666 ***
x

 volt         param     
             i_d_0.7    
    0.         79.2327p 
   50.00000m  406.9621p 
  100.00000m    2.0409n 
  150.00000m    9.6760n 
  200.00000m   41.8148n 
  250.00000m  160.5437n 
  300.00000m  539.9662n 
  350.00000m    1.5325u 
  400.00000m    3.5462u 
  450.00000m    6.7834u 
  500.00000m   11.2023u 
  550.00000m   16.6620u 
  600.00000m   23.0228u 
  650.00000m   30.1696u 
  700.00000m   38.0056u 
  750.00000m   46.4446u 
  800.00000m   55.4053u 
  850.00000m   64.8081u 
  900.00000m   74.5726u 
  950.00000m   84.6132u 
    1.00000    94.8346u 
y
 vth0_value= 253.9476m
 u0_param=  49.5837m
 ags_param= 419.4819m
 
   *** monte carlo  index = 667 ***
x

 volt         param     
             i_d_0.7    
    0.        111.1831p 
   50.00000m  569.6144p 
  100.00000m    2.8306n 
  150.00000m   13.1968n 
  200.00000m   55.6861n 
  250.00000m  208.1711n 
  300.00000m  678.1303n 
  350.00000m    1.8459u 
  400.00000m    4.0915u 
  450.00000m    7.5584u 
  500.00000m   12.1729u 
  550.00000m   17.7918u 
  600.00000m   24.2824u 
  650.00000m   31.5354u 
  700.00000m   39.4583u 
  750.00000m   47.9666u 
  800.00000m   56.9805u 
  850.00000m   66.4205u 
  900.00000m   76.2059u 
  950.00000m   86.2497u 
    1.00000    96.4533u 
y
 vth0_value= 243.2509m
 u0_param=  48.8285m
 ags_param= 419.7367m
 
   *** monte carlo  index = 668 ***
x

 volt         param     
             i_d_0.7    
    0.         85.3725p 
   50.00000m  438.2568p 
  100.00000m    2.1932n 
  150.00000m   10.3568n 
  200.00000m   44.5002n 
  250.00000m  169.7487n 
  300.00000m  566.6002n 
  350.00000m    1.5921u 
  400.00000m    3.6453u 
  450.00000m    6.9131u 
  500.00000m   11.3456u 
  550.00000m   16.8026u 
  600.00000m   23.1473u 
  650.00000m   30.2672u 
  700.00000m   38.0674u 
  750.00000m   46.4629u 
  800.00000m   55.3733u 
  850.00000m   64.7197u 
  900.00000m   74.4220u 
  950.00000m   84.3949u 
    1.00000    94.5424u 
y
 vth0_value= 251.3166m
 u0_param=  48.9956m
 ags_param= 427.1036m
 
   *** monte carlo  index = 669 ***
x

 volt         param     
             i_d_0.7    
    0.         73.1696p 
   50.00000m  376.0196p 
  100.00000m    1.8900n 
  150.00000m    8.9988n 
  200.00000m   39.1335n 
  250.00000m  151.3275n 
  300.00000m  513.1993n 
  350.00000m    1.4726u 
  400.00000m    3.4475u 
  450.00000m    6.6589u 
  500.00000m   11.0740u 
  550.00000m   16.5512u 
  600.00000m   22.9472u 
  650.00000m   30.1432u 
  700.00000m   38.0403u 
  750.00000m   46.5506u 
  800.00000m   55.5914u 
  850.00000m   65.0824u 
  900.00000m   74.9423u 
  950.00000m   85.0854u 
    1.00000    95.4164u 
y
 vth0_value= 256.8597m
 u0_param=  50.3848m
 ags_param= 418.1038m
 
   *** monte carlo  index = 670 ***
x

 volt         param     
             i_d_0.7    
    0.        133.9095p 
   50.00000m  685.0192p 
  100.00000m    3.3884n 
  150.00000m   15.6678n 
  200.00000m   65.3727n 
  250.00000m  241.3531n 
  300.00000m  774.1028n 
  350.00000m    2.0657u 
  400.00000m    4.4897u 
  450.00000m    8.1657u 
  500.00000m   13.0045u 
  550.00000m   18.8577u 
  600.00000m   25.5914u 
  650.00000m   33.0957u 
  700.00000m   41.2763u 
  750.00000m   50.0476u 
  800.00000m   59.3277u 
  850.00000m   69.0356u 
  900.00000m   79.0881u 
  950.00000m   89.3958u 
    1.00000    99.8571u 
y
 vth0_value= 238.3753m
 u0_param=  49.9429m
 ags_param= 423.9620m
 
   *** monte carlo  index = 671 ***
x

 volt         param     
             i_d_0.7    
    0.        178.2120p 
   50.00000m  908.4306p 
  100.00000m    4.4539n 
  150.00000m   20.2855n 
  200.00000m   82.9722n 
  250.00000m  299.7191n 
  300.00000m  934.9777n 
  350.00000m    2.4102u 
  400.00000m    5.0690u 
  450.00000m    8.9873u 
  500.00000m   14.0561u 
  550.00000m   20.1258u 
  600.00000m   27.0661u 
  650.00000m   34.7693u 
  700.00000m   43.1424u 
  750.00000m   52.0997u 
  800.00000m   61.5590u 
  850.00000m   71.4380u 
  900.00000m   81.6522u 
  950.00000m   92.1096u 
    1.00000   102.7049u 
y
 vth0_value= 229.9058m
 u0_param=  50.1643m
 ags_param= 429.7909m
 
   *** monte carlo  index = 672 ***
x

 volt         param     
             i_d_0.7    
    0.        106.2115p 
   50.00000m  544.5229p 
  100.00000m    2.7109n 
  150.00000m   12.6797n 
  200.00000m   53.7450n 
  250.00000m  201.9058n 
  300.00000m  661.6488n 
  350.00000m    1.8149u 
  400.00000m    4.0540u 
  450.00000m    7.5351u 
  500.00000m   12.1879u 
  550.00000m   17.8667u 
  600.00000m   24.4349u 
  650.00000m   31.7803u 
  700.00000m   39.8078u 
  750.00000m   48.4316u 
  800.00000m   57.5701u 
  850.00000m   67.1430u 
  900.00000m   77.0682u 
  950.00000m   87.2583u 
    1.00000    97.6143u 
y
 vth0_value= 245.2410m
 u0_param=  49.7679m
 ags_param= 429.7995m
 
   *** monte carlo  index = 673 ***
x

 volt         param     
             i_d_0.7    
    0.         90.0731p 
   50.00000m  462.2326p 
  100.00000m    2.3100n 
  150.00000m   10.8811n 
  200.00000m   46.5839n 
  250.00000m  176.9730n 
  300.00000m  587.8522n 
  350.00000m    1.6413u 
  400.00000m    3.7331u 
  450.00000m    7.0412u 
  500.00000m   11.5106u 
  550.00000m   17.0002u 
  600.00000m   23.3740u 
  650.00000m   30.5203u 
  700.00000m   38.3445u 
  750.00000m   46.7618u 
  800.00000m   55.6920u 
  850.00000m   65.0561u 
  900.00000m   74.7737u 
  950.00000m   84.7594u 
    1.00000    94.9168u 
y
 vth0_value= 249.6789m
 u0_param=  48.9601m
 ags_param= 421.3018m
 
   *** monte carlo  index = 674 ***
x

 volt         param     
             i_d_0.7    
    0.         85.6255p 
   50.00000m  439.5785p 
  100.00000m    2.1999n 
  150.00000m   10.3897n 
  200.00000m   44.6480n 
  250.00000m  170.3371n 
  300.00000m  568.6523n 
  350.00000m    1.5982u 
  400.00000m    3.6600u 
  450.00000m    6.9420u 
  500.00000m   11.3942u 
  550.00000m   16.8755u 
  600.00000m   23.2483u 
  650.00000m   30.3995u 
  700.00000m   38.2338u 
  750.00000m   46.6655u 
  800.00000m   55.6141u 
  850.00000m   65.0004u 
  900.00000m   74.7437u 
  950.00000m   84.7587u 
    1.00000    94.9491u 
y
 vth0_value= 251.3832m
 u0_param=  49.2340m
 ags_param= 428.5135m
 
   *** monte carlo  index = 675 ***
x

 volt         param     
             i_d_0.7    
    0.         96.0334p 
   50.00000m  492.8710p 
  100.00000m    2.4617n 
  150.00000m   11.5817n 
  200.00000m   49.4965n 
  250.00000m  187.6505n 
  300.00000m  621.7028n 
  350.00000m    1.7299u 
  400.00000m    3.9205u 
  450.00000m    7.3722u 
  500.00000m   12.0242u 
  550.00000m   17.7283u 
  600.00000m   24.3431u 
  650.00000m   31.7526u 
  700.00000m   39.8588u 
  750.00000m   48.5737u 
  800.00000m   57.8144u 
  850.00000m   67.4993u 
  900.00000m   77.5456u 
  950.00000m   87.8656u 
    1.00000    98.3607u 
y
 vth0_value= 248.9180m
 u0_param=  50.7767m
 ags_param= 426.4526m
 
   *** monte carlo  index = 676 ***
x

 volt         param     
             i_d_0.7    
    0.         35.8444p 
   50.00000m  183.7738p 
  100.00000m  935.4475p 
  150.00000m    4.5724n 
  200.00000m   20.7214n 
  250.00000m   84.2135n 
  300.00000m  302.0420n 
  350.00000m  933.3749n 
  400.00000m    2.3781u 
  450.00000m    4.9465u 
  500.00000m    8.6938u 
  550.00000m   13.5096u 
  600.00000m   19.2515u 
  650.00000m   25.7970u 
  700.00000m   33.0453u 
  750.00000m   40.9094u 
  800.00000m   49.3092u 
  850.00000m   58.1676u 
  900.00000m   67.4079u 
  950.00000m   76.9507u 
    1.00000    86.7088u 
y
 vth0_value= 277.2286m
 u0_param=  48.5210m
 ags_param= 406.0832m
 
   *** monte carlo  index = 677 ***
x

 volt         param     
             i_d_0.7    
    0.         33.9246p 
   50.00000m  173.8233p 
  100.00000m  885.4372p 
  150.00000m    4.3354n 
  200.00000m   19.7030n 
  250.00000m   80.3646n 
  300.00000m  289.3893n 
  350.00000m  898.9285n 
  400.00000m    2.3047u 
  450.00000m    4.8218u 
  500.00000m    8.5121u 
  550.00000m   13.2687u 
  600.00000m   18.9499u 
  650.00000m   25.4331u 
  700.00000m   32.6177u 
  750.00000m   40.4167u 
  800.00000m   48.7504u 
  850.00000m   57.5423u 
  900.00000m   66.7160u 
  950.00000m   76.1926u 
    1.00000    85.8859u 
y
 vth0_value= 278.7406m
 u0_param=  48.2770m
 ags_param= 394.5716m
 
   *** monte carlo  index = 678 ***
x

 volt         param     
             i_d_0.7    
    0.        118.2413p 
   50.00000m  605.6603p 
  100.00000m    3.0068n 
  150.00000m   13.9930n 
  200.00000m   58.8970n 
  250.00000m  219.5460n 
  300.00000m  712.6185n 
  350.00000m    1.9308u 
  400.00000m    4.2598u 
  450.00000m    7.8396u 
  500.00000m   12.5908u 
  550.00000m   18.3654u 
  600.00000m   25.0275u 
  650.00000m   32.4656u 
  700.00000m   40.5847u 
  750.00000m   49.2987u 
  800.00000m   58.5256u 
  850.00000m   68.1845u 
  900.00000m   78.1929u 
  950.00000m   88.4622u 
    1.00000    98.8923u 
y
 vth0_value= 242.1677m
 u0_param=  50.0126m
 ags_param= 417.7486m
 
   *** monte carlo  index = 679 ***
x

 volt         param     
             i_d_0.7    
    0.         96.1866p 
   50.00000m  493.5986p 
  100.00000m    2.4647n 
  150.00000m   11.5907n 
  200.00000m   49.5044n 
  250.00000m  187.5529n 
  300.00000m  620.8875n 
  350.00000m    1.7258u 
  400.00000m    3.9071u 
  450.00000m    7.3409u 
  500.00000m   11.9660u 
  550.00000m   17.6354u 
  600.00000m   24.2091u 
  650.00000m   31.5719u 
  700.00000m   39.6266u 
  750.00000m   48.2861u 
  800.00000m   57.4678u 
  850.00000m   67.0908u 
  900.00000m   77.0727u 
  950.00000m   87.3262u 
    1.00000    97.7532u 
y
 vth0_value= 248.6347m
 u0_param=  50.4054m
 ags_param= 413.1290m
 
   *** monte carlo  index = 680 ***
x

 volt         param     
             i_d_0.7    
    0.        117.5607p 
   50.00000m  602.0527p 
  100.00000m    2.9879n 
  150.00000m   13.8972n 
  200.00000m   58.4505n 
  250.00000m  217.7135n 
  300.00000m  706.0341n 
  350.00000m    1.9108u 
  400.00000m    4.2109u 
  450.00000m    7.7431u 
  500.00000m   12.4289u 
  550.00000m   18.1231u 
  600.00000m   24.6925u 
  650.00000m   32.0275u 
  700.00000m   40.0348u 
  750.00000m   48.6296u 
  800.00000m   57.7311u 
  850.00000m   67.2596u 
  900.00000m   77.1334u 
  950.00000m   87.2648u 
    1.00000    97.5544u 
y
 vth0_value= 241.8305m
 u0_param=  49.2239m
 ags_param= 415.1667m
 
   *** monte carlo  index = 681 ***
x

 volt         param     
             i_d_0.7    
    0.         34.0706p 
   50.00000m  174.5633p 
  100.00000m  888.9719p 
  150.00000m    4.3504n 
  200.00000m   19.7543n 
  250.00000m   80.4874n 
  300.00000m  289.5007n 
  350.00000m  897.9698n 
  400.00000m    2.2982u 
  450.00000m    4.8006u 
  500.00000m    8.4646u 
  550.00000m   13.1841u 
  600.00000m   18.8193u 
  650.00000m   25.2492u 
  700.00000m   32.3744u 
  750.00000m   40.1091u 
  800.00000m   48.3743u 
  850.00000m   57.0941u 
  900.00000m   66.1929u 
  950.00000m   75.5923u 
    1.00000    85.2063u 
y
 vth0_value= 278.2781m
 u0_param=  47.7785m
 ags_param= 405.8241m
 
   *** monte carlo  index = 682 ***
x

 volt         param     
             i_d_0.7    
    0.         48.4519p 
   50.00000m  248.7927p 
  100.00000m    1.2589n 
  150.00000m    6.0769n 
  200.00000m   26.9886n 
  250.00000m  106.9941n 
  300.00000m  373.3850n 
  350.00000m    1.1131u 
  400.00000m    2.7187u 
  450.00000m    5.4459u 
  500.00000m    9.3050u 
  550.00000m   14.1766u 
  600.00000m   19.9263u 
  650.00000m   26.4409u 
  700.00000m   33.6266u 
  750.00000m   41.4008u 
  800.00000m   49.6865u 
  850.00000m   58.4090u 
  900.00000m   67.4929u 
  950.00000m   76.8590u 
    1.00000    86.4192u 
y
 vth0_value= 266.8970m
 u0_param=  46.7410m
 ags_param= 412.7188m
 
   *** monte carlo  index = 683 ***
x

 volt         param     
             i_d_0.7    
    0.         94.6364p 
   50.00000m  485.6461p 
  100.00000m    2.4255n 
  150.00000m   11.4109n 
  200.00000m   48.7646n 
  250.00000m  184.8743n 
  300.00000m  612.5318n 
  350.00000m    1.7045u 
  400.00000m    3.8632u 
  450.00000m    7.2654u 
  500.00000m   11.8514u 
  550.00000m   17.4759u 
  600.00000m   23.9999u 
  650.00000m   31.3089u 
  700.00000m   39.3067u 
  750.00000m   47.9066u 
  800.00000m   57.0266u 
  850.00000m   66.5863u 
  900.00000m   76.5039u 
  950.00000m   86.6923u 
    1.00000    97.0539u 
y
 vth0_value= 248.8888m
 u0_param=  50.0371m
 ags_param= 423.3997m
 
   *** monte carlo  index = 684 ***
x

 volt         param     
             i_d_0.7    
    0.         53.6909p 
   50.00000m  275.8314p 
  100.00000m    1.3938n 
  150.00000m    6.7069n 
  200.00000m   29.6433n 
  250.00000m  116.8361n 
  300.00000m  405.0393n 
  350.00000m    1.1968u 
  400.00000m    2.8940u 
  450.00000m    5.7465u 
  500.00000m    9.7543u 
  550.00000m   14.7919u 
  600.00000m   20.7217u 
  650.00000m   27.4285u 
  700.00000m   34.8169u 
  750.00000m   42.8026u 
  800.00000m   51.3068u 
  850.00000m   60.2531u 
  900.00000m   69.5644u 
  950.00000m   79.1595u 
    1.00000    88.9483u 
y
 vth0_value= 264.5395m
 u0_param=  47.8416m
 ags_param= 422.4536m
 
   *** monte carlo  index = 685 ***
x

 volt         param     
             i_d_0.7    
    0.        126.7846p 
   50.00000m  649.1275p 
  100.00000m    3.2177n 
  150.00000m   14.9336n 
  200.00000m   62.6204n 
  250.00000m  232.4495n 
  300.00000m  750.5625n 
  350.00000m    2.0200u 
  400.00000m    4.4270u 
  450.00000m    8.1041u 
  500.00000m   12.9654u 
  550.00000m   18.8600u 
  600.00000m   25.6503u 
  650.00000m   33.2236u 
  700.00000m   41.4838u 
  750.00000m   50.3434u 
  800.00000m   59.7195u 
  850.00000m   69.5301u 
  900.00000m   79.6914u 
  950.00000m   90.1137u 
    1.00000   100.6956u 
y
 vth0_value= 240.5448m
 u0_param=  50.7621m
 ags_param= 412.9530m
 
   *** monte carlo  index = 686 ***
x

 volt         param     
             i_d_0.7    
    0.        116.0320p 
   50.00000m  594.6992p 
  100.00000m    2.9563n 
  150.00000m   13.7903n 
  200.00000m   58.2292n 
  250.00000m  217.8054n 
  300.00000m  709.9044n 
  350.00000m    1.9337u 
  400.00000m    4.2887u 
  450.00000m    7.9254u 
  500.00000m   12.7650u 
  550.00000m   18.6553u 
  600.00000m   25.4556u 
  650.00000m   33.0504u 
  700.00000m   41.3417u 
  750.00000m   50.2413u 
  800.00000m   59.6651u 
  850.00000m   69.5305u 
  900.00000m   79.7533u 
  950.00000m   90.2440u 
    1.00000   100.9014u 
y
 vth0_value= 243.5825m
 u0_param=  51.3496m
 ags_param= 424.0816m
 
   *** monte carlo  index = 687 ***
x

 volt         param     
             i_d_0.7    
    0.         97.2466p 
   50.00000m  498.7420p 
  100.00000m    2.4872n 
  150.00000m   11.6701n 
  200.00000m   49.6856n 
  250.00000m  187.5924n 
  300.00000m  618.5272n 
  350.00000m    1.7103u 
  400.00000m    3.8515u 
  450.00000m    7.2059u 
  500.00000m   11.7117u 
  550.00000m   17.2274u 
  600.00000m   23.6188u 
  650.00000m   30.7758u 
  700.00000m   38.6050u 
  750.00000m   47.0222u 
  800.00000m   55.9473u 
  850.00000m   65.3019u 
  900.00000m   75.0056u 
  950.00000m   84.9726u 
    1.00000    95.1061u 
y
 vth0_value= 247.1969m
 u0_param=  48.6956m
 ags_param= 411.9696m
 
   *** monte carlo  index = 688 ***
x

 volt         param     
             i_d_0.7    
    0.         52.4333p 
   50.00000m  269.3467p 
  100.00000m    1.3615n 
  150.00000m    6.5566n 
  200.00000m   29.0133n 
  250.00000m  114.5162n 
  300.00000m  397.6405n 
  350.00000m    1.1775u 
  400.00000m    2.8543u 
  450.00000m    5.6796u 
  500.00000m    9.6561u 
  550.00000m   14.6595u 
  600.00000m   20.5527u 
  650.00000m   27.2210u 
  700.00000m   34.5692u 
  750.00000m   42.5131u 
  800.00000m   50.9747u 
  850.00000m   59.8775u 
  900.00000m   69.1449u 
  950.00000m   78.6960u 
    1.00000    88.4412u 
y
 vth0_value= 265.1161m
 u0_param=  47.6337m
 ags_param= 423.6502m
 
   *** monte carlo  index = 689 ***
x

 volt         param     
             i_d_0.7    
    0.        117.4700p 
   50.00000m  601.5648p 
  100.00000m    2.9852n 
  150.00000m   13.8834n 
  200.00000m   58.3838n 
  250.00000m  217.4309n 
  300.00000m  704.9904n 
  350.00000m    1.9075u 
  400.00000m    4.2028u 
  450.00000m    7.7270u 
  500.00000m   12.4017u 
  550.00000m   18.0826u 
  600.00000m   24.6366u 
  650.00000m   31.9546u 
  700.00000m   39.9436u 
  750.00000m   48.5192u 
  800.00000m   57.6007u 
  850.00000m   67.1086u 
  900.00000m   76.9613u 
  950.00000m   87.0712u 
    1.00000    97.3389u 
y
 vth0_value= 241.7619m
 u0_param=  49.0835m
 ags_param= 423.5898m
 
   *** monte carlo  index = 690 ***
x

 volt         param     
             i_d_0.7    
    0.        169.2994p 
   50.00000m  863.8040p 
  100.00000m    4.2440n 
  150.00000m   19.3976n 
  200.00000m   79.7000n 
  250.00000m  289.3151n 
  300.00000m  908.2047n 
  350.00000m    2.3592u 
  400.00000m    4.9976u 
  450.00000m    8.9091u 
  500.00000m   13.9869u 
  550.00000m   20.0795u 
  600.00000m   27.0534u 
  650.00000m   34.7992u 
  700.00000m   43.2223u 
  750.00000m   52.2360u 
  800.00000m   61.7571u 
  850.00000m   71.7030u 
  900.00000m   81.9885u 
  950.00000m   92.5219u 
    1.00000   103.1982u 
y
 vth0_value= 231.8264m
 u0_param=  50.7503m
 ags_param= 415.1682m
 
   *** monte carlo  index = 691 ***
x

 volt         param     
             i_d_0.7    
    0.         54.9870p 
   50.00000m  282.6156p 
  100.00000m    1.4286n 
  150.00000m    6.8784n 
  200.00000m   30.4269n 
  250.00000m  120.0372n 
  300.00000m  416.5199n 
  350.00000m    1.2322u 
  400.00000m    2.9834u 
  450.00000m    5.9300u 
  500.00000m   10.0724u 
  550.00000m   15.2795u 
  600.00000m   21.4077u 
  650.00000m   28.3370u 
  700.00000m   35.9679u 
  750.00000m   44.2130u 
  800.00000m   52.9909u 
  850.00000m   62.2225u 
  900.00000m   71.8285u 
  950.00000m   81.7258u 
    1.00000    91.8224u 
y
 vth0_value= 264.9707m
 u0_param=  49.5937m
 ags_param= 419.8952m
 
   *** monte carlo  index = 692 ***
x

 volt         param     
             i_d_0.7    
    0.         68.4542p 
   50.00000m  351.8008p 
  100.00000m    1.7704n 
  150.00000m    8.4489n 
  200.00000m   36.8709n 
  250.00000m  143.1598n 
  300.00000m  487.8115n 
  350.00000m    1.4086u 
  400.00000m    3.3205u 
  450.00000m    6.4507u 
  500.00000m   10.7735u 
  550.00000m   16.1508u 
  600.00000m   22.4403u 
  650.00000m   29.5244u 
  700.00000m   37.3049u 
  750.00000m   45.6946u 
  800.00000m   54.6120u 
  850.00000m   63.9774u 
  900.00000m   73.7106u 
  950.00000m   83.7269u 
    1.00000    93.9322u 
y
 vth0_value= 258.4904m
 u0_param=  49.7947m
 ags_param= 413.6202m
 
   *** monte carlo  index = 693 ***
x

 volt         param     
             i_d_0.7    
    0.        129.8366p 
   50.00000m  664.6956p 
  100.00000m    3.2936n 
  150.00000m   15.2755n 
  200.00000m   63.9934n 
  250.00000m  237.2908n 
  300.00000m  765.1458n 
  350.00000m    2.0556u 
  400.00000m    4.4973u 
  450.00000m    8.2211u 
  500.00000m   13.1390u 
  550.00000m   19.0980u 
  600.00000m   25.9592u 
  650.00000m   33.6089u 
  700.00000m   41.9498u 
  750.00000m   50.8941u 
  800.00000m   60.3577u 
  850.00000m   70.2581u 
  900.00000m   80.5108u 
  950.00000m   91.0256u 
    1.00000   101.7003u 
y
 vth0_value= 240.1423m
 u0_param=  51.2604m
 ags_param= 409.0844m
 
   *** monte carlo  index = 694 ***
x

 volt         param     
             i_d_0.7    
    0.        413.8303p 
   50.00000m    2.0790n 
  100.00000m    9.8875n 
  150.00000m   42.9261n 
  200.00000m  165.6755n 
  250.00000m  560.6684n 
  300.00000m    1.6046u 
  350.00000m    3.7470u 
  400.00000m    7.2238u 
  450.00000m   12.0003u 
  500.00000m   17.9260u 
  550.00000m   24.8488u 
  600.00000m   32.6423u 
  650.00000m   41.2004u 
  700.00000m   50.4287u 
  750.00000m   60.2380u 
  800.00000m   70.5413u 
  850.00000m   81.2506u 
  900.00000m   92.2738u 
  950.00000m  103.5088u 
    1.00000   114.8375u 
y
 vth0_value= 206.0771m
 u0_param=  52.7666m
 ags_param= 448.8847m
 
   *** monte carlo  index = 695 ***
x

 volt         param     
             i_d_0.7    
    0.         65.2371p 
   50.00000m  335.0948p 
  100.00000m    1.6860n 
  150.00000m    8.0451n 
  200.00000m   35.1032n 
  250.00000m  136.2870n 
  300.00000m  464.4400n 
  350.00000m    1.3414u 
  400.00000m    3.1628u 
  450.00000m    6.1465u 
  500.00000m   10.2697u 
  550.00000m   15.4023u 
  600.00000m   21.4100u 
  650.00000m   28.1814u 
  700.00000m   35.6233u 
  750.00000m   43.6526u 
  800.00000m   52.1915u 
  850.00000m   61.1637u 
  900.00000m   70.4920u 
  950.00000m   80.0944u 
    1.00000    89.8793u 
y
 vth0_value= 258.3882m
 u0_param=  47.4389m
 ags_param= 422.4655m
 
   *** monte carlo  index = 696 ***
x

 volt         param     
             i_d_0.7    
    0.         30.9413p 
   50.00000m  158.3256p 
  100.00000m  807.1674p 
  150.00000m    3.9608n 
  200.00000m   18.0680n 
  250.00000m   74.0526n 
  300.00000m  268.1000n 
  350.00000m  838.6761n 
  400.00000m    2.1688u 
  450.00000m    4.5742u 
  500.00000m    8.1256u 
  550.00000m   12.7236u 
  600.00000m   18.2305u 
  650.00000m   24.5264u 
  700.00000m   31.5128u 
  750.00000m   39.1047u 
  800.00000m   47.2243u 
  850.00000m   55.7967u 
  900.00000m   64.7474u 
  950.00000m   73.9991u 
    1.00000    83.4673u 
y
 vth0_value= 280.7463m
 u0_param=  47.0896m
 ags_param= 422.7732m
 
   *** monte carlo  index = 697 ***
x

 volt         param     
             i_d_0.7    
    0.         43.2149p 
   50.00000m  221.8946p 
  100.00000m    1.1262n 
  150.00000m    5.4697n 
  200.00000m   24.5291n 
  250.00000m   98.3888n 
  300.00000m  347.8077n 
  350.00000m    1.0546u 
  400.00000m    2.6269u 
  450.00000m    5.3535u 
  500.00000m    9.2647u 
  550.00000m   14.2405u 
  600.00000m   20.1384u 
  650.00000m   26.8372u 
  700.00000m   34.2372u 
  750.00000m   42.2515u 
  800.00000m   50.7997u 
  850.00000m   59.8039u 
  900.00000m   69.1866u 
  950.00000m   78.8667u 
    1.00000    88.7550u 
y
 vth0_value= 271.7775m
 u0_param=  48.8573m
 ags_param= 425.9434m
 
   *** monte carlo  index = 698 ***
x

 volt         param     
             i_d_0.7    
    0.         38.7365p 
   50.00000m  198.7672p 
  100.00000m    1.0109n 
  150.00000m    4.9304n 
  200.00000m   22.2645n 
  250.00000m   90.0773n 
  300.00000m  321.4566n 
  350.00000m  986.8555n 
  400.00000m    2.4945u 
  450.00000m    5.1513u 
  500.00000m    9.0037u 
  550.00000m   13.9359u 
  600.00000m   19.8033u 
  650.00000m   26.4819u 
  700.00000m   33.8699u 
  750.00000m   41.8792u 
  800.00000m   50.4285u 
  850.00000m   59.4398u 
  900.00000m   68.8350u 
  950.00000m   78.5335u 
    1.00000    88.4467u 
y
 vth0_value= 275.3617m
 u0_param=  49.2688m
 ags_param= 408.9144m
 
   *** monte carlo  index = 699 ***
x

 volt         param     
             i_d_0.7    
    0.        101.3527p 
   50.00000m  519.8161p 
  100.00000m    2.5912n 
  150.00000m   12.1480n 
  200.00000m   51.6586n 
  250.00000m  194.7696n 
  300.00000m  641.0602n 
  350.00000m    1.7685u 
  400.00000m    3.9731u 
  450.00000m    7.4188u 
  500.00000m   12.0396u 
  550.00000m   17.6900u 
  600.00000m   24.2327u 
  650.00000m   31.5547u 
  700.00000m   39.5605u 
  750.00000m   48.1642u 
  800.00000m   57.2841u 
  850.00000m   66.8398u 
  900.00000m   76.7496u 
  950.00000m   86.9262u 
    1.00000    97.2714u 
y
 vth0_value= 246.6809m
 u0_param=  49.8142m
 ags_param= 420.9032m
 
   *** monte carlo  index = 700 ***
x

 volt         param     
             i_d_0.7    
    0.         47.5401p 
   50.00000m  244.2438p 
  100.00000m    1.2379n 
  150.00000m    5.9935n 
  200.00000m   26.7443n 
  250.00000m  106.6204n 
  300.00000m  374.3382n 
  350.00000m    1.1248u 
  400.00000m    2.7723u 
  450.00000m    5.5970u 
  500.00000m    9.6178u 
  550.00000m   14.7091u 
  600.00000m   20.7269u 
  650.00000m   27.5497u 
  700.00000m   35.0770u 
  750.00000m   43.2212u 
  800.00000m   51.9011u 
  850.00000m   61.0379u 
  900.00000m   70.5531u 
  950.00000m   80.3644u 
    1.00000    90.3815u 
y
 vth0_value= 269.2690m
 u0_param=  49.4392m
 ags_param= 414.5169m
 
   *** monte carlo  index = 701 ***
x

 volt         param     
             i_d_0.7    
    0.        220.3568p 
   50.00000m    1.1195n 
  100.00000m    5.4478n 
  150.00000m   24.5083n 
  200.00000m   98.6963n 
  250.00000m  350.4788n 
  300.00000m    1.0693u 
  350.00000m    2.6836u 
  400.00000m    5.5077u 
  450.00000m    9.5854u 
  500.00000m   14.7965u 
  550.00000m   20.9931u 
  600.00000m   28.0482u 
  650.00000m   35.8568u 
  700.00000m   44.3274u 
  750.00000m   53.3747u 
  800.00000m   62.9164u 
  850.00000m   72.8701u 
  900.00000m   83.1501u 
  950.00000m   93.6628u 
    1.00000   104.3002u 
y
 vth0_value= 223.3920m
 u0_param=  49.9928m
 ags_param= 442.9677m
 
   *** monte carlo  index = 702 ***
x

 volt         param     
             i_d_0.7    
    0.         83.3962p 
   50.00000m  428.3485p 
  100.00000m    2.1466n 
  150.00000m   10.1626n 
  200.00000m   43.8252n 
  250.00000m  167.8506n 
  300.00000m  562.8807n 
  350.00000m    1.5913u 
  400.00000m    3.6669u 
  450.00000m    6.9899u 
  500.00000m   11.5133u 
  550.00000m   17.0925u 
  600.00000m   23.5850u 
  650.00000m   30.8736u 
  700.00000m   38.8601u 
  750.00000m   47.4566u 
  800.00000m   56.5803u 
  850.00000m   66.1506u 
  900.00000m   76.0856u 
  950.00000m   86.2986u 
    1.00000    96.6930u 
y
 vth0_value= 252.9942m
 u0_param=  50.5040m
 ags_param= 411.5903m
 
   *** monte carlo  index = 703 ***
x

 volt         param     
             i_d_0.7    
    0.        121.0842p 
   50.00000m  619.9112p 
  100.00000m    3.0738n 
  150.00000m   14.2753n 
  200.00000m   59.9158n 
  250.00000m  222.6596n 
  300.00000m  720.0314n 
  350.00000m    1.9416u 
  400.00000m    4.2635u 
  450.00000m    7.8178u 
  500.00000m   12.5235u 
  550.00000m   18.2356u 
  600.00000m   24.8213u 
  650.00000m   32.1715u 
  700.00000m   40.1930u 
  750.00000m   48.8014u 
  800.00000m   57.9157u 
  850.00000m   67.4563u 
  900.00000m   77.3413u 
  950.00000m   87.4827u 
    1.00000    97.7806u 
y
 vth0_value= 240.9210m
 u0_param=  49.1930m
 ags_param= 426.8074m
 
   *** monte carlo  index = 704 ***
x

 volt         param     
             i_d_0.7    
    0.         96.1624p 
   50.00000m  493.1386p 
  100.00000m    2.4591n 
  150.00000m   11.5381n 
  200.00000m   49.1222n 
  250.00000m  185.4642n 
  300.00000m  611.5302n 
  350.00000m    1.6910u 
  400.00000m    3.8083u 
  450.00000m    7.1259u 
  500.00000m   11.5828u 
  550.00000m   17.0396u 
  600.00000m   23.3640u 
  650.00000m   30.4471u 
  700.00000m   38.1965u 
  750.00000m   46.5292u 
  800.00000m   55.3659u 
  850.00000m   64.6288u 
  900.00000m   74.2382u 
  950.00000m   84.1091u 
    1.00000    94.1452u 
y
 vth0_value= 247.1734m
 u0_param=  48.1516m
 ags_param= 416.1673m
 
   *** monte carlo  index = 705 ***
x

 volt         param     
             i_d_0.7    
    0.         42.5168p 
   50.00000m  218.2928p 
  100.00000m    1.1083n 
  150.00000m    5.3862n 
  200.00000m   24.1804n 
  250.00000m   97.1179n 
  300.00000m  343.8115n 
  350.00000m    1.0444u 
  400.00000m    2.6074u 
  450.00000m    5.3243u 
  500.00000m    9.2278u 
  550.00000m   14.1983u 
  600.00000m   20.0928u 
  650.00000m   26.7897u 
  700.00000m   34.1889u 
  750.00000m   42.2032u 
  800.00000m   50.7520u 
  850.00000m   59.7576u 
  900.00000m   69.1421u 
  950.00000m   78.8247u 
    1.00000    88.7164u 
y
 vth0_value= 272.3249m
 u0_param=  48.9399m
 ags_param= 411.4679m
 
   *** monte carlo  index = 706 ***
x

 volt         param     
             i_d_0.7    
    0.         46.4071p 
   50.00000m  238.2975p 
  100.00000m    1.2072n 
  150.00000m    5.8408n 
  200.00000m   26.0349n 
  250.00000m  103.6644n 
  300.00000m  363.5115n 
  350.00000m    1.0906u 
  400.00000m    2.6832u 
  450.00000m    5.4089u 
  500.00000m    9.2851u 
  550.00000m   14.1920u 
  600.00000m   19.9920u 
  650.00000m   26.5693u 
  700.00000m   33.8278u 
  750.00000m   41.6833u 
  800.00000m   50.0578u 
  850.00000m   58.8753u 
  900.00000m   68.0598u 
  950.00000m   77.5315u 
    1.00000    87.2021u 
y
 vth0_value= 268.7133m
 u0_param=  47.4929m
 ags_param= 398.2687m
 
   *** monte carlo  index = 707 ***
x

 volt         param     
             i_d_0.7    
    0.         90.9782p 
   50.00000m  466.8764p 
  100.00000m    2.3329n 
  150.00000m   10.9862n 
  200.00000m   47.0162n 
  250.00000m  178.5380n 
  300.00000m  592.7313n 
  350.00000m    1.6537u 
  400.00000m    3.7586u 
  450.00000m    7.0847u 
  500.00000m   11.5762u 
  550.00000m   17.0910u 
  600.00000m   23.4924u 
  650.00000m   30.6682u 
  700.00000m   38.5234u 
  750.00000m   46.9729u 
  800.00000m   55.9360u 
  850.00000m   65.3335u 
  900.00000m   75.0849u 
  950.00000m   85.1045u 
    1.00000    95.2959u 
y
 vth0_value= 249.5150m
 u0_param=  49.1699m
 ags_param= 404.3694m
 
   *** monte carlo  index = 708 ***
x

 volt         param     
             i_d_0.7    
    0.        168.9040p 
   50.00000m  861.7191p 
  100.00000m    4.2332n 
  150.00000m   19.3441n 
  200.00000m   79.4588n 
  250.00000m  288.3617n 
  300.00000m  904.9173n 
  350.00000m    2.3498u 
  400.00000m    4.9757u 
  450.00000m    8.8680u 
  500.00000m   13.9203u 
  550.00000m   19.9823u 
  600.00000m   26.9215u 
  650.00000m   34.6292u 
  700.00000m   43.0115u 
  750.00000m   51.9822u 
  800.00000m   61.4585u 
  850.00000m   71.3581u 
  900.00000m   81.5962u 
  950.00000m   92.0813u 
    1.00000   102.7084u 
y
 vth0_value= 231.7066m
 u0_param=  50.4513m
 ags_param= 426.2061m
 
   *** monte carlo  index = 709 ***
x

 volt         param     
             i_d_0.7    
    0.         56.7858p 
   50.00000m  291.8717p 
  100.00000m    1.4744n 
  150.00000m    7.0903n 
  200.00000m   31.3030n 
  250.00000m  123.2059n 
  300.00000m  426.3905n 
  350.00000m    1.2570u 
  400.00000m    3.0314u 
  450.00000m    6.0049u 
  500.00000m   10.1738u 
  550.00000m   15.4058u 
  600.00000m   21.5575u 
  650.00000m   28.5092u 
  700.00000m   36.1615u 
  750.00000m   44.4271u 
  800.00000m   53.2245u 
  850.00000m   62.4747u 
  900.00000m   72.0981u 
  950.00000m   82.0115u 
    1.00000    92.1227u 
y
 vth0_value= 264.0198m
 u0_param=  49.6265m
 ags_param= 413.0031m
 
   *** monte carlo  index = 710 ***
x

 volt         param     
             i_d_0.7    
    0.         95.7075p 
   50.00000m  491.0172p 
  100.00000m    2.4508n 
  150.00000m   11.5168n 
  200.00000m   49.1384n 
  250.00000m  185.9652n 
  300.00000m  614.8774n 
  350.00000m    1.7064u 
  400.00000m    3.8570u 
  450.00000m    7.2378u 
  500.00000m   11.7881u 
  550.00000m   17.3645u 
  600.00000m   23.8300u 
  650.00000m   31.0722u 
  700.00000m   38.9960u 
  750.00000m   47.5159u 
  800.00000m   56.5509u 
  850.00000m   66.0211u 
  900.00000m   75.8456u 
  950.00000m   85.9378u 
    1.00000    96.2002u 
y
 vth0_value= 248.1660m
 u0_param=  49.4420m
 ags_param= 424.0580m
 
   *** monte carlo  index = 711 ***
x

 volt         param     
             i_d_0.7    
    0.        136.2521p 
   50.00000m  696.8260p 
  100.00000m    3.4446n 
  150.00000m   15.9103n 
  200.00000m   66.2873n 
  250.00000m  244.3383n 
  300.00000m  782.1128n 
  350.00000m    2.0818u 
  400.00000m    4.5136u 
  450.00000m    8.1935u 
  500.00000m   13.0311u 
  550.00000m   18.8785u 
  600.00000m   25.6026u 
  650.00000m   33.0941u 
  700.00000m   41.2594u 
  750.00000m   50.0129u 
  800.00000m   59.2732u 
  850.00000m   68.9593u 
  900.00000m   78.9882u 
  950.00000m   89.2707u 
    1.00000    99.7053u 
y
 vth0_value= 237.7406m
 u0_param=  49.7688m
 ags_param= 418.1171m
 
   *** monte carlo  index = 712 ***
x

 volt         param     
             i_d_0.7    
    0.         80.0281p 
   50.00000m  411.0940p 
  100.00000m    2.0618n 
  150.00000m    9.7760n 
  200.00000m   42.2530n 
  250.00000m  162.2474n 
  300.00000m  545.7582n 
  350.00000m    1.5492u 
  400.00000m    3.5852u 
  450.00000m    6.8586u 
  500.00000m   11.3268u 
  550.00000m   16.8469u 
  600.00000m   23.2774u 
  650.00000m   30.5015u 
  700.00000m   38.4213u 
  750.00000m   46.9495u 
  800.00000m   56.0041u 
  850.00000m   65.5046u 
  900.00000m   75.3697u 
  950.00000m   85.5134u 
    1.00000    95.8395u 
y
 vth0_value= 254.0195m
 u0_param=  50.1640m
 ags_param= 423.6894m
 
   *** monte carlo  index = 713 ***
x

 volt         param     
             i_d_0.7    
    0.        162.0486p 
   50.00000m  827.2051p 
  100.00000m    4.0691n 
  150.00000m   18.6366n 
  200.00000m   76.7801n 
  250.00000m  279.5465n 
  300.00000m  880.9088n 
  350.00000m    2.2992u 
  400.00000m    4.8923u 
  450.00000m    8.7519u 
  500.00000m   13.7745u 
  550.00000m   19.8096u 
  600.00000m   26.7243u 
  650.00000m   34.4093u 
  700.00000m   42.7705u 
  750.00000m   51.7215u 
  800.00000m   61.1797u 
  850.00000m   71.0628u 
  900.00000m   81.2862u 
  950.00000m   91.7586u 
    1.00000   102.3755u 
y
 vth0_value= 232.9622m
 u0_param=  50.4621m
 ags_param= 430.1111m
 
   *** monte carlo  index = 714 ***
x

 volt         param     
             i_d_0.7    
    0.         84.0613p 
   50.00000m  431.6581p 
  100.00000m    2.1619n 
  150.00000m   10.2242n 
  200.00000m   44.0233n 
  250.00000m  168.3237n 
  300.00000m  563.3699n 
  350.00000m    1.5887u 
  400.00000m    3.6510u 
  450.00000m    6.9445u 
  500.00000m   11.4214u 
  550.00000m   16.9388u 
  600.00000m   23.3573u 
  650.00000m   30.5618u 
  700.00000m   38.4556u 
  750.00000m   46.9523u 
  800.00000m   55.9702u 
  850.00000m   65.4296u 
  900.00000m   75.2494u 
  950.00000m   85.3438u 
    1.00000    95.6164u 
y
 vth0_value= 252.2867m
 u0_param=  49.7713m
 ags_param= 415.7406m
 
   *** monte carlo  index = 715 ***
x

 volt         param     
             i_d_0.7    
    0.        143.0615p 
   50.00000m  731.5665p 
  100.00000m    3.6141n 
  150.00000m   16.6745n 
  200.00000m   69.3641n 
  250.00000m  255.2272n 
  300.00000m  815.0905n 
  350.00000m    2.1632u 
  400.00000m    4.6769u 
  450.00000m    8.4704u 
  500.00000m   13.4484u 
  550.00000m   19.4584u 
  600.00000m   26.3637u 
  650.00000m   34.0521u 
  700.00000m   42.4276u 
  750.00000m   51.4025u 
  800.00000m   60.8935u 
  850.00000m   70.8176u 
  900.00000m   81.0902u 
  950.00000m   91.6202u 
    1.00000   102.3043u 
y
 vth0_value= 237.1003m
 u0_param=  51.0678m
 ags_param= 437.2181m
 
   *** monte carlo  index = 716 ***
x

 volt         param     
             i_d_0.7    
    0.         55.4180p 
   50.00000m  284.8146p 
  100.00000m    1.4393n 
  150.00000m    6.9260n 
  200.00000m   30.6117n 
  250.00000m  120.6444n 
  300.00000m  418.1607n 
  350.00000m    1.2352u 
  400.00000m    2.9858u 
  450.00000m    5.9263u 
  500.00000m   10.0557u 
  550.00000m   15.2433u 
  600.00000m   21.3466u 
  650.00000m   28.2465u 
  700.00000m   35.8443u 
  750.00000m   44.0531u 
  800.00000m   52.7918u 
  850.00000m   61.9820u 
  900.00000m   71.5445u 
  950.00000m   81.3966u 
    1.00000    91.4465u 
y
 vth0_value= 264.5516m
 u0_param=  49.3104m
 ags_param= 416.3841m
 
   *** monte carlo  index = 717 ***
x

 volt         param     
             i_d_0.7    
    0.         59.1915p 
   50.00000m  304.2655p 
  100.00000m    1.5360n 
  150.00000m    7.3762n 
  200.00000m   32.4959n 
  250.00000m  127.5762n 
  300.00000m  440.2341n 
  350.00000m    1.2928u 
  400.00000m    3.1042u 
  450.00000m    6.1261u 
  500.00000m   10.3503u 
  550.00000m   15.6420u 
  600.00000m   21.8571u 
  650.00000m   28.8754u 
  700.00000m   36.5972u 
  750.00000m   44.9344u 
  800.00000m   53.8053u 
  850.00000m   63.1300u 
  900.00000m   72.8287u 
  950.00000m   82.8173u 
    1.00000    93.0030u 
y
 vth0_value= 262.9914m
 u0_param=  49.9752m
 ags_param= 414.6219m
 
   *** monte carlo  index = 718 ***
x

 volt         param     
             i_d_0.7    
    0.        139.6785p 
   50.00000m  714.3529p 
  100.00000m    3.5305n 
  150.00000m   16.3013n 
  200.00000m   67.8805n 
  250.00000m  250.0539n 
  300.00000m  799.7358n 
  350.00000m    2.1264u 
  400.00000m    4.6055u 
  450.00000m    8.3529u 
  500.00000m   13.2756u 
  550.00000m   19.2226u 
  600.00000m   26.0584u 
  650.00000m   33.6718u 
  700.00000m   41.9673u 
  750.00000m   50.8584u 
  800.00000m   60.2620u 
  850.00000m   70.0962u 
  900.00000m   80.2769u 
  950.00000m   90.7137u 
    1.00000   101.3042u 
y
 vth0_value= 237.5301m
 u0_param=  50.6075m
 ags_param= 421.7664m
 
   *** monte carlo  index = 719 ***
x

 volt         param     
             i_d_0.7    
    0.        125.4762p 
   50.00000m  642.3034p 
  100.00000m    3.1829n 
  150.00000m   14.7657n 
  200.00000m   61.8793n 
  250.00000m  229.5614n 
  300.00000m  740.7342n 
  350.00000m    1.9918u 
  400.00000m    4.3618u 
  450.00000m    7.9801u 
  500.00000m   12.7626u 
  550.00000m   18.5617u 
  600.00000m   25.2429u 
  650.00000m   32.6956u 
  700.00000m   40.8257u 
  750.00000m   49.5475u 
  800.00000m   58.7792u 
  850.00000m   68.4401u 
  900.00000m   78.4475u 
  950.00000m   88.7125u 
    1.00000    99.1344u 
y
 vth0_value= 240.2700m
 u0_param=  49.8430m
 ags_param= 422.5265m
 
   *** monte carlo  index = 720 ***
x

 volt         param     
             i_d_0.7    
    0.         74.5219p 
   50.00000m  382.8321p 
  100.00000m    1.9223n 
  150.00000m    9.1360n 
  200.00000m   39.6230n 
  250.00000m  152.7553n 
  300.00000m  516.2577n 
  350.00000m    1.4747u 
  400.00000m    3.4356u 
  450.00000m    6.6093u 
  500.00000m   10.9602u 
  550.00000m   16.3497u 
  600.00000m   22.6384u 
  650.00000m   29.7112u 
  700.00000m   37.4716u 
  750.00000m   45.8338u 
  800.00000m   54.7170u 
  850.00000m   64.0421u 
  900.00000m   73.7292u 
  950.00000m   83.6936u 
    1.00000    93.8408u 
y
 vth0_value= 255.5962m
 u0_param=  49.2778m
 ags_param= 417.8618m
 
   *** monte carlo  index = 721 ***
x

 volt         param     
             i_d_0.7    
    0.         41.8486p 
   50.00000m  214.8017p 
  100.00000m    1.0905n 
  150.00000m    5.2988n 
  200.00000m   23.7836n 
  250.00000m   95.5056n 
  300.00000m  338.0542n 
  350.00000m    1.0268u 
  400.00000m    2.5629u 
  450.00000m    5.2328u 
  500.00000m    9.0689u 
  550.00000m   13.9543u 
  600.00000m   19.7491u 
  650.00000m   26.3342u 
  700.00000m   33.6114u 
  750.00000m   41.4951u 
  800.00000m   49.9062u 
  850.00000m   58.7682u 
  900.00000m   68.0044u 
  950.00000m   77.5350u 
    1.00000    87.2719u 
y
 vth0_value= 272.2241m
 u0_param=  48.0593m
 ags_param= 413.7590m
 
   *** monte carlo  index = 722 ***
x

 volt         param     
             i_d_0.7    
    0.        476.3003p 
   50.00000m    2.3833n 
  100.00000m   11.2517n 
  150.00000m   48.3244n 
  200.00000m  184.2474n 
  250.00000m  614.6994n 
  300.00000m    1.7265u 
  350.00000m    3.9523u 
  400.00000m    7.4957u 
  450.00000m   12.3055u 
  500.00000m   18.2318u 
  550.00000m   25.1281u 
  600.00000m   32.8733u 
  650.00000m   41.3649u 
  700.00000m   50.5108u 
  750.00000m   60.2237u 
  800.00000m   70.4179u 
  850.00000m   81.0062u 
  900.00000m   91.8968u 
  950.00000m  102.9871u 
    1.00000   114.1580u 
y
 vth0_value= 201.1228m
 u0_param=  51.6613m
 ags_param= 438.6950m
 
   *** monte carlo  index = 723 ***
x

 volt         param     
             i_d_0.7    
    0.        144.6657p 
   50.00000m  739.4061p 
  100.00000m    3.6490n 
  150.00000m   16.8065n 
  200.00000m   69.7531n 
  250.00000m  256.0308n 
  300.00000m  815.1848n 
  350.00000m    2.1553u 
  400.00000m    4.6428u 
  450.00000m    8.3853u 
  500.00000m   13.2879u 
  550.00000m   19.2016u 
  600.00000m   25.9933u 
  650.00000m   33.5538u 
  700.00000m   41.7891u 
  750.00000m   50.6135u 
  800.00000m   59.9451u 
  850.00000m   69.7024u 
  900.00000m   79.8018u 
  950.00000m   90.1534u 
    1.00000   100.6546u 
y
 vth0_value= 236.0992m
 u0_param=  50.0223m
 ags_param= 425.5088m
 
   *** monte carlo  index = 724 ***
x

 volt         param     
             i_d_0.7    
    0.         60.6001p 
   50.00000m  311.4713p 
  100.00000m    1.5713n 
  150.00000m    7.5355n 
  200.00000m   33.1294n 
  250.00000m  129.7508n 
  300.00000m  446.5306n 
  350.00000m    1.3066u 
  400.00000m    3.1249u 
  450.00000m    6.1460u 
  500.00000m   10.3582u 
  550.00000m   15.6273u 
  600.00000m   21.8108u 
  650.00000m   28.7901u 
  700.00000m   36.4667u 
  750.00000m   44.7536u 
  800.00000m   53.5693u 
  850.00000m   62.8350u 
  900.00000m   72.4711u 
  950.00000m   82.3940u 
    1.00000    92.5110u 
y
 vth0_value= 261.9992m
 u0_param=  49.5358m
 ags_param= 408.7812m
 
   *** monte carlo  index = 725 ***
x

 volt         param     
             i_d_0.7    
    0.         39.2610p 
   50.00000m  201.4784p 
  100.00000m    1.0244n 
  150.00000m    4.9940n 
  200.00000m   22.5331n 
  250.00000m   91.0703n 
  300.00000m  324.6342n 
  350.00000m  995.1457n 
  400.00000m    2.5111u 
  450.00000m    5.1773u 
  500.00000m    9.0384u 
  550.00000m   13.9779u 
  600.00000m   19.8516u 
  650.00000m   26.5357u 
  700.00000m   33.9288u 
  750.00000m   41.9427u 
  800.00000m   50.4963u 
  850.00000m   59.5116u 
  900.00000m   68.9106u 
  950.00000m   78.6124u 
    1.00000    88.5283u 
y
 vth0_value= 274.9318m
 u0_param=  49.2350m
 ags_param= 419.6916m
 
   *** monte carlo  index = 726 ***
x

 volt         param     
             i_d_0.7    
    0.         31.2281p 
   50.00000m  159.8642p 
  100.00000m  815.4766p 
  150.00000m    4.0057n 
  200.00000m   18.3028n 
  250.00000m   75.1708n 
  300.00000m  272.7344n 
  350.00000m  855.4523n 
  400.00000m    2.2195u 
  450.00000m    4.6949u 
  500.00000m    8.3584u 
  550.00000m   13.1067u 
  600.00000m   18.7961u 
  650.00000m   25.3010u 
  700.00000m   32.5185u 
  750.00000m   40.3601u 
  800.00000m   48.7450u 
  850.00000m   57.5958u 
  900.00000m   66.8356u 
  950.00000m   76.3852u 
    1.00000    86.1581u 
y
 vth0_value= 281.6601m
 u0_param=  48.8833m
 ags_param= 416.4250m
 
   *** monte carlo  index = 727 ***
x

 volt         param     
             i_d_0.7    
    0.        121.4628p 
   50.00000m  622.0338p 
  100.00000m    3.0860n 
  150.00000m   14.3452n 
  200.00000m   60.2826n 
  250.00000m  224.3119n 
  300.00000m  726.4842n 
  350.00000m    1.9628u 
  400.00000m    4.3183u 
  450.00000m    7.9295u 
  500.00000m   12.7147u 
  550.00000m   18.5252u 
  600.00000m   25.2250u 
  650.00000m   32.7021u 
  700.00000m   40.8616u 
  750.00000m   49.6171u 
  800.00000m   58.8862u 
  850.00000m   68.5879u 
  900.00000m   78.6392u 
  950.00000m   88.9512u 
    1.00000    99.4231u 
y
 vth0_value= 241.4710m
 u0_param=  50.1884m
 ags_param= 424.2118m
 
   *** monte carlo  index = 728 ***
x

 volt         param     
             i_d_0.7    
    0.         46.0556p 
   50.00000m  236.5087p 
  100.00000m    1.1986n 
  150.00000m    5.8028n 
  200.00000m   25.8931n 
  250.00000m  103.2307n 
  300.00000m  362.4918n 
  350.00000m    1.0895u 
  400.00000m    2.6861u 
  450.00000m    5.4249u 
  500.00000m    9.3252u 
  550.00000m   14.2665u 
  600.00000m   20.1099u 
  650.00000m   26.7378u 
  700.00000m   34.0533u 
  750.00000m   41.9713u 
  800.00000m   50.4128u 
  850.00000m   59.3015u 
  900.00000m   68.5607u 
  950.00000m   78.1099u 
    1.00000    87.8606u 
y
 vth0_value= 269.2455m
 u0_param=  47.9428m
 ags_param= 414.3345m
 
   *** monte carlo  index = 729 ***
x

 volt         param     
             i_d_0.7    
    0.         85.8960p 
   50.00000m  441.0086p 
  100.00000m    2.2074n 
  150.00000m   10.4275n 
  200.00000m   44.8253n 
  250.00000m  171.0751n 
  300.00000m  571.3423n 
  350.00000m    1.6066u 
  400.00000m    3.6812u 
  450.00000m    6.9850u 
  500.00000m   11.4678u 
  550.00000m   16.9873u 
  600.00000m   23.4046u 
  650.00000m   30.6054u 
  700.00000m   38.4934u 
  750.00000m   46.9827u 
  800.00000m   55.9918u 
  850.00000m   65.4410u 
  900.00000m   75.2494u 
  950.00000m   85.3310u 
    1.00000    95.5893u 
y
 vth0_value= 251.5410m
 u0_param=  49.6235m
 ags_param= 426.7599m
 
   *** monte carlo  index = 730 ***
x

 volt         param     
             i_d_0.7    
    0.         54.4325p 
   50.00000m  279.7795p 
  100.00000m    1.4147n 
  150.00000m    6.8159n 
  200.00000m   30.1802n 
  250.00000m  119.2019n 
  300.00000m  414.1520n 
  350.00000m    1.2272u 
  400.00000m    2.9771u 
  450.00000m    5.9272u 
  500.00000m   10.0797u 
  550.00000m   15.3029u 
  600.00000m   21.4523u 
  650.00000m   28.4068u 
  700.00000m   36.0662u 
  750.00000m   44.3426u 
  800.00000m   53.1540u 
  850.00000m   62.4211u 
  900.00000m   72.0644u 
  950.00000m   82.0003u 
    1.00000    92.1371u 
y
 vth0_value= 265.4530m
 u0_param=  49.8678m
 ags_param= 411.3452m
 
   *** monte carlo  index = 731 ***
x

 volt         param     
             i_d_0.7    
    0.         53.8130p 
   50.00000m  276.5371p 
  100.00000m    1.3981n 
  150.00000m    6.7340n 
  200.00000m   29.8062n 
  250.00000m  117.6751n 
  300.00000m  408.6817n 
  350.00000m    1.2104u 
  400.00000m    2.9347u 
  450.00000m    5.8402u 
  500.00000m    9.9291u 
  550.00000m   15.0725u 
  600.00000m   21.1288u 
  650.00000m   27.9793u 
  700.00000m   35.5257u 
  750.00000m   43.6815u 
  800.00000m   52.3662u 
  850.00000m   61.5017u 
  900.00000m   71.0092u 
  950.00000m   80.8064u 
    1.00000    90.8018u 
y
 vth0_value= 265.2566m
 u0_param=  49.0298m
 ags_param= 427.7277m
 
   *** monte carlo  index = 732 ***
x

 volt         param     
             i_d_0.7    
    0.         27.9585p 
   50.00000m  142.8530p 
  100.00000m  729.2944p 
  150.00000m    3.5909n 
  200.00000m   16.4746n 
  250.00000m   68.0281n 
  300.00000m  248.3109n 
  350.00000m  784.9464n 
  400.00000m    2.0563u 
  450.00000m    4.3900u 
  500.00000m    7.8718u 
  550.00000m   12.4080u 
  600.00000m   17.8606u 
  650.00000m   24.1079u 
  700.00000m   31.0501u 
  750.00000m   38.6016u 
  800.00000m   46.6842u 
  850.00000m   55.2229u 
  900.00000m   64.1434u 
  950.00000m   73.3689u 
    1.00000    82.8155u 
y
 vth0_value= 283.9158m
 u0_param=  47.2026m
 ags_param= 408.0800m
 
   *** monte carlo  index = 733 ***
x

 volt         param     
             i_d_0.7    
    0.         58.9840p 
   50.00000m  303.0803p 
  100.00000m    1.5289n 
  150.00000m    7.3328n 
  200.00000m   32.2426n 
  250.00000m  126.3036n 
  300.00000m  434.8100n 
  350.00000m    1.2729u 
  400.00000m    3.0460u 
  450.00000m    5.9940u 
  500.00000m   10.1068u 
  550.00000m   15.2542u 
  600.00000m   21.2979u 
  650.00000m   28.1222u 
  700.00000m   35.6311u 
  750.00000m   43.7397u 
  800.00000m   52.3686u 
  850.00000m   61.4404u 
  900.00000m   70.8769u 
  950.00000m   80.5960u 
    1.00000    90.5061u 
y
 vth0_value= 262.0487m
 u0_param=  48.3647m
 ags_param= 419.2357m
 
   *** monte carlo  index = 734 ***
x

 volt         param     
             i_d_0.7    
    0.         29.4765p 
   50.00000m  150.7292p 
  100.00000m  768.9541p 
  150.00000m    3.7795n 
  200.00000m   17.2878n 
  250.00000m   71.1067n 
  300.00000m  258.4363n 
  350.00000m  812.4881n 
  400.00000m    2.1141u 
  450.00000m    4.4843u 
  500.00000m    8.0013u 
  550.00000m   12.5681u 
  600.00000m   18.0471u 
  650.00000m   24.3173u 
  700.00000m   31.2799u 
  750.00000m   38.8496u 
  800.00000m   46.9484u 
  850.00000m   55.5015u 
  900.00000m   64.4344u 
  950.00000m   73.6700u 
    1.00000    83.1243u 
y
 vth0_value= 282.2475m
 u0_param=  47.1226m
 ags_param= 415.6261m
 
   *** monte carlo  index = 735 ***
x

 volt         param     
             i_d_0.7    
    0.         55.5216p 
   50.00000m  285.3128p 
  100.00000m    1.4414n 
  150.00000m    6.9326n 
  200.00000m   30.6159n 
  250.00000m  120.5492n 
  300.00000m  417.4098n 
  350.00000m    1.2314u 
  400.00000m    2.9721u 
  450.00000m    5.8918u 
  500.00000m    9.9882u 
  550.00000m   15.1321u 
  600.00000m   21.1828u 
  650.00000m   28.0228u 
  700.00000m   35.5546u 
  750.00000m   43.6923u 
  800.00000m   52.3557u 
  850.00000m   61.4669u 
  900.00000m   70.9475u 
  950.00000m   80.7152u 
    1.00000    90.6786u 
y
 vth0_value= 264.1575m
 u0_param=  48.7930m
 ags_param= 420.7084m
 
   *** monte carlo  index = 736 ***
x

 volt         param     
             i_d_0.7    
    0.        132.2177p 
   50.00000m  676.5328p 
  100.00000m    3.3483n 
  150.00000m   15.4985n 
  200.00000m   64.7540n 
  250.00000m  239.4204n 
  300.00000m  769.2976n 
  350.00000m    2.0576u 
  400.00000m    4.4820u 
  450.00000m    8.1658u 
  500.00000m   13.0203u 
  550.00000m   18.8961u 
  600.00000m   25.6579u 
  650.00000m   33.1947u 
  700.00000m   41.4117u 
  750.00000m   50.2225u 
  800.00000m   59.5448u 
  850.00000m   69.2972u 
  900.00000m   79.3962u 
  950.00000m   89.7523u 
    1.00000   100.2638u 
y
 vth0_value= 238.9667m
 u0_param=  50.2675m
 ags_param= 417.5774m
 
   *** monte carlo  index = 737 ***
x

 volt         param     
             i_d_0.7    
    0.         98.0765p 
   50.00000m  503.0523p 
  100.00000m    2.5089n 
  150.00000m   11.7742n 
  200.00000m   50.1403n 
  250.00000m  189.3515n 
  300.00000m  624.4735n 
  350.00000m    1.7272u 
  400.00000m    3.8908u 
  450.00000m    7.2812u 
  500.00000m   11.8355u 
  550.00000m   17.4105u 
  600.00000m   23.8703u 
  650.00000m   31.1034u 
  700.00000m   39.0151u 
  750.00000m   47.5204u 
  800.00000m   56.5384u 
  850.00000m   65.9897u 
  900.00000m   75.7934u 
  950.00000m   85.8629u 
    1.00000    96.1006u 
y
 vth0_value= 247.3051m
 u0_param=  49.2507m
 ags_param= 425.0932m
 
   *** monte carlo  index = 738 ***
x

 volt         param     
             i_d_0.7    
    0.        266.5750p 
   50.00000m    1.3506n 
  100.00000m    6.5327n 
  150.00000m   29.1052n 
  200.00000m  115.8167n 
  250.00000m  405.8218n 
  300.00000m    1.2164u 
  350.00000m    2.9905u 
  400.00000m    6.0256u 
  450.00000m   10.3417u 
  500.00000m   15.8068u 
  550.00000m   22.2695u 
  600.00000m   29.6011u 
  650.00000m   37.6953u 
  700.00000m   46.4586u 
  750.00000m   55.8038u 
  800.00000m   65.6466u 
  850.00000m   75.9022u 
  900.00000m   86.4828u 
  950.00000m   97.2918u 
    1.00000   108.2183u 
y
 vth0_value= 218.4881m
 u0_param=  51.3194m
 ags_param= 426.3785m
 
   *** monte carlo  index = 739 ***
x

 volt         param     
             i_d_0.7    
    0.        129.9068p 
   50.00000m  664.8022p 
  100.00000m    3.2917n 
  150.00000m   15.2476n 
  200.00000m   63.7706n 
  250.00000m  236.0503n 
  300.00000m  759.5436n 
  350.00000m    2.0351u 
  400.00000m    4.4410u 
  450.00000m    8.1024u 
  500.00000m   12.9322u 
  550.00000m   18.7816u 
  600.00000m   25.5155u 
  650.00000m   33.0233u 
  700.00000m   41.2101u 
  750.00000m   49.9900u 
  800.00000m   59.2808u 
  850.00000m   69.0013u 
  900.00000m   79.0683u 
  950.00000m   89.3925u 
    1.00000    99.8727u 
y
 vth0_value= 239.4034m
 u0_param=  50.1203m
 ags_param= 417.8917m
 
   *** monte carlo  index = 740 ***
x

 volt         param     
             i_d_0.7    
    0.         58.5115p 
   50.00000m  300.6945p 
  100.00000m    1.5176n 
  150.00000m    7.2844n 
  200.00000m   32.0702n 
  250.00000m  125.8126n 
  300.00000m  433.8216n 
  350.00000m    1.2727u 
  400.00000m    3.0528u 
  450.00000m    6.0194u 
  500.00000m   10.1642u 
  550.00000m   15.3558u 
  600.00000m   21.4535u 
  650.00000m   28.3402u 
  700.00000m   35.9183u 
  750.00000m   44.1020u 
  800.00000m   52.8108u 
  850.00000m   61.9666u 
  900.00000m   71.4907u 
  950.00000m   81.3003u 
    1.00000    91.3035u 
y
 vth0_value= 262.6621m
 u0_param=  48.9275m
 ags_param= 416.3755m
 
   *** monte carlo  index = 741 ***
x

 volt         param     
             i_d_0.7    
    0.         94.7890p 
   50.00000m  486.3352p 
  100.00000m    2.4280n 
  150.00000m   11.4147n 
  200.00000m   48.7331n 
  250.00000m  184.5596n 
  300.00000m  610.7382n 
  350.00000m    1.6967u 
  400.00000m    3.8395u 
  450.00000m    7.2113u 
  500.00000m   11.7526u 
  550.00000m   17.3198u 
  600.00000m   23.7760u 
  650.00000m   31.0087u 
  700.00000m   38.9227u 
  750.00000m   47.4325u 
  800.00000m   56.4571u 
  850.00000m   65.9168u 
  900.00000m   75.7306u 
  950.00000m   85.8122u 
    1.00000    96.0644u 
y
 vth0_value= 248.4446m
 u0_param=  49.4239m
 ags_param= 412.9649m
 
   *** monte carlo  index = 742 ***
x

 volt         param     
             i_d_0.7    
    0.         70.3491p 
   50.00000m  361.4291p 
  100.00000m    1.8169n 
  150.00000m    8.6535n 
  200.00000m   37.6521n 
  250.00000m  145.6989n 
  300.00000m  494.5589n 
  350.00000m    1.4209u 
  400.00000m    3.3310u 
  450.00000m    6.4416u 
  500.00000m   10.7231u 
  550.00000m   16.0392u 
  600.00000m   22.2512u 
  650.00000m   29.2444u 
  700.00000m   36.9228u 
  750.00000m   45.2009u 
  800.00000m   53.9985u 
  850.00000m   63.2372u 
  900.00000m   72.8376u 
  950.00000m   82.7160u 
    1.00000    92.7787u 
y
 vth0_value= 257.0910m
 u0_param=  48.9071m
 ags_param= 415.2604m
 
   *** monte carlo  index = 743 ***
x

 volt         param     
             i_d_0.7    
    0.         91.4545p 
   50.00000m  469.4335p 
  100.00000m    2.3466n 
  150.00000m   11.0584n 
  200.00000m   47.3709n 
  250.00000m  180.0711n 
  300.00000m  598.5205n 
  350.00000m    1.6724u 
  400.00000m    3.8070u 
  450.00000m    7.1848u 
  500.00000m   11.7494u 
  550.00000m   17.3557u 
  600.00000m   23.8640u 
  650.00000m   31.1594u 
  700.00000m   39.1451u 
  750.00000m   47.7342u 
  800.00000m   56.8446u 
  850.00000m   66.3959u 
  900.00000m   76.3064u 
  950.00000m   86.4893u 
    1.00000    96.8472u 
y
 vth0_value= 249.9613m
 u0_param=  50.1036m
 ags_param= 413.6320m
 
   *** monte carlo  index = 744 ***
x

 volt         param     
             i_d_0.7    
    0.        101.8737p 
   50.00000m  522.8561p 
  100.00000m    2.6097n 
  150.00000m   12.2628n 
  200.00000m   52.3108n 
  250.00000m  197.8928n 
  300.00000m  653.8664n 
  350.00000m    1.8129u 
  400.00000m    4.0934u 
  450.00000m    7.6736u 
  500.00000m   12.4863u 
  550.00000m   18.3776u 
  600.00000m   25.2012u 
  650.00000m   32.8373u 
  700.00000m   41.1851u 
  750.00000m   50.1540u 
  800.00000m   59.6586u 
  850.00000m   69.6152u 
  900.00000m   79.9392u 
  950.00000m   90.5408u 
    1.00000   101.3198u 
y
 vth0_value= 248.1154m
 u0_param=  52.3459m
 ags_param= 413.4276m
 
   *** monte carlo  index = 745 ***
x

 volt         param     
             i_d_0.7    
    0.        118.2796p 
   50.00000m  605.8005p 
  100.00000m    3.0069n 
  150.00000m   13.9893n 
  200.00000m   58.8572n 
  250.00000m  219.3002n 
  300.00000m  711.4442n 
  350.00000m    1.9263u 
  400.00000m    4.2471u 
  450.00000m    7.8122u 
  500.00000m   12.5424u 
  550.00000m   18.2907u 
  600.00000m   24.9221u 
  650.00000m   32.3258u 
  700.00000m   40.4073u 
  750.00000m   49.0811u 
  800.00000m   58.2657u 
  850.00000m   67.8805u 
  900.00000m   77.8431u 
  950.00000m   88.0655u 
    1.00000    98.4476u 
y
 vth0_value= 241.9811m
 u0_param=  49.7382m
 ags_param= 416.9521m
 
   *** monte carlo  index = 746 ***
x

 volt         param     
             i_d_0.7    
    0.         50.3226p 
   50.00000m  258.5659p 
  100.00000m    1.3089n 
  150.00000m    6.3214n 
  200.00000m   28.0967n 
  250.00000m  111.4811n 
  300.00000m  389.3422n 
  350.00000m    1.1617u 
  400.00000m    2.8405u 
  450.00000m    5.6943u 
  500.00000m    9.7338u 
  550.00000m   14.8322u 
  600.00000m   20.8471u 
  650.00000m   27.6588u 
  700.00000m   35.1684u 
  750.00000m   43.2889u 
  800.00000m   51.9399u 
  850.00000m   61.0431u 
  900.00000m   70.5202u 
  950.00000m   80.2892u 
    1.00000    90.2595u 
y
 vth0_value= 267.3059m
 u0_param=  49.0648m
 ags_param= 405.3150m
 
   *** monte carlo  index = 747 ***
x

 volt         param     
             i_d_0.7    
    0.         72.5433p 
   50.00000m  372.6155p 
  100.00000m    1.8713n 
  150.00000m    8.8966n 
  200.00000m   38.6059n 
  250.00000m  148.9332n 
  300.00000m  503.7644n 
  350.00000m    1.4406u 
  400.00000m    3.3604u 
  450.00000m    6.4716u 
  500.00000m   10.7410u 
  550.00000m   16.0330u 
  600.00000m   22.2112u 
  650.00000m   29.1625u 
  700.00000m   36.7924u 
  750.00000m   45.0163u 
  800.00000m   53.7549u 
  850.00000m   62.9303u 
  900.00000m   72.4638u 
  950.00000m   82.2717u 
    1.00000    92.2605u 
y
 vth0_value= 255.8365m
 u0_param=  48.4087m
 ags_param= 421.1167m
 
   *** monte carlo  index = 748 ***
x

 volt         param     
             i_d_0.7    
    0.        100.8432p 
   50.00000m  517.1622p 
  100.00000m    2.5777n 
  150.00000m   12.0829n 
  200.00000m   51.3711n 
  250.00000m  193.6446n 
  300.00000m  637.2124n 
  350.00000m    1.7574u 
  400.00000m    3.9469u 
  450.00000m    7.3685u 
  500.00000m   11.9565u 
  550.00000m   17.5668u 
  600.00000m   24.0634u 
  650.00000m   31.3344u 
  700.00000m   39.2850u 
  750.00000m   47.8300u 
  800.00000m   56.8882u 
  850.00000m   66.3798u 
  900.00000m   76.2237u 
  950.00000m   86.3329u 
    1.00000    96.6094u 
y
 vth0_value= 246.5820m
 u0_param=  49.4268m
 ags_param= 421.9813m
 
   *** monte carlo  index = 749 ***
x

 volt         param     
             i_d_0.7    
    0.         74.9402p 
   50.00000m  385.0042p 
  100.00000m    1.9333n 
  150.00000m    9.1884n 
  200.00000m   39.8527n 
  250.00000m  153.6476n 
  300.00000m  519.2901n 
  350.00000m    1.4834u 
  400.00000m    3.4560u 
  450.00000m    6.6488u 
  500.00000m   11.0257u 
  550.00000m   16.4470u 
  600.00000m   22.7726u 
  650.00000m   29.8865u 
  700.00000m   37.6916u 
  750.00000m   46.1016u 
  800.00000m   55.0351u 
  850.00000m   64.4128u 
  900.00000m   74.1542u 
  950.00000m   84.1742u 
    1.00000    94.3780u 
y
 vth0_value= 255.6232m
 u0_param=  49.5796m
 ags_param= 425.5886m
 
   *** monte carlo  index = 750 ***
x

 volt         param     
             i_d_0.7    
    0.         93.4793p 
   50.00000m  479.6512p 
  100.00000m    2.3953n 
  150.00000m   11.2679n 
  200.00000m   48.1468n 
  250.00000m  182.5105n 
  300.00000m  604.6418n 
  350.00000m    1.6823u 
  400.00000m    3.8126u 
  450.00000m    7.1699u 
  500.00000m   11.6956u 
  550.00000m   17.2468u 
  600.00000m   23.6867u 
  650.00000m   30.9027u 
  700.00000m   38.7998u 
  750.00000m   47.2925u 
  800.00000m   56.2999u 
  850.00000m   65.7425u 
  900.00000m   75.5394u 
  950.00000m   85.6044u 
    1.00000    95.8405u 
y
 vth0_value= 248.8172m
 u0_param=  49.3525m
 ags_param= 415.7932m
 
   *** monte carlo  index = 751 ***
x

 volt         param     
             i_d_0.7    
    0.         69.1394p 
   50.00000m  355.2808p 
  100.00000m    1.7872n 
  150.00000m    8.5226n 
  200.00000m   37.1508n 
  250.00000m  144.0618n 
  300.00000m  490.1738n 
  350.00000m    1.4127u 
  400.00000m    3.3232u 
  450.00000m    6.4449u 
  500.00000m   10.7507u 
  550.00000m   16.1030u 
  600.00000m   22.3612u 
  650.00000m   29.4087u 
  700.00000m   37.1482u 
  750.00000m   45.4933u 
  800.00000m   54.3629u 
  850.00000m   63.6779u 
  900.00000m   73.3584u 
  950.00000m   83.3201u 
    1.00000    93.4689u 
y
 vth0_value= 257.9595m
 u0_param=  49.4374m
 ags_param= 417.7283m
 
   *** monte carlo  index = 752 ***
x

 volt         param     
             i_d_0.7    
    0.         61.7557p 
   50.00000m  317.3020p 
  100.00000m    1.5990n 
  150.00000m    7.6532n 
  200.00000m   33.5466n 
  250.00000m  130.9333n 
  300.00000m  448.8821n 
  350.00000m    1.3068u 
  400.00000m    3.1082u 
  450.00000m    6.0849u 
  500.00000m   10.2210u 
  550.00000m   15.3856u 
  600.00000m   21.4413u 
  650.00000m   28.2736u 
  700.00000m   35.7871u 
  750.00000m   43.8974u 
  800.00000m   52.5252u 
  850.00000m   61.5933u 
  900.00000m   71.0238u 
  950.00000m   80.7342u 
    1.00000    90.6328u 
y
 vth0_value= 260.5583m
 u0_param=  48.2074m
 ags_param= 418.9354m
 
   *** monte carlo  index = 753 ***
x

 volt         param     
             i_d_0.7    
    0.         27.8770p 
   50.00000m  142.4419p 
  100.00000m  727.3590p 
  150.00000m    3.5829n 
  200.00000m   16.4506n 
  250.00000m   67.9952n 
  300.00000m  248.4471n 
  350.00000m  786.3886n 
  400.00000m    2.0634u 
  450.00000m    4.4117u 
  500.00000m    7.9198u 
  550.00000m   12.4934u 
  600.00000m   17.9928u 
  650.00000m   24.2948u 
  700.00000m   31.2981u 
  750.00000m   38.9163u 
  800.00000m   47.0703u 
  850.00000m   55.6844u 
  900.00000m   64.6836u 
  950.00000m   73.9905u 
    1.00000    83.5208u 
y
 vth0_value= 284.3388m
 u0_param=  47.6981m
 ags_param= 410.9899m
 
   *** monte carlo  index = 754 ***
x

 volt         param     
             i_d_0.7    
    0.        205.3097p 
   50.00000m    1.0454n 
  100.00000m    5.1103n 
  150.00000m   23.1597n 
  200.00000m   94.1205n 
  250.00000m  337.5336n 
  300.00000m    1.0430u 
  350.00000m    2.6575u 
  400.00000m    5.5290u 
  450.00000m    9.7205u 
  500.00000m   15.1096u 
  550.00000m   21.5379u 
  600.00000m   28.8683u 
  650.00000m   36.9883u 
  700.00000m   45.8003u 
  750.00000m   55.2146u 
  800.00000m   65.1448u 
  850.00000m   75.5055u 
  900.00000m   86.2083u 
  950.00000m   97.1581u 
    1.00000   108.2463u 
y
 vth0_value= 227.2594m
 u0_param=  52.7546m
 ags_param= 413.8191m
 
   *** monte carlo  index = 755 ***
x

 volt         param     
             i_d_0.7    
    0.        130.9672p 
   50.00000m  670.2211p 
  100.00000m    3.3182n 
  150.00000m   15.3678n 
  200.00000m   64.2578n 
  250.00000m  237.7871n 
  300.00000m  764.8551n 
  350.00000m    2.0484u 
  400.00000m    4.4679u 
  450.00000m    8.1485u 
  500.00000m   13.0021u 
  550.00000m   18.8791u 
  600.00000m   25.6439u 
  650.00000m   33.1852u 
  700.00000m   41.4079u 
  750.00000m   50.2255u 
  800.00000m   59.5555u 
  850.00000m   69.3165u 
  900.00000m   79.4249u 
  950.00000m   89.7912u 
    1.00000   100.3138u 
y
 vth0_value= 239.3029m
 u0_param=  50.3460m
 ags_param= 419.0600m
 
   *** monte carlo  index = 756 ***
x

 volt         param     
             i_d_0.7    
    0.         48.3547p 
   50.00000m  248.4197p 
  100.00000m    1.2584n 
  150.00000m    6.0866n 
  200.00000m   27.1159n 
  250.00000m  107.8923n 
  300.00000m  377.9992n 
  350.00000m    1.1326u 
  400.00000m    2.7827u 
  450.00000m    5.6021u 
  500.00000m    9.6067u 
  550.00000m   14.6713u 
  600.00000m   20.6538u 
  650.00000m   27.4342u 
  700.00000m   34.9134u 
  750.00000m   43.0046u 
  800.00000m   51.6272u 
  850.00000m   60.7034u 
  900.00000m   70.1549u 
  950.00000m   79.8999u 
    1.00000    89.8482u 
y
 vth0_value= 268.4582m
 u0_param=  48.9822m
 ags_param= 423.0265m
 
   *** monte carlo  index = 757 ***
x

 volt         param     
             i_d_0.7    
    0.        107.1042p 
   50.00000m  549.0948p 
  100.00000m    2.7333n 
  150.00000m   12.7823n 
  200.00000m   54.1641n 
  250.00000m  203.4125n 
  300.00000m  666.3023n 
  350.00000m    1.8267u 
  400.00000m    4.0779u 
  450.00000m    7.5758u 
  500.00000m   12.2493u 
  550.00000m   17.9516u 
  600.00000m   24.5456u 
  650.00000m   31.9187u 
  700.00000m   39.9753u 
  750.00000m   48.6292u 
  800.00000m   57.7986u 
  850.00000m   67.4028u 
  900.00000m   77.3597u 
  950.00000m   87.5816u 
    1.00000    97.9696u 
y
 vth0_value= 245.1182m
 u0_param=  49.9686m
 ags_param= 413.6156m
 
   *** monte carlo  index = 758 ***
x

 volt         param     
             i_d_0.7    
    0.         37.8504p 
   50.00000m  194.1763p 
  100.00000m  987.7985p 
  150.00000m    4.8213n 
  200.00000m   21.7962n 
  250.00000m   88.3083n 
  300.00000m  315.6432n 
  350.00000m  971.0246n 
  400.00000m    2.4606u 
  450.00000m    5.0929u 
  500.00000m    8.9171u 
  550.00000m   13.8189u 
  600.00000m   19.6542u 
  650.00000m   26.2994u 
  700.00000m   33.6529u 
  750.00000m   41.6267u 
  800.00000m   50.1398u 
  850.00000m   59.1145u 
  900.00000m   68.4730u 
  950.00000m   78.1349u 
    1.00000    88.0120u 
y
 vth0_value= 275.9518m
 u0_param=  49.0962m
 ags_param= 412.8973m
 
   *** monte carlo  index = 759 ***
x

 volt         param     
             i_d_0.7    
    0.         74.9412p 
   50.00000m  384.9785p 
  100.00000m    1.9329n 
  150.00000m    9.1838n 
  200.00000m   39.8163n 
  250.00000m  153.4374n 
  300.00000m  518.3160n 
  350.00000m    1.4796u 
  400.00000m    3.4448u 
  450.00000m    6.6233u 
  500.00000m   10.9789u 
  550.00000m   16.3730u 
  600.00000m   22.6661u 
  650.00000m   29.7432u 
  700.00000m   37.5080u 
  750.00000m   45.8745u 
  800.00000m   54.7620u 
  850.00000m   64.0913u 
  900.00000m   73.7825u 
  950.00000m   83.7509u 
    1.00000    93.9018u 
y
 vth0_value= 255.4308m
 u0_param=  49.2835m
 ags_param= 420.3690m
 
   *** monte carlo  index = 760 ***
x

 volt         param     
             i_d_0.7    
    0.         38.9064p 
   50.00000m  199.5731p 
  100.00000m    1.0141n 
  150.00000m    4.9384n 
  200.00000m   22.2441n 
  250.00000m   89.7159n 
  300.00000m  319.1160n 
  350.00000m  975.5413n 
  400.00000m    2.4536u 
  450.00000m    5.0443u 
  500.00000m    8.7879u 
  550.00000m   13.5723u 
  600.00000m   19.2593u 
  650.00000m   25.7307u 
  700.00000m   32.8892u 
  750.00000m   40.6500u 
  800.00000m   48.9350u 
  850.00000m   57.6686u 
  900.00000m   66.7751u 
  950.00000m   76.1757u 
    1.00000    85.7837u 
y
 vth0_value= 274.0277m
 u0_param=  47.4526m
 ags_param= 414.5226m
 
   *** monte carlo  index = 761 ***
x

 volt         param     
             i_d_0.7    
    0.        168.7223p 
   50.00000m  860.9366p 
  100.00000m    4.2307n 
  150.00000m   19.3432n 
  200.00000m   79.5099n 
  250.00000m  288.7553n 
  300.00000m  906.9689n 
  350.00000m    2.3577u 
  400.00000m    4.9976u 
  450.00000m    8.9137u 
  500.00000m   13.9993u 
  550.00000m   20.1022u 
  600.00000m   27.0888u 
  650.00000m   34.8491u 
  700.00000m   43.2885u 
  750.00000m   52.3199u 
  800.00000m   61.8601u 
  850.00000m   71.8261u 
  900.00000m   82.1328u 
  950.00000m   92.6882u 
    1.00000   103.3872u 
y
 vth0_value= 232.0051m
 u0_param=  50.8700m
 ags_param= 423.1023m
 
   *** monte carlo  index = 762 ***
x

 volt         param     
             i_d_0.7    
    0.         65.7231p 
   50.00000m  337.7612p 
  100.00000m    1.7009n 
  150.00000m    8.1285n 
  200.00000m   35.5474n 
  250.00000m  138.3599n 
  300.00000m  472.8029n 
  350.00000m    1.3705u 
  400.00000m    3.2441u 
  450.00000m    6.3246u 
  500.00000m   10.5908u 
  550.00000m   15.9067u 
  600.00000m   22.1310u 
  650.00000m   29.1468u 
  700.00000m   36.8564u 
  750.00000m   45.1733u 
  800.00000m   54.0164u 
  850.00000m   63.3067u 
  900.00000m   72.9645u 
  950.00000m   82.9057u 
    1.00000    93.0368u 
y
 vth0_value= 259.4714m
 u0_param=  49.4128m
 ags_param= 429.0193m
 
   *** monte carlo  index = 763 ***
x

 volt         param     
             i_d_0.7    
    0.         92.6714p 
   50.00000m  475.4806p 
  100.00000m    2.3745n 
  150.00000m   11.1703n 
  200.00000m   47.7322n 
  250.00000m  180.9533n 
  300.00000m  599.5579n 
  350.00000m    1.6684u 
  400.00000m    3.7819u 
  450.00000m    7.1134u 
  500.00000m   11.6053u 
  550.00000m   17.1160u 
  600.00000m   23.5100u 
  650.00000m   30.6755u 
  700.00000m   38.5183u 
  750.00000m   46.9537u 
  800.00000m   55.9012u 
  850.00000m   65.2819u 
  900.00000m   75.0154u 
  950.00000m   85.0157u 
    1.00000    95.1864u 
y
 vth0_value= 248.8347m
 u0_param=  48.9790m
 ags_param= 422.6393m
 
   *** monte carlo  index = 764 ***
x

 volt         param     
             i_d_0.7    
    0.         53.0430p 
   50.00000m  272.5390p 
  100.00000m    1.3779n 
  150.00000m    6.6374n 
  200.00000m   29.3832n 
  250.00000m  116.0295n 
  300.00000m  403.0766n 
  350.00000m    1.1943u 
  400.00000m    2.8967u 
  450.00000m    5.7670u 
  500.00000m    9.8077u 
  550.00000m   14.8918u 
  600.00000m   20.8795u 
  650.00000m   27.6535u 
  700.00000m   35.1167u 
  750.00000m   43.1835u 
  800.00000m   51.7744u 
  850.00000m   60.8118u 
  900.00000m   70.2180u 
  950.00000m   79.9113u 
    1.00000    89.8011u 
y
 vth0_value= 265.3293m
 u0_param=  48.4774m
 ags_param= 410.0698m
 
   *** monte carlo  index = 765 ***
x

 volt         param     
             i_d_0.7    
    0.         68.5858p 
   50.00000m  352.4239p 
  100.00000m    1.7729n 
  150.00000m    8.4559n 
  200.00000m   36.8685n 
  250.00000m  143.0060n 
  300.00000m  486.7402n 
  350.00000m    1.4035u 
  400.00000m    3.3030u 
  450.00000m    6.4082u 
  500.00000m   10.6925u 
  550.00000m   16.0193u 
  600.00000m   22.2485u 
  650.00000m   29.2640u 
  700.00000m   36.9688u 
  750.00000m   45.2770u 
  800.00000m   54.1076u 
  850.00000m   63.3821u 
  900.00000m   73.0207u 
  950.00000m   82.9396u 
    1.00000    93.0450u 
y
 vth0_value= 258.0644m
 u0_param=  49.2258m
 ags_param= 405.3476m
 
   *** monte carlo  index = 766 ***
x

 volt         param     
             i_d_0.7    
    0.         35.0310p 
   50.00000m  179.5722p 
  100.00000m  914.4878p 
  150.00000m    4.4746n 
  200.00000m   20.3120n 
  250.00000m   82.7252n 
  300.00000m  297.3929n 
  350.00000m  921.7736n 
  400.00000m    2.3571u 
  450.00000m    4.9192u 
  500.00000m    8.6676u 
  550.00000m   13.4928u 
  600.00000m   19.2513u 
  650.00000m   25.8192u 
  700.00000m   33.0950u 
  750.00000m   40.9909u 
  800.00000m   49.4262u 
  850.00000m   58.3236u 
  900.00000m   67.6060u 
  950.00000m   77.1935u 
    1.00000    86.9989u 
y
 vth0_value= 278.1250m
 u0_param=  48.8240m
 ags_param= 418.9446m
 
   *** monte carlo  index = 767 ***
x

 volt         param     
             i_d_0.7    
    0.        142.0560p 
   50.00000m  726.4008p 
  100.00000m    3.5885n 
  150.00000m   16.5567n 
  200.00000m   68.8745n 
  250.00000m  253.4329n 
  300.00000m  809.3997n 
  350.00000m    2.1483u 
  400.00000m    4.6448u 
  450.00000m    8.4127u 
  500.00000m   13.3576u 
  550.00000m   19.3279u 
  600.00000m   26.1879u 
  650.00000m   33.8263u 
  700.00000m   42.1475u 
  750.00000m   51.0647u 
  800.00000m   60.4947u 
  850.00000m   70.3553u 
  900.00000m   80.5623u 
  950.00000m   91.0252u 
    1.00000   101.6411u 
y
 vth0_value= 237.0995m
 u0_param=  50.7301m
 ags_param= 417.6268m
 
   *** monte carlo  index = 768 ***
x

 volt         param     
             i_d_0.7    
    0.         31.5843p 
   50.00000m  161.6886p 
  100.00000m  824.4016p 
  150.00000m    4.0457n 
  200.00000m   18.4561n 
  250.00000m   75.6470n 
  300.00000m  273.8672n 
  350.00000m  856.6433n 
  400.00000m    2.2150u 
  450.00000m    4.6709u 
  500.00000m    8.2958u 
  550.00000m   12.9874u 
  600.00000m   18.6044u 
  650.00000m   25.0240u 
  700.00000m   32.1454u 
  750.00000m   39.8816u 
  800.00000m   48.1533u 
  850.00000m   56.8841u 
  900.00000m   65.9981u 
  950.00000m   75.4171u 
    1.00000    85.0554u 
y
 vth0_value= 280.7888m
 u0_param=  48.0852m
 ags_param= 403.6537m
 
   *** monte carlo  index = 769 ***
x

 volt         param     
             i_d_0.7    
    0.         46.5429p 
   50.00000m  239.0975p 
  100.00000m    1.2123n 
  150.00000m    5.8738n 
  200.00000m   26.2422n 
  250.00000m  104.7745n 
  300.00000m  368.4680n 
  350.00000m    1.1096u 
  400.00000m    2.7418u 
  450.00000m    5.5479u 
  500.00000m    9.5495u 
  550.00000m   14.6221u 
  600.00000m   20.6216u 
  650.00000m   27.4263u 
  700.00000m   34.9359u 
  750.00000m   43.0626u 
  800.00000m   51.7251u 
  850.00000m   60.8451u 
  900.00000m   70.3439u 
  950.00000m   80.1395u 
    1.00000    90.1418u 
y
 vth0_value= 269.8803m
 u0_param=  49.3928m
 ags_param= 416.1279m
 
   *** monte carlo  index = 770 ***
x

 volt         param     
             i_d_0.7    
    0.         97.9264p 
   50.00000m  502.2804p 
  100.00000m    2.5051n 
  150.00000m   11.7565n 
  200.00000m   50.0664n 
  250.00000m  189.0794n 
  300.00000m  623.6031n 
  350.00000m    1.7249u 
  400.00000m    3.8858u 
  450.00000m    7.2721u 
  500.00000m   11.8211u 
  550.00000m   17.3897u 
  600.00000m   23.8421u 
  650.00000m   31.0669u 
  700.00000m   38.9695u 
  750.00000m   47.4649u 
  800.00000m   56.4724u 
  850.00000m   65.9127u 
  900.00000m   75.7048u 
  950.00000m   85.7624u 
    1.00000    95.9881u 
y
 vth0_value= 247.3184m
 u0_param=  49.2003m
 ags_param= 417.0561m
 
   *** monte carlo  index = 771 ***
x

 volt         param     
             i_d_0.7    
    0.        197.5945p 
   50.00000m    1.0059n 
  100.00000m    4.9163n 
  150.00000m   22.2755n 
  200.00000m   90.5069n 
  250.00000m  324.5440n 
  300.00000m    1.0028u 
  350.00000m    2.5552u 
  400.00000m    5.3167u 
  450.00000m    9.3491u 
  500.00000m   14.5366u 
  550.00000m   20.7280u 
  600.00000m   27.7927u 
  650.00000m   35.6228u 
  700.00000m   44.1247u 
  750.00000m   53.2122u 
  800.00000m   62.8019u 
  850.00000m   72.8109u 
  900.00000m   83.1535u 
  950.00000m   93.7365u 
    1.00000   104.4531u 
y
 vth0_value= 227.1203m
 u0_param=  50.6769m
 ags_param= 423.4464m
 
   *** monte carlo  index = 772 ***
x

 volt         param     
             i_d_0.7    
    0.         89.2066p 
   50.00000m  457.8516p 
  100.00000m    2.2890n 
  150.00000m   10.7902n 
  200.00000m   46.2432n 
  250.00000m  175.8826n 
  300.00000m  585.0292n 
  350.00000m    1.6363u 
  400.00000m    3.7288u 
  450.00000m    7.0435u 
  500.00000m   11.5268u 
  550.00000m   17.0366u 
  600.00000m   23.4361u 
  650.00000m   30.6124u 
  700.00000m   38.4706u 
  750.00000m   46.9252u 
  800.00000m   55.8954u 
  850.00000m   65.3021u 
  900.00000m   75.0646u 
  950.00000m   85.0970u 
    1.00000    95.3027u 
y
 vth0_value= 250.1529m
 u0_param=  49.2397m
 ags_param= 429.8937m
 
   *** monte carlo  index = 773 ***
x

 volt         param     
             i_d_0.7    
    0.         82.0943p 
   50.00000m  421.6319p 
  100.00000m    2.1131n 
  150.00000m   10.0060n 
  200.00000m   43.1626n 
  250.00000m  165.3731n 
  300.00000m  554.8333n 
  350.00000m    1.5696u 
  400.00000m    3.6192u 
  450.00000m    6.9031u 
  500.00000m   11.3758u 
  550.00000m   16.8945u 
  600.00000m   23.3187u 
  650.00000m   30.5325u 
  700.00000m   38.4386u 
  750.00000m   46.9502u 
  800.00000m   55.9855u 
  850.00000m   65.4643u 
  900.00000m   75.3055u 
  950.00000m   85.4231u 
    1.00000    95.7211u 
y
 vth0_value= 253.1214m
 u0_param=  49.9603m
 ags_param= 418.0867m
 
   *** monte carlo  index = 774 ***
x

 volt         param     
             i_d_0.7    
    0.         38.9579p 
   50.00000m  199.9083p 
  100.00000m    1.0165n 
  150.00000m    4.9567n 
  200.00000m   22.3729n 
  250.00000m   90.4649n 
  300.00000m  322.6421n 
  350.00000m  989.7082n 
  400.00000m    2.4994u 
  450.00000m    5.1570u 
  500.00000m    9.0078u 
  550.00000m   13.9362u 
  600.00000m   19.7979u 
  650.00000m   26.4693u 
  700.00000m   33.8490u 
  750.00000m   41.8490u 
  800.00000m   50.3883u 
  850.00000m   59.3889u 
  900.00000m   68.7729u 
  950.00000m   78.4596u 
    1.00000    88.3606u 
y
 vth0_value= 275.1236m
 u0_param=  49.1683m
 ags_param= 416.8514m
 
   *** monte carlo  index = 775 ***
x

 volt         param     
             i_d_0.7    
    0.        220.7264p 
   50.00000m    1.1220n 
  100.00000m    5.4651n 
  150.00000m   24.6242n 
  200.00000m   99.3485n 
  250.00000m  353.4864n 
  300.00000m    1.0812u 
  350.00000m    2.7214u 
  400.00000m    5.5999u 
  450.00000m    9.7642u 
  500.00000m   15.0910u 
  550.00000m   21.4275u 
  600.00000m   28.6424u 
  650.00000m   36.6275u 
  700.00000m   45.2883u 
  750.00000m   54.5375u 
  800.00000m   64.2909u 
  850.00000m   74.4644u 
  900.00000m   84.9707u 
  950.00000m   95.7151u 
    1.00000   106.5887u 
y
 vth0_value= 224.2002m
 u0_param=  51.3407m
 ags_param= 436.4266m
 
   *** monte carlo  index = 776 ***
x

 volt         param     
             i_d_0.7    
    0.        229.1628p 
   50.00000m    1.1633n 
  100.00000m    5.6517n 
  150.00000m   25.3573n 
  200.00000m  101.7782n 
  250.00000m  360.1105n 
  300.00000m    1.0934u 
  350.00000m    2.7288u 
  400.00000m    5.5722u 
  450.00000m    9.6609u 
  500.00000m   14.8733u 
  550.00000m   21.0627u 
  600.00000m   28.1036u 
  650.00000m   35.8921u 
  700.00000m   44.3372u 
  750.00000m   53.3544u 
  800.00000m   62.8616u 
  850.00000m   72.7769u 
  900.00000m   83.0147u 
  950.00000m   93.4817u 
    1.00000   104.0698u 
y
 vth0_value= 222.0149m
 u0_param=  49.6934m
 ags_param= 419.8115m
 
   *** monte carlo  index = 777 ***
x

 volt         param     
             i_d_0.7    
    0.         46.5524p 
   50.00000m  239.0763p 
  100.00000m    1.2114n 
  150.00000m    5.8631n 
  200.00000m   26.1486n 
  250.00000m  104.1837n 
  300.00000m  365.5795n 
  350.00000m    1.0977u 
  400.00000m    2.7035u 
  450.00000m    5.4547u 
  500.00000m    9.3697u 
  550.00000m   14.3271u 
  600.00000m   20.1878u 
  650.00000m   26.8341u 
  700.00000m   34.1688u 
  750.00000m   42.1066u 
  800.00000m   50.5687u 
  850.00000m   59.4783u 
  900.00000m   68.7585u 
  950.00000m   78.3289u 
    1.00000    88.1006u 
y
 vth0_value= 268.9896m
 u0_param=  48.0459m
 ags_param= 413.2228m
 
   *** monte carlo  index = 778 ***
x

 volt         param     
             i_d_0.7    
    0.         71.4964p 
   50.00000m  367.3430p 
  100.00000m    1.8463n 
  150.00000m    8.7907n 
  200.00000m   38.2289n 
  250.00000m  147.8394n 
  300.00000m  501.4510n 
  350.00000m    1.4392u 
  400.00000m    3.3704u 
  450.00000m    6.5117u 
  500.00000m   10.8323u 
  550.00000m   16.1942u 
  600.00000m   22.4577u 
  650.00000m   29.5071u 
  700.00000m   37.2456u 
  750.00000m   45.5872u 
  800.00000m   54.4510u 
  850.00000m   63.7582u 
  900.00000m   73.4287u 
  950.00000m   83.3784u 
    1.00000    93.5129u 
y
 vth0_value= 256.8527m
 u0_param=  49.2892m
 ags_param= 416.7108m
 
   *** monte carlo  index = 779 ***
x

 volt         param     
             i_d_0.7    
    0.         80.2079p 
   50.00000m  411.9053p 
  100.00000m    2.0647n 
  150.00000m    9.7798n 
  200.00000m   42.2082n 
  250.00000m  161.8152n 
  300.00000m  543.3165n 
  350.00000m    1.5386u 
  400.00000m    3.5518u 
  450.00000m    6.7809u 
  500.00000m   11.1828u 
  550.00000m   16.6174u 
  600.00000m   22.9465u 
  650.00000m   30.0561u 
  700.00000m   37.8504u 
  750.00000m   46.2438u 
  800.00000m   55.1557u 
  850.00000m   64.5070u 
  900.00000m   74.2175u 
  950.00000m   84.2020u 
    1.00000    94.3654u 
y
 vth0_value= 253.3408m
 u0_param=  49.2166m
 ags_param= 422.8122m
 
   *** monte carlo  index = 780 ***
x

 volt         param     
             i_d_0.7    
    0.         43.0614p 
   50.00000m  221.1254p 
  100.00000m    1.1226n 
  150.00000m    5.4553n 
  200.00000m   24.4851n 
  250.00000m   98.3140n 
  300.00000m  347.9266n 
  350.00000m    1.0564u 
  400.00000m    2.6359u 
  450.00000m    5.3797u 
  500.00000m    9.3199u 
  550.00000m   14.3354u 
  600.00000m   20.2817u 
  650.00000m   27.0360u 
  700.00000m   34.4974u 
  750.00000m   42.5778u 
  800.00000m   51.1961u 
  850.00000m   60.2737u 
  900.00000m   69.7324u 
  950.00000m   79.4907u 
    1.00000    89.4592u 
y
 vth0_value= 272.2190m
 u0_param=  49.3700m
 ags_param= 409.5888m
 
   *** monte carlo  index = 781 ***
x

 volt         param     
             i_d_0.7    
    0.         92.2091p 
   50.00000m  473.2168p 
  100.00000m    2.3644n 
  150.00000m   11.1328n 
  200.00000m   47.6323n 
  250.00000m  180.8247n 
  300.00000m  600.0933n 
  350.00000m    1.6734u 
  400.00000m    3.8013u 
  450.00000m    7.1620u 
  500.00000m   11.6982u 
  550.00000m   17.2663u 
  600.00000m   23.7283u 
  650.00000m   30.9705u 
  700.00000m   38.8972u 
  750.00000m   47.4225u 
  800.00000m   56.4650u 
  850.00000m   65.9449u 
  900.00000m   75.7809u 
  950.00000m   85.8867u 
    1.00000    96.1654u 
y
 vth0_value= 249.4139m
 u0_param=  49.6372m
 ags_param= 409.5344m
 
   *** monte carlo  index = 782 ***
x

 volt         param     
             i_d_0.7    
    0.         29.8770p 
   50.00000m  152.8695p 
  100.00000m  780.4266p 
  150.00000m    3.8406n 
  200.00000m   17.6035n 
  250.00000m   72.5928n 
  300.00000m  264.5440n 
  350.00000m  834.4294n 
  400.00000m    2.1800u 
  450.00000m    4.6415u 
  500.00000m    8.3045u 
  550.00000m   13.0678u 
  600.00000m   18.7855u 
  650.00000m   25.3294u 
  700.00000m   32.5948u 
  750.00000m   40.4919u 
  800.00000m   48.9387u 
  850.00000m   57.8570u 
  900.00000m   67.1695u 
  950.00000m   76.7962u 
    1.00000    86.6506u 
y
 vth0_value= 283.3898m
 u0_param=  49.4716m
 ags_param= 414.0148m
 
   *** monte carlo  index = 783 ***
x

 volt         param     
             i_d_0.7    
    0.        113.8243p 
   50.00000m  583.1627p 
  100.00000m    2.8974n 
  150.00000m   13.5034n 
  200.00000m   56.9500n 
  250.00000m  212.7638n 
  300.00000m  692.5292n 
  350.00000m    1.8831u 
  400.00000m    4.1695u 
  450.00000m    7.6956u 
  500.00000m   12.3853u 
  550.00000m   18.0927u 
  600.00000m   24.6828u 
  650.00000m   32.0447u 
  700.00000m   40.0842u 
  750.00000m   48.7158u 
  800.00000m   57.8583u 
  850.00000m   67.4314u 
  900.00000m   77.3532u 
  950.00000m   87.5358u 
    1.00000    97.8797u 
y
 vth0_value= 243.0346m
 u0_param=  49.5795m
 ags_param= 423.2808m
 
   *** monte carlo  index = 784 ***
x

 volt         param     
             i_d_0.7    
    0.         60.2544p 
   50.00000m  309.7126p 
  100.00000m    1.5628n 
  150.00000m    7.4979n 
  200.00000m   32.9860n 
  250.00000m  129.2884n 
  300.00000m  445.3201n 
  350.00000m    1.3045u 
  400.00000m    3.1239u 
  450.00000m    6.1505u 
  500.00000m   10.3738u 
  550.00000m   15.6589u 
  600.00000m   21.8626u 
  650.00000m   28.8656u 
  700.00000m   36.5688u 
  750.00000m   44.8845u 
  800.00000m   53.7313u 
  850.00000m   63.0298u 
  900.00000m   72.7002u 
  950.00000m   82.6586u 
    1.00000    92.8123u 
y
 vth0_value= 262.3184m
 u0_param=  49.7633m
 ags_param= 408.4252m
 
   *** monte carlo  index = 785 ***
x

 volt         param     
             i_d_0.7    
    0.        184.2464p 
   50.00000m  939.4785p 
  100.00000m    4.6078n 
  150.00000m   20.9984n 
  200.00000m   85.9443n 
  250.00000m  310.6308n 
  300.00000m  969.6133n 
  350.00000m    2.5013u 
  400.00000m    5.2638u 
  450.00000m    9.3356u 
  500.00000m   14.6020u 
  550.00000m   20.9061u 
  600.00000m   28.1107u 
  650.00000m   36.1035u 
  700.00000m   44.7873u 
  750.00000m   54.0729u 
  800.00000m   63.8750u 
  850.00000m   74.1086u 
  900.00000m   84.6867u 
  950.00000m   95.5151u 
    1.00000   106.4869u 
y
 vth0_value= 230.2232m
 u0_param=  52.2657m
 ags_param= 425.2776m
 
   *** monte carlo  index = 786 ***
x

 volt         param     
             i_d_0.7    
    0.         18.3074p 
   50.00000m   92.6200p 
  100.00000m  474.6934p 
  150.00000m    2.3649n 
  200.00000m   11.0772n 
  250.00000m   47.0492n 
  300.00000m  177.1710n 
  350.00000m  582.2628n 
  400.00000m    1.6029u 
  450.00000m    3.5925u 
  500.00000m    6.6943u 
  550.00000m   10.8466u 
  600.00000m   15.9176u 
  650.00000m   21.7841u 
  700.00000m   28.3450u 
  750.00000m   35.5148u 
  800.00000m   43.2167u 
  850.00000m   51.3777u 
  900.00000m   59.9260u 
  950.00000m   68.7878u 
    1.00000    77.8841u 
y
 vth0_value= 296.1327m
 u0_param=  46.0353m
 ags_param= 406.3732m
 
   *** monte carlo  index = 787 ***
x

 volt         param     
             i_d_0.7    
    0.         78.3755p 
   50.00000m  402.5350p 
  100.00000m    2.0188n 
  150.00000m    9.5722n 
  200.00000m   41.3733n 
  250.00000m  158.8826n 
  300.00000m  534.5314n 
  350.00000m    1.5177u 
  400.00000m    3.5133u 
  450.00000m    6.7230u 
  500.00000m   11.1060u 
  550.00000m   16.5228u 
  600.00000m   22.8350u 
  650.00000m   29.9284u 
  700.00000m   37.7072u 
  750.00000m   46.0858u 
  800.00000m   54.9834u 
  850.00000m   64.3211u 
  900.00000m   74.0189u 
  950.00000m   83.9917u 
    1.00000    94.1445u 
y
 vth0_value= 254.0203m
 u0_param=  49.1908m
 ags_param= 427.8809m
 
   *** monte carlo  index = 788 ***
x

 volt         param     
             i_d_0.7    
    0.         39.4100p 
   50.00000m  202.1962p 
  100.00000m    1.0274n 
  150.00000m    5.0030n 
  200.00000m   22.5321n 
  250.00000m   90.8613n 
  300.00000m  323.1133n 
  350.00000m  987.4277n 
  400.00000m    2.4825u 
  450.00000m    5.1016u 
  500.00000m    8.8848u 
  550.00000m   13.7182u 
  600.00000m   19.4618u 
  650.00000m   25.9960u 
  700.00000m   33.2225u 
  750.00000m   41.0556u 
  800.00000m   49.4163u 
  850.00000m   58.2284u 
  900.00000m   67.4155u 
  950.00000m   76.8984u 
    1.00000    86.5897u 
y
 vth0_value= 273.9660m
 u0_param=  47.9419m
 ags_param= 400.1321m
 
   *** monte carlo  index = 789 ***
x

 volt         param     
             i_d_0.7    
    0.        143.1093p 
   50.00000m  731.0184p 
  100.00000m    3.6039n 
  150.00000m   16.5698n 
  200.00000m   68.6178n 
  250.00000m  251.2833n 
  300.00000m  797.8325n 
  350.00000m    2.1020u 
  400.00000m    4.5133u 
  450.00000m    8.1317u 
  500.00000m   12.8654u 
  550.00000m   18.5726u 
  600.00000m   25.1268u 
  650.00000m   32.4236u 
  700.00000m   40.3734u 
  750.00000m   48.8939u 
  800.00000m   57.9059u 
  850.00000m   67.3308u 
  900.00000m   77.0875u 
  950.00000m   87.0880u 
    1.00000    97.2313u 
y
 vth0_value= 235.1098m
 u0_param=  48.0216m
 ags_param= 422.3713m
 
   *** monte carlo  index = 790 ***
x

 volt         param     
             i_d_0.7    
    0.         56.7151p 
   50.00000m  291.4690p 
  100.00000m    1.4720n 
  150.00000m    7.0756n 
  200.00000m   31.2173n 
  250.00000m  122.7741n 
  300.00000m  424.5470n 
  350.00000m    1.2502u 
  400.00000m    3.0115u 
  450.00000m    5.9595u 
  500.00000m   10.0900u 
  550.00000m   15.2722u 
  600.00000m   21.3649u 
  650.00000m   28.2499u 
  700.00000m   35.8294u 
  750.00000m   44.0169u 
  800.00000m   52.7321u 
  850.00000m   61.8964u 
  900.00000m   71.4312u 
  950.00000m   81.2536u 
    1.00000    91.2719u 
y
 vth0_value= 263.6888m
 u0_param=  49.0581m
 ags_param= 426.5765m
 
   *** monte carlo  index = 791 ***
x

 volt         param     
             i_d_0.7    
    0.        201.7153p 
   50.00000m    1.0266n 
  100.00000m    5.0149n 
  150.00000m   22.7010n 
  200.00000m   92.1268n 
  250.00000m  329.9202n 
  300.00000m    1.0177u 
  350.00000m    2.5877u 
  400.00000m    5.3742u 
  450.00000m    9.4365u 
  500.00000m   14.6573u 
  550.00000m   20.8847u 
  600.00000m   27.9878u 
  650.00000m   35.8584u 
  700.00000m   44.4025u 
  750.00000m   53.5336u 
  800.00000m   63.1681u 
  850.00000m   73.2226u 
  900.00000m   83.6111u 
  950.00000m   94.2400u 
    1.00000   105.0020u 
y
 vth0_value= 226.6313m
 u0_param=  50.8871m
 ags_param= 428.4673m
 
   *** monte carlo  index = 792 ***
x

 volt         param     
             i_d_0.7    
    0.         61.0538p 
   50.00000m  313.6397p 
  100.00000m    1.5803n 
  150.00000m    7.5624n 
  200.00000m   33.1393n 
  250.00000m  129.3060n 
  300.00000m  443.1813n 
  350.00000m    1.2898u 
  400.00000m    3.0666u 
  450.00000m    6.0017u 
  500.00000m   10.0797u 
  550.00000m   15.1722u 
  600.00000m   21.1440u 
  650.00000m   27.8827u 
  700.00000m   35.2946u 
  750.00000m   43.2965u 
  800.00000m   51.8102u 
  850.00000m   60.7596u 
  900.00000m   70.0676u 
  950.00000m   79.6528u 
    1.00000    89.4238u 
y
 vth0_value= 260.4177m
 u0_param=  47.4831m
 ags_param= 424.6919m
 
   *** monte carlo  index = 793 ***
x

 volt         param     
             i_d_0.7    
    0.        130.6293p 
   50.00000m  668.3641p 
  100.00000m    3.3079n 
  150.00000m   15.3111n 
  200.00000m   63.9720n 
  250.00000m  236.5417n 
  300.00000m  760.1290n 
  350.00000m    2.0333u 
  400.00000m    4.4299u 
  450.00000m    8.0723u 
  500.00000m   12.8733u 
  550.00000m   18.6855u 
  600.00000m   25.3756u 
  650.00000m   32.8339u 
  700.00000m   40.9667u 
  750.00000m   49.6887u 
  800.00000m   58.9183u 
  850.00000m   68.5750u 
  900.00000m   78.5758u 
  950.00000m   88.8320u 
    1.00000    99.2422u 
y
 vth0_value= 238.9626m
 u0_param=  49.6955m
 ags_param= 425.0265m
 
   *** monte carlo  index = 794 ***
x

 volt         param     
             i_d_0.7    
    0.        130.2901p 
   50.00000m  666.5140p 
  100.00000m    3.2977n 
  150.00000m   15.2562n 
  200.00000m   63.6995n 
  250.00000m  235.3683n 
  300.00000m  755.7208n 
  350.00000m    2.0194u 
  400.00000m    4.3951u 
  450.00000m    8.0027u 
  500.00000m   12.7558u 
  550.00000m   18.5091u 
  600.00000m   25.1312u 
  650.00000m   32.5139u 
  700.00000m   40.5648u 
  750.00000m   49.1995u 
  800.00000m   58.3373u 
  850.00000m   67.8984u 
  900.00000m   77.8008u 
  950.00000m   87.9559u 
    1.00000    98.2633u 
y
 vth0_value= 238.6607m
 u0_param=  49.1118m
 ags_param= 425.9862m
 
   *** monte carlo  index = 795 ***
x

 volt         param     
             i_d_0.7    
    0.         78.4742p 
   50.00000m  403.0775p 
  100.00000m    2.0218n 
  150.00000m    9.5891n 
  200.00000m   41.4622n 
  250.00000m  159.2903n 
  300.00000m  536.1493n 
  350.00000m    1.5232u 
  400.00000m    3.5283u 
  450.00000m    6.7550u 
  500.00000m   11.1624u 
  550.00000m   16.6101u 
  600.00000m   22.9585u 
  650.00000m   30.0922u 
  700.00000m   37.9149u 
  750.00000m   46.3402u 
  800.00000m   55.2869u 
  850.00000m   64.6756u 
  900.00000m   74.4259u 
  950.00000m   84.4525u 
    1.00000    94.6602u 
y
 vth0_value= 254.2002m
 u0_param=  49.5262m
 ags_param= 417.8349m
 
   *** monte carlo  index = 796 ***
x

 volt         param     
             i_d_0.7    
    0.        155.0920p 
   50.00000m  792.3238p 
  100.00000m    3.9046n 
  150.00000m   17.9389n 
  200.00000m   74.2054n 
  250.00000m  271.3602n 
  300.00000m  859.8673n 
  350.00000m    2.2598u 
  400.00000m    4.8398u 
  450.00000m    8.7014u 
  500.00000m   13.7430u 
  550.00000m   19.8117u 
  600.00000m   26.7719u 
  650.00000m   34.5120u 
  700.00000m   42.9363u 
  750.00000m   51.9574u 
  800.00000m   61.4916u 
  850.00000m   71.4560u 
  900.00000m   81.7655u 
  950.00000m   92.3285u 
    1.00000   103.0408u 
y
 vth0_value= 234.6962m
 u0_param=  51.1123m
 ags_param= 419.9415m
 
   *** monte carlo  index = 797 ***
x

 volt         param     
             i_d_0.7    
    0.        118.1414p 
   50.00000m  605.1705p 
  100.00000m    3.0046n 
  150.00000m   13.9847n 
  200.00000m   58.8732n 
  250.00000m  219.5015n 
  300.00000m  712.6471n 
  350.00000m    1.9315u 
  400.00000m    4.2626u 
  450.00000m    7.8467u 
  500.00000m   12.6041u 
  550.00000m   18.3869u 
  600.00000m   25.0588u 
  650.00000m   32.5078u 
  700.00000m   40.6389u 
  750.00000m   49.3658u 
  800.00000m   58.6063u 
  850.00000m   68.2796u 
  900.00000m   78.3029u 
  950.00000m   88.5876u 
    1.00000    99.0334u 
y
 vth0_value= 242.2508m
 u0_param=  50.1024m
 ags_param= 418.8198m
 
   *** monte carlo  index = 798 ***
x

 volt         param     
             i_d_0.7    
    0.        112.0231p 
   50.00000m  574.2045p 
  100.00000m    2.8559n 
  150.00000m   13.3351n 
  200.00000m   56.3850n 
  250.00000m  211.2388n 
  300.00000m  689.8604n 
  350.00000m    1.8839u 
  400.00000m    4.1891u 
  450.00000m    7.7576u 
  500.00000m   12.5141u 
  550.00000m   18.3092u 
  600.00000m   25.0042u 
  650.00000m   32.4853u 
  700.00000m   40.6559u 
  750.00000m   49.4287u 
  800.00000m   58.7208u 
  850.00000m   68.4509u 
  900.00000m   78.5356u 
  950.00000m   88.8864u 
    1.00000    99.4031u 
y
 vth0_value= 244.1770m
 u0_param=  50.6122m
 ags_param= 419.7867m
 
   *** monte carlo  index = 799 ***
x

 volt         param     
             i_d_0.7    
    0.         88.9812p 
   50.00000m  456.7227p 
  100.00000m    2.2837n 
  150.00000m   10.7682n 
  200.00000m   46.1663n 
  250.00000m  175.6643n 
  300.00000m  584.5887n 
  350.00000m    1.6362u 
  400.00000m    3.7308u 
  450.00000m    7.0510u 
  500.00000m   11.5432u 
  550.00000m   17.0650u 
  600.00000m   23.4788u 
  650.00000m   30.6713u 
  700.00000m   38.5473u 
  750.00000m   47.0209u 
  800.00000m   56.0112u 
  850.00000m   65.4388u 
  900.00000m   75.2228u 
  950.00000m   85.2774u 
    1.00000    95.5060u 
y
 vth0_value= 250.3284m
 u0_param=  49.3925m
 ags_param= 421.7691m
 
   *** monte carlo  index = 800 ***
x

 volt         param     
             i_d_0.7    
    0.         63.5217p 
   50.00000m  326.4211p 
  100.00000m    1.6445n 
  150.00000m    7.8668n 
  200.00000m   34.4527n 
  250.00000m  134.3295n 
  300.00000m  459.9500n 
  350.00000m    1.3368u 
  400.00000m    3.1736u 
  450.00000m    6.2027u 
  500.00000m   10.4060u 
  550.00000m   15.6497u 
  600.00000m   21.7942u 
  650.00000m   28.7234u 
  700.00000m   36.3407u 
  750.00000m   44.5603u 
  800.00000m   53.3020u 
  850.00000m   62.4877u 
  900.00000m   72.0383u 
  950.00000m   81.8707u 
    1.00000    91.8923u 
y
 vth0_value= 260.1546m
 u0_param=  48.8843m
 ags_param= 409.1416m
 
   *** monte carlo  index = 801 ***
x

 volt         param     
             i_d_0.7    
    0.         78.0514p 
   50.00000m  400.9013p 
  100.00000m    2.0110n 
  150.00000m    9.5390n 
  200.00000m   41.2533n 
  250.00000m  158.5214n 
  300.00000m  533.6987n 
  350.00000m    1.5168u 
  400.00000m    3.5146u 
  450.00000m    6.7309u 
  500.00000m   11.1253u 
  550.00000m   16.5577u 
  600.00000m   22.8889u 
  650.00000m   30.0040u 
  700.00000m   37.8066u 
  750.00000m   46.2107u 
  800.00000m   55.1354u 
  850.00000m   64.5013u 
  900.00000m   74.2283u 
  950.00000m   84.2312u 
    1.00000    94.4148u 
y
 vth0_value= 254.2819m
 u0_param=  49.4011m
 ags_param= 416.2786m
 
   *** monte carlo  index = 802 ***
x

 volt         param     
             i_d_0.7    
    0.         97.4939p 
   50.00000m  500.1696p 
  100.00000m    2.4958n 
  150.00000m   11.7223n 
  200.00000m   49.9786n 
  250.00000m  188.9855n 
  300.00000m  624.2154n 
  350.00000m    1.7299u 
  400.00000m    3.9047u 
  450.00000m    7.3189u 
  500.00000m   11.9101u 
  550.00000m   17.5333u 
  600.00000m   24.0507u 
  650.00000m   31.3489u 
  700.00000m   39.3324u 
  750.00000m   47.9150u 
  800.00000m   57.0150u 
  850.00000m   66.5523u 
  900.00000m   76.4451u 
  950.00000m   86.6066u 
    1.00000    96.9387u 
y
 vth0_value= 247.8425m
 u0_param=  49.8030m
 ags_param= 426.3974m
 
   *** monte carlo  index = 803 ***
x

 volt         param     
             i_d_0.7    
    0.        154.0154p 
   50.00000m  786.9972p 
  100.00000m    3.8802n 
  150.00000m   17.8409n 
  200.00000m   73.8770n 
  250.00000m  270.4610n 
  300.00000m  858.2157n 
  350.00000m    2.2594u 
  400.00000m    4.8470u 
  450.00000m    8.7252u 
  500.00000m   13.7927u 
  550.00000m   19.8952u 
  600.00000m   26.8956u 
  650.00000m   34.6814u 
  700.00000m   43.1560u 
  750.00000m   52.2314u 
  800.00000m   61.8233u 
  850.00000m   71.8482u 
  900.00000m   82.2208u 
  950.00000m   92.8489u 
    1.00000   103.6282u 
y
 vth0_value= 235.1467m
 u0_param=  51.4965m
 ags_param= 426.9026m
 
   *** monte carlo  index = 804 ***
x

 volt         param     
             i_d_0.7    
    0.         32.6385p 
   50.00000m  167.1944p 
  100.00000m  852.5311p 
  150.00000m    4.1833n 
  200.00000m   19.0801n 
  250.00000m   78.1800n 
  300.00000m  282.9136n 
  350.00000m  884.3788n 
  400.00000m    2.2850u 
  450.00000m    4.8145u 
  500.00000m    8.5452u 
  550.00000m   13.3701u 
  600.00000m   19.1436u 
  650.00000m   25.7388u 
  700.00000m   33.0518u 
  750.00000m   40.9933u 
  800.00000m   49.4815u 
  850.00000m   58.4382u 
  900.00000m   67.7858u 
  950.00000m   77.4440u 
    1.00000    87.3257u 
y
 vth0_value= 280.6838m
 u0_param=  49.4511m
 ags_param= 408.7672m
 
   *** monte carlo  index = 805 ***
x

 volt         param     
             i_d_0.7    
    0.        103.3950p 
   50.00000m  530.2663p 
  100.00000m    2.6424n 
  150.00000m   12.3810n 
  200.00000m   52.6056n 
  250.00000m  198.1504n 
  300.00000m  651.4147n 
  350.00000m    1.7943u 
  400.00000m    4.0246u 
  450.00000m    7.5051u 
  500.00000m   12.1680u 
  550.00000m   17.8661u 
  600.00000m   24.4611u 
  650.00000m   31.8392u 
  700.00000m   39.9045u 
  750.00000m   48.5701u 
  800.00000m   57.7538u 
  850.00000m   67.3750u 
  900.00000m   77.3513u 
  950.00000m   87.5950u 
    1.00000    98.0075u 
y
 vth0_value= 246.3147m
 u0_param=  50.1795m
 ags_param= 413.0755m
 
   *** monte carlo  index = 806 ***
x

 volt         param     
             i_d_0.7    
    0.         93.7154p 
   50.00000m  480.9251p 
  100.00000m    2.4022n 
  150.00000m   11.3046n 
  200.00000m   48.3293n 
  250.00000m  183.3063n 
  300.00000m  607.6699n 
  350.00000m    1.6921u 
  400.00000m    3.8382u 
  450.00000m    7.2227u 
  500.00000m   11.7872u 
  550.00000m   17.3868u 
  600.00000m   23.8832u 
  650.00000m   31.1623u 
  700.00000m   39.1282u 
  750.00000m   47.6945u 
  800.00000m   56.7795u 
  850.00000m   66.3031u 
  900.00000m   76.1837u 
  950.00000m   86.3347u 
    1.00000    96.6584u 
y
 vth0_value= 249.0617m
 u0_param=  49.8478m
 ags_param= 418.5685m
 
   *** monte carlo  index = 807 ***
x

 volt         param     
             i_d_0.7    
    0.         27.8536p 
   50.00000m  142.2827p 
  100.00000m  726.1304p 
  150.00000m    3.5730n 
  200.00000m   16.3757n 
  250.00000m   67.5300n 
  300.00000m  246.1520n 
  350.00000m  776.7967n 
  400.00000m    2.0307u 
  450.00000m    4.3267u 
  500.00000m    7.7472u 
  550.00000m   12.1999u 
  600.00000m   17.5505u 
  650.00000m   23.6805u 
  700.00000m   30.4926u 
  750.00000m   37.9034u 
  800.00000m   45.8363u 
  850.00000m   54.2178u 
  900.00000m   62.9749u 
  950.00000m   72.0320u 
    1.00000    81.3063u 
y
 vth0_value= 283.3303m
 u0_param=  46.1809m
 ags_param= 417.1922m
 
   *** monte carlo  index = 808 ***
x

 volt         param     
             i_d_0.7    
    0.        133.0867p 
   50.00000m  681.1628p 
  100.00000m    3.3728n 
  150.00000m   15.6237n 
  200.00000m   65.3433n 
  250.00000m  241.8514n 
  300.00000m  778.0695n 
  350.00000m    2.0843u 
  400.00000m    4.5469u 
  450.00000m    8.2933u 
  500.00000m   13.2331u 
  550.00000m   19.2133u 
  600.00000m   26.0953u 
  650.00000m   33.7654u 
  700.00000m   42.1266u 
  750.00000m   51.0909u 
  800.00000m   60.5743u 
  850.00000m   70.4940u 
  900.00000m   80.7655u 
  950.00000m   91.2983u 
    1.00000   101.9898u 
y
 vth0_value= 239.4202m
 u0_param=  51.2961m
 ags_param= 415.3725m
 
   *** monte carlo  index = 809 ***
x

 volt         param     
             i_d_0.7    
    0.         54.6692p 
   50.00000m  280.9757p 
  100.00000m    1.4204n 
  150.00000m    6.8402n 
  200.00000m   30.2663n 
  250.00000m  119.4424n 
  300.00000m  414.6106n 
  350.00000m    1.2271u 
  400.00000m    2.9729u 
  450.00000m    5.9120u 
  500.00000m   10.0456u 
  550.00000m   15.2428u 
  600.00000m   21.3603u 
  650.00000m   28.2782u 
  700.00000m   35.8972u 
  750.00000m   44.1299u 
  800.00000m   52.8950u 
  850.00000m   62.1136u 
  900.00000m   71.7064u 
  950.00000m   81.5905u 
    1.00000    91.6739u 
y
 vth0_value= 265.1021m
 u0_param=  49.5261m
 ags_param= 420.9143m
 
   *** monte carlo  index = 810 ***
x

 volt         param     
             i_d_0.7    
    0.        138.8934p 
   50.00000m  710.0762p 
  100.00000m    3.5071n 
  150.00000m   16.1752n 
  200.00000m   67.2591n 
  250.00000m  247.3962n 
  300.00000m  789.8177n 
  350.00000m    2.0953u 
  400.00000m    4.5285u 
  450.00000m    8.2002u 
  500.00000m   13.0192u 
  550.00000m   18.8392u 
  600.00000m   25.5285u 
  650.00000m   32.9792u 
  700.00000m   41.0987u 
  750.00000m   49.8022u 
  800.00000m   59.0088u 
  850.00000m   68.6381u 
  900.00000m   78.6074u 
  950.00000m   88.8278u 
    1.00000    99.1976u 
y
 vth0_value= 236.8925m
 u0_param=  49.3535m
 ags_param= 423.5436m
 
   *** monte carlo  index = 811 ***
x

 volt         param     
             i_d_0.7    
    0.        191.7895p 
   50.00000m  976.6197p 
  100.00000m    4.7766n 
  150.00000m   21.6678n 
  200.00000m   88.1698n 
  250.00000m  316.6950n 
  300.00000m  980.7055n 
  350.00000m    2.5056u 
  400.00000m    5.2263u 
  450.00000m    9.2077u 
  500.00000m   14.3364u 
  550.00000m   20.4627u 
  600.00000m   27.4569u 
  650.00000m   35.2121u 
  700.00000m   43.6353u 
  750.00000m   52.6409u 
  800.00000m   62.1463u 
  850.00000m   72.0692u 
  900.00000m   82.3246u 
  950.00000m   92.8198u 
    1.00000   103.4490u 
y
 vth0_value= 227.7401m
 u0_param=  50.2395m
 ags_param= 421.1172m
 
   *** monte carlo  index = 812 ***
x

 volt         param     
             i_d_0.7    
    0.         44.0000p 
   50.00000m  225.9102p 
  100.00000m    1.1459n 
  150.00000m    5.5578n 
  200.00000m   24.8722n 
  250.00000m   99.5136n 
  300.00000m  350.8192n 
  350.00000m    1.0599u 
  400.00000m    2.6290u 
  450.00000m    5.3380u 
  500.00000m    9.2125u 
  550.00000m   14.1335u 
  600.00000m   19.9612u 
  650.00000m   26.5772u 
  700.00000m   33.8837u 
  750.00000m   41.7952u 
  800.00000m   50.2326u 
  850.00000m   59.1193u 
  900.00000m   68.3785u 
  950.00000m   77.9302u 
    1.00000    87.6858u 
y
 vth0_value= 270.7161m
 u0_param=  48.0754m
 ags_param= 408.9263m
 
   *** monte carlo  index = 813 ***
x

 volt         param     
             i_d_0.7    
    0.         28.6721p 
   50.00000m  146.5876p 
  100.00000m  748.4575p 
  150.00000m    3.6854n 
  200.00000m   16.9090n 
  250.00000m   69.8233n 
  300.00000m  254.8477n 
  350.00000m  805.4923n 
  400.00000m    2.1097u 
  450.00000m    4.5030u 
  500.00000m    8.0726u 
  550.00000m   12.7214u 
  600.00000m   18.3073u 
  650.00000m   24.7052u 
  700.00000m   31.8124u 
  750.00000m   39.5411u 
  800.00000m   47.8111u 
  850.00000m   56.5457u 
  900.00000m   65.6691u 
  950.00000m   75.1027u 
    1.00000    84.7615u 
y
 vth0_value= 283.9453m
 u0_param=  48.3978m
 ags_param= 411.9120m
 
   *** monte carlo  index = 814 ***
x

 volt         param     
             i_d_0.7    
    0.        115.8179p 
   50.00000m  593.1818p 
  100.00000m    2.9448n 
  150.00000m   13.7049n 
  200.00000m   57.6878n 
  250.00000m  215.0656n 
  300.00000m  698.2269n 
  350.00000m    1.8923u 
  400.00000m    4.1763u 
  450.00000m    7.6883u 
  500.00000m   12.3511u 
  550.00000m   18.0204u 
  600.00000m   24.5630u 
  650.00000m   31.8698u 
  700.00000m   39.8476u 
  750.00000m   48.4119u 
  800.00000m   57.4822u 
  850.00000m   66.9789u 
  900.00000m   76.8207u 
  950.00000m   86.9200u 
    1.00000    97.1779u 
y
 vth0_value= 242.1790m
 u0_param=  49.0690m
 ags_param= 415.8193m
 
   *** monte carlo  index = 815 ***
x

 volt         param     
             i_d_0.7    
    0.         81.0852p 
   50.00000m  416.5297p 
  100.00000m    2.0887n 
  150.00000m    9.9004n 
  200.00000m   42.7701n 
  250.00000m  164.1400n 
  300.00000m  551.7466n 
  350.00000m    1.5648u 
  400.00000m    3.6177u 
  450.00000m    6.9152u 
  500.00000m   11.4132u 
  550.00000m   16.9679u 
  600.00000m   23.4369u 
  650.00000m   30.7027u 
  700.00000m   38.6670u 
  750.00000m   47.2421u 
  800.00000m   56.3453u 
  850.00000m   65.8959u 
  900.00000m   75.8122u 
  950.00000m   86.0079u 
    1.00000    96.3863u 
y
 vth0_value= 253.8008m
 u0_param=  50.4413m
 ags_param= 424.2546m
 
   *** monte carlo  index = 816 ***
x

 volt         param     
             i_d_0.7    
    0.         52.0303p 
   50.00000m  267.3673p 
  100.00000m    1.3526n 
  150.00000m    6.5247n 
  200.00000m   28.9442n 
  250.00000m  114.5772n 
  300.00000m  399.1144n 
  350.00000m    1.1868u 
  400.00000m    2.8903u 
  450.00000m    5.7745u 
  500.00000m    9.8457u 
  550.00000m   14.9761u 
  600.00000m   21.0233u 
  650.00000m   27.8677u 
  700.00000m   35.4106u 
  750.00000m   43.5651u 
  800.00000m   52.2505u 
  850.00000m   61.3885u 
  900.00000m   70.9004u 
  950.00000m   80.7038u 
    1.00000    90.7076u 
y
 vth0_value= 266.3530m
 u0_param=  49.1503m
 ags_param= 426.3558m
 
   *** monte carlo  index = 817 ***
x

 volt         param     
             i_d_0.7    
    0.         97.4484p 
   50.00000m  499.8227p 
  100.00000m    2.4929n 
  150.00000m   11.7002n 
  200.00000m   49.8317n 
  250.00000m  188.2161n 
  300.00000m  620.8547n 
  350.00000m    1.7177u 
  400.00000m    3.8703u 
  450.00000m    7.2445u 
  500.00000m   11.7779u 
  550.00000m   17.3280u 
  600.00000m   23.7595u 
  650.00000m   30.9614u 
  700.00000m   38.8394u 
  750.00000m   47.3087u 
  800.00000m   56.2890u 
  850.00000m   65.7011u 
  900.00000m   75.4642u 
  950.00000m   85.4922u 
    1.00000    95.6880u 
y
 vth0_value= 247.3618m
 u0_param=  49.0414m
 ags_param= 415.3994m
 
   *** monte carlo  index = 818 ***
x

 volt         param     
             i_d_0.7    
    0.         62.0505p 
   50.00000m  318.9048p 
  100.00000m    1.6078n 
  150.00000m    7.7018n 
  200.00000m   33.8005n 
  250.00000m  132.1057n 
  300.00000m  453.5735n 
  350.00000m    1.3231u 
  400.00000m    3.1535u 
  450.00000m    6.1843u 
  500.00000m   10.4007u 
  550.00000m   15.6683u 
  600.00000m   21.8457u 
  650.00000m   28.8154u 
  700.00000m   36.4794u 
  750.00000m   44.7511u 
  800.00000m   53.5497u 
  850.00000m   62.7963u 
  900.00000m   72.4115u 
  950.00000m   82.3118u 
    1.00000    92.4043u 
y
 vth0_value= 261.1504m
 u0_param=  49.3272m
 ags_param= 417.6145m
 
   *** monte carlo  index = 819 ***
x

 volt         param     
             i_d_0.7    
    0.         53.4358p 
   50.00000m  274.6580p 
  100.00000m    1.3894n 
  150.00000m    6.6997n 
  200.00000m   29.7054n 
  250.00000m  117.5133n 
  300.00000m  409.0116n 
  350.00000m    1.2149u 
  400.00000m    2.9550u 
  450.00000m    5.8968u 
  500.00000m   10.0452u 
  550.00000m   15.2687u 
  600.00000m   21.4222u 
  650.00000m   28.3838u 
  700.00000m   36.0530u 
  750.00000m   44.3413u 
  800.00000m   53.1667u 
  850.00000m   62.4496u 
  900.00000m   72.1102u 
  950.00000m   82.0652u 
    1.00000    92.2225u 
y
 vth0_value= 266.1077m
 u0_param=  50.0185m
 ags_param= 415.7207m
 
   *** monte carlo  index = 820 ***
x

 volt         param     
             i_d_0.7    
    0.         86.5450p 
   50.00000m  444.3611p 
  100.00000m    2.2241n 
  150.00000m   10.5062n 
  200.00000m   45.1610n 
  250.00000m  172.3404n 
  300.00000m  575.4903n 
  350.00000m    1.6179u 
  400.00000m    3.7064u 
  450.00000m    7.0316u 
  500.00000m   11.5424u 
  550.00000m   17.0954u 
  600.00000m   23.5506u 
  650.00000m   30.7929u 
  700.00000m   38.7254u 
  750.00000m   47.2616u 
  800.00000m   56.3195u 
  850.00000m   65.8190u 
  900.00000m   75.6789u 
  950.00000m   85.8128u 
    1.00000    96.1241u 
y
 vth0_value= 251.5165m
 u0_param=  49.9375m
 ags_param= 415.9945m
 
   *** monte carlo  index = 821 ***
x

 volt         param     
             i_d_0.7    
    0.         67.0724p 
   50.00000m  344.7318p 
  100.00000m    1.7357n 
  150.00000m    8.2922n 
  200.00000m   36.2441n 
  250.00000m  140.9813n 
  300.00000m  481.3835n 
  350.00000m    1.3939u 
  400.00000m    3.2956u 
  450.00000m    6.4184u 
  500.00000m   10.7394u 
  550.00000m   16.1201u 
  600.00000m   22.4177u 
  650.00000m   29.5135u 
  700.00000m   37.3088u 
  750.00000m   45.7161u 
  800.00000m   54.6534u 
  850.00000m   64.0409u 
  900.00000m   73.7981u 
  950.00000m   83.8403u 
    1.00000    94.0733u 
y
 vth0_value= 259.2296m
 u0_param=  49.9886m
 ags_param= 418.4157m
 
   *** monte carlo  index = 822 ***
x

 volt         param     
             i_d_0.7    
    0.         72.2808p 
   50.00000m  371.4442p 
  100.00000m    1.8673n 
  150.00000m    8.8935n 
  200.00000m   38.6937n 
  250.00000m  149.7096n 
  300.00000m  508.0490n 
  350.00000m    1.4591u 
  400.00000m    3.4193u 
  450.00000m    6.6097u 
  500.00000m   10.9989u 
  550.00000m   16.4462u 
  600.00000m   22.8091u 
  650.00000m   29.9693u 
  700.00000m   37.8284u 
  750.00000m   46.2988u 
  800.00000m   55.2983u 
  850.00000m   64.7467u 
  900.00000m   74.5632u 
  950.00000m   84.6625u 
    1.00000    94.9493u 
y
 vth0_value= 257.0766m
 u0_param=  50.1471m
 ags_param= 420.2762m
 
   *** monte carlo  index = 823 ***
x

 volt         param     
             i_d_0.7    
    0.         74.9836p 
   50.00000m  385.2070p 
  100.00000m    1.9341n 
  150.00000m    9.1904n 
  200.00000m   39.8497n 
  250.00000m  153.5860n 
  300.00000m  518.8893n 
  350.00000m    1.4815u 
  400.00000m    3.4499u 
  450.00000m    6.6340u 
  500.00000m   10.9977u 
  550.00000m   16.4017u 
  600.00000m   22.7065u 
  650.00000m   29.7966u 
  700.00000m   37.5753u 
  750.00000m   45.9565u 
  800.00000m   54.8593u 
  850.00000m   64.2045u 
  900.00000m   73.9119u 
  950.00000m   83.8968u 
    1.00000    94.0644u 
y
 vth0_value= 255.4869m
 u0_param=  49.3961m
 ags_param= 412.1199m
 
   *** monte carlo  index = 824 ***
x

 volt         param     
             i_d_0.7    
    0.        114.4646p 
   50.00000m  586.4504p 
  100.00000m    2.9136n 
  150.00000m   13.5782n 
  200.00000m   57.2600n 
  250.00000m  213.8962n 
  300.00000m  696.1034n 
  350.00000m    1.8924u 
  400.00000m    4.1893u 
  450.00000m    7.7306u 
  500.00000m   12.4399u 
  550.00000m   18.1704u 
  600.00000m   24.7864u 
  650.00000m   32.1768u 
  700.00000m   40.2467u 
  750.00000m   48.9106u 
  800.00000m   58.0866u 
  850.00000m   67.6945u 
  900.00000m   77.6519u 
  950.00000m   87.8707u 
    1.00000    98.2513u 
y
 vth0_value= 242.9955m
 u0_param=  49.7801m
 ags_param= 422.7689m
 
   *** monte carlo  index = 825 ***
x

 volt         param     
             i_d_0.7    
    0.        104.1873p 
   50.00000m  534.2269p 
  100.00000m    2.6610n 
  150.00000m   12.4577n 
  200.00000m   52.8719n 
  250.00000m  198.9098n 
  300.00000m  652.9629n 
  350.00000m    1.7952u 
  400.00000m    4.0190u 
  450.00000m    7.4835u 
  500.00000m   12.1204u 
  550.00000m   17.7838u 
  600.00000m   24.3372u 
  650.00000m   31.6681u 
  700.00000m   39.6813u 
  750.00000m   48.2909u 
  800.00000m   57.4155u 
  850.00000m   66.9747u 
  900.00000m   76.8866u 
  950.00000m   87.0640u 
    1.00000    97.4083u 
y
 vth0_value= 245.8097m
 u0_param=  49.7512m
 ags_param= 422.9471m
 
   *** monte carlo  index = 826 ***
x

 volt         param     
             i_d_0.7    
    0.         62.3259p 
   50.00000m  320.2849p 
  100.00000m    1.6143n 
  150.00000m    7.7283n 
  200.00000m   33.8880n 
  250.00000m  132.3170n 
  300.00000m  453.8017n 
  350.00000m    1.3218u 
  400.00000m    3.1455u 
  450.00000m    6.1604u 
  500.00000m   10.3504u 
  550.00000m   15.5824u 
  600.00000m   21.7166u 
  650.00000m   28.6364u 
  700.00000m   36.2450u 
  750.00000m   44.4567u 
  800.00000m   53.1912u 
  850.00000m   62.3703u 
  900.00000m   71.9151u 
  950.00000m   81.7426u 
    1.00000    91.7603u 
y
 vth0_value= 260.7378m
 u0_param=  48.8994m
 ags_param= 409.1326m
 
   *** monte carlo  index = 827 ***
x

 volt         param     
             i_d_0.7    
    0.         42.7117p 
   50.00000m  219.2215p 
  100.00000m    1.1121n 
  150.00000m    5.3964n 
  200.00000m   24.1674n 
  250.00000m   96.7821n 
  300.00000m  341.5574n 
  350.00000m    1.0334u 
  400.00000m    2.5678u 
  450.00000m    5.2217u 
  500.00000m    9.0228u 
  550.00000m   13.8551u 
  600.00000m   19.5816u 
  650.00000m   26.0859u 
  700.00000m   33.2719u 
  750.00000m   41.0555u 
  800.00000m   49.3590u 
  850.00000m   58.1069u 
  900.00000m   67.2236u 
  950.00000m   76.6299u 
    1.00000    86.2385u 
y
 vth0_value= 271.0739m
 u0_param=  47.2682m
 ags_param= 413.9989m
 
   *** monte carlo  index = 828 ***
x

 volt         param     
             i_d_0.7    
    0.        133.3943p 
   50.00000m  682.4324p 
  100.00000m    3.3761n 
  150.00000m   15.6159n 
  200.00000m   65.1820n 
  250.00000m  240.7520n 
  300.00000m  772.5840n 
  350.00000m    2.0630u 
  400.00000m    4.4868u 
  450.00000m    8.1646u 
  500.00000m   13.0072u 
  550.00000m   18.8662u 
  600.00000m   25.6072u 
  650.00000m   33.1199u 
  700.00000m   41.3101u 
  750.00000m   50.0918u 
  800.00000m   59.3830u 
  850.00000m   69.1027u 
  900.00000m   79.1675u 
  950.00000m   89.4881u 
    1.00000    99.9628u 
y
 vth0_value= 238.5473m
 u0_param=  50.0296m
 ags_param= 422.5102m
 
   *** monte carlo  index = 829 ***
x

 volt         param     
             i_d_0.7    
    0.         80.9598p 
   50.00000m  415.9058p 
  100.00000m    2.0858n 
  150.00000m    9.8889n 
  200.00000m   42.7334n 
  250.00000m  164.0561n 
  300.00000m  551.6830n 
  350.00000m    1.5654u 
  400.00000m    3.6212u 
  450.00000m    6.9249u 
  500.00000m   11.4330u 
  550.00000m   17.0010u 
  600.00000m   23.4861u 
  650.00000m   30.7703u 
  700.00000m   38.7550u 
  750.00000m   47.3521u 
  800.00000m   56.4789u 
  850.00000m   66.0544u 
  900.00000m   75.9966u 
  950.00000m   86.2190u 
    1.00000    96.6249u 
y
 vth0_value= 253.9446m
 u0_param=  50.5946m
 ags_param= 429.3388m
 
   *** monte carlo  index = 830 ***
x

 volt         param     
             i_d_0.7    
    0.        263.1882p 
   50.00000m    1.3327n 
  100.00000m    6.4400n 
  150.00000m   28.6500n 
  200.00000m  113.8120n 
  250.00000m  398.0975n 
  300.00000m    1.1906u 
  350.00000m    2.9195u 
  400.00000m    5.8698u 
  450.00000m   10.0593u 
  500.00000m   15.3612u 
  550.00000m   21.6302u 
  600.00000m   28.7433u 
  650.00000m   36.5981u 
  700.00000m   45.1047u 
  750.00000m   54.1788u 
  800.00000m   63.7384u 
  850.00000m   73.7011u 
  900.00000m   83.9809u 
  950.00000m   94.4828u 
    1.00000   105.0968u 
y
 vth0_value= 217.7419m
 u0_param=  49.5537m
 ags_param= 442.4647m
 
   *** monte carlo  index = 831 ***
x

 volt         param     
             i_d_0.7    
    0.         82.7674p 
   50.00000m  425.0403p 
  100.00000m    2.1295n 
  150.00000m   10.0772n 
  200.00000m   43.4306n 
  250.00000m  166.2327n 
  300.00000m  557.0688n 
  350.00000m    1.5735u 
  400.00000m    3.6225u 
  450.00000m    6.9003u 
  500.00000m   11.3606u 
  550.00000m   16.8613u 
  600.00000m   23.2630u 
  650.00000m   30.4507u 
  700.00000m   38.3276u 
  750.00000m   46.8076u 
  800.00000m   55.8090u 
  850.00000m   65.2522u 
  900.00000m   75.0563u 
  950.00000m   85.1355u 
    1.00000    95.3936u 
y
 vth0_value= 252.7069m
 u0_param=  49.6985m
 ags_param= 425.2658m
 
   *** monte carlo  index = 832 ***
x

 volt         param     
             i_d_0.7    
    0.        141.9487p 
   50.00000m  725.4528p 
  100.00000m    3.5801n 
  150.00000m   16.4888n 
  200.00000m   68.4351n 
  250.00000m  251.2115n 
  300.00000m  799.9580n 
  350.00000m    2.1154u 
  400.00000m    4.5579u 
  450.00000m    8.2339u 
  500.00000m   13.0507u 
  550.00000m   18.8627u 
  600.00000m   25.5396u 
  650.00000m   32.9740u 
  700.00000m   41.0740u 
  750.00000m   49.7554u 
  800.00000m   58.9373u 
  850.00000m   68.5397u 
  900.00000m   78.4802u 
  950.00000m   88.6697u 
    1.00000    99.0066u 
y
 vth0_value= 236.0885m
 u0_param=  49.1264m
 ags_param= 423.7156m
 
   *** monte carlo  index = 833 ***
x

 volt         param     
             i_d_0.7    
    0.        105.2587p 
   50.00000m  539.6964p 
  100.00000m    2.6877n 
  150.00000m   12.5782n 
  200.00000m   53.3555n 
  250.00000m  200.6121n 
  300.00000m  658.0748n 
  350.00000m    1.8075u 
  400.00000m    4.0427u 
  450.00000m    7.5218u 
  500.00000m   12.1752u 
  550.00000m   17.8568u 
  600.00000m   24.4294u 
  650.00000m   31.7804u 
  700.00000m   39.8143u 
  750.00000m   48.4452u 
  800.00000m   57.5911u 
  850.00000m   67.1718u 
  900.00000m   77.1052u 
  950.00000m   87.3039u 
    1.00000    97.6692u 
y
 vth0_value= 245.5836m
 u0_param=  49.8785m
 ags_param= 410.2435m
 
   *** monte carlo  index = 834 ***
x

 volt         param     
             i_d_0.7    
    0.         38.1617p 
   50.00000m  195.7747p 
  100.00000m  995.6722p 
  150.00000m    4.8571n 
  200.00000m   21.9393n 
  250.00000m   88.7928n 
  300.00000m  317.0069n 
  350.00000m  973.7551n 
  400.00000m    2.4631u 
  450.00000m    5.0898u 
  500.00000m    8.9007u 
  550.00000m   13.7820u 
  600.00000m   19.5906u 
  650.00000m   26.2039u 
  700.00000m   33.5211u 
  750.00000m   41.4550u 
  800.00000m   49.9251u 
  850.00000m   58.8540u 
  900.00000m   68.1644u 
  950.00000m   77.7761u 
    1.00000    87.6014u 
y
 vth0_value= 275.4974m
 u0_param=  48.7810m
 ags_param= 408.3946m
 
   *** monte carlo  index = 835 ***
x

 volt         param     
             i_d_0.7    
    0.         25.1939p 
   50.00000m  128.4901p 
  100.00000m  656.7778p 
  150.00000m    3.2442n 
  200.00000m   14.9672n 
  250.00000m   62.2605n 
  300.00000m  229.1014n 
  350.00000m  731.6765n 
  400.00000m    1.9415u 
  450.00000m    4.1961u 
  500.00000m    7.5964u 
  550.00000m   12.0555u 
  600.00000m   17.4360u 
  650.00000m   23.6148u 
  700.00000m   30.4913u 
  750.00000m   37.9795u 
  800.00000m   46.0011u 
  850.00000m   54.4814u 
  900.00000m   63.3462u 
  950.00000m   72.5194u 
    1.00000    81.9181u 
y
 vth0_value= 287.0618m
 u0_param=  47.1452m
 ags_param= 405.2728m
 
   *** monte carlo  index = 836 ***
x

 volt         param     
             i_d_0.7    
    0.        108.9436p 
   50.00000m  558.3652p 
  100.00000m    2.7774n 
  150.00000m   12.9716n 
  200.00000m   54.8674n 
  250.00000m  205.6474n 
  300.00000m  672.0242n 
  350.00000m    1.8367u 
  400.00000m    4.0877u 
  450.00000m    7.5755u 
  500.00000m   12.2277u 
  550.00000m   17.8989u 
  600.00000m   24.4539u 
  650.00000m   31.7812u 
  700.00000m   39.7865u 
  750.00000m   48.3845u 
  800.00000m   57.4938u 
  850.00000m   67.0345u 
  900.00000m   76.9248u 
  950.00000m   87.0774u 
    1.00000    97.3935u 
y
 vth0_value= 244.3164m
 u0_param=  49.5208m
 ags_param= 414.4731m
 
   *** monte carlo  index = 837 ***
x

 volt         param     
             i_d_0.7    
    0.        139.9460p 
   50.00000m  715.5782p 
  100.00000m    3.5352n 
  150.00000m   16.3117n 
  200.00000m   67.8642n 
  250.00000m  249.7604n 
  300.00000m  797.8887n 
  350.00000m    2.1185u 
  400.00000m    4.5820u 
  450.00000m    8.3019u 
  500.00000m   13.1854u 
  550.00000m   19.0835u 
  600.00000m   25.8625u 
  650.00000m   33.4126u 
  700.00000m   41.6395u 
  750.00000m   50.4573u 
  800.00000m   59.7840u 
  850.00000m   69.5382u 
  900.00000m   79.6364u 
  950.00000m   89.9885u 
    1.00000   100.4924u 
y
 vth0_value= 237.1407m
 u0_param=  50.0881m
 ags_param= 431.4402m
 
   *** monte carlo  index = 838 ***
x

 volt         param     
             i_d_0.7    
    0.         93.8963p 
   50.00000m  481.7588p 
  100.00000m    2.4054n 
  150.00000m   11.3116n 
  200.00000m   48.3107n 
  250.00000m  183.0367n 
  300.00000m  606.0117n 
  350.00000m    1.6848u 
  400.00000m    3.8150u 
  450.00000m    7.1696u 
  500.00000m   11.6896u 
  550.00000m   17.2324u 
  600.00000m   23.6616u 
  650.00000m   30.8650u 
  700.00000m   38.7479u 
  750.00000m   47.2250u 
  800.00000m   56.2156u 
  850.00000m   65.6404u 
  900.00000m   75.4185u 
  950.00000m   85.4640u 
    1.00000    95.6799u 
y
 vth0_value= 248.6052m
 u0_param=  49.2328m
 ags_param= 413.1003m
 
   *** monte carlo  index = 839 ***
x

 volt         param     
             i_d_0.7    
    0.         85.6861p 
   50.00000m  439.9897p 
  100.00000m    2.2029n 
  150.00000m   10.4119n 
  200.00000m   44.7919n 
  250.00000m  171.0881n 
  300.00000m  571.9220n 
  350.00000m    1.6102u 
  400.00000m    3.6941u 
  450.00000m    7.0167u 
  500.00000m   11.5280u 
  550.00000m   17.0842u 
  600.00000m   23.5450u 
  650.00000m   30.7949u 
  700.00000m   38.7367u 
  750.00000m   47.2834u 
  800.00000m   56.3532u 
  850.00000m   65.8657u 
  900.00000m   75.7395u 
  950.00000m   85.8884u 
    1.00000    96.2155u 
y
 vth0_value= 251.8867m
 u0_param=  50.0463m
 ags_param= 417.4509m
 
   *** monte carlo  index = 840 ***
x

 volt         param     
             i_d_0.7    
    0.        102.0784p 
   50.00000m  523.7515p 
  100.00000m    2.6126n 
  150.00000m   12.2636n 
  200.00000m   52.2379n 
  250.00000m  197.3054n 
  300.00000m  650.7349n 
  350.00000m    1.7999u 
  400.00000m    4.0544u 
  450.00000m    7.5862u 
  500.00000m   12.3282u 
  550.00000m   18.1296u 
  600.00000m   24.8477u 
  650.00000m   32.3656u 
  700.00000m   40.5842u 
  750.00000m   49.4150u 
  800.00000m   58.7739u 
  850.00000m   68.5785u 
  900.00000m   78.7453u 
  950.00000m   89.1855u 
    1.00000    99.7994u 
y
 vth0_value= 247.4504m
 u0_param=  51.3669m
 ags_param= 417.0192m
 
   *** monte carlo  index = 841 ***
x

 volt         param     
             i_d_0.7    
    0.        102.5858p 
   50.00000m  525.8296p 
  100.00000m    2.6178n 
  150.00000m   12.2452n 
  200.00000m   51.9103n 
  250.00000m  195.0611n 
  300.00000m  639.4770n 
  350.00000m    1.7551u 
  400.00000m    3.9227u 
  450.00000m    7.2950u 
  500.00000m   11.8056u 
  550.00000m   17.3140u 
  600.00000m   23.6886u 
  650.00000m   30.8210u 
  700.00000m   38.6192u 
  750.00000m   47.0000u 
  800.00000m   55.8841u 
  850.00000m   65.1934u 
  900.00000m   74.8478u 
  950.00000m   84.7615u 
    1.00000    94.8374u 
y
 vth0_value= 245.2784m
 u0_param=  48.2304m
 ags_param= 430.2181m
 
   *** monte carlo  index = 842 ***
x

 volt         param     
             i_d_0.7    
    0.         48.0587p 
   50.00000m  246.9032p 
  100.00000m    1.2510n 
  150.00000m    6.0529n 
  200.00000m   26.9822n 
  250.00000m  107.4380n 
  300.00000m  376.7059n 
  350.00000m    1.1299u 
  400.00000m    2.7794u 
  450.00000m    5.6013u 
  500.00000m    9.6126u 
  550.00000m   14.6880u 
  600.00000m   20.6847u 
  650.00000m   27.4818u 
  700.00000m   34.9800u 
  750.00000m   43.0921u 
  800.00000m   51.7372u 
  850.00000m   60.8372u 
  900.00000m   70.3135u 
  950.00000m   80.0844u 
    1.00000    90.0595u 
y
 vth0_value= 268.7608m
 u0_param=  49.1616m
 ags_param= 418.3308m
 
   *** monte carlo  index = 843 ***
x

 volt         param     
             i_d_0.7    
    0.         44.1267p 
   50.00000m  226.5646p 
  100.00000m    1.1491n 
  150.00000m    5.5730n 
  200.00000m   24.9362n 
  250.00000m   99.7493n 
  300.00000m  351.5699n 
  350.00000m    1.0618u 
  400.00000m    2.6330u 
  450.00000m    5.3443u 
  500.00000m    9.2213u 
  550.00000m   14.1447u 
  600.00000m   19.9749u 
  650.00000m   26.5933u 
  700.00000m   33.9022u 
  750.00000m   41.8162u 
  800.00000m   50.2561u 
  850.00000m   59.1455u 
  900.00000m   68.4073u 
  950.00000m   77.9616u 
    1.00000    87.7198u 
y
 vth0_value= 270.6311m
 u0_param=  48.0785m
 ags_param= 411.9321m
 
   *** monte carlo  index = 844 ***
x

 volt         param     
             i_d_0.7    
    0.         23.7306p 
   50.00000m  120.8807p 
  100.00000m  618.2852p 
  150.00000m    3.0596n 
  200.00000m   14.1596n 
  250.00000m   59.1495n 
  300.00000m  218.6626n 
  350.00000m  702.4044n 
  400.00000m    1.8776u 
  450.00000m    4.0869u 
  500.00000m    7.4402u 
  550.00000m   11.8546u 
  600.00000m   17.1931u 
  650.00000m   23.3319u 
  700.00000m   30.1698u 
  750.00000m   37.6205u 
  800.00000m   45.6059u 
  850.00000m   54.0511u 
  900.00000m   62.8823u 
  950.00000m   72.0237u 
    1.00000    81.3929u 
y
 vth0_value= 288.8742m
 u0_param=  47.1127m
 ags_param= 397.6710m
 
   *** monte carlo  index = 845 ***
x

 volt         param     
             i_d_0.7    
    0.         41.5722p 
   50.00000m  213.4080p 
  100.00000m    1.0839n 
  150.00000m    5.2712n 
  200.00000m   23.6920n 
  250.00000m   95.2954n 
  300.00000m  337.9082n 
  350.00000m    1.0287u 
  400.00000m    2.5746u 
  450.00000m    5.2694u 
  500.00000m    9.1483u 
  550.00000m   14.0933u 
  600.00000m   19.9615u 
  650.00000m   26.6316u 
  700.00000m   34.0034u 
  750.00000m   41.9900u 
  800.00000m   50.5108u 
  850.00000m   59.4884u 
  900.00000m   68.8452u 
  950.00000m   78.5005u 
    1.00000    88.3656u 
y
 vth0_value= 272.9264m
 u0_param=  48.8189m
 ags_param= 417.0406m
 
   *** monte carlo  index = 846 ***
x

 volt         param     
             i_d_0.7    
    0.         89.7159p 
   50.00000m  460.5298p 
  100.00000m    2.3029n 
  150.00000m   10.8591n 
  200.00000m   46.5598n 
  250.00000m  177.1728n 
  300.00000m  589.6326n 
  350.00000m    1.6503u 
  400.00000m    3.7633u 
  450.00000m    7.1124u 
  500.00000m   11.6434u 
  550.00000m   17.2122u 
  600.00000m   23.6799u 
  650.00000m   30.9320u 
  700.00000m   38.8721u 
  750.00000m   47.4139u 
  800.00000m   56.4757u 
  850.00000m   65.9774u 
  900.00000m   75.8376u 
  950.00000m   85.9700u 
    1.00000    96.2776u 
y
 vth0_value= 250.3697m
 u0_param=  49.8393m
 ags_param= 418.6276m
 
   *** monte carlo  index = 847 ***
x

 volt         param     
             i_d_0.7    
    0.         95.9670p 
   50.00000m  492.4833p 
  100.00000m    2.4593n 
  150.00000m   11.5669n 
  200.00000m   49.4121n 
  250.00000m  187.2432n 
  300.00000m  620.0200n 
  350.00000m    1.7240u 
  400.00000m    3.9043u 
  450.00000m    7.3377u 
  500.00000m   11.9632u 
  550.00000m   17.6338u 
  600.00000m   24.2094u 
  650.00000m   31.5748u 
  700.00000m   39.6326u 
  750.00000m   48.2957u 
  800.00000m   57.4815u 
  850.00000m   67.1089u 
  900.00000m   77.0957u 
  950.00000m   87.3544u 
    1.00000    97.7868u 
y
 vth0_value= 248.7199m
 u0_param=  50.4312m
 ags_param= 418.2603m
 
   *** monte carlo  index = 848 ***
x

 volt         param     
             i_d_0.7    
    0.         70.8259p 
   50.00000m  363.8866p 
  100.00000m    1.8291n 
  150.00000m    8.7105n 
  200.00000m   37.8915n 
  250.00000m  146.5864n 
  300.00000m  497.4126n 
  350.00000m    1.4285u 
  400.00000m    3.3472u 
  450.00000m    6.4703u 
  500.00000m   10.7677u 
  550.00000m   16.1022u 
  600.00000m   22.3349u 
  650.00000m   29.3505u 
  700.00000m   37.0528u 
  750.00000m   45.3560u 
  800.00000m   54.1796u 
  850.00000m   63.4450u 
  900.00000m   73.0728u 
  950.00000m   82.9789u 
    1.00000    93.0694u 
y
 vth0_value= 256.9893m
 u0_param=  49.0629m
 ags_param= 411.4430m
 
   *** monte carlo  index = 849 ***
x

 volt         param     
             i_d_0.7    
    0.        148.0611p 
   50.00000m  756.9692p 
  100.00000m    3.7370n 
  150.00000m   17.2210n 
  200.00000m   71.5217n 
  250.00000m  262.6882n 
  300.00000m  836.9656n 
  350.00000m    2.2148u 
  400.00000m    4.7746u 
  450.00000m    8.6277u 
  500.00000m   13.6753u 
  550.00000m   19.7629u 
  600.00000m   26.7522u 
  650.00000m   34.5299u 
  700.00000m   42.9991u 
  750.00000m   52.0712u 
  800.00000m   61.6618u 
  850.00000m   71.6876u 
  900.00000m   82.0629u 
  950.00000m   92.6962u 
    1.00000   103.4833u 
y
 vth0_value= 236.4165m
 u0_param=  51.6283m
 ags_param= 421.9301m
 
   *** monte carlo  index = 850 ***
x

 volt         param     
             i_d_0.7    
    0.         73.3054p 
   50.00000m  376.6693p 
  100.00000m    1.8927n 
  150.00000m    9.0072n 
  200.00000m   39.1407n 
  250.00000m  151.2285n 
  300.00000m  512.3866n 
  350.00000m    1.4685u 
  400.00000m    3.4334u 
  450.00000m    6.6246u 
  500.00000m   11.0089u 
  550.00000m   16.4461u 
  600.00000m   22.7944u 
  650.00000m   29.9368u 
  700.00000m   37.7752u 
  750.00000m   46.2227u 
  800.00000m   55.1973u 
  850.00000m   64.6193u 
  900.00000m   74.4078u 
  950.00000m   84.4776u 
    1.00000    94.7336u 
y
 vth0_value= 256.5054m
 u0_param=  49.9174m
 ags_param= 430.7709m
 
   *** monte carlo  index = 851 ***
x

 volt         param     
             i_d_0.7    
    0.         64.9485p 
   50.00000m  333.7894p 
  100.00000m    1.6813n 
  150.00000m    8.0393n 
  200.00000m   35.1850n 
  250.00000m  137.0745n 
  300.00000m  468.8986n 
  350.00000m    1.3611u 
  400.00000m    3.2266u 
  450.00000m    6.2984u 
  500.00000m   10.5566u 
  550.00000m   15.8652u 
  600.00000m   22.0829u 
  650.00000m   29.0921u 
  700.00000m   36.7953u 
  750.00000m   45.1056u 
  800.00000m   53.9421u 
  850.00000m   63.2257u 
  900.00000m   72.8767u 
  950.00000m   82.8113u 
    1.00000    92.9362u 
y
 vth0_value= 259.8455m
 u0_param=  49.4383m
 ags_param= 410.2810m
 
   *** monte carlo  index = 852 ***
x

 volt         param     
             i_d_0.7    
    0.         97.0204p 
   50.00000m  497.8496p 
  100.00000m    2.4854n 
  150.00000m   11.6835n 
  200.00000m   49.8729n 
  250.00000m  188.8309n 
  300.00000m  624.6468n 
  350.00000m    1.7345u 
  400.00000m    3.9229u 
  450.00000m    7.3644u 
  500.00000m   11.9970u 
  550.00000m   17.6736u 
  600.00000m   24.2541u 
  650.00000m   31.6234u 
  700.00000m   39.6844u 
  750.00000m   48.3498u 
  800.00000m   57.5370u 
  850.00000m   67.1651u 
  900.00000m   77.1518u 
  950.00000m   87.4097u 
    1.00000    97.8405u 
y
 vth0_value= 248.3862m
 u0_param=  50.4232m
 ags_param= 407.0290m
 
   *** monte carlo  index = 853 ***
x

 volt         param     
             i_d_0.7    
    0.        119.7962p 
   50.00000m  613.5604p 
  100.00000m    3.0450n 
  150.00000m   14.1626n 
  200.00000m   59.5631n 
  250.00000m  221.8326n 
  300.00000m  719.2553n 
  350.00000m    1.9461u 
  400.00000m    4.2876u 
  450.00000m    7.8821u 
  500.00000m   12.6492u 
  550.00000m   18.4407u 
  600.00000m   25.1208u 
  650.00000m   32.5778u 
  700.00000m   40.7167u 
  750.00000m   49.4514u 
  800.00000m   58.6998u 
  850.00000m   68.3809u 
  900.00000m   78.4118u 
  950.00000m   88.7038u 
    1.00000    99.1562u 
y
 vth0_value= 241.8179m
 u0_param=  50.0805m
 ags_param= 435.1597m
 
   *** monte carlo  index = 854 ***
x

 volt         param     
             i_d_0.7    
    0.         40.8154p 
   50.00000m  209.4696p 
  100.00000m    1.0639n 
  150.00000m    5.1749n 
  200.00000m   23.2650n 
  250.00000m   93.6105n 
  300.00000m  332.0786n 
  350.00000m    1.0116u 
  400.00000m    2.5336u 
  450.00000m    5.1888u 
  500.00000m    9.0134u 
  550.00000m   13.8915u 
  600.00000m   19.6825u 
  650.00000m   26.2667u 
  700.00000m   33.5455u 
  750.00000m   41.4330u 
  800.00000m   49.8499u 
  850.00000m   58.7195u 
  900.00000m   67.9651u 
  950.00000m   77.5068u 
    1.00000    87.2566u 
y
 vth0_value= 273.0558m
 u0_param=  48.1707m
 ags_param= 421.6850m
 
   *** monte carlo  index = 855 ***
x

 volt         param     
             i_d_0.7    
    0.         82.0965p 
   50.00000m  421.4972p 
  100.00000m    2.1110n 
  150.00000m    9.9841n 
  200.00000m   42.9942n 
  250.00000m  164.4192n 
  300.00000m  550.4645n 
  350.00000m    1.5529u 
  400.00000m    3.5705u 
  450.00000m    6.7943u 
  500.00000m   11.1786u 
  550.00000m   16.5843u 
  600.00000m   22.8754u 
  650.00000m   29.9393u 
  700.00000m   37.6816u 
  750.00000m   46.0175u 
  800.00000m   54.8672u 
  850.00000m   64.1521u 
  900.00000m   73.7926u 
  950.00000m   83.7040u 
    1.00000    93.7911u 
y
 vth0_value= 252.3241m
 u0_param=  48.7350m
 ags_param= 421.1911m
 
   *** monte carlo  index = 856 ***
x

 volt         param     
             i_d_0.7    
    0.         65.8169p 
   50.00000m  338.0769p 
  100.00000m    1.7008n 
  150.00000m    8.1133n 
  200.00000m   35.3859n 
  250.00000m  137.3171n 
  300.00000m  467.6817n 
  350.00000m    1.3497u 
  400.00000m    3.1798u 
  450.00000m    6.1751u 
  500.00000m   10.3121u 
  550.00000m   15.4601u 
  600.00000m   21.4845u 
  650.00000m   28.2738u 
  700.00000m   35.7345u 
  750.00000m   43.7835u 
  800.00000m   52.3427u 
  850.00000m   61.3356u 
  900.00000m   70.6850u 
  950.00000m   80.3087u 
    1.00000    90.1147u 
y
 vth0_value= 258.1919m
 u0_param=  47.5434m
 ags_param= 422.5570m
 
   *** monte carlo  index = 857 ***
x

 volt         param     
             i_d_0.7    
    0.        105.0556p 
   50.00000m  538.5949p 
  100.00000m    2.6817n 
  150.00000m   12.5458n 
  200.00000m   53.1939n 
  250.00000m  199.9080n 
  300.00000m  655.4032n 
  350.00000m    1.7989u 
  400.00000m    4.0206u 
  450.00000m    7.4767u 
  500.00000m   12.0981u 
  550.00000m   17.7400u 
  600.00000m   24.2668u 
  650.00000m   31.5669u 
  700.00000m   39.5458u 
  750.00000m   48.1183u 
  800.00000m   57.2030u 
  850.00000m   66.7203u 
  900.00000m   76.5885u 
  950.00000m   86.7205u 
    1.00000    97.0178u 
y
 vth0_value= 245.3743m
 u0_param=  49.4648m
 ags_param= 423.2768m
 
   *** monte carlo  index = 858 ***
x

 volt         param     
             i_d_0.7    
    0.         95.9700p 
   50.00000m  492.4783p 
  100.00000m    2.4591n 
  150.00000m   11.5642n 
  200.00000m   49.3907n 
  250.00000m  187.1215n 
  300.00000m  619.4613n 
  350.00000m    1.7219u 
  400.00000m    3.8982u 
  450.00000m    7.3243u 
  500.00000m   11.9390u 
  550.00000m   17.5961u 
  600.00000m   24.1556u 
  650.00000m   31.5028u 
  700.00000m   39.5407u 
  750.00000m   48.1823u 
  800.00000m   57.3453u 
  850.00000m   66.9488u 
  900.00000m   76.9108u 
  950.00000m   87.1439u 
    1.00000    97.5502u 
y
 vth0_value= 248.6288m
 u0_param=  50.2896m
 ags_param= 413.2729m
 
   *** monte carlo  index = 859 ***
x

 volt         param     
             i_d_0.7    
    0.         33.0316p 
   50.00000m  169.1596p 
  100.00000m  861.6123p 
  150.00000m    4.2188n 
  200.00000m   19.1747n 
  250.00000m   78.2211n 
  300.00000m  281.7389n 
  350.00000m  875.4940n 
  400.00000m    2.2457u 
  450.00000m    4.7006u 
  500.00000m    8.3019u 
  550.00000m   12.9462u 
  600.00000m   18.4959u 
  650.00000m   24.8317u 
  700.00000m   31.8557u 
  750.00000m   39.4831u 
  800.00000m   47.6361u 
  850.00000m   56.2397u 
  900.00000m   65.2193u 
  950.00000m   74.4972u 
    1.00000    83.9885u 
y
 vth0_value= 278.7747m
 u0_param=  47.1178m
 ags_param= 408.0377m
 
   *** monte carlo  index = 860 ***
x

 volt         param     
             i_d_0.7    
    0.         71.0275p 
   50.00000m  364.9894p 
  100.00000m    1.8352n 
  150.00000m    8.7445n 
  200.00000m   38.0707n 
  250.00000m  147.4132n 
  300.00000m  500.7174n 
  350.00000m    1.4398u 
  400.00000m    3.3786u 
  450.00000m    6.5385u 
  500.00000m   10.8898u 
  550.00000m   16.2932u 
  600.00000m   22.6073u 
  650.00000m   29.7146u 
  700.00000m   37.5174u 
  750.00000m   45.9285u 
  800.00000m   54.8665u 
  850.00000m   64.2516u 
  900.00000m   74.0035u 
  950.00000m   84.0371u 
    1.00000    94.2580u 
y
 vth0_value= 257.3780m
 u0_param=  49.7948m
 ags_param= 421.6293m
 
   *** monte carlo  index = 861 ***
x

 volt         param     
             i_d_0.7    
    0.         36.4396p 
   50.00000m  186.8570p 
  100.00000m  950.9316p 
  150.00000m    4.6457n 
  200.00000m   21.0357n 
  250.00000m   85.3983n 
  300.00000m  305.9280n 
  350.00000m  943.9238n 
  400.00000m    2.4005u 
  450.00000m    4.9847u 
  500.00000m    8.7496u 
  550.00000m   13.5839u 
  600.00000m   19.3453u 
  650.00000m   25.9111u 
  700.00000m   33.1805u 
  750.00000m   41.0666u 
  800.00000m   49.4890u 
  850.00000m   58.3706u 
  900.00000m   67.6347u 
  950.00000m   77.2012u 
    1.00000    86.9829u 
y
 vth0_value= 276.7778m
 u0_param=  48.5961m
 ags_param= 421.0743m
 
   *** monte carlo  index = 862 ***
x

 volt         param     
             i_d_0.7    
    0.         99.4052p 
   50.00000m  509.9104p 
  100.00000m    2.5432n 
  150.00000m   11.9345n 
  200.00000m   50.8209n 
  250.00000m  191.9060n 
  300.00000m  632.8090n 
  350.00000m    1.7500u 
  400.00000m    3.9412u 
  450.00000m    7.3739u 
  500.00000m   11.9841u 
  550.00000m   17.6263u 
  600.00000m   24.1628u 
  650.00000m   31.4803u 
  700.00000m   39.4833u 
  750.00000m   48.0854u 
  800.00000m   57.2051u 
  850.00000m   66.7619u 
  900.00000m   76.6741u 
  950.00000m   86.8544u 
    1.00000    97.2046u 
y
 vth0_value= 247.2940m
 u0_param=  49.8590m
 ags_param= 431.5900m
 
   *** monte carlo  index = 863 ***
x

 volt         param     
             i_d_0.7    
    0.         71.4888p 
   50.00000m  367.2986p 
  100.00000m    1.8460n 
  150.00000m    8.7890n 
  200.00000m   38.2191n 
  250.00000m  147.7907n 
  300.00000m  501.2470n 
  350.00000m    1.4385u 
  400.00000m    3.3683u 
  450.00000m    6.5072u 
  500.00000m   10.8242u 
  550.00000m   16.1817u 
  600.00000m   22.4400u 
  650.00000m   29.4837u 
  700.00000m   37.2161u 
  750.00000m   45.5513u 
  800.00000m   54.4085u 
  850.00000m   63.7089u 
  900.00000m   73.3725u 
  950.00000m   83.3152u 
    1.00000    93.4427u 
y
 vth0_value= 256.8213m
 u0_param=  49.2359m
 ags_param= 422.8888m
 
   *** monte carlo  index = 864 ***
x

 volt         param     
             i_d_0.7    
    0.         37.0642p 
   50.00000m  190.0490p 
  100.00000m  966.4874p 
  150.00000m    4.7150n 
  200.00000m   21.2994n 
  250.00000m   86.2186n 
  300.00000m  307.9077n 
  350.00000m  946.2318n 
  400.00000m    2.3948u 
  450.00000m    4.9514u 
  500.00000m    8.6632u 
  550.00000m   13.4203u 
  600.00000m   19.0840u 
  650.00000m   25.5353u 
  700.00000m   32.6764u 
  750.00000m   40.4222u 
  800.00000m   48.6943u 
  850.00000m   57.4172u 
  900.00000m   66.5152u 
  950.00000m   75.9097u 
    1.00000    85.5142u 
y
 vth0_value= 275.5441m
 u0_param=  47.5180m
 ags_param= 421.5137m
 
   *** monte carlo  index = 865 ***
x

 volt         param     
             i_d_0.7    
    0.         90.4960p 
   50.00000m  464.4673p 
  100.00000m    2.3217n 
  150.00000m   10.9399n 
  200.00000m   46.8589n 
  250.00000m  178.1118n 
  300.00000m  591.9837n 
  350.00000m    1.6541u 
  400.00000m    3.7652u 
  450.00000m    7.1059u 
  500.00000m   11.6212u 
  550.00000m   17.1677u 
  600.00000m   23.6079u 
  650.00000m   30.8282u 
  700.00000m   38.7330u 
  750.00000m   47.2365u 
  800.00000m   56.2574u 
  850.00000m   65.7162u 
  900.00000m   75.5317u 
  950.00000m   85.6178u 
    1.00000    95.8774u 
y
 vth0_value= 249.9101m
 u0_param=  49.5313m
 ags_param= 425.7625m
 
   *** monte carlo  index = 866 ***
x

 volt         param     
             i_d_0.7    
    0.         69.5185p 
   50.00000m  357.3162p 
  100.00000m    1.7981n 
  150.00000m    8.5806n 
  200.00000m   37.4416n 
  250.00000m  145.3515n 
  300.00000m  495.1624n 
  350.00000m    1.4294u 
  400.00000m    3.3682u 
  450.00000m    6.5411u 
  500.00000m   10.9215u 
  550.00000m   16.3688u 
  600.00000m   22.7388u 
  650.00000m   29.9121u 
  700.00000m   37.7892u 
  750.00000m   46.2817u 
  800.00000m   55.3072u 
  850.00000m   64.7851u 
  900.00000m   74.6342u 
  950.00000m   84.7690u 
    1.00000    95.0947u 
y
 vth0_value= 258.4420m
 u0_param=  50.4474m
 ags_param= 423.5810m
 
   *** monte carlo  index = 867 ***
x

 volt         param     
             i_d_0.7    
    0.         43.0345p 
   50.00000m  220.9678p 
  100.00000m    1.1217n 
  150.00000m    5.4489n 
  200.00000m   24.4449n 
  250.00000m   98.0973n 
  300.00000m  346.9529n 
  350.00000m    1.0527u 
  400.00000m    2.6241u 
  450.00000m    5.3515u 
  500.00000m    9.2656u 
  550.00000m   14.2465u 
  600.00000m   20.1510u 
  650.00000m   26.8576u 
  700.00000m   34.2662u 
  750.00000m   42.2896u 
  800.00000m   50.8471u 
  850.00000m   59.8610u 
  900.00000m   69.2534u 
  950.00000m   78.9434u 
    1.00000    88.8419u 
y
 vth0_value= 271.9763m
 u0_param=  48.9675m
 ags_param= 405.0176m
 
   *** monte carlo  index = 868 ***
x

 volt         param     
             i_d_0.7    
    0.         75.5823p 
   50.00000m  388.3513p 
  100.00000m    1.9503n 
  150.00000m    9.2710n 
  200.00000m   40.2205n 
  250.00000m  155.1039n 
  300.00000m  524.3371n 
  350.00000m    1.4982u 
  400.00000m    3.4917u 
  450.00000m    6.7189u 
  500.00000m   11.1431u 
  550.00000m   16.6228u 
  600.00000m   23.0155u 
  650.00000m   30.2037u 
  700.00000m   38.0892u 
  750.00000m   46.5845u 
  800.00000m   55.6073u 
  850.00000m   65.0775u 
  900.00000m   74.9139u 
  950.00000m   85.0310u 
    1.00000    95.3334u 
y
 vth0_value= 255.7435m
 u0_param=  50.1672m
 ags_param= 410.6772m
 
   *** monte carlo  index = 869 ***
x

 volt         param     
             i_d_0.7    
    0.        140.7711p 
   50.00000m  719.7602p 
  100.00000m    3.5553n 
  150.00000m   16.4005n 
  200.00000m   68.2102n 
  250.00000m  250.9393n 
  300.00000m  801.2739n 
  350.00000m    2.1262u 
  400.00000m    4.5961u 
  450.00000m    8.3236u 
  500.00000m   13.2155u 
  550.00000m   19.1229u 
  600.00000m   25.9117u 
  650.00000m   33.4721u 
  700.00000m   41.7099u 
  750.00000m   50.5391u 
  800.00000m   59.8775u 
  850.00000m   69.6436u 
  900.00000m   79.7539u 
  950.00000m   90.1183u 
    1.00000   100.6343u 
y
 vth0_value= 236.9947m
 u0_param=  50.1366m
 ags_param= 436.1411m
 
   *** monte carlo  index = 870 ***
x

 volt         param     
             i_d_0.7    
    0.         66.8213p 
   50.00000m  343.4566p 
  100.00000m    1.7296n 
  150.00000m    8.2652n 
  200.00000m   36.1415n 
  250.00000m  140.6508n 
  300.00000m  480.5168n 
  350.00000m    1.3924u 
  400.00000m    3.2945u 
  450.00000m    6.4205u 
  500.00000m   10.7476u 
  550.00000m   16.1372u 
  600.00000m   22.4456u 
  650.00000m   29.5538u 
  700.00000m   37.3626u 
  750.00000m   45.7841u 
  800.00000m   54.7362u 
  850.00000m   64.1390u 
  900.00000m   73.9118u 
  950.00000m   83.9700u 
    1.00000    94.2195u 
y
 vth0_value= 259.4345m
 u0_param=  50.1322m
 ags_param= 398.9155m
 
   *** monte carlo  index = 871 ***
x

 volt         param     
             i_d_0.7    
    0.         28.6216p 
   50.00000m  146.3389p 
  100.00000m  747.3549p 
  150.00000m    3.6816n 
  200.00000m   16.9039n 
  250.00000m   69.8681n 
  300.00000m  255.2661n 
  350.00000m  807.8163n 
  400.00000m    2.1191u 
  450.00000m    4.5295u 
  500.00000m    8.1289u 
  550.00000m   12.8196u 
  600.00000m   18.4575u 
  650.00000m   24.9157u 
  700.00000m   32.0903u 
  750.00000m   39.8921u 
  800.00000m   48.2403u 
  850.00000m   57.0572u 
  900.00000m   66.2663u 
  950.00000m   75.7885u 
    1.00000    85.5382u 
y
 vth0_value= 284.3577m
 u0_param=  48.9445m
 ags_param= 411.4797m
 
   *** monte carlo  index = 872 ***
x

 volt         param     
             i_d_0.7    
    0.         46.3340p 
   50.00000m  238.0563p 
  100.00000m    1.2075n 
  150.00000m    5.8550n 
  200.00000m   26.1892n 
  250.00000m  104.7116n 
  300.00000m  368.8103n 
  350.00000m    1.1128u 
  400.00000m    2.7562u 
  450.00000m    5.5883u 
  500.00000m    9.6330u 
  550.00000m   14.7645u 
  600.00000m   20.8360u 
  650.00000m   27.7236u 
  700.00000m   35.3250u 
  750.00000m   43.5512u 
  800.00000m   52.3197u 
  850.00000m   61.5512u 
  900.00000m   71.1660u 
  950.00000m   81.0814u 
    1.00000    91.2066u 
y
 vth0_value= 270.4848m
 u0_param=  50.1222m
 ags_param= 419.5729m
 
   *** monte carlo  index = 873 ***
x

 volt         param     
             i_d_0.7    
    0.         88.2036p 
   50.00000m  452.8015p 
  100.00000m    2.2651n 
  150.00000m   10.6882n 
  200.00000m   45.8729n 
  250.00000m  174.7560n 
  300.00000m  582.3722n 
  350.00000m    1.6329u 
  400.00000m    3.7303u 
  450.00000m    7.0608u 
  500.00000m   11.5714u 
  550.00000m   17.1188u 
  600.00000m   23.5640u 
  650.00000m   30.7926u 
  700.00000m   38.7084u 
  750.00000m   47.2250u 
  800.00000m   56.2609u 
  850.00000m   65.7362u 
  900.00000m   75.5699u 
  950.00000m   85.6757u 
    1.00000    95.9571u 
y
 vth0_value= 250.8199m
 u0_param=  49.7433m
 ags_param= 407.7500m
 
   *** monte carlo  index = 874 ***
x

 volt         param     
             i_d_0.7    
    0.         26.2115p 
   50.00000m  133.8303p 
  100.00000m  684.3480p 
  150.00000m    3.3818n 
  200.00000m   15.6120n 
  250.00000m   64.9936n 
  300.00000m  239.3268n 
  350.00000m  764.9003n 
  400.00000m    2.0316u 
  450.00000m    4.3942u 
  500.00000m    7.9591u 
  550.00000m   12.6338u 
  600.00000m   18.2725u 
  650.00000m   24.7450u 
  700.00000m   31.9448u 
  750.00000m   39.7813u 
  800.00000m   48.1723u 
  850.00000m   57.0395u 
  900.00000m   66.3057u 
  950.00000m   75.8916u 
    1.00000    85.7115u 
y
 vth0_value= 287.4389m
 u0_param=  49.5517m
 ags_param= 415.9554m
 
   *** monte carlo  index = 875 ***
x

 volt         param     
             i_d_0.7    
    0.         41.8146p 
   50.00000m  214.5717p 
  100.00000m    1.0887n 
  150.00000m    5.2854n 
  200.00000m   23.6875n 
  250.00000m   94.9481n 
  300.00000m  335.4392n 
  350.00000m    1.0163u 
  400.00000m    2.5295u 
  450.00000m    5.1516u 
  500.00000m    8.9119u 
  550.00000m   13.6962u 
  600.00000m   19.3689u 
  650.00000m   25.8143u 
  700.00000m   32.9373u 
  750.00000m   40.6544u 
  800.00000m   48.8886u 
  850.00000m   57.5649u 
  900.00000m   66.6082u 
  950.00000m   75.9401u 
    1.00000    85.4735u 
y
 vth0_value= 271.4472m
 u0_param=  46.8717m
 ags_param= 415.6318m
 
   *** monte carlo  index = 876 ***
x

 volt         param     
             i_d_0.7    
    0.        200.7111p 
   50.00000m    1.0213n 
  100.00000m    4.9864n 
  150.00000m   22.5554n 
  200.00000m   91.4548n 
  250.00000m  327.2137n 
  300.00000m    1.0082u 
  350.00000m    2.5600u 
  400.00000m    5.3100u 
  450.00000m    9.3157u 
  500.00000m   14.4614u 
  550.00000m   20.5984u 
  600.00000m   27.5983u 
  650.00000m   35.3550u 
  700.00000m   43.7763u 
  750.00000m   52.7769u 
  800.00000m   62.2745u 
  850.00000m   72.1869u 
  900.00000m   82.4289u 
  950.00000m   92.9080u 
    1.00000   103.5174u 
y
 vth0_value= 226.2420m
 u0_param=  50.0427m
 ags_param= 422.8084m
 
   *** monte carlo  index = 877 ***
x

 volt         param     
             i_d_0.7    
    0.        186.3179p 
   50.00000m  949.5954p 
  100.00000m    4.6530n 
  150.00000m   21.1708n 
  200.00000m   86.4771n 
  250.00000m  311.8899n 
  300.00000m  970.9037n 
  350.00000m    2.4963u 
  400.00000m    5.2374u 
  450.00000m    9.2675u 
  500.00000m   14.4729u 
  550.00000m   20.6993u 
  600.00000m   27.8128u 
  650.00000m   35.7030u 
  700.00000m   44.2745u 
  750.00000m   53.4397u 
  800.00000m   63.1142u 
  850.00000m   73.2144u 
  900.00000m   83.6539u 
  950.00000m   94.3396u 
    1.00000   105.1649u 
y
 vth0_value= 229.3664m
 u0_param=  51.4282m
 ags_param= 413.0239m
 
   *** monte carlo  index = 878 ***
x

 volt         param     
             i_d_0.7    
    0.        280.2142p 
   50.00000m    1.4182n 
  100.00000m    6.8456n 
  150.00000m   30.3995n 
  200.00000m  120.4898n 
  250.00000m  420.3431n 
  300.00000m    1.2527u 
  350.00000m    3.0591u 
  400.00000m    6.1278u 
  450.00000m   10.4717u 
  500.00000m   15.9572u 
  550.00000m   22.4338u 
  600.00000m   29.7745u 
  650.00000m   37.8737u 
  700.00000m   46.6385u 
  750.00000m   55.9822u 
  800.00000m   65.8205u 
  850.00000m   76.0689u 
  900.00000m   86.6393u 
  950.00000m   97.4350u 
    1.00000   108.3443u 
y
 vth0_value= 216.8584m
 u0_param=  51.1265m
 ags_param= 429.6798m
 
   *** monte carlo  index = 879 ***
x

 volt         param     
             i_d_0.7    
    0.         50.3736p 
   50.00000m  258.8177p 
  100.00000m    1.3100n 
  150.00000m    6.3256n 
  200.00000m   28.1068n 
  250.00000m  111.4807n 
  300.00000m  389.1873n 
  350.00000m    1.1607u 
  400.00000m    2.8362u 
  450.00000m    5.6829u 
  500.00000m    9.7107u 
  550.00000m   14.7934u 
  600.00000m   20.7893u 
  650.00000m   27.5791u 
  700.00000m   35.0645u 
  750.00000m   43.1589u 
  800.00000m   51.7820u 
  850.00000m   60.8559u 
  900.00000m   70.3025u 
  950.00000m   80.0400u 
    1.00000    89.9781u 
y
 vth0_value= 267.1517m
 u0_param=  48.8756m
 ags_param= 404.2922m
 
   *** monte carlo  index = 880 ***
x

 volt         param     
             i_d_0.7    
    0.        154.2388p 
   50.00000m  788.1052p 
  100.00000m    3.8853n 
  150.00000m   17.8616n 
  200.00000m   73.9475n 
  250.00000m  270.6597n 
  300.00000m  858.6083n 
  350.00000m    2.2596u 
  400.00000m    4.8459u 
  450.00000m    8.7211u 
  500.00000m   13.7836u 
  550.00000m   19.8797u 
  600.00000m   26.8722u 
  650.00000m   34.6490u 
  700.00000m   43.1137u 
  750.00000m   52.1782u 
  800.00000m   61.7584u 
  850.00000m   71.7710u 
  900.00000m   82.1306u 
  950.00000m   92.7453u 
    1.00000   103.5109u 
y
 vth0_value= 235.0586m
 u0_param=  51.4253m
 ags_param= 421.6477m
 
   *** monte carlo  index = 881 ***
x

 volt         param     
             i_d_0.7    
    0.         63.6163p 
   50.00000m  326.9451p 
  100.00000m    1.6475n 
  150.00000m    7.8838n 
  200.00000m   34.5459n 
  250.00000m  134.7741n 
  300.00000m  461.7748n 
  350.00000m    1.3433u 
  400.00000m    3.1919u 
  450.00000m    6.2434u 
  500.00000m   10.4799u 
  550.00000m   15.7664u 
  600.00000m   21.9617u 
  650.00000m   28.9484u 
  700.00000m   36.6286u 
  750.00000m   44.9159u 
  800.00000m   53.7293u 
  850.00000m   62.9899u 
  900.00000m   72.6183u 
  950.00000m   82.5307u 
    1.00000    92.6342u 
y
 vth0_value= 260.4131m
 u0_param=  49.3495m
 ags_param= 413.1596m
 
   *** monte carlo  index = 882 ***
x

 volt         param     
             i_d_0.7    
    0.         41.0712p 
   50.00000m  210.8205p 
  100.00000m    1.0709n 
  150.00000m    5.2109n 
  200.00000m   23.4382n 
  250.00000m   94.3620n 
  300.00000m  334.9415n 
  350.00000m    1.0211u 
  400.00000m    2.5595u 
  450.00000m    5.2460u 
  500.00000m    9.1174u 
  550.00000m   14.0563u 
  600.00000m   19.9197u 
  650.00000m   26.5858u 
  700.00000m   33.9545u 
  750.00000m   41.9386u 
  800.00000m   50.4576u 
  850.00000m   59.4340u 
  900.00000m   68.7902u 
  950.00000m   78.4454u 
    1.00000    88.3112u 
y
 vth0_value= 273.3123m
 u0_param=  48.8470m
 ags_param= 417.7261m
 
   *** monte carlo  index = 883 ***
x

 volt         param     
             i_d_0.7    
    0.         34.2985p 
   50.00000m  175.7640p 
  100.00000m  895.2180p 
  150.00000m    4.3820n 
  200.00000m   19.9051n 
  250.00000m   81.1383n 
  300.00000m  291.9738n 
  350.00000m  906.1443n 
  400.00000m    2.3207u 
  450.00000m    4.8504u 
  500.00000m    8.5560u 
  550.00000m   13.3300u 
  600.00000m   19.0303u 
  650.00000m   25.5342u 
  700.00000m   32.7409u 
  750.00000m   40.5633u 
  800.00000m   48.9215u 
  850.00000m   57.7388u 
  900.00000m   66.9388u 
  950.00000m   76.4421u 
    1.00000    86.1624u 
y
 vth0_value= 278.4796m
 u0_param=  48.3864m
 ags_param= 408.1612m
 
   *** monte carlo  index = 884 ***
x

 volt         param     
             i_d_0.7    
    0.         88.2483p 
   50.00000m  453.1139p 
  100.00000m    2.2674n 
  150.00000m   10.7059n 
  200.00000m   45.9890n 
  250.00000m  175.3646n 
  300.00000m  585.0347n 
  350.00000m    1.6427u 
  400.00000m    3.7582u 
  450.00000m    7.1219u 
  500.00000m   11.6811u 
  550.00000m   17.2903u 
  600.00000m   23.8083u 
  650.00000m   31.1189u 
  700.00000m   39.1246u 
  750.00000m   47.7377u 
  800.00000m   56.8758u 
  850.00000m   66.4581u 
  900.00000m   76.4027u 
  950.00000m   86.6227u 
    1.00000    97.0208u 
y
 vth0_value= 251.2224m
 u0_param=  50.3959m
 ags_param= 419.3237m
 
   *** monte carlo  index = 885 ***
x

 volt         param     
             i_d_0.7    
    0.        147.4035p 
   50.00000m  753.3967p 
  100.00000m    3.7175n 
  150.00000m   17.1170n 
  200.00000m   71.0135n 
  250.00000m  260.5319n 
  300.00000m  828.9784n 
  350.00000m    2.1899u 
  400.00000m    4.7136u 
  450.00000m    8.5075u 
  500.00000m   13.4744u 
  550.00000m   19.4632u 
  600.00000m   26.3387u 
  650.00000m   33.9904u 
  700.00000m   42.3230u 
  750.00000m   51.2498u 
  800.00000m   60.6878u 
  850.00000m   70.5548u 
  900.00000m   80.7664u 
  950.00000m   91.2320u 
    1.00000   101.8482u 
y
 vth0_value= 235.9403m
 u0_param=  50.6573m
 ags_param= 419.8272m
 
   *** monte carlo  index = 886 ***
x

 volt         param     
             i_d_0.7    
    0.        229.1295p 
   50.00000m    1.1638n 
  100.00000m    5.6601n 
  150.00000m   25.4382n 
  200.00000m  102.3111n 
  250.00000m  362.7758n 
  300.00000m    1.1046u 
  350.00000m    2.7656u 
  400.00000m    5.6636u 
  450.00000m    9.8396u 
  500.00000m   15.1694u 
  550.00000m   21.5010u 
  600.00000m   28.7049u 
  650.00000m   36.6737u 
  700.00000m   45.3138u 
  750.00000m   54.5385u 
  800.00000m   64.2637u 
  850.00000m   74.4057u 
  900.00000m   84.8775u 
  950.00000m   95.5842u 
    1.00000   106.4169u 
y
 vth0_value= 222.8903m
 u0_param=  51.0516m
 ags_param= 430.7222m
 
   *** monte carlo  index = 887 ***
x

 volt         param     
             i_d_0.7    
    0.        134.9466p 
   50.00000m  690.2942p 
  100.00000m    3.4139n 
  150.00000m   15.7819n 
  200.00000m   65.8252n 
  250.00000m  242.9256n 
  300.00000m  778.7449n 
  350.00000m    2.0767u 
  400.00000m    4.5107u 
  450.00000m    8.1998u 
  500.00000m   13.0539u 
  550.00000m   18.9242u 
  600.00000m   25.6765u 
  650.00000m   33.2004u 
  700.00000m   41.4018u 
  750.00000m   50.1946u 
  800.00000m   59.4969u 
  850.00000m   69.2273u 
  900.00000m   79.3025u 
  950.00000m   89.6331u 
    1.00000   100.1174u 
y
 vth0_value= 238.2226m
 u0_param=  50.0666m
 ags_param= 420.3785m
 
   *** monte carlo  index = 888 ***
x

 volt         param     
             i_d_0.7    
    0.         62.7025p 
   50.00000m  322.2036p 
  100.00000m    1.6236n 
  150.00000m    7.7698n 
  200.00000m   34.0485n 
  250.00000m  132.8488n 
  300.00000m  455.2619n 
  350.00000m    1.3247u 
  400.00000m    3.1487u 
  450.00000m    6.1606u 
  500.00000m   10.3437u 
  550.00000m   15.5650u 
  600.00000m   21.6855u 
  650.00000m   28.5893u 
  700.00000m   36.1801u 
  750.00000m   44.3725u 
  800.00000m   53.0865u 
  850.00000m   62.2440u 
  900.00000m   71.7665u 
  950.00000m   81.5708u 
    1.00000    91.5645u 
y
 vth0_value= 260.4410m
 u0_param=  48.7241m
 ags_param= 421.2660m
 
   *** monte carlo  index = 889 ***
x

 volt         param     
             i_d_0.7    
    0.        101.5129p 
   50.00000m  520.6141p 
  100.00000m    2.5949n 
  150.00000m   12.1631n 
  200.00000m   51.7092n 
  250.00000m  194.9056n 
  300.00000m  641.2963n 
  350.00000m    1.7684u 
  400.00000m    3.9711u 
  450.00000m    7.4127u 
  500.00000m   12.0271u 
  550.00000m   17.6691u 
  600.00000m   24.2018u 
  650.00000m   31.5126u 
  700.00000m   39.5064u 
  750.00000m   48.0973u 
  800.00000m   57.2038u 
  850.00000m   66.7458u 
  900.00000m   76.6415u 
  950.00000m   86.8037u 
    1.00000    97.1341u 
y
 vth0_value= 246.5631m
 u0_param=  49.7054m
 ags_param= 430.9957m
 
   *** monte carlo  index = 890 ***
x

 volt         param     
             i_d_0.7    
    0.        103.7930p 
   50.00000m  532.3092p 
  100.00000m    2.6525n 
  150.00000m   12.4274n 
  200.00000m   52.7970n 
  250.00000m  198.8477n 
  300.00000m  653.6108n 
  350.00000m    1.8000u 
  400.00000m    4.0366u 
  450.00000m    7.5264u 
  500.00000m   12.2012u 
  550.00000m   17.9135u 
  600.00000m   24.5247u 
  650.00000m   31.9209u 
  700.00000m   40.0057u 
  750.00000m   48.6923u 
  800.00000m   57.8984u 
  850.00000m   67.5430u 
  900.00000m   77.5435u 
  950.00000m   87.8122u 
    1.00000    98.2498u 
y
 vth0_value= 246.2697m
 u0_param=  50.2901m
 ags_param= 426.6513m
 
   *** monte carlo  index = 891 ***
x

 volt         param     
             i_d_0.7    
    0.         79.3988p 
   50.00000m  407.8496p 
  100.00000m    2.0456n 
  150.00000m    9.7007n 
  200.00000m   41.9356n 
  250.00000m  161.0657n 
  300.00000m  541.9380n 
  350.00000m    1.5389u 
  400.00000m    3.5629u 
  450.00000m    6.8183u 
  500.00000m   11.2632u 
  550.00000m   16.7555u 
  600.00000m   23.1544u 
  650.00000m   30.3437u 
  700.00000m   38.2260u 
  750.00000m   46.7143u 
  800.00000m   55.7270u 
  850.00000m   65.1839u 
  900.00000m   75.0041u 
  950.00000m   85.1019u 
    1.00000    95.3816u 
y
 vth0_value= 254.1059m
 u0_param=  49.9273m
 ags_param= 414.9874m
 
   *** monte carlo  index = 892 ***
x

 volt         param     
             i_d_0.7    
    0.         67.3336p 
   50.00000m  346.1417p 
  100.00000m    1.7434n 
  150.00000m    8.3335n 
  200.00000m   36.4544n 
  250.00000m  141.9300n 
  300.00000m  485.1071n 
  350.00000m    1.4065u 
  400.00000m    3.3301u 
  450.00000m    6.4933u 
  500.00000m   10.8733u 
  550.00000m   16.3295u 
  600.00000m   22.7160u 
  650.00000m   29.9120u 
  700.00000m   37.8169u 
  750.00000m   46.3417u 
  800.00000m   55.4032u 
  850.00000m   64.9205u 
  900.00000m   74.8121u 
  950.00000m   84.9924u 
    1.00000    95.3665u 
y
 vth0_value= 259.6278m
 u0_param=  50.8005m
 ags_param= 422.1722m
 
   *** monte carlo  index = 893 ***
x

 volt         param     
             i_d_0.7    
    0.         29.9922p 
   50.00000m  153.4454p 
  100.00000m  783.0838p 
  150.00000m    3.8510n 
  200.00000m   17.6299n 
  250.00000m   72.5908n 
  300.00000m  264.1103n 
  350.00000m  831.3873n 
  400.00000m    2.1666u 
  450.00000m    4.6024u 
  500.00000m    8.2203u 
  550.00000m   12.9202u 
  600.00000m   18.5591u 
  650.00000m   25.0118u 
  700.00000m   32.1754u 
  750.00000m   39.9620u 
  800.00000m   48.2910u 
  850.00000m   57.0854u 
  900.00000m   66.2688u 
  950.00000m   75.7622u 
    1.00000    85.4799u 
y
 vth0_value= 282.7265m
 u0_param=  48.6323m
 ags_param= 421.5053m
 
   *** monte carlo  index = 894 ***
x

 volt         param     
             i_d_0.7    
    0.         26.5069p 
   50.00000m  135.3274p 
  100.00000m  691.4740p 
  150.00000m    3.4117n 
  200.00000m   15.7087n 
  250.00000m   65.1704n 
  300.00000m  239.0964n 
  350.00000m  760.7060n 
  400.00000m    2.0089u 
  450.00000m    4.3218u 
  500.00000m    7.7956u 
  550.00000m   12.3392u 
  600.00000m   17.8128u 
  650.00000m   24.0923u 
  700.00000m   31.0757u 
  750.00000m   38.6761u 
  800.00000m   46.8144u 
  850.00000m   55.4146u 
  900.00000m   64.4020u 
  950.00000m   73.6992u 
    1.00000    83.2224u 
y
 vth0_value= 285.9265m
 u0_param=  47.7687m
 ags_param= 408.1497m
 
   *** monte carlo  index = 895 ***
x

 volt         param     
             i_d_0.7    
    0.         55.6991p 
   50.00000m  286.1472p 
  100.00000m    1.4447n 
  150.00000m    6.9407n 
  200.00000m   30.5992n 
  250.00000m  120.2443n 
  300.00000m  415.4551n 
  350.00000m    1.2221u 
  400.00000m    2.9404u 
  450.00000m    5.8134u 
  500.00000m    9.8366u 
  550.00000m   14.8835u 
  600.00000m   20.8175u 
  650.00000m   27.5245u 
  700.00000m   34.9097u 
  750.00000m   42.8890u 
  800.00000m   51.3843u 
  850.00000m   60.3192u 
  900.00000m   69.6166u 
  950.00000m   79.1955u 
    1.00000    88.9655u 
y
 vth0_value= 263.3143m
 u0_param=  47.6690m
 ags_param= 418.0225m
 
   *** monte carlo  index = 896 ***
x

 volt         param     
             i_d_0.7    
    0.        116.8260p 
   50.00000m  598.3355p 
  100.00000m    2.9700n 
  150.00000m   13.8194n 
  200.00000m   58.1525n 
  250.00000m  216.7236n 
  300.00000m  703.3010n 
  350.00000m    1.9050u 
  400.00000m    4.2019u 
  450.00000m    7.7317u 
  500.00000m   12.4166u 
  550.00000m   18.1112u 
  600.00000m   24.6820u 
  650.00000m   32.0193u 
  700.00000m   40.0294u 
  750.00000m   48.6277u 
  800.00000m   57.7332u 
  850.00000m   67.2661u 
  900.00000m   77.1447u 
  950.00000m   87.2814u 
    1.00000    97.5768u 
y
 vth0_value= 242.0517m
 u0_param=  49.2735m
 ags_param= 412.8057m
 
   *** monte carlo  index = 897 ***
x

 volt         param     
             i_d_0.7    
    0.        104.3655p 
   50.00000m  535.2270p 
  100.00000m    2.6667n 
  150.00000m   12.4910n 
  200.00000m   53.0499n 
  250.00000m  199.7268n 
  300.00000m  656.2048n 
  350.00000m    1.8061u 
  400.00000m    4.0478u 
  450.00000m    7.5437u 
  500.00000m   12.2248u 
  550.00000m   17.9436u 
  600.00000m   24.5613u 
  650.00000m   31.9641u 
  700.00000m   40.0556u 
  750.00000m   48.7487u 
  800.00000m   57.9612u 
  850.00000m   67.6121u 
  900.00000m   77.6187u 
  950.00000m   87.8932u 
    1.00000    98.3365u 
y
 vth0_value= 246.1251m
 u0_param=  50.3231m
 ags_param= 421.1863m
 
   *** monte carlo  index = 898 ***
x

 volt         param     
             i_d_0.7    
    0.         43.8395p 
   50.00000m  225.0881p 
  100.00000m    1.1418n 
  150.00000m    5.5396n 
  200.00000m   24.7999n 
  250.00000m   99.2698n 
  300.00000m  350.1349n 
  350.00000m    1.0585u 
  400.00000m    2.6276u 
  450.00000m    5.3388u 
  500.00000m    9.2184u 
  550.00000m   14.1475u 
  600.00000m   19.9857u 
  650.00000m   26.6141u 
  700.00000m   33.9347u 
  750.00000m   41.8618u 
  800.00000m   50.3160u 
  850.00000m   59.2206u 
  900.00000m   68.4987u 
  950.00000m   78.0699u 
    1.00000    87.8458u 
y
 vth0_value= 270.9085m
 u0_param=  48.1982m
 ags_param= 410.6307m
 
   *** monte carlo  index = 899 ***
x

 volt         param     
             i_d_0.7    
    0.         52.1167p 
   50.00000m  267.8017p 
  100.00000m    1.3547n 
  150.00000m    6.5332n 
  200.00000m   28.9725n 
  250.00000m  114.6451n 
  300.00000m  399.1830n 
  350.00000m    1.1863u 
  400.00000m    2.8874u 
  450.00000m    5.7655u 
  500.00000m    9.8265u 
  550.00000m   14.9429u 
  600.00000m   20.9727u 
  650.00000m   27.7972u 
  700.00000m   35.3177u 
  750.00000m   43.4479u 
  800.00000m   52.1072u 
  850.00000m   61.2177u 
  900.00000m   70.7007u 
  950.00000m   80.4742u 
    1.00000    90.4473u 
y
 vth0_value= 266.1916m
 u0_param=  48.9797m
 ags_param= 419.9652m
 
   *** monte carlo  index = 900 ***
x

 volt         param     
             i_d_0.7    
    0.        130.8123p 
   50.00000m  669.3267p 
  100.00000m    3.3128n 
  150.00000m   15.3357n 
  200.00000m   64.0837n 
  250.00000m  236.9876n 
  300.00000m  761.6847n 
  350.00000m    2.0379u 
  400.00000m    4.4407u 
  450.00000m    8.0931u 
  500.00000m   12.9075u 
  550.00000m   18.7360u 
  600.00000m   25.4447u 
  650.00000m   32.9236u 
  700.00000m   41.0784u 
  750.00000m   49.8238u 
  800.00000m   59.0778u 
  850.00000m   68.7596u 
  900.00000m   78.7863u 
  950.00000m   89.0689u 
    1.00000    99.5060u 
y
 vth0_value= 239.0247m
 u0_param=  49.8569m
 ags_param= 419.8689m
 
   *** monte carlo  index = 901 ***
x

 volt         param     
             i_d_0.7    
    0.         70.0483p 
   50.00000m  360.0738p 
  100.00000m    1.8121n 
  150.00000m    8.6482n 
  200.00000m   37.7407n 
  250.00000m  146.5298n 
  300.00000m  499.2238n 
  350.00000m    1.4413u 
  400.00000m    3.3965u 
  450.00000m    6.5966u 
  500.00000m   11.0143u 
  550.00000m   16.5074u 
  600.00000m   22.9302u 
  650.00000m   30.1619u 
  700.00000m   38.1021u 
  750.00000m   46.6616u 
  800.00000m   55.7571u 
  850.00000m   65.3076u 
  900.00000m   75.2312u 
  950.00000m   85.4422u 
    1.00000    95.8451u 
y
 vth0_value= 258.5040m
 u0_param=  50.9081m
 ags_param= 412.7695m
 
   *** monte carlo  index = 902 ***
x

 volt         param     
             i_d_0.7    
    0.         46.4550p 
   50.00000m  238.5743p 
  100.00000m    1.2089n 
  150.00000m    5.8515n 
  200.00000m   26.1005n 
  250.00000m  104.0097n 
  300.00000m  365.0372n 
  350.00000m    1.0964u 
  400.00000m    2.7010u 
  450.00000m    5.4510u 
  500.00000m    9.3651u 
  550.00000m   14.3221u 
  600.00000m   20.1828u 
  650.00000m   26.8295u 
  700.00000m   34.1649u 
  750.00000m   42.1039u 
  800.00000m   50.5674u 
  850.00000m   59.4788u 
  900.00000m   68.7611u 
  950.00000m   78.3339u 
    1.00000    88.1082u 
y
 vth0_value= 269.0578m
 u0_param=  48.0532m
 ags_param= 419.5050m
 
   *** monte carlo  index = 903 ***
x

 volt         param     
             i_d_0.7    
    0.         75.7573p 
   50.00000m  389.1847p 
  100.00000m    1.9538n 
  150.00000m    9.2813n 
  200.00000m   40.2268n 
  250.00000m  154.9623n 
  300.00000m  523.2303n 
  350.00000m    1.4927u 
  400.00000m    3.4731u 
  450.00000m    6.6739u 
  500.00000m   11.0581u 
  550.00000m   16.4857u 
  600.00000m   22.8166u 
  650.00000m   29.9349u 
  700.00000m   37.7438u 
  750.00000m   46.1568u 
  800.00000m   55.0926u 
  850.00000m   64.4720u 
  900.00000m   74.2143u 
  950.00000m   84.2347u 
    1.00000    94.4380u 
y
 vth0_value= 255.2918m
 u0_param=  49.5724m
 ags_param= 417.3188m
 
   *** monte carlo  index = 904 ***
x

 volt         param     
             i_d_0.7    
    0.        211.6098p 
   50.00000m    1.0758n 
  100.00000m    5.2426n 
  150.00000m   23.6402n 
  200.00000m   95.4780n 
  250.00000m  340.1399n 
  300.00000m    1.0421u 
  350.00000m    2.6284u 
  400.00000m    5.4189u 
  450.00000m    9.4627u 
  500.00000m   14.6419u 
  550.00000m   20.8083u 
  600.00000m   27.8342u 
  650.00000m   35.6144u 
  700.00000m   44.0569u 
  750.00000m   53.0768u 
  800.00000m   62.5916u 
  850.00000m   72.5192u 
  900.00000m   82.7741u 
  950.00000m   93.2633u 
    1.00000   103.8795u 
y
 vth0_value= 224.6048m
 u0_param=  49.9779m
 ags_param= 427.0215m
 
   *** monte carlo  index = 905 ***
x

 volt         param     
             i_d_0.7    
    0.        100.9489p 
   50.00000m  517.8857p 
  100.00000m    2.5830n 
  150.00000m   12.1220n 
  200.00000m   51.6201n 
  250.00000m  194.9183n 
  300.00000m  642.6811n 
  350.00000m    1.7770u 
  400.00000m    4.0014u 
  450.00000m    7.4852u 
  500.00000m   12.1624u 
  550.00000m   17.8850u 
  600.00000m   24.5125u 
  650.00000m   31.9299u 
  700.00000m   40.0399u 
  750.00000m   48.7551u 
  800.00000m   57.9924u 
  850.00000m   67.6707u 
  900.00000m   77.7073u 
  950.00000m   88.0142u 
    1.00000    98.4926u 
y
 vth0_value= 247.3140m
 u0_param=  50.6169m
 ags_param= 409.1582m
 
   *** monte carlo  index = 906 ***
x

 volt         param     
             i_d_0.7    
    0.         89.2244p 
   50.00000m  457.9360p 
  100.00000m    2.2894n 
  150.00000m   10.7912n 
  200.00000m   46.2433n 
  250.00000m  175.8658n 
  300.00000m  584.9044n 
  350.00000m    1.6357u 
  400.00000m    3.7268u 
  450.00000m    7.0387u 
  500.00000m   11.5177u 
  550.00000m   17.0218u 
  600.00000m   23.4143u 
  650.00000m   30.5825u 
  700.00000m   38.4314u 
  750.00000m   46.8757u 
  800.00000m   55.8347u 
  850.00000m   65.2294u 
  900.00000m   74.9790u 
  950.00000m   84.9980u 
    1.00000    95.1900u 
y
 vth0_value= 250.1136m
 u0_param=  49.1888m
 ags_param= 415.6393m
 
   *** monte carlo  index = 907 ***
x

 volt         param     
             i_d_0.7    
    0.         42.3749p 
   50.00000m  217.5787p 
  100.00000m    1.1049n 
  150.00000m    5.3723n 
  200.00000m   24.1352n 
  250.00000m   97.0212n 
  300.00000m  343.7922n 
  350.00000m    1.0457u 
  400.00000m    2.6142u 
  450.00000m    5.3450u 
  500.00000m    9.2722u 
  550.00000m   14.2757u 
  600.00000m   20.2109u 
  650.00000m   26.9550u 
  700.00000m   34.4068u 
  750.00000m   42.4783u 
  800.00000m   51.0882u 
  850.00000m   60.1583u 
  900.00000m   69.6101u 
  950.00000m   79.3624u 
    1.00000    89.3257u 
y
 vth0_value= 272.6966m
 u0_param=  49.3557m
 ags_param= 418.3798m
 
   *** monte carlo  index = 908 ***
x

 volt         param     
             i_d_0.7    
    0.         80.3530p 
   50.00000m  412.6184p 
  100.00000m    2.0679n 
  150.00000m    9.7919n 
  200.00000m   42.2409n 
  250.00000m  161.8580n 
  300.00000m  543.1443n 
  350.00000m    1.5369u 
  400.00000m    3.5451u 
  450.00000m    6.7638u 
  500.00000m   11.1494u 
  550.00000m   16.5628u 
  600.00000m   22.8666u 
  650.00000m   29.9473u 
  700.00000m   37.7100u 
  750.00000m   46.0693u 
  800.00000m   54.9450u 
  850.00000m   64.2583u 
  900.00000m   73.9294u 
  950.00000m   83.8733u 
    1.00000    93.9950u 
y
 vth0_value= 253.1275m
 u0_param=  48.9735m
 ags_param= 422.4268m
 
   *** monte carlo  index = 909 ***
x

 volt         param     
             i_d_0.7    
    0.         42.2607p 
   50.00000m  216.9564p 
  100.00000m    1.1015n 
  150.00000m    5.3530n 
  200.00000m   24.0308n 
  250.00000m   96.5156n 
  300.00000m  341.6821n 
  350.00000m    1.0380u 
  400.00000m    2.5914u 
  450.00000m    5.2919u 
  500.00000m    9.1720u 
  550.00000m   14.1133u 
  600.00000m   19.9737u 
  650.00000m   26.6326u 
  700.00000m   33.9904u 
  750.00000m   41.9605u 
  800.00000m   50.4628u 
  850.00000m   59.4200u 
  900.00000m   68.7547u 
  950.00000m   78.3863u 
    1.00000    88.2262u 
y
 vth0_value= 272.3117m
 u0_param=  48.6405m
 ags_param= 414.9115m
 
   *** monte carlo  index = 910 ***
x

 volt         param     
             i_d_0.7    
    0.         30.8813p 
   50.00000m  158.0523p 
  100.00000m  806.2117p 
  150.00000m    3.9603n 
  200.00000m   18.0964n 
  250.00000m   74.3305n 
  300.00000m  269.7243n 
  350.00000m  846.1914n 
  400.00000m    2.1960u 
  450.00000m    4.6466u 
  500.00000m    8.2744u 
  550.00000m   12.9779u 
  600.00000m   18.6149u 
  650.00000m   25.0611u 
  700.00000m   32.2149u 
  750.00000m   39.9886u 
  800.00000m   48.3023u 
  850.00000m   57.0791u 
  900.00000m   66.2428u 
  950.00000m   75.7146u 
    1.00000    85.4086u 
y
 vth0_value= 281.6910m
 u0_param=  48.4121m
 ags_param= 429.8133m
 
   *** monte carlo  index = 911 ***
x

 volt         param     
             i_d_0.7    
    0.         91.4227p 
   50.00000m  469.1328p 
  100.00000m    2.3438n 
  150.00000m   11.0341n 
  200.00000m   47.2012n 
  250.00000m  179.1554n 
  300.00000m  594.4483n 
  350.00000m    1.6573u 
  400.00000m    3.7639u 
  450.00000m    7.0904u 
  500.00000m   11.5806u 
  550.00000m   17.0926u 
  600.00000m   23.4900u 
  650.00000m   30.6608u 
  700.00000m   38.5104u 
  750.00000m   46.9536u 
  800.00000m   55.9101u 
  850.00000m   65.3006u 
  900.00000m   75.0446u 
  950.00000m   85.0565u 
    1.00000    95.2397u 
y
 vth0_value= 249.3213m
 u0_param=  49.0982m
 ags_param= 412.0428m
 
   *** monte carlo  index = 912 ***
x

 volt         param     
             i_d_0.7    
    0.         51.9280p 
   50.00000m  266.8663p 
  100.00000m    1.3504n 
  150.00000m    6.5168n 
  200.00000m   28.9288n 
  250.00000m  114.6063n 
  300.00000m  399.5533n 
  350.00000m    1.1894u 
  400.00000m    2.9003u 
  450.00000m    5.8006u 
  500.00000m    9.8977u 
  550.00000m   15.0625u 
  600.00000m   21.1512u 
  650.00000m   28.0428u 
  700.00000m   35.6375u 
  750.00000m   43.8477u 
  800.00000m   52.5919u 
  850.00000m   61.7912u 
  900.00000m   71.3665u 
  950.00000m   81.2351u 
    1.00000    91.3056u 
y
 vth0_value= 266.6883m
 u0_param=  49.5759m
 ags_param= 411.4641m
 
   *** monte carlo  index = 913 ***
x

 volt         param     
             i_d_0.7    
    0.         69.3301p 
   50.00000m  356.2061p 
  100.00000m    1.7912n 
  150.00000m    8.5364n 
  200.00000m   37.1761n 
  250.00000m  144.0087n 
  300.00000m  489.4231n 
  350.00000m    1.4084u 
  400.00000m    3.3077u 
  450.00000m    6.4062u 
  500.00000m   10.6760u 
  550.00000m   15.9815u 
  600.00000m   22.1840u 
  650.00000m   29.1685u 
  700.00000m   36.8392u 
  750.00000m   45.1106u 
  800.00000m   53.9025u 
  850.00000m   63.1366u 
  900.00000m   72.7334u 
  950.00000m   82.6093u 
    1.00000    92.6702u 
y
 vth0_value= 257.5149m
 u0_param=  48.8828m
 ags_param= 437.3130m
 
   *** monte carlo  index = 914 ***
x

 volt         param     
             i_d_0.7    
    0.         73.8798p 
   50.00000m  379.6208p 
  100.00000m    1.9073n 
  150.00000m    9.0744n 
  200.00000m   39.4183n 
  250.00000m  152.2352n 
  300.00000m  515.5304n 
  350.00000m    1.4765u 
  400.00000m    3.4495u 
  450.00000m    6.6513u 
  500.00000m   11.0477u 
  550.00000m   16.4980u 
  600.00000m   22.8601u 
  650.00000m   30.0166u 
  700.00000m   37.8694u 
  750.00000m   46.3310u 
  800.00000m   55.3197u 
  850.00000m   64.7554u 
  900.00000m   74.5572u 
  950.00000m   84.6400u 
    1.00000    94.9086u 
y
 vth0_value= 256.3362m
 u0_param=  50.0205m
 ags_param= 408.4933m
 
   *** monte carlo  index = 915 ***
x

 volt         param     
             i_d_0.7    
    0.        119.2226p 
   50.00000m  610.5809p 
  100.00000m    3.0299n 
  150.00000m   14.0907n 
  200.00000m   59.2500n 
  250.00000m  220.6266n 
  300.00000m  715.1984n 
  350.00000m    1.9346u 
  400.00000m    4.2612u 
  450.00000m    7.8321u 
  500.00000m   12.5673u 
  550.00000m   18.3199u 
  600.00000m   24.9552u 
  650.00000m   32.3623u 
  700.00000m   40.4469u 
  750.00000m   49.1234u 
  800.00000m   58.3104u 
  850.00000m   67.9273u 
  900.00000m   77.8918u 
  950.00000m   88.1156u 
    1.00000    98.4987u 
y
 vth0_value= 241.7347m
 u0_param=  49.7268m
 ags_param= 417.8184m
 
   *** monte carlo  index = 916 ***
x

 volt         param     
             i_d_0.7    
    0.         32.5283p 
   50.00000m  166.6146p 
  100.00000m  849.5229p 
  150.00000m    4.1682n 
  200.00000m   19.0082n 
  250.00000m   77.8715n 
  300.00000m  281.7485n 
  350.00000m  880.5566n 
  400.00000m    2.2745u 
  450.00000m    4.7915u 
  500.00000m    8.5031u 
  550.00000m   13.3034u 
  600.00000m   19.0475u 
  650.00000m   25.6095u 
  700.00000m   32.8863u 
  750.00000m   40.7890u 
  800.00000m   49.2364u 
  850.00000m   58.1507u 
  900.00000m   67.4545u 
  950.00000m   77.0680u 
    1.00000    86.9042u 
y
 vth0_value= 280.6020m
 u0_param=  49.1657m
 ags_param= 419.3691m
 
   *** monte carlo  index = 917 ***
x

 volt         param     
             i_d_0.7    
    0.        134.1509p 
   50.00000m  686.3554p 
  100.00000m    3.3959n 
  150.00000m   15.7096n 
  200.00000m   65.5860n 
  250.00000m  242.2901n 
  300.00000m  777.6844n 
  350.00000m    2.0772u 
  400.00000m    4.5187u 
  450.00000m    8.2240u 
  500.00000m   13.1033u 
  550.00000m   19.0063u 
  600.00000m   25.7976u 
  650.00000m   33.3658u 
  700.00000m   41.6159u 
  750.00000m   50.4613u 
  800.00000m   59.8193u 
  850.00000m   69.6083u 
  900.00000m   79.7445u 
  950.00000m   90.1380u 
    1.00000   100.6868u 
y
 vth0_value= 238.6386m
 u0_param=  50.4384m
 ags_param= 425.1426m
 
   *** monte carlo  index = 918 ***
x

 volt         param     
             i_d_0.7    
    0.         87.1435p 
   50.00000m  447.4581p 
  100.00000m    2.2397n 
  150.00000m   10.5796n 
  200.00000m   45.4764n 
  250.00000m  173.5406n 
  300.00000m  579.4726n 
  350.00000m    1.6290u 
  400.00000m    3.7316u 
  450.00000m    7.0788u 
  500.00000m   11.6192u 
  550.00000m   17.2079u 
  600.00000m   23.7042u 
  650.00000m   30.9920u 
  700.00000m   38.9739u 
  750.00000m   47.5626u 
  800.00000m   56.6758u 
  850.00000m   66.2329u 
  900.00000m   76.1522u 
  950.00000m   86.3468u 
    1.00000    96.7198u 
y
 vth0_value= 251.5194m
 u0_param=  50.2664m
 ags_param= 423.6275m
 
   *** monte carlo  index = 919 ***
x

 volt         param     
             i_d_0.7    
    0.         85.1801p 
   50.00000m  437.4070p 
  100.00000m    2.1903n 
  150.00000m   10.3552n 
  200.00000m   44.5664n 
  250.00000m  170.3050n 
  300.00000m  569.6137n 
  350.00000m    1.6048u 
  400.00000m    3.6846u 
  450.00000m    7.0029u 
  500.00000m   11.5105u 
  550.00000m   17.0636u 
  600.00000m   23.5218u 
  650.00000m   30.7694u 
  700.00000m   38.7093u 
  750.00000m   47.2544u 
  800.00000m   56.3227u 
  850.00000m   65.8341u 
  900.00000m   75.7071u 
  950.00000m   85.8553u 
    1.00000    96.1823u 
y
 vth0_value= 252.0720m
 u0_param=  50.0571m
 ags_param= 417.2942m
 
   *** monte carlo  index = 920 ***
x

 volt         param     
             i_d_0.7    
    0.         51.5100p 
   50.00000m  264.6703p 
  100.00000m    1.3391n 
  150.00000m    6.4601n 
  200.00000m   28.6645n 
  250.00000m  113.5027n 
  300.00000m  395.5051n 
  350.00000m    1.1766u 
  400.00000m    2.8670u 
  450.00000m    5.7304u 
  500.00000m    9.7740u 
  550.00000m   14.8707u 
  600.00000m   20.8791u 
  650.00000m   27.6805u 
  700.00000m   35.1765u 
  750.00000m   43.2808u 
  800.00000m   51.9131u 
  850.00000m   60.9956u 
  900.00000m   70.4501u 
  950.00000m   80.1946u 
    1.00000    90.1386u 
y
 vth0_value= 266.4644m
 u0_param=  48.8557m
 ags_param= 408.6822m
 
   *** monte carlo  index = 921 ***
x

 volt         param     
             i_d_0.7    
    0.         55.9486p 
   50.00000m  287.5051p 
  100.00000m    1.4522n 
  150.00000m    6.9821n 
  200.00000m   30.8175n 
  250.00000m  121.2639n 
  300.00000m  419.5770n 
  350.00000m    1.2366u 
  400.00000m    2.9813u 
  450.00000m    5.9046u 
  500.00000m   10.0031u 
  550.00000m   15.1473u 
  600.00000m   21.1970u 
  650.00000m   28.0350u 
  700.00000m   35.5638u 
  750.00000m   43.6977u 
  800.00000m   52.3566u 
  850.00000m   61.4627u 
  900.00000m   70.9377u 
  950.00000m   80.6992u 
    1.00000    90.6558u 
y
 vth0_value= 263.8892m
 u0_param=  48.7367m
 ags_param= 421.3197m
 
   *** monte carlo  index = 922 ***
x

 volt         param     
             i_d_0.7    
    0.        125.3987p 
   50.00000m  642.0836p 
  100.00000m    3.1836n 
  150.00000m   14.7820n 
  200.00000m   62.0238n 
  250.00000m  230.3957n 
  300.00000m  744.5851n 
  350.00000m    2.0062u 
  400.00000m    4.4016u 
  450.00000m    8.0649u 
  500.00000m   12.9112u 
  550.00000m   18.7901u 
  600.00000m   25.5644u 
  650.00000m   33.1213u 
  700.00000m   41.3649u 
  750.00000m   50.2080u 
  800.00000m   59.5679u 
  850.00000m   69.3625u 
  900.00000m   79.5082u 
  950.00000m   89.9153u 
    1.00000   100.4824u 
y
 vth0_value= 240.8139m
 u0_param=  50.6644m
 ags_param= 429.3181m
 
   *** monte carlo  index = 923 ***
x

 volt         param     
             i_d_0.7    
    0.         30.2597p 
   50.00000m  154.8270p 
  100.00000m  789.9674p 
  150.00000m    3.8830n 
  200.00000m   17.7626n 
  250.00000m   73.0632n 
  300.00000m  265.5382n 
  350.00000m  834.7215n 
  400.00000m    2.1716u 
  450.00000m    4.6055u 
  500.00000m    8.2158u 
  550.00000m   12.9020u 
  600.00000m   18.5222u 
  650.00000m   24.9518u 
  700.00000m   32.0889u 
  750.00000m   39.8459u 
  800.00000m   48.1428u 
  850.00000m   56.9029u 
  900.00000m   66.0500u 
  950.00000m   75.5055u 
    1.00000    85.1839u 
y
 vth0_value= 282.2921m
 u0_param=  48.3839m
 ags_param= 419.0970m
 
   *** monte carlo  index = 924 ***
x

 volt         param     
             i_d_0.7    
    0.         62.1816p 
   50.00000m  319.5472p 
  100.00000m    1.6107n 
  150.00000m    7.7121n 
  200.00000m   33.8237n 
  250.00000m  132.0978n 
  300.00000m  453.1766n 
  350.00000m    1.3205u 
  400.00000m    3.1437u 
  450.00000m    6.1591u 
  500.00000m   10.3512u 
  550.00000m   15.5868u 
  600.00000m   21.7260u 
  650.00000m   28.6524u 
  700.00000m   36.2689u 
  750.00000m   44.4898u 
  800.00000m   53.2347u 
  850.00000m   62.4253u 
  900.00000m   71.9827u 
  950.00000m   81.8236u 
    1.00000    91.8553u 
y
 vth0_value= 260.8346m
 u0_param=  48.9403m
 ags_param= 431.9209m
 
   *** monte carlo  index = 925 ***
x

 volt         param     
             i_d_0.7    
    0.        217.5590p 
   50.00000m    1.1062n 
  100.00000m    5.3919n 
  150.00000m   24.3200n 
  200.00000m   98.2500n 
  250.00000m  350.0777n 
  300.00000m    1.0727u 
  350.00000m    2.7061u 
  400.00000m    5.5795u 
  450.00000m    9.7429u 
  500.00000m   15.0734u 
  550.00000m   21.4173u 
  600.00000m   28.6425u 
  650.00000m   36.6400u 
  700.00000m   45.3150u 
  750.00000m   54.5800u 
  800.00000m   64.3502u 
  850.00000m   74.5415u 
  900.00000m   85.0667u 
  950.00000m   95.8312u 
    1.00000   106.7264u 
y
 vth0_value= 224.7521m
 u0_param=  51.5254m
 ags_param= 419.4066m
 
   *** monte carlo  index = 926 ***
x

 volt         param     
             i_d_0.7    
    0.         76.6767p 
   50.00000m  393.9314p 
  100.00000m    1.9775n 
  150.00000m    9.3924n 
  200.00000m   40.6982n 
  250.00000m  156.7310n 
  300.00000m  528.9990n 
  350.00000m    1.5084u 
  400.00000m    3.5075u 
  450.00000m    6.7368u 
  500.00000m   11.1580u 
  550.00000m   16.6295u 
  600.00000m   23.0101u 
  650.00000m   30.1828u 
  700.00000m   38.0500u 
  750.00000m   46.5246u 
  800.00000m   55.5245u 
  850.00000m   64.9700u 
  900.00000m   74.7801u 
  950.00000m   84.8694u 
    1.00000    95.1424u 
y
 vth0_value= 255.1840m
 u0_param=  49.9696m
 ags_param= 409.2999m
 
   *** monte carlo  index = 927 ***
x

 volt         param     
             i_d_0.7    
    0.         61.3886p 
   50.00000m  315.4474p 
  100.00000m    1.5902n 
  150.00000m    7.6155n 
  200.00000m   33.4108n 
  250.00000m  130.5369n 
  300.00000m  448.0328n 
  350.00000m    1.3063u 
  400.00000m    3.1121u 
  450.00000m    6.1009u 
  500.00000m   10.2579u 
  550.00000m   15.4512u 
  600.00000m   21.5420u 
  650.00000m   28.4146u 
  700.00000m   35.9727u 
  750.00000m   44.1311u 
  800.00000m   52.8100u 
  850.00000m   61.9315u 
  900.00000m   71.4175u 
  950.00000m   81.1851u 
    1.00000    91.1425u 
y
 vth0_value= 260.9878m
 u0_param=  48.5842m
 ags_param= 406.5261m
 
   *** monte carlo  index = 928 ***
x

 volt         param     
             i_d_0.7    
    0.         62.9786p 
   50.00000m  323.7268p 
  100.00000m    1.6322n 
  150.00000m    7.8187n 
  200.00000m   34.3137n 
  250.00000m  134.1084n 
  300.00000m  460.4147n 
  350.00000m    1.3429u 
  400.00000m    3.2003u 
  450.00000m    6.2750u 
  500.00000m   10.5517u 
  550.00000m   15.8934u 
  600.00000m   22.1567u 
  650.00000m   29.2218u 
  700.00000m   36.9894u 
  750.00000m   45.3717u 
  800.00000m   54.2867u 
  850.00000m   63.6546u 
  900.00000m   73.3950u 
  950.00000m   83.4234u 
    1.00000    93.6462u 
y
 vth0_value= 261.1612m
 u0_param=  50.0391m
 ags_param= 427.4403m
 
   *** monte carlo  index = 929 ***
x

 volt         param     
             i_d_0.7    
    0.        232.3586p 
   50.00000m    1.1798n 
  100.00000m    5.7330n 
  150.00000m   25.7325n 
  200.00000m  103.3312n 
  250.00000m  365.7647n 
  300.00000m    1.1112u 
  350.00000m    2.7748u 
  400.00000m    5.6692u 
  450.00000m    9.8324u 
  500.00000m   15.1401u 
  550.00000m   21.4422u 
  600.00000m   28.6104u 
  650.00000m   36.5384u 
  700.00000m   45.1335u 
  750.00000m   54.3095u 
  800.00000m   63.9830u 
  850.00000m   74.0706u 
  900.00000m   84.4857u 
  950.00000m   95.1335u 
    1.00000   105.9052u 
y
 vth0_value= 222.2258m
 u0_param=  50.6702m
 ags_param= 435.8277m
 
   *** monte carlo  index = 930 ***
x

 volt         param     
             i_d_0.7    
    0.         71.4166p 
   50.00000m  366.8668p 
  100.00000m    1.8433n 
  150.00000m    8.7711n 
  200.00000m   38.1101n 
  250.00000m  147.2368n 
  300.00000m  498.8704n 
  350.00000m    1.4298u 
  400.00000m    3.3433u 
  450.00000m    6.4515u 
  500.00000m   10.7230u 
  550.00000m   16.0221u 
  600.00000m   22.2114u 
  650.00000m   29.1772u 
  700.00000m   36.8243u 
  750.00000m   45.0678u 
  800.00000m   53.8281u 
  850.00000m   63.0270u 
  900.00000m   72.5856u 
  950.00000m   82.4202u 
    1.00000    92.4371u 
y
 vth0_value= 256.4371m
 u0_param=  48.6032m
 ags_param= 420.4322m
 
   *** monte carlo  index = 931 ***
x

 volt         param     
             i_d_0.7    
    0.        107.4806p 
   50.00000m  550.9576p 
  100.00000m    2.7419n 
  150.00000m   12.8160n 
  200.00000m   54.2709n 
  250.00000m  203.6675n 
  300.00000m  666.5729n 
  350.00000m    1.8254u 
  400.00000m    4.0707u 
  450.00000m    7.5560u 
  500.00000m   12.2101u 
  550.00000m   17.8873u 
  600.00000m   24.4516u 
  650.00000m   31.7913u 
  700.00000m   39.8114u 
  750.00000m   48.4263u 
  800.00000m   57.5546u 
  850.00000m   67.1161u 
  900.00000m   77.0288u 
  950.00000m   87.2053u 
    1.00000    97.5466u 
y
 vth0_value= 244.8209m
 u0_param=  49.6712m
 ags_param= 424.7153m
 
   *** monte carlo  index = 932 ***
x

 volt         param     
             i_d_0.7    
    0.        114.3106p 
   50.00000m  585.7807p 
  100.00000m    2.9115n 
  150.00000m   13.5777n 
  200.00000m   57.3127n 
  250.00000m  214.3109n 
  300.00000m  698.2953n 
  350.00000m    1.9013u 
  400.00000m    4.2154u 
  450.00000m    7.7880u 
  500.00000m   12.5423u 
  550.00000m   18.3295u 
  600.00000m   25.0120u 
  650.00000m   32.4767u 
  700.00000m   40.6276u 
  750.00000m   49.3780u 
  800.00000m   58.6454u 
  850.00000m   68.3485u 
  900.00000m   78.4043u 
  950.00000m   88.7243u 
    1.00000    99.2082u 
y
 vth0_value= 243.4228m
 u0_param=  50.3832m
 ags_param= 420.0067m
 
   *** monte carlo  index = 933 ***
x

 volt         param     
             i_d_0.7    
    0.         75.6018p 
   50.00000m  388.4675p 
  100.00000m    1.9510n 
  150.00000m    9.2758n 
  200.00000m   40.2493n 
  250.00000m  155.2499n 
  300.00000m  524.9628n 
  350.00000m    1.5005u 
  400.00000m    3.4983u 
  450.00000m    6.7335u 
  500.00000m   11.1697u 
  550.00000m   16.6648u 
  600.00000m   23.0759u 
  650.00000m   30.2850u 
  700.00000m   38.1935u 
  750.00000m   46.7137u 
  800.00000m   55.7630u 
  850.00000m   65.2611u 
  900.00000m   75.1266u 
  950.00000m   85.2738u 
    1.00000    95.6069u 
y
 vth0_value= 255.8382m
 u0_param=  50.3279m
 ags_param= 419.6232m
 
   *** monte carlo  index = 934 ***
x

 volt         param     
             i_d_0.7    
    0.         18.4513p 
   50.00000m   93.3885p 
  100.00000m  478.8244p 
  150.00000m    2.3871n 
  200.00000m   11.1941n 
  250.00000m   47.6221n 
  300.00000m  179.6323n 
  350.00000m  591.5063n 
  400.00000m    1.6324u 
  450.00000m    3.6680u 
  500.00000m    6.8485u 
  550.00000m   11.1111u 
  600.00000m   16.3194u 
  650.00000m   22.3456u 
  700.00000m   29.0848u 
  750.00000m   36.4486u 
  800.00000m   44.3577u 
  850.00000m   52.7371u 
  900.00000m   61.5130u 
  950.00000m   70.6099u 
    1.00000    79.9473u 
y
 vth0_value= 296.8619m
 u0_param=  47.4569m
 ags_param= 406.0561m
 
   *** monte carlo  index = 935 ***
x

 volt         param     
             i_d_0.7    
    0.        164.5602p 
   50.00000m  839.7826p 
  100.00000m    4.1282n 
  150.00000m   18.8866n 
  200.00000m   77.6978n 
  250.00000m  282.4460n 
  300.00000m  888.2787n 
  350.00000m    2.3127u 
  400.00000m    4.9097u 
  450.00000m    8.7675u 
  500.00000m   13.7820u 
  550.00000m   19.8033u 
  600.00000m   26.6997u 
  650.00000m   34.3625u 
  700.00000m   42.6983u 
  750.00000m   51.6211u 
  800.00000m   61.0485u 
  850.00000m   70.8986u 
  900.00000m   81.0871u 
  950.00000m   91.5226u 
    1.00000   102.1009u 
y
 vth0_value= 232.3472m
 u0_param=  50.2252m
 ags_param= 424.3802m
 
   *** monte carlo  index = 936 ***
x

 volt         param     
             i_d_0.7    
    0.         64.2920p 
   50.00000m  330.4623p 
  100.00000m    1.6654n 
  150.00000m    7.9700n 
  200.00000m   34.9276n 
  250.00000m  136.2793n 
  300.00000m  466.9741n 
  350.00000m    1.3585u 
  400.00000m    3.2285u 
  450.00000m    6.3154u 
  500.00000m   10.6008u 
  550.00000m   15.9478u 
  600.00000m   22.2130u 
  650.00000m   29.2776u 
  700.00000m   37.0424u 
  750.00000m   45.4198u 
  800.00000m   54.3280u 
  850.00000m   63.6873u 
  900.00000m   73.4174u 
  950.00000m   83.4340u 
    1.00000    93.6433u 
y
 vth0_value= 260.4787m
 u0_param=  49.9455m
 ags_param= 413.7921m
 
   *** monte carlo  index = 937 ***
x

 volt         param     
             i_d_0.7    
    0.        187.5680p 
   50.00000m  955.7178p 
  100.00000m    4.6805n 
  150.00000m   21.2774n 
  200.00000m   86.8163n 
  250.00000m  312.7443n 
  300.00000m  972.1008n 
  350.00000m    2.4948u 
  400.00000m    5.2255u 
  450.00000m    9.2350u 
  500.00000m   14.4097u 
  550.00000m   20.5973u 
  600.00000m   27.6650u 
  650.00000m   35.5038u 
  700.00000m   44.0192u 
  750.00000m   53.1242u 
  800.00000m   62.7352u 
  850.00000m   72.7690u 
  900.00000m   83.1397u 
  950.00000m   93.7545u 
    1.00000   104.5070u 
y
 vth0_value= 228.8934m
 u0_param=  50.9966m
 ags_param= 414.3038m
 
   *** monte carlo  index = 938 ***
x

 volt         param     
             i_d_0.7    
    0.        151.3198p 
   50.00000m  772.7376p 
  100.00000m    3.8058n 
  150.00000m   17.4685n 
  200.00000m   72.1735n 
  250.00000m  263.6213n 
  300.00000m  834.2008n 
  350.00000m    2.1886u 
  400.00000m    4.6802u 
  450.00000m    8.4053u 
  500.00000m   13.2669u 
  550.00000m   19.1191u 
  600.00000m   25.8326u 
  650.00000m   33.3007u 
  700.00000m   41.4318u 
  750.00000m   50.1417u 
  800.00000m   59.3497u 
  850.00000m   68.9756u 
  900.00000m   78.9367u 
  950.00000m   89.1437u 
    1.00000    99.4943u 
y
 vth0_value= 234.1528m
 u0_param=  49.1120m
 ags_param= 411.2047m
 
   *** monte carlo  index = 939 ***
x

 volt         param     
             i_d_0.7    
    0.         70.8424p 
   50.00000m  364.0108p 
  100.00000m    1.8301n 
  150.00000m    8.7186n 
  200.00000m   37.9474n 
  250.00000m  146.8925n 
  300.00000m  498.7899n 
  350.00000m    1.4337u 
  400.00000m    3.3627u 
  450.00000m    6.5054u 
  500.00000m   10.8319u 
  550.00000m   16.2042u 
  600.00000m   22.4816u 
  650.00000m   29.5478u 
  700.00000m   37.3055u 
  750.00000m   45.6684u 
  800.00000m   54.5553u 
  850.00000m   63.8871u 
  900.00000m   73.5836u 
  950.00000m   83.5604u 
    1.00000    93.7233u 
y
 vth0_value= 257.2495m
 u0_param=  49.4738m
 ags_param= 415.9294m
 
   *** monte carlo  index = 940 ***
x

 volt         param     
             i_d_0.7    
    0.         73.9780p 
   50.00000m  380.0783p 
  100.00000m    1.9091n 
  150.00000m    9.0786n 
  200.00000m   39.4091n 
  250.00000m  152.0823n 
  300.00000m  514.5700n 
  350.00000m    1.4721u 
  400.00000m    3.4351u 
  450.00000m    6.6171u 
  500.00000m   10.9837u 
  550.00000m   16.3954u 
  600.00000m   22.7118u 
  650.00000m   29.8169u 
  700.00000m   37.6135u 
  750.00000m   46.0153u 
  800.00000m   54.9409u 
  850.00000m   64.3109u 
  900.00000m   74.0450u 
  950.00000m   84.0583u 
    1.00000    94.2559u 
y
 vth0_value= 256.0078m
 u0_param=  49.5722m
 ags_param= 424.3360m
 
   *** monte carlo  index = 941 ***
x

 volt         param     
             i_d_0.7    
    0.        148.2965p 
   50.00000m  757.8708p 
  100.00000m    3.7386n 
  150.00000m   17.2059n 
  200.00000m   71.3383n 
  250.00000m  261.5489n 
  300.00000m  831.5208n 
  350.00000m    2.1944u 
  400.00000m    4.7184u 
  450.00000m    8.5097u 
  500.00000m   13.4707u 
  550.00000m   19.4507u 
  600.00000m   26.3153u 
  650.00000m   33.9541u 
  700.00000m   42.2723u 
  750.00000m   51.1834u 
  800.00000m   60.6046u 
  850.00000m   70.4538u 
  900.00000m   80.6469u 
  950.00000m   91.0930u 
    1.00000   101.6891u 
y
 vth0_value= 235.6740m
 u0_param=  50.5247m
 ags_param= 422.4388m
 
   *** monte carlo  index = 942 ***
x

 volt         param     
             i_d_0.7    
    0.         93.6229p 
   50.00000m  480.3013p 
  100.00000m    2.3977n 
  150.00000m   11.2717n 
  200.00000m   48.1191n 
  250.00000m  182.2258n 
  300.00000m  603.0112n 
  350.00000m    1.6753u 
  400.00000m    3.7910u 
  450.00000m    7.1207u 
  500.00000m   11.6059u 
  550.00000m   17.1055u 
  600.00000m   23.4845u 
  650.00000m   30.6322u 
  700.00000m   38.4545u 
  750.00000m   46.8673u 
  800.00000m   55.7903u 
  850.00000m   65.1448u 
  900.00000m   74.8506u 
  950.00000m   84.8220u 
    1.00000    94.9623u 
y
 vth0_value= 248.4016m
 u0_param=  48.7880m
 ags_param= 421.5449m
 
   *** monte carlo  index = 943 ***
x

 volt         param     
             i_d_0.7    
    0.         55.2630p 
   50.00000m  284.0038p 
  100.00000m    1.4351n 
  150.00000m    6.9057n 
  200.00000m   30.5190n 
  250.00000m  120.2684n 
  300.00000m  416.8211n 
  350.00000m    1.2311u 
  400.00000m    2.9755u 
  450.00000m    5.9055u 
  500.00000m   10.0199u 
  550.00000m   15.1887u 
  600.00000m   21.2701u 
  650.00000m   28.1457u 
  700.00000m   35.7170u 
  750.00000m   43.8977u 
  800.00000m   52.6069u 
  850.00000m   61.7665u 
  900.00000m   71.2975u 
  950.00000m   81.1173u 
    1.00000    91.1344u 
y
 vth0_value= 264.5084m
 u0_param=  49.1139m
 ags_param= 421.6009m
 
   *** monte carlo  index = 944 ***
x

 volt         param     
             i_d_0.7    
    0.         31.7330p 
   50.00000m  162.4726p 
  100.00000m  828.4903p 
  150.00000m    4.0664n 
  200.00000m   18.5562n 
  250.00000m   76.0838n 
  300.00000m  275.5471n 
  350.00000m  862.2805n 
  400.00000m    2.2308u 
  450.00000m    4.7066u 
  500.00000m    8.3623u 
  550.00000m   13.0946u 
  600.00000m   18.7609u 
  650.00000m   25.2369u 
  700.00000m   32.4208u 
  750.00000m   40.2250u 
  800.00000m   48.5691u 
  850.00000m   57.3762u 
  900.00000m   66.5699u 
  950.00000m   76.0711u 
    1.00000    85.7937u 
y
 vth0_value= 280.9448m
 u0_param=  48.5372m
 ags_param= 422.6178m
 
   *** monte carlo  index = 945 ***
x

 volt         param     
             i_d_0.7    
    0.         78.6448p 
   50.00000m  403.8817p 
  100.00000m    2.0251n 
  150.00000m    9.5980n 
  200.00000m   41.4597n 
  250.00000m  159.1067n 
  300.00000m  534.8695n 
  350.00000m    1.5171u 
  400.00000m    3.5081u 
  450.00000m    6.7071u 
  500.00000m   11.0728u 
  550.00000m   16.4662u 
  600.00000m   22.7501u 
  650.00000m   29.8111u 
  700.00000m   37.5538u 
  750.00000m   45.8932u 
  800.00000m   54.7489u 
  850.00000m   64.0425u 
  900.00000m   73.6942u 
  950.00000m   83.6193u 
    1.00000    93.7230u 
y
 vth0_value= 253.7394m
 u0_param=  48.9193m
 ags_param= 418.5371m
 
   *** monte carlo  index = 946 ***
x

 volt         param     
             i_d_0.7    
    0.         83.8421p 
   50.00000m  430.5149p 
  100.00000m    2.1561n 
  150.00000m   10.1959n 
  200.00000m   43.8971n 
  250.00000m  167.8240n 
  300.00000m  561.6382n 
  350.00000m    1.5836u 
  400.00000m    3.6388u 
  450.00000m    6.9206u 
  500.00000m   11.3813u 
  550.00000m   16.8790u 
  600.00000m   23.2747u 
  650.00000m   30.4538u 
  700.00000m   38.3203u 
  750.00000m   46.7878u 
  800.00000m   55.7752u 
  850.00000m   65.2028u 
  900.00000m   74.9900u 
  950.00000m   85.0509u 
    1.00000    95.2896u 
y
 vth0_value= 252.2384m
 u0_param=  49.5747m
 ags_param= 418.2254m
 
   *** monte carlo  index = 947 ***
x

 volt         param     
             i_d_0.7    
    0.         52.2967p 
   50.00000m  268.7952p 
  100.00000m    1.3603n 
  150.00000m    6.5655n 
  200.00000m   29.1510n 
  250.00000m  115.5137n 
  300.00000m  402.8084n 
  350.00000m    1.1994u 
  400.00000m    2.9257u 
  450.00000m    5.8529u 
  500.00000m    9.9886u 
  550.00000m   15.2023u 
  600.00000m   21.3482u 
  650.00000m   28.3041u 
  700.00000m   35.9691u 
  750.00000m   44.2546u 
  800.00000m   53.0784u 
  850.00000m   62.3609u 
  900.00000m   72.0222u 
  950.00000m   81.9792u 
    1.00000    92.1397u 
y
 vth0_value= 266.7972m
 u0_param=  50.0788m
 ags_param= 417.7874m
 
   *** monte carlo  index = 948 ***
x

 volt         param     
             i_d_0.7    
    0.         47.4680p 
   50.00000m  243.8540p 
  100.00000m    1.2358n 
  150.00000m    5.9819n 
  200.00000m   26.6837n 
  250.00000m  106.3376n 
  300.00000m  373.1946n 
  350.00000m    1.1208u 
  400.00000m    2.7608u 
  450.00000m    5.5711u 
  500.00000m    9.5699u 
  550.00000m   14.6329u 
  600.00000m   20.6173u 
  650.00000m   27.4024u 
  700.00000m   34.8888u 
  750.00000m   42.9894u 
  800.00000m   51.6235u 
  850.00000m   60.7129u 
  900.00000m   70.1793u 
  950.00000m   79.9409u 
    1.00000    89.9072u 
y
 vth0_value= 269.0987m
 u0_param=  49.1059m
 ags_param= 433.4646m
 
   *** monte carlo  index = 949 ***
x

 volt         param     
             i_d_0.7    
    0.         59.1090p 
   50.00000m  303.7439p 
  100.00000m    1.5324n 
  150.00000m    7.3509n 
  200.00000m   32.3301n 
  250.00000m  126.6825n 
  300.00000m  436.2460n 
  350.00000m    1.2776u 
  400.00000m    3.0586u 
  450.00000m    6.0209u 
  500.00000m   10.1546u 
  550.00000m   15.3286u 
  600.00000m   21.4036u 
  650.00000m   28.2631u 
  700.00000m   35.8106u 
  750.00000m   43.9605u 
  800.00000m   52.6329u 
  850.00000m   61.7500u 
  900.00000m   71.2335u 
  950.00000m   81.0008u 
    1.00000    90.9601u 
y
 vth0_value= 262.1734m
 u0_param=  48.6503m
 ags_param= 417.0255m
 
   *** monte carlo  index = 950 ***
x

 volt         param     
             i_d_0.7    
    0.        118.4664p 
   50.00000m  606.6652p 
  100.00000m    3.0103n 
  150.00000m   13.9976n 
  200.00000m   58.8500n 
  250.00000m  219.1073n 
  300.00000m  710.1723n 
  350.00000m    1.9206u 
  400.00000m    4.2298u 
  450.00000m    7.7736u 
  500.00000m   12.4728u 
  550.00000m   18.1821u 
  600.00000m   24.7679u 
  650.00000m   32.1204u 
  700.00000m   40.1462u 
  750.00000m   48.7604u 
  800.00000m   57.8820u 
  850.00000m   67.4311u 
  900.00000m   77.3258u 
  950.00000m   87.4784u 
    1.00000    97.7892u 
y
 vth0_value= 241.6637m
 u0_param=  49.3224m
 ags_param= 419.1362m
 
   *** monte carlo  index = 951 ***
x

 volt         param     
             i_d_0.7    
    0.         69.5176p 
   50.00000m  357.2670p 
  100.00000m    1.7974n 
  150.00000m    8.5736n 
  200.00000m   37.3863n 
  250.00000m  145.0308n 
  300.00000m  493.6714n 
  350.00000m    1.4236u 
  400.00000m    3.3506u 
  450.00000m    6.5010u 
  500.00000m   10.8473u 
  550.00000m   16.2507u 
  600.00000m   22.5685u 
  650.00000m   29.6827u 
  700.00000m   37.4951u 
  750.00000m   45.9181u 
  800.00000m   54.8699u 
  850.00000m   64.2708u 
  900.00000m   74.0400u 
  950.00000m   84.0927u 
    1.00000    94.3344u 
y
 vth0_value= 258.1310m
 u0_param=  49.9588m
 ags_param= 421.9854m
 
   *** monte carlo  index = 952 ***
x

 volt         param     
             i_d_0.7    
    0.         95.6314p 
   50.00000m  490.7262p 
  100.00000m    2.4503n 
  150.00000m   11.5227n 
  200.00000m   49.2126n 
  250.00000m  186.4448n 
  300.00000m  617.2245n 
  350.00000m    1.7157u 
  400.00000m    3.8842u 
  450.00000m    7.2983u 
  500.00000m   11.8971u 
  550.00000m   17.5351u 
  600.00000m   24.0729u 
  650.00000m   31.3964u 
  700.00000m   39.4089u 
  750.00000m   48.0237u 
  800.00000m   57.1589u 
  850.00000m   66.7337u 
  900.00000m   76.6663u 
  950.00000m   86.8697u 
    1.00000    97.2457u 
y
 vth0_value= 248.6176m
 u0_param=  50.1054m
 ags_param= 421.1270m
 
   *** monte carlo  index = 953 ***
x

 volt         param     
             i_d_0.7    
    0.         70.8702p 
   50.00000m  364.2107p 
  100.00000m    1.8317n 
  150.00000m    8.7307n 
  200.00000m   38.0306n 
  250.00000m  147.3459n 
  300.00000m  500.8236n 
  350.00000m    1.4414u 
  400.00000m    3.3855u 
  450.00000m    6.5570u 
  500.00000m   10.9267u 
  550.00000m   16.3545u 
  600.00000m   22.6979u 
  650.00000m   29.8388u 
  700.00000m   37.6785u 
  750.00000m   46.1296u 
  800.00000m   55.1100u 
  850.00000m   64.5396u 
  900.00000m   74.3378u 
  950.00000m   84.4193u 
    1.00000    94.6891u 
y
 vth0_value= 257.6280m
 u0_param=  50.0806m
 ags_param= 424.0092m
 
   *** monte carlo  index = 954 ***
x

 volt         param     
             i_d_0.7    
    0.        115.8780p 
   50.00000m  593.5626p 
  100.00000m    2.9474n 
  150.00000m   13.7223n 
  200.00000m   57.7923n 
  250.00000m  215.5776n 
  300.00000m  700.3633n 
  350.00000m    1.8998u 
  400.00000m    4.1963u 
  450.00000m    7.7302u 
  500.00000m   12.4240u 
  550.00000m   18.1320u 
  600.00000m   24.7199u 
  650.00000m   32.0774u 
  700.00000m   40.1105u 
  750.00000m   48.7341u 
  800.00000m   57.8670u 
  850.00000m   67.4291u 
  900.00000m   77.3386u 
  950.00000m   87.5076u 
    1.00000    97.8365u 
y
 vth0_value= 242.4192m
 u0_param=  49.4610m
 ags_param= 422.5034m
 
   *** monte carlo  index = 955 ***
x

 volt         param     
             i_d_0.7    
    0.        114.6669p 
   50.00000m  587.6070p 
  100.00000m    2.9205n 
  150.00000m   13.6188n 
  200.00000m   57.4814n 
  250.00000m  214.9198n 
  300.00000m  700.1832n 
  350.00000m    1.9061u 
  400.00000m    4.2252u 
  450.00000m    7.8049u 
  500.00000m   12.5678u 
  550.00000m   18.3648u 
  600.00000m   25.0579u 
  650.00000m   32.5338u 
  700.00000m   40.6964u 
  750.00000m   49.4586u 
  800.00000m   58.7379u 
  850.00000m   68.4529u 
  900.00000m   78.5206u 
  950.00000m   88.8524u 
    1.00000    99.3482u 
y
 vth0_value= 243.3879m
 u0_param=  50.4755m
 ags_param= 405.3199m
 
   *** monte carlo  index = 956 ***
x

 volt         param     
             i_d_0.7    
    0.         75.1452p 
   50.00000m  386.0571p 
  100.00000m    1.9385n 
  150.00000m    9.2124n 
  200.00000m   39.9515n 
  250.00000m  154.0058n 
  300.00000m  520.4115n 
  350.00000m    1.4862u 
  400.00000m    3.4619u 
  450.00000m    6.6587u 
  500.00000m   11.0405u 
  550.00000m   16.4675u 
  600.00000m   22.7994u 
  650.00000m   29.9202u 
  700.00000m   37.7328u 
  750.00000m   46.1507u 
  800.00000m   55.0926u 
  850.00000m   64.4789u 
  900.00000m   74.2293u 
  950.00000m   84.2586u 
    1.00000    94.4716u 
y
 vth0_value= 255.5646m
 u0_param=  49.6164m
 ags_param= 431.4207m
 
   *** monte carlo  index = 957 ***
x

 volt         param     
             i_d_0.7    
    0.         43.9391p 
   50.00000m  225.6077p 
  100.00000m    1.1445n 
  150.00000m    5.5525n 
  200.00000m   24.8583n 
  250.00000m   99.5054n 
  300.00000m  350.9693n 
  350.00000m    1.0610u 
  400.00000m    2.6339u 
  450.00000m    5.3515u 
  500.00000m    9.2404u 
  550.00000m   14.1809u 
  600.00000m   20.0324u 
  650.00000m   26.6757u 
  700.00000m   34.0124u 
  750.00000m   41.9566u 
  800.00000m   50.4287u 
  850.00000m   59.3519u 
  900.00000m   68.6490u 
  950.00000m   78.2398u 
    1.00000    88.0355u 
y
 vth0_value= 270.9192m
 u0_param=  48.3180m
 ags_param= 406.2468m
 
   *** monte carlo  index = 958 ***
x

 volt         param     
             i_d_0.7    
    0.         64.7030p 
   50.00000m  332.5175p 
  100.00000m    1.6749n 
  150.00000m    8.0090n 
  200.00000m   35.0541n 
  250.00000m  136.5737n 
  300.00000m  467.2290n 
  350.00000m    1.3564u 
  400.00000m    3.2160u 
  450.00000m    6.2787u 
  500.00000m   10.5248u 
  550.00000m   15.8191u 
  600.00000m   22.0206u 
  650.00000m   29.0124u 
  700.00000m   36.6971u 
  750.00000m   44.9881u 
  800.00000m   53.8048u 
  850.00000m   63.0682u 
  900.00000m   72.6988u 
  950.00000m   82.6129u 
    1.00000    92.7170u 
y
 vth0_value= 259.8671m
 u0_param=  49.2955m
 ags_param= 425.0672m
 
   *** monte carlo  index = 959 ***
x

 volt         param     
             i_d_0.7    
    0.         57.5221p 
   50.00000m  295.6298p 
  100.00000m    1.4927n 
  150.00000m    7.1721n 
  200.00000m   31.6221n 
  250.00000m  124.2680n 
  300.00000m  429.3220n 
  350.00000m    1.2627u 
  400.00000m    3.0375u 
  450.00000m    6.0038u 
  500.00000m   10.1559u 
  550.00000m   15.3621u 
  600.00000m   21.4805u 
  650.00000m   28.3928u 
  700.00000m   36.0008u 
  750.00000m   44.2179u 
  800.00000m   52.9632u 
  850.00000m   62.1582u 
  900.00000m   71.7238u 
  950.00000m   81.5771u 
    1.00000    91.6260u 
y
 vth0_value= 263.3716m
 u0_param=  49.2259m
 ags_param= 417.8887m
 
   *** monte carlo  index = 960 ***
x

 volt         param     
             i_d_0.7    
    0.         47.9907p 
   50.00000m  246.5404p 
  100.00000m    1.2490n 
  150.00000m    6.0427n 
  200.00000m   26.9313n 
  250.00000m  107.2097n 
  300.00000m  375.8114n 
  350.00000m    1.1269u 
  400.00000m    2.7709u 
  450.00000m    5.5825u 
  500.00000m    9.5782u 
  550.00000m   14.6336u 
  600.00000m   20.6064u 
  650.00000m   27.3767u 
  700.00000m   34.8455u 
  750.00000m   42.9262u 
  800.00000m   51.5381u 
  850.00000m   60.6035u 
  900.00000m   70.0441u 
  950.00000m   79.7784u 
    1.00000    89.7161u 
y
 vth0_value= 268.6556m
 u0_param=  48.9347m
 ags_param= 423.6335m
 
   *** monte carlo  index = 961 ***
x

 volt         param     
             i_d_0.7    
    0.         70.4002p 
   50.00000m  361.5824p 
  100.00000m    1.8165n 
  150.00000m    8.6426n 
  200.00000m   37.5446n 
  250.00000m  145.0258n 
  300.00000m  491.3055n 
  350.00000m    1.4079u 
  400.00000m    3.2914u 
  450.00000m    6.3507u 
  500.00000m   10.5552u 
  550.00000m   15.7718u 
  600.00000m   21.8660u 
  650.00000m   28.7259u 
  700.00000m   36.2582u 
  750.00000m   44.3794u 
  800.00000m   53.0110u 
  850.00000m   62.0761u 
  900.00000m   71.4967u 
  950.00000m   81.1902u 
    1.00000    91.0636u 
y
 vth0_value= 256.3382m
 u0_param=  47.8055m
 ags_param= 420.1401m
 
   *** monte carlo  index = 962 ***
x

 volt         param     
             i_d_0.7    
    0.        106.9853p 
   50.00000m  548.3707p 
  100.00000m    2.7287n 
  150.00000m   12.7518n 
  200.00000m   53.9848n 
  250.00000m  202.5395n 
  300.00000m  662.6814n 
  350.00000m    1.8141u 
  400.00000m    4.0438u 
  450.00000m    7.5040u 
  500.00000m   12.1240u 
  550.00000m   17.7594u 
  600.00000m   24.2755u 
  650.00000m   31.5616u 
  700.00000m   39.5237u 
  750.00000m   48.0768u 
  800.00000m   57.1401u 
  850.00000m   66.6338u 
  900.00000m   76.4767u 
  950.00000m   86.5818u 
    1.00000    96.8503u 
y
 vth0_value= 244.6989m
 u0_param=  49.2692m
 ags_param= 421.3818m
 
   *** monte carlo  index = 963 ***
x

 volt         param     
             i_d_0.7    
    0.        147.2823p 
   50.00000m  752.7766p 
  100.00000m    3.7145n 
  150.00000m   17.1031n 
  200.00000m   70.9566n 
  250.00000m  260.3266n 
  300.00000m  828.3419n 
  350.00000m    2.1883u 
  400.00000m    4.7102u 
  450.00000m    8.5016u 
  500.00000m   13.4654u 
  550.00000m   19.4504u 
  600.00000m   26.3219u 
  650.00000m   33.9690u 
  700.00000m   42.2968u 
  750.00000m   51.2187u 
  800.00000m   60.6515u 
  850.00000m   70.5132u 
  900.00000m   80.7194u 
  950.00000m   91.1795u 
    1.00000   101.7902u 
y
 vth0_value= 235.9441m
 u0_param=  50.6243m
 ags_param= 421.1231m
 
   *** monte carlo  index = 964 ***
x

 volt         param     
             i_d_0.7    
    0.         85.1228p 
   50.00000m  437.0627p 
  100.00000m    2.1881n 
  150.00000m   10.3410n 
  200.00000m   44.4813n 
  250.00000m  169.8813n 
  300.00000m  567.8235n 
  350.00000m    1.5984u 
  400.00000m    3.6666u 
  450.00000m    6.9638u 
  500.00000m   11.4406u 
  550.00000m   16.9546u 
  600.00000m   23.3669u 
  650.00000m   30.5630u 
  700.00000m   38.4465u 
  750.00000m   46.9312u 
  800.00000m   55.9358u 
  850.00000m   65.3806u 
  900.00000m   75.1847u 
  950.00000m   85.2622u 
    1.00000    95.5169u 
y
 vth0_value= 251.8242m
 u0_param=  49.6403m
 ags_param= 416.7780m
 
   *** monte carlo  index = 965 ***
x

 volt         param     
             i_d_0.7    
    0.         87.2159p 
   50.00000m  447.7049p 
  100.00000m    2.2397n 
  150.00000m   10.5692n 
  200.00000m   45.3686n 
  250.00000m  172.8669n 
  300.00000m  576.2246n 
  350.00000m    1.6162u 
  400.00000m    3.6936u 
  450.00000m    6.9937u 
  500.00000m   11.4647u 
  550.00000m   16.9648u 
  600.00000m   23.3565u 
  650.00000m   30.5266u 
  700.00000m   38.3796u 
  750.00000m   46.8301u 
  800.00000m   55.7971u 
  850.00000m   65.2013u 
  900.00000m   74.9622u 
  950.00000m   84.9941u 
    1.00000    95.2006u 
y
 vth0_value= 250.8775m
 u0_param=  49.3087m
 ags_param= 419.6800m
 
   *** monte carlo  index = 966 ***
x

 volt         param     
             i_d_0.7    
    0.         79.0420p 
   50.00000m  406.0111p 
  100.00000m    2.0365n 
  150.00000m    9.6581n 
  200.00000m   41.7565n 
  250.00000m  160.4009n 
  300.00000m  539.7942n 
  350.00000m    1.5332u 
  400.00000m    3.5505u 
  450.00000m    6.7958u 
  500.00000m   11.2278u 
  550.00000m   16.7046u 
  600.00000m   23.0858u 
  650.00000m   30.2555u 
  700.00000m   38.1165u 
  750.00000m   46.5821u 
  800.00000m   55.5707u 
  850.00000m   65.0025u 
  900.00000m   74.7968u 
  950.00000m   84.8680u 
    1.00000    95.1207u 
y
 vth0_value= 254.1601m
 u0_param=  49.8006m
 ags_param= 404.4059m
 
   *** monte carlo  index = 967 ***
x

 volt         param     
             i_d_0.7    
    0.         67.9572p 
   50.00000m  349.1760p 
  100.00000m    1.7567n 
  150.00000m    8.3796n 
  200.00000m   36.5437n 
  250.00000m  141.7834n 
  300.00000m  482.7366n 
  350.00000m    1.3925u 
  400.00000m    3.2789u 
  450.00000m    6.3642u 
  500.00000m   10.6227u 
  550.00000m   15.9189u 
  600.00000m   22.1137u 
  650.00000m   29.0915u 
  700.00000m   36.7562u 
  750.00000m   45.0221u 
  800.00000m   53.8089u 
  850.00000m   63.0381u 
  900.00000m   72.6306u 
  950.00000m   82.5027u 
    1.00000    92.5610u 
y
 vth0_value= 258.1609m
 u0_param=  48.9482m
 ags_param= 416.2324m
 
   *** monte carlo  index = 968 ***
x

 volt         param     
             i_d_0.7    
    0.         74.6782p 
   50.00000m  383.7017p 
  100.00000m    1.9273n 
  150.00000m    9.1645n 
  200.00000m   39.7785n 
  250.00000m  153.4888n 
  300.00000m  519.2416n 
  350.00000m    1.4851u 
  400.00000m    3.4646u 
  450.00000m    6.6724u 
  500.00000m   11.0735u 
  550.00000m   16.5269u 
  600.00000m   22.8911u 
  650.00000m   30.0491u 
  700.00000m   37.9030u 
  750.00000m   46.3657u 
  800.00000m   55.3552u 
  850.00000m   64.7918u 
  900.00000m   74.5944u 
  950.00000m   84.6778u 
    1.00000    94.9465u 
y
 vth0_value= 255.9703m
 u0_param=  49.9549m
 ags_param= 430.3893m
 
   *** monte carlo  index = 969 ***
x

 volt         param     
             i_d_0.7    
    0.         71.8231p 
   50.00000m  369.0464p 
  100.00000m    1.8550n 
  150.00000m    8.8327n 
  200.00000m   38.4167n 
  250.00000m  148.5852n 
  300.00000m  504.0471n 
  350.00000m    1.4469u 
  400.00000m    3.3890u 
  450.00000m    6.5486u 
  500.00000m   10.8946u 
  550.00000m   16.2882u 
  600.00000m   22.5885u 
  650.00000m   29.6790u 
  700.00000m   37.4623u 
  750.00000m   45.8519u 
  800.00000m   54.7665u 
  850.00000m   64.1265u 
  900.00000m   73.8519u 
  950.00000m   83.8578u 
    1.00000    94.0496u 
y
 vth0_value= 256.9149m
 u0_param=  49.5972m
 ags_param= 424.6319m
 
   *** monte carlo  index = 970 ***
x

 volt         param     
             i_d_0.7    
    0.         83.9835p 
   50.00000m  431.1975p 
  100.00000m    2.1590n 
  150.00000m   10.2058n 
  200.00000m   43.9153n 
  250.00000m  167.7899n 
  300.00000m  561.1299n 
  350.00000m    1.5807u 
  400.00000m    3.6287u 
  450.00000m    6.8961u 
  500.00000m   11.3351u 
  550.00000m   16.8046u 
  600.00000m   23.1669u 
  650.00000m   30.3083u 
  700.00000m   38.1335u 
  750.00000m   46.5568u 
  800.00000m   55.4976u 
  850.00000m   64.8765u 
  900.00000m   74.6132u 
  950.00000m   84.6223u 
    1.00000    94.8079u 
y
 vth0_value= 251.9791m
 u0_param=  49.2535m
 ags_param= 423.7610m
 
   *** monte carlo  index = 971 ***
x

 volt         param     
             i_d_0.7    
    0.        126.6321p 
   50.00000m  648.0791p 
  100.00000m    3.2099n 
  150.00000m   14.8780n 
  200.00000m   62.2774n 
  250.00000m  230.7467n 
  300.00000m  743.4091n 
  350.00000m    1.9951u 
  400.00000m    4.3606u 
  450.00000m    7.9660u 
  500.00000m   12.7269u 
  550.00000m   18.4967u 
  600.00000m   25.1425u 
  650.00000m   32.5548u 
  700.00000m   40.6401u 
  750.00000m   49.3135u 
  800.00000m   58.4938u 
  850.00000m   68.1006u 
  900.00000m   78.0516u 
  950.00000m   88.2583u 
    1.00000    98.6201u 
y
 vth0_value= 239.7572m
 u0_param=  49.4775m
 ags_param= 424.7921m
 
   *** monte carlo  index = 972 ***
x

 volt         param     
             i_d_0.7    
    0.        102.5774p 
   50.00000m  525.7676p 
  100.00000m    2.6173n 
  150.00000m   12.2415n 
  200.00000m   51.8857n 
  250.00000m  194.9333n 
  300.00000m  638.9188n 
  350.00000m    1.7531u 
  400.00000m    3.9170u 
  450.00000m    7.2827u 
  500.00000m   11.7836u 
  550.00000m   17.2797u 
  600.00000m   23.6396u 
  650.00000m   30.7551u 
  700.00000m   38.5346u 
  750.00000m   46.8949u 
  800.00000m   55.7570u 
  850.00000m   65.0430u 
  900.00000m   74.6729u 
  950.00000m   84.5614u 
    1.00000    94.6113u 
y
 vth0_value= 245.2040m
 u0_param=  48.1154m
 ags_param= 413.6951m
 
   *** monte carlo  index = 973 ***
x

 volt         param     
             i_d_0.7    
    0.        126.4803p 
   50.00000m  647.3053p 
  100.00000m    3.2062n 
  150.00000m   14.8611n 
  200.00000m   62.2093n 
  250.00000m  230.5054n 
  300.00000m  742.6729n 
  350.00000m    1.9933u 
  400.00000m    4.3568u 
  450.00000m    7.9594u 
  500.00000m   12.7166u 
  550.00000m   18.4819u 
  600.00000m   25.1222u 
  650.00000m   32.5281u 
  700.00000m   40.6063u 
  750.00000m   49.2717u 
  800.00000m   58.4432u 
  850.00000m   68.0405u 
  900.00000m   77.9814u 
  950.00000m   88.1776u 
    1.00000    98.5288u 
y
 vth0_value= 239.7777m
 u0_param=  49.4535m
 ags_param= 407.4139m
 
   *** monte carlo  index = 974 ***
x

 volt         param     
             i_d_0.7    
    0.        110.3436p 
   50.00000m  565.5446p 
  100.00000m    2.8128n 
  150.00000m   13.1337n 
  200.00000m   55.5343n 
  250.00000m  208.0645n 
  300.00000m  679.5761n 
  350.00000m    1.8561u 
  400.00000m    4.1281u 
  450.00000m    7.6460u 
  500.00000m   12.3363u 
  550.00000m   18.0521u 
  600.00000m   24.6570u 
  650.00000m   32.0389u 
  700.00000m   40.1026u 
  750.00000m   48.7620u 
  800.00000m   57.9355u 
  850.00000m   67.5425u 
  900.00000m   77.5007u 
  950.00000m   87.7223u 
    1.00000    98.1081u 
y
 vth0_value= 244.1735m
 u0_param=  49.8947m
 ags_param= 415.5132m
 
   *** monte carlo  index = 975 ***
x

 volt         param     
             i_d_0.7    
    0.        161.5407p 
   50.00000m  824.4774p 
  100.00000m    4.0545n 
  150.00000m   18.5610n 
  200.00000m   76.4226n 
  250.00000m  278.0721n 
  300.00000m  875.5922n 
  350.00000m    2.2832u 
  400.00000m    4.8539u 
  450.00000m    8.6776u 
  500.00000m   13.6518u 
  550.00000m   19.6280u 
  600.00000m   26.4749u 
  650.00000m   34.0847u 
  700.00000m   42.3644u 
  750.00000m   51.2286u 
  800.00000m   60.5954u 
  850.00000m   70.3835u 
  900.00000m   80.5088u 
  950.00000m   90.8805u 
    1.00000   101.3950u 
y
 vth0_value= 232.6970m
 u0_param=  49.9016m
 ags_param= 421.6763m
 
   *** monte carlo  index = 976 ***
x

 volt         param     
             i_d_0.7    
    0.         34.3573p 
   50.00000m  176.0401p 
  100.00000m  896.2931p 
  150.00000m    4.3842n 
  200.00000m   19.8921n 
  250.00000m   80.9694n 
  300.00000m  290.9274n 
  350.00000m  901.1735n 
  400.00000m    2.3027u 
  450.00000m    4.8026u 
  500.00000m    8.4588u 
  550.00000m   13.1651u 
  600.00000m   18.7825u 
  650.00000m   25.1909u 
  700.00000m   32.2917u 
  750.00000m   39.9996u 
  800.00000m   48.2361u 
  850.00000m   56.9255u 
  900.00000m   65.9926u 
  950.00000m   75.3589u 
    1.00000    84.9388u 
y
 vth0_value= 277.8613m
 u0_param=  47.5371m
 ags_param= 417.8287m
 
   *** monte carlo  index = 977 ***
x

 volt         param     
             i_d_0.7    
    0.         73.5097p 
   50.00000m  377.6792p 
  100.00000m    1.8973n 
  150.00000m    9.0249n 
  200.00000m   39.1914n 
  250.00000m  151.3099n 
  300.00000m  512.2204n 
  350.00000m    1.4663u 
  400.00000m    3.4242u 
  450.00000m    6.6001u 
  500.00000m   10.9601u 
  550.00000m   16.3648u 
  600.00000m   22.6740u 
  650.00000m   29.7712u 
  700.00000m   37.5595u 
  750.00000m   45.9524u 
  800.00000m   54.8686u 
  850.00000m   64.2287u 
  900.00000m   73.9526u 
  950.00000m   83.9554u 
    1.00000    94.1426u 
y
 vth0_value= 256.1898m
 u0_param=  49.5577m
 ags_param= 407.7700m
 
   *** monte carlo  index = 978 ***
x

 volt         param     
             i_d_0.7    
    0.         71.3794p 
   50.00000m  366.7129p 
  100.00000m    1.8429n 
  150.00000m    8.7725n 
  200.00000m   38.1377n 
  250.00000m  147.4344n 
  300.00000m  499.8871n 
  350.00000m    1.4340u 
  400.00000m    3.3565u 
  450.00000m    6.4822u 
  500.00000m   10.7802u 
  550.00000m   16.1138u 
  600.00000m   22.3443u 
  650.00000m   29.3568u 
  700.00000m   37.0555u 
  750.00000m   45.3548u 
  800.00000m   54.1743u 
  850.00000m   63.4356u 
  900.00000m   73.0591u 
  950.00000m   82.9606u 
    1.00000    93.0462u 
y
 vth0_value= 256.6982m
 u0_param=  48.9766m
 ags_param= 432.6010m
 
   *** monte carlo  index = 979 ***
x

 volt         param     
             i_d_0.7    
    0.         33.6529p 
   50.00000m  172.4648p 
  100.00000m  879.1537p 
  150.00000m    4.3107n 
  200.00000m   19.6365n 
  250.00000m   80.3286n 
  300.00000m  290.1612n 
  350.00000m  904.8957n 
  400.00000m    2.3312u 
  450.00000m    4.8988u 
  500.00000m    8.6765u 
  550.00000m   13.5554u 
  600.00000m   19.3883u 
  650.00000m   26.0475u 
  700.00000m   33.4286u 
  750.00000m   41.4417u 
  800.00000m   50.0044u 
  850.00000m   59.0379u 
  900.00000m   68.4640u 
  950.00000m   78.2018u 
    1.00000    88.1635u 
y
 vth0_value= 280.0022m
 u0_param=  49.8394m
 ags_param= 419.8934m
 
   *** monte carlo  index = 980 ***
x

 volt         param     
             i_d_0.7    
    0.        155.0124p 
   50.00000m  791.5712p 
  100.00000m    3.8977n 
  150.00000m   17.8824n 
  200.00000m   73.8407n 
  250.00000m  269.5259n 
  300.00000m  852.1056n 
  350.00000m    2.2331u 
  400.00000m    4.7699u 
  450.00000m    8.5587u 
  500.00000m   13.4998u 
  550.00000m   19.4449u 
  600.00000m   26.2621u 
  650.00000m   33.8434u 
  700.00000m   42.0956u 
  750.00000m   50.9334u 
  800.00000m   60.2748u 
  850.00000m   70.0387u 
  900.00000m   80.1412u 
  950.00000m   90.4921u 
    1.00000   100.9879u 
y
 vth0_value= 233.9182m
 u0_param=  49.8675m
 ags_param= 423.5635m
 
   *** monte carlo  index = 981 ***
x

 volt         param     
             i_d_0.7    
    0.        191.2893p 
   50.00000m  973.5924p 
  100.00000m    4.7574n 
  150.00000m   21.5491n 
  200.00000m   87.5279n 
  250.00000m  313.7946n 
  300.00000m  969.4011n 
  350.00000m    2.4696u 
  400.00000m    5.1380u 
  450.00000m    9.0351u 
  500.00000m   14.0504u 
  550.00000m   20.0391u 
  600.00000m   26.8756u 
  650.00000m   34.4564u 
  700.00000m   42.6914u 
  750.00000m   51.4970u 
  800.00000m   60.7927u 
  850.00000m   70.4979u 
  900.00000m   80.5289u 
  950.00000m   90.7944u 
    1.00000   101.1892u 
y
 vth0_value= 226.9499m
 u0_param=  48.9052m
 ags_param= 430.2035m
 
   *** monte carlo  index = 982 ***
x

 volt         param     
             i_d_0.7    
    0.         57.0519p 
   50.00000m  293.2351p 
  100.00000m    1.4811n 
  150.00000m    7.1207n 
  200.00000m   31.4252n 
  250.00000m  123.6309n 
  300.00000m  427.6442n 
  350.00000m    1.2598u 
  400.00000m    3.0360u 
  450.00000m    6.0101u 
  500.00000m   10.1778u 
  550.00000m   15.4067u 
  600.00000m   21.5539u 
  650.00000m   28.4997u 
  700.00000m   36.1453u 
  750.00000m   44.4032u 
  800.00000m   53.1922u 
  850.00000m   62.4333u 
  900.00000m   72.0470u 
  950.00000m   81.9502u 
    1.00000    92.0505u 
y
 vth0_value= 263.8326m
 u0_param=  49.5550m
 ags_param= 412.3713m
 
   *** monte carlo  index = 983 ***
x

 volt         param     
             i_d_0.7    
    0.        134.9348p 
   50.00000m  690.2322p 
  100.00000m    3.4136n 
  150.00000m   15.7803n 
  200.00000m   65.8179n 
  250.00000m  242.8966n 
  300.00000m  778.6443n 
  350.00000m    2.0764u 
  400.00000m    4.5101u 
  450.00000m    8.1985u 
  500.00000m   13.0518u 
  550.00000m   18.9211u 
  600.00000m   25.6723u 
  650.00000m   33.1951u 
  700.00000m   41.3953u 
  750.00000m   50.1869u 
  800.00000m   59.4878u 
  850.00000m   69.2170u 
  900.00000m   79.2910u 
  950.00000m   89.6203u 
    1.00000   100.1032u 
y
 vth0_value= 238.2184m
 u0_param=  50.0560m
 ags_param= 421.9985m
 
   *** monte carlo  index = 984 ***
x

 volt         param     
             i_d_0.7    
    0.        142.5590p 
   50.00000m  728.9195p 
  100.00000m    3.6004n 
  150.00000m   16.6064n 
  200.00000m   69.0552n 
  250.00000m  253.9924n 
  300.00000m  810.7701n 
  350.00000m    2.1505u 
  400.00000m    4.6468u 
  450.00000m    8.4123u 
  500.00000m   13.3525u 
  550.00000m   19.3163u 
  600.00000m   26.1683u 
  650.00000m   33.7973u 
  700.00000m   42.1083u 
  750.00000m   51.0143u 
  800.00000m   60.4324u 
  850.00000m   70.2806u 
  900.00000m   80.4747u 
  950.00000m   90.9241u 
    1.00000   101.5261u 
y
 vth0_value= 236.9329m
 u0_param=  50.6354m
 ags_param= 421.4446m
 
   *** monte carlo  index = 985 ***
x

 volt         param     
             i_d_0.7    
    0.         99.7112p 
   50.00000m  511.5086p 
  100.00000m    2.5513n 
  150.00000m   11.9743n 
  200.00000m   50.9984n 
  250.00000m  192.6075n 
  300.00000m  635.2328n 
  350.00000m    1.7571u 
  400.00000m    3.9580u 
  450.00000m    7.4065u 
  500.00000m   12.0381u 
  550.00000m   17.7063u 
  600.00000m   24.2725u 
  650.00000m   31.6228u 
  700.00000m   39.6609u 
  750.00000m   48.3002u 
  800.00000m   57.4586u 
  850.00000m   67.0554u 
  900.00000m   77.0085u 
  950.00000m   87.2305u 
    1.00000    97.6230u 
y
 vth0_value= 247.3706m
 u0_param=  50.1225m
 ags_param= 419.3663m
 
   *** monte carlo  index = 986 ***
x

 volt         param     
             i_d_0.7    
    0.        189.9174p 
   50.00000m  967.3501p 
  100.00000m    4.7340n 
  150.00000m   21.4945n 
  200.00000m   87.5685n 
  250.00000m  314.9371n 
  300.00000m  976.8673n 
  350.00000m    2.5007u 
  400.00000m    5.2257u 
  450.00000m    9.2194u 
  500.00000m   14.3683u 
  550.00000m   20.5217u 
  600.00000m   27.5486u 
  650.00000m   35.3413u 
  700.00000m   43.8061u 
  750.00000m   52.8568u 
  800.00000m   62.4105u 
  850.00000m   72.3843u 
  900.00000m   82.6928u 
  950.00000m   93.2433u 
    1.00000   103.9293u 
y
 vth0_value= 228.2424m
 u0_param=  50.5623m
 ags_param= 430.1463m
 
   *** monte carlo  index = 987 ***
x

 volt         param     
             i_d_0.7    
    0.         50.1773p 
   50.00000m  257.7561p 
  100.00000m    1.3042n 
  150.00000m    6.2939n 
  200.00000m   27.9411n 
  250.00000m  110.7085n 
  300.00000m  386.0691n 
  350.00000m    1.1497u 
  400.00000m    2.8050u 
  450.00000m    5.6127u 
  500.00000m    9.5817u 
  550.00000m   14.5880u 
  600.00000m   20.4930u 
  650.00000m   27.1801u 
  700.00000m   34.5528u 
  750.00000m   42.5262u 
  800.00000m   51.0213u 
  850.00000m   59.9616u 
  900.00000m   69.2698u 
  950.00000m   78.8652u 
    1.00000    88.6582u 
y
 vth0_value= 266.7026m
 u0_param=  48.0176m
 ags_param= 413.7362m
 
   *** monte carlo  index = 988 ***
x

 volt         param     
             i_d_0.7    
    0.         78.2683p 
   50.00000m  402.1797p 
  100.00000m    2.0190n 
  150.00000m    9.5896n 
  200.00000m   41.5523n 
  250.00000m  160.0114n 
  300.00000m  539.9981n 
  350.00000m    1.5395u 
  400.00000m    3.5789u 
  450.00000m    6.8723u 
  500.00000m   11.3797u 
  550.00000m   16.9562u 
  600.00000m   23.4572u 
  650.00000m   30.7633u 
  700.00000m   38.7747u 
  750.00000m   47.4027u 
  800.00000m   56.5638u 
  850.00000m   66.1767u 
  900.00000m   76.1592u 
  950.00000m   86.4247u 
    1.00000    96.8766u 
y
 vth0_value= 255.1931m
 u0_param=  50.9596m
 ags_param= 416.3714m
 
   *** monte carlo  index = 989 ***
x

 volt         param     
             i_d_0.7    
    0.         99.6640p 
   50.00000m  511.3874p 
  100.00000m    2.5519n 
  150.00000m   11.9867n 
  200.00000m   51.1091n 
  250.00000m  193.2614n 
  300.00000m  638.2947n 
  350.00000m    1.7688u 
  400.00000m    3.9919u 
  450.00000m    7.4810u 
  500.00000m   12.1715u 
  550.00000m   17.9146u 
  600.00000m   24.5689u 
  650.00000m   32.0184u 
  700.00000m   40.1650u 
  750.00000m   48.9208u 
  800.00000m   58.2025u 
  850.00000m   67.9284u 
  900.00000m   78.0154u 
  950.00000m   88.3751u 
    1.00000    98.9084u 
y
 vth0_value= 247.8847m
 u0_param=  50.9098m
 ags_param= 434.0100m
 
   *** monte carlo  index = 990 ***
x

 volt         param     
             i_d_0.7    
    0.         86.5987p 
   50.00000m  444.4691p 
  100.00000m    2.2230n 
  150.00000m   10.4872n 
  200.00000m   44.9957n 
  250.00000m  171.3621n 
  300.00000m  570.9048n 
  350.00000m    1.6002u 
  400.00000m    3.6545u 
  450.00000m    6.9158u 
  500.00000m   11.3330u 
  550.00000m   16.7666u 
  600.00000m   23.0812u 
  650.00000m   30.1653u 
  700.00000m   37.9250u 
  750.00000m   46.2758u 
  800.00000m   55.1380u 
  850.00000m   64.4331u 
  900.00000m   74.0814u 
  950.00000m   83.9978u 
    1.00000    94.0868u 
y
 vth0_value= 250.6583m
 u0_param=  48.6478m
 ags_param= 418.7631m
 
   *** monte carlo  index = 991 ***
x

 volt         param     
             i_d_0.7    
    0.         57.1114p 
   50.00000m  293.5019p 
  100.00000m    1.4820n 
  150.00000m    7.1213n 
  200.00000m   31.4024n 
  250.00000m  123.4258n 
  300.00000m  426.5032n 
  350.00000m    1.2548u 
  400.00000m    3.0194u 
  450.00000m    5.9699u 
  500.00000m   10.1009u 
  550.00000m   15.2815u 
  600.00000m   21.3709u 
  650.00000m   28.2512u 
  700.00000m   35.8247u 
  750.00000m   44.0052u 
  800.00000m   52.7122u 
  850.00000m   61.8675u 
  900.00000m   71.3924u 
  950.00000m   81.2041u 
    1.00000    91.2110u 
y
 vth0_value= 263.4349m
 u0_param=  48.9912m
 ags_param= 419.6998m
 
   *** monte carlo  index = 992 ***
x

 volt         param     
             i_d_0.7    
    0.         61.6598p 
   50.00000m  316.8171p 
  100.00000m    1.5967n 
  150.00000m    7.6434n 
  200.00000m   33.5111n 
  250.00000m  130.8300n 
  300.00000m  448.6644n 
  350.00000m    1.3067u 
  400.00000m    3.1094u 
  450.00000m    6.0894u 
  500.00000m   10.2315u 
  550.00000m   15.4045u 
  600.00000m   21.4706u 
  650.00000m   28.3151u 
  700.00000m   35.8424u 
  750.00000m   43.9678u 
  800.00000m   52.6121u 
  850.00000m   61.6977u 
  900.00000m   71.1467u 
  950.00000m   80.8764u 
    1.00000    90.7948u 
y
 vth0_value= 260.6698m
 u0_param=  48.3046m
 ags_param= 429.6109m
 
   *** monte carlo  index = 993 ***
x

 volt         param     
             i_d_0.7    
    0.         57.5469p 
   50.00000m  295.8202p 
  100.00000m    1.4943n 
  150.00000m    7.1852n 
  200.00000m   31.7163n 
  250.00000m  124.8028n 
  300.00000m  431.7837n 
  350.00000m    1.2723u 
  400.00000m    3.0669u 
  450.00000m    6.0726u 
  500.00000m   10.2847u 
  550.00000m   15.5692u 
  600.00000m   21.7809u 
  650.00000m   28.7989u 
  700.00000m   36.5228u 
  750.00000m   44.8643u 
  800.00000m   53.7412u 
  850.00000m   63.0737u 
  900.00000m   72.7816u 
  950.00000m   82.7813u 
    1.00000    92.9798u 
y
 vth0_value= 263.9371m
 u0_param=  50.1242m
 ags_param= 407.2667m
 
   *** monte carlo  index = 994 ***
x

 volt         param     
             i_d_0.7    
    0.         39.5136p 
   50.00000m  202.8025p 
  100.00000m    1.0312n 
  150.00000m    5.0278n 
  200.00000m   22.6895n 
  250.00000m   91.7206n 
  300.00000m  327.0129n 
  350.00000m    1.0027u 
  400.00000m    2.5307u 
  450.00000m    5.2188u 
  500.00000m    9.1120u 
  550.00000m   14.0927u 
  600.00000m   20.0148u 
  650.00000m   26.7534u 
  700.00000m   34.2060u 
  750.00000m   42.2836u 
  800.00000m   50.9044u 
  850.00000m   59.9896u 
  900.00000m   69.4608u 
  950.00000m   79.2366u 
    1.00000    89.2280u 
y
 vth0_value= 275.0251m
 u0_param=  49.6807m
 ags_param= 413.5438m
 
   *** monte carlo  index = 995 ***
x

 volt         param     
             i_d_0.7    
    0.        113.6672p 
   50.00000m  582.3763p 
  100.00000m    2.8937n 
  150.00000m   13.4880n 
  200.00000m   56.8954n 
  250.00000m  212.6014n 
  300.00000m  692.1624n 
  350.00000m    1.8827u 
  400.00000m    4.1698u 
  450.00000m    7.6978u 
  500.00000m   12.3908u 
  550.00000m   18.1026u 
  600.00000m   24.6979u 
  650.00000m   32.0656u 
  700.00000m   40.1114u 
  750.00000m   48.7498u 
  800.00000m   57.8993u 
  850.00000m   67.4796u 
  900.00000m   77.4088u 
  950.00000m   87.5990u 
    1.00000    97.9508u 
y
 vth0_value= 243.1154m
 u0_param=  49.6399m
 ags_param= 416.9200m
 
   *** monte carlo  index = 996 ***
x

 volt         param     
             i_d_0.7    
    0.         96.4935p 
   50.00000m  495.1088p 
  100.00000m    2.4715n 
  150.00000m   11.6168n 
  200.00000m   49.5799n 
  250.00000m  187.6911n 
  300.00000m  620.7759n 
  350.00000m    1.7234u 
  400.00000m    3.8970u 
  450.00000m    7.3150u 
  500.00000m   11.9158u 
  550.00000m   17.5539u 
  600.00000m   24.0904u 
  650.00000m   31.4113u 
  700.00000m   39.4202u 
  750.00000m   48.0306u 
  800.00000m   57.1606u 
  850.00000m   66.7296u 
  900.00000m   76.6557u 
  950.00000m   86.8518u 
    1.00000    97.2200u 
y
 vth0_value= 248.3055m
 u0_param=  50.0400m
 ags_param= 422.2162m
 
   *** monte carlo  index = 997 ***
x

 volt         param     
             i_d_0.7    
    0.         53.4571p 
   50.00000m  274.7880p 
  100.00000m    1.3902n 
  150.00000m    6.7056n 
  200.00000m   29.7437n 
  250.00000m  117.7204n 
  300.00000m  409.9407n 
  350.00000m    1.2184u 
  400.00000m    2.9659u 
  450.00000m    5.9224u 
  500.00000m   10.0934u 
  550.00000m   15.3468u 
  600.00000m   21.5360u 
  650.00000m   28.5384u 
  700.00000m   36.2525u 
  750.00000m   44.5894u 
  800.00000m   53.4664u 
  850.00000m   62.8036u 
  900.00000m   72.5206u 
  950.00000m   82.5337u 
    1.00000    92.7505u 
y
 vth0_value= 266.3097m
 u0_param=  50.3546m
 ags_param= 422.8723m
 
   *** monte carlo  index = 998 ***
x

 volt         param     
             i_d_0.7    
    0.         75.8910p 
   50.00000m  389.8048p 
  100.00000m    1.9562n 
  150.00000m    9.2867n 
  200.00000m   40.2115n 
  250.00000m  154.7398n 
  300.00000m  521.8577n 
  350.00000m    1.4865u 
  400.00000m    3.4528u 
  450.00000m    6.6260u 
  500.00000m   10.9685u 
  550.00000m   16.3419u 
  600.00000m   22.6084u 
  650.00000m   29.6538u 
  700.00000m   37.3827u 
  750.00000m   45.7096u 
  800.00000m   54.5543u 
  850.00000m   63.8382u 
  900.00000m   73.4815u 
  950.00000m   83.4000u 
    1.00000    93.4990u 
y
 vth0_value= 254.8455m
 u0_param=  48.9683m
 ags_param= 415.3525m
 
   *** monte carlo  index = 999 ***
x

 volt         param     
             i_d_0.7    
    0.         58.2602p 
   50.00000m  299.3726p 
  100.00000m    1.5107n 
  150.00000m    7.2502n 
  200.00000m   31.9105n 
  250.00000m  125.1464n 
  300.00000m  431.3819n 
  350.00000m    1.2650u 
  400.00000m    3.0329u 
  450.00000m    5.9778u 
  500.00000m   10.0912u 
  550.00000m   15.2428u 
  600.00000m   21.2936u 
  650.00000m   28.1273u 
  700.00000m   35.6474u 
  750.00000m   43.7686u 
  800.00000m   52.4113u 
  850.00000m   61.4979u 
  900.00000m   70.9502u 
  950.00000m   80.6859u 
    1.00000    90.6137u 
y
 vth0_value= 262.5224m
 u0_param=  48.5174m
 ags_param= 406.2641m
 
   *** monte carlo  index = 1000 ***
x

 volt         param     
             i_d_0.7    
    0.        205.8010p 
   50.00000m    1.0470n 
  100.00000m    5.1099n 
  150.00000m   23.0978n 
  200.00000m   93.5687n 
  250.00000m  334.4266n 
  300.00000m    1.0289u 
  350.00000m    2.6084u 
  400.00000m    5.4020u 
  450.00000m    9.4655u 
  500.00000m   14.6807u 
  550.00000m   20.8969u 
  600.00000m   27.9840u 
  650.00000m   35.8346u 
  700.00000m   44.3556u 
  750.00000m   53.4605u 
  800.00000m   63.0662u 
  850.00000m   73.0897u 
  900.00000m   83.4450u 
  950.00000m   94.0386u 
    1.00000   104.7633u 
y
 vth0_value= 225.8740m
 u0_param=  50.6473m
 ags_param= 424.1572m

   meas_variable = vth0_value
   mean  = 254.0858m  varian = 242.3522u
   sigma =  15.5677m  avgdev =  12.5381m
   max   = 299.0068m  min    = 201.1228m
    1-sigma =  15.5677m median = 254.2114m

   meas_variable = u0_param
   mean  =  49.4530m  varian =   1.0197u
   sigma =   1.0098m  avgdev = 789.4550u
   max   =  52.7666m  min    =  46.0353m
    1-sigma =   1.0098m median =  49.4775m

   meas_variable = ags_param
   mean  = 418.8026m  varian =  59.8033u
   sigma =   7.7333m  avgdev =   6.1609m
   max   = 448.8847m  min    = 394.5716m
    1-sigma =   7.7333m median = 418.8861m

          ***** job concluded
 ******  
 *mc

 ****** job statistics summary tnom=  25.000 temp=  25.000 ******

  ******  HSPICE Threads Information  ******

  Command Line Threads Count :     1
  Available CPU Count        :    24
  Actual Threads Count       :     1


  ******  Circuit Statistics  ******
  # nodes       =      12 # elements   =      21
  # resistors   =       0 # capacitors =       0 # inductors   =       0
  # mutual_inds =       0 # vccs       =       0 # vcvs        =       0
  # cccs        =       0 # ccvs       =       0 # volt_srcs   =      11
  # curr_srcs   =       0 # diodes     =       0 # bjts        =       0
  # jfets       =       0 # mosfets    =      10 # U elements  =       0
  # T elements  =       0 # W elements =       0 # B elements  =       0
  # S elements  =       0 # P elements =       0 # va device   =       0
  # vector_srcs =       0 # N elements =       0


  ******  Runtime Statistics (seconds)  ******

  analysis           time    # points   tot. iter  conv.iter
  op point           0.00           1           0
  dc sweep           0.58       21000       43000
  readin             0.01
  errchk             0.01
  setup              0.00
  output             0.00


           peak memory used         85.73 megabytes
           total cpu time            0.76 seconds
           total elapsed time       20.72 seconds
           job started at     17:09:34 11/08/2025
           job ended   at     17:09:55 11/08/2025


  lic: Release hspice token(s) 
 lic: total license checkout elapse time:       19.95(s)
