 ****** HSPICE -- O-2018.09-SP2 win64 (Feb 25 2019) ******                      
  Copyright (c) 1986 - 2025 by Synopsys, Inc. All Rights Reserved.              
  This software and the associated documentation are proprietary
  to Synopsys, Inc. This software may only be used in accordance
  with the terms and conditions of a written license agreement with
  Synopsys, Inc. All other use, reproduction, or distribution of
  this software is strictly prohibited.
  Input File: mc - 副本.sp                                                      
  Command line options: C:\synopsys\Hspice_O-2018.09-SP2\WIN64\hspice.com -i mc - 副本.sp -o D:\桌面\mc\mc - 副本.lis
  Start time: Sat Nov  8 17:10:41 2025
  lic:  
  lic: FLEXlm: SDK_11.7.3 
  lic: USER:   24742                HOSTNAME: bunn 
  lic: HOSTID: "d0577ed2695e"       PID:      11752 
  lic: Using FLEXlm license file: 
  lic: D:\hspice2018.lic\Synopsys SSS Feature Keygen\synopsys.dat 
  lic: Checkout 1 hspice 
  lic: License/Maintenance for hspice will expire on 31-dec-2027/2019.12 
  lic: NODE LOCKED license on hostid "d0577ed2695e" 
  lic:   
  **info** Monte Carlo simulation is detected, increase number of measure digits to 7 for Monte Carlo post processing.
  **info** option measform has been reset to 1 to reduce measure file storage and enable advanced Monte Carlo data mining.
1****** HSPICE -- O-2018.09-SP2 win64 (Feb 25 2019) ******                      
 ******  
 *mc

 ****** mos   model parameters tnom=  25.000 temp=  25.000 ******
 Model file: sta_nmos.l
 Model line:            4
 Model Name: nmos  
 BSIM4 Model (Level 54)
    MOBMOD = 0
    BINUNIT = 2
    PARAMCHK = 1
    CAPMOD = 2
    DIOMOD = 1
    RDSMOD = 0
    TRNQSMOD = 0
    ACNQSMOD = 0
    RBODYMOD = 0
    RGATEMOD = 0
    PERMOD = 1
    GEOMOD = 0
    RGEOMOD = 0
    FNOIMOD = 1
    TNOIMOD = 0
    IGCMOD = 1
    IGBMOD = 1
    STIMOD = 1
    VBFWDMOD = 0
    VERSION =    4.5 
    TOXREF =  3e-09 
    TOXE = 2.83e-09 
    TOXP = 2.524e-09 
    TOXM = 2.83e-09 
    DTOX = 3.06e-10 
    EPSROX =    3.9 
    CDSC =      0 
    CDSCB =      0 
    CDSCD =      0 
    CIT = -0.0001643 
    NFACTOR =  1.298 
    XJ = 1.5e-07 
    VSAT = 9.399e+04 
    A0 =  0.255 
    AGS = 0.4187 
    A1 =      0 
    A2 =      1 
    AT = 5.55e+04 
    KETA = -0.03775 
    NSUB =  6e+16 
    NDEP = 2.31e+17 
    NSD =  1e+20 
    NGATE =  3e+20 
    GAMMA1 =      0 
    GAMMA2 =      0 
    VBX =      0 
    VBM =     -3 
    XT = 1.55e-07 
    K1 =  0.262 
    KT1 = -0.3622 
    KT1L =      0 
    KT2 = -0.06205 
    K2 = 0.03629 
    K3 =      0 
    K3B =      0 
    LPE0 =  9e-08 
    LPEB =      0 
    DVTP0 = 5.5e-06 
    DVTP1 =   2.05 
    W0 =      0 
    DVT0 =   15.2 
    DVT1 =  1.815 
    DVT2 =   0.05 
    DVT0W =      0 
    DVT1W =      0 
    DVT2W =      0 
    DROUT =      0 
    DSUB =    0.7 
    VTH0 = 0.2544 
    EU =   1.67 
    UA = -2.289e-10 
    UA1 = 1.881e-09 
    UB = 1.986e-18 
    UB1 = -3.644e-18 
    UC = 1.902e-10 
    UC1 = -1.904e-10 
    U0 = 0.04939 
    UTE =  -1.71 
    VOFF = -0.1165 
    VOFFL =  1e-09 
    MINV =      0 
    FPROUT =    100 
    PDITS =      0 
    PDITSD =      0 
    PDITSL =      0 
    DELTA = 0.0075 
    RDSW =    130 
    RDSWMIN =      0 
    RDWMIN =      0 
    RSWMIN =      0 
    RDW =    100 
    RSW =    100 
    PRWG =      0 
    PRWB =      0 
    PRT =      0 
    ETA0 = -0.03118 
    ETAB = -0.1263 
    PCLM = 0.4411 
    PDIBLC1 =      0 
    PDIBLC2 = 0.0001 
    PDIBLCB =      0 
    PSCBE1 = 9.264e+08 
    PSCBE2 =  1e-20 
    PVAG =   1.35 
    WR =      1 
    DWG =      0 
    DWB =      0 
    XW = 1.5e-08 
    XWREF = 1.5e-08 
    XL = -2e-08 
    XLREF = -2e-08 
    B0 =      0 
    B1 =      0 
    ALPHA0 =      0 
    ALPHA1 =    0.1 
    AGIDL =  9e-08 
    BGIDL = 2.3e+09 
    CGIDL =    0.5 
    PHIN =      0 
    EGIDL =   0.53 
    AIGC = 0.01133 
    BIGC = 0.001474 
    CIGC =      0 
    AIGSD = 0.01005 
    BIGSD = 0.0004517 
    CIGSD = 0.0001 
    AIGBACC = 0.01228 
    BIGBACC = 0.003181 
    CIGBACC = 0.0977 
    AIGBINV =   0.35 
    BIGBINV =   0.03 
    CIGBINV =  0.006 
    NIGC =    2.1 
    NIGBINV =      1 
    NIGBACC =  4.326 
    NTOX =      1 
    EIGBINV =    1.1 
    PIGCD =  3.217 
    POXEDGE =      1 
    XRCRG1 =     12 
    TNOIA =    1.5 
    TNOIB =    3.5 
    NTNOI =      1 
    XRCRG2 =      1 
    BETA0 =    9.5 
    IJTHDFWD =   0.01 
    IJTHSFWD =   0.01 
    IJTHDREV =   0.01 
    IJTHSREV =   0.01 
    XJBVD =      1 
    XJBVS =      1 
    BVD =     10 
    BVS =     10 
    VFB =     -1 
    GBMIN =  1e-12 
    RBDB =     50 
    RBPB =     50 
    RBSB =     50 
    RBPS =     50 
    RBPD =     50 
    CGSL = 5.65e-11 
    CGDL = 5.65e-11 
    CKAPPAS =    0.6 
    CKAPPAD =    0.6 
    CF = 1.29e-10 
    CLC =  1e-07 
    CLE =    0.6 
    DWC =      0 
    DLC = 1.367e-08 
    DLCIG = 2.5e-09 
    DWJ =      0 
    VFBCV =     -1 
    ACDE =    1.2 
    MOIN =   18.5 
    NOFF =   2.24 
    VOFFCV =   -0.1 
    DMCG = 8.5e-08 
    DMCI = 8.5e-08 
    DMDG =      0 
    DMCGT =      0 
    XGW =      0 
    XGL =      0 
    RSHG =    0.1 
    NGCON =      1 
    TCJ = 0.000778 
    TPB =  0.001 
    TCJSW = 0.000357 
    TPBSW = 0.0019 
    TCJSWG = 0.00301 
    TPBSWG = 0.0019 
    SK0 =      0 
    SK1 =      0 
    SK2 =      0 
    SL =  2e-06 
    SW =  2e-06 
    K =      0 
    LCIT = 2.073e-10 
    LVSAT = 0.0005828 
    LA0 = 1.999e-07 
    LAGS = 7.256e-08 
    LKETA = -5.436e-10 
    LKT1 = -4.515e-09 
    LK2 = -9.214e-10 
    LVTH0 = -5.216e-09 
    LUA = 5.989e-19 
    LUA1 = 2.627e-16 
    LUB = 1.382e-26 
    LUB1 = -2.581e-25 
    LUC = -8.293e-19 
    LU0 = -7.02e-10 
    LUTE = 3.237e-08 
    LVOFF = -4.619e-09 
    LETA0 = 1.585e-08 
    LETAB = 2.353e-09 
    LPCLM = 3.417e-08 
    WVTH0 = -1.034e-08 
    WU0 = -1.708e-09 
    PVTH0 = 2.323e-16 
    PU0 = 7.905e-17 
    TNOM =  298.1 
    CGSO = 1.15e-10 
    CGDO = 1.15e-10 
    CGBO =      0 
    XPART =      1 
    RSH =   10.5 
    JSS =  2e-07 
    JSWS = 3.5e-13 
    JSWGS = 1.3e-12 
    PBS =    0.5 
    MJS =   0.25 
    PBSWS =    0.8 
    MJSWS =   0.01 
    CJS = 0.000981 
    CJSWS = 5.5e-11 
    NJS =      1 
    PBSWGS =   0.47 
    MJSWGS =    0.5 
    CJSWGS = 2.73e-10 
    XTIS =      3 
    JSD =  2e-07 
    JSWD = 3.5e-13 
    JSWGD = 1.3e-12 
    PBD =    0.5 
    MJD =   0.25 
    PBSWD =    0.8 
    MJSWD =   0.01 
    CJD = 0.000981 
    CJSWD = 5.5e-11 
    NJD =      1 
    PBSWGD =   0.47 
    MJSWGD =    0.5 
    CJSWGD = 2.73e-10 
    XTID =      3 
    LMLT =      1 
    WMLT =      1 
    LINT = 2.5e-09 
    LL =      0 
    LLC =      0 
    LLN =      1 
    LW =      0 
    LWC =      0 
    LWN =      1 
    LWL =      0 
    LWLC =      0 
    LMIN =      0 
    LMAX =      1 
    WINT =  6e-09 
    WL =      0 
    WLC =      0 
    WLN =      1 
    WW =      0 
    WWC =      0 
    WWN =      1 
    WWL =      0 
    WWLC =      0 
    WMIN =      0 
    WMAX =      1 
    NOIA = 3.293e+41 
    NOIB = 1.012e+25 
    NOIC =   8.75 
    EM = 3.192e+07 
    EF =   0.85 
    AF =      1 
    KF =      0 
    TRS =      0 
    TRD =      0 
    TEMPMOD  =      0 
    LAMBDA   =      0 
    VTL      =  2e+05 m/s
    LC       =  5e-09 
    XN       =      3 
    LLAMBDA  =      0 
    LVTL     =      0 
    LXN      =      0 
    WLAMBDA  =      0 
    WVTL     =      0 
    WXN      =      0 
    PLAMBDA  =      0 
    PVTL     =      0 
    PXN      =      0 
    RNOIA    =  0.577 
    RNOIB    = 0.5164 
    SAREF(SA0) = 6.3e-07 m
    SBREF(SB0) = 6.3e-07 m
    WLOD     = 1.5e-07 m
    KU0      = -3.849e-08 1/m
    KVSAT    =   0.35 
    KVTH0    = 2.5e-09 m
    TKU0     =    0.1 
    LLODKU0  =      1 
    WLODKU0  =      1 
    LLODVTH  =      1 
    WLODVTH  =      1 
    LKU0     = 1.257e-08 
    WKU0     =  1e-07 
    PKU0     =  5e-14 
    LKVTH0   = -2.68e-11 
    WKVTH0   =      0 
    PKVTH0   =      0 
    STK2     =  4e-10 
    LODK2    =    0.5 
    STETA0   =      0 
    LODETA0  =      1 
    LXRCRG1  =      0 
    WXRCRG1  =      0 
    PXRCRG1  =      0 
    LXRCRG2  =      0 
    WXRCRG2  =      0 
    PXRCRG2  =      0 
     *** UCB's BSIM4.4.0 new diode model is activated. ***
    *** UCB's Diode Model Parameters ***
    JTSS         =      0 
    JTSSWS       =      0 
    JTSSWGS      =      0 
    JTSD         =      0 
    JTSSWD       =      0 
    JTSSWGD      =      0 
    NJTS         =     20 
    NJTSSW       =     20 
    NJTSSWG      =     20 
    XTSS         =   0.02 
    XTSSWS       =   0.02 
    XTSSWGS      =   0.02 
    XTSD         =   0.02 
    XTSSWD       =   0.02 
    XTSSWGD      =   0.02 
    TNJTS        =      0 
    TNJTSSW      =      0 
    TNJTSSWG     =      0 
    VFBSDOFF     =      0 
    LVFBSDOFF    =      0 
    WVFBSDOFF    =      0 
    PVFBSDOFF    =      0 
    LINTNOI      =      0 
    VTSS         =     10 
    VTSD         =     10 
    VTSSWS       =     10 
    VTSSWD       =     10 
    VTSSWGS      =     10 
    VTSSWGD      =     10 
    TTDIOMOD     =      1 
     *** UCB's BSIM4.5.0 new model is activated. ***
    UD         =      0 
    UD1        =      0 
    UP         =      0 
    LP         =  1e-08 
    TVOFF      =      0 
    TVFBSDOFF  =      0 
    RBPS0      =     50 
    RBPSL      =      0 
    RBPSW      =      0 
    RBPSNF     =      0 
    RBPD0      =     50 
    RBPDL      =      0 
    RBPDW      =      0 
    RBPDNF     =      0 
    RBPBX0     =    100 
    RBPBXL     =      0 
    RBPBXW     =      0 
    RBPBXNF    =      0 
    RBPBY0     =    100 
    RBPBYL     =      0 
    RBPBYW     =      0 
    RBPBYNF    =      0 
    RBSBX0     =    100 
    RBSBY0     =    100 
    RBDBX0     =    100 
    RBDBY0     =    100 
    RBSDBXL    =      0 
    RBSDBXW    =      0 
    RBSDBXNF   =      0 
    RBSDBYL    =      0 
    RBSDBYW    =      0 
    RBSDBYNF   =      0 
    LUD        =      0 
    LUD1       =      0 
    LUP        =      0 
    LLP        =      0 
    LTVOFF     =      0 
    LTVFBSDOFF =      0 
    WUD        =      0 
    WUD1       =      0 
    WUP        =      0 
    WLP        =      0 
    WTVOFF     =      0 
    WTVFBSDOFF =      0 
    PUD        =      0 
    PUD1       =      0 
    PUP        =      0 
    PLP        =      0 
    PTVOFF     =      0 
    PTVFBSDOFF =      0 
    WEB        =   -220 
    WEC        =  -3000 
    KVTH0WE    = 0.0049 
    K2WE       = 0.0015 
    KU0WE      = -0.002 
    SCREF      =  1e-06 
    WPEMOD     =      0 
    LKVTH0WE   = -1.2e-10 
    LK2WE      =      0 
    LKU0WE     =      0 
    WKVTH0WE   =      0 
    WK2WE      =      0 
    WKU0WE     =      0 
    PKVTH0WE   =      0 
    PK2WE      =      0 
    PKU0WE     =      0 
  **warning** (nmos:m1 (mc - 副本.sp:6)) Warning: Eta0 * Muleta0 + Deleta0 = -0.0149188 is negative in BSIM4 model with w=1e-06 l=1e-06.
*** info *** index=1 is a nominal sample in Monte Carlo.
*** info *** The MCG Random Number Generator and .Option Use_Agauss_Format = Yes are set as defaults starting with HSPICE L-2016.06 to address the needs of advanced technology nodes with large samples and/or large circuits, particularly for distributed processing.
*** Should you want backward compatibility, please use the following options:
For traditional Gaussian style variations, use .Option Random_Generator = 3LC;
For Variation Block style variations, use .Option Random_Generator = MOA.
  
      

Element variations(Local):   element              parameter

MONTE CARLO DEFINITIONS


Option sampling_method was set, variation block and agauss format variation are in effect.

Random number generator is MCG            , and seed =      1, stream =   1
 **info** set option symb=1 internally to help for convergence.
 *****************************************************************
 ******  option summary
 ******
 runlvl  = 3         bypass  = 2.0000    
 ******
 *mc

 ****** dc transfer curves tnom=  25.000 temp=  25.000 ******
 
   *** monte carlo  index = 1 ***
x

 volt         param     
             i_d_0.8    
    0.         80.9474p 
   50.00000m  415.1534p 
  100.00000m    2.0806n 
  150.00000m    9.8558n 
  200.00000m   42.5375n 
  250.00000m  163.0532n 
  300.00000m  547.2732n 
  350.00000m    1.5493u 
  400.00000m    3.5757u 
  450.00000m    6.8262u 
  500.00000m   11.2579u 
  550.00000m   16.7305u 
  600.00000m   23.1060u 
  650.00000m   30.2710u 
  700.00000m   38.1314u 
  750.00000m   46.6037u 
  800.00000m   55.6112u 
  850.00000m   65.0808u 
  900.00000m   74.9420u 
  950.00000m   85.1260u 
    1.00000    95.5634u 
y
 vth0_value= 254.3500m
 u0_param=  49.3900m
 ags_param= 418.7400m
 
   *** monte carlo  index = 2 ***
x

 volt         param     
             i_d_0.8    
    0.         85.2953p 
   50.00000m  437.5465p 
  100.00000m    2.1918n 
  150.00000m   10.3729n 
  200.00000m   44.7060n 
  250.00000m  171.0747n 
  300.00000m  572.9889n 
  350.00000m    1.6175u 
  400.00000m    3.7221u 
  450.00000m    7.0877u 
  500.00000m   11.6664u 
  550.00000m   17.3125u 
  600.00000m   23.8834u 
  650.00000m   31.2623u 
  700.00000m   39.3520u 
  750.00000m   48.0668u 
  800.00000m   57.3277u 
  850.00000m   67.0598u 
  900.00000m   77.1907u 
  950.00000m   87.6500u 
    1.00000    98.3668u 
y
 vth0_value= 253.7192m
 u0_param=  50.8716m
 ags_param= 421.9023m
 
   *** monte carlo  index = 3 ***
x

 volt         param     
             i_d_0.8    
    0.         67.6434p 
   50.00000m  347.0876p 
  100.00000m    1.7470n 
  150.00000m    8.3449n 
  200.00000m   36.4656n 
  250.00000m  141.7802n 
  300.00000m  483.7713n 
  350.00000m    1.3996u 
  400.00000m    3.3068u 
  450.00000m    6.4371u 
  500.00000m   10.7675u 
  550.00000m   16.1603u 
  600.00000m   22.4735u 
  650.00000m   29.5899u 
  700.00000m   37.4125u 
  750.00000m   45.8565u 
  800.00000m   54.8439u 
  850.00000m   64.3011u 
  900.00000m   74.1571u 
  950.00000m   84.3427u 
    1.00000    94.7888u 
y
 vth0_value= 260.1032m
 u0_param=  49.9038m
 ags_param= 397.7704m
 
   *** monte carlo  index = 4 ***
x

 volt         param     
             i_d_0.8    
    0.         99.0590p 
   50.00000m  507.5389p 
  100.00000m    2.5309n 
  150.00000m   11.8765n 
  200.00000m   50.5701n 
  250.00000m  190.9104n 
  300.00000m  629.2576n 
  350.00000m    1.7395u 
  400.00000m    3.9167u 
  450.00000m    7.3278u 
  500.00000m   11.9100u 
  550.00000m   17.5200u 
  600.00000m   24.0224u 
  650.00000m   31.3064u 
  700.00000m   39.2792u 
  750.00000m   47.8582u 
  800.00000m   56.9668u 
  850.00000m   66.5319u 
  900.00000m   76.4830u 
  950.00000m   86.7508u 
    1.00000    97.2656u 
y
 vth0_value= 248.2501m
 u0_param=  49.3761m
 ags_param= 416.8627m
 
   *** monte carlo  index = 5 ***
x

 volt         param     
             i_d_0.8    
    0.         66.1967p 
   50.00000m  339.6137p 
  100.00000m    1.7097n 
  150.00000m    8.1694n 
  200.00000m   35.7190n 
  250.00000m  138.9739n 
  300.00000m  474.5976n 
  350.00000m    1.3747u 
  400.00000m    3.2519u 
  450.00000m    6.3373u 
  500.00000m   10.6098u 
  550.00000m   15.9341u 
  600.00000m   22.1702u 
  650.00000m   29.2023u 
  700.00000m   36.9349u 
  750.00000m   45.2841u 
  800.00000m   54.1729u 
  850.00000m   63.5283u 
  900.00000m   73.2803u 
  950.00000m   83.3602u 
    1.00000    93.6994u 
y
 vth0_value= 260.3625m
 u0_param=  49.2940m
 ags_param= 416.7180m
 
   *** monte carlo  index = 6 ***
x

 volt         param     
             i_d_0.8    
    0.        179.5891p 
   50.00000m  914.9939p 
  100.00000m    4.4864n 
  150.00000m   20.4383n 
  200.00000m   83.6119n 
  250.00000m  302.0150n 
  300.00000m  942.0267n 
  350.00000m    2.4285u 
  400.00000m    5.1085u 
  450.00000m    9.0593u 
  500.00000m   14.1718u 
  550.00000m   20.2960u 
  600.00000m   27.3014u 
  650.00000m   35.0814u 
  700.00000m   43.5446u 
  750.00000m   52.6081u 
  800.00000m   62.1943u 
  850.00000m   72.2286u 
  900.00000m   82.6387u 
  950.00000m   93.3532u 
    1.00000   104.2993u 
y
 vth0_value= 231.0040m
 u0_param=  50.4523m
 ags_param= 429.4862m
 
   *** monte carlo  index = 7 ***
x

 volt         param     
             i_d_0.8    
    0.        224.9793p 
   50.00000m    1.1422n 
  100.00000m    5.5551n 
  150.00000m   24.9694n 
  200.00000m  100.4325n 
  250.00000m  356.0908n 
  300.00000m    1.0842u 
  350.00000m    2.7150u 
  400.00000m    5.5620u 
  450.00000m    9.6672u 
  500.00000m   14.9101u 
  550.00000m   21.1433u 
  600.00000m   28.2409u 
  650.00000m   36.0997u 
  700.00000m   44.6303u 
  750.00000m   53.7510u 
  800.00000m   63.3850u 
  850.00000m   73.4581u 
  900.00000m   83.8984u 
  950.00000m   94.6342u 
    1.00000   105.5924u 
y
 vth0_value= 223.9248m
 u0_param=  50.0209m
 ags_param= 429.5889m
 
   *** monte carlo  index = 8 ***
x

 volt         param     
             i_d_0.8    
    0.        175.3134p 
   50.00000m  893.6149p 
  100.00000m    4.3861n 
  150.00000m   20.0164n 
  200.00000m   82.0692n 
  250.00000m  297.1630n 
  300.00000m  929.7741n 
  350.00000m    2.4060u 
  400.00000m    5.0791u 
  450.00000m    9.0315u 
  500.00000m   14.1549u 
  550.00000m   20.2982u 
  600.00000m   27.3293u 
  650.00000m   35.1404u 
  700.00000m   43.6394u 
  750.00000m   52.7428u 
  800.00000m   62.3723u 
  850.00000m   72.4530u 
  900.00000m   82.9123u 
  950.00000m   93.6784u 
    1.00000   104.6782u 
y
 vth0_value= 231.9527m
 u0_param=  50.8005m
 ags_param= 433.5626m
 
   *** monte carlo  index = 9 ***
x

 volt         param     
             i_d_0.8    
    0.         60.7148p 
   50.00000m  311.4602p 
  100.00000m    1.5707n 
  150.00000m    7.5315n 
  200.00000m   33.1059n 
  250.00000m  129.6133n 
  300.00000m  445.8038n 
  350.00000m    1.3036u 
  400.00000m    3.1162u 
  450.00000m    6.1271u 
  500.00000m   10.3253u 
  550.00000m   15.5784u 
  600.00000m   21.7459u 
  650.00000m   28.7114u 
  700.00000m   36.3788u 
  750.00000m   44.6643u 
  800.00000m   53.4910u 
  850.00000m   62.7860u 
  900.00000m   72.4794u 
  950.00000m   82.5028u 
    1.00000    92.7880u 
y
 vth0_value= 262.8909m
 u0_param=  49.1634m
 ags_param= 425.6175m
 
   *** monte carlo  index = 10 ***
x

 volt         param     
             i_d_0.8    
    0.        134.5561p 
   50.00000m  687.7689p 
  100.00000m    3.4015n 
  150.00000m   15.7282n 
  200.00000m   65.6164n 
  250.00000m  242.1693n 
  300.00000m  776.3117n 
  350.00000m    2.0706u 
  400.00000m    4.4990u 
  450.00000m    8.1815u 
  500.00000m   13.0295u 
  550.00000m   18.8955u 
  600.00000m   25.6467u 
  650.00000m   33.1745u 
  700.00000m   41.3873u 
  750.00000m   50.2024u 
  800.00000m   59.5428u 
  850.00000m   69.3348u 
  900.00000m   79.5071u 
  950.00000m   89.9893u 
    1.00000   100.7104u 
y
 vth0_value= 239.3268m
 u0_param=  49.8554m
 ags_param= 417.5491m
 
   *** monte carlo  index = 11 ***
x

 volt         param     
             i_d_0.8    
    0.         74.6634p 
   50.00000m  383.0180p 
  100.00000m    1.9232n 
  150.00000m    9.1438n 
  200.00000m   39.6784n 
  250.00000m  153.0358n 
  300.00000m  517.3637n 
  350.00000m    1.4786u 
  400.00000m    3.4473u 
  450.00000m    6.6366u 
  500.00000m   11.0119u 
  550.00000m   16.4346u 
  600.00000m   22.7653u 
  650.00000m   29.8894u 
  700.00000m   37.7117u 
  750.00000m   46.1486u 
  800.00000m   55.1230u 
  850.00000m   64.5617u 
  900.00000m   74.3942u 
  950.00000m   84.5517u 
    1.00000    94.9652u 
y
 vth0_value= 256.8380m
 u0_param=  49.4653m
 ags_param= 406.7655m
 
   *** monte carlo  index = 12 ***
x

 volt         param     
             i_d_0.8    
    0.        135.1218p 
   50.00000m  690.6764p 
  100.00000m    3.4159n 
  150.00000m   15.7946n 
  200.00000m   65.8930n 
  250.00000m  243.1840n 
  300.00000m  779.5323n 
  350.00000m    2.0790u 
  400.00000m    4.5172u 
  450.00000m    8.2142u 
  500.00000m   13.0809u 
  550.00000m   18.9691u 
  600.00000m   25.7456u 
  650.00000m   33.3013u 
  700.00000m   41.5441u 
  750.00000m   50.3912u 
  800.00000m   59.7651u 
  850.00000m   69.5920u 
  900.00000m   79.8004u 
  950.00000m   90.3195u 
    1.00000   101.0782u 
y
 vth0_value= 239.3250m
 u0_param=  50.0491m
 ags_param= 421.9946m
 
   *** monte carlo  index = 13 ***
x

 volt         param     
             i_d_0.8    
    0.        114.9296p 
   50.00000m  588.4082p 
  100.00000m    2.9243n 
  150.00000m   13.6382n 
  200.00000m   57.5694n 
  250.00000m  215.2320n 
  300.00000m  701.0501n 
  350.00000m    1.9083u 
  400.00000m    4.2304u 
  450.00000m    7.8159u 
  500.00000m   12.5885u 
  550.00000m   18.3997u 
  600.00000m   25.1127u 
  650.00000m   32.6157u 
  700.00000m   40.8147u 
  750.00000m   49.6259u 
  800.00000m   58.9711u 
  850.00000m   68.7760u 
  900.00000m   78.9689u 
  950.00000m   89.4789u 
    1.00000   100.2350u 
y
 vth0_value= 244.4336m
 u0_param=  50.4070m
 ags_param= 420.3475m
 
   *** monte carlo  index = 14 ***
x

 volt         param     
             i_d_0.8    
    0.         86.8561p 
   50.00000m  445.2802p 
  100.00000m    2.2273n 
  150.00000m   10.5124n 
  200.00000m   45.1337n 
  250.00000m  171.9815n 
  300.00000m  573.2322n 
  350.00000m    1.6079u 
  400.00000m    3.6756u 
  450.00000m    6.9620u 
  500.00000m   11.4168u 
  550.00000m   16.9001u 
  600.00000m   23.2762u 
  650.00000m   30.4337u 
  700.00000m   38.2799u 
  750.00000m   46.7325u 
  800.00000m   55.7153u 
  850.00000m   65.1558u 
  900.00000m   74.9840u 
  950.00000m   85.1312u 
    1.00000    95.5285u 
y
 vth0_value= 251.9536m
 u0_param=  48.9755m
 ags_param= 429.6291m
 
   *** monte carlo  index = 15 ***
x

 volt         param     
             i_d_0.8    
    0.         56.7750p 
   50.00000m  291.1304p 
  100.00000m    1.4693n 
  150.00000m    7.0579n 
  200.00000m   31.1089n 
  250.00000m  122.1937n 
  300.00000m  421.8807n 
  350.00000m    1.2399u 
  400.00000m    2.9807u 
  450.00000m    5.8895u 
  500.00000m    9.9614u 
  550.00000m   15.0691u 
  600.00000m   21.0753u 
  650.00000m   27.8659u 
  700.00000m   35.3469u 
  750.00000m   43.4361u 
  800.00000m   52.0582u 
  850.00000m   61.1419u 
  900.00000m   70.6186u 
  950.00000m   80.4213u 
    1.00000    90.4831u 
y
 vth0_value= 264.1898m
 u0_param=  48.0547m
 ags_param= 414.9876m
 
   *** monte carlo  index = 16 ***
x

 volt         param     
             i_d_0.8    
    0.         95.5829p 
   50.00000m  489.8182p 
  100.00000m    2.4446n 
  150.00000m   11.4899n 
  200.00000m   49.0342n 
  250.00000m  185.5807n 
  300.00000m  613.5583n 
  350.00000m    1.7028u 
  400.00000m    3.8499u 
  450.00000m    7.2266u 
  500.00000m   11.7737u 
  550.00000m   17.3486u 
  600.00000m   23.8159u 
  650.00000m   31.0646u 
  700.00000m   39.0020u 
  750.00000m   47.5454u 
  800.00000m   56.6185u 
  850.00000m   66.1484u 
  900.00000m   76.0646u 
  950.00000m   86.2981u 
    1.00000    96.7792u 
y
 vth0_value= 249.2536m
 u0_param=  49.2628m
 ags_param= 418.0989m
 
   *** monte carlo  index = 17 ***
x

 volt         param     
             i_d_0.8    
    0.        145.7889p 
   50.00000m  744.6660p 
  100.00000m    3.6752n 
  150.00000m   16.9310n 
  200.00000m   70.2852n 
  250.00000m  257.9844n 
  300.00000m  821.3232n 
  350.00000m    2.1716u 
  400.00000m    4.6790u 
  450.00000m    8.4528u 
  500.00000m   13.3979u 
  550.00000m   19.3650u 
  600.00000m   26.2207u 
  650.00000m   33.8565u 
  700.00000m   42.1800u 
  750.00000m   51.1081u 
  800.00000m   60.5630u 
  850.00000m   70.4706u 
  900.00000m   80.7589u 
  950.00000m   91.3569u 
    1.00000   102.1928u 
y
 vth0_value= 237.2081m
 u0_param=  50.3203m
 ags_param= 420.0206m
 
   *** monte carlo  index = 18 ***
x

 volt         param     
             i_d_0.8    
    0.         41.4790p 
   50.00000m  212.3383p 
  100.00000m    1.0781n 
  150.00000m    5.2455n 
  200.00000m   23.5927n 
  250.00000m   94.9652n 
  300.00000m  336.9336n 
  350.00000m    1.0265u 
  400.00000m    2.5720u 
  450.00000m    5.2700u 
  500.00000m    9.1580u 
  550.00000m   14.1184u 
  600.00000m   20.0090u 
  650.00000m   26.7088u 
  700.00000m   34.1190u 
  750.00000m   42.1547u 
  800.00000m   50.7386u 
  850.00000m   59.7983u 
  900.00000m   69.2643u 
  950.00000m   79.0691u 
    1.00000    89.1457u 
y
 vth0_value= 274.2588m
 u0_param=  48.8811m
 ags_param= 410.2493m
 
   *** monte carlo  index = 19 ***
x

 volt         param     
             i_d_0.8    
    0.        147.4597p 
   50.00000m  752.7743p 
  100.00000m    3.7108n 
  150.00000m   17.0609n 
  200.00000m   70.6395n 
  250.00000m  258.5649n 
  300.00000m  820.3472n 
  350.00000m    2.1598u 
  400.00000m    4.6346u 
  450.00000m    8.3467u 
  500.00000m   13.2018u 
  550.00000m   19.0550u 
  600.00000m   25.7772u 
  650.00000m   33.2630u 
  700.00000m   41.4229u 
  750.00000m   50.1757u 
  800.00000m   59.4457u 
  850.00000m   69.1600u 
  900.00000m   79.2482u 
  950.00000m   89.6404u 
    1.00000   100.2658u 
y
 vth0_value= 236.0679m
 u0_param=  49.0915m
 ags_param= 427.0390m
 
   *** monte carlo  index = 20 ***
x

 volt         param     
             i_d_0.8    
    0.         52.9486p 
   50.00000m  271.5026p 
  100.00000m    1.3727n 
  150.00000m    6.6174n 
  200.00000m   29.3290n 
  250.00000m  115.9580n 
  300.00000m  403.2866n 
  350.00000m    1.1967u 
  400.00000m    2.9084u 
  450.00000m    5.8007u 
  500.00000m    9.8788u 
  550.00000m   15.0151u 
  600.00000m   21.0689u 
  650.00000m   27.9222u 
  700.00000m   35.4785u 
  750.00000m   43.6537u 
  800.00000m   52.3710u 
  850.00000m   61.5578u 
  900.00000m   71.1446u 
  950.00000m   81.0635u 
    1.00000    91.2468u 
y
 vth0_value= 266.8860m
 u0_param=  48.9370m
 ags_param= 405.5934m
 
   *** monte carlo  index = 21 ***
x

 volt         param     
             i_d_0.8    
    0.        133.3970p 
   50.00000m  681.9316p 
  100.00000m    3.3738n 
  150.00000m   15.6089n 
  200.00000m   65.1694n 
  250.00000m  240.7237n 
  300.00000m  772.4912n 
  350.00000m    2.0631u 
  400.00000m    4.4886u 
  450.00000m    8.1711u 
  500.00000m   13.0222u 
  550.00000m   18.8943u 
  600.00000m   25.6540u 
  650.00000m   33.1926u 
  700.00000m   41.4178u 
  750.00000m   50.2470u 
  800.00000m   59.6029u 
  850.00000m   69.4117u 
  900.00000m   79.6018u 
  950.00000m   90.1029u 
    1.00000   100.8437u 
y
 vth0_value= 239.6633m
 u0_param=  49.9728m
 ags_param= 423.6808m
 
   *** monte carlo  index = 22 ***
x

 volt         param     
             i_d_0.8    
    0.        110.6659p 
   50.00000m  566.6250p 
  100.00000m    2.8177n 
  150.00000m   13.1563n 
  200.00000m   55.6243n 
  250.00000m  208.3391n 
  300.00000m  680.1441n 
  350.00000m    1.8569u 
  400.00000m    4.1286u 
  450.00000m    7.6462u 
  500.00000m   12.3370u 
  550.00000m   18.0554u 
  600.00000m   24.6663u 
  650.00000m   32.0594u 
  700.00000m   40.1419u 
  750.00000m   48.8311u 
  800.00000m   58.0498u 
  850.00000m   67.7246u 
  900.00000m   77.7845u 
  950.00000m   88.1597u 
    1.00000    98.7797u 
y
 vth0_value= 245.1257m
 u0_param=  49.7099m
 ags_param= 423.1849m
 
   *** monte carlo  index = 23 ***
x

 volt         param     
             i_d_0.8    
    0.         92.8478p 
   50.00000m  475.9943p 
  100.00000m    2.3785n 
  150.00000m   11.2036n 
  200.00000m   47.9611n 
  250.00000m  182.1450n 
  300.00000m  604.6461n 
  350.00000m    1.6870u 
  400.00000m    3.8349u 
  450.00000m    7.2300u 
  500.00000m   11.8158u 
  550.00000m   17.4476u 
  600.00000m   23.9865u 
  650.00000m   31.3192u 
  700.00000m   39.3507u 
  750.00000m   47.9972u 
  800.00000m   57.1808u 
  850.00000m   66.8277u 
  900.00000m   76.8663u 
  950.00000m   87.2270u 
    1.00000    97.8394u 
y
 vth0_value= 250.6569m
 u0_param=  50.0791m
 ags_param= 418.3521m
 
   *** monte carlo  index = 24 ***
x

 volt         param     
             i_d_0.8    
    0.         85.9225p 
   50.00000m  440.4782p 
  100.00000m    2.2035n 
  150.00000m   10.4023n 
  200.00000m   44.6748n 
  250.00000m  170.2952n 
  300.00000m  567.8676n 
  350.00000m    1.5938u 
  400.00000m    3.6457u 
  450.00000m    6.9088u 
  500.00000m   11.3341u 
  550.00000m   16.7824u 
  600.00000m   23.1189u 
  650.00000m   30.2330u 
  700.00000m   38.0324u 
  750.00000m   46.4352u 
  800.00000m   55.3657u 
  850.00000m   64.7518u 
  900.00000m   74.5239u 
  950.00000m   84.6135u 
    1.00000    94.9520u 
y
 vth0_value= 252.0910m
 u0_param=  48.6888m
 ags_param= 419.1840m
 
   *** monte carlo  index = 25 ***
x

 volt         param     
             i_d_0.8    
    0.        210.8051p 
   50.00000m    1.0722n 
  100.00000m    5.2346n 
  150.00000m   23.6747n 
  200.00000m   95.9572n 
  250.00000m  343.0548n 
  300.00000m    1.0558u 
  350.00000m    2.6778u 
  400.00000m    5.5488u 
  450.00000m    9.7270u 
  500.00000m   15.0907u 
  550.00000m   21.4850u 
  600.00000m   28.7766u 
  650.00000m   36.8566u 
  700.00000m   45.6314u 
  750.00000m   55.0160u 
  800.00000m   64.9306u 
  850.00000m   75.2986u 
  900.00000m   86.0459u 
  950.00000m   97.0991u 
    1.00000   108.3837u 
y
 vth0_value= 227.1532m
 u0_param=  52.0176m
 ags_param= 425.0470m
 
   *** monte carlo  index = 26 ***
x

 volt         param     
             i_d_0.8    
    0.         67.9859p 
   50.00000m  348.7452p 
  100.00000m    1.7542n 
  150.00000m    8.3687n 
  200.00000m   36.5031n 
  250.00000m  141.6339n 
  300.00000m  482.1734n 
  350.00000m    1.3909u 
  400.00000m    3.2755u 
  450.00000m    6.3593u 
  500.00000m   10.6177u 
  550.00000m   15.9164u 
  600.00000m   22.1172u 
  650.00000m   29.1064u 
  700.00000m   36.7897u 
  750.00000m   45.0842u 
  800.00000m   53.9138u 
  850.00000m   63.2061u 
  900.00000m   72.8917u 
  950.00000m   82.9024u 
    1.00000    93.1699u 
y
 vth0_value= 259.2312m
 u0_param=  48.7965m
 ags_param= 427.3644m
 
   *** monte carlo  index = 27 ***
x

 volt         param     
             i_d_0.8    
    0.        112.9302p 
   50.00000m  578.2881p 
  100.00000m    2.8757n 
  150.00000m   13.4260n 
  200.00000m   56.7576n 
  250.00000m  212.5440n 
  300.00000m  693.6733n 
  350.00000m    1.8931u 
  400.00000m    4.2075u 
  450.00000m    7.7895u 
  500.00000m   12.5644u 
  550.00000m   18.3832u 
  600.00000m   25.1084u 
  650.00000m   32.6274u 
  700.00000m   40.8458u 
  750.00000m   49.6793u 
  800.00000m   59.0495u 
  850.00000m   68.8819u 
  900.00000m   79.1043u 
  950.00000m   89.6460u 
    1.00000   100.4356u 
y
 vth0_value= 245.0852m
 u0_param=  50.5997m
 ags_param= 437.1656m
 
   *** monte carlo  index = 28 ***
x

 volt         param     
             i_d_0.8    
    0.        218.7285p 
   50.00000m    1.1111n 
  100.00000m    5.4103n 
  150.00000m   24.3664n 
  200.00000m   98.2454n 
  250.00000m  349.2638n 
  300.00000m    1.0671u 
  350.00000m    2.6832u 
  400.00000m    5.5171u 
  450.00000m    9.6156u 
  500.00000m   14.8590u 
  550.00000m   21.0989u 
  600.00000m   28.2080u 
  650.00000m   36.0823u 
  700.00000m   44.6316u 
  750.00000m   53.7740u 
  800.00000m   63.4321u 
  850.00000m   73.5316u 
  900.00000m   84.0001u 
  950.00000m   94.7659u 
    1.00000   105.7557u 
y
 vth0_value= 224.9384m
 u0_param=  50.2732m
 ags_param= 423.9283m
 
   *** monte carlo  index = 29 ***
x

 volt         param     
             i_d_0.8    
    0.         54.1580p 
   50.00000m  277.6725p 
  100.00000m    1.4027n 
  150.00000m    6.7510n 
  200.00000m   29.8451n 
  250.00000m  117.6457n 
  300.00000m  407.8076n 
  350.00000m    1.2049u 
  400.00000m    2.9140u 
  450.00000m    5.7873u 
  500.00000m    9.8259u 
  550.00000m   14.9037u 
  600.00000m   20.8831u 
  650.00000m   27.6493u 
  700.00000m   35.1076u 
  750.00000m   43.1759u 
  800.00000m   51.7785u 
  850.00000m   60.8443u 
  900.00000m   70.3046u 
  950.00000m   80.0923u 
    1.00000    90.1407u 
y
 vth0_value= 265.6367m
 u0_param=  48.0817m
 ags_param= 416.9105m
 
   *** monte carlo  index = 30 ***
x

 volt         param     
             i_d_0.8    
    0.         57.4198p 
   50.00000m  294.5156p 
  100.00000m    1.4868n 
  150.00000m    7.1448n 
  200.00000m   31.5116n 
  250.00000m  123.8605n 
  300.00000m  427.9361n 
  350.00000m    1.2588u 
  400.00000m    3.0292u 
  450.00000m    5.9902u 
  500.00000m   10.1373u 
  550.00000m   15.3399u 
  600.00000m   21.4575u 
  650.00000m   28.3732u 
  700.00000m   35.9908u 
  750.00000m   44.2264u 
  800.00000m   53.0032u 
  850.00000m   62.2484u 
  900.00000m   71.8925u 
  950.00000m   81.8671u 
    1.00000    92.1044u 
y
 vth0_value= 264.4992m
 u0_param=  49.0408m
 ags_param= 414.5254m
 
   *** monte carlo  index = 31 ***
x

 volt         param     
             i_d_0.8    
    0.        222.5021p 
   50.00000m    1.1304n 
  100.00000m    5.5048n 
  150.00000m   24.7950n 
  200.00000m   99.9861n 
  250.00000m  355.4764n 
  300.00000m    1.0861u 
  350.00000m    2.7312u 
  400.00000m    5.6157u 
  450.00000m    9.7869u 
  500.00000m   15.1222u 
  550.00000m   21.4697u 
  600.00000m   28.6997u 
  650.00000m   36.7058u 
  700.00000m   45.3963u 
  750.00000m   54.6876u 
  800.00000m   64.5011u 
  850.00000m   74.7614u 
  900.00000m   85.3950u 
  950.00000m   96.3292u 
    1.00000   107.4901u 
y
 vth0_value= 225.0124m
 u0_param=  51.2007m
 ags_param= 422.1839m
 
   *** monte carlo  index = 32 ***
x

 volt         param     
             i_d_0.8    
    0.         97.2401p 
   50.00000m  498.2063p 
  100.00000m    2.4848n 
  150.00000m   11.6653n 
  200.00000m   49.6997n 
  250.00000m  187.7530n 
  300.00000m  619.3833n 
  350.00000m    1.7141u 
  400.00000m    3.8641u 
  450.00000m    7.2364u 
  500.00000m   11.7702u 
  550.00000m   17.3238u 
  600.00000m   23.7632u 
  650.00000m   30.9788u 
  700.00000m   38.8786u 
  750.00000m   47.3808u 
  800.00000m   56.4094u 
  850.00000m   65.8921u 
  900.00000m   75.7587u 
  950.00000m   85.9406u 
    1.00000    96.3684u 
y
 vth0_value= 248.5045m
 u0_param=  48.9106m
 ags_param= 422.5508m
 
   *** monte carlo  index = 33 ***
x

 volt         param     
             i_d_0.8    
    0.        109.7418p 
   50.00000m  561.9717p 
  100.00000m    2.7956n 
  150.00000m   13.0618n 
  200.00000m   55.2751n 
  250.00000m  207.2380n 
  300.00000m  677.3640n 
  350.00000m    1.8521u 
  400.00000m    4.1245u 
  450.00000m    7.6481u 
  500.00000m   12.3507u 
  550.00000m   18.0860u 
  600.00000m   24.7181u 
  650.00000m   32.1360u 
  700.00000m   40.2462u 
  750.00000m   48.9655u 
  800.00000m   58.2165u 
  850.00000m   67.9256u 
  900.00000m   78.0213u 
  950.00000m   88.4336u 
    1.00000    99.0918u 
y
 vth0_value= 245.5313m
 u0_param=  49.9468m
 ags_param= 423.3570m
 
   *** monte carlo  index = 34 ***
x

 volt         param     
             i_d_0.8    
    0.         67.6521p 
   50.00000m  347.0296p 
  100.00000m    1.7457n 
  150.00000m    8.3297n 
  200.00000m   36.3420n 
  250.00000m  141.0506n 
  300.00000m  480.3504n 
  350.00000m    1.3862u 
  400.00000m    3.2661u 
  450.00000m    6.3436u 
  500.00000m   10.5947u 
  550.00000m   15.8849u 
  600.00000m   22.0763u 
  650.00000m   29.0552u 
  700.00000m   36.7273u 
  750.00000m   45.0098u 
  800.00000m   53.8265u 
  850.00000m   63.1052u 
  900.00000m   72.7764u 
  950.00000m   82.7722u 
    1.00000    93.0243u 
y
 vth0_value= 259.3511m
 u0_param=  48.7525m
 ags_param= 412.2984m
 
   *** monte carlo  index = 35 ***
x

 volt         param     
             i_d_0.8    
    0.        281.0776p 
   50.00000m    1.4219n 
  100.00000m    6.8615n 
  150.00000m   30.4586n 
  200.00000m  120.6530n 
  250.00000m  420.5571n 
  300.00000m    1.2520u 
  350.00000m    3.0544u 
  400.00000m    6.1142u 
  450.00000m   10.4440u 
  500.00000m   15.9122u 
  550.00000m   22.3702u 
  600.00000m   29.6935u 
  650.00000m   37.7790u 
  700.00000m   46.5373u 
  750.00000m   55.8858u 
  800.00000m   65.7469u 
  850.00000m   76.0455u 
  900.00000m   86.7085u 
  950.00000m   97.6631u 
    1.00000   108.8347u 
y
 vth0_value= 217.6458m
 u0_param=  50.7204m
 ags_param= 430.9774m
 
   *** monte carlo  index = 36 ***
x

 volt         param     
             i_d_0.8    
    0.         66.1069p 
   50.00000m  339.1426p 
  100.00000m    1.7072n 
  150.00000m    8.1574n 
  200.00000m   35.6638n 
  250.00000m  138.7476n 
  300.00000m  473.7845n 
  350.00000m    1.3722u 
  400.00000m    3.2456u 
  450.00000m    6.3244u 
  500.00000m   10.5876u 
  550.00000m   15.9002u 
  600.00000m   22.1226u 
  650.00000m   29.1395u 
  700.00000m   36.8555u 
  750.00000m   45.1869u 
  800.00000m   54.0570u 
  850.00000m   63.3929u 
  900.00000m   73.1247u 
  950.00000m   83.1838u 
    1.00000    93.5019u 
y
 vth0_value= 260.3254m
 u0_param=  49.1741m
 ags_param= 417.2258m
 
   *** monte carlo  index = 37 ***
x

 volt         param     
             i_d_0.8    
    0.         66.6698p 
   50.00000m  342.0725p 
  100.00000m    1.7221n 
  150.00000m    8.2291n 
  200.00000m   35.9815n 
  250.00000m  139.9994n 
  300.00000m  478.1036n 
  350.00000m    1.3848u 
  400.00000m    3.2759u 
  450.00000m    6.3840u 
  500.00000m   10.6876u 
  550.00000m   16.0503u 
  600.00000m   22.3307u 
  650.00000m   29.4122u 
  700.00000m   37.1984u 
  750.00000m   45.6049u 
  800.00000m   54.5541u 
  850.00000m   63.9726u 
  900.00000m   73.7898u 
  950.00000m   83.9366u 
    1.00000    94.3441u 
y
 vth0_value= 260.3857m
 u0_param=  49.6621m
 ags_param= 421.0989m
 
   *** monte carlo  index = 38 ***
x

 volt         param     
             i_d_0.8    
    0.         87.3893p 
   50.00000m  448.1400p 
  100.00000m    2.2426n 
  150.00000m   10.5931n 
  200.00000m   45.5300n 
  250.00000m  173.6969n 
  300.00000m  579.7126n 
  350.00000m    1.6289u 
  400.00000m    3.7301u 
  450.00000m    7.0749u 
  500.00000m   11.6126u 
  550.00000m   17.1996u 
  600.00000m   23.6965u 
  650.00000m   30.9890u 
  700.00000m   38.9820u 
  750.00000m   47.5914u 
  800.00000m   56.7393u 
  850.00000m   66.3518u 
  900.00000m   76.3576u 
  950.00000m   86.6870u 
    1.00000    97.2700u 
y
 vth0_value= 252.4674m
 u0_param=  50.0527m
 ags_param= 417.2582m
 
   *** monte carlo  index = 39 ***
x

 volt         param     
             i_d_0.8    
    0.         47.2976p 
   50.00000m  242.3163p 
  100.00000m    1.2270n 
  150.00000m    5.9348n 
  200.00000m   26.4438n 
  250.00000m  105.2284n 
  300.00000m  368.6621n 
  350.00000m    1.1047u 
  400.00000m    2.7149u 
  450.00000m    5.4682u 
  500.00000m    9.3816u 
  550.00000m   14.3348u 
  600.00000m   20.1904u 
  650.00000m   26.8327u 
  700.00000m   34.1670u 
  750.00000m   42.1111u 
  800.00000m   50.5898u 
  850.00000m   59.5322u 
  900.00000m   68.8703u 
  950.00000m   78.5377u 
    1.00000    88.4681u 
y
 vth0_value= 269.5016m
 u0_param=  47.7209m
 ags_param= 413.4739m
 
   *** monte carlo  index = 40 ***
x

 volt         param     
             i_d_0.8    
    0.        121.3983p 
   50.00000m  620.8820p 
  100.00000m    3.0776n 
  150.00000m   14.2870n 
  200.00000m   59.9292n 
  250.00000m  222.5258n 
  300.00000m  718.8075n 
  350.00000m    1.9359u 
  400.00000m    4.2468u 
  450.00000m    7.7819u 
  500.00000m   12.4615u 
  550.00000m   18.1429u 
  600.00000m   24.6959u 
  650.00000m   32.0140u 
  700.00000m   40.0071u 
  750.00000m   48.5947u 
  800.00000m   57.7011u 
  850.00000m   67.2544u 
  900.00000m   77.1845u 
  950.00000m   87.4226u 
    1.00000    97.8988u 
y
 vth0_value= 241.6579m
 u0_param=  48.6752m
 ags_param= 429.6083m
 
   *** monte carlo  index = 41 ***
x

 volt         param     
             i_d_0.8    
    0.         70.3608p 
   50.00000m  360.9527p 
  100.00000m    1.8146n 
  150.00000m    8.6471n 
  200.00000m   37.6532n 
  250.00000m  145.8062n 
  300.00000m  495.2228n 
  350.00000m    1.4241u 
  400.00000m    3.3424u 
  450.00000m    6.4706u 
  500.00000m   10.7806u 
  550.00000m   16.1359u 
  600.00000m   22.3975u 
  650.00000m   29.4509u 
  700.00000m   37.2011u 
  750.00000m   45.5648u 
  800.00000m   54.4652u 
  850.00000m   63.8295u 
  900.00000m   73.5878u 
  950.00000m   83.6714u 
    1.00000    94.0118u 
y
 vth0_value= 258.4408m
 u0_param=  49.1736m
 ags_param= 410.4518m
 
   *** monte carlo  index = 42 ***
x

 volt         param     
             i_d_0.8    
    0.        108.2618p 
   50.00000m  554.4763p 
  100.00000m    2.7596n 
  150.00000m   12.9042n 
  200.00000m   54.6713n 
  250.00000m  205.2349n 
  300.00000m  671.8472n 
  350.00000m    1.8407u 
  400.00000m    4.1072u 
  450.00000m    7.6280u 
  500.00000m   12.3322u 
  550.00000m   18.0729u 
  600.00000m   24.7135u 
  650.00000m   32.1423u 
  700.00000m   40.2655u 
  750.00000m   48.9996u 
  800.00000m   58.2670u 
  850.00000m   67.9935u 
  900.00000m   78.1079u 
  950.00000m   88.5399u 
    1.00000    99.2187u 
y
 vth0_value= 246.0419m
 u0_param=  50.1043m
 ags_param= 419.4142m
 
   *** monte carlo  index = 43 ***
x

 volt         param     
             i_d_0.8    
    0.         65.1800p 
   50.00000m  334.3840p 
  100.00000m    1.6837n 
  150.00000m    8.0497n 
  200.00000m   35.2234n 
  250.00000m  137.1710n 
  300.00000m  468.9388n 
  350.00000m    1.3602u 
  400.00000m    3.2227u 
  450.00000m    6.2886u 
  500.00000m   10.5386u 
  550.00000m   15.8382u 
  600.00000m   22.0477u 
  650.00000m   29.0516u 
  700.00000m   36.7546u 
  750.00000m   45.0731u 
  800.00000m   53.9302u 
  850.00000m   63.2533u 
  900.00000m   72.9724u 
  950.00000m   83.0190u 
    1.00000    93.3247u 
y
 vth0_value= 260.7292m
 u0_param=  49.1389m
 ags_param= 415.9113m
 
   *** monte carlo  index = 44 ***
x

 volt         param     
             i_d_0.8    
    0.         23.2070p 
   50.00000m  117.5510p 
  100.00000m  600.9479p 
  150.00000m    2.9765n 
  200.00000m   13.8000n 
  250.00000m   57.7846n 
  300.00000m  214.1319n 
  350.00000m  689.8520n 
  400.00000m    1.8512u 
  450.00000m    4.0455u 
  500.00000m    7.3886u 
  550.00000m   11.8005u 
  600.00000m   17.1447u 
  650.00000m   23.2977u 
  700.00000m   30.1591u 
  750.00000m   37.6442u 
  800.00000m   45.6775u 
  850.00000m   54.1884u 
  900.00000m   63.1099u 
  950.00000m   72.3769u 
    1.00000    81.9254u 
y
 vth0_value= 290.9051m
 u0_param=  47.1684m
 ags_param= 412.9749m
 
   *** monte carlo  index = 45 ***
x

 volt         param     
             i_d_0.8    
    0.         70.2222p 
   50.00000m  360.3689p 
  100.00000m    1.8130n 
  150.00000m    8.6511n 
  200.00000m   37.7451n 
  250.00000m  146.4868n 
  300.00000m  498.7608n 
  350.00000m    1.4389u 
  400.00000m    3.3890u 
  450.00000m    6.5798u 
  500.00000m   10.9848u 
  550.00000m   16.4636u 
  600.00000m   22.8725u 
  650.00000m   30.0930u 
  700.00000m   38.0271u 
  750.00000m   46.5891u 
  800.00000m   55.7000u 
  850.00000m   65.2855u 
  900.00000m   75.2737u 
  950.00000m   85.5946u 
    1.00000    96.1784u 
y
 vth0_value= 259.3793m
 u0_param=  50.5410m
 ags_param= 430.0638m
 
   *** monte carlo  index = 46 ***
x

 volt         param     
             i_d_0.8    
    0.        189.2967p 
   50.00000m  963.1955p 
  100.00000m    4.7093n 
  150.00000m   21.3531n 
  200.00000m   86.8349n 
  250.00000m  311.6437n 
  300.00000m  964.0688n 
  350.00000m    2.4605u 
  400.00000m    5.1285u 
  450.00000m    9.0317u 
  500.00000m   14.0605u 
  550.00000m   20.0704u 
  600.00000m   26.9362u 
  650.00000m   34.5555u 
  700.00000m   42.8399u 
  750.00000m   51.7093u 
  800.00000m   61.0879u 
  850.00000m   70.9032u 
  900.00000m   81.0844u 
  950.00000m   91.5614u 
    1.00000   102.2627u 
y
 vth0_value= 228.4717m
 u0_param=  48.9990m
 ags_param= 414.6133m
 
   *** monte carlo  index = 47 ***
x

 volt         param     
             i_d_0.8    
    0.         21.7268p 
   50.00000m  109.8638p 
  100.00000m  562.1967p 
  150.00000m    2.7920n 
  200.00000m   13.0055n 
  250.00000m   54.8073n 
  300.00000m  204.5249n 
  350.00000m  664.5760n 
  400.00000m    1.8031u 
  450.00000m    3.9830u 
  500.00000m    7.3364u 
  550.00000m   11.7877u 
  600.00000m   17.1968u 
  650.00000m   23.4356u 
  700.00000m   30.4001u 
  750.00000m   38.0030u 
  800.00000m   46.1664u 
  850.00000m   54.8184u 
  900.00000m   63.8902u 
  950.00000m   73.3158u 
    1.00000    83.0300u 
y
 vth0_value= 293.7068m
 u0_param=  48.3070m
 ags_param= 413.4605m
 
   *** monte carlo  index = 48 ***
x

 volt         param     
             i_d_0.8    
    0.         95.4945p 
   50.00000m  489.2313p 
  100.00000m    2.4404n 
  150.00000m   11.4598n 
  200.00000m   48.8442n 
  250.00000m  184.6114n 
  300.00000m  609.4001n 
  350.00000m    1.6879u 
  400.00000m    3.8082u 
  450.00000m    7.1368u 
  500.00000m   11.6144u 
  550.00000m   17.1016u 
  600.00000m   23.4659u 
  650.00000m   30.5990u 
  700.00000m   38.4100u 
  750.00000m   46.8180u 
  800.00000m   55.7478u 
  850.00000m   65.1278u 
  900.00000m   74.8887u 
  950.00000m   84.9623u 
    1.00000    95.2799u 
y
 vth0_value= 248.6788m
 u0_param=  48.3480m
 ags_param= 413.1238m
 
   *** monte carlo  index = 49 ***
x

 volt         param     
             i_d_0.8    
    0.         70.8151p 
   50.00000m  363.2907p 
  100.00000m    1.8262n 
  150.00000m    8.7008n 
  200.00000m   37.8772n 
  250.00000m  146.6282n 
  300.00000m  497.8344n 
  350.00000m    1.4309u 
  400.00000m    3.3567u 
  450.00000m    6.4955u 
  500.00000m   10.8187u 
  550.00000m   16.1894u 
  600.00000m   22.4683u 
  650.00000m   29.5407u 
  700.00000m   37.3115u 
  750.00000m   45.6972u 
  800.00000m   54.6209u 
  850.00000m   64.0096u 
  900.00000m   73.7933u 
  950.00000m   83.9031u 
    1.00000    94.2703u 
y
 vth0_value= 258.3180m
 u0_param=  49.2834m
 ags_param= 423.8507m
 
   *** monte carlo  index = 50 ***
x

 volt         param     
             i_d_0.8    
    0.         75.0999p 
   50.00000m  385.2269p 
  100.00000m    1.9338n 
  150.00000m    9.1896n 
  200.00000m   39.8485n 
  250.00000m  153.5669n 
  300.00000m  518.6792n 
  350.00000m    1.4805u 
  400.00000m    3.4474u 
  450.00000m    6.6296u 
  500.00000m   10.9921u 
  550.00000m   16.3967u 
  600.00000m   22.7049u 
  650.00000m   29.8030u 
  700.00000m   37.5964u 
  750.00000m   46.0020u 
  800.00000m   54.9429u 
  850.00000m   64.3465u 
  900.00000m   74.1424u 
  950.00000m   84.2622u 
    1.00000    94.6368u 
y
 vth0_value= 256.5020m
 u0_param=  49.2190m
 ags_param= 411.1463m
 
   *** monte carlo  index = 51 ***
x

 volt         param     
             i_d_0.8    
    0.        101.2051p 
   50.00000m  518.5431p 
  100.00000m    2.5851n 
  150.00000m   12.1247n 
  200.00000m   51.5886n 
  250.00000m  194.5888n 
  300.00000m  640.6954n 
  350.00000m    1.7686u 
  400.00000m    3.9765u 
  450.00000m    7.4307u 
  500.00000m   12.0664u 
  550.00000m   17.7381u 
  600.00000m   24.3091u 
  650.00000m   31.6674u 
  700.00000m   39.7191u 
  750.00000m   48.3810u 
  800.00000m   57.5755u 
  850.00000m   67.2291u 
  900.00000m   77.2706u 
  950.00000m   87.6301u 
    1.00000    98.2376u 
y
 vth0_value= 247.9302m
 u0_param=  49.8803m
 ags_param= 406.1876m
 
   *** monte carlo  index = 52 ***
x

 volt         param     
             i_d_0.8    
    0.         98.6303p 
   50.00000m  505.4266p 
  100.00000m    2.5213n 
  150.00000m   11.8397n 
  200.00000m   50.4611n 
  250.00000m  190.6960n 
  300.00000m  629.3132n 
  350.00000m    1.7424u 
  400.00000m    3.9295u 
  450.00000m    7.3610u 
  500.00000m   11.9745u 
  550.00000m   17.6253u 
  600.00000m   24.1761u 
  650.00000m   31.5150u 
  700.00000m   39.5481u 
  750.00000m   48.1921u 
  800.00000m   57.3694u 
  850.00000m   67.0066u 
  900.00000m   77.0326u 
  950.00000m   87.3776u 
    1.00000    97.9714u 
y
 vth0_value= 248.6797m
 u0_param=  49.8375m
 ags_param= 416.6961m
 
   *** monte carlo  index = 53 ***
x

 volt         param     
             i_d_0.8    
    0.         60.8622p 
   50.00000m  312.1982p 
  100.00000m    1.5741n 
  150.00000m    7.5456n 
  200.00000m   33.1513n 
  250.00000m  129.7170n 
  300.00000m  445.8805n 
  350.00000m    1.3027u 
  400.00000m    3.1113u 
  450.00000m    6.1128u 
  500.00000m   10.2955u 
  550.00000m   15.5278u 
  600.00000m   21.6699u 
  650.00000m   28.6064u 
  700.00000m   36.2417u 
  750.00000m   44.4924u 
  800.00000m   53.2820u 
  850.00000m   62.5381u 
  900.00000m   72.1910u 
  950.00000m   82.1726u 
    1.00000    92.4148u 
y
 vth0_value= 262.6518m
 u0_param=  48.9098m
 ags_param= 425.7453m
 
   *** monte carlo  index = 54 ***
x

 volt         param     
             i_d_0.8    
    0.         17.9680p 
   50.00000m   90.2547p 
  100.00000m  462.3414p 
  150.00000m    2.3068n 
  200.00000m   10.8380n 
  250.00000m   46.2263n 
  300.00000m  174.8396n 
  350.00000m  577.5223n 
  400.00000m    1.6006u 
  450.00000m    3.6127u 
  500.00000m    6.7705u 
  550.00000m   11.0152u 
  600.00000m   16.2115u 
  650.00000m   22.2320u 
  700.00000m   28.9728u 
  750.00000m   36.3472u 
  800.00000m   44.2785u 
  850.00000m   52.6957u 
  900.00000m   61.5315u 
  950.00000m   70.7207u 
    1.00000    80.1997u 
y
 vth0_value= 299.0068m
 u0_param=  47.3913m
 ags_param= 407.8914m
 
   *** monte carlo  index = 55 ***
x

 volt         param     
             i_d_0.8    
    0.         91.1873p 
   50.00000m  467.6354p 
  100.00000m    2.3388n 
  150.00000m   11.0350n 
  200.00000m   47.3509n 
  250.00000m  180.2958n 
  300.00000m  600.3258n 
  350.00000m    1.6816u 
  400.00000m    3.8383u 
  450.00000m    7.2603u 
  500.00000m   11.8930u 
  550.00000m   17.5890u 
  600.00000m   24.2067u 
  650.00000m   31.6300u 
  700.00000m   39.7620u 
  750.00000m   48.5174u 
  800.00000m   57.8170u 
  850.00000m   67.5859u 
  900.00000m   77.7517u 
  950.00000m   88.2438u 
    1.00000    98.9913u 
y
 vth0_value= 251.7270m
 u0_param=  50.9071m
 ags_param= 415.0889m
 
   *** monte carlo  index = 56 ***
x

 volt         param     
             i_d_0.8    
    0.        107.0769p 
   50.00000m  548.3868p 
  100.00000m    2.7295n 
  150.00000m   12.7651n 
  200.00000m   54.0928n 
  250.00000m  203.1134n 
  300.00000m  665.1172n 
  350.00000m    1.8230u 
  400.00000m    4.0695u 
  450.00000m    7.5608u 
  500.00000m   12.2268u 
  550.00000m   17.9223u 
  600.00000m   24.5116u 
  650.00000m   31.8839u 
  700.00000m   39.9462u 
  750.00000m   48.6156u 
  800.00000m   57.8149u 
  850.00000m   67.4706u 
  900.00000m   77.5119u 
  950.00000m   87.8689u 
    1.00000    98.4714u 
y
 vth0_value= 246.1263m
 u0_param=  49.7200m
 ags_param= 407.7963m
 
   *** monte carlo  index = 57 ***
x

 volt         param     
             i_d_0.8    
    0.         81.1182p 
   50.00000m  416.0504p 
  100.00000m    2.0852n 
  150.00000m    9.8787n 
  200.00000m   42.6429n 
  250.00000m  163.4833n 
  300.00000m  548.8108n 
  350.00000m    1.5540u 
  400.00000m    3.5874u 
  450.00000m    6.8497u 
  500.00000m   11.2980u 
  550.00000m   16.7913u 
  600.00000m   23.1909u 
  650.00000m   30.3828u 
  700.00000m   38.2725u 
  750.00000m   46.7762u 
  800.00000m   55.8168u 
  850.00000m   65.3209u 
  900.00000m   75.2180u 
  950.00000m   85.4386u 
    1.00000    95.9136u 
y
 vth0_value= 254.4207m
 u0_param=  49.5971m
 ags_param= 420.2528m
 
   *** monte carlo  index = 58 ***
x

 volt         param     
             i_d_0.8    
    0.        106.6903p 
   50.00000m  546.4067p 
  100.00000m    2.7198n 
  150.00000m   12.7207n 
  200.00000m   53.9117n 
  250.00000m  202.4641n 
  300.00000m  663.1211n 
  350.00000m    1.8180u 
  400.00000m    4.0595u 
  450.00000m    7.5439u 
  500.00000m   12.2017u 
  550.00000m   17.8881u 
  600.00000m   24.4677u 
  650.00000m   31.8300u 
  700.00000m   39.8821u 
  750.00000m   48.5412u 
  800.00000m   57.7304u 
  850.00000m   67.3764u 
  900.00000m   77.4081u 
  950.00000m   87.7559u 
    1.00000    98.3495u 
y
 vth0_value= 246.1806m
 u0_param=  49.6354m
 ags_param= 426.4445m
 
   *** monte carlo  index = 59 ***
x

 volt         param     
             i_d_0.8    
    0.         63.7269p 
   50.00000m  326.9383p 
  100.00000m    1.6472n 
  150.00000m    7.8833n 
  200.00000m   34.5512n 
  250.00000m  134.8092n 
  300.00000m  461.8633n 
  350.00000m    1.3435u 
  400.00000m    3.1932u 
  450.00000m    6.2479u 
  500.00000m   10.4909u 
  550.00000m   15.7880u 
  600.00000m   21.9989u 
  650.00000m   29.0075u 
  700.00000m   36.7179u 
  750.00000m   45.0461u 
  800.00000m   53.9151u 
  850.00000m   63.2520u 
  900.00000m   72.9867u 
  950.00000m   83.0505u 
    1.00000    93.3751u 
y
 vth0_value= 261.5026m
 u0_param=  49.2799m
 ags_param= 424.8036m
 
   *** monte carlo  index = 60 ***
x

 volt         param     
             i_d_0.8    
    0.         71.8266p 
   50.00000m  368.5336p 
  100.00000m    1.8525n 
  150.00000m    8.8262n 
  200.00000m   38.4203n 
  250.00000m  148.7140n 
  300.00000m  504.8266n 
  350.00000m    1.4506u 
  400.00000m    3.4020u 
  450.00000m    6.5814u 
  500.00000m   10.9591u 
  550.00000m   16.3960u 
  600.00000m   22.7508u 
  650.00000m   29.9071u 
  700.00000m   37.7686u 
  750.00000m   46.2506u 
  800.00000m   55.2753u 
  850.00000m   64.7689u 
  900.00000m   74.6606u 
  950.00000m   84.8810u 
    1.00000    95.3606u 
y
 vth0_value= 258.2937m
 u0_param=  49.9086m
 ags_param= 419.3467m
 
   *** monte carlo  index = 61 ***
x

 volt         param     
             i_d_0.8    
    0.         74.6523p 
   50.00000m  382.9778p 
  100.00000m    1.9232n 
  150.00000m    9.1451n 
  200.00000m   39.6933n 
  250.00000m  153.1331n 
  300.00000m  517.8451n 
  350.00000m    1.4805u 
  400.00000m    3.4533u 
  450.00000m    6.6504u 
  500.00000m   11.0376u 
  550.00000m   16.4758u 
  600.00000m   22.8250u 
  650.00000m   29.9702u 
  700.00000m   37.8159u 
  750.00000m   46.2783u 
  800.00000m   55.2799u 
  850.00000m   64.7474u 
  900.00000m   74.6101u 
  950.00000m   84.7989u 
    1.00000    95.2447u 
y
 vth0_value= 256.9472m
 u0_param=  49.6269m
 ags_param= 417.7555m
 
   *** monte carlo  index = 62 ***
x

 volt         param     
             i_d_0.8    
    0.        130.9916p 
   50.00000m  669.7445p 
  100.00000m    3.3151n 
  150.00000m   15.3512n 
  200.00000m   64.1701n 
  250.00000m  237.3453n 
  300.00000m  762.9096n 
  350.00000m    2.0418u 
  400.00000m    4.4514u 
  450.00000m    8.1164u 
  500.00000m   12.9501u 
  550.00000m   18.8051u 
  600.00000m   25.5480u 
  650.00000m   33.0699u 
  700.00000m   41.2787u 
  750.00000m   50.0916u 
  800.00000m   59.4316u 
  850.00000m   69.2248u 
  900.00000m   79.3999u 
  950.00000m   89.8864u 
    1.00000   100.6133u 
y
 vth0_value= 240.1779m
 u0_param=  49.9200m
 ags_param= 430.0093m
 
   *** monte carlo  index = 63 ***
x

 volt         param     
             i_d_0.8    
    0.        141.1632p 
   50.00000m  721.4822p 
  100.00000m    3.5660n 
  150.00000m   16.4700n 
  200.00000m   68.6031n 
  250.00000m  252.7326n 
  300.00000m  808.2697n 
  350.00000m    2.1494u 
  400.00000m    4.6565u 
  450.00000m    8.4479u 
  500.00000m   13.4298u 
  550.00000m   19.4501u 
  600.00000m   26.3727u 
  650.00000m   34.0864u 
  700.00000m   42.4971u 
  750.00000m   51.5202u 
  800.00000m   61.0770u 
  850.00000m   71.0921u 
  900.00000m   81.4929u 
  950.00000m   92.2076u 
    1.00000   103.1638u 
y
 vth0_value= 238.6705m
 u0_param=  51.0931m
 ags_param= 414.1368m
 
   *** monte carlo  index = 64 ***
x

 volt         param     
             i_d_0.8    
    0.        123.9541p 
   50.00000m  634.1260p 
  100.00000m    3.1441n 
  150.00000m   14.6028n 
  200.00000m   61.2895n 
  250.00000m  227.7017n 
  300.00000m  735.9564n 
  350.00000m    1.9836u 
  400.00000m    4.3542u 
  450.00000m    7.9822u 
  500.00000m   12.7851u 
  550.00000m   18.6151u 
  600.00000m   25.3376u 
  650.00000m   32.8425u 
  700.00000m   41.0372u 
  750.00000m   49.8385u 
  800.00000m   59.1689u 
  850.00000m   68.9546u 
  900.00000m   79.1241u 
  950.00000m   89.6068u 
    1.00000   100.3318u 
y
 vth0_value= 241.9349m
 u0_param=  50.0632m
 ags_param= 417.5791m
 
   *** monte carlo  index = 65 ***
x

 volt         param     
             i_d_0.8    
    0.         52.5359p 
   50.00000m  269.3643p 
  100.00000m    1.3619n 
  150.00000m    6.5664n 
  200.00000m   29.1089n 
  250.00000m  115.1166n 
  300.00000m  400.4790n 
  350.00000m    1.1889u 
  400.00000m    2.8907u 
  450.00000m    5.7675u 
  500.00000m    9.8253u 
  550.00000m   14.9374u 
  600.00000m   20.9633u 
  650.00000m   27.7860u 
  700.00000m   35.3091u 
  750.00000m   43.4490u 
  800.00000m   52.1291u 
  850.00000m   61.2773u 
  900.00000m   70.8242u 
  950.00000m   80.7021u 
    1.00000    90.8437u 
y
 vth0_value= 266.9830m
 u0_param=  48.7235m
 ags_param= 401.1753m
 
   *** monte carlo  index = 66 ***
x

 volt         param     
             i_d_0.8    
    0.         65.2117p 
   50.00000m  334.4420p 
  100.00000m    1.6830n 
  150.00000m    8.0368n 
  200.00000m   35.1072n 
  250.00000m  136.4570n 
  300.00000m  465.5163n 
  350.00000m    1.3465u 
  400.00000m    3.1807u 
  450.00000m    6.1914u 
  500.00000m   10.3575u 
  550.00000m   15.5481u 
  600.00000m   21.6278u 
  650.00000m   28.4846u 
  700.00000m   36.0258u 
  750.00000m   44.1701u 
  800.00000m   52.8425u 
  850.00000m   61.9718u 
  900.00000m   71.4896u 
  950.00000m   81.3288u 
    1.00000    91.4221u 
y
 vth0_value= 259.9155m
 u0_param=  47.9302m
 ags_param= 411.0756m
 
   *** monte carlo  index = 67 ***
x

 volt         param     
             i_d_0.8    
    0.         76.9240p 
   50.00000m  394.5344p 
  100.00000m    1.9792n 
  150.00000m    9.3930n 
  200.00000m   40.6530n 
  250.00000m  156.3275n 
  300.00000m  526.6778n 
  350.00000m    1.4984u 
  400.00000m    3.4766u 
  450.00000m    6.6663u 
  500.00000m   11.0296u 
  550.00000m   16.4285u 
  600.00000m   22.7258u 
  650.00000m   29.8087u 
  700.00000m   37.5834u 
  750.00000m   45.9671u 
  800.00000m   54.8836u 
  850.00000m   64.2604u 
  900.00000m   74.0275u 
  950.00000m   84.1165u 
    1.00000    94.4588u 
y
 vth0_value= 255.6192m
 u0_param=  48.9769m
 ags_param= 411.9302m
 
   *** monte carlo  index = 68 ***
x

 volt         param     
             i_d_0.8    
    0.        132.4517p 
   50.00000m  677.0102p 
  100.00000m    3.3488n 
  150.00000m   15.4890n 
  200.00000m   64.6449n 
  250.00000m  238.6985n 
  300.00000m  765.6705n 
  350.00000m    2.0438u 
  400.00000m    4.4445u 
  450.00000m    8.0878u 
  500.00000m   12.8868u 
  550.00000m   18.6959u 
  600.00000m   25.3835u 
  650.00000m   32.8424u 
  700.00000m   40.9816u 
  750.00000m   49.7194u 
  800.00000m   58.9793u 
  850.00000m   68.6884u 
  900.00000m   78.7758u 
  950.00000m   89.1717u 
    1.00000    99.8054u 
y
 vth0_value= 239.4931m
 u0_param=  49.3795m
 ags_param= 425.1408m
 
   *** monte carlo  index = 69 ***
x

 volt         param     
             i_d_0.8    
    0.        211.5180p 
   50.00000m    1.0754n 
  100.00000m    5.2465n 
  150.00000m   23.7014n 
  200.00000m   95.9282n 
  250.00000m  342.4335n 
  300.00000m    1.0518u 
  350.00000m    2.6617u 
  400.00000m    5.5041u 
  450.00000m    9.6341u 
  500.00000m   14.9316u 
  550.00000m   21.2446u 
  600.00000m   28.4427u 
  650.00000m   36.4189u 
  700.00000m   45.0813u 
  750.00000m   54.3462u 
  800.00000m   64.1350u 
  850.00000m   74.3723u 
  900.00000m   84.9845u 
  950.00000m   95.8993u 
    1.00000   107.0426u 
y
 vth0_value= 226.5395m
 u0_param=  51.1987m
 ags_param= 429.2956m
 
   *** monte carlo  index = 70 ***
x

 volt         param     
             i_d_0.8    
    0.         33.9512p 
   50.00000m  173.3861p 
  100.00000m  883.0540p 
  150.00000m    4.3269n 
  200.00000m   19.6907n 
  250.00000m   80.4409n 
  300.00000m  290.0866n 
  350.00000m  902.7380n 
  400.00000m    2.3201u 
  450.00000m    4.8655u 
  500.00000m    8.6052u 
  550.00000m   13.4322u 
  600.00000m   19.2028u 
  650.00000m   25.7930u 
  700.00000m   33.1018u 
  750.00000m   41.0430u 
  800.00000m   49.5389u 
  850.00000m   58.5166u 
  900.00000m   67.9068u 
  950.00000m   77.6420u 
    1.00000    87.6554u 
y
 vth0_value= 280.4317m
 u0_param=  48.9885m
 ags_param= 411.4417m
 
   *** monte carlo  index = 71 ***
x

 volt         param     
             i_d_0.8    
    0.         38.6113p 
   50.00000m  197.4383p 
  100.00000m    1.0028n 
  150.00000m    4.8846n 
  200.00000m   22.0109n 
  250.00000m   88.8126n 
  300.00000m  315.9896n 
  350.00000m  966.3468n 
  400.00000m    2.4321u 
  450.00000m    5.0037u 
  500.00000m    8.7230u 
  550.00000m   13.4797u 
  600.00000m   19.1376u 
  650.00000m   25.5804u 
  700.00000m   32.7129u 
  750.00000m   40.4533u 
  800.00000m   48.7273u 
  850.00000m   57.4648u 
  900.00000m   66.5988u 
  950.00000m   76.0636u 
    1.00000    85.7945u 
y
 vth0_value= 275.2188m
 u0_param=  47.0534m
 ags_param= 405.0954m
 
   *** monte carlo  index = 72 ***
x

 volt         param     
             i_d_0.8    
    0.        100.9744p 
   50.00000m  517.2862p 
  100.00000m    2.5782n 
  150.00000m   12.0871n 
  200.00000m   51.3985n 
  250.00000m  193.7507n 
  300.00000m  637.4814n 
  350.00000m    1.7581u 
  400.00000m    3.9493u 
  450.00000m    7.3747u 
  500.00000m   11.9698u 
  550.00000m   17.5910u 
  600.00000m   24.1034u 
  650.00000m   31.3963u 
  700.00000m   39.3772u 
  750.00000m   47.9635u 
  800.00000m   57.0787u 
  850.00000m   66.6496u 
  900.00000m   76.6059u 
  950.00000m   86.8782u 
    1.00000    97.3967u 
y
 vth0_value= 247.6608m
 u0_param=  49.3580m
 ags_param= 415.1413m
 
   *** monte carlo  index = 73 ***
x

 volt         param     
             i_d_0.8    
    0.         57.5819p 
   50.00000m  295.2615p 
  100.00000m    1.4896n 
  150.00000m    7.1496n 
  200.00000m   31.4751n 
  250.00000m  123.4569n 
  300.00000m  425.5654n 
  350.00000m    1.2481u 
  400.00000m    2.9934u 
  450.00000m    5.9026u 
  500.00000m    9.9690u 
  550.00000m   15.0650u 
  600.00000m   21.0547u 
  650.00000m   27.8245u 
  700.00000m   35.2812u 
  750.00000m   43.3430u 
  800.00000m   51.9349u 
  850.00000m   60.9861u 
  900.00000m   70.4282u 
  950.00000m   80.1944u 
    1.00000    90.2179u 
y
 vth0_value= 263.6072m
 u0_param=  47.8225m
 ags_param= 406.3311m
 
   *** monte carlo  index = 74 ***
x

 volt         param     
             i_d_0.8    
    0.        136.9585p 
   50.00000m  699.9935p 
  100.00000m    3.4609n 
  150.00000m   15.9932n 
  200.00000m   66.6688n 
  250.00000m  245.8339n 
  300.00000m  787.1680n 
  350.00000m    2.0965u 
  400.00000m    4.5490u 
  450.00000m    8.2634u 
  500.00000m   13.1494u 
  550.00000m   19.0584u 
  600.00000m   25.8570u 
  650.00000m   33.4360u 
  700.00000m   41.7033u 
  750.00000m   50.5757u 
  800.00000m   59.9758u 
  850.00000m   69.8296u 
  900.00000m   80.0653u 
  950.00000m   90.6122u 
    1.00000   101.3987u 
y
 vth0_value= 238.9889m
 u0_param=  50.1595m
 ags_param= 429.4737m
 
   *** monte carlo  index = 75 ***
x

 volt         param     
             i_d_0.8    
    0.        159.9449p 
   50.00000m  816.2947p 
  100.00000m    4.0191n 
  150.00000m   18.4382n 
  200.00000m   76.1197n 
  250.00000m  277.6974n 
  300.00000m  877.2312n 
  350.00000m    2.2970u 
  400.00000m    4.9033u 
  450.00000m    8.7939u 
  500.00000m   13.8661u 
  550.00000m   19.9680u 
  600.00000m   26.9653u 
  650.00000m   34.7487u 
  700.00000m   43.2249u 
  750.00000m   52.3099u 
  800.00000m   61.9249u 
  850.00000m   71.9950u 
  900.00000m   82.4472u 
  950.00000m   93.2096u 
    1.00000   104.2094u 
y
 vth0_value= 234.8634m
 u0_param=  51.0278m
 ags_param= 425.8260m
 
   *** monte carlo  index = 76 ***
x

 volt         param     
             i_d_0.8    
    0.         58.0135p 
   50.00000m  297.5077p 
  100.00000m    1.5010n 
  150.00000m    7.2046n 
  200.00000m   31.7190n 
  250.00000m  124.4201n 
  300.00000m  428.8986n 
  350.00000m    1.2579u 
  400.00000m    3.0170u 
  450.00000m    5.9493u 
  500.00000m   10.0478u 
  550.00000m   15.1838u 
  600.00000m   21.2199u 
  650.00000m   28.0419u 
  700.00000m   35.5553u 
  750.00000m   43.6781u 
  800.00000m   52.3345u 
  850.00000m   61.4532u 
  900.00000m   70.9653u 
  950.00000m   80.8036u 
    1.00000    90.9010u 
y
 vth0_value= 263.6380m
 u0_param=  48.2069m
 ags_param= 416.3440m
 
   *** monte carlo  index = 77 ***
x

 volt         param     
             i_d_0.8    
    0.         48.6356p 
   50.00000m  249.2696p 
  100.00000m    1.2621n 
  150.00000m    6.1036n 
  200.00000m   27.1859n 
  250.00000m  108.1289n 
  300.00000m  378.5882n 
  350.00000m    1.1335u 
  400.00000m    2.7828u 
  450.00000m    5.5998u 
  500.00000m    9.6001u 
  550.00000m   14.6600u 
  600.00000m   20.6385u 
  650.00000m   27.4175u 
  700.00000m   34.8999u 
  750.00000m   43.0019u 
  800.00000m   51.6466u 
  850.00000m   60.7619u 
  900.00000m   70.2785u 
  950.00000m   80.1288u 
    1.00000    90.2455u 
y
 vth0_value= 269.3279m
 u0_param=  48.7331m
 ags_param= 413.1625m
 
   *** monte carlo  index = 78 ***
x

 volt         param     
             i_d_0.8    
    0.        103.3546p 
   50.00000m  529.1385p 
  100.00000m    2.6331n 
  150.00000m   12.3107n 
  200.00000m   52.1490n 
  250.00000m  195.7610n 
  300.00000m  640.9151n 
  350.00000m    1.7563u 
  400.00000m    3.9199u 
  450.00000m    7.2825u 
  500.00000m   11.7781u 
  550.00000m   17.2681u 
  600.00000m   23.6229u 
  650.00000m   30.7365u 
  700.00000m   38.5196u 
  750.00000m   46.8926u 
  800.00000m   55.7810u 
  850.00000m   65.1141u 
  900.00000m   74.8230u 
  950.00000m   84.8399u 
    1.00000    95.0965u 
y
 vth0_value= 245.9409m
 u0_param=  47.8220m
 ags_param= 416.6985m
 
   *** monte carlo  index = 79 ***
x

 volt         param     
             i_d_0.8    
    0.         86.5291p 
   50.00000m  443.7667p 
  100.00000m    2.2214n 
  150.00000m   10.4993n 
  200.00000m   45.1659n 
  250.00000m  172.4740n 
  300.00000m  576.2810n 
  350.00000m    1.6217u 
  400.00000m    3.7192u 
  450.00000m    7.0632u 
  500.00000m   11.6038u 
  550.00000m   17.1972u 
  600.00000m   23.7032u 
  650.00000m   31.0072u 
  700.00000m   39.0135u 
  750.00000m   47.6376u 
  800.00000m   56.8016u 
  850.00000m   66.4313u 
  900.00000m   76.4554u 
  950.00000m   86.8038u 
    1.00000    97.4065u 
y
 vth0_value= 252.8595m
 u0_param=  50.1991m
 ags_param= 412.9986m
 
   *** monte carlo  index = 80 ***
x

 volt         param     
             i_d_0.8    
    0.         38.1367p 
   50.00000m  195.0249p 
  100.00000m  991.2133p 
  150.00000m    4.8341n 
  200.00000m   21.8277n 
  250.00000m   88.2951n 
  300.00000m  314.9963n 
  350.00000m  966.6688n 
  400.00000m    2.4430u 
  450.00000m    5.0448u 
  500.00000m    8.8189u 
  550.00000m   13.6535u 
  600.00000m   19.4086u 
  650.00000m   25.9647u 
  700.00000m   33.2241u 
  750.00000m   41.1030u 
  800.00000m   49.5252u 
  850.00000m   58.4194u 
  900.00000m   67.7171u 
  950.00000m   77.3518u 
    1.00000    87.2574u 
y
 vth0_value= 276.2881m
 u0_param=  48.0816m
 ags_param= 410.9995m
 
   *** monte carlo  index = 81 ***
x

 volt         param     
             i_d_0.8    
    0.         36.5066p 
   50.00000m  186.5805p 
  100.00000m  948.8166p 
  150.00000m    4.6335n 
  200.00000m   20.9681n 
  250.00000m   85.0550n 
  300.00000m  304.3760n 
  350.00000m  937.8595n 
  400.00000m    2.3817u 
  450.00000m    4.9400u 
  500.00000m    8.6648u 
  550.00000m   13.4470u 
  600.00000m   19.1476u 
  650.00000m   25.6469u 
  700.00000m   32.8477u 
  750.00000m   40.6664u 
  800.00000m   49.0273u 
  850.00000m   57.8592u 
  900.00000m   67.0941u 
  950.00000m   76.6657u 
    1.00000    86.5085u 
y
 vth0_value= 277.4441m
 u0_param=  47.8188m
 ags_param= 410.9022m
 
   *** monte carlo  index = 82 ***
x

 volt         param     
             i_d_0.8    
    0.        150.9645p 
   50.00000m  770.9592p 
  100.00000m    3.8024n 
  150.00000m   17.4964n 
  200.00000m   72.5165n 
  250.00000m  265.6987n 
  300.00000m  843.9418n 
  350.00000m    2.2250u 
  400.00000m    4.7807u 
  450.00000m    8.6174u 
  500.00000m   13.6367u 
  550.00000m   19.6870u 
  600.00000m   26.6336u 
  650.00000m   34.3667u 
  700.00000m   42.7928u 
  750.00000m   51.8279u 
  800.00000m   61.3935u 
  850.00000m   71.4146u 
  900.00000m   81.8185u 
  950.00000m   92.5336u 
    1.00000   103.4874u 
y
 vth0_value= 236.5388m
 u0_param=  50.9218m
 ags_param= 415.5678m
 
   *** monte carlo  index = 83 ***
x

 volt         param     
             i_d_0.8    
    0.        114.3261p 
   50.00000m  585.2158p 
  100.00000m    2.9076n 
  150.00000m   13.5542n 
  200.00000m   57.1790n 
  250.00000m  213.6340n 
  300.00000m  695.3250n 
  350.00000m    1.8909u 
  400.00000m    4.1879u 
  450.00000m    7.7320u 
  500.00000m   12.4474u 
  550.00000m   18.1884u 
  600.00000m   24.8202u 
  650.00000m   32.2329u 
  700.00000m   40.3338u 
  750.00000m   49.0403u 
  800.00000m   58.2753u 
  850.00000m   67.9654u 
  900.00000m   78.0394u 
  950.00000m   88.4275u 
    1.00000    99.0593u 
y
 vth0_value= 244.1500m
 u0_param=  49.7182m
 ags_param= 416.5635m
 
   *** monte carlo  index = 84 ***
x

 volt         param     
             i_d_0.8    
    0.         62.4887p 
   50.00000m  320.5001p 
  100.00000m    1.6146n 
  150.00000m    7.7266n 
  200.00000m   33.8605n 
  250.00000m  132.1025n 
  300.00000m  452.5791n 
  350.00000m    1.3165u 
  400.00000m    3.1290u 
  450.00000m    6.1226u 
  500.00000m   10.2816u 
  550.00000m   15.4751u 
  600.00000m   21.5662u 
  650.00000m   28.4413u 
  700.00000m   36.0067u 
  750.00000m   44.1802u 
  800.00000m   52.8863u 
  850.00000m   62.0533u 
  900.00000m   71.6124u 
  950.00000m   81.4961u 
    1.00000    91.6370u 
y
 vth0_value= 261.4369m
 u0_param=  48.2775m
 ags_param= 420.8747m
 
   *** monte carlo  index = 85 ***
x

 volt         param     
             i_d_0.8    
    0.        104.5265p 
   50.00000m  535.3171p 
  100.00000m    2.6652n 
  150.00000m   12.4711n 
  200.00000m   52.8884n 
  250.00000m  198.7716n 
  300.00000m  651.6485n 
  350.00000m    1.7888u 
  400.00000m    3.9993u 
  450.00000m    7.4397u 
  500.00000m   12.0427u 
  550.00000m   17.6651u 
  600.00000m   24.1732u 
  650.00000m   31.4576u 
  700.00000m   39.4263u 
  750.00000m   47.9975u 
  800.00000m   57.0948u 
  850.00000m   66.6457u 
  900.00000m   76.5798u 
  950.00000m   86.8281u 
    1.00000    97.3207u 
y
 vth0_value= 246.4610m
 u0_param=  49.1172m
 ags_param= 422.1344m
 
   *** monte carlo  index = 86 ***
x

 volt         param     
             i_d_0.8    
    0.         72.7898p 
   50.00000m  373.3990p 
  100.00000m    1.8757n 
  150.00000m    8.9258n 
  200.00000m   38.7832n 
  250.00000m  149.8094n 
  300.00000m  507.3586n 
  350.00000m    1.4534u 
  400.00000m    3.3973u 
  450.00000m    6.5543u 
  500.00000m   10.8928u 
  550.00000m   16.2752u 
  600.00000m   22.5629u 
  650.00000m   29.6418u 
  700.00000m   37.4171u 
  750.00000m   45.8055u 
  800.00000m   54.7302u 
  850.00000m   64.1185u 
  900.00000m   73.9003u 
  950.00000m   84.0068u 
    1.00000    94.3693u 
y
 vth0_value= 257.4387m
 u0_param=  49.2088m
 ags_param= 416.7712m
 
   *** monte carlo  index = 87 ***
x

 volt         param     
             i_d_0.8    
    0.        133.6193p 
   50.00000m  683.2519p 
  100.00000m    3.3820n 
  150.00000m   15.6602n 
  200.00000m   65.4563n 
  250.00000m  242.0656n 
  300.00000m  777.8841n 
  350.00000m    2.0812u 
  400.00000m    4.5356u 
  450.00000m    8.2671u 
  500.00000m   13.1864u 
  550.00000m   19.1427u 
  600.00000m   25.9999u 
  650.00000m   33.6469u 
  700.00000m   41.9897u 
  750.00000m   50.9441u 
  800.00000m   60.4317u 
  850.00000m   70.3776u 
  900.00000m   80.7093u 
  950.00000m   91.3554u 
    1.00000   102.2441u 
y
 vth0_value= 240.1587m
 u0_param=  50.8276m
 ags_param= 416.5101m
 
   *** monte carlo  index = 88 ***
x

 volt         param     
             i_d_0.8    
    0.         77.7063p 
   50.00000m  398.6273p 
  100.00000m    2.0001n 
  150.00000m    9.4958n 
  200.00000m   41.1185n 
  250.00000m  158.2000n 
  300.00000m  533.2783n 
  350.00000m    1.5182u 
  400.00000m    3.5253u 
  450.00000m    6.7635u 
  500.00000m   11.1943u 
  550.00000m   16.6772u 
  600.00000m   23.0719u 
  650.00000m   30.2636u 
  700.00000m   38.1565u 
  750.00000m   46.6665u 
  800.00000m   55.7161u 
  850.00000m   65.2316u 
  900.00000m   75.1421u 
  950.00000m   85.3784u 
    1.00000    95.8709u 
y
 vth0_value= 255.8578m
 u0_param=  49.8145m
 ags_param= 412.6639m
 
   *** monte carlo  index = 89 ***
x

 volt         param     
             i_d_0.8    
    0.         36.6926p 
   50.00000m  187.5360p 
  100.00000m  953.5257p 
  150.00000m    4.6549n 
  200.00000m   21.0538n 
  250.00000m   85.3452n 
  300.00000m  305.1929n 
  350.00000m  939.4962n 
  400.00000m    2.3831u 
  450.00000m    4.9380u 
  500.00000m    8.6548u 
  550.00000m   13.4245u 
  600.00000m   19.1087u 
  650.00000m   25.5886u 
  700.00000m   32.7674u 
  750.00000m   40.5619u 
  800.00000m   48.8967u 
  850.00000m   57.7010u 
  900.00000m   66.9068u 
  950.00000m   76.4484u 
    1.00000    86.2600u 
y
 vth0_value= 277.1586m
 u0_param=  47.6244m
 ags_param= 411.8200m
 
   *** monte carlo  index = 90 ***
x

 volt         param     
             i_d_0.8    
    0.        143.1619p 
   50.00000m  731.1295p 
  100.00000m    3.6079n 
  150.00000m   16.6176n 
  200.00000m   68.9681n 
  250.00000m  253.1038n 
  300.00000m  805.6543n 
  350.00000m    2.1298u 
  400.00000m    4.5882u 
  450.00000m    8.2884u 
  500.00000m   13.1379u 
  550.00000m   18.9909u 
  600.00000m   25.7177u 
  650.00000m   33.2118u 
  700.00000m   41.3832u 
  750.00000m   50.1502u 
  800.00000m   59.4369u 
  850.00000m   69.1701u 
  900.00000m   79.2792u 
  950.00000m   89.6943u 
    1.00000   100.3443u 
y
 vth0_value= 237.0892m
 u0_param=  49.2888m
 ags_param= 429.6881m
 
   *** monte carlo  index = 91 ***
x

 volt         param     
             i_d_0.8    
    0.        158.8856p 
   50.00000m  810.7230p 
  100.00000m    3.9903n 
  150.00000m   18.2963n 
  200.00000m   75.4823n 
  250.00000m  275.1812n 
  300.00000m  868.5562n 
  350.00000m    2.2720u 
  400.00000m    4.8452u 
  450.00000m    8.6837u 
  500.00000m   13.6865u 
  550.00000m   19.7044u 
  600.00000m   26.6058u 
  650.00000m   34.2832u 
  700.00000m   42.6449u 
  750.00000m   51.6084u 
  800.00000m   61.0959u 
  850.00000m   71.0335u 
  900.00000m   81.3491u 
  950.00000m   91.9717u 
    1.00000   102.8292u 
y
 vth0_value= 234.5573m
 u0_param=  50.2317m
 ags_param= 427.3504m
 
   *** monte carlo  index = 92 ***
x

 volt         param     
             i_d_0.8    
    0.         73.7967p 
   50.00000m  378.4951p 
  100.00000m    1.9002n 
  150.00000m    9.0316n 
  200.00000m   39.1762n 
  250.00000m  151.0369n 
  300.00000m  510.3984n 
  350.00000m    1.4579u 
  400.00000m    3.3973u 
  450.00000m    6.5377u 
  500.00000m   10.8455u 
  550.00000m   16.1847u 
  600.00000m   22.4187u 
  650.00000m   29.4354u 
  700.00000m   37.1412u 
  750.00000m   45.4542u 
  800.00000m   54.2983u 
  850.00000m   63.6015u 
  900.00000m   73.2944u 
  950.00000m   83.3090u 
    1.00000    93.5770u 
y
 vth0_value= 256.6442m
 u0_param=  48.6301m
 ags_param= 419.3115m
 
   *** monte carlo  index = 93 ***
x

 volt         param     
             i_d_0.8    
    0.         83.9882p 
   50.00000m  430.7647p 
  100.00000m    2.1577n 
  150.00000m   10.2098n 
  200.00000m   43.9959n 
  250.00000m  168.3342n 
  300.00000m  563.7544n 
  350.00000m    1.5913u 
  400.00000m    3.6613u 
  450.00000m    6.9717u 
  500.00000m   11.4759u 
  550.00000m   17.0311u 
  600.00000m   23.4976u 
  650.00000m   30.7608u 
  700.00000m   38.7254u 
  750.00000m   47.3072u 
  800.00000m   56.4284u 
  850.00000m   66.0150u 
  900.00000m   75.9961u 
  950.00000m   86.3018u 
    1.00000    96.8624u 
y
 vth0_value= 253.6337m
 u0_param=  50.0040m
 ags_param= 422.3570m
 
   *** monte carlo  index = 94 ***
x

 volt         param     
             i_d_0.8    
    0.        182.9190p 
   50.00000m  931.4575p 
  100.00000m    4.5618n 
  150.00000m   20.7424n 
  200.00000m   84.6503n 
  250.00000m  304.9694n 
  300.00000m  948.0837n 
  350.00000m    2.4342u 
  400.00000m    5.1015u 
  450.00000m    9.0215u 
  500.00000m   14.0852u 
  550.00000m   20.1455u 
  600.00000m   27.0746u 
  650.00000m   34.7677u 
  700.00000m   43.1350u 
  750.00000m   52.0952u 
  800.00000m   61.5714u 
  850.00000m   71.4902u 
  900.00000m   81.7801u 
  950.00000m   92.3703u 
    1.00000   103.1886u 
y
 vth0_value= 229.9693m
 u0_param=  49.7067m
 ags_param= 423.7694m
 
   *** monte carlo  index = 95 ***
x

 volt         param     
             i_d_0.8    
    0.         51.4652p 
   50.00000m  263.8093p 
  100.00000m    1.3340n 
  150.00000m    6.4329n 
  200.00000m   28.5278n 
  250.00000m  112.8731n 
  300.00000m  392.9094n 
  350.00000m    1.1674u 
  400.00000m    2.8410u 
  450.00000m    5.6734u 
  500.00000m    9.6717u 
  550.00000m   14.7117u 
  600.00000m   20.6554u 
  650.00000m   27.3874u 
  700.00000m   34.8128u 
  750.00000m   42.8491u 
  800.00000m   51.4209u 
  850.00000m   60.4568u 
  900.00000m   69.8884u 
  950.00000m   79.6487u 
    1.00000    89.6709u 
y
 vth0_value= 267.1610m
 u0_param=  48.0502m
 ags_param= 416.0581m
 
   *** monte carlo  index = 96 ***
x

 volt         param     
             i_d_0.8    
    0.         35.4551p 
   50.00000m  181.1281p 
  100.00000m  921.3824p 
  150.00000m    4.5031n 
  200.00000m   20.4057n 
  250.00000m   82.9159n 
  300.00000m  297.2872n 
  350.00000m  918.3050n 
  400.00000m    2.3390u 
  450.00000m    4.8649u 
  500.00000m    8.5512u 
  550.00000m   13.2909u 
  600.00000m   18.9456u 
  650.00000m   25.3964u 
  700.00000m   32.5463u 
  750.00000m   40.3121u 
  800.00000m   48.6184u 
  850.00000m   57.3945u 
  900.00000m   66.5727u 
  950.00000m   76.0871u 
    1.00000    85.8723u 
y
 vth0_value= 278.1540m
 u0_param=  47.5485m
 ags_param= 413.1308m
 
   *** monte carlo  index = 97 ***
x

 volt         param     
             i_d_0.8    
    0.        105.2115p 
   50.00000m  539.0067p 
  100.00000m    2.6851n 
  150.00000m   12.5764n 
  200.00000m   53.4059n 
  250.00000m  200.9980n 
  300.00000m  660.0112n 
  350.00000m    1.8155u 
  400.00000m    4.0674u 
  450.00000m    7.5786u 
  500.00000m   12.2805u 
  550.00000m   18.0260u 
  600.00000m   24.6770u 
  650.00000m   32.1209u 
  700.00000m   40.2631u 
  750.00000m   49.0195u 
  800.00000m   58.3122u 
  850.00000m   68.0667u 
  900.00000m   78.2114u 
  950.00000m   88.6759u 
    1.00000    99.3892u 
y
 vth0_value= 247.0664m
 u0_param=  50.3590m
 ags_param= 423.0331m
 
   *** monte carlo  index = 98 ***
x

 volt         param     
             i_d_0.8    
    0.         44.5154p 
   50.00000m  228.0562p 
  100.00000m    1.1570n 
  150.00000m    5.6176n 
  200.00000m   25.1834n 
  250.00000m  100.9535n 
  300.00000m  356.5403n 
  350.00000m    1.0797u 
  400.00000m    2.6861u 
  450.00000m    5.4685u 
  500.00000m    9.4567u 
  550.00000m   14.5284u 
  600.00000m   20.5392u 
  650.00000m   27.3668u 
  700.00000m   34.9115u 
  750.00000m   43.0872u 
  800.00000m   51.8158u 
  850.00000m   61.0238u 
  900.00000m   70.6408u 
  950.00000m   80.5985u 
    1.00000    90.8289u 
y
 vth0_value= 272.5814m
 u0_param=  49.6040m
 ags_param= 413.9142m
 
   *** monte carlo  index = 99 ***
x

 volt         param     
             i_d_0.8    
    0.        215.3447p 
   50.00000m    1.0943n 
  100.00000m    5.3329n 
  150.00000m   24.0488n 
  200.00000m   97.1208n 
  250.00000m  345.8686n 
  300.00000m    1.0591u 
  350.00000m    2.6703u 
  400.00000m    5.5038u 
  450.00000m    9.6097u 
  500.00000m   14.8684u 
  550.00000m   21.1300u 
  600.00000m   28.2663u 
  650.00000m   36.1720u 
  700.00000m   44.7565u 
  750.00000m   53.9371u 
  800.00000m   63.6359u 
  850.00000m   73.7783u 
  900.00000m   84.2917u 
  950.00000m   95.1040u 
    1.00000   106.1418u 
y
 vth0_value= 225.6134m
 u0_param=  50.5920m
 ags_param= 417.5338m
 
   *** monte carlo  index = 100 ***
x

 volt         param     
             i_d_0.8    
    0.         31.6826p 
   50.00000m  161.5958p 
  100.00000m  823.4530p 
  150.00000m    4.0412n 
  200.00000m   18.4401n 
  250.00000m   75.5961n 
  300.00000m  273.6840n 
  350.00000m  856.0426n 
  400.00000m    2.2138u 
  450.00000m    4.6698u 
  500.00000m    8.2967u 
  550.00000m   12.9931u 
  600.00000m   18.6188u 
  650.00000m   25.0519u 
  700.00000m   32.1932u 
  750.00000m   39.9581u 
  800.00000m   48.2705u 
  850.00000m   57.0588u 
  900.00000m   66.2548u 
  950.00000m   75.7923u 
    1.00000    85.6058u 
y
 vth0_value= 281.8832m
 u0_param=  47.9841m
 ags_param= 410.2153m
 
   *** monte carlo  index = 101 ***
x

 volt         param     
             i_d_0.8    
    0.        124.1693p 
   50.00000m  635.0222p 
  100.00000m    3.1466n 
  150.00000m   14.5981n 
  200.00000m   61.1804n 
  250.00000m  226.9440n 
  300.00000m  732.1431n 
  350.00000m    1.9686u 
  400.00000m    4.3115u 
  450.00000m    7.8899u 
  500.00000m   12.6222u 
  550.00000m   18.3635u 
  600.00000m   24.9826u 
  650.00000m   32.3717u 
  700.00000m   40.4402u 
  750.00000m   49.1065u 
  800.00000m   58.2945u 
  850.00000m   67.9315u 
  900.00000m   77.9469u 
  950.00000m   88.2714u 
    1.00000    98.8348u 
y
 vth0_value= 241.2850m
 u0_param=  49.1422m
 ags_param= 417.9391m
 
   *** monte carlo  index = 102 ***
x

 volt         param     
             i_d_0.8    
    0.         61.6686p 
   50.00000m  316.2804p 
  100.00000m    1.5937n 
  150.00000m    7.6299n 
  200.00000m   33.4595n 
  250.00000m  130.6429n 
  300.00000m  447.9918n 
  350.00000m    1.3048u 
  400.00000m    3.1053u 
  450.00000m    6.0832u 
  500.00000m   10.2241u 
  550.00000m   15.3979u 
  600.00000m   21.4677u 
  650.00000m   28.3203u 
  700.00000m   35.8620u 
  750.00000m   44.0108u 
  800.00000m   52.6914u 
  850.00000m   61.8322u 
  900.00000m   71.3645u 
  950.00000m   81.2211u 
    1.00000    91.3347u 
y
 vth0_value= 261.7591m
 u0_param=  48.1614m
 ags_param= 416.0844m
 
   *** monte carlo  index = 103 ***
x

 volt         param     
             i_d_0.8    
    0.         54.2103p 
   50.00000m  277.8966p 
  100.00000m    1.4034n 
  150.00000m    6.7498n 
  200.00000m   29.8111n 
  250.00000m  117.3800n 
  300.00000m  406.3949n 
  350.00000m    1.1988u 
  400.00000m    2.8941u 
  450.00000m    5.7393u 
  500.00000m    9.7341u 
  550.00000m   14.7541u 
  600.00000m   20.6641u 
  650.00000m   27.3512u 
  700.00000m   34.7226u 
  750.00000m   42.6970u 
  800.00000m   51.2001u 
  850.00000m   60.1614u 
  900.00000m   69.5133u 
  950.00000m   79.1893u 
    1.00000    89.1232u 
y
 vth0_value= 265.1602m
 u0_param=  47.4160m
 ags_param= 420.5532m
 
   *** monte carlo  index = 104 ***
x

 volt         param     
             i_d_0.8    
    0.         98.6276p 
   50.00000m  505.4306p 
  100.00000m    2.5215n 
  150.00000m   11.8420n 
  200.00000m   50.4792n 
  250.00000m  190.7981n 
  300.00000m  629.7771n 
  350.00000m    1.7441u 
  400.00000m    3.9344u 
  450.00000m    7.3718u 
  500.00000m   11.9937u 
  550.00000m   17.6549u 
  600.00000m   24.2180u 
  650.00000m   31.5706u 
  700.00000m   39.6184u 
  750.00000m   48.2781u 
  800.00000m   57.4719u 
  850.00000m   67.1262u 
  900.00000m   77.1697u 
  950.00000m   87.5325u 
    1.00000    98.1445u 
y
 vth0_value= 248.7549m
 u0_param=  49.9531m
 ags_param= 411.6728m
 
   *** monte carlo  index = 105 ***
x

 volt         param     
             i_d_0.8    
    0.         57.1223p 
   50.00000m  292.9716p 
  100.00000m    1.4790n 
  150.00000m    7.1077n 
  200.00000m   31.3496n 
  250.00000m  123.2334n 
  300.00000m  425.8128n 
  350.00000m    1.2527u 
  400.00000m    3.0151u 
  450.00000m    5.9631u 
  500.00000m   10.0925u 
  550.00000m   15.2734u 
  600.00000m   21.3659u 
  650.00000m   28.2537u 
  700.00000m   35.8408u 
  750.00000m   44.0437u 
  800.00000m   52.7859u 
  850.00000m   61.9950u 
  900.00000m   71.6015u 
  950.00000m   81.5374u 
    1.00000    91.7351u 
y
 vth0_value= 264.5263m
 u0_param=  48.8421m
 ags_param= 406.4068m
 
   *** monte carlo  index = 106 ***
x

 volt         param     
             i_d_0.8    
    0.        228.7443p 
   50.00000m    1.1617n 
  100.00000m    5.6522n 
  150.00000m   25.4236n 
  200.00000m  102.3412n 
  250.00000m  363.1426n 
  300.00000m    1.1067u 
  350.00000m    2.7746u 
  400.00000m    5.6895u 
  450.00000m    9.8950u 
  500.00000m   15.2670u 
  550.00000m   21.6530u 
  600.00000m   28.9233u 
  650.00000m   36.9712u 
  700.00000m   45.7051u 
  750.00000m   55.0409u 
  800.00000m   64.9000u 
  850.00000m   75.2065u 
  900.00000m   85.8868u 
  950.00000m   96.8681u 
    1.00000   108.0758u 
y
 vth0_value= 224.2890m
 u0_param=  51.3789m
 ags_param= 432.2825m
 
   *** monte carlo  index = 107 ***
x

 volt         param     
             i_d_0.8    
    0.         59.7002p 
   50.00000m  306.2859p 
  100.00000m    1.5455n 
  150.00000m    7.4194n 
  200.00000m   32.6708n 
  250.00000m  128.1732n 
  300.00000m  441.8646n 
  350.00000m    1.2960u 
  400.00000m    3.1085u 
  450.00000m    6.1295u 
  500.00000m   10.3508u 
  550.00000m   15.6391u 
  600.00000m   21.8520u 
  650.00000m   28.8711u 
  700.00000m   36.5991u 
  750.00000m   44.9512u 
  800.00000m   53.8495u 
  850.00000m   63.2205u 
  900.00000m   72.9938u 
  950.00000m   83.1002u 
    1.00000    93.4713u 
y
 vth0_value= 263.7429m
 u0_param=  49.6915m
 ags_param= 429.2678m
 
   *** monte carlo  index = 108 ***
x

 volt         param     
             i_d_0.8    
    0.        139.6064p 
   50.00000m  713.4360p 
  100.00000m    3.5258n 
  150.00000m   16.2809n 
  200.00000m   67.7982n 
  250.00000m  249.7113n 
  300.00000m  798.4203n 
  350.00000m    2.1226u 
  400.00000m    4.5973u 
  450.00000m    8.3392u 
  500.00000m   13.2563u 
  550.00000m   19.1991u 
  600.00000m   26.0337u 
  650.00000m   33.6507u 
  700.00000m   41.9574u 
  750.00000m   50.8705u 
  800.00000m   60.3122u 
  850.00000m   70.2081u 
  900.00000m   80.4864u 
  950.00000m   91.0759u 
    1.00000   101.9051u 
y
 vth0_value= 238.5501m
 u0_param=  50.3758m
 ags_param= 421.8522m
 
   *** monte carlo  index = 109 ***
x

 volt         param     
             i_d_0.8    
    0.        134.0113p 
   50.00000m  685.1222p 
  100.00000m    3.3899n 
  150.00000m   15.6858n 
  200.00000m   65.5034n 
  250.00000m  242.0029n 
  300.00000m  776.7606n 
  350.00000m    2.0751u 
  400.00000m    4.5157u 
  450.00000m    8.2217u 
  500.00000m   13.1042u 
  550.00000m   19.0140u 
  600.00000m   25.8166u 
  650.00000m   33.4025u 
  700.00000m   41.6786u 
  750.00000m   50.5617u 
  800.00000m   59.9740u 
  850.00000m   69.8412u 
  900.00000m   80.0915u 
  950.00000m   90.6540u 
    1.00000   101.4571u 
y
 vth0_value= 239.7537m
 u0_param=  50.3296m
 ags_param= 418.1002m
 
   *** monte carlo  index = 110 ***
x

 volt         param     
             i_d_0.8    
    0.        128.9027p 
   50.00000m  659.2946p 
  100.00000m    3.2662n 
  150.00000m   15.1464n 
  200.00000m   63.4379n 
  250.00000m  235.1335n 
  300.00000m  757.7560n 
  350.00000m    2.0347u 
  400.00000m    4.4500u 
  450.00000m    8.1339u 
  500.00000m   13.0002u 
  550.00000m   18.8996u 
  600.00000m   25.6965u 
  650.00000m   33.2800u 
  700.00000m   41.5569u 
  750.00000m   50.4434u 
  800.00000m   59.8613u 
  850.00000m   69.7363u 
  900.00000m   79.9963u 
  950.00000m   90.5704u 
    1.00000   101.3869u 
y
 vth0_value= 241.0343m
 u0_param=  50.5003m
 ags_param= 415.5879m
 
   *** monte carlo  index = 111 ***
x

 volt         param     
             i_d_0.8    
    0.         38.0736p 
   50.00000m  194.7397p 
  100.00000m  990.2301p 
  150.00000m    4.8336n 
  200.00000m   21.8570n 
  250.00000m   88.5702n 
  300.00000m  316.5694n 
  350.00000m  973.8208n 
  400.00000m    2.4681u 
  450.00000m    5.1096u 
  500.00000m    8.9490u 
  550.00000m   13.8723u 
  600.00000m   19.7358u 
  650.00000m   26.4165u 
  700.00000m   33.8142u 
  750.00000m   41.8429u 
  800.00000m   50.4248u 
  850.00000m   59.4871u 
  900.00000m   68.9599u 
  950.00000m   78.7756u 
    1.00000    88.8669u 
y
 vth0_value= 277.0491m
 u0_param=  49.1615m
 ags_param= 415.2205m
 
   *** monte carlo  index = 112 ***
x

 volt         param     
             i_d_0.8    
    0.         82.1084p 
   50.00000m  421.0452p 
  100.00000m    2.1090n 
  150.00000m    9.9805n 
  200.00000m   43.0145n 
  250.00000m  164.6179n 
  300.00000m  551.5033n 
  350.00000m    1.5574u 
  400.00000m    3.5854u 
  450.00000m    6.8306u 
  500.00000m   11.2484u 
  550.00000m   16.6996u 
  600.00000m   23.0476u 
  650.00000m   30.1802u 
  700.00000m   38.0041u 
  750.00000m   46.4367u 
  800.00000m   55.4016u 
  850.00000m   64.8263u 
  900.00000m   74.6407u 
  950.00000m   84.7762u 
    1.00000    95.1637u 
y
 vth0_value= 253.6935m
 u0_param=  49.0424m
 ags_param= 432.0882m
 
   *** monte carlo  index = 113 ***
x

 volt         param     
             i_d_0.8    
    0.        170.1956p 
   50.00000m  867.4721p 
  100.00000m    4.2583n 
  150.00000m   19.4372n 
  200.00000m   79.7206n 
  250.00000m  288.7863n 
  300.00000m  904.1329n 
  350.00000m    2.3415u 
  400.00000m    4.9467u 
  450.00000m    8.8017u 
  500.00000m   13.8021u 
  550.00000m   19.8010u 
  600.00000m   26.6698u 
  650.00000m   34.3034u 
  700.00000m   42.6119u 
  750.00000m   51.5137u 
  800.00000m   60.9323u 
  850.00000m   70.7944u 
  900.00000m   81.0287u 
  950.00000m   91.5647u 
    1.00000   102.3306u 
y
 vth0_value= 232.0673m
 u0_param=  49.5879m
 ags_param= 416.7037m
 
   *** monte carlo  index = 114 ***
x

 volt         param     
             i_d_0.8    
    0.         54.7415p 
   50.00000m  280.7483p 
  100.00000m    1.4187n 
  150.00000m    6.8318n 
  200.00000m   30.2272n 
  250.00000m  119.2632n 
  300.00000m  413.8127n 
  350.00000m    1.2242u 
  400.00000m    2.9646u 
  450.00000m    5.8947u 
  500.00000m   10.0159u 
  550.00000m   15.1990u 
  600.00000m   21.3024u 
  650.00000m   28.2081u 
  700.00000m   35.8190u 
  750.00000m   44.0507u 
  800.00000m   52.8262u 
  850.00000m   62.0724u 
  900.00000m   71.7196u 
  950.00000m   81.6994u 
    1.00000    91.9439u 
y
 vth0_value= 266.0498m
 u0_param=  49.2012m
 ags_param= 411.3635m
 
   *** monte carlo  index = 115 ***
x

 volt         param     
             i_d_0.8    
    0.        112.8271p 
   50.00000m  577.7490p 
  100.00000m    2.8729n 
  150.00000m   13.4126n 
  200.00000m   56.6975n 
  250.00000m  212.3055n 
  300.00000m  692.8429n 
  350.00000m    1.8906u 
  400.00000m    4.2016u 
  450.00000m    7.7779u 
  500.00000m   12.5449u 
  550.00000m   18.3539u 
  600.00000m   25.0674u 
  650.00000m   32.5731u 
  700.00000m   40.7768u 
  750.00000m   49.5942u 
  800.00000m   58.9472u 
  850.00000m   68.7613u 
  900.00000m   78.9644u 
  950.00000m   89.4859u 
    1.00000   100.2546u 
y
 vth0_value= 245.0590m
 u0_param=  50.5151m
 ags_param= 422.9973m
 
   *** monte carlo  index = 116 ***
x

 volt         param     
             i_d_0.8    
    0.        115.5811p 
   50.00000m  591.8532p 
  100.00000m    2.9423n 
  150.00000m   13.7288n 
  200.00000m   57.9898n 
  250.00000m  216.9525n 
  300.00000m  707.2127n 
  350.00000m    1.9270u 
  400.00000m    4.2762u 
  450.00000m    7.9064u 
  500.00000m   12.7406u 
  550.00000m   18.6277u 
  600.00000m   25.4284u 
  650.00000m   33.0291u 
  700.00000m   41.3343u 
  750.00000m   50.2588u 
  800.00000m   59.7234u 
  850.00000m   69.6529u 
  900.00000m   79.9746u 
  950.00000m   90.6170u 
    1.00000   101.5083u 
y
 vth0_value= 244.7332m
 u0_param=  51.1500m
 ags_param= 428.5134m
 
   *** monte carlo  index = 117 ***
x

 volt         param     
             i_d_0.8    
    0.        129.2104p 
   50.00000m  660.9751p 
  100.00000m    3.2754n 
  150.00000m   15.1966n 
  200.00000m   63.6891n 
  250.00000m  236.2226n 
  300.00000m  761.8720n 
  350.00000m    2.0478u 
  400.00000m    4.4831u 
  450.00000m    8.2004u 
  500.00000m   13.1131u 
  550.00000m   19.0697u 
  600.00000m   25.9327u 
  650.00000m   33.5901u 
  700.00000m   41.9472u 
  750.00000m   50.9195u 
  800.00000m   60.4279u 
  850.00000m   70.3972u 
  900.00000m   80.7549u 
  950.00000m   91.4293u 
    1.00000   102.3484u 
y
 vth0_value= 241.3201m
 u0_param=  51.0654m
 ags_param= 422.2741m
 
   *** monte carlo  index = 118 ***
x

 volt         param     
             i_d_0.8    
    0.         45.2297p 
   50.00000m  231.6733p 
  100.00000m    1.1742n 
  150.00000m    5.6915n 
  200.00000m   25.4435n 
  250.00000m  101.6529n 
  300.00000m  357.7086n 
  350.00000m    1.0781u 
  400.00000m    2.6674u 
  450.00000m    5.4043u 
  500.00000m    9.3127u 
  550.00000m   14.2731u 
  600.00000m   20.1459u 
  650.00000m   26.8137u 
  700.00000m   34.1802u 
  750.00000m   42.1622u 
  800.00000m   50.6838u 
  850.00000m   59.6735u 
  900.00000m   69.0626u 
  950.00000m   78.7844u 
    1.00000    88.7723u 
y
 vth0_value= 271.1559m
 u0_param=  48.1652m
 ags_param= 408.9824m
 
   *** monte carlo  index = 119 ***
x

 volt         param     
             i_d_0.8    
    0.        101.1390p 
   50.00000m  518.0494p 
  100.00000m    2.5811n 
  150.00000m   12.0942n 
  200.00000m   51.3888n 
  250.00000m  193.5515n 
  300.00000m  636.2022n 
  350.00000m    1.7524u 
  400.00000m    3.9314u 
  450.00000m    7.3339u 
  500.00000m   11.8954u 
  550.00000m   17.4740u 
  600.00000m   23.9361u 
  650.00000m   31.1726u 
  700.00000m   39.0918u 
  750.00000m   47.6121u 
  800.00000m   56.6576u 
  850.00000m   66.1558u 
  900.00000m   76.0368u 
  950.00000m   86.2318u 
    1.00000    96.6712u 
y
 vth0_value= 247.3080m
 u0_param=  48.8941m
 ags_param= 420.1891m
 
   *** monte carlo  index = 120 ***
x

 volt         param     
             i_d_0.8    
    0.         96.2949p 
   50.00000m  493.5299p 
  100.00000m    2.4635n 
  150.00000m   11.5812n 
  200.00000m   49.4394n 
  250.00000m  187.1729n 
  300.00000m  619.0271n 
  350.00000m    1.7187u 
  400.00000m    3.8874u 
  450.00000m    7.2994u 
  500.00000m   11.8944u 
  550.00000m   17.5279u 
  600.00000m   24.0625u 
  650.00000m   31.3859u 
  700.00000m   39.4041u 
  750.00000m   48.0335u 
  800.00000m   57.1968u 
  850.00000m   66.8204u 
  900.00000m   76.8332u 
  950.00000m   87.1656u 
    1.00000    97.7473u 
y
 vth0_value= 249.4004m
 u0_param=  49.8345m
 ags_param= 411.8919m
 
   *** monte carlo  index = 121 ***
x

 volt         param     
             i_d_0.8    
    0.        123.1907p 
   50.00000m  630.4999p 
  100.00000m    3.1290n 
  150.00000m   14.5557n 
  200.00000m   61.2231n 
  250.00000m  227.9764n 
  300.00000m  738.8744n 
  350.00000m    1.9984u 
  400.00000m    4.4020u 
  450.00000m    8.0913u 
  500.00000m   12.9835u 
  550.00000m   18.9269u 
  600.00000m   25.7826u 
  650.00000m   33.4374u 
  700.00000m   41.7960u 
  750.00000m   50.7733u 
  800.00000m   60.2899u 
  850.00000m   70.2705u 
  900.00000m   80.6422u 
  950.00000m   91.3332u 
    1.00000   102.2715u 
y
 vth0_value= 242.8851m
 u0_param=  51.2676m
 ags_param= 430.1894m
 
   *** monte carlo  index = 122 ***
x

 volt         param     
             i_d_0.8    
    0.         43.5050p 
   50.00000m  222.8158p 
  100.00000m    1.1306n 
  150.00000m    5.4921n 
  200.00000m   24.6396n 
  250.00000m   98.8690n 
  300.00000m  349.5645n 
  350.00000m    1.0601u 
  400.00000m    2.6419u 
  450.00000m    5.3871u 
  500.00000m    9.3271u 
  550.00000m   14.3419u 
  600.00000m   20.2884u 
  650.00000m   27.0456u 
  700.00000m   34.5146u 
  750.00000m   42.6102u 
  800.00000m   51.2549u 
  850.00000m   60.3760u 
  900.00000m   69.9035u 
  950.00000m   79.7697u 
    1.00000    89.9073u 
y
 vth0_value= 272.9693m
 u0_param=  49.1262m
 ags_param= 409.0865m
 
   *** monte carlo  index = 123 ***
x

 volt         param     
             i_d_0.8    
    0.         55.5875p 
   50.00000m  285.0784p 
  100.00000m    1.4399n 
  150.00000m    6.9276n 
  200.00000m   30.6079n 
  250.00000m  120.5642n 
  300.00000m  417.5540n 
  350.00000m    1.2322u 
  400.00000m    2.9760u 
  450.00000m    5.9033u 
  500.00000m   10.0134u 
  550.00000m   15.1773u 
  600.00000m   21.2550u 
  650.00000m   28.1295u 
  700.00000m   35.7049u 
  750.00000m   43.8975u 
  800.00000m   52.6307u 
  850.00000m   61.8320u 
  900.00000m   71.4321u 
  950.00000m   81.3629u 
    1.00000    91.5567u 
y
 vth0_value= 265.3588m
 u0_param=  48.8543m
 ags_param= 419.4981m
 
   *** monte carlo  index = 124 ***
x

 volt         param     
             i_d_0.8    
    0.         51.6869p 
   50.00000m  264.9823p 
  100.00000m    1.3401n 
  150.00000m    6.4643n 
  200.00000m   28.6791n 
  250.00000m  113.5261n 
  300.00000m  395.3776n 
  350.00000m    1.1755u 
  400.00000m    2.8627u 
  450.00000m    5.7202u 
  500.00000m    9.7554u 
  550.00000m   14.8426u 
  600.00000m   20.8421u 
  650.00000m   27.6370u 
  700.00000m   35.1311u 
  750.00000m   43.2411u 
  800.00000m   51.8908u 
  850.00000m   61.0080u 
  900.00000m   70.5236u 
  950.00000m   80.3702u 
    1.00000    90.4806u 
y
 vth0_value= 267.3710m
 u0_param=  48.5630m
 ags_param= 409.4116m
 
   *** monte carlo  index = 125 ***
x

 volt         param     
             i_d_0.8    
    0.         37.4629p 
   50.00000m  191.5299p 
  100.00000m  973.6169p 
  150.00000m    4.7504n 
  200.00000m   21.4655n 
  250.00000m   86.9111n 
  300.00000m  310.3837n 
  350.00000m  953.8253n 
  400.00000m    2.4145u 
  450.00000m    4.9935u 
  500.00000m    8.7392u 
  550.00000m   13.5414u 
  600.00000m   19.2607u 
  650.00000m   25.7780u 
  700.00000m   32.9962u 
  750.00000m   40.8317u 
  800.00000m   49.2088u 
  850.00000m   58.0563u 
  900.00000m   67.3063u 
  950.00000m   76.8924u 
    1.00000    86.7488u 
y
 vth0_value= 276.6719m
 u0_param=  47.8429m
 ags_param= 408.4609m
 
   *** monte carlo  index = 126 ***
x

 volt         param     
             i_d_0.8    
    0.         76.5993p 
   50.00000m  392.9411p 
  100.00000m    1.9720n 
  150.00000m    9.3666n 
  200.00000m   40.5856n 
  250.00000m  156.2698n 
  300.00000m  527.2544n 
  350.00000m    1.5029u 
  400.00000m    3.4943u 
  450.00000m    6.7114u 
  500.00000m   11.1174u 
  550.00000m   16.5725u 
  600.00000m   22.9373u 
  650.00000m   30.0971u 
  700.00000m   37.9567u 
  750.00000m   46.4324u 
  800.00000m   55.4469u 
  850.00000m   64.9267u 
  900.00000m   74.8013u 
  950.00000m   85.0015u 
    1.00000    95.4580u 
y
 vth0_value= 256.1586m
 u0_param=  49.6094m
 ags_param= 426.5614m
 
   *** monte carlo  index = 127 ***
x

 volt         param     
             i_d_0.8    
    0.         55.8455p 
   50.00000m  286.4575p 
  100.00000m    1.4473n 
  150.00000m    6.9664n 
  200.00000m   30.8017n 
  250.00000m  121.4283n 
  300.00000m  420.9163n 
  350.00000m    1.2436u 
  400.00000m    3.0072u 
  450.00000m    5.9716u 
  500.00000m   10.1368u 
  550.00000m   15.3717u 
  600.00000m   21.5333u 
  650.00000m   28.5027u 
  700.00000m   36.1822u 
  750.00000m   44.4867u 
  800.00000m   53.3382u 
  850.00000m   62.6636u 
  900.00000m   72.3922u 
  950.00000m   82.4554u 
    1.00000    92.7847u 
y
 vth0_value= 265.7197m
 u0_param=  49.6246m
 ags_param= 421.1189m
 
   *** monte carlo  index = 128 ***
x

 volt         param     
             i_d_0.8    
    0.        138.2207p 
   50.00000m  706.3666p 
  100.00000m    3.4913n 
  150.00000m   16.1255n 
  200.00000m   67.1729n 
  250.00000m  247.5022n 
  300.00000m  791.7482n 
  350.00000m    2.1062u 
  400.00000m    4.5646u 
  450.00000m    8.2841u 
  500.00000m   13.1737u 
  550.00000m   19.0851u 
  600.00000m   25.8849u 
  650.00000m   33.4645u 
  700.00000m   41.7315u 
  750.00000m   50.6032u 
  800.00000m   60.0020u 
  850.00000m   69.8540u 
  900.00000m   80.0876u 
  950.00000m   90.6319u 
    1.00000   101.4155u 
y
 vth0_value= 238.6855m
 u0_param=  50.1176m
 ags_param= 431.3720m
 
   *** monte carlo  index = 129 ***
x

 volt         param     
             i_d_0.8    
    0.        114.4630p 
   50.00000m  586.0036p 
  100.00000m    2.9123n 
  150.00000m   13.5825n 
  200.00000m   57.3344n 
  250.00000m  214.3579n 
  300.00000m  698.2293n 
  350.00000m    1.9007u 
  400.00000m    4.2138u 
  450.00000m    7.7857u 
  500.00000m   12.5405u 
  550.00000m   18.3304u 
  600.00000m   25.0192u 
  650.00000m   32.4956u 
  700.00000m   40.6659u 
  750.00000m   49.4467u 
  800.00000m   58.7600u 
  850.00000m   68.5318u 
  900.00000m   78.6905u 
  950.00000m   89.1656u 
    1.00000    99.8862u 
y
 vth0_value= 244.4341m
 u0_param=  50.2157m
 ags_param= 419.2899m
 
   *** monte carlo  index = 130 ***
x

 volt         param     
             i_d_0.8    
    0.        130.1066p 
   50.00000m  665.2259p 
  100.00000m    3.2931n 
  150.00000m   15.2514n 
  200.00000m   63.7674n 
  250.00000m  235.9163n 
  300.00000m  758.5624n 
  350.00000m    2.0310u 
  400.00000m    4.4296u 
  450.00000m    8.0793u 
  500.00000m   12.8939u 
  550.00000m   18.7265u 
  600.00000m   25.4442u 
  650.00000m   32.9385u 
  700.00000m   41.1175u 
  750.00000m   49.8988u 
  800.00000m   59.2053u 
  850.00000m   68.9638u 
  900.00000m   79.1028u 
  950.00000m   89.5522u 
    1.00000   100.2411u 
y
 vth0_value= 240.2726m
 u0_param=  49.7503m
 ags_param= 417.1011m
 
   *** monte carlo  index = 131 ***
x

 volt         param     
             i_d_0.8    
    0.         62.3657p 
   50.00000m  319.9694p 
  100.00000m    1.6130n 
  150.00000m    7.7285n 
  200.00000m   33.9311n 
  250.00000m  132.6555n 
  300.00000m  455.5170n 
  350.00000m    1.3291u 
  400.00000m    3.1693u 
  450.00000m    6.2185u 
  500.00000m   10.4630u 
  550.00000m   15.7684u 
  600.00000m   21.9933u 
  650.00000m   29.0205u 
  700.00000m   36.7533u 
  750.00000m   45.1072u 
  800.00000m   54.0048u 
  850.00000m   63.3728u 
  900.00000m   73.1408u 
  950.00000m   83.2399u 
    1.00000    93.6015u 
y
 vth0_value= 262.3246m
 u0_param=  49.5408m
 ags_param= 426.3374m
 
   *** monte carlo  index = 132 ***
x

 volt         param     
             i_d_0.8    
    0.         73.2198p 
   50.00000m  375.6625p 
  100.00000m    1.8875n 
  150.00000m    8.9845n 
  200.00000m   39.0563n 
  250.00000m  150.9398n 
  300.00000m  511.4580n 
  350.00000m    1.4662u 
  400.00000m    3.4296u 
  450.00000m    6.6204u 
  500.00000m   11.0068u 
  550.00000m   16.4491u 
  600.00000m   22.8068u 
  650.00000m   29.9638u 
  700.00000m   37.8241u 
  750.00000m   46.3034u 
  800.00000m   55.3239u 
  850.00000m   64.8120u 
  900.00000m   74.6968u 
  950.00000m   84.9091u 
    1.00000    95.3795u 
y
 vth0_value= 257.6607m
 u0_param=  49.8263m
 ags_param= 412.4010m
 
   *** monte carlo  index = 133 ***
x

 volt         param     
             i_d_0.8    
    0.         97.8365p 
   50.00000m  501.3954p 
  100.00000m    2.5018n 
  150.00000m   11.7537n 
  200.00000m   50.1275n 
  250.00000m  189.5739n 
  300.00000m  626.1562n 
  350.00000m    1.7356u 
  400.00000m    3.9187u 
  450.00000m    7.3478u 
  500.00000m   11.9611u 
  550.00000m   17.6136u 
  600.00000m   24.1680u 
  650.00000m   31.5117u 
  700.00000m   39.5508u 
  750.00000m   48.2017u 
  800.00000m   57.3869u 
  850.00000m   67.0327u 
  900.00000m   77.0679u 
  950.00000m   87.4227u 
    1.00000    98.0269u 
y
 vth0_value= 248.9738m
 u0_param=  49.9158m
 ags_param= 416.5224m
 
   *** monte carlo  index = 134 ***
x

 volt         param     
             i_d_0.8    
    0.        144.5596p 
   50.00000m  738.3157p 
  100.00000m    3.6435n 
  150.00000m   16.7821n 
  200.00000m   69.6536n 
  250.00000m  255.6210n 
  300.00000m  813.6465n 
  350.00000m    2.1508u 
  400.00000m    4.6333u 
  450.00000m    8.3692u 
  500.00000m   13.2649u 
  550.00000m   19.1727u 
  600.00000m   25.9614u 
  650.00000m   33.5234u 
  700.00000m   41.7676u 
  750.00000m   50.6117u 
  800.00000m   59.9789u 
  850.00000m   69.7956u 
  900.00000m   79.9904u 
  950.00000m   90.4929u 
    1.00000   101.2318u 
y
 vth0_value= 237.1140m
 u0_param=  49.7772m
 ags_param= 425.6433m
 
   *** monte carlo  index = 135 ***
x

 volt         param     
             i_d_0.8    
    0.         64.6951p 
   50.00000m  331.9614p 
  100.00000m    1.6725n 
  150.00000m    8.0041n 
  200.00000m   35.0776n 
  250.00000m  136.8445n 
  300.00000m  468.7384n 
  350.00000m    1.3631u 
  400.00000m    3.2387u 
  450.00000m    6.3348u 
  500.00000m   10.6338u 
  550.00000m   15.9991u 
  600.00000m   22.2883u 
  650.00000m   29.3835u 
  700.00000m   37.1873u 
  750.00000m   45.6148u 
  800.00000m   54.5880u 
  850.00000m   64.0330u 
  900.00000m   73.8789u 
  950.00000m   84.0565u 
    1.00000    94.4966u 
y
 vth0_value= 261.4680m
 u0_param=  49.9319m
 ags_param= 416.5066m
 
   *** monte carlo  index = 136 ***
x

 volt         param     
             i_d_0.8    
    0.         93.5830p 
   50.00000m  479.5667p 
  100.00000m    2.3941n 
  150.00000m   11.2591n 
  200.00000m   48.0890n 
  250.00000m  182.1755n 
  300.00000m  602.9995n 
  350.00000m    1.6761u 
  400.00000m    3.7953u 
  450.00000m    7.1334u 
  500.00000m   11.6329u 
  550.00000m   17.1529u 
  600.00000m   23.5591u 
  650.00000m   30.7414u 
  700.00000m   38.6078u 
  750.00000m   47.0764u 
  800.00000m   56.0713u 
  850.00000m   65.5201u 
  900.00000m   75.3531u 
  950.00000m   85.5016u 
    1.00000    95.8966u 
y
 vth0_value= 249.6163m
 u0_param=  48.8430m
 ags_param= 407.7541m
 
   *** monte carlo  index = 137 ***
x

 volt         param     
             i_d_0.8    
    0.        133.4077p 
   50.00000m  681.8209p 
  100.00000m    3.3717n 
  150.00000m   15.5868n 
  200.00000m   65.0097n 
  250.00000m  239.8707n 
  300.00000m  768.7353n 
  350.00000m    2.0497u 
  400.00000m    4.4522u 
  450.00000m    8.0949u 
  500.00000m   12.8902u 
  550.00000m   18.6929u 
  600.00000m   25.3719u 
  650.00000m   32.8203u 
  700.00000m   40.9475u 
  750.00000m   49.6718u 
  800.00000m   58.9172u 
  850.00000m   68.6106u 
  900.00000m   78.6814u 
  950.00000m   89.0598u 
    1.00000    99.6753u 
y
 vth0_value= 239.2034m
 u0_param=  49.2679m
 ags_param= 422.0596m
 
   *** monte carlo  index = 138 ***
x

 volt         param     
             i_d_0.8    
    0.        163.0698p 
   50.00000m  831.9914p 
  100.00000m    4.0933n 
  150.00000m   18.7554n 
  200.00000m   77.3024n 
  250.00000m  281.5100n 
  300.00000m  887.2702n 
  350.00000m    2.3168u 
  400.00000m    4.9325u 
  450.00000m    8.8283u 
  500.00000m   13.9005u 
  550.00000m   19.9978u 
  600.00000m   26.9869u 
  650.00000m   34.7590u 
  700.00000m   43.2215u 
  750.00000m   52.2907u 
  800.00000m   61.8881u 
  850.00000m   71.9389u 
  900.00000m   82.3703u 
  950.00000m   93.1107u 
    1.00000   104.0873u 
y
 vth0_value= 234.1644m
 u0_param=  50.8451m
 ags_param= 428.5963m
 
   *** monte carlo  index = 139 ***
x

 volt         param     
             i_d_0.8    
    0.         48.7153p 
   50.00000m  249.6503p 
  100.00000m    1.2637n 
  150.00000m    6.1080n 
  200.00000m   27.1835n 
  250.00000m  108.0159n 
  300.00000m  377.8052n 
  350.00000m    1.1296u 
  400.00000m    2.7692u 
  450.00000m    5.5650u 
  500.00000m    9.5315u 
  550.00000m   14.5462u 
  600.00000m   20.4702u 
  650.00000m   27.1870u 
  700.00000m   34.6009u 
  750.00000m   42.6289u 
  800.00000m   51.1953u 
  850.00000m   60.2285u 
  900.00000m   69.6599u 
  950.00000m   79.4225u 
    1.00000    89.4495u 
y
 vth0_value= 268.9194m
 u0_param=  48.1903m
 ags_param= 422.4482m
 
   *** monte carlo  index = 140 ***
x

 volt         param     
             i_d_0.8    
    0.         58.0203p 
   50.00000m  297.6808p 
  100.00000m    1.5032n 
  150.00000m    7.2278n 
  200.00000m   31.9033n 
  250.00000m  125.5134n 
  300.00000m  434.0518n 
  350.00000m    1.2783u 
  400.00000m    3.0803u 
  450.00000m    6.0979u 
  500.00000m   10.3271u 
  550.00000m   15.6340u 
  600.00000m   21.8742u 
  650.00000m   28.9278u 
  700.00000m   36.6959u 
  750.00000m   45.0927u 
  800.00000m   54.0397u 
  850.00000m   63.4627u 
  900.00000m   73.2907u 
  950.00000m   83.4543u 
    1.00000    93.8845u 
y
 vth0_value= 264.8989m
 u0_param=  50.1476m
 ags_param= 409.7211m
 
   *** monte carlo  index = 141 ***
x

 volt         param     
             i_d_0.8    
    0.         63.1883p 
   50.00000m  324.1914p 
  100.00000m    1.6338n 
  150.00000m    7.8237n 
  200.00000m   34.3194n 
  250.00000m  134.0361n 
  300.00000m  459.7177n 
  350.00000m    1.3392u 
  400.00000m    3.1880u 
  450.00000m    6.2459u 
  500.00000m   10.4975u 
  550.00000m   15.8081u 
  600.00000m   22.0363u 
  650.00000m   29.0651u 
  700.00000m   36.7980u 
  750.00000m   45.1506u 
  800.00000m   54.0456u 
  850.00000m   63.4095u 
  900.00000m   73.1721u 
  950.00000m   83.2647u 
    1.00000    93.6185u 
y
 vth0_value= 261.9095m
 u0_param=  49.5115m
 ags_param= 405.6001m
 
   *** monte carlo  index = 142 ***
x

 volt         param     
             i_d_0.8    
    0.         99.4630p 
   50.00000m  509.7095p 
  100.00000m    2.5425n 
  150.00000m   11.9379n 
  200.00000m   50.8707n 
  250.00000m  192.2022n 
  300.00000m  634.1052n 
  350.00000m    1.7550u 
  400.00000m    3.9564u 
  450.00000m    7.4089u 
  500.00000m   12.0494u 
  550.00000m   17.7318u 
  600.00000m   24.3184u 
  650.00000m   31.6963u 
  700.00000m   39.7711u 
  750.00000m   48.4591u 
  800.00000m   57.6823u 
  850.00000m   67.3670u 
  900.00000m   77.4415u 
  950.00000m   87.8360u 
    1.00000    98.4800u 
y
 vth0_value= 248.6045m
 u0_param=  50.1150m
 ags_param= 412.4951m
 
   *** monte carlo  index = 143 ***
x

 volt         param     
             i_d_0.8    
    0.         43.0008p 
   50.00000m  220.1596p 
  100.00000m    1.1168n 
  150.00000m    5.4223n 
  200.00000m   24.3081n 
  250.00000m   97.4526n 
  300.00000m  344.2489n 
  350.00000m    1.0428u 
  400.00000m    2.5955u 
  450.00000m    5.2864u 
  500.00000m    9.1458u 
  550.00000m   14.0566u 
  600.00000m   19.8798u 
  650.00000m   26.4979u 
  700.00000m   33.8143u 
  750.00000m   41.7461u 
  800.00000m   50.2176u 
  850.00000m   59.1574u 
  900.00000m   68.4973u 
  950.00000m   78.1705u 
    1.00000    88.1109u 
y
 vth0_value= 272.5743m
 u0_param=  47.9899m
 ags_param= 417.3711m
 
   *** monte carlo  index = 144 ***
x

 volt         param     
             i_d_0.8    
    0.        171.5536p 
   50.00000m  874.5392p 
  100.00000m    4.2940n 
  150.00000m   19.6084n 
  200.00000m   80.4632n 
  250.00000m  291.6226n 
  300.00000m  913.5680n 
  350.00000m    2.3677u 
  400.00000m    5.0054u 
  450.00000m    8.9105u 
  500.00000m   13.9770u 
  550.00000m   20.0555u 
  600.00000m   27.0152u 
  650.00000m   34.7492u 
  700.00000m   43.1663u 
  750.00000m   52.1839u 
  800.00000m   61.7243u 
  850.00000m   71.7132u 
  900.00000m   82.0787u 
  950.00000m   92.7492u 
    1.00000   103.6525u 
y
 vth0_value= 232.2921m
 u0_param=  50.3072m
 ags_param= 432.1777m
 
   *** monte carlo  index = 145 ***
x

 volt         param     
             i_d_0.8    
    0.        153.7702p 
   50.00000m  785.3609p 
  100.00000m    3.8735n 
  150.00000m   17.8234n 
  200.00000m   73.8694n 
  250.00000m  270.6302n 
  300.00000m  859.4602n 
  350.00000m    2.2654u 
  400.00000m    4.8664u 
  450.00000m    8.7699u 
  500.00000m   13.8750u 
  550.00000m   20.0272u 
  600.00000m   27.0888u 
  650.00000m   34.9482u 
  700.00000m   43.5101u 
  750.00000m   52.6892u 
  800.00000m   62.4056u 
  850.00000m   72.5832u 
  900.00000m   83.1484u 
  950.00000m   94.0284u 
    1.00000   105.1502u 
y
 vth0_value= 236.5398m
 u0_param=  51.8101m
 ags_param= 427.6545m
 
   *** monte carlo  index = 146 ***
x

 volt         param     
             i_d_0.8    
    0.         45.2689p 
   50.00000m  231.9453p 
  100.00000m    1.1763n 
  150.00000m    5.7081n 
  200.00000m   25.5624n 
  250.00000m  102.3428n 
  300.00000m  360.9385n 
  350.00000m    1.0910u 
  400.00000m    2.7083u 
  450.00000m    5.5031u 
  500.00000m    9.5029u 
  550.00000m   14.5847u 
  600.00000m   20.6042u 
  650.00000m   27.4395u 
  700.00000m   34.9911u 
  750.00000m   43.1730u 
  800.00000m   51.9071u 
  850.00000m   61.1201u 
  900.00000m   70.7416u 
  950.00000m   80.7032u 
    1.00000    90.9370u 
y
 vth0_value= 272.0563m
 u0_param=  49.5801m
 ags_param= 415.4241m
 
   *** monte carlo  index = 147 ***
x

 volt         param     
             i_d_0.8    
    0.         69.9393p 
   50.00000m  358.9057p 
  100.00000m    1.8056n 
  150.00000m    8.6165n 
  200.00000m   37.5970n 
  250.00000m  145.9249n 
  300.00000m  496.9014n 
  350.00000m    1.4337u 
  400.00000m    3.3773u 
  450.00000m    6.5580u 
  500.00000m   10.9495u 
  550.00000m   16.4118u 
  600.00000m   22.8016u 
  650.00000m   30.0007u 
  700.00000m   37.9114u 
  750.00000m   46.4482u 
  800.00000m   55.5324u 
  850.00000m   65.0896u 
  900.00000m   75.0483u 
  950.00000m   85.3386u 
    1.00000    95.8909u 
y
 vth0_value= 259.4123m
 u0_param=  50.4008m
 ags_param= 415.5969m
 
   *** monte carlo  index = 148 ***
x

 volt         param     
             i_d_0.8    
    0.         85.9809p 
   50.00000m  440.9851p 
  100.00000m    2.2080n 
  150.00000m   10.4404n 
  200.00000m   44.9407n 
  250.00000m  171.7349n 
  300.00000m  574.2877n 
  350.00000m    1.6178u 
  400.00000m    3.7147u 
  450.00000m    7.0613u 
  500.00000m   11.6089u 
  550.00000m   17.2132u 
  600.00000m   23.7337u 
  650.00000m   31.0552u 
  700.00000m   39.0819u 
  750.00000m   47.7290u 
  800.00000m   56.9182u 
  850.00000m   66.5753u 
  900.00000m   76.6287u 
  950.00000m   87.0083u 
    1.00000    97.6436u 
y
 vth0_value= 253.1439m
 u0_param=  50.3445m
 ags_param= 438.1534m
 
   *** monte carlo  index = 149 ***
x

 volt         param     
             i_d_0.8    
    0.         63.8235p 
   50.00000m  327.4366p 
  100.00000m    1.6496n 
  150.00000m    7.8949n 
  200.00000m   34.6005n 
  250.00000m  134.9930n 
  300.00000m  462.4572n 
  350.00000m    1.3451u 
  400.00000m    3.1966u 
  450.00000m    6.2538u 
  500.00000m   10.4999u 
  550.00000m   15.8005u 
  600.00000m   22.0151u 
  650.00000m   29.0274u 
  700.00000m   36.7416u 
  750.00000m   45.0735u 
  800.00000m   53.9461u 
  850.00000m   63.2865u 
  900.00000m   73.0244u 
  950.00000m   83.0913u 
    1.00000    93.4187u 
y
 vth0_value= 261.4792m
 u0_param=  49.3143m
 ags_param= 415.0668m
 
   *** monte carlo  index = 150 ***
x

 volt         param     
             i_d_0.8    
    0.        140.6428p 
   50.00000m  718.5471p 
  100.00000m    3.5491n 
  150.00000m   16.3725n 
  200.00000m   68.0926n 
  250.00000m  250.4524n 
  300.00000m  799.4379n 
  350.00000m    2.1208u 
  400.00000m    4.5840u 
  450.00000m    8.3020u 
  500.00000m   13.1828u 
  550.00000m   19.0786u 
  600.00000m   25.8574u 
  650.00000m   33.4111u 
  700.00000m   41.6481u 
  750.00000m   50.4861u 
  800.00000m   59.8480u 
  850.00000m   69.6601u 
  900.00000m   79.8511u 
  950.00000m   90.3504u 
    1.00000   101.0870u 
y
 vth0_value= 237.9936m
 u0_param=  49.8566m
 ags_param= 412.1440m
 
   *** monte carlo  index = 151 ***
x

 volt         param     
             i_d_0.8    
    0.        147.1755p 
   50.00000m  751.8254p 
  100.00000m    3.7109n 
  150.00000m   17.0985n 
  200.00000m   70.9947n 
  250.00000m  260.6366n 
  300.00000m  829.9308n 
  350.00000m    2.1949u 
  400.00000m    4.7302u 
  450.00000m    8.5466u 
  500.00000m   13.5475u 
  550.00000m   19.5814u 
  600.00000m   26.5133u 
  650.00000m   34.2331u 
  700.00000m   42.6472u 
  750.00000m   51.6717u 
  800.00000m   61.2280u 
  850.00000m   71.2409u 
  900.00000m   81.6380u 
  950.00000m   92.3475u 
    1.00000   103.2971u 
y
 vth0_value= 237.3049m
 u0_param=  50.9214m
 ags_param= 430.0660m
 
   *** monte carlo  index = 152 ***
x

 volt         param     
             i_d_0.8    
    0.         47.8197p 
   50.00000m  245.0741p 
  100.00000m    1.2414n 
  150.00000m    6.0081n 
  200.00000m   26.7953n 
  250.00000m  106.7418n 
  300.00000m  374.3767n 
  350.00000m    1.1234u 
  400.00000m    2.7654u 
  450.00000m    5.5774u 
  500.00000m    9.5780u 
  550.00000m   14.6436u 
  600.00000m   20.6323u 
  650.00000m   27.4252u 
  700.00000m   34.9246u 
  750.00000m   43.0461u 
  800.00000m   51.7127u 
  850.00000m   60.8519u 
  900.00000m   70.3941u 
  950.00000m   80.2715u 
    1.00000    90.4167u 
y
 vth0_value= 269.9741m
 u0_param=  48.9359m
 ags_param= 414.3032m
 
   *** monte carlo  index = 153 ***
x

 volt         param     
             i_d_0.8    
    0.         56.2722p 
   50.00000m  288.6150p 
  100.00000m    1.4576n 
  150.00000m    7.0104n 
  200.00000m   30.9588n 
  250.00000m  121.8749n 
  300.00000m  421.8068n 
  350.00000m    1.2436u 
  400.00000m    3.0005u 
  450.00000m    5.9466u 
  500.00000m   10.0799u 
  550.00000m   15.2706u 
  600.00000m   21.3779u 
  650.00000m   28.2844u 
  700.00000m   35.8939u 
  750.00000m   44.1221u 
  800.00000m   52.8923u 
  850.00000m   62.1317u 
  900.00000m   71.7706u 
  950.00000m   81.7409u 
    1.00000    91.9745u 
y
 vth0_value= 265.1261m
 u0_param=  49.0650m
 ags_param= 415.3239m
 
   *** monte carlo  index = 154 ***
x

 volt         param     
             i_d_0.8    
    0.         72.8601p 
   50.00000m  373.8835p 
  100.00000m    1.8794n 
  150.00000m    8.9532n 
  200.00000m   38.9672n 
  250.00000m  150.7992n 
  300.00000m  511.7591n 
  350.00000m    1.4700u 
  400.00000m    3.4459u 
  450.00000m    6.6637u 
  500.00000m   11.0927u 
  550.00000m   16.5916u 
  600.00000m   23.0173u 
  650.00000m   30.2520u 
  700.00000m   38.1981u 
  750.00000m   46.7702u 
  800.00000m   55.8895u 
  850.00000m   65.4816u 
  900.00000m   75.4748u 
  950.00000m   85.7990u 
    1.00000    96.3845u 
y
 vth0_value= 258.2267m
 u0_param=  50.4795m
 ags_param= 423.0590m
 
   *** monte carlo  index = 155 ***
x

 volt         param     
             i_d_0.8    
    0.         33.9877p 
   50.00000m  173.5550p 
  100.00000m  883.6777p 
  150.00000m    4.3278n 
  200.00000m   19.6780n 
  250.00000m   80.3043n 
  300.00000m  289.2728n 
  350.00000m  898.9448n 
  400.00000m    2.3064u 
  450.00000m    4.8293u 
  500.00000m    8.5314u 
  550.00000m   13.3067u 
  600.00000m   19.0138u 
  650.00000m   25.5307u 
  700.00000m   32.7580u 
  750.00000m   40.6107u 
  800.00000m   49.0122u 
  850.00000m   57.8906u 
  900.00000m   67.1772u 
  950.00000m   76.8052u 
    1.00000    86.7087u 
y
 vth0_value= 279.9765m
 u0_param=  48.3457m
 ags_param= 409.0026m
 
   *** monte carlo  index = 156 ***
x

 volt         param     
             i_d_0.8    
    0.         35.8531p 
   50.00000m  183.2455p 
  100.00000m  932.6235p 
  150.00000m    4.5620n 
  200.00000m   20.7013n 
  250.00000m   84.2600n 
  300.00000m  302.6358n 
  350.00000m  936.8799n 
  400.00000m    2.3926u 
  450.00000m    4.9882u 
  500.00000m    8.7829u 
  550.00000m   13.6661u 
  600.00000m   19.4937u 
  650.00000m   26.1418u 
  700.00000m   33.5095u 
  750.00000m   41.5106u 
  800.00000m   50.0670u 
  850.00000m   59.1058u 
  900.00000m   68.5572u 
  950.00000m   78.3535u 
    1.00000    88.4276u 
y
 vth0_value= 278.9003m
 u0_param=  49.1915m
 ags_param= 421.6046m
 
   *** monte carlo  index = 157 ***
x

 volt         param     
             i_d_0.8    
    0.        114.8782p 
   50.00000m  588.2901p 
  100.00000m    2.9251n 
  150.00000m   13.6534n 
  200.00000m   57.6988n 
  250.00000m  215.9761n 
  300.00000m  704.4732n 
  350.00000m    1.9211u 
  400.00000m    4.2665u 
  450.00000m    7.8935u 
  500.00000m   12.7254u 
  550.00000m   18.6111u 
  600.00000m   25.4111u 
  650.00000m   33.0113u 
  700.00000m   41.3163u 
  750.00000m   50.2406u 
  800.00000m   59.7052u 
  850.00000m   69.6346u 
  900.00000m   79.9562u 
  950.00000m   90.5984u 
    1.00000   101.4896u 
y
 vth0_value= 244.9422m
 u0_param=  51.1901m
 ags_param= 417.1665m
 
   *** monte carlo  index = 158 ***
x

 volt         param     
             i_d_0.8    
    0.         67.5470p 
   50.00000m  346.5697p 
  100.00000m    1.7442n 
  150.00000m    8.3300n 
  200.00000m   36.3907n 
  250.00000m  141.4466n 
  300.00000m  482.4795n 
  350.00000m    1.3953u 
  400.00000m    3.2951u 
  450.00000m    6.4122u 
  500.00000m   10.7235u 
  550.00000m   16.0921u 
  600.00000m   22.3772u 
  650.00000m   29.4622u 
  700.00000m   37.2508u 
  750.00000m   45.6589u 
  800.00000m   54.6088u 
  850.00000m   64.0271u 
  900.00000m   73.8434u 
  950.00000m   83.9885u 
    1.00000    94.3936u 
y
 vth0_value= 259.9717m
 u0_param=  49.6327m
 ags_param= 414.3729m
 
   *** monte carlo  index = 159 ***
x

 volt         param     
             i_d_0.8    
    0.         37.6838p 
   50.00000m  192.6654p 
  100.00000m  979.2243p 
  150.00000m    4.7760n 
  200.00000m   21.5689n 
  250.00000m   87.2672n 
  300.00000m  311.4127n 
  350.00000m  956.0250n 
  400.00000m    2.4171u 
  450.00000m    4.9936u 
  500.00000m    8.7323u 
  550.00000m   13.5232u 
  600.00000m   19.2275u 
  650.00000m   25.7270u 
  700.00000m   32.9248u 
  750.00000m   40.7378u 
  800.00000m   49.0907u 
  850.00000m   57.9126u 
  900.00000m   67.1357u 
  950.00000m   76.6937u 
    1.00000    86.5213u 
y
 vth0_value= 276.3676m
 u0_param=  47.6563m
 ags_param= 410.9539m
 
   *** monte carlo  index = 160 ***
x

 volt         param     
             i_d_0.8    
    0.         94.2575p 
   50.00000m  483.0651p 
  100.00000m    2.4117n 
  150.00000m   11.3430n 
  200.00000m   48.4531n 
  250.00000m  183.5748n 
  300.00000m  607.6915n 
  350.00000m    1.6893u 
  400.00000m    3.8258u 
  450.00000m    7.1912u 
  500.00000m   11.7274u 
  550.00000m   17.2920u 
  600.00000m   23.7494u 
  650.00000m   30.9884u 
  700.00000m   38.9160u 
  750.00000m   47.4498u 
  800.00000m   56.5132u 
  850.00000m   66.0333u 
  900.00000m   75.9397u 
  950.00000m   86.1635u 
    1.00000    96.6350u 
y
 vth0_value= 249.6755m
 u0_param=  49.2641m
 ags_param= 407.2054m
 
   *** monte carlo  index = 161 ***
x

 volt         param     
             i_d_0.8    
    0.         74.6696p 
   50.00000m  383.0845p 
  100.00000m    1.9239n 
  150.00000m    9.1498n 
  200.00000m   39.7231n 
  250.00000m  153.2869n 
  300.00000m  518.5123n 
  350.00000m    1.4830u 
  400.00000m    3.4604u 
  450.00000m    6.6663u 
  500.00000m   11.0666u 
  550.00000m   16.5216u 
  600.00000m   22.8909u 
  650.00000m   30.0588u 
  700.00000m   37.9296u 
  750.00000m   46.4191u 
  800.00000m   55.4496u 
  850.00000m   64.9474u 
  900.00000m   74.8418u 
  950.00000m   85.0635u 
    1.00000    95.5430u 
y
 vth0_value= 257.0544m
 u0_param=  49.8041m
 ags_param= 425.1133m
 
   *** monte carlo  index = 162 ***
x

 volt         param     
             i_d_0.8    
    0.         91.1818p 
   50.00000m  467.5417p 
  100.00000m    2.3377n 
  150.00000m   11.0245n 
  200.00000m   47.2738n 
  250.00000m  179.8702n 
  300.00000m  598.4078n 
  350.00000m    1.6744u 
  400.00000m    3.8175u 
  450.00000m    7.2147u 
  500.00000m   11.8111u 
  550.00000m   17.4611u 
  600.00000m   24.0246u 
  650.00000m   31.3870u 
  700.00000m   39.4526u 
  750.00000m   48.1368u 
  800.00000m   57.3612u 
  850.00000m   67.0515u 
  900.00000m   77.1361u 
  950.00000m   87.5446u 
    1.00000    98.2067u 
y
 vth0_value= 251.4151m
 u0_param=  50.4114m
 ags_param= 416.3192m
 
   *** monte carlo  index = 163 ***
x

 volt         param     
             i_d_0.8    
    0.        233.4927p 
   50.00000m    1.1852n 
  100.00000m    5.7603n 
  150.00000m   25.8643n 
  200.00000m  103.8914n 
  250.00000m  367.7790n 
  300.00000m    1.1174u 
  350.00000m    2.7913u 
  400.00000m    5.7054u 
  450.00000m    9.8989u 
  500.00000m   15.2475u 
  550.00000m   21.6007u 
  600.00000m   28.8302u 
  650.00000m   36.8309u 
  700.00000m   45.5118u 
  750.00000m   54.7899u 
  800.00000m   64.5869u 
  850.00000m   74.8277u 
  900.00000m   85.4392u 
  950.00000m   96.3487u 
    1.00000   107.4824u 
y
 vth0_value= 223.3872m
 u0_param=  50.9334m
 ags_param= 424.7376m
 
   *** monte carlo  index = 164 ***
x

 volt         param     
             i_d_0.8    
    0.         85.2247p 
   50.00000m  437.0084p 
  100.00000m    2.1875n 
  150.00000m   10.3381n 
  200.00000m   44.4690n 
  250.00000m  169.8062n 
  300.00000m  567.3750n 
  350.00000m    1.5966u 
  400.00000m    3.6621u 
  450.00000m    6.9553u 
  500.00000m   11.4279u 
  550.00000m   16.9388u 
  600.00000m   23.3505u 
  650.00000m   30.5502u 
  700.00000m   38.4440u 
  750.00000m   46.9487u 
  800.00000m   55.9874u 
  850.00000m   65.4870u 
  900.00000m   75.3772u 
  950.00000m   85.5887u 
    1.00000    96.0522u 
y
 vth0_value= 252.8154m
 u0_param=  49.4193m
 ags_param= 419.7293m
 
   *** monte carlo  index = 165 ***
x

 volt         param     
             i_d_0.8    
    0.         76.4121p 
   50.00000m  392.0212p 
  100.00000m    1.9679n 
  150.00000m    9.3512n 
  200.00000m   40.5453n 
  250.00000m  156.2288n 
  300.00000m  527.5488n 
  350.00000m    1.5054u 
  400.00000m    3.5040u 
  450.00000m    6.7363u 
  500.00000m   11.1659u 
  550.00000m   16.6518u 
  600.00000m   23.0535u 
  650.00000m   30.2550u 
  700.00000m   38.1605u 
  750.00000m   46.6854u 
  800.00000m   55.7519u 
  850.00000m   65.2861u 
  900.00000m   75.2171u 
  950.00000m   85.4752u 
    1.00000    95.9909u 
y
 vth0_value= 256.4654m
 u0_param=  49.9711m
 ags_param= 419.9897m
 
   *** monte carlo  index = 166 ***
x

 volt         param     
             i_d_0.8    
    0.        179.8139p 
   50.00000m  916.4412p 
  100.00000m    4.4962n 
  150.00000m   20.5038n 
  200.00000m   83.9856n 
  250.00000m  303.7637n 
  300.00000m  949.0346n 
  350.00000m    2.4514u 
  400.00000m    5.1661u 
  450.00000m    9.1738u 
  500.00000m   14.3635u 
  550.00000m   20.5819u 
  600.00000m   27.6956u 
  650.00000m   35.5955u 
  700.00000m   44.1882u 
  750.00000m   53.3896u 
  800.00000m   63.1205u 
  850.00000m   73.3052u 
  900.00000m   83.8705u 
  950.00000m   94.7439u 
    1.00000   105.8520u 
y
 vth0_value= 231.5540m
 u0_param=  51.3809m
 ags_param= 423.6876m
 
   *** monte carlo  index = 167 ***
x

 volt         param     
             i_d_0.8    
    0.         82.2554p 
   50.00000m  421.9340p 
  100.00000m    2.1147n 
  150.00000m   10.0181n 
  200.00000m   43.2413n 
  250.00000m  165.7582n 
  300.00000m  556.3473n 
  350.00000m    1.5749u 
  400.00000m    3.6347u 
  450.00000m    6.9384u 
  500.00000m   11.4417u 
  550.00000m   17.0015u 
  600.00000m   23.4772u 
  650.00000m   30.7534u 
  700.00000m   38.7340u 
  750.00000m   47.3345u 
  800.00000m   56.4768u 
  850.00000m   66.0866u 
  900.00000m   76.0926u 
  950.00000m   86.4250u 
    1.00000    97.0136u 
y
 vth0_value= 254.3950m
 u0_param=  50.2109m
 ags_param= 423.9927m
 
   *** monte carlo  index = 168 ***
x

 volt         param     
             i_d_0.8    
    0.         44.2694p 
   50.00000m  226.7271p 
  100.00000m    1.1497n 
  150.00000m    5.5780n 
  200.00000m   24.9746n 
  250.00000m   99.9683n 
  300.00000m  352.5142n 
  350.00000m    1.0654u 
  400.00000m    2.6443u 
  450.00000m    5.3726u 
  500.00000m    9.2774u 
  550.00000m   14.2396u 
  600.00000m   20.1189u 
  650.00000m   26.7968u 
  700.00000m   34.1764u 
  750.00000m   42.1739u 
  800.00000m   50.7132u 
  850.00000m   59.7223u 
  900.00000m   69.1326u 
  950.00000m   78.8769u 
    1.00000    88.8887u 
y
 vth0_value= 271.9412m
 u0_param=  48.3665m
 ags_param= 402.8463m
 
   *** monte carlo  index = 169 ***
x

 volt         param     
             i_d_0.8    
    0.        113.4456p 
   50.00000m  580.7168p 
  100.00000m    2.8856n 
  150.00000m   13.4546n 
  200.00000m   56.7768n 
  250.00000m  212.2072n 
  300.00000m  690.9917n 
  350.00000m    1.8802u 
  400.00000m    4.1667u 
  450.00000m    7.6964u 
  500.00000m   12.3945u 
  550.00000m   18.1157u 
  600.00000m   24.7257u 
  650.00000m   32.1149u 
  700.00000m   40.1910u 
  750.00000m   48.8713u 
  800.00000m   58.0792u 
  850.00000m   67.7414u 
  900.00000m   77.7870u 
  950.00000m   88.1462u 
    1.00000    98.7488u 
y
 vth0_value= 244.2853m
 u0_param=  49.5671m
 ags_param= 417.7295m
 
   *** monte carlo  index = 170 ***
x

 volt         param     
             i_d_0.8    
    0.         80.4520p 
   50.00000m  412.5247p 
  100.00000m    2.0668n 
  150.00000m    9.7850n 
  200.00000m   42.2001n 
  250.00000m  161.6275n 
  300.00000m  542.0001n 
  350.00000m    1.5325u 
  400.00000m    3.5328u 
  450.00000m    6.7378u 
  500.00000m   11.1050u 
  550.00000m   16.4967u 
  600.00000m   22.7779u 
  650.00000m   29.8375u 
  700.00000m   37.5829u 
  750.00000m   45.9323u 
  800.00000m   54.8101u 
  850.00000m   64.1444u 
  900.00000m   73.8657u 
  950.00000m   83.9059u 
    1.00000    94.1966u 
y
 vth0_value= 253.9916m
 u0_param=  48.5608m
 ags_param= 421.0327m
 
   *** monte carlo  index = 171 ***
x

 volt         param     
             i_d_0.8    
    0.         63.4543p 
   50.00000m  325.4662p 
  100.00000m    1.6392n 
  150.00000m    7.8401n 
  200.00000m   34.3302n 
  250.00000m  133.8073n 
  300.00000m  457.9160n 
  350.00000m    1.3301u 
  400.00000m    3.1562u 
  450.00000m    6.1673u 
  500.00000m   10.3461u 
  550.00000m   15.5609u 
  600.00000m   21.6745u 
  650.00000m   28.5733u 
  700.00000m   36.1632u 
  750.00000m   44.3620u 
  800.00000m   53.0938u 
  850.00000m   62.2871u 
  900.00000m   71.8727u 
  950.00000m   81.7831u 
    1.00000    91.9505u 
y
 vth0_value= 261.0542m
 u0_param=  48.3995m
 ags_param= 418.7160m
 
   *** monte carlo  index = 172 ***
x

 volt         param     
             i_d_0.8    
    0.         25.7933p 
   50.00000m  131.0241p 
  100.00000m  669.3713p 
  150.00000m    3.3073n 
  200.00000m   15.2669n 
  250.00000m   63.5489n 
  300.00000m  233.9451n 
  350.00000m  747.4435n 
  400.00000m    1.9847u 
  450.00000m    4.2928u 
  500.00000m    7.7766u 
  550.00000m   12.3474u 
  600.00000m   17.8645u 
  650.00000m   24.2024u 
  700.00000m   31.2588u 
  750.00000m   38.9478u 
  800.00000m   47.1921u 
  850.00000m   55.9198u 
  900.00000m   65.0624u 
  950.00000m   74.5535u 
    1.00000    84.3279u 
y
 vth0_value= 288.3696m
 u0_param=  48.2480m
 ags_param= 410.5570m
 
   *** monte carlo  index = 173 ***
x

 volt         param     
             i_d_0.8    
    0.         73.7883p 
   50.00000m  378.5456p 
  100.00000m    1.9014n 
  150.00000m    9.0451n 
  200.00000m   39.2851n 
  250.00000m  151.6713n 
  300.00000m  513.3495n 
  350.00000m    1.4694u 
  400.00000m    3.4315u 
  450.00000m    6.6154u 
  500.00000m   10.9878u 
  550.00000m   16.4102u 
  600.00000m   22.7428u 
  650.00000m   29.8705u 
  700.00000m   37.6981u 
  750.00000m   46.1417u 
  800.00000m   55.1240u 
  850.00000m   64.5718u 
  900.00000m   74.4146u 
  950.00000m   84.5832u 
    1.00000    95.0088u 
y
 vth0_value= 257.2462m
 u0_param=  49.5457m
 ags_param= 414.0220m
 
   *** monte carlo  index = 174 ***
x

 volt         param     
             i_d_0.8    
    0.         93.6917p 
   50.00000m  480.1551p 
  100.00000m    2.3973n 
  150.00000m   11.2763n 
  200.00000m   48.1747n 
  250.00000m  182.5512n 
  300.00000m  604.4354n 
  350.00000m    1.6808u 
  400.00000m    3.8075u 
  450.00000m    7.1588u 
  500.00000m   11.6770u 
  550.00000m   17.2204u 
  600.00000m   23.6540u 
  650.00000m   30.8672u 
  700.00000m   38.7672u 
  750.00000m   47.2720u 
  800.00000m   56.3052u 
  850.00000m   65.7942u 
  900.00000m   75.6689u 
  950.00000m   85.8603u 
    1.00000    96.2993u 
y
 vth0_value= 249.7357m
 u0_param=  49.0783m
 ags_param= 413.2856m
 
   *** monte carlo  index = 175 ***
x

 volt         param     
             i_d_0.8    
    0.        111.3881p 
   50.00000m  570.1183p 
  100.00000m    2.8329n 
  150.00000m   13.2094n 
  200.00000m   55.7461n 
  250.00000m  208.3822n 
  300.00000m  678.6861n 
  350.00000m    1.8473u 
  400.00000m    4.0950u 
  450.00000m    7.5663u 
  500.00000m   12.1884u 
  550.00000m   17.8190u 
  600.00000m   24.3263u 
  650.00000m   31.6027u 
  700.00000m   39.5574u 
  750.00000m   48.1095u 
  800.00000m   57.1831u 
  850.00000m   66.7062u 
  900.00000m   76.6089u 
  950.00000m   86.8222u 
    1.00000    97.2765u 
y
 vth0_value= 244.3030m
 u0_param=  48.7510m
 ags_param= 425.6796m
 
   *** monte carlo  index = 176 ***
x

 volt         param     
             i_d_0.8    
    0.         54.7071p 
   50.00000m  280.4514p 
  100.00000m    1.4160n 
  150.00000m    6.8080n 
  200.00000m   30.0506n 
  250.00000m  118.2403n 
  300.00000m  409.0482n 
  350.00000m    1.2054u 
  400.00000m    2.9065u 
  450.00000m    5.7578u 
  500.00000m    9.7577u 
  550.00000m   14.7817u 
  600.00000m   20.6944u 
  650.00000m   27.3832u 
  700.00000m   34.7551u 
  750.00000m   42.7291u 
  800.00000m   51.2308u 
  850.00000m   60.1897u 
  900.00000m   69.5381u 
  950.00000m   79.2097u 
    1.00000    89.1384u 
y
 vth0_value= 264.8761m
 u0_param=  47.4045m
 ags_param= 402.1124m
 
   *** monte carlo  index = 177 ***
x

 volt         param     
             i_d_0.8    
    0.         60.1364p 
   50.00000m  308.4434p 
  100.00000m    1.5553n 
  150.00000m    7.4568n 
  200.00000m   32.7710n 
  250.00000m  128.2760n 
  300.00000m  441.1245n 
  350.00000m    1.2896u 
  400.00000m    3.0820u 
  450.00000m    6.0590u 
  500.00000m   10.2097u 
  550.00000m   15.4038u 
  600.00000m   21.5029u 
  650.00000m   28.3921u 
  700.00000m   35.9767u 
  750.00000m   44.1739u 
  800.00000m   52.9077u 
  850.00000m   62.1061u 
  900.00000m   71.6998u 
  950.00000m   81.6211u 
    1.00000    91.8024u 
y
 vth0_value= 262.7903m
 u0_param=  48.5686m
 ags_param= 433.8870m
 
   *** monte carlo  index = 178 ***
x

 volt         param     
             i_d_0.8    
    0.         27.5154p 
   50.00000m  139.9618p 
  100.00000m  714.3845p 
  150.00000m    3.5213n 
  200.00000m   16.1885n 
  250.00000m   67.0193n 
  300.00000m  245.2597n 
  350.00000m  777.7667n 
  400.00000m    2.0460u 
  450.00000m    4.3858u 
  500.00000m    7.8898u 
  550.00000m   12.4657u 
  600.00000m   17.9742u 
  650.00000m   24.2924u 
  700.00000m   31.3202u 
  750.00000m   38.9730u 
  800.00000m   47.1745u 
  850.00000m   55.8535u 
  900.00000m   64.9424u 
  950.00000m   74.3751u 
    1.00000    84.0869u 
y
 vth0_value= 286.0325m
 u0_param=  47.7237m
 ags_param= 410.4909m
 
   *** monte carlo  index = 179 ***
x

 volt         param     
             i_d_0.8    
    0.         96.1124p 
   50.00000m  492.5141p 
  100.00000m    2.4577n 
  150.00000m   11.5483n 
  200.00000m   49.2642n 
  250.00000m  186.3705n 
  300.00000m  615.8491n 
  350.00000m    1.7080u 
  400.00000m    3.8589u 
  450.00000m    7.2395u 
  500.00000m   11.7899u 
  550.00000m   17.3675u 
  600.00000m   23.8370u 
  650.00000m   31.0876u 
  700.00000m   39.0265u 
  750.00000m   47.5712u 
  800.00000m   56.6452u 
  850.00000m   66.1757u 
  900.00000m   76.0923u 
  950.00000m   86.3259u 
    1.00000    96.8070u 
y
 vth0_value= 249.0803m
 u0_param=  49.2526m
 ags_param= 416.7829m
 
   *** monte carlo  index = 180 ***
x

 volt         param     
             i_d_0.8    
    0.         52.0262p 
   50.00000m  266.7707p 
  100.00000m    1.3494n 
  150.00000m    6.5113n 
  200.00000m   28.9015n 
  250.00000m  114.4695n 
  300.00000m  398.8888n 
  350.00000m    1.1868u 
  400.00000m    2.8926u 
  450.00000m    5.7838u 
  500.00000m    9.8684u 
  550.00000m   15.0187u 
  600.00000m   21.0926u 
  650.00000m   27.9712u 
  700.00000m   35.5569u 
  750.00000m   43.7650u 
  800.00000m   52.5184u 
  850.00000m   61.7439u 
  900.00000m   71.3717u 
  950.00000m   81.3336u 
    1.00000    91.5616u 
y
 vth0_value= 267.6157m
 u0_param=  49.2393m
 ags_param= 404.9878m
 
   *** monte carlo  index = 181 ***
x

 volt         param     
             i_d_0.8    
    0.         54.3029p 
   50.00000m  278.4938p 
  100.00000m    1.4076n 
  150.00000m    6.7805n 
  200.00000m   30.0169n 
  250.00000m  118.5112n 
  300.00000m  411.5069n 
  350.00000m    1.2185u 
  400.00000m    2.9543u 
  450.00000m    5.8797u 
  500.00000m    9.9975u 
  550.00000m   15.1785u 
  600.00000m   21.2809u 
  650.00000m   28.1866u 
  700.00000m   35.7983u 
  750.00000m   44.0314u 
  800.00000m   52.8089u 
  850.00000m   62.0577u 
  900.00000m   71.7079u 
  950.00000m   81.6912u 
    1.00000    91.9396u 
y
 vth0_value= 266.3196m
 u0_param=  49.2414m
 ags_param= 411.9649m
 
   *** monte carlo  index = 182 ***
x

 volt         param     
             i_d_0.8    
    0.         67.2219p 
   50.00000m  344.8647p 
  100.00000m    1.7354n 
  150.00000m    8.2865n 
  200.00000m   36.1913n 
  250.00000m  140.6314n 
  300.00000m  479.5587n 
  350.00000m    1.3864u 
  400.00000m    3.2727u 
  450.00000m    6.3665u 
  500.00000m   10.6450u 
  550.00000m   15.9728u 
  600.00000m   22.2104u 
  650.00000m   29.2424u 
  700.00000m   36.9737u 
  750.00000m   45.3207u 
  800.00000m   54.2064u 
  850.00000m   63.5581u 
  900.00000m   73.3057u 
  950.00000m   83.3807u 
    1.00000    93.7144u 
y
 vth0_value= 259.8416m
 u0_param=  49.2072m
 ags_param= 425.5556m
 
   *** monte carlo  index = 183 ***
x

 volt         param     
             i_d_0.8    
    0.         62.5006p 
   50.00000m  320.6633p 
  100.00000m    1.6164n 
  150.00000m    7.7443n 
  200.00000m   33.9961n 
  250.00000m  132.8894n 
  300.00000m  456.2406n 
  350.00000m    1.3309u 
  400.00000m    3.1728u 
  450.00000m    6.2240u 
  500.00000m   10.4704u 
  550.00000m   15.7776u 
  600.00000m   22.0042u 
  650.00000m   29.0329u 
  700.00000m   36.7670u 
  750.00000m   45.1222u 
  800.00000m   54.0208u 
  850.00000m   63.3897u 
  900.00000m   73.1583u 
  950.00000m   83.2579u 
    1.00000    93.6198u 
y
 vth0_value= 262.2638m
 u0_param=  49.5478m
 ags_param= 421.6426m
 
   *** monte carlo  index = 184 ***
x

 volt         param     
             i_d_0.8    
    0.         56.9701p 
   50.00000m  292.2095p 
  100.00000m    1.4754n 
  150.00000m    7.0931n 
  200.00000m   31.3029n 
  250.00000m  123.1297n 
  300.00000m  425.7560n 
  350.00000m    1.2537u 
  400.00000m    3.0206u 
  450.00000m    5.9793u 
  500.00000m   10.1263u 
  550.00000m   15.3310u 
  600.00000m   21.4525u 
  650.00000m   28.3734u 
  700.00000m   35.9973u 
  750.00000m   44.2399u 
  800.00000m   53.0243u 
  850.00000m   62.2778u 
  900.00000m   71.9304u 
  950.00000m   81.9140u 
    1.00000    92.1606u 
y
 vth0_value= 264.7986m
 u0_param=  49.1349m
 ags_param= 404.4488m
 
   *** monte carlo  index = 185 ***
x

 volt         param     
             i_d_0.8    
    0.         30.7705p 
   50.00000m  156.8547p 
  100.00000m  799.4856p 
  150.00000m    3.9264n 
  200.00000m   17.9374n 
  250.00000m   73.6505n 
  300.00000m  267.1064n 
  350.00000m  837.3664n 
  400.00000m    2.1716u 
  450.00000m    4.5928u 
  500.00000m    8.1767u 
  550.00000m   12.8241u 
  600.00000m   18.3962u 
  650.00000m   24.7720u 
  700.00000m   31.8528u 
  750.00000m   39.5546u 
  800.00000m   47.8018u 
  850.00000m   56.5234u 
  900.00000m   65.6516u 
  950.00000m   75.1207u 
    1.00000    84.8654u 
y
 vth0_value= 282.5360m
 u0_param=  47.6234m
 ags_param= 423.6296m
 
   *** monte carlo  index = 186 ***
x

 volt         param     
             i_d_0.8    
    0.         83.4270p 
   50.00000m  427.8271p 
  100.00000m    2.1426n 
  150.00000m   10.1359n 
  200.00000m   43.6611n 
  250.00000m  166.9883n 
  300.00000m  559.0127n 
  350.00000m    1.5770u 
  400.00000m    3.6265u 
  450.00000m    6.9024u 
  500.00000m   11.3585u 
  550.00000m   16.8541u 
  600.00000m   23.2512u 
  650.00000m   30.4369u 
  700.00000m   38.3171u 
  750.00000m   46.8084u 
  800.00000m   55.8340u 
  850.00000m   65.3209u 
  900.00000m   75.1985u 
  950.00000m   85.3978u 
    1.00000    95.8495u 
y
 vth0_value= 253.4581m
 u0_param=  49.4186m
 ags_param= 411.7325m
 
   *** monte carlo  index = 187 ***
x

 volt         param     
             i_d_0.8    
    0.         69.1563p 
   50.00000m  354.8123p 
  100.00000m    1.7847n 
  150.00000m    8.5139n 
  200.00000m   37.1327n 
  250.00000m  144.0549n 
  300.00000m  490.2986n 
  350.00000m    1.4138u 
  400.00000m    3.3282u 
  450.00000m    6.4594u 
  500.00000m   10.7814u 
  550.00000m   16.1571u 
  600.00000m   22.4462u 
  650.00000m   29.5328u 
  700.00000m   37.3211u 
  750.00000m   45.7270u 
  800.00000m   54.6732u 
  850.00000m   64.0865u 
  900.00000m   73.8964u 
  950.00000m   84.0340u 
    1.00000    94.4304u 
y
 vth0_value= 259.1937m
 u0_param=  49.5296m
 ags_param= 413.3831m
 
   *** monte carlo  index = 188 ***
x

 volt         param     
             i_d_0.8    
    0.        170.1252p 
   50.00000m  867.6610p 
  100.00000m    4.2643n 
  150.00000m   19.5033n 
  200.00000m   80.1931n 
  250.00000m  291.2642n 
  300.00000m  914.8879n 
  350.00000m    2.3789u 
  400.00000m    5.0444u 
  450.00000m    9.0004u 
  500.00000m   14.1398u 
  550.00000m   20.3096u 
  600.00000m   27.3758u 
  650.00000m   35.2288u 
  700.00000m   43.7754u 
  750.00000m   52.9312u 
  800.00000m   62.6173u 
  850.00000m   72.7582u 
  900.00000m   83.2807u 
  950.00000m   94.1125u 
    1.00000   105.1806u 
y
 vth0_value= 233.1615m
 u0_param=  51.2804m
 ags_param= 423.4550m
 
   *** monte carlo  index = 189 ***
x

 volt         param     
             i_d_0.8    
    0.        131.4337p 
   50.00000m  671.8353p 
  100.00000m    3.3238n 
  150.00000m   15.3774n 
  200.00000m   64.2041n 
  250.00000m  237.1732n 
  300.00000m  761.1935n 
  350.00000m    2.0333u 
  400.00000m    4.4246u 
  450.00000m    8.0559u 
  500.00000m   12.8410u 
  550.00000m   18.6346u 
  600.00000m   25.3054u 
  650.00000m   32.7465u 
  700.00000m   40.8669u 
  750.00000m   49.5851u 
  800.00000m   58.8248u 
  850.00000m   68.5131u 
  900.00000m   78.5794u 
  950.00000m   88.9539u 
    1.00000    99.5661u 
y
 vth0_value= 239.6581m
 u0_param=  49.2758m
 ags_param= 424.9027m
 
   *** monte carlo  index = 190 ***
x

 volt         param     
             i_d_0.8    
    0.        204.7114p 
   50.00000m    1.0412n 
  100.00000m    5.0841n 
  150.00000m   23.0013n 
  200.00000m   93.2689n 
  250.00000m  333.6336n 
  300.00000m    1.0276u 
  350.00000m    2.6088u 
  400.00000m    5.4110u 
  450.00000m    9.4927u 
  500.00000m   14.7364u 
  550.00000m   20.9912u 
  600.00000m   28.1271u 
  650.00000m   36.0377u 
  700.00000m   44.6316u 
  750.00000m   53.8257u 
  800.00000m   63.5415u 
  850.00000m   73.7043u 
  900.00000m   84.2410u 
  950.00000m   95.0795u 
    1.00000   106.1463u 
y
 vth0_value= 227.3113m
 u0_param=  50.8578m
 ags_param= 421.9700m
 
   *** monte carlo  index = 191 ***
x

 volt         param     
             i_d_0.8    
    0.        108.9492p 
   50.00000m  557.8528p 
  100.00000m    2.7748n 
  150.00000m   12.9621n 
  200.00000m   54.8399n 
  250.00000m  205.5574n 
  300.00000m  671.6994n 
  350.00000m    1.8361u 
  400.00000m    4.0874u 
  450.00000m    7.5776u 
  500.00000m   12.2354u 
  550.00000m   17.9163u 
  600.00000m   24.4860u 
  650.00000m   31.8347u 
  700.00000m   39.8702u 
  750.00000m   48.5100u 
  800.00000m   57.6776u 
  850.00000m   67.2999u 
  900.00000m   77.3060u 
  950.00000m   87.6267u 
    1.00000    98.1916u 
y
 vth0_value= 245.4160m
 u0_param=  49.4307m
 ags_param= 423.7963m
 
   *** monte carlo  index = 192 ***
x

 volt         param     
             i_d_0.8    
    0.         79.0956p 
   50.00000m  405.6972p 
  100.00000m    2.0344n 
  150.00000m    9.6479n 
  200.00000m   41.7095n 
  250.00000m  160.1806n 
  300.00000m  538.8132n 
  350.00000m    1.5297u 
  400.00000m    3.5414u 
  450.00000m    6.7779u 
  500.00000m   11.1985u 
  550.00000m   16.6632u 
  600.00000m   23.0332u 
  650.00000m   30.1948u 
  700.00000m   38.0531u 
  750.00000m   46.5246u 
  800.00000m   55.5323u 
  850.00000m   65.0030u 
  900.00000m   74.8662u 
  950.00000m   85.0528u 
    1.00000    95.4937u 
y
 vth0_value= 255.1107m
 u0_param=  49.4860m
 ags_param= 408.6215m
 
   *** monte carlo  index = 193 ***
x

 volt         param     
             i_d_0.8    
    0.         46.5872p 
   50.00000m  238.7116p 
  100.00000m    1.2097n 
  150.00000m    5.8599n 
  200.00000m   26.1724n 
  250.00000m  104.4455n 
  300.00000m  367.0507n 
  350.00000m    1.1043u 
  400.00000m    2.7267u 
  450.00000m    5.5141u 
  500.00000m    9.4885u 
  550.00000m   14.5273u 
  600.00000m   20.4891u 
  650.00000m   27.2547u 
  700.00000m   34.7265u 
  750.00000m   42.8201u 
  800.00000m   51.4587u 
  850.00000m   60.5699u 
  900.00000m   70.0842u 
  950.00000m   79.9340u 
    1.00000    90.0520u 
y
 vth0_value= 270.7019m
 u0_param=  48.8374m
 ags_param= 415.1014m
 
   *** monte carlo  index = 194 ***
x

 volt         param     
             i_d_0.8    
    0.        117.6907p 
   50.00000m  602.3719p 
  100.00000m    2.9912n 
  150.00000m   13.9297n 
  200.00000m   58.6802n 
  250.00000m  218.8954n 
  300.00000m  711.0444n 
  350.00000m    1.9287u 
  400.00000m    4.2609u 
  450.00000m    7.8506u 
  500.00000m   12.6196u 
  550.00000m   18.4204u 
  600.00000m   25.1172u 
  650.00000m   32.5996u 
  700.00000m   40.7740u 
  750.00000m   49.5573u 
  800.00000m   58.8718u 
  850.00000m   68.6435u 
  900.00000m   78.8009u 
  950.00000m   89.2735u 
    1.00000    99.9905u 
y
 vth0_value= 243.5390m
 u0_param=  50.1272m
 ags_param= 421.1019m
 
   *** monte carlo  index = 195 ***
x

 volt         param     
             i_d_0.8    
    0.        163.7277p 
   50.00000m  834.8961p 
  100.00000m    4.1033n 
  150.00000m   18.7678n 
  200.00000m   77.1791n 
  250.00000m  280.3932n 
  300.00000m  881.1351n 
  350.00000m    2.2924u 
  400.00000m    4.8640u 
  450.00000m    8.6834u 
  500.00000m   13.6489u 
  550.00000m   19.6139u 
  600.00000m   26.4494u 
  650.00000m   34.0502u 
  700.00000m   42.3263u 
  750.00000m   51.1962u 
  800.00000m   60.5836u 
  850.00000m   70.4152u 
  900.00000m   80.6198u 
  950.00000m   91.1270u 
    1.00000   101.8655u 
y
 vth0_value= 233.1828m
 u0_param=  49.5061m
 ags_param= 422.1848m
 
   *** monte carlo  index = 196 ***
x

 volt         param     
             i_d_0.8    
    0.         71.0334p 
   50.00000m  364.5354p 
  100.00000m    1.8335n 
  150.00000m    8.7456n 
  200.00000m   38.1336n 
  250.00000m  147.8855n 
  300.00000m  503.0892n 
  350.00000m    1.4497u 
  400.00000m    3.4102u 
  450.00000m    6.6138u 
  500.00000m   11.0327u 
  550.00000m   16.5259u 
  600.00000m   22.9494u 
  650.00000m   30.1844u 
  700.00000m   38.1331u 
  750.00000m   46.7093u 
  800.00000m   55.8343u 
  850.00000m   65.4332u 
  900.00000m   75.4343u 
  950.00000m   85.7676u 
    1.00000    96.3630u 
y
 vth0_value= 259.0860m
 u0_param=  50.6256m
 ags_param= 410.8343m
 
   *** monte carlo  index = 197 ***
x

 volt         param     
             i_d_0.8    
    0.         67.0053p 
   50.00000m  343.8090p 
  100.00000m    1.7308n 
  150.00000m    8.2703n 
  200.00000m   36.1585n 
  250.00000m  140.6729n 
  300.00000m  480.3396n 
  350.00000m    1.3911u 
  400.00000m    3.2900u 
  450.00000m    6.4104u 
  500.00000m   10.7304u 
  550.00000m   16.1129u 
  600.00000m   22.4161u 
  650.00000m   29.5230u 
  700.00000m   37.3367u 
  750.00000m   45.7727u 
  800.00000m   54.7530u 
  850.00000m   64.2041u 
  900.00000m   74.0550u 
  950.00000m   84.2366u 
    1.00000    94.6797u 
y
 vth0_value= 260.3471m
 u0_param=  49.8377m
 ags_param= 429.2218m
 
   *** monte carlo  index = 198 ***
x

 volt         param     
             i_d_0.8    
    0.         59.8423p 
   50.00000m  307.0041p 
  100.00000m    1.5489n 
  150.00000m    7.4341n 
  200.00000m   32.7233n 
  250.00000m  128.3245n 
  300.00000m  442.1756n 
  350.00000m    1.2961u 
  400.00000m    3.1065u 
  450.00000m    6.1219u 
  500.00000m   10.3336u 
  550.00000m   15.6083u 
  600.00000m   21.8043u 
  650.00000m   28.8039u 
  700.00000m   36.5099u 
  750.00000m   44.8379u 
  800.00000m   53.7102u 
  850.00000m   63.0536u 
  900.00000m   72.7978u 
  950.00000m   82.8740u 
    1.00000    93.2136u 
y
 vth0_value= 263.5652m
 u0_param=  49.5276m
 ags_param= 418.6591m
 
   *** monte carlo  index = 199 ***
x

 volt         param     
             i_d_0.8    
    0.         82.0280p 
   50.00000m  420.7234p 
  100.00000m    2.1083n 
  150.00000m    9.9850n 
  200.00000m   43.0816n 
  250.00000m  165.0761n 
  300.00000m  553.7972n 
  350.00000m    1.5667u 
  400.00000m    3.6135u 
  450.00000m    6.8943u 
  500.00000m   11.3649u 
  550.00000m   16.8837u 
  600.00000m   23.3112u 
  650.00000m   30.5332u 
  700.00000m   38.4545u 
  750.00000m   46.9913u 
  800.00000m   56.0660u 
  850.00000m   65.6051u 
  900.00000m   75.5376u 
  950.00000m   85.7943u 
    1.00000    96.3053u 
y
 vth0_value= 254.2114m
 u0_param=  49.7944m
 ags_param= 413.4778m
 
   *** monte carlo  index = 200 ***
x

 volt         param     
             i_d_0.8    
    0.         74.8194p 
   50.00000m  383.7816p 
  100.00000m    1.9266n 
  150.00000m    9.1561n 
  200.00000m   39.7080n 
  250.00000m  153.0463n 
  300.00000m  517.0069n 
  350.00000m    1.4761u 
  400.00000m    3.4378u 
  450.00000m    6.6127u 
  500.00000m   10.9657u 
  550.00000m   16.3591u 
  600.00000m   22.6549u 
  650.00000m   29.7393u 
  700.00000m   37.5181u 
  750.00000m   45.9083u 
  800.00000m   54.8331u 
  850.00000m   64.2200u 
  900.00000m   73.9989u 
  950.00000m   84.1012u 
    1.00000    94.4581u 
y
 vth0_value= 256.5540m
 u0_param=  49.1256m
 ags_param= 411.4127m
 
   *** monte carlo  index = 201 ***
x

 volt         param     
             i_d_0.8    
    0.         52.7078p 
   50.00000m  270.2889p 
  100.00000m    1.3669n 
  150.00000m    6.5933n 
  200.00000m   29.2467n 
  250.00000m  115.7472n 
  300.00000m  402.9889n 
  350.00000m    1.1976u 
  400.00000m    2.9151u 
  450.00000m    5.8221u 
  500.00000m    9.9251u 
  550.00000m   15.0959u 
  600.00000m   21.1918u 
  650.00000m   28.0939u 
  700.00000m   35.7045u 
  750.00000m   43.9386u 
  800.00000m   52.7189u 
  850.00000m   61.9722u 
  900.00000m   71.6284u 
  950.00000m   81.6192u 
    1.00000    91.8764u 
y
 vth0_value= 267.3025m
 u0_param=  49.3642m
 ags_param= 411.3870m
 
   *** monte carlo  index = 202 ***
x

 volt         param     
             i_d_0.8    
    0.         90.2846p 
   50.00000m  462.7671p 
  100.00000m    2.3125n 
  150.00000m   10.8947n 
  200.00000m   46.6518n 
  250.00000m  177.2399n 
  300.00000m  588.6822n 
  350.00000m    1.6437u 
  400.00000m    3.7393u 
  450.00000m    7.0549u 
  500.00000m   11.5365u 
  550.00000m   17.0435u 
  600.00000m   23.4409u 
  650.00000m   30.6181u 
  700.00000m   38.4824u 
  750.00000m   46.9518u 
  800.00000m   55.9502u 
  850.00000m   65.4052u 
  900.00000m   75.2468u 
  950.00000m   85.4062u 
    1.00000    95.8143u 
y
 vth0_value= 250.7658m
 u0_param=  48.9453m
 ags_param= 431.7206m
 
   *** monte carlo  index = 203 ***
x

 volt         param     
             i_d_0.8    
    0.        103.8507p 
   50.00000m  531.9220p 
  100.00000m    2.6491n 
  150.00000m   12.4032n 
  200.00000m   52.6427n 
  250.00000m  198.0220n 
  300.00000m  649.8714n 
  350.00000m    1.7863u 
  400.00000m    3.9992u 
  450.00000m    7.4477u 
  500.00000m   12.0647u 
  550.00000m   17.7065u 
  600.00000m   24.2383u 
  650.00000m   31.5499u 
  700.00000m   39.5489u 
  750.00000m   48.1528u 
  800.00000m   57.2851u 
  850.00000m   66.8727u 
  900.00000m   76.8451u 
  950.00000m   87.1328u 
    1.00000    97.6661u 
y
 vth0_value= 246.8201m
 u0_param=  49.3676m
 ags_param= 419.9884m
 
   *** monte carlo  index = 204 ***
x

 volt         param     
             i_d_0.8    
    0.         72.0943p 
   50.00000m  369.7871p 
  100.00000m    1.8575n 
  150.00000m    8.8385n 
  200.00000m   38.4009n 
  250.00000m  148.3234n 
  300.00000m  502.3069n 
  350.00000m    1.4389u 
  400.00000m    3.3632u 
  450.00000m    6.4885u 
  500.00000m   10.7835u 
  550.00000m   16.1125u 
  600.00000m   22.3385u 
  650.00000m   29.3485u 
  700.00000m   37.0489u 
  750.00000m   45.3572u 
  800.00000m   54.1974u 
  850.00000m   63.4974u 
  900.00000m   73.1877u 
  950.00000m   83.2002u 
    1.00000    93.4666u 
y
 vth0_value= 257.3982m
 u0_param=  48.7047m
 ags_param= 405.5599m
 
   *** monte carlo  index = 205 ***
x

 volt         param     
             i_d_0.8    
    0.        230.3511p 
   50.00000m    1.1690n 
  100.00000m    5.6800n 
  150.00000m   25.4921n 
  200.00000m  102.3437n 
  250.00000m  362.1215n 
  300.00000m    1.0996u 
  350.00000m    2.7448u 
  400.00000m    5.6071u 
  450.00000m    9.7248u 
  500.00000m   14.9765u 
  550.00000m   21.2153u 
  600.00000m   28.3159u 
  650.00000m   36.1756u 
  700.00000m   44.7052u 
  750.00000m   53.8234u 
  800.00000m   63.4534u 
  850.00000m   73.5212u 
  900.00000m   83.9549u 
  950.00000m   94.6829u 
    1.00000   105.6320u 
y
 vth0_value= 223.1491m
 u0_param=  49.9236m
 ags_param= 427.5973m
 
   *** monte carlo  index = 206 ***
x

 volt         param     
             i_d_0.8    
    0.        118.3329p 
   50.00000m  605.8637p 
  100.00000m    3.0103n 
  150.00000m   14.0328n 
  200.00000m   59.1945n 
  250.00000m  221.1272n 
  300.00000m  719.4864n 
  350.00000m    1.9558u 
  400.00000m    4.3296u 
  450.00000m    7.9898u 
  500.00000m   12.8569u 
  550.00000m   18.7792u 
  600.00000m   25.6168u 
  650.00000m   33.2559u 
  700.00000m   41.6007u 
  750.00000m   50.5658u 
  800.00000m   60.0717u 
  850.00000m   70.0429u 
  900.00000m   80.4065u 
  950.00000m   91.0908u 
    1.00000   102.0237u 
y
 vth0_value= 244.1487m
 u0_param=  51.3492m
 ags_param= 422.3729m
 
   *** monte carlo  index = 207 ***
x

 volt         param     
             i_d_0.8    
    0.         72.1890p 
   50.00000m  370.2152p 
  100.00000m    1.8590n 
  150.00000m    8.8405n 
  200.00000m   38.3761n 
  250.00000m  148.0837n 
  300.00000m  500.9546n 
  350.00000m    1.4330u 
  400.00000m    3.3444u 
  450.00000m    6.4443u 
  500.00000m   10.7011u 
  550.00000m   15.9807u 
  600.00000m   22.1481u 
  650.00000m   29.0922u 
  700.00000m   36.7204u 
  750.00000m   44.9515u 
  800.00000m   53.7102u 
  850.00000m   62.9251u 
  900.00000m   72.5275u 
  950.00000m   82.4499u 
    1.00000    92.6244u 
y
 vth0_value= 256.9861m
 u0_param=  48.1429m
 ags_param= 421.0501m
 
   *** monte carlo  index = 208 ***
x

 volt         param     
             i_d_0.8    
    0.        140.3190p 
   50.00000m  716.7905p 
  100.00000m    3.5395n 
  150.00000m   16.3215n 
  200.00000m   67.8441n 
  250.00000m  249.4001n 
  300.00000m  795.5520n 
  350.00000m    2.1087u 
  400.00000m    4.5544u 
  450.00000m    8.2438u 
  500.00000m   13.0857u 
  550.00000m   18.9341u 
  600.00000m   25.6586u 
  650.00000m   33.1524u 
  700.00000m   41.3250u 
  750.00000m   50.0948u 
  800.00000m   59.3854u 
  850.00000m   69.1238u 
  900.00000m   79.2391u 
  950.00000m   89.6614u 
    1.00000   100.3197u 
y
 vth0_value= 237.7525m
 u0_param=  49.3782m
 ags_param= 430.3532m
 
   *** monte carlo  index = 209 ***
x

 volt         param     
             i_d_0.8    
    0.        142.6348p 
   50.00000m  728.8412p 
  100.00000m    3.6005n 
  150.00000m   16.6143n 
  200.00000m   69.1212n 
  250.00000m  254.3135n 
  300.00000m  812.0340n 
  350.00000m    2.1551u 
  400.00000m    4.6599u 
  450.00000m    8.4417u 
  500.00000m   13.4065u 
  550.00000m   19.4034u 
  600.00000m   26.2974u 
  650.00000m   33.9786u 
  700.00000m   42.3535u 
  750.00000m   51.3383u 
  800.00000m   60.8546u 
  850.00000m   70.8276u 
  900.00000m   81.1848u 
  950.00000m   91.8549u 
    1.00000   102.7656u 
y
 vth0_value= 238.1497m
 u0_param=  50.7634m
 ags_param= 433.5582m
 
   *** monte carlo  index = 210 ***
x

 volt         param     
             i_d_0.8    
    0.         63.8208p 
   50.00000m  327.3909p 
  100.00000m    1.6491n 
  150.00000m    7.8895n 
  200.00000m   34.5590n 
  250.00000m  134.7518n 
  300.00000m  461.3368n 
  350.00000m    1.3407u 
  400.00000m    3.1833u 
  450.00000m    6.2232u 
  500.00000m   10.4431u 
  550.00000m   15.7099u 
  600.00000m   21.8845u 
  650.00000m   28.8518u 
  700.00000m   36.5166u 
  750.00000m   44.7958u 
  800.00000m   53.6129u 
  850.00000m   62.8954u 
  900.00000m   72.5735u 
  950.00000m   82.5792u 
    1.00000    92.8442u 
y
 vth0_value= 261.2281m
 u0_param=  48.9275m
 ags_param= 427.3474m
 
   *** monte carlo  index = 211 ***
x

 volt         param     
             i_d_0.8    
    0.         37.1075p 
   50.00000m  189.6748p 
  100.00000m  964.1504p 
  150.00000m    4.7041n 
  200.00000m   21.2568n 
  250.00000m   86.0684n 
  300.00000m  307.3936n 
  350.00000m  944.7370n 
  400.00000m    2.3918u 
  450.00000m    4.9472u 
  500.00000m    8.6595u 
  550.00000m   13.4197u 
  600.00000m   19.0899u 
  650.00000m   25.5525u 
  700.00000m   32.7110u 
  750.00000m   40.4828u 
  800.00000m   48.7929u 
  850.00000m   57.5708u 
  900.00000m   66.7488u 
  950.00000m   76.2613u 
    1.00000    86.0427u 
y
 vth0_value= 276.6721m
 u0_param=  47.4112m
 ags_param= 417.7028m
 
   *** monte carlo  index = 212 ***
x

 volt         param     
             i_d_0.8    
    0.        197.2971p 
   50.00000m    1.0037n 
  100.00000m    4.9039n 
  150.00000m   22.2094n 
  200.00000m   90.1798n 
  250.00000m  323.0856n 
  300.00000m  997.1642n 
  350.00000m    2.5379u 
  400.00000m    5.2761u 
  450.00000m    9.2730u 
  500.00000m   14.4147u 
  550.00000m   20.5536u 
  600.00000m   27.5619u 
  650.00000m   35.3351u 
  700.00000m   43.7834u 
  750.00000m   52.8249u 
  800.00000m   62.3828u 
  850.00000m   72.3830u 
  900.00000m   82.7537u 
  950.00000m   93.4236u 
    1.00000   104.3203u 
y
 vth0_value= 227.8560m
 u0_param=  49.9696m
 ags_param= 427.6499m
 
   *** monte carlo  index = 213 ***
x

 volt         param     
             i_d_0.8    
    0.        109.1692p 
   50.00000m  558.8400p 
  100.00000m    2.7783n 
  150.00000m   12.9670n 
  200.00000m   54.7948n 
  250.00000m  205.1245n 
  300.00000m  669.2696n 
  350.00000m    1.8259u 
  400.00000m    4.0569u 
  450.00000m    7.5097u 
  500.00000m   12.1135u 
  550.00000m   17.7260u 
  600.00000m   24.2156u 
  650.00000m   31.4746u 
  700.00000m   39.4122u 
  750.00000m   47.9474u 
  800.00000m   57.0046u 
  850.00000m   66.5116u 
  900.00000m   76.3987u 
  950.00000m   86.5970u 
    1.00000    97.0371u 
y
 vth0_value= 244.8757m
 u0_param=  48.6995m
 ags_param= 432.5107m
 
   *** monte carlo  index = 214 ***
x

 volt         param     
             i_d_0.8    
    0.         31.0644p 
   50.00000m  158.3897p 
  100.00000m  807.3243p 
  150.00000m    3.9647n 
  200.00000m   18.1108n 
  250.00000m   74.3529n 
  300.00000m  269.6076n 
  350.00000m  845.0033n 
  400.00000m    2.1908u 
  450.00000m    4.6319u 
  500.00000m    8.2442u 
  550.00000m   12.9273u 
  600.00000m   18.5411u 
  650.00000m   24.9634u 
  700.00000m   32.0949u 
  750.00000m   39.8509u 
  800.00000m   48.1550u 
  850.00000m   56.9359u 
  900.00000m   66.1254u 
  950.00000m   75.6571u 
    1.00000    85.4656u 
y
 vth0_value= 282.4887m
 u0_param=  47.9877m
 ags_param= 416.8809m
 
   *** monte carlo  index = 215 ***
x

 volt         param     
             i_d_0.8    
    0.        152.9545p 
   50.00000m  780.7762p 
  100.00000m    3.8471n 
  150.00000m   17.6734n 
  200.00000m   73.0947n 
  250.00000m  267.2106n 
  300.00000m  846.3576n 
  350.00000m    2.2236u 
  400.00000m    4.7618u 
  450.00000m    8.5617u 
  500.00000m   13.5253u 
  550.00000m   19.5038u 
  600.00000m   26.3656u 
  650.00000m   34.0031u 
  700.00000m   42.3248u 
  750.00000m   51.2481u 
  800.00000m   60.6955u 
  850.00000m   70.5933u 
  900.00000m   80.8695u 
  950.00000m   91.4534u 
    1.00000   102.2731u 
y
 vth0_value= 235.6172m
 u0_param=  50.0956m
 ags_param= 430.6471m
 
   *** monte carlo  index = 216 ***
x

 volt         param     
             i_d_0.8    
    0.        100.2142p 
   50.00000m  513.5556p 
  100.00000m    2.5614n 
  150.00000m   12.0239n 
  200.00000m   51.2211n 
  250.00000m  193.4564n 
  300.00000m  637.9610n 
  350.00000m    1.7646u 
  400.00000m    3.9758u 
  450.00000m    7.4417u 
  500.00000m   12.0984u 
  550.00000m   17.7995u 
  600.00000m   24.4068u 
  650.00000m   31.8072u 
  700.00000m   39.9061u 
  750.00000m   48.6194u 
  800.00000m   57.8692u 
  850.00000m   67.5814u 
  900.00000m   77.6843u 
  950.00000m   88.1078u 
    1.00000    98.7811u 
y
 vth0_value= 248.4653m
 u0_param=  50.2520m
 ags_param= 418.7576m
 
   *** monte carlo  index = 217 ***
x

 volt         param     
             i_d_0.8    
    0.         66.5015p 
   50.00000m  341.2305p 
  100.00000m    1.7182n 
  150.00000m    8.2130n 
  200.00000m   35.9292n 
  250.00000m  139.8749n 
  300.00000m  477.9795n 
  350.00000m    1.3856u 
  400.00000m    3.2807u 
  450.00000m    6.3982u 
  500.00000m   10.7172u 
  550.00000m   16.1004u 
  600.00000m   22.4057u 
  650.00000m   29.5158u 
  700.00000m   37.3335u 
  750.00000m   45.7741u 
  800.00000m   54.7596u 
  850.00000m   64.2161u 
  900.00000m   74.0729u 
  950.00000m   84.2605u 
    1.00000    94.7100u 
y
 vth0_value= 260.6228m
 u0_param=  49.9120m
 ags_param= 420.4696m
 
   *** monte carlo  index = 218 ***
x

 volt         param     
             i_d_0.8    
    0.        117.1524p 
   50.00000m  599.4615p 
  100.00000m    2.9754n 
  150.00000m   13.8457n 
  200.00000m   58.2674n 
  250.00000m  217.1248n 
  300.00000m  704.4180n 
  350.00000m    1.9078u 
  400.00000m    4.2080u 
  450.00000m    7.7441u 
  500.00000m   12.4387u 
  550.00000m   18.1477u 
  600.00000m   24.7383u 
  650.00000m   32.1024u 
  700.00000m   40.1485u 
  750.00000m   48.7950u 
  800.00000m   57.9655u 
  850.00000m   67.5872u 
  900.00000m   77.5898u 
  950.00000m   87.9036u 
    1.00000    98.4586u 
y
 vth0_value= 243.0815m
 u0_param=  49.2073m
 ags_param= 425.7276m
 
   *** monte carlo  index = 219 ***
x

 volt         param     
             i_d_0.8    
    0.         51.5285p 
   50.00000m  264.1780p 
  100.00000m    1.3362n 
  150.00000m    6.4475n 
  200.00000m   28.6168n 
  250.00000m  113.3384n 
  300.00000m  394.9494n 
  350.00000m    1.1751u 
  400.00000m    2.8642u 
  450.00000m    5.7274u 
  500.00000m    9.7731u 
  550.00000m   14.8751u 
  600.00000m   20.8932u 
  650.00000m   27.7097u 
  700.00000m   35.2282u 
  750.00000m   43.3649u 
  800.00000m   52.0432u 
  850.00000m   61.1909u 
  900.00000m   70.7386u 
  950.00000m   80.6186u 
    1.00000    90.7636u 
y
 vth0_value= 267.5881m
 u0_param=  48.7515m
 ags_param= 417.8501m
 
   *** monte carlo  index = 220 ***
x

 volt         param     
             i_d_0.8    
    0.        156.3837p 
   50.00000m  798.1818p 
  100.00000m    3.9312n 
  150.00000m   18.0460n 
  200.00000m   74.5608n 
  250.00000m  272.2610n 
  300.00000m  861.0895n 
  350.00000m    2.2581u 
  400.00000m    4.8272u 
  450.00000m    8.6672u 
  500.00000m   13.6779u 
  550.00000m   19.7090u 
  600.00000m   26.6280u 
  650.00000m   34.3264u 
  700.00000m   42.7119u 
  750.00000m   51.7015u 
  800.00000m   61.2172u 
  850.00000m   71.1846u 
  900.00000m   81.5314u 
  950.00000m   92.1864u 
    1.00000   103.0774u 
y
 vth0_value= 235.1969m
 u0_param=  50.4833m
 ags_param= 416.1825m
 
   *** monte carlo  index = 221 ***
x

 volt         param     
             i_d_0.8    
    0.         39.1321p 
   50.00000m  200.1917p 
  100.00000m    1.0173n 
  150.00000m    4.9584n 
  200.00000m   22.3688n 
  250.00000m   90.3787n 
  300.00000m  322.0069n 
  350.00000m  986.4705n 
  400.00000m    2.4879u 
  450.00000m    5.1278u 
  500.00000m    8.9509u 
  550.00000m   13.8433u 
  600.00000m   19.6636u 
  650.00000m   26.2910u 
  700.00000m   33.6270u 
  750.00000m   41.5871u 
  800.00000m   50.0943u 
  850.00000m   59.0768u 
  900.00000m   68.4655u 
  950.00000m   78.1932u 
    1.00000    88.1933u 
y
 vth0_value= 275.8149m
 u0_param=  48.5518m
 ags_param= 420.2053m
 
   *** monte carlo  index = 222 ***
x

 volt         param     
             i_d_0.8    
    0.        109.9997p 
   50.00000m  563.4355p 
  100.00000m    2.8042n 
  150.00000m   13.1123n 
  200.00000m   55.5490n 
  250.00000m  208.5044n 
  300.00000m  682.4110n 
  350.00000m    1.8691u 
  400.00000m    4.1694u 
  450.00000m    7.7413u 
  500.00000m   12.5120u 
  550.00000m   18.3322u 
  600.00000m   25.0629u 
  650.00000m   32.5904u 
  700.00000m   40.8198u 
  750.00000m   49.6661u 
  800.00000m   59.0506u 
  850.00000m   68.8986u 
  900.00000m   79.1376u 
  950.00000m   89.6967u 
    1.00000   100.5046u 
y
 vth0_value= 246.0229m
 u0_param=  50.8288m
 ags_param= 410.1428m
 
   *** monte carlo  index = 223 ***
x

 volt         param     
             i_d_0.8    
    0.        110.4209p 
   50.00000m  565.4571p 
  100.00000m    2.8128n 
  150.00000m   13.1409n 
  200.00000m   55.6017n 
  250.00000m  208.4265n 
  300.00000m  681.0928n 
  350.00000m    1.8618u 
  400.00000m    4.1447u 
  450.00000m    7.6834u 
  500.00000m   12.4052u 
  550.00000m   18.1629u 
  600.00000m   24.8199u 
  650.00000m   32.2647u 
  700.00000m   40.4036u 
  750.00000m   49.1529u 
  800.00000m   58.4350u 
  850.00000m   68.1760u 
  900.00000m   78.3042u 
  950.00000m   88.7493u 
    1.00000    99.4408u 
y
 vth0_value= 245.4716m
 u0_param=  50.1433m
 ags_param= 414.0203m
 
   *** monte carlo  index = 224 ***
x

 volt         param     
             i_d_0.8    
    0.        113.5616p 
   50.00000m  581.3746p 
  100.00000m    2.8894n 
  150.00000m   13.4771n 
  200.00000m   56.8981n 
  250.00000m  212.7644n 
  300.00000m  693.2026n 
  350.00000m    1.8876u 
  400.00000m    4.1861u 
  450.00000m    7.7366u 
  500.00000m   12.4639u 
  550.00000m   18.2214u 
  600.00000m   24.8737u 
  650.00000m   32.3101u 
  700.00000m   40.4375u 
  750.00000m   49.1728u 
  800.00000m   58.4386u 
  850.00000m   68.1611u 
  900.00000m   78.2692u 
  950.00000m   88.6926u 
    1.00000    99.3606u 
y
 vth0_value= 244.4933m
 u0_param=  49.9367m
 ags_param= 418.1482m
 
   *** monte carlo  index = 225 ***
x

 volt         param     
             i_d_0.8    
    0.         73.4195p 
   50.00000m  376.7018p 
  100.00000m    1.8927n 
  150.00000m    9.0100n 
  200.00000m   39.1691n 
  250.00000m  151.3838n 
  300.00000m  512.9892n 
  350.00000m    1.4707u 
  400.00000m    3.4403u 
  450.00000m    6.6415u 
  500.00000m   11.0422u 
  550.00000m   16.5024u 
  600.00000m   22.8808u 
  650.00000m   30.0610u 
  700.00000m   37.9466u 
  750.00000m   46.4531u 
  800.00000m   55.5023u 
  850.00000m   65.0206u 
  900.00000m   74.9367u 
  950.00000m   85.1813u 
    1.00000    95.6848u 
y
 vth0_value= 257.6875m
 u0_param=  49.9960m
 ags_param= 419.0343m
 
   *** monte carlo  index = 226 ***
x

 volt         param     
             i_d_0.8    
    0.         21.5285p 
   50.00000m  108.8198p 
  100.00000m  556.7686p 
  150.00000m    2.7645n 
  200.00000m   12.8738n 
  250.00000m   54.2316n 
  300.00000m  202.2988n 
  350.00000m  657.0596n 
  400.00000m    1.7817u 
  450.00000m    3.9337u 
  500.00000m    7.2427u 
  550.00000m   11.6342u 
  600.00000m   16.9704u 
  650.00000m   23.1254u 
  700.00000m   29.9969u 
  750.00000m   37.4986u 
  800.00000m   45.5542u 
  850.00000m   54.0923u 
  900.00000m   63.0454u 
  950.00000m   72.3481u 
    1.00000    81.9359u 
y
 vth0_value= 293.5292m
 u0_param=  47.6137m
 ags_param= 397.4202m
 
   *** monte carlo  index = 227 ***
x

 volt         param     
             i_d_0.8    
    0.         54.3403p 
   50.00000m  278.6115p 
  100.00000m    1.4074n 
  150.00000m    6.7726n 
  200.00000m   29.9353n 
  250.00000m  117.9754n 
  300.00000m  408.8490n 
  350.00000m    1.2076u 
  400.00000m    2.9194u 
  450.00000m    5.7962u 
  500.00000m    9.8386u 
  550.00000m   14.9205u 
  600.00000m   20.9042u 
  650.00000m   27.6748u 
  700.00000m   35.1378u 
  750.00000m   43.2109u 
  800.00000m   51.8185u 
  850.00000m   60.8894u 
  900.00000m   70.3549u 
  950.00000m   80.1479u 
    1.00000    90.2016u 
y
 vth0_value= 265.5474m
 u0_param=  48.1004m
 ags_param= 418.8123m
 
   *** monte carlo  index = 228 ***
x

 volt         param     
             i_d_0.8    
    0.        194.2059p 
   50.00000m  988.6509p 
  100.00000m    4.8373n 
  150.00000m   21.9586n 
  200.00000m   89.4201n 
  250.00000m  321.3566n 
  300.00000m  995.7562n 
  350.00000m    2.5464u 
  400.00000m    5.3167u 
  450.00000m    9.3744u 
  500.00000m   14.6044u 
  550.00000m   20.8543u 
  600.00000m   27.9926u 
  650.00000m   35.9115u 
  700.00000m   44.5186u 
  750.00000m   53.7303u 
  800.00000m   63.4677u 
  850.00000m   73.6555u 
  900.00000m   84.2205u 
  950.00000m   95.0903u 
    1.00000   106.1914u 
y
 vth0_value= 229.0943m
 u0_param=  51.1632m
 ags_param= 424.9363m
 
   *** monte carlo  index = 229 ***
x

 volt         param     
             i_d_0.8    
    0.         93.7649p 
   50.00000m  480.5370p 
  100.00000m    2.3993n 
  150.00000m   11.2857n 
  200.00000m   48.2171n 
  250.00000m  182.7192n 
  300.00000m  605.0186n 
  350.00000m    1.6825u 
  400.00000m    3.8117u 
  450.00000m    7.1669u 
  500.00000m   11.6905u 
  550.00000m   17.2407u 
  600.00000m   23.6821u 
  650.00000m   30.9039u 
  700.00000m   38.8135u 
  750.00000m   47.3285u 
  800.00000m   56.3725u 
  850.00000m   65.8728u 
  900.00000m   75.7593u 
  950.00000m   85.9629u 
    1.00000    96.4142u 
y
 vth0_value= 249.7539m
 u0_param=  49.1420m
 ags_param= 415.5690m
 
   *** monte carlo  index = 230 ***
x

 volt         param     
             i_d_0.8    
    0.         94.4289p 
   50.00000m  483.9881p 
  100.00000m    2.4167n 
  150.00000m   11.3694n 
  200.00000m   48.5836n 
  250.00000m  184.1415n 
  300.00000m  609.8422n 
  350.00000m    1.6963u 
  400.00000m    3.8439u 
  450.00000m    7.2287u 
  500.00000m   11.7924u 
  550.00000m   17.3918u 
  600.00000m   23.8898u 
  650.00000m   31.1745u 
  700.00000m   39.1524u 
  750.00000m   47.7402u 
  800.00000m   56.8609u 
  850.00000m   66.4413u 
  900.00000m   76.4105u 
  950.00000m   86.6990u 
    1.00000    97.2370u 
y
 vth0_value= 249.8434m
 u0_param=  49.6067m
 ags_param= 421.7021m
 
   *** monte carlo  index = 231 ***
x

 volt         param     
             i_d_0.8    
    0.        203.9416p 
   50.00000m    1.0373n 
  100.00000m    5.0654n 
  150.00000m   22.9198n 
  200.00000m   92.9525n 
  250.00000m  332.5606n 
  300.00000m    1.0245u 
  350.00000m    2.6018u 
  400.00000m    5.3978u 
  450.00000m    9.4715u 
  500.00000m   14.7058u 
  550.00000m   20.9499u 
  600.00000m   28.0742u 
  650.00000m   35.9724u 
  700.00000m   44.5533u 
  750.00000m   53.7337u 
  800.00000m   63.4356u 
  850.00000m   73.5841u 
  900.00000m   84.1063u 
  950.00000m   94.9301u 
    1.00000   105.9822u 
y
 vth0_value= 227.3737m
 u0_param=  50.7770m
 ags_param= 424.5205m
 
   *** monte carlo  index = 232 ***
x

 volt         param     
             i_d_0.8    
    0.        171.4167p 
   50.00000m  873.5652p 
  100.00000m    4.2867n 
  150.00000m   19.5559n 
  200.00000m   80.1491n 
  250.00000m  290.1102n 
  300.00000m  907.3708n 
  350.00000m    2.3470u 
  400.00000m    4.9527u 
  450.00000m    8.8049u 
  500.00000m   13.7990u 
  550.00000m   19.7886u 
  600.00000m   26.6458u 
  650.00000m   34.2660u 
  700.00000m   42.5596u 
  750.00000m   51.4453u 
  800.00000m   60.8468u 
  850.00000m   70.6910u 
  900.00000m   80.9067u 
  950.00000m   91.4235u 
    1.00000   102.1698u 
y
 vth0_value= 231.7559m
 u0_param=  49.4411m
 ags_param= 425.8105m
 
   *** monte carlo  index = 233 ***
x

 volt         param     
             i_d_0.8    
    0.        182.8381p 
   50.00000m  931.2564p 
  100.00000m    4.5628n 
  150.00000m   20.7614n 
  200.00000m   84.8026n 
  250.00000m  305.8002n 
  300.00000m  951.7706n 
  350.00000m    2.4471u 
  400.00000m    5.1351u 
  450.00000m    9.0895u 
  500.00000m   14.2003u 
  550.00000m   20.3183u 
  600.00000m   27.3138u 
  650.00000m   35.0807u 
  700.00000m   43.5279u 
  750.00000m   52.5732u 
  800.00000m   62.1389u 
  850.00000m   72.1509u 
  900.00000m   82.5370u 
  950.00000m   93.2258u 
    1.00000   104.1448u 
y
 vth0_value= 230.3509m
 u0_param=  50.2771m
 ags_param= 422.0289m
 
   *** monte carlo  index = 234 ***
x

 volt         param     
             i_d_0.8    
    0.         42.0820p 
   50.00000m  215.4355p 
  100.00000m    1.0934n 
  150.00000m    5.3153n 
  200.00000m   23.8734n 
  250.00000m   95.9323n 
  300.00000m  339.7391n 
  350.00000m    1.0326u 
  400.00000m    2.5800u 
  450.00000m    5.2731u 
  500.00000m    9.1463u 
  550.00000m   14.0825u 
  600.00000m   19.9408u 
  650.00000m   26.6020u 
  700.00000m   33.9683u 
  750.00000m   41.9556u 
  800.00000m   50.4875u 
  850.00000m   59.4921u 
  900.00000m   68.9003u 
  950.00000m   78.6452u 
    1.00000    88.6600u 
y
 vth0_value= 273.5462m
 u0_param=  48.4646m
 ags_param= 420.5908m
 
   *** monte carlo  index = 235 ***
x

 volt         param     
             i_d_0.8    
    0.         83.2790p 
   50.00000m  427.3027p 
  100.00000m    2.1423n 
  150.00000m   10.1546n 
  200.00000m   43.8650n 
  250.00000m  168.2892n 
  300.00000m  565.3455n 
  350.00000m    1.6022u 
  400.00000m    3.7022u 
  450.00000m    7.0738u 
  500.00000m   11.6720u 
  550.00000m   17.3498u 
  600.00000m   23.9625u 
  650.00000m   31.3916u 
  700.00000m   39.5386u 
  750.00000m   48.3169u 
  800.00000m   57.6465u 
  850.00000m   67.4517u 
  900.00000m   77.6599u 
  950.00000m   88.1998u 
    1.00000    99.0003u 
y
 vth0_value= 254.7689m
 u0_param=  51.3953m
 ags_param= 430.0699m
 
   *** monte carlo  index = 236 ***
x

 volt         param     
             i_d_0.8    
    0.        124.0693p 
   50.00000m  634.4395p 
  100.00000m    3.1430n 
  150.00000m   14.5766n 
  200.00000m   61.0617n 
  250.00000m  226.3929n 
  300.00000m  729.9392n 
  350.00000m    1.9612u 
  400.00000m    4.2922u 
  450.00000m    7.8505u 
  500.00000m   12.5545u 
  550.00000m   18.2609u 
  600.00000m   24.8394u 
  650.00000m   32.1834u 
  700.00000m   40.2028u 
  750.00000m   48.8168u 
  800.00000m   57.9496u 
  850.00000m   67.5291u 
  900.00000m   77.4852u 
  950.00000m   87.7489u 
    1.00000    98.2500u 
y
 vth0_value= 241.0769m
 u0_param=  48.7890m
 ags_param= 420.1106m
 
   *** monte carlo  index = 237 ***
x

 volt         param     
             i_d_0.8    
    0.        108.2129p 
   50.00000m  554.2019p 
  100.00000m    2.7580n 
  150.00000m   12.8951n 
  200.00000m   54.6224n 
  250.00000m  205.0115n 
  300.00000m  670.9652n 
  350.00000m    1.8378u 
  400.00000m    4.0995u 
  450.00000m    7.6120u 
  500.00000m   12.3046u 
  550.00000m   18.0309u 
  600.00000m   24.6549u 
  650.00000m   32.0652u 
  700.00000m   40.1685u 
  750.00000m   48.8814u 
  800.00000m   58.1266u 
  850.00000m   67.8301u 
  900.00000m   77.9209u 
  950.00000m   88.3287u 
    1.00000    98.9831u 
y
 vth0_value= 245.9579m
 u0_param=  49.9523m
 ags_param= 425.1441m
 
   *** monte carlo  index = 238 ***
x

 volt         param     
             i_d_0.8    
    0.         77.7322p 
   50.00000m  398.7045p 
  100.00000m    2.0000n 
  150.00000m    9.4903n 
  200.00000m   41.0651n 
  250.00000m  157.8691n 
  300.00000m  531.6895n 
  350.00000m    1.5120u 
  400.00000m    3.5064u 
  450.00000m    6.7205u 
  500.00000m   11.1155u 
  550.00000m   16.5522u 
  600.00000m   22.8925u 
  650.00000m   30.0225u 
  700.00000m   37.8480u 
  750.00000m   46.2856u 
  800.00000m   55.2585u 
  850.00000m   64.6938u 
  900.00000m   74.5211u 
  950.00000m   84.6717u 
    1.00000    95.0766u 
y
 vth0_value= 255.5210m
 u0_param=  49.3096m
 ags_param= 412.8569m
 
   *** monte carlo  index = 239 ***
x

 volt         param     
             i_d_0.8    
    0.         55.2781p 
   50.00000m  283.5898p 
  100.00000m    1.4336n 
  150.00000m    6.9081n 
  200.00000m   30.5954n 
  250.00000m  120.8529n 
  300.00000m  419.8270n 
  350.00000m    1.2439u 
  400.00000m    3.0176u 
  450.00000m    6.0087u 
  500.00000m   10.2199u 
  550.00000m   15.5184u 
  600.00000m   21.7584u 
  650.00000m   28.8184u 
  700.00000m   36.5986u 
  750.00000m   45.0125u 
  800.00000m   53.9810u 
  850.00000m   63.4296u 
  900.00000m   73.2869u 
  950.00000m   83.4832u 
    1.00000    93.9494u 
y
 vth0_value= 266.5460m
 u0_param=  50.4333m
 ags_param= 427.5434m
 
   *** monte carlo  index = 240 ***
x

 volt         param     
             i_d_0.8    
    0.        110.1378p 
   50.00000m  564.0640p 
  100.00000m    2.8065n 
  150.00000m   13.1166n 
  200.00000m   55.5296n 
  250.00000m  208.2794n 
  300.00000m  681.0929n 
  350.00000m    1.8635u 
  400.00000m    4.1522u 
  450.00000m    7.7030u 
  500.00000m   12.4431u 
  550.00000m   18.2245u 
  600.00000m   24.9099u 
  650.00000m   32.3869u 
  700.00000m   40.5613u 
  750.00000m   49.3491u 
  800.00000m   58.6721u 
  850.00000m   68.4560u 
  900.00000m   78.6290u 
  950.00000m   89.1206u 
    1.00000    99.8597u 
y
 vth0_value= 245.7155m
 u0_param=  50.4040m
 ags_param= 421.7552m
 
   *** monte carlo  index = 241 ***
x

 volt         param     
             i_d_0.8    
    0.        170.8163p 
   50.00000m  870.7671p 
  100.00000m    4.2755n 
  150.00000m   19.5242n 
  200.00000m   80.1195n 
  250.00000m  290.3875n 
  300.00000m  909.7495n 
  350.00000m    2.3579u 
  400.00000m    4.9852u 
  450.00000m    8.8750u 
  500.00000m   13.9220u 
  550.00000m   19.9774u 
  600.00000m   26.9109u 
  650.00000m   34.6162u 
  700.00000m   43.0023u 
  750.00000m   51.9868u 
  800.00000m   61.4925u 
  850.00000m   71.4454u 
  900.00000m   81.7734u 
  950.00000m   92.4056u 
    1.00000   103.2698u 
y
 vth0_value= 232.2986m
 u0_param=  50.1151m
 ags_param= 424.0592m
 
   *** monte carlo  index = 242 ***
x

 volt         param     
             i_d_0.8    
    0.        166.1117p 
   50.00000m  846.9236p 
  100.00000m    4.1607n 
  150.00000m   19.0172n 
  200.00000m   78.1340n 
  250.00000m  283.5791n 
  300.00000m  890.0062n 
  350.00000m    2.3118u 
  400.00000m    4.8979u 
  450.00000m    8.7340u 
  500.00000m   13.7171u 
  550.00000m   19.7005u 
  600.00000m   26.5552u 
  650.00000m   34.1759u 
  700.00000m   42.4724u 
  750.00000m   51.3633u 
  800.00000m   60.7720u 
  850.00000m   70.6252u 
  900.00000m   80.8515u 
  950.00000m   91.3806u 
    1.00000   102.1406u 
y
 vth0_value= 232.8011m
 u0_param=  49.5897m
 ags_param= 424.8740m
 
   *** monte carlo  index = 243 ***
x

 volt         param     
             i_d_0.8    
    0.        148.1821p 
   50.00000m  756.7486p 
  100.00000m    3.7329n 
  150.00000m   17.1820n 
  200.00000m   71.2440n 
  250.00000m  261.1703n 
  300.00000m  830.1299n 
  350.00000m    2.1905u 
  400.00000m    4.7106u 
  450.00000m    8.4970u 
  500.00000m   13.4536u 
  550.00000m   19.4310u 
  600.00000m   26.2963u 
  650.00000m   33.9410u 
  700.00000m   42.2728u 
  750.00000m   51.2088u 
  800.00000m   60.6713u 
  850.00000m   70.5860u 
  900.00000m   80.8810u 
  950.00000m   91.4853u 
    1.00000   102.3270u 
y
 vth0_value= 236.7101m
 u0_param=  50.3092m
 ags_param= 423.1081m
 
   *** monte carlo  index = 244 ***
x

 volt         param     
             i_d_0.8    
    0.         83.5071p 
   50.00000m  428.3246p 
  100.00000m    2.1459n 
  150.00000m   10.1584n 
  200.00000m   43.7999n 
  250.00000m  167.6953n 
  300.00000m  562.0461n 
  350.00000m    1.5880u 
  400.00000m    3.6578u 
  450.00000m    6.9710u 
  500.00000m   11.4818u 
  550.00000m   17.0470u 
  600.00000m   23.5263u 
  650.00000m   30.8046u 
  700.00000m   38.7863u 
  750.00000m   47.3867u 
  800.00000m   56.5279u 
  850.00000m   66.1358u 
  900.00000m   76.1392u 
  950.00000m   86.4680u 
    1.00000    97.0524u 
y
 vth0_value= 253.9045m
 u0_param=  50.1563m
 ags_param= 421.7072m
 
   *** monte carlo  index = 245 ***
x

 volt         param     
             i_d_0.8    
    0.         60.2071p 
   50.00000m  308.8308p 
  100.00000m    1.5575n 
  150.00000m    7.4689n 
  200.00000m   32.8360n 
  250.00000m  128.5825n 
  300.00000m  442.3671n 
  350.00000m    1.2940u 
  400.00000m    3.0943u 
  450.00000m    6.0861u 
  500.00000m   10.2589u 
  550.00000m   15.4811u 
  600.00000m   21.6133u 
  650.00000m   28.5396u 
  700.00000m   36.1646u 
  750.00000m   44.4048u 
  800.00000m   53.1837u 
  850.00000m   62.4290u 
  900.00000m   72.0709u 
  950.00000m   82.0415u 
    1.00000    92.2728u 
y
 vth0_value= 262.9646m
 u0_param=  48.8875m
 ags_param= 418.5063m
 
   *** monte carlo  index = 246 ***
x

 volt         param     
             i_d_0.8    
    0.         53.7255p 
   50.00000m  275.5029p 
  100.00000m    1.3925n 
  150.00000m    6.7093n 
  200.00000m   29.7098n 
  250.00000m  117.3391n 
  300.00000m  407.6039n 
  350.00000m    1.2077u 
  400.00000m    2.9297u 
  450.00000m    5.8340u 
  500.00000m    9.9242u 
  550.00000m   15.0721u 
  600.00000m   21.1369u 
  650.00000m   28.0012u 
  700.00000m   35.5682u 
  750.00000m   43.7541u 
  800.00000m   52.4820u 
  850.00000m   61.6794u 
  900.00000m   71.2767u 
  950.00000m   81.2059u 
    1.00000    91.3994u 
y
 vth0_value= 266.4519m
 u0_param=  48.9479m
 ags_param= 411.9126m
 
   *** monte carlo  index = 247 ***
x

 volt         param     
             i_d_0.8    
    0.        187.5493p 
   50.00000m  955.0065p 
  100.00000m    4.6761n 
  150.00000m   21.2527n 
  200.00000m   86.6833n 
  250.00000m  312.0791n 
  300.00000m  969.2823n 
  350.00000m    2.4858u 
  400.00000m    5.2040u 
  450.00000m    9.1946u 
  500.00000m   14.3458u 
  550.00000m   20.5075u 
  600.00000m   27.5495u 
  650.00000m   35.3653u 
  700.00000m   43.8638u 
  750.00000m   52.9619u 
  800.00000m   62.5819u 
  850.00000m   72.6493u 
  900.00000m   83.0915u 
  950.00000m   93.8370u 
    1.00000   104.8127u 
y
 vth0_value= 229.7465m
 u0_param=  50.5322m
 ags_param= 425.3479m
 
   *** monte carlo  index = 248 ***
x

 volt         param     
             i_d_0.8    
    0.         36.6228p 
   50.00000m  187.1824p 
  100.00000m  951.8368p 
  150.00000m    4.6477n 
  200.00000m   21.0291n 
  250.00000m   85.2843n 
  300.00000m  305.1247n 
  350.00000m  939.8790n 
  400.00000m    2.3859u 
  450.00000m    4.9471u 
  500.00000m    8.6752u 
  550.00000m   13.4608u 
  600.00000m   19.1648u 
  650.00000m   25.6679u 
  700.00000m   32.8725u 
  750.00000m   40.6952u 
  800.00000m   49.0601u 
  850.00000m   57.8963u 
  900.00000m   67.1356u 
  950.00000m   76.7118u 
    1.00000    86.5591u 
y
 vth0_value= 277.3548m
 u0_param=  47.8302m
 ags_param= 414.5832m
 
   *** monte carlo  index = 249 ***
x

 volt         param     
             i_d_0.8    
    0.         87.3304p 
   50.00000m  447.9023p 
  100.00000m    2.2421n 
  150.00000m   10.5960n 
  200.00000m   45.5760n 
  250.00000m  174.0119n 
  300.00000m  581.2945n 
  350.00000m    1.6353u 
  400.00000m    3.7494u 
  450.00000m    7.1185u 
  500.00000m   11.6921u 
  550.00000m   17.3252u 
  600.00000m   23.8764u 
  650.00000m   31.2302u 
  700.00000m   39.2904u 
  750.00000m   47.9718u 
  800.00000m   57.1958u 
  850.00000m   66.8881u 
  900.00000m   76.9766u 
  950.00000m   87.3912u 
    1.00000    98.0612u 
y
 vth0_value= 252.8065m
 u0_param=  50.5527m
 ags_param= 418.7869m
 
   *** monte carlo  index = 250 ***
x

 volt         param     
             i_d_0.8    
    0.         68.5529p 
   50.00000m  351.7061p 
  100.00000m    1.7693n 
  150.00000m    8.4425n 
  200.00000m   36.8348n 
  250.00000m  142.9617n 
  300.00000m  486.8291n 
  350.00000m    1.4048u 
  400.00000m    3.3094u 
  450.00000m    6.4270u 
  500.00000m   10.7325u 
  550.00000m   16.0893u 
  600.00000m   22.3575u 
  650.00000m   29.4216u 
  700.00000m   37.1860u 
  750.00000m   45.5668u 
  800.00000m   54.4870u 
  850.00000m   63.8734u 
  900.00000m   73.6558u 
  950.00000m   83.7654u 
    1.00000    94.1336u 
y
 vth0_value= 259.3669m
 u0_param=  49.3883m
 ags_param= 412.8232m
 
   *** monte carlo  index = 251 ***
x

 volt         param     
             i_d_0.8    
    0.        151.1807p 
   50.00000m  771.6617p 
  100.00000m    3.8021n 
  150.00000m   17.4653n 
  200.00000m   72.2303n 
  250.00000m  264.0451n 
  300.00000m  836.3357n 
  350.00000m    2.1973u 
  400.00000m    4.7055u 
  450.00000m    8.4610u 
  500.00000m   13.3671u 
  550.00000m   19.2772u 
  600.00000m   26.0614u 
  650.00000m   33.6136u 
  700.00000m   41.8432u 
  750.00000m   50.6687u 
  800.00000m   60.0135u 
  850.00000m   69.8046u 
  900.00000m   79.9707u 
  950.00000m   90.4418u 
    1.00000   101.1465u 
y
 vth0_value= 235.5836m
 u0_param=  49.5002m
 ags_param= 419.0505m
 
   *** monte carlo  index = 252 ***
x

 volt         param     
             i_d_0.8    
    0.        108.8872p 
   50.00000m  557.5982p 
  100.00000m    2.7742n 
  150.00000m   12.9641n 
  200.00000m   54.8777n 
  250.00000m  205.8158n 
  300.00000m  672.9916n 
  350.00000m    1.8412u 
  400.00000m    4.1023u 
  450.00000m    7.6101u 
  500.00000m   12.2934u 
  550.00000m   18.0063u 
  600.00000m   24.6134u 
  650.00000m   32.0040u 
  700.00000m   40.0850u 
  750.00000m   48.7734u 
  800.00000m   57.9922u 
  850.00000m   67.6678u 
  900.00000m   77.7290u 
  950.00000m   88.1061u 
    1.00000    98.7285u 
y
 vth0_value= 245.6556m
 u0_param=  49.7739m
 ags_param= 417.4712m
 
   *** monte carlo  index = 253 ***
x

 volt         param     
             i_d_0.8    
    0.         40.9114p 
   50.00000m  209.3634p 
  100.00000m    1.0628n 
  150.00000m    5.1696n 
  200.00000m   23.2420n 
  250.00000m   93.5097n 
  300.00000m  331.6225n 
  350.00000m    1.0098u 
  400.00000m    2.5286u 
  450.00000m    5.1783u 
  500.00000m    8.9955u 
  550.00000m   13.8658u 
  600.00000m   19.6498u 
  650.00000m   26.2297u 
  700.00000m   33.5087u 
  750.00000m   41.4036u 
  800.00000m   49.8388u 
  850.00000m   58.7431u 
  900.00000m   68.0482u 
  950.00000m   77.6877u 
    1.00000    87.5956u 
y
 vth0_value= 274.0416m
 u0_param=  47.9189m
 ags_param= 416.4208m
 
   *** monte carlo  index = 254 ***
x

 volt         param     
             i_d_0.8    
    0.         67.5833p 
   50.00000m  346.6228p 
  100.00000m    1.7431n 
  150.00000m    8.3132n 
  200.00000m   36.2430n 
  250.00000m  140.5474n 
  300.00000m  478.1926n 
  350.00000m    1.3783u 
  400.00000m    3.2432u 
  450.00000m    6.2924u 
  500.00000m   10.5011u 
  550.00000m   15.7369u 
  600.00000m   21.8640u 
  650.00000m   28.7700u 
  700.00000m   36.3621u 
  750.00000m   44.5586u 
  800.00000m   53.2842u 
  850.00000m   62.4675u 
  900.00000m   72.0397u 
  950.00000m   81.9334u 
    1.00000    92.0811u 
y
 vth0_value= 258.9905m
 u0_param=  48.1618m
 ags_param= 410.2289m
 
   *** monte carlo  index = 255 ***
x

 volt         param     
             i_d_0.8    
    0.        105.3750p 
   50.00000m  539.6114p 
  100.00000m    2.6858n 
  150.00000m   12.5610n 
  200.00000m   53.2310n 
  250.00000m  199.8993n 
  300.00000m  654.7156n 
  350.00000m    1.7950u 
  400.00000m    4.0080u 
  450.00000m    7.4486u 
  500.00000m   12.0485u 
  550.00000m   17.6650u 
  600.00000m   24.1649u 
  650.00000m   31.4391u 
  700.00000m   39.3960u 
  750.00000m   47.9540u 
  800.00000m   57.0369u 
  850.00000m   66.5723u 
  900.00000m   76.4901u 
  950.00000m   86.7212u 
    1.00000    97.1959u 
y
 vth0_value= 246.1392m
 u0_param=  48.9983m
 ags_param= 421.8902m
 
   *** monte carlo  index = 256 ***
x

 volt         param     
             i_d_0.8    
    0.        113.5491p 
   50.00000m  581.1031p 
  100.00000m    2.8861n 
  150.00000m   13.4457n 
  200.00000m   56.6742n 
  250.00000m  211.5663n 
  300.00000m  687.9137n 
  350.00000m    1.8684u 
  400.00000m    4.1330u 
  450.00000m    7.6234u 
  500.00000m   12.2653u 
  550.00000m   17.9158u 
  600.00000m   24.4432u 
  650.00000m   31.7400u 
  700.00000m   39.7152u 
  750.00000m   48.2878u 
  800.00000m   57.3819u 
  850.00000m   66.9254u 
  900.00000m   76.8482u 
  950.00000m   87.0813u 
    1.00000    97.5550u 
y
 vth0_value= 243.7734m
 u0_param=  48.8266m
 ags_param= 421.6471m
 
   *** monte carlo  index = 257 ***
x

 volt         param     
             i_d_0.8    
    0.        101.7148p 
   50.00000m  521.0868p 
  100.00000m    2.5969n 
  150.00000m   12.1733n 
  200.00000m   51.7545n 
  250.00000m  195.0459n 
  300.00000m  641.5463n 
  350.00000m    1.7686u 
  400.00000m    3.9712u 
  450.00000m    7.4131u 
  500.00000m   12.0290u 
  550.00000m   17.6745u 
  600.00000m   24.2141u 
  650.00000m   31.5368u 
  700.00000m   39.5494u 
  750.00000m   48.1692u 
  800.00000m   57.3193u 
  850.00000m   66.9264u 
  900.00000m   76.9197u 
  950.00000m   87.2297u 
    1.00000    97.7865u 
y
 vth0_value= 247.5728m
 u0_param=  49.5617m
 ags_param= 414.0883m
 
   *** monte carlo  index = 258 ***
x

 volt         param     
             i_d_0.8    
    0.         65.8349p 
   50.00000m  337.7461p 
  100.00000m    1.7003n 
  150.00000m    8.1258n 
  200.00000m   35.5346n 
  250.00000m  138.2850n 
  300.00000m  472.3623n 
  350.00000m    1.3686u 
  400.00000m    3.2388u 
  450.00000m    6.3138u 
  500.00000m   10.5730u 
  550.00000m   15.8815u 
  600.00000m   22.0998u 
  650.00000m   29.1124u 
  700.00000m   36.8239u 
  750.00000m   45.1508u 
  800.00000m   54.0162u 
  850.00000m   63.3474u 
  900.00000m   73.0743u 
  950.00000m   83.1286u 
    1.00000    93.4417u 
y
 vth0_value= 260.4431m
 u0_param=  49.1635m
 ags_param= 413.4701m
 
   *** monte carlo  index = 259 ***
x

 volt         param     
             i_d_0.8    
    0.         74.4764p 
   50.00000m  382.0685p 
  100.00000m    1.9186n 
  150.00000m    9.1237n 
  200.00000m   39.6020n 
  250.00000m  152.7884n 
  300.00000m  516.7130n 
  350.00000m    1.4774u 
  400.00000m    3.4464u 
  450.00000m    6.6377u 
  500.00000m   11.0173u 
  550.00000m   16.4462u 
  600.00000m   22.7851u 
  650.00000m   29.9189u 
  700.00000m   37.7524u 
  750.00000m   46.2019u 
  800.00000m   55.1899u 
  850.00000m   64.6435u 
  900.00000m   74.4918u 
  950.00000m   84.6661u 
    1.00000    95.0970u 
y
 vth0_value= 256.9643m
 u0_param=  49.5433m
 ags_param= 419.4500m
 
   *** monte carlo  index = 260 ***
x

 volt         param     
             i_d_0.8    
    0.         56.9738p 
   50.00000m  292.1566p 
  100.00000m    1.4744n 
  150.00000m    7.0819n 
  200.00000m   31.2104n 
  250.00000m  122.5724n 
  300.00000m  423.1111n 
  350.00000m    1.2432u 
  400.00000m    2.9879u 
  450.00000m    5.9024u 
  500.00000m    9.9817u 
  550.00000m   15.0982u 
  600.00000m   21.1146u 
  650.00000m   27.9166u 
  700.00000m   35.4102u 
  750.00000m   43.5132u 
  800.00000m   52.1500u 
  850.00000m   61.2495u 
  900.00000m   70.7428u 
  950.00000m   80.5629u 
    1.00000    90.6426u 
y
 vth0_value= 264.1243m
 u0_param=  48.1151m
 ags_param= 431.2129m
 
   *** monte carlo  index = 261 ***
x

 volt         param     
             i_d_0.8    
    0.         45.2137p 
   50.00000m  231.5948p 
  100.00000m    1.1739n 
  150.00000m    5.6903n 
  200.00000m   25.4410n 
  250.00000m  101.6577n 
  300.00000m  357.7820n 
  350.00000m    1.0786u 
  400.00000m    2.6692u 
  450.00000m    5.4090u 
  500.00000m    9.3222u 
  550.00000m   14.2891u 
  600.00000m   20.1700u 
  650.00000m   26.8472u 
  700.00000m   34.2241u 
  750.00000m   42.2175u 
  800.00000m   50.7512u 
  850.00000m   59.7538u 
  900.00000m   69.1565u 
  950.00000m   78.8924u 
    1.00000    88.8948u 
y
 vth0_value= 271.2178m
 u0_param=  48.2423m
 ags_param= 412.6709m
 
   *** monte carlo  index = 262 ***
x

 volt         param     
             i_d_0.8    
    0.        233.1824p 
   50.00000m    1.1840n 
  100.00000m    5.7578n 
  150.00000m   25.8773n 
  200.00000m  104.0611n 
  250.00000m  368.8202n 
  300.00000m    1.1223u 
  350.00000m    2.8086u 
  400.00000m    5.7499u 
  450.00000m    9.9877u 
  500.00000m   15.3961u 
  550.00000m   21.8222u 
  600.00000m   29.1353u 
  650.00000m   37.2288u 
  700.00000m   46.0101u 
  750.00000m   55.3952u 
  800.00000m   65.3048u 
  850.00000m   75.6629u 
  900.00000m   86.3956u 
  950.00000m   97.4296u 
    1.00000   108.6903u 
y
 vth0_value= 223.8706m
 u0_param=  51.6372m
 ags_param= 431.2339m
 
   *** monte carlo  index = 263 ***
x

 volt         param     
             i_d_0.8    
    0.         55.0451p 
   50.00000m  282.3200p 
  100.00000m    1.4266n 
  150.00000m    6.8691n 
  200.00000m   30.3875n 
  250.00000m  119.8724n 
  300.00000m  415.8329n 
  350.00000m    1.2298u 
  400.00000m    2.9772u 
  450.00000m    5.9179u 
  500.00000m   10.0531u 
  550.00000m   15.2529u 
  600.00000m   21.3754u 
  650.00000m   28.3021u 
  700.00000m   35.9358u 
  750.00000m   44.1919u 
  800.00000m   52.9930u 
  850.00000m   62.2661u 
  900.00000m   71.9411u 
  950.00000m   81.9494u 
    1.00000    92.2231u 
y
 vth0_value= 265.9746m
 u0_param=  49.3431m
 ags_param= 417.8005m
 
   *** monte carlo  index = 264 ***
x

 volt         param     
             i_d_0.8    
    0.         33.8125p 
   50.00000m  172.6771p 
  100.00000m  879.5989p 
  150.00000m    4.3116n 
  200.00000m   19.6327n 
  250.00000m   80.2652n 
  300.00000m  289.6906n 
  350.00000m  902.4469n 
  400.00000m    2.3223u 
  450.00000m    4.8758u 
  500.00000m    8.6311u 
  550.00000m   13.4808u 
  600.00000m   19.2802u 
  650.00000m   25.9043u 
  700.00000m   33.2512u 
  750.00000m   41.2342u 
  800.00000m   49.7750u 
  850.00000m   58.8004u 
  900.00000m   68.2406u 
  950.00000m   78.0278u 
    1.00000    88.0950u 
y
 vth0_value= 280.7590m
 u0_param=  49.2997m
 ags_param= 418.3452m
 
   *** monte carlo  index = 265 ***
x

 volt         param     
             i_d_0.8    
    0.        248.8272p 
   50.00000m    1.2621n 
  100.00000m    6.1246n 
  150.00000m   27.4282n 
  200.00000m  109.8138n 
  250.00000m  387.3115n 
  300.00000m    1.1710u 
  350.00000m    2.9084u 
  400.00000m    5.9139u 
  450.00000m   10.2201u 
  500.00000m   15.6972u 
  550.00000m   22.1917u 
  600.00000m   29.5732u 
  650.00000m   37.7348u 
  700.00000m   46.5840u 
  750.00000m   56.0364u 
  800.00000m   66.0125u 
  850.00000m   76.4359u 
  900.00000m   87.2323u 
  950.00000m   98.3283u 
    1.00000   109.6490u 
y
 vth0_value= 222.0618m
 u0_param=  51.8820m
 ags_param= 409.4942m
 
   *** monte carlo  index = 266 ***
x

 volt         param     
             i_d_0.8    
    0.         58.7587p 
   50.00000m  301.3870p 
  100.00000m    1.5207n 
  150.00000m    7.2997n 
  200.00000m   32.1410n 
  250.00000m  126.0871n 
  300.00000m  434.6670n 
  350.00000m    1.2749u 
  400.00000m    3.0578u 
  450.00000m    6.0299u 
  500.00000m   10.1833u 
  550.00000m   15.3874u 
  600.00000m   21.5024u 
  650.00000m   28.4121u 
  700.00000m   36.0209u 
  750.00000m   44.2452u 
  800.00000m   53.0086u 
  850.00000m   62.2386u 
  900.00000m   71.8656u 
  950.00000m   81.8216u 
    1.00000    92.0388u 
y
 vth0_value= 263.6958m
 u0_param=  48.8791m
 ags_param= 411.0077m
 
   *** monte carlo  index = 267 ***
x

 volt         param     
             i_d_0.8    
    0.        103.3585p 
   50.00000m  529.4293p 
  100.00000m    2.6372n 
  150.00000m   12.3509n 
  200.00000m   52.4427n 
  250.00000m  197.3616n 
  300.00000m  648.0669n 
  350.00000m    1.7827u 
  400.00000m    3.9939u 
  450.00000m    7.4422u 
  500.00000m   12.0609u 
  550.00000m   17.7060u 
  600.00000m   24.2426u 
  650.00000m   31.5600u 
  700.00000m   39.5658u 
  750.00000m   48.1774u 
  800.00000m   57.3180u 
  850.00000m   66.9146u 
  900.00000m   76.8966u 
  950.00000m   87.1944u 
    1.00000    97.7382u 
y
 vth0_value= 247.0078m
 u0_param=  49.4359m
 ags_param= 420.9430m
 
   *** monte carlo  index = 268 ***
x

 volt         param     
             i_d_0.8    
    0.         26.0984p 
   50.00000m  132.5998p 
  100.00000m  677.2139p 
  150.00000m    3.3437n 
  200.00000m   15.4163n 
  250.00000m   64.0679n 
  300.00000m  235.4486n 
  350.00000m  750.6350n 
  400.00000m    1.9878u 
  450.00000m    4.2884u 
  500.00000m    7.7530u 
  550.00000m   12.2928u 
  600.00000m   17.7685u 
  650.00000m   24.0565u 
  700.00000m   31.0560u 
  750.00000m   38.6818u 
  800.00000m   46.8577u 
  850.00000m   55.5125u 
  900.00000m   64.5782u 
  950.00000m   73.9892u 
    1.00000    83.6805u 
y
 vth0_value= 287.6745m
 u0_param=  47.7480m
 ags_param= 402.1394m
 
   *** monte carlo  index = 269 ***
x

 volt         param     
             i_d_0.8    
    0.        166.3915p 
   50.00000m  848.9107p 
  100.00000m    4.1756n 
  150.00000m   19.1246n 
  200.00000m   78.7803n 
  250.00000m  286.7043n 
  300.00000m  902.8547n 
  350.00000m    2.3549u 
  400.00000m    5.0085u 
  450.00000m    8.9566u 
  500.00000m   14.0933u 
  550.00000m   20.2652u 
  600.00000m   27.3372u 
  650.00000m   35.1991u 
  700.00000m   43.7572u 
  750.00000m   52.9268u 
  800.00000m   62.6287u 
  850.00000m   72.7870u 
  900.00000m   83.3286u 
  950.00000m   94.1810u 
    1.00000   105.2710u 
y
 vth0_value= 233.9404m
 u0_param=  51.4554m
 ags_param= 423.8244m
 
   *** monte carlo  index = 270 ***
x

 volt         param     
             i_d_0.8    
    0.        350.7346p 
   50.00000m    1.7669n 
  100.00000m    8.4538n 
  150.00000m   37.0337n 
  200.00000m  144.4172n 
  250.00000m  494.5327n 
  300.00000m    1.4379u 
  350.00000m    3.4167u 
  400.00000m    6.6855u 
  450.00000m   11.2294u 
  500.00000m   16.9077u 
  550.00000m   23.5723u 
  600.00000m   31.1004u 
  650.00000m   39.3898u 
  700.00000m   48.3508u 
  750.00000m   57.9009u 
  800.00000m   67.9614u 
  850.00000m   78.4568u 
  900.00000m   89.3128u 
  950.00000m  100.4558u 
    1.00000   111.8098u 
y
 vth0_value= 211.2678m
 u0_param=  51.2289m
 ags_param= 439.9546m
 
   *** monte carlo  index = 271 ***
x

 volt         param     
             i_d_0.8    
    0.        114.1922p 
   50.00000m  584.4371p 
  100.00000m    2.9029n 
  150.00000m   13.5254n 
  200.00000m   57.0189n 
  250.00000m  212.8843n 
  300.00000m  692.3099n 
  350.00000m    1.8807u 
  400.00000m    4.1611u 
  450.00000m    7.6764u 
  500.00000m   12.3516u 
  550.00000m   18.0427u 
  600.00000m   24.6169u 
  650.00000m   31.9656u 
  700.00000m   39.9975u 
  750.00000m   48.6305u 
  800.00000m   57.7886u 
  850.00000m   67.3990u 
  900.00000m   77.3911u 
  950.00000m   87.6956u 
    1.00000    98.2424u 
y
 vth0_value= 243.8446m
 u0_param=  49.1942m
 ags_param= 436.1958m
 
   *** monte carlo  index = 272 ***
x

 volt         param     
             i_d_0.8    
    0.        139.2423p 
   50.00000m  711.6135p 
  100.00000m    3.5173n 
  150.00000m   16.2450n 
  200.00000m   67.6687n 
  250.00000m  249.3146n 
  300.00000m  797.4728n 
  350.00000m    2.1211u 
  400.00000m    4.5965u 
  450.00000m    8.3409u 
  500.00000m   13.2627u 
  550.00000m   19.2122u 
  600.00000m   26.0551u 
  650.00000m   33.6819u 
  700.00000m   41.9997u 
  750.00000m   50.9251u 
  800.00000m   60.3801u 
  850.00000m   70.2904u 
  900.00000m   80.5839u 
  950.00000m   91.1894u 
    1.00000   102.0352u 
y
 vth0_value= 238.6779m
 u0_param=  50.4527m
 ags_param= 432.0521m
 
   *** monte carlo  index = 273 ***
x

 volt         param     
             i_d_0.8    
    0.        130.1260p 
   50.00000m  665.3066p 
  100.00000m    3.2933n 
  150.00000m   15.2510n 
  200.00000m   63.7578n 
  250.00000m  235.8510n 
  300.00000m  758.2421n 
  350.00000m    2.0298u 
  400.00000m    4.4262u 
  450.00000m    8.0721u 
  500.00000m   12.8816u 
  550.00000m   18.7081u 
  600.00000m   25.4190u 
  650.00000m   32.9060u 
  700.00000m   41.0776u 
  750.00000m   49.8513u 
  800.00000m   59.1503u 
  850.00000m   68.9014u 
  900.00000m   79.0333u 
  950.00000m   89.4758u 
    1.00000   100.1581u 
y
 vth0_value= 240.2172m
 u0_param=  49.6716m
 ags_param= 434.7855m
 
   *** monte carlo  index = 274 ***
x

 volt         param     
             i_d_0.8    
    0.         50.1900p 
   50.00000m  257.2770p 
  100.00000m    1.3019n 
  150.00000m    6.2878n 
  200.00000m   27.9502n 
  250.00000m  110.8990n 
  300.00000m  387.2357n 
  350.00000m    1.1552u 
  400.00000m    2.8246u 
  450.00000m    5.6634u 
  500.00000m    9.6831u 
  550.00000m   14.7591u 
  600.00000m   20.7509u 
  650.00000m   27.5408u 
  700.00000m   35.0325u 
  750.00000m   43.1421u 
  800.00000m   51.7932u 
  850.00000m   60.9136u 
  900.00000m   70.4341u 
  950.00000m   80.2872u 
    1.00000    90.4055u 
y
 vth0_value= 268.3281m
 u0_param=  48.6636m
 ags_param= 415.6295m
 
   *** monte carlo  index = 275 ***
x

 volt         param     
             i_d_0.8    
    0.         75.2314p 
   50.00000m  385.8782p 
  100.00000m    1.9368n 
  150.00000m    9.2012n 
  200.00000m   39.8829n 
  250.00000m  153.6305n 
  300.00000m  518.6307n 
  350.00000m    1.4794u 
  400.00000m    3.4423u 
  450.00000m    6.6160u 
  500.00000m   10.9650u 
  550.00000m   16.3517u 
  600.00000m   22.6385u 
  650.00000m   29.7121u 
  700.00000m   37.4785u 
  750.00000m   45.8549u 
  800.00000m   54.7649u 
  850.00000m   64.1358u 
  900.00000m   73.8978u 
  950.00000m   83.9824u 
    1.00000    94.3210u 
y
 vth0_value= 256.3144m
 u0_param=  49.0127m
 ags_param= 409.2211m
 
   *** monte carlo  index = 276 ***
x

 volt         param     
             i_d_0.8    
    0.        124.6430p 
   50.00000m  637.5176p 
  100.00000m    3.1595n 
  150.00000m   14.6624n 
  200.00000m   61.4738n 
  250.00000m  228.1235n 
  300.00000m  736.2913n 
  350.00000m    1.9809u 
  400.00000m    4.3409u 
  450.00000m    7.9472u 
  500.00000m   12.7172u 
  550.00000m   18.5048u 
  600.00000m   25.1770u 
  650.00000m   32.6252u 
  700.00000m   40.7577u 
  750.00000m   49.4921u 
  800.00000m   58.7518u 
  850.00000m   68.4634u 
  900.00000m   78.5559u 
  950.00000m   88.9594u 
    1.00000    99.6033u 
y
 vth0_value= 241.4610m
 u0_param=  49.5882m
 ags_param= 418.4205m
 
   *** monte carlo  index = 277 ***
x

 volt         param     
             i_d_0.8    
    0.         35.1659p 
   50.00000m  179.6926p 
  100.00000m  914.8640p 
  150.00000m    4.4788n 
  200.00000m   20.3507n 
  250.00000m   82.9737n 
  300.00000m  298.5670n 
  350.00000m  926.4871n 
  400.00000m    2.3729u 
  450.00000m    4.9602u 
  500.00000m    8.7510u 
  550.00000m   13.6354u 
  600.00000m   19.4684u 
  650.00000m   26.1254u 
  700.00000m   33.5046u 
  750.00000m   41.5193u 
  800.00000m   50.0912u 
  850.00000m   59.1470u 
  900.00000m   68.6167u 
  950.00000m   78.4324u 
    1.00000    88.5269u 
y
 vth0_value= 279.6162m
 u0_param=  49.3851m
 ags_param= 409.4728m
 
   *** monte carlo  index = 278 ***
x

 volt         param     
             i_d_0.8    
    0.        114.3407p 
   50.00000m  585.3181p 
  100.00000m    2.9084n 
  150.00000m   13.5598n 
  200.00000m   57.2147n 
  250.00000m  213.8146n 
  300.00000m  696.0922n 
  350.00000m    1.8936u 
  400.00000m    4.1953u 
  450.00000m    7.7475u 
  500.00000m   12.4745u 
  550.00000m   18.2298u 
  600.00000m   24.8783u 
  650.00000m   32.3096u 
  700.00000m   40.4308u 
  750.00000m   49.1588u 
  800.00000m   58.4165u 
  850.00000m   68.1301u 
  900.00000m   78.2284u 
  950.00000m   88.6414u 
    1.00000    99.2985u 
y
 vth0_value= 244.2435m
 u0_param=  49.8688m
 ags_param= 413.6858m
 
   *** monte carlo  index = 279 ***
x

 volt         param     
             i_d_0.8    
    0.        130.6441p 
   50.00000m  667.7646p 
  100.00000m    3.3035n 
  150.00000m   15.2829n 
  200.00000m   63.8056n 
  250.00000m  235.6911n 
  300.00000m  756.4145n 
  350.00000m    2.0205u 
  400.00000m    4.3966u 
  450.00000m    8.0050u 
  500.00000m   12.7602u 
  550.00000m   18.5181u 
  600.00000m   25.1486u 
  650.00000m   32.5454u 
  700.00000m   40.6182u 
  750.00000m   49.2861u 
  800.00000m   58.4733u 
  850.00000m   68.1072u 
  900.00000m   78.1177u 
  950.00000m   88.4352u 
    1.00000    98.9896u 
y
 vth0_value= 239.6266m
 u0_param=  48.9508m
 ags_param= 430.5175m
 
   *** monte carlo  index = 280 ***
x

 volt         param     
             i_d_0.8    
    0.        166.1809p 
   50.00000m  847.6305p 
  100.00000m    4.1674n 
  150.00000m   19.0730n 
  200.00000m   78.4929n 
  250.00000m  285.3750n 
  300.00000m  897.5629n 
  350.00000m    2.3376u 
  400.00000m    4.9645u 
  450.00000m    8.8686u 
  500.00000m   13.9451u 
  550.00000m   20.0429u 
  600.00000m   27.0293u 
  650.00000m   34.7960u 
  700.00000m   43.2505u 
  750.00000m   52.3095u 
  800.00000m   61.8947u 
  850.00000m   71.9313u 
  900.00000m   82.3467u 
  950.00000m   93.0694u 
    1.00000   104.0268u 
y
 vth0_value= 233.5253m
 u0_param=  50.7360m
 ags_param= 410.4171m
 
   *** monte carlo  index = 281 ***
x

 volt         param     
             i_d_0.8    
    0.         61.0733p 
   50.00000m  313.2504p 
  100.00000m    1.5790n 
  150.00000m    7.5650n 
  200.00000m   33.2107n 
  250.00000m  129.8324n 
  300.00000m  445.8297n 
  350.00000m    1.3008u 
  400.00000m    3.1022u 
  450.00000m    6.0873u 
  500.00000m   10.2434u 
  550.00000m   15.4394u 
  600.00000m   21.5374u 
  650.00000m   28.4227u 
  700.00000m   36.0009u 
  750.00000m   44.1892u 
  800.00000m   52.9118u 
  850.00000m   62.0968u 
  900.00000m   71.6749u 
  950.00000m   81.5787u 
    1.00000    91.7406u 
y
 vth0_value= 262.2759m
 u0_param=  48.4979m
 ags_param= 398.9335m
 
   *** monte carlo  index = 282 ***
x

 volt         param     
             i_d_0.8    
    0.        143.4045p 
   50.00000m  732.5104p 
  100.00000m    3.6160n 
  150.00000m   16.6647n 
  200.00000m   69.2166n 
  250.00000m  254.2187n 
  300.00000m  809.9859n 
  350.00000m    2.1438u 
  400.00000m    4.6237u 
  450.00000m    8.3596u 
  500.00000m   13.2581u 
  550.00000m   19.1715u 
  600.00000m   25.9678u 
  650.00000m   33.5391u 
  700.00000m   41.7941u 
  750.00000m   50.6502u 
  800.00000m   60.0303u 
  850.00000m   69.8609u 
  900.00000m   80.0704u 
  950.00000m   90.5882u 
    1.00000   101.3431u 
y
 vth0_value= 237.4284m
 u0_param=  49.8895m
 ags_param= 423.9095m
 
   *** monte carlo  index = 283 ***
x

 volt         param     
             i_d_0.8    
    0.        167.7429p 
   50.00000m  855.4784p 
  100.00000m    4.2046n 
  150.00000m   19.2320n 
  200.00000m   79.0880n 
  250.00000m  287.3051n 
  300.00000m  902.7019n 
  350.00000m    2.3480u 
  400.00000m    4.9807u 
  450.00000m    8.8894u 
  500.00000m   13.9690u 
  550.00000m   20.0685u 
  600.00000m   27.0557u 
  650.00000m   34.8225u 
  700.00000m   43.2767u 
  750.00000m   52.3350u 
  800.00000m   61.9192u 
  850.00000m   71.9546u 
  900.00000m   82.3687u 
  950.00000m   93.0900u 
    1.00000   104.0457u 
y
 vth0_value= 233.2071m
 u0_param=  50.6793m
 ags_param= 421.4498m
 
   *** monte carlo  index = 284 ***
x

 volt         param     
             i_d_0.8    
    0.        103.8463p 
   50.00000m  532.0466p 
  100.00000m    2.6512n 
  150.00000m   12.4244n 
  200.00000m   52.8003n 
  250.00000m  198.8884n 
  300.00000m  653.7618n 
  350.00000m    1.8007u 
  400.00000m    4.0398u 
  450.00000m    7.5356u 
  500.00000m   12.2205u 
  550.00000m   17.9480u 
  600.00000m   24.5800u 
  650.00000m   32.0040u 
  700.00000m   40.1256u 
  750.00000m   48.8607u 
  800.00000m   58.1315u 
  850.00000m   67.8638u 
  900.00000m   77.9859u 
  950.00000m   88.4275u 
    1.00000    99.1180u 
y
 vth0_value= 247.4026m
 u0_param=  50.2688m
 ags_param= 418.3877m
 
   *** monte carlo  index = 285 ***
x

 volt         param     
             i_d_0.8    
    0.         92.1870p 
   50.00000m  472.6950p 
  100.00000m    2.3631n 
  150.00000m   11.1406n 
  200.00000m   47.7487n 
  250.00000m  181.5778n 
  300.00000m  603.6888n 
  350.00000m    1.6877u 
  400.00000m    3.8444u 
  450.00000m    7.2599u 
  500.00000m   11.8784u 
  550.00000m   17.5536u 
  600.00000m   24.1447u 
  650.00000m   31.5368u 
  700.00000m   39.6339u 
  750.00000m   48.3510u 
  800.00000m   57.6095u 
  850.00000m   67.3349u 
  900.00000m   77.4552u 
  950.00000m   87.9000u 
    1.00000    98.5986u 
y
 vth0_value= 251.2041m
 u0_param=  50.5998m
 ags_param= 414.9710m
 
   *** monte carlo  index = 286 ***
x

 volt         param     
             i_d_0.8    
    0.        210.9313p 
   50.00000m    1.0724n 
  100.00000m    5.2317n 
  150.00000m   23.6330n 
  200.00000m   95.6460n 
  250.00000m  341.4089n 
  300.00000m    1.0486u 
  350.00000m    2.6534u 
  400.00000m    5.4866u 
  450.00000m    9.6031u 
  500.00000m   14.8834u 
  550.00000m   21.1760u 
  600.00000m   28.3509u 
  650.00000m   36.3018u 
  700.00000m   44.9368u 
  750.00000m   54.1728u 
  800.00000m   63.9312u 
  850.00000m   74.1368u 
  900.00000m   84.7165u 
  950.00000m   95.5978u 
    1.00000   106.7071u 
y
 vth0_value= 226.5121m
 u0_param=  51.0224m
 ags_param= 425.2760m
 
   *** monte carlo  index = 287 ***
x

 volt         param     
             i_d_0.8    
    0.         88.1701p 
   50.00000m  451.9616p 
  100.00000m    2.2596n 
  150.00000m   10.6558n 
  200.00000m   45.6919n 
  250.00000m  173.8636n 
  300.00000m  578.5446n 
  350.00000m    1.6193u 
  400.00000m    3.6933u 
  450.00000m    6.9825u 
  500.00000m   11.4353u 
  550.00000m   16.9119u 
  600.00000m   23.2775u 
  650.00000m   30.4215u 
  700.00000m   38.2514u 
  750.00000m   46.6855u 
  800.00000m   55.6477u 
  850.00000m   65.0658u 
  900.00000m   74.8701u 
  950.00000m   84.9921u 
    1.00000    95.3627u 
y
 vth0_value= 251.3841m
 u0_param=  48.7982m
 ags_param= 425.9758m
 
   *** monte carlo  index = 288 ***
x

 volt         param     
             i_d_0.8    
    0.        177.0197p 
   50.00000m  902.1177p 
  100.00000m    4.4257n 
  150.00000m   20.1808n 
  200.00000m   82.6578n 
  250.00000m  298.9587n 
  300.00000m  934.0548n 
  350.00000m    2.4128u 
  400.00000m    5.0852u 
  450.00000m    9.0311u 
  500.00000m   14.1419u 
  550.00000m   20.2673u 
  600.00000m   27.2761u 
  650.00000m   35.0613u 
  700.00000m   43.5310u 
  750.00000m   52.6022u 
  800.00000m   62.1972u 
  850.00000m   72.2411u 
  900.00000m   82.6617u 
  950.00000m   93.3872u 
    1.00000   104.3451u 
y
 vth0_value= 231.5124m
 u0_param=  50.5677m
 ags_param= 422.4997m
 
   *** monte carlo  index = 289 ***
x

 volt         param     
             i_d_0.8    
    0.         49.8874p 
   50.00000m  255.7146p 
  100.00000m    1.2941n 
  150.00000m    6.2513n 
  200.00000m   27.7962n 
  250.00000m  110.3275n 
  300.00000m  385.3956n 
  350.00000m    1.1504u 
  400.00000m    2.8144u 
  450.00000m    5.6459u 
  500.00000m    9.6571u 
  550.00000m   14.7234u 
  600.00000m   20.7047u 
  650.00000m   27.4833u 
  700.00000m   34.9629u 
  750.00000m   43.0597u 
  800.00000m   51.6974u 
  850.00000m   60.8039u 
  900.00000m   70.3099u 
  950.00000m   80.1481u 
    1.00000    90.2513u 
y
 vth0_value= 268.4743m
 u0_param=  48.6071m
 ags_param= 407.8212m
 
   *** monte carlo  index = 290 ***
x

 volt         param     
             i_d_0.8    
    0.         88.9295p 
   50.00000m  455.8370p 
  100.00000m    2.2785n 
  150.00000m   10.7408n 
  200.00000m   46.0304n 
  250.00000m  175.0407n 
  300.00000m  582.0197n 
  350.00000m    1.6274u 
  400.00000m    3.7079u 
  450.00000m    7.0041u 
  500.00000m   11.4635u 
  550.00000m   16.9462u 
  600.00000m   23.3172u 
  650.00000m   30.4661u 
  700.00000m   38.3004u 
  750.00000m   46.7383u 
  800.00000m   55.7039u 
  850.00000m   65.1248u 
  900.00000m   74.9314u 
  950.00000m   85.0550u 
    1.00000    95.4267u 
y
 vth0_value= 251.1319m
 u0_param=  48.8082m
 ags_param= 415.7432m
 
   *** monte carlo  index = 291 ***
x

 volt         param     
             i_d_0.8    
    0.        120.0541p 
   50.00000m  614.2303p 
  100.00000m    3.0471n 
  150.00000m   14.1659n 
  200.00000m   59.5363n 
  250.00000m  221.5274n 
  300.00000m  717.3874n 
  350.00000m    1.9383u 
  400.00000m    4.2654u 
  450.00000m    7.8352u 
  500.00000m   12.5680u 
  550.00000m   18.3187u 
  600.00000m   24.9540u 
  650.00000m   32.3653u 
  700.00000m   40.4609u 
  750.00000m   49.1585u 
  800.00000m   58.3817u 
  850.00000m   68.0572u 
  900.00000m   78.1142u 
  950.00000m   88.4831u 
    1.00000    99.0932u 
y
 vth0_value= 242.5123m
 u0_param=  49.4655m
 ags_param= 425.3876m
 
   *** monte carlo  index = 292 ***
x

 volt         param     
             i_d_0.8    
    0.         70.4051p 
   50.00000m  361.2869p 
  100.00000m    1.8173n 
  150.00000m    8.6690n 
  200.00000m   37.8056n 
  250.00000m  146.6440n 
  300.00000m  498.9967n 
  350.00000m    1.4384u 
  400.00000m    3.3849u 
  450.00000m    6.5671u 
  500.00000m   10.9578u 
  550.00000m   16.4171u 
  600.00000m   22.8019u 
  650.00000m   29.9944u 
  700.00000m   37.8971u 
  750.00000m   46.4246u 
  800.00000m   55.4984u 
  850.00000m   65.0442u 
  900.00000m   74.9906u 
  950.00000m   85.2679u 
    1.00000    95.8063u 
y
 vth0_value= 259.1606m
 u0_param=  50.3204m
 ags_param= 408.6733m
 
   *** monte carlo  index = 293 ***
x

 volt         param     
             i_d_0.8    
    0.        155.7110p 
   50.00000m  794.9047p 
  100.00000m    3.9167n 
  150.00000m   17.9918n 
  200.00000m   74.4037n 
  250.00000m  271.9483n 
  300.00000m  861.1292n 
  350.00000m    2.2616u 
  400.00000m    4.8414u 
  450.00000m    8.7020u 
  500.00000m   13.7428u 
  550.00000m   19.8123u 
  600.00000m   26.7763u 
  650.00000m   34.5254u 
  700.00000m   42.9665u 
  750.00000m   52.0158u 
  800.00000m   61.5946u 
  850.00000m   71.6282u 
  900.00000m   82.0437u 
  950.00000m   92.7695u 
    1.00000   103.7331u 
y
 vth0_value= 235.5874m
 u0_param=  50.8933m
 ags_param= 421.2812m
 
   *** monte carlo  index = 294 ***
x

 volt         param     
             i_d_0.8    
    0.        113.9349p 
   50.00000m  583.3778p 
  100.00000m    2.9002n 
  150.00000m   13.5333n 
  200.00000m   57.1699n 
  250.00000m  213.9173n 
  300.00000m  697.4738n 
  350.00000m    1.9010u 
  400.00000m    4.2198u 
  450.00000m    7.8043u 
  500.00000m   12.5788u 
  550.00000m   18.3947u 
  600.00000m   25.1144u 
  650.00000m   32.6259u 
  700.00000m   40.8347u 
  750.00000m   49.6567u 
  800.00000m   59.0138u 
  850.00000m   68.8314u 
  900.00000m   79.0375u 
  950.00000m   89.5614u 
    1.00000   100.3319u 
y
 vth0_value= 244.7697m
 u0_param=  50.5233m
 ags_param= 414.3677m
 
   *** monte carlo  index = 295 ***
x

 volt         param     
             i_d_0.8    
    0.         35.4776p 
   50.00000m  181.2780p 
  100.00000m  922.4976p 
  150.00000m    4.5118n 
  200.00000m   20.4687n 
  250.00000m   83.2906n 
  300.00000m  299.0790n 
  350.00000m  925.5962n 
  400.00000m    2.3630u 
  450.00000m    4.9249u 
  500.00000m    8.6697u 
  550.00000m   13.4886u 
  600.00000m   19.2397u 
  650.00000m   25.8013u 
  700.00000m   33.0738u 
  750.00000m   40.9724u 
  800.00000m   49.4200u 
  850.00000m   58.3446u 
  900.00000m   67.6774u 
  950.00000m   77.3513u 
    1.00000    87.3001u 
y
 vth0_value= 278.7731m
 u0_param=  48.5066m
 ags_param= 410.0548m
 
   *** monte carlo  index = 296 ***
x

 volt         param     
             i_d_0.8    
    0.         43.1567p 
   50.00000m  220.9450p 
  100.00000m    1.1205n 
  150.00000m    5.4378n 
  200.00000m   24.3591n 
  250.00000m   97.5686n 
  300.00000m  344.3229n 
  350.00000m    1.0418u 
  400.00000m    2.5889u 
  450.00000m    5.2661u 
  500.00000m    9.1019u 
  550.00000m   13.9802u 
  600.00000m   19.7631u 
  650.00000m   26.3345u 
  700.00000m   33.5989u 
  750.00000m   41.4740u 
  800.00000m   49.8849u 
  850.00000m   58.7607u 
  900.00000m   68.0336u 
  950.00000m   77.6375u 
    1.00000    87.5066u 
y
 vth0_value= 272.1904m
 u0_param=  47.5814m
 ags_param= 411.6229m
 
   *** monte carlo  index = 297 ***
x

 volt         param     
             i_d_0.8    
    0.         25.3171p 
   50.00000m  128.5354p 
  100.00000m  656.6351p 
  150.00000m    3.2448n 
  200.00000m   14.9821n 
  250.00000m   62.3861n 
  300.00000m  229.7653n 
  350.00000m  734.5232n 
  400.00000m    1.9519u 
  450.00000m    4.2249u 
  500.00000m    7.6584u 
  550.00000m   12.1655u 
  600.00000m   17.6079u 
  650.00000m   23.8618u 
  700.00000m   30.8267u 
  750.00000m   38.4174u 
  800.00000m   46.5578u 
  850.00000m   55.1770u 
  900.00000m   64.2073u 
  950.00000m   73.5830u 
    1.00000    83.2395u 
y
 vth0_value= 288.5131m
 u0_param=  47.6030m
 ags_param= 408.6142m
 
   *** monte carlo  index = 298 ***
x

 volt         param     
             i_d_0.8    
    0.         88.9223p 
   50.00000m  456.0783p 
  100.00000m    2.2825n 
  150.00000m   10.7819n 
  200.00000m   46.3439n 
  250.00000m  176.8034n 
  300.00000m  590.0498n 
  350.00000m    1.6578u 
  400.00000m    3.7959u 
  450.00000m    7.1987u 
  500.00000m   11.8142u 
  550.00000m   17.4954u 
  600.00000m   24.1003u 
  650.00000m   31.5123u 
  700.00000m   39.6345u 
  750.00000m   48.3812u 
  800.00000m   57.6735u 
  850.00000m   67.4361u 
  900.00000m   77.5969u 
  950.00000m   88.0850u 
    1.00000    98.8296u 
y
 vth0_value= 252.5015m
 u0_param=  50.9325m
 ags_param= 422.6733m
 
   *** monte carlo  index = 299 ***
x

 volt         param     
             i_d_0.8    
    0.         54.0418p 
   50.00000m  277.0791p 
  100.00000m    1.3998n 
  150.00000m    6.7381n 
  200.00000m   29.7947n 
  250.00000m  117.4787n 
  300.00000m  407.3497n 
  350.00000m    1.2040u 
  400.00000m    2.9131u 
  450.00000m    5.7878u 
  500.00000m    9.8294u 
  550.00000m   14.9119u 
  600.00000m   20.8972u 
  650.00000m   27.6704u 
  700.00000m   35.1367u 
  750.00000m   43.2136u 
  800.00000m   51.8256u 
  850.00000m   60.9013u 
  900.00000m   70.3719u 
  950.00000m   80.1704u 
    1.00000    90.2299u 
y
 vth0_value= 265.7483m
 u0_param=  48.1514m
 ags_param= 416.4440m
 
   *** monte carlo  index = 300 ***
x

 volt         param     
             i_d_0.8    
    0.         78.0317p 
   50.00000m  400.1865p 
  100.00000m    2.0067n 
  150.00000m    9.5166n 
  200.00000m   41.1422n 
  250.00000m  158.0100n 
  300.00000m  531.5701n 
  350.00000m    1.5094u 
  400.00000m    3.4950u 
  450.00000m    6.6904u 
  500.00000m   11.0560u 
  550.00000m   16.4541u 
  600.00000m   22.7480u 
  650.00000m   29.8255u 
  700.00000m   37.5932u 
  750.00000m   45.9686u 
  800.00000m   54.8757u 
  850.00000m   64.2420u 
  900.00000m   73.9979u 
  950.00000m   84.0749u 
    1.00000    94.4044u 
y
 vth0_value= 255.1082m
 u0_param=  48.8559m
 ags_param= 418.9915m
 
   *** monte carlo  index = 301 ***
x

 volt         param     
             i_d_0.8    
    0.         98.5687p 
   50.00000m  505.1386p 
  100.00000m    2.5201n 
  150.00000m   11.8367n 
  200.00000m   50.4624n 
  250.00000m  190.7589n 
  300.00000m  629.7426n 
  350.00000m    1.7443u 
  400.00000m    3.9358u 
  450.00000m    7.3755u 
  500.00000m   12.0011u 
  550.00000m   17.6673u 
  600.00000m   24.2363u 
  650.00000m   31.5957u 
  700.00000m   39.6512u 
  750.00000m   48.3190u 
  800.00000m   57.5217u 
  850.00000m   67.1854u 
  900.00000m   77.2387u 
  950.00000m   87.6118u 
    1.00000    98.2344u 
y
 vth0_value= 248.8072m
 u0_param=  50.0064m
 ags_param= 415.4050m
 
   *** monte carlo  index = 302 ***
x

 volt         param     
             i_d_0.8    
    0.         67.0080p 
   50.00000m  343.7926p 
  100.00000m    1.7304n 
  150.00000m    8.2658n 
  200.00000m   36.1223n 
  250.00000m  140.4579n 
  300.00000m  479.3265n 
  350.00000m    1.3871u 
  400.00000m    3.2778u 
  450.00000m    6.3822u 
  500.00000m   10.6780u 
  550.00000m   16.0289u 
  600.00000m   22.2945u 
  650.00000m   29.3586u 
  700.00000m   37.1252u 
  750.00000m   45.5102u 
  800.00000m   54.4363u 
  850.00000m   63.8303u 
  900.00000m   73.6218u 
  950.00000m   83.7420u 
    1.00000    94.1220u 
y
 vth0_value= 260.1239m
 u0_param=  49.4936m
 ags_param= 420.0403m
 
   *** monte carlo  index = 303 ***
x

 volt         param     
             i_d_0.8    
    0.         85.4810p 
   50.00000m  438.2857p 
  100.00000m    2.1934n 
  150.00000m   10.3621n 
  200.00000m   44.5476n 
  250.00000m  170.0025n 
  300.00000m  567.6308n 
  350.00000m    1.5959u 
  400.00000m    3.6568u 
  450.00000m    6.9399u 
  500.00000m   11.3964u 
  550.00000m   16.8860u 
  600.00000m   23.2720u 
  650.00000m   30.4423u 
  700.00000m   38.3037u 
  750.00000m   46.7734u 
  800.00000m   55.7749u 
  850.00000m   65.2355u 
  900.00000m   75.0850u 
  950.00000m   85.2545u 
    1.00000    95.6749u 
y
 vth0_value= 252.5614m
 u0_param=  49.1686m
 ags_param= 418.5817m
 
   *** monte carlo  index = 304 ***
x

 volt         param     
             i_d_0.8    
    0.         57.2072p 
   50.00000m  293.4364p 
  100.00000m    1.4816n 
  150.00000m    7.1222n 
  200.00000m   31.4272n 
  250.00000m  123.6007n 
  300.00000m  427.3136n 
  350.00000m    1.2581u 
  400.00000m    3.0303u 
  450.00000m    5.9972u 
  500.00000m   10.1550u 
  550.00000m   15.3730u 
  600.00000m   21.5097u 
  650.00000m   28.4477u 
  700.00000m   36.0904u 
  750.00000m   44.3533u 
  800.00000m   53.1595u 
  850.00000m   62.4359u 
  900.00000m   72.1126u 
  950.00000m   82.1212u 
    1.00000    92.3935u 
y
 vth0_value= 264.7412m
 u0_param=  49.2398m
 ags_param= 420.2120m
 
   *** monte carlo  index = 305 ***
x

 volt         param     
             i_d_0.8    
    0.        182.0687p 
   50.00000m  927.7003p 
  100.00000m    4.5489n 
  150.00000m   20.7243n 
  200.00000m   84.7862n 
  250.00000m  306.2579n 
  300.00000m  955.2303n 
  350.00000m    2.4624u 
  400.00000m    5.1795u 
  450.00000m    9.1843u 
  500.00000m   14.3658u 
  550.00000m   20.5713u 
  600.00000m   27.6684u 
  650.00000m   35.5487u 
  700.00000m   44.1194u 
  750.00000m   53.2966u 
  800.00000m   63.0017u 
  850.00000m   73.1592u 
  900.00000m   83.6960u 
  950.00000m   94.5399u 
    1.00000   105.6174u 
y
 vth0_value= 231.0394m
 u0_param=  51.1600m
 ags_param= 431.6389m
 
   *** monte carlo  index = 306 ***
x

 volt         param     
             i_d_0.8    
    0.         99.8816p 
   50.00000m  511.8157p 
  100.00000m    2.5525n 
  150.00000m   11.9804n 
  200.00000m   51.0253n 
  250.00000m  192.6770n 
  300.00000m  635.2458n 
  350.00000m    1.7566u 
  400.00000m    3.9565u 
  450.00000m    7.4040u 
  500.00000m   12.0354u 
  550.00000m   17.7053u 
  600.00000m   24.2766u 
  650.00000m   31.6368u 
  700.00000m   39.6921u 
  750.00000m   48.3588u 
  800.00000m   57.5595u 
  850.00000m   67.2204u 
  900.00000m   77.2703u 
  950.00000m   87.6392u 
    1.00000    98.2570u 
y
 vth0_value= 248.3721m
 u0_param=  49.9502m
 ags_param= 414.7119m
 
   *** monte carlo  index = 307 ***
x

 volt         param     
             i_d_0.8    
    0.         28.2539p 
   50.00000m  143.8100p 
  100.00000m  733.9469p 
  150.00000m    3.6161n 
  200.00000m   16.6108n 
  250.00000m   68.6927n 
  300.00000m  251.0750n 
  350.00000m  794.9457n 
  400.00000m    2.0870u 
  450.00000m    4.4653u 
  500.00000m    8.0207u 
  550.00000m   12.6585u 
  600.00000m   18.2377u 
  650.00000m   24.6340u 
  700.00000m   31.7462u 
  750.00000m   39.4887u 
  800.00000m   47.7845u 
  850.00000m   56.5617u 
  900.00000m   65.7518u 
  950.00000m   75.2884u 
    1.00000    85.1058u 
y
 vth0_value= 285.5791m
 u0_param=  48.2638m
 ags_param= 418.5715m
 
   *** monte carlo  index = 308 ***
x

 volt         param     
             i_d_0.8    
    0.        115.2615p 
   50.00000m  589.8893p 
  100.00000m    2.9294n 
  150.00000m   13.6447n 
  200.00000m   57.4957n 
  250.00000m  214.5541n 
  300.00000m  697.2879n 
  350.00000m    1.8927u 
  400.00000m    4.1839u 
  450.00000m    7.7132u 
  500.00000m   12.4044u 
  550.00000m   18.1129u 
  600.00000m   24.7055u 
  650.00000m   32.0735u 
  700.00000m   40.1249u 
  750.00000m   48.7780u 
  800.00000m   57.9561u 
  850.00000m   67.5863u 
  900.00000m   77.5981u 
  950.00000m   87.9220u 
    1.00000    98.4876u 
y
 vth0_value= 243.6490m
 u0_param=  49.3249m
 ags_param= 416.5420m
 
   *** monte carlo  index = 309 ***
x

 volt         param     
             i_d_0.8    
    0.         77.5092p 
   50.00000m  397.5622p 
  100.00000m    1.9944n 
  150.00000m    9.4647n 
  200.00000m   40.9611n 
  250.00000m  157.4994n 
  300.00000m  530.5653n 
  350.00000m    1.5092u 
  400.00000m    3.5011u 
  450.00000m    6.7124u 
  500.00000m   11.1044u 
  550.00000m   16.5382u 
  600.00000m   22.8757u 
  650.00000m   30.0032u 
  700.00000m   37.8262u 
  750.00000m   46.2617u 
  800.00000m   55.2328u 
  850.00000m   64.6665u 
  900.00000m   74.4927u 
  950.00000m   84.6424u 
    1.00000    95.0466u 
y
 vth0_value= 255.5963m
 u0_param=  49.2921m
 ags_param= 422.1198m
 
   *** monte carlo  index = 310 ***
x

 volt         param     
             i_d_0.8    
    0.         39.2656p 
   50.00000m  200.8791p 
  100.00000m    1.0207n 
  150.00000m    4.9741n 
  200.00000m   22.4328n 
  250.00000m   90.6041n 
  300.00000m  322.6805n 
  350.00000m  988.0218n 
  400.00000m    2.4902u 
  450.00000m    5.1298u 
  500.00000m    8.9509u 
  550.00000m   13.8394u 
  600.00000m   19.6543u 
  650.00000m   26.2751u 
  700.00000m   33.6036u 
  750.00000m   41.5554u 
  800.00000m   50.0538u 
  850.00000m   59.0269u 
  900.00000m   68.4058u 
  950.00000m   78.1233u 
    1.00000    88.1130u 
y
 vth0_value= 275.6591m
 u0_param=  48.4728m
 ags_param= 424.9314m
 
   *** monte carlo  index = 311 ***
x

 volt         param     
             i_d_0.8    
    0.        153.1160p 
   50.00000m  781.4854p 
  100.00000m    3.8495n 
  150.00000m   17.6757n 
  200.00000m   73.0587n 
  250.00000m  266.9026n 
  300.00000m  844.6949n 
  350.00000m    2.2170u 
  400.00000m    4.7431u 
  450.00000m    8.5221u 
  500.00000m   13.4564u 
  550.00000m   19.3985u 
  600.00000m   26.2181u 
  650.00000m   33.8086u 
  700.00000m   42.0793u 
  750.00000m   50.9481u 
  800.00000m   60.3383u 
  850.00000m   70.1765u 
  900.00000m   80.3912u 
  950.00000m   90.9119u 
    1.00000   101.6672u 
y
 vth0_value= 235.3431m
 u0_param=  49.7204m
 ags_param= 434.7533m
 
   *** monte carlo  index = 312 ***
x

 volt         param     
             i_d_0.8    
    0.         91.3645p 
   50.00000m  467.9329p 
  100.00000m    2.3343n 
  150.00000m   10.9642n 
  200.00000m   46.7500n 
  250.00000m  176.7911n 
  300.00000m  584.0401n 
  350.00000m    1.6193u 
  400.00000m    3.6576u 
  450.00000m    6.8615u 
  500.00000m   11.1758u 
  550.00000m   16.4673u 
  600.00000m   22.6093u 
  650.00000m   29.4976u 
  700.00000m   37.0448u 
  750.00000m   45.1730u 
  800.00000m   53.8097u 
  850.00000m   62.8855u 
  900.00000m   72.3332u 
  950.00000m   82.0867u 
    1.00000    92.0790u 
y
 vth0_value= 248.8252m
 u0_param=  46.5978m
 ags_param= 422.0169m
 
   *** monte carlo  index = 313 ***
x

 volt         param     
             i_d_0.8    
    0.         89.3182p 
   50.00000m  457.9864p 
  100.00000m    2.2907n 
  150.00000m   10.8093n 
  200.00000m   46.3922n 
  250.00000m  176.6976n 
  300.00000m  588.5903n 
  350.00000m    1.6497u 
  400.00000m    3.7677u 
  450.00000m    7.1307u 
  500.00000m   11.6860u 
  550.00000m   17.2896u 
  600.00000m   23.8024u 
  650.00000m   31.1104u 
  700.00000m   39.1187u 
  750.00000m   47.7430u 
  800.00000m   56.9057u 
  850.00000m   66.5329u 
  900.00000m   76.5532u 
  950.00000m   86.8967u 
    1.00000    97.4935u 
y
 vth0_value= 251.8136m
 u0_param=  50.0601m
 ags_param= 426.5832m
 
   *** monte carlo  index = 314 ***
x

 volt         param     
             i_d_0.8    
    0.         37.0977p 
   50.00000m  189.7114p 
  100.00000m  965.2830p 
  150.00000m    4.7184n 
  200.00000m   21.3845n 
  250.00000m   86.9030n 
  300.00000m  311.5707n 
  350.00000m  962.2677n 
  400.00000m    2.4505u 
  450.00000m    5.0952u 
  500.00000m    8.9528u 
  550.00000m   13.9094u 
  600.00000m   19.8188u 
  650.00000m   26.5557u 
  700.00000m   34.0180u 
  750.00000m   42.1183u 
  800.00000m   50.7778u 
  850.00000m   59.9227u 
  900.00000m   69.4824u 
  950.00000m   79.3886u 
    1.00000    89.5735u 
y
 vth0_value= 278.2533m
 u0_param=  49.8009m
 ags_param= 403.6221m
 
   *** monte carlo  index = 315 ***
x

 volt         param     
             i_d_0.8    
    0.        130.7635p 
   50.00000m  668.5579p 
  100.00000m    3.3091n 
  150.00000m   15.3223n 
  200.00000m   64.0439n 
  250.00000m  236.8574n 
  300.00000m  761.2601n 
  350.00000m    2.0371u 
  400.00000m    4.4406u 
  450.00000m    8.0958u 
  500.00000m   12.9163u 
  550.00000m   18.7550u 
  600.00000m   25.4790u 
  650.00000m   32.9798u 
  700.00000m   41.1654u 
  750.00000m   49.9534u 
  800.00000m   59.2667u 
  850.00000m   69.0320u 
  900.00000m   79.1778u 
  950.00000m   89.6340u 
    1.00000   100.3297u 
y
 vth0_value= 240.1386m
 u0_param=  49.7779m
 ags_param= 416.7257m
 
   *** monte carlo  index = 316 ***
x

 volt         param     
             i_d_0.8    
    0.        116.4650p 
   50.00000m  596.1285p 
  100.00000m    2.9608n 
  150.00000m   13.7938n 
  200.00000m   58.1400n 
  250.00000m  217.0140n 
  300.00000m  705.4718n 
  350.00000m    1.9155u 
  400.00000m    4.2358u 
  450.00000m    7.8104u 
  500.00000m   12.5621u 
  550.00000m   18.3438u 
  600.00000m   25.0200u 
  650.00000m   32.4802u 
  700.00000m   40.6313u 
  750.00000m   49.3902u 
  800.00000m   58.6793u 
  850.00000m   68.4250u 
  900.00000m   78.5557u 
  950.00000m   89.0012u 
    1.00000    99.6907u 
y
 vth0_value= 243.7789m
 u0_param=  50.0092m
 ags_param= 414.7997m
 
   *** monte carlo  index = 317 ***
x

 volt         param     
             i_d_0.8    
    0.        124.3962p 
   50.00000m  636.3134p 
  100.00000m    3.1542n 
  150.00000m   14.6426n 
  200.00000m   61.4186n 
  250.00000m  228.0305n 
  300.00000m  736.4285n 
  350.00000m    1.9828u 
  400.00000m    4.3482u 
  450.00000m    7.9651u 
  500.00000m   12.7510u 
  550.00000m   18.5589u 
  600.00000m   25.2552u 
  650.00000m   32.7306u 
  700.00000m   40.8928u 
  750.00000m   49.6594u 
  800.00000m   58.9532u 
  850.00000m   68.7005u 
  900.00000m   78.8302u 
  950.00000m   89.2721u 
    1.00000    99.9554u 
y
 vth0_value= 241.6626m
 u0_param=  49.8073m
 ags_param= 422.2188m
 
   *** monte carlo  index = 318 ***
x

 volt         param     
             i_d_0.8    
    0.         66.7678p 
   50.00000m  342.4756p 
  100.00000m    1.7231n 
  150.00000m    8.2247n 
  200.00000m   35.9034n 
  250.00000m  139.4375n 
  300.00000m  475.2173n 
  350.00000m    1.3728u 
  400.00000m    3.2381u 
  450.00000m    6.2952u 
  500.00000m   10.5213u 
  550.00000m   15.7832u 
  600.00000m   21.9435u 
  650.00000m   28.8890u 
  700.00000m   36.5258u 
  750.00000m   44.7715u 
  800.00000m   53.5503u 
  850.00000m   62.7902u 
  900.00000m   72.4221u 
  950.00000m   82.3781u 
    1.00000    92.5903u 
y
 vth0_value= 259.6023m
 u0_param=  48.5307m
 ags_param= 422.8760m
 
   *** monte carlo  index = 319 ***
x

 volt         param     
             i_d_0.8    
    0.         70.9292p 
   50.00000m  363.8659p 
  100.00000m    1.8289n 
  150.00000m    8.7124n 
  200.00000m   37.9183n 
  250.00000m  146.7462n 
  300.00000m  498.0773n 
  350.00000m    1.4310u 
  400.00000m    3.3554u 
  450.00000m    6.4905u 
  500.00000m   10.8074u 
  550.00000m   16.1694u 
  600.00000m   22.4375u 
  650.00000m   29.4974u 
  700.00000m   37.2541u 
  750.00000m   45.6244u 
  800.00000m   54.5314u 
  850.00000m   63.9025u 
  900.00000m   73.6674u 
  950.00000m   83.7577u 
    1.00000    94.1048u 
y
 vth0_value= 258.2030m
 u0_param=  49.1816m
 ags_param= 415.6946m
 
   *** monte carlo  index = 320 ***
x

 volt         param     
             i_d_0.8    
    0.        186.1465p 
   50.00000m  947.9263p 
  100.00000m    4.6422n 
  150.00000m   21.1053n 
  200.00000m   86.1156n 
  250.00000m  310.1699n 
  300.00000m  963.8979n 
  350.00000m    2.4737u 
  400.00000m    5.1819u 
  450.00000m    9.1602u 
  500.00000m   14.2972u 
  550.00000m   20.4431u 
  600.00000m   27.4681u 
  650.00000m   35.2658u 
  700.00000m   43.7451u 
  750.00000m   52.8234u 
  800.00000m   62.4228u 
  850.00000m   72.4691u 
  900.00000m   82.8898u 
  950.00000m   93.6133u 
    1.00000   104.5671u 
y
 vth0_value= 229.9080m
 u0_param=  50.4304m
 ags_param= 423.0186m
 
   *** monte carlo  index = 321 ***
x

 volt         param     
             i_d_0.8    
    0.         84.5170p 
   50.00000m  433.2278p 
  100.00000m    2.1674n 
  150.00000m   10.2334n 
  200.00000m   43.9602n 
  250.00000m  167.6229n 
  300.00000m  559.1835n 
  350.00000m    1.5703u 
  400.00000m    3.5939u 
  450.00000m    6.8141u 
  500.00000m   11.1829u 
  550.00000m   16.5635u 
  600.00000m   22.8227u 
  650.00000m   29.8514u 
  700.00000m   37.5583u 
  750.00000m   45.8627u 
  800.00000m   54.6896u 
  850.00000m   63.9677u 
  900.00000m   73.6281u 
  950.00000m   83.6031u 
    1.00000    93.8247u 
y
 vth0_value= 252.1958m
 u0_param=  48.0972m
 ags_param= 403.1681m
 
   *** monte carlo  index = 322 ***
x

 volt         param     
             i_d_0.8    
    0.         46.1951p 
   50.00000m  236.6289p 
  100.00000m    1.1987n 
  150.00000m    5.8029n 
  200.00000m   25.8919n 
  250.00000m  103.2063n 
  300.00000m  362.2601n 
  350.00000m    1.0882u 
  400.00000m    2.6822u 
  450.00000m    5.4160u 
  500.00000m    9.3097u 
  550.00000m   14.2441u 
  600.00000m   20.0817u 
  650.00000m   26.7067u 
  700.00000m   34.0241u 
  750.00000m   41.9518u 
  800.00000m   50.4147u 
  850.00000m   59.3418u 
  900.00000m   68.6653u 
  950.00000m   78.3187u 
    1.00000    88.2359u 
y
 vth0_value= 270.1941m
 u0_param=  47.6860m
 ags_param= 419.5546m
 
   *** monte carlo  index = 323 ***
x

 volt         param     
             i_d_0.8    
    0.         41.4128p 
   50.00000m  211.9711p 
  100.00000m    1.0760n 
  150.00000m    5.2332n 
  200.00000m   23.5225n 
  250.00000m   94.6108n 
  300.00000m  335.4093n 
  350.00000m    1.0209u 
  400.00000m    2.5547u 
  450.00000m    5.2291u 
  500.00000m    9.0800u 
  550.00000m   13.9914u 
  600.00000m   19.8229u 
  650.00000m   26.4554u 
  700.00000m   33.7913u 
  750.00000m   41.7469u 
  800.00000m   50.2458u 
  850.00000m   59.2164u 
  900.00000m   68.5899u 
  950.00000m   78.2993u 
    1.00000    88.2783u 
y
 vth0_value= 273.9303m
 u0_param=  48.3084m
 ags_param= 414.0785m
 
   *** monte carlo  index = 324 ***
x

 volt         param     
             i_d_0.8    
    0.         73.0852p 
   50.00000m  374.9127p 
  100.00000m    1.8832n 
  150.00000m    8.9597n 
  200.00000m   38.9208n 
  250.00000m  150.2981n 
  300.00000m  508.8458n 
  350.00000m    1.4571u 
  400.00000m    3.4042u 
  450.00000m    6.5651u 
  500.00000m   10.9076u 
  550.00000m   16.2943u 
  600.00000m   22.5864u 
  650.00000m   29.6699u 
  700.00000m   37.4501u 
  750.00000m   45.8437u 
  800.00000m   54.7738u 
  850.00000m   64.1678u 
  900.00000m   73.9554u 
  950.00000m   84.0679u 
    1.00000    94.4367u 
y
 vth0_value= 257.3229m
 u0_param=  49.2187m
 ags_param= 424.1461m
 
   *** monte carlo  index = 325 ***
x

 volt         param     
             i_d_0.8    
    0.         56.1586p 
   50.00000m  288.0356p 
  100.00000m    1.4548n 
  150.00000m    6.9978n 
  200.00000m   30.9098n 
  250.00000m  121.7123n 
  300.00000m  421.3606n 
  350.00000m    1.2428u 
  400.00000m    2.9996u 
  450.00000m    5.9469u 
  500.00000m   10.0830u 
  550.00000m   15.2779u 
  600.00000m   21.3904u 
  650.00000m   28.3032u 
  700.00000m   35.9196u 
  750.00000m   44.1554u 
  800.00000m   52.9336u 
  850.00000m   62.1814u 
  900.00000m   71.8291u 
  950.00000m   81.8083u 
    1.00000    92.0511u 
y
 vth0_value= 265.2305m
 u0_param=  49.1314m
 ags_param= 411.4825m
 
   *** monte carlo  index = 326 ***
x

 volt         param     
             i_d_0.8    
    0.         39.2717p 
   50.00000m  200.9680p 
  100.00000m    1.0217n 
  150.00000m    4.9849n 
  200.00000m   22.5220n 
  250.00000m   91.1648n 
  300.00000m  325.4292n 
  350.00000m  999.3807n 
  400.00000m    2.5277u 
  450.00000m    5.2232u 
  500.00000m    9.1344u 
  550.00000m   14.1443u 
  600.00000m   20.1064u 
  650.00000m   26.8958u 
  700.00000m   34.4106u 
  750.00000m   42.5635u 
  800.00000m   51.2756u 
  850.00000m   60.4730u 
  900.00000m   70.0848u 
  950.00000m   80.0425u 
    1.00000    90.2782u 
y
 vth0_value= 276.6085m
 u0_param=  49.9412m
 ags_param= 412.5458m
 
   *** monte carlo  index = 327 ***
x

 volt         param     
             i_d_0.8    
    0.         21.5064p 
   50.00000m  108.6996p 
  100.00000m  556.0956p 
  150.00000m    2.7607n 
  200.00000m   12.8517n 
  250.00000m   54.1152n 
  300.00000m  201.7733n 
  350.00000m  655.0078n 
  400.00000m    1.7749u 
  450.00000m    3.9163u 
  500.00000m    7.2071u 
  550.00000m   11.5733u 
  600.00000m   16.8784u 
  650.00000m   22.9976u 
  700.00000m   29.8294u 
  750.00000m   37.2884u 
  800.00000m   45.2987u 
  850.00000m   53.7896u 
  900.00000m   62.6938u 
  950.00000m   71.9464u 
    1.00000    81.4832u 
y
 vth0_value= 293.3348m
 u0_param=  47.2780m
 ags_param= 415.4354m
 
   *** monte carlo  index = 328 ***
x

 volt         param     
             i_d_0.8    
    0.         93.0764p 
   50.00000m  477.0122p 
  100.00000m    2.3820n 
  150.00000m   11.2070n 
  200.00000m   47.8968n 
  250.00000m  181.5756n 
  300.00000m  601.5145n 
  350.00000m    1.6738u 
  400.00000m    3.7943u 
  450.00000m    7.1380u 
  500.00000m   11.6478u 
  550.00000m   17.1824u 
  600.00000m   23.6068u 
  650.00000m   30.8103u 
  700.00000m   38.7003u 
  750.00000m   47.1949u 
  800.00000m   56.2176u 
  850.00000m   65.6960u 
  900.00000m   75.5600u 
  950.00000m   85.7407u 
    1.00000    96.1689u 
y
 vth0_value= 249.9043m
 u0_param=  49.0323m
 ags_param= 413.2591m
 
   *** monte carlo  index = 329 ***
x

 volt         param     
             i_d_0.8    
    0.         69.5314p 
   50.00000m  356.6728p 
  100.00000m    1.7932n 
  150.00000m    8.5473n 
  200.00000m   37.2314n 
  250.00000m  144.2324n 
  300.00000m  490.1243n 
  350.00000m    1.4104u 
  400.00000m    3.3127u 
  450.00000m    6.4172u 
  500.00000m   10.6971u 
  550.00000m   16.0169u 
  600.00000m   22.2387u 
  650.00000m   29.2487u 
  700.00000m   36.9527u 
  750.00000m   45.2678u 
  800.00000m   54.1177u 
  850.00000m   63.4301u 
  900.00000m   73.1353u 
  950.00000m   83.1650u 
    1.00000    93.4510u 
y
 vth0_value= 258.5963m
 u0_param=  48.8638m
 ags_param= 421.5856m
 
   *** monte carlo  index = 330 ***
x

 volt         param     
             i_d_0.8    
    0.         70.4842p 
   50.00000m  361.6002p 
  100.00000m    1.8179n 
  150.00000m    8.6637n 
  200.00000m   37.7295n 
  250.00000m  146.1190n 
  300.00000m  496.3495n 
  350.00000m    1.4276u 
  400.00000m    3.3512u 
  450.00000m    6.4886u 
  500.00000m   10.8119u 
  550.00000m   16.1838u 
  600.00000m   22.4650u 
  650.00000m   29.5406u 
  700.00000m   37.3152u 
  750.00000m   45.7052u 
  800.00000m   54.6337u 
  850.00000m   64.0277u 
  900.00000m   73.8168u 
  950.00000m   83.9324u 
    1.00000    94.3057u 
y
 vth0_value= 258.4934m
 u0_param=  49.3356m
 ags_param= 420.9197m
 
   *** monte carlo  index = 331 ***
x

 volt         param     
             i_d_0.8    
    0.         62.4789p 
   50.00000m  320.5490p 
  100.00000m    1.6158n 
  150.00000m    7.7413n 
  200.00000m   33.9827n 
  250.00000m  132.8345n 
  300.00000m  456.0432n 
  350.00000m    1.3302u 
  400.00000m    3.1713u 
  450.00000m    6.2208u 
  500.00000m   10.4649u 
  550.00000m   15.7693u 
  600.00000m   21.9926u 
  650.00000m   29.0176u 
  700.00000m   36.7477u 
  750.00000m   45.0986u 
  800.00000m   53.9928u 
  850.00000m   63.3570u 
  900.00000m   73.1208u 
  950.00000m   83.2155u 
    1.00000    93.5724u 
y
 vth0_value= 262.2549m
 u0_param=  49.5178m
 ags_param= 422.5693m
 
   *** monte carlo  index = 332 ***
x

 volt         param     
             i_d_0.8    
    0.        256.8073p 
   50.00000m    1.3013n 
  100.00000m    6.3019n 
  150.00000m   28.1312n 
  200.00000m  112.1907n 
  250.00000m  394.0219n 
  300.00000m    1.1847u 
  350.00000m    2.9237u 
  400.00000m    5.9115u 
  450.00000m   10.1737u 
  500.00000m   15.5819u 
  550.00000m   21.9866u 
  600.00000m   29.2615u 
  650.00000m   37.3026u 
  700.00000m   46.0197u 
  750.00000m   55.3302u 
  800.00000m   65.1561u 
  850.00000m   75.4223u 
  900.00000m   86.0557u 
  950.00000m   96.9838u 
    1.00000   108.1321u 
y
 vth0_value= 220.4287m
 u0_param=  50.8029m
 ags_param= 425.4256m
 
   *** monte carlo  index = 333 ***
x

 volt         param     
             i_d_0.8    
    0.         64.5399p 
   50.00000m  331.0322p 
  100.00000m    1.6665n 
  150.00000m    7.9650n 
  200.00000m   34.8364n 
  250.00000m  135.5968n 
  300.00000m  463.3236n 
  350.00000m    1.3430u 
  400.00000m    3.1798u 
  450.00000m    6.2016u 
  500.00000m   10.3891u 
  550.00000m   15.6105u 
  600.00000m   21.7288u 
  650.00000m   28.6309u 
  700.00000m   36.2228u 
  750.00000m   44.4226u 
  800.00000m   53.1547u 
  850.00000m   62.3473u 
  900.00000m   71.9314u 
  950.00000m   81.8395u 
    1.00000    92.0040u 
y
 vth0_value= 260.5037m
 u0_param=  48.3429m
 ags_param= 419.2257m
 
   *** monte carlo  index = 334 ***
x

 volt         param     
             i_d_0.8    
    0.         75.7964p 
   50.00000m  388.9393p 
  100.00000m    1.9535n 
  150.00000m    9.2918n 
  200.00000m   40.3461n 
  250.00000m  155.7140n 
  300.00000m  526.7772n 
  350.00000m    1.5068u 
  400.00000m    3.5164u 
  450.00000m    6.7744u 
  500.00000m   11.2458u 
  550.00000m   16.7878u 
  600.00000m   23.2572u 
  650.00000m   30.5362u 
  700.00000m   38.5272u 
  750.00000m   47.1445u 
  800.00000m   56.3092u 
  850.00000m   65.9466u 
  900.00000m   75.9848u 
  950.00000m   86.3537u 
    1.00000    96.9830u 
y
 vth0_value= 257.1421m
 u0_param=  50.6502m
 ags_param= 418.8220m
 
   *** monte carlo  index = 335 ***
x

 volt         param     
             i_d_0.8    
    0.         46.7696p 
   50.00000m  239.6655p 
  100.00000m    1.2146n 
  150.00000m    5.8839n 
  200.00000m   26.2820n 
  250.00000m  104.8936n 
  300.00000m  368.6588n 
  350.00000m    1.1093u 
  400.00000m    2.7392u 
  450.00000m    5.5402u 
  500.00000m    9.5338u 
  550.00000m   14.5971u 
  600.00000m   20.5876u 
  650.00000m   27.3855u 
  700.00000m   34.8926u 
  750.00000m   43.0241u 
  800.00000m   51.7027u 
  850.00000m   60.8556u 
  900.00000m   70.4132u 
  950.00000m   80.3075u 
    1.00000    90.4710u 
y
 vth0_value= 270.7489m
 u0_param=  49.0906m
 ags_param= 416.0859m
 
   *** monte carlo  index = 336 ***
x

 volt         param     
             i_d_0.8    
    0.         84.5439p 
   50.00000m  433.5802p 
  100.00000m    2.1712n 
  150.00000m   10.2689n 
  200.00000m   44.2195n 
  250.00000m  169.0576n 
  300.00000m  565.6632n 
  350.00000m    1.5947u 
  400.00000m    3.6647u 
  450.00000m    6.9711u 
  500.00000m   11.4666u 
  550.00000m   17.0088u 
  600.00000m   23.4589u 
  650.00000m   30.7028u 
  700.00000m   38.6457u 
  750.00000m   47.2037u 
  800.00000m   56.2992u 
  850.00000m   65.8589u 
  900.00000m   75.8116u 
  950.00000m   86.0878u 
    1.00000    96.6179u 
y
 vth0_value= 253.3132m
 u0_param=  49.8149m
 ags_param= 421.8749m
 
   *** monte carlo  index = 337 ***
x

 volt         param     
             i_d_0.8    
    0.         57.2860p 
   50.00000m  293.7691p 
  100.00000m    1.4825n 
  150.00000m    7.1196n 
  200.00000m   31.3700n 
  250.00000m  123.1681n 
  300.00000m  425.0407n 
  350.00000m    1.2484u 
  400.00000m    2.9990u 
  450.00000m    5.9219u 
  500.00000m   10.0117u 
  550.00000m   15.1401u 
  600.00000m   21.1696u 
  650.00000m   27.9857u 
  700.00000m   35.4940u 
  750.00000m   43.6123u 
  800.00000m   52.2649u 
  850.00000m   61.3804u 
  900.00000m   70.8898u 
  950.00000m   80.7261u 
    1.00000    90.8220u 
y
 vth0_value= 264.0247m
 u0_param=  48.2140m
 ags_param= 422.6201m
 
   *** monte carlo  index = 338 ***
x

 volt         param     
             i_d_0.8    
    0.         41.5483p 
   50.00000m  212.6956p 
  100.00000m    1.0799n 
  150.00000m    5.2538n 
  200.00000m   23.6271n 
  250.00000m   95.0898n 
  300.00000m  337.3220n 
  350.00000m    1.0275u 
  400.00000m    2.5738u 
  450.00000m    5.2726u 
  500.00000m    9.1609u 
  550.00000m   14.1213u 
  600.00000m   20.0116u 
  650.00000m   26.7108u 
  700.00000m   34.1203u 
  750.00000m   42.1550u 
  800.00000m   50.7379u 
  850.00000m   59.7965u 
  900.00000m   69.2613u 
  950.00000m   79.0649u 
    1.00000    89.1401u 
y
 vth0_value= 274.1980m
 u0_param=  48.8657m
 ags_param= 411.9848m
 
   *** monte carlo  index = 339 ***
x

 volt         param     
             i_d_0.8    
    0.         89.5519p 
   50.00000m  459.1335p 
  100.00000m    2.2958n 
  150.00000m   10.8285n 
  200.00000m   46.4443n 
  250.00000m  176.7685n 
  300.00000m  588.3351n 
  350.00000m    1.6471u 
  400.00000m    3.7577u 
  450.00000m    7.1053u 
  500.00000m   11.6370u 
  550.00000m   17.2098u 
  600.00000m   23.6857u 
  650.00000m   30.9519u 
  700.00000m   38.9140u 
  750.00000m   47.4887u 
  800.00000m   56.5985u 
  850.00000m   66.1701u 
  900.00000m   76.1326u 
  950.00000m   86.4164u 
    1.00000    96.9519u 
y
 vth0_value= 251.5125m
 u0_param=  49.7145m
 ags_param= 421.2577m
 
   *** monte carlo  index = 340 ***
x

 volt         param     
             i_d_0.8    
    0.         32.7922p 
   50.00000m  167.3114p 
  100.00000m  851.7840p 
  150.00000m    4.1718n 
  200.00000m   18.9713n 
  250.00000m   77.4381n 
  300.00000m  279.0504n 
  350.00000m  867.6561n 
  400.00000m    2.2277u 
  450.00000m    4.6676u 
  500.00000m    8.2508u 
  550.00000m   12.8760u 
  600.00000m   18.4069u 
  650.00000m   24.7259u 
  700.00000m   31.7371u 
  750.00000m   39.3582u 
  800.00000m   47.5151u 
  850.00000m   56.1378u 
  900.00000m   65.1597u 
  950.00000m   74.5158u 
    1.00000    84.1416u 
y
 vth0_value= 280.0409m
 u0_param=  46.8154m
 ags_param= 408.5015m
 
   *** monte carlo  index = 341 ***
x

 volt         param     
             i_d_0.8    
    0.         59.6757p 
   50.00000m  306.0316p 
  100.00000m    1.5429n 
  150.00000m    7.3958n 
  200.00000m   32.4925n 
  250.00000m  127.1408n 
  300.00000m  437.0613n 
  350.00000m    1.2771u 
  400.00000m    3.0506u 
  450.00000m    5.9946u 
  500.00000m   10.0983u 
  550.00000m   15.2330u 
  600.00000m   21.2623u 
  650.00000m   28.0729u 
  700.00000m   35.5712u 
  750.00000m   43.6756u 
  800.00000m   52.3108u 
  850.00000m   61.4056u 
  900.00000m   70.8917u 
  950.00000m   80.7019u 
    1.00000    90.7692u 
y
 vth0_value= 262.6303m
 u0_param=  47.9778m
 ags_param= 412.9515m
 
   *** monte carlo  index = 342 ***
x

 volt         param     
             i_d_0.8    
    0.         86.4529p 
   50.00000m  443.5317p 
  100.00000m    2.2218n 
  150.00000m   10.5141n 
  200.00000m   45.3098n 
  250.00000m  173.3600n 
  300.00000m  580.5158n 
  350.00000m    1.6383u 
  400.00000m    3.7686u 
  450.00000m    7.1740u 
  500.00000m   11.8054u 
  550.00000m   17.5149u 
  600.00000m   24.1578u 
  650.00000m   31.6161u 
  700.00000m   39.7912u 
  750.00000m   48.5965u 
  800.00000m   57.9521u 
  850.00000m   67.7823u 
  900.00000m   78.0141u 
  950.00000m   88.5764u 
    1.00000    99.3979u 
y
 vth0_value= 253.6810m
 u0_param=  51.4601m
 ags_param= 416.4493m
 
   *** monte carlo  index = 343 ***
x

 volt         param     
             i_d_0.8    
    0.         72.6918p 
   50.00000m  372.9979p 
  100.00000m    1.8748n 
  150.00000m    8.9303n 
  200.00000m   38.8605n 
  250.00000m  150.3575n 
  300.00000m  510.1561n 
  350.00000m    1.4650u 
  400.00000m    3.4332u 
  450.00000m    6.6377u 
  500.00000m   11.0478u 
  550.00000m   16.5229u 
  600.00000m   22.9208u 
  650.00000m   30.1244u 
  700.00000m   38.0366u 
  750.00000m   46.5723u 
  800.00000m   55.6533u 
  850.00000m   65.2052u 
  900.00000m   75.1568u 
  950.00000m   85.4384u 
    1.00000    95.9802u 
y
 vth0_value= 258.1419m
 u0_param=  50.2364m
 ags_param= 421.0941m
 
   *** monte carlo  index = 344 ***
x

 volt         param     
             i_d_0.8    
    0.        220.4065p 
   50.00000m    1.1200n 
  100.00000m    5.4564n 
  150.00000m   24.5945n 
  200.00000m   99.2647n 
  250.00000m  353.2492n 
  300.00000m    1.0807u 
  350.00000m    2.7215u 
  400.00000m    5.6032u 
  450.00000m    9.7747u 
  500.00000m   15.1138u 
  550.00000m   21.4680u 
  600.00000m   28.7070u 
  650.00000m   36.7240u 
  700.00000m   45.4269u 
  750.00000m   54.7321u 
  800.00000m   64.5607u 
  850.00000m   74.8370u 
  900.00000m   85.4875u 
  950.00000m   96.4395u 
    1.00000   107.6188u 
y
 vth0_value= 225.3795m
 u0_param=  51.3301m
 ags_param= 420.5704m
 
   *** monte carlo  index = 345 ***
x

 volt         param     
             i_d_0.8    
    0.         54.9304p 
   50.00000m  281.6647p 
  100.00000m    1.4227n 
  150.00000m    6.8449n 
  200.00000m   30.2448n 
  250.00000m  119.1472n 
  300.00000m  412.7138n 
  350.00000m    1.2182u 
  400.00000m    2.9429u 
  450.00000m    5.8392u 
  500.00000m    9.9066u 
  550.00000m   15.0181u 
  600.00000m   21.0349u 
  650.00000m   27.8417u 
  700.00000m   35.3434u 
  750.00000m   43.4572u 
  800.00000m   52.1071u 
  850.00000m   61.2216u 
  900.00000m   70.7316u 
  950.00000m   80.5699u 
    1.00000    90.6693u 
y
 vth0_value= 265.3920m
 u0_param=  48.3585m
 ags_param= 409.5042m
 
   *** monte carlo  index = 346 ***
x

 volt         param     
             i_d_0.8    
    0.         21.7648p 
   50.00000m  110.0547p 
  100.00000m  563.0843p 
  150.00000m    2.7955n 
  200.00000m   13.0144n 
  250.00000m   54.8026n 
  300.00000m  204.3389n 
  350.00000m  663.3188n 
  400.00000m    1.7974u 
  450.00000m    3.9656u 
  500.00000m    7.2973u 
  550.00000m   11.7170u 
  600.00000m   17.0862u 
  650.00000m   23.2782u 
  700.00000m   30.1902u 
  750.00000m   37.7356u 
  800.00000m   45.8376u 
  850.00000m   54.4245u 
  900.00000m   63.4284u 
  950.00000m   72.7836u 
    1.00000    82.4253u 
y
 vth0_value= 293.3641m
 u0_param=  47.8725m
 ags_param= 413.7018m
 
   *** monte carlo  index = 347 ***
x

 volt         param     
             i_d_0.8    
    0.         82.2170p 
   50.00000m  421.5992p 
  100.00000m    2.1117n 
  150.00000m    9.9926n 
  200.00000m   43.0621n 
  250.00000m  164.7809n 
  300.00000m  551.9719n 
  350.00000m    1.5585u 
  400.00000m    3.5871u 
  450.00000m    6.8326u 
  500.00000m   11.2502u 
  550.00000m   16.7008u 
  600.00000m   23.0476u 
  650.00000m   30.1785u 
  700.00000m   38.0003u 
  750.00000m   46.4302u 
  800.00000m   55.3920u 
  850.00000m   64.8132u 
  900.00000m   74.6236u 
  950.00000m   84.7547u 
    1.00000    95.1375u 
y
 vth0_value= 253.6474m
 u0_param=  49.0328m
 ags_param= 422.8511m
 
   *** monte carlo  index = 348 ***
x

 volt         param     
             i_d_0.8    
    0.         90.5794p 
   50.00000m  464.1696p 
  100.00000m    2.3183n 
  150.00000m   10.9125n 
  200.00000m   46.6691n 
  250.00000m  177.0624n 
  300.00000m  587.1620n 
  350.00000m    1.6360u 
  400.00000m    3.7141u 
  450.00000m    6.9956u 
  500.00000m   11.4261u 
  550.00000m   16.8676u 
  600.00000m   23.1874u 
  650.00000m   30.2769u 
  700.00000m   38.0452u 
  750.00000m   46.4115u 
  800.00000m   55.3008u 
  850.00000m   64.6416u 
  900.00000m   74.3648u 
  950.00000m   84.4023u 
    1.00000    94.6857u 
y
 vth0_value= 250.1900m
 u0_param=  48.2237m
 ags_param= 434.8967m
 
   *** monte carlo  index = 349 ***
x

 volt         param     
             i_d_0.8    
    0.         66.4200p 
   50.00000m  340.8069p 
  100.00000m    1.7160n 
  150.00000m    8.2028n 
  200.00000m   35.8841n 
  250.00000m  139.6985n 
  300.00000m  477.3726n 
  350.00000m    1.3838u 
  400.00000m    3.2765u 
  450.00000m    6.3897u 
  500.00000m   10.7026u 
  550.00000m   16.0781u 
  600.00000m   22.3742u 
  650.00000m   29.4736u 
  700.00000m   37.2792u 
  750.00000m   45.7065u 
  800.00000m   54.6774u 
  850.00000m   64.1182u 
  900.00000m   73.9583u 
  950.00000m   84.1283u 
    1.00000    94.5593u 
y
 vth0_value= 260.6204m
 u0_param=  49.8504m
 ags_param= 401.6568m
 
   *** monte carlo  index = 350 ***
x

 volt         param     
             i_d_0.8    
    0.         62.7408p 
   50.00000m  321.8264p 
  100.00000m    1.6214n 
  150.00000m    7.7609n 
  200.00000m   34.0208n 
  250.00000m  132.7692n 
  300.00000m  455.0095n 
  350.00000m    1.3241u 
  400.00000m    3.1486u 
  450.00000m    6.1630u 
  500.00000m   10.3517u 
  550.00000m   15.5827u 
  600.00000m   21.7174u 
  650.00000m   28.6414u 
  700.00000m   36.2598u 
  750.00000m   44.4899u 
  800.00000m   53.2555u 
  850.00000m   62.4844u 
  900.00000m   72.1073u 
  950.00000m   82.0564u 
    1.00000    92.2638u 
y
 vth0_value= 261.5761m
 u0_param=  48.6719m
 ags_param= 410.7106m
 
   *** monte carlo  index = 351 ***
x

 volt         param     
             i_d_0.8    
    0.        149.0851p 
   50.00000m  761.2349p 
  100.00000m    3.7537n 
  150.00000m   17.2666n 
  200.00000m   71.5358n 
  250.00000m  262.0081n 
  300.00000m  831.8758n 
  350.00000m    2.1921u 
  400.00000m    4.7078u 
  450.00000m    8.4836u 
  500.00000m   13.4231u 
  550.00000m   19.3779u 
  600.00000m   26.2161u 
  650.00000m   33.8300u 
  700.00000m   42.1279u 
  750.00000m   51.0274u 
  800.00000m   60.4512u 
  850.00000m   70.3253u 
  900.00000m   80.5782u 
  950.00000m   91.1390u 
    1.00000   101.9360u 
y
 vth0_value= 236.3528m
 u0_param=  50.0380m
 ags_param= 425.1505m
 
   *** monte carlo  index = 352 ***
x

 volt         param     
             i_d_0.8    
    0.         80.3113p 
   50.00000m  412.0155p 
  100.00000m    2.0664n 
  150.00000m    9.8012n 
  200.00000m   42.3826n 
  250.00000m  162.8032n 
  300.00000m  547.7482n 
  350.00000m    1.5555u 
  400.00000m    3.6020u 
  450.00000m    6.8951u 
  500.00000m   11.3930u 
  550.00000m   16.9526u 
  600.00000m   23.4323u 
  650.00000m   30.7159u 
  700.00000m   38.7067u 
  750.00000m   47.3197u 
  800.00000m   56.4765u 
  850.00000m   66.1027u 
  900.00000m   76.1268u 
  950.00000m   86.4786u 
    1.00000    97.0881u 
y
 vth0_value= 255.2331m
 u0_param=  50.3935m
 ags_param= 421.3286m
 
   *** monte carlo  index = 353 ***
x

 volt         param     
             i_d_0.8    
    0.        117.1090p 
   50.00000m  599.4055p 
  100.00000m    2.9767n 
  150.00000m   13.8648n 
  200.00000m   58.4206n 
  250.00000m  217.9856n 
  300.00000m  708.3295n 
  350.00000m    1.9222u 
  400.00000m    4.2484u 
  450.00000m    7.8303u 
  500.00000m   12.5904u 
  550.00000m   18.3814u 
  600.00000m   25.0678u 
  650.00000m   32.5392u 
  700.00000m   40.7024u 
  750.00000m   49.4741u 
  800.00000m   58.7769u 
  850.00000m   68.5369u 
  900.00000m   78.6826u 
  950.00000m   89.1437u 
    1.00000    99.8492u 
y
 vth0_value= 243.6415m
 u0_param=  50.0540m
 ags_param= 429.4985m
 
   *** monte carlo  index = 354 ***
x

 volt         param     
             i_d_0.8    
    0.         69.3395p 
   50.00000m  355.7242p 
  100.00000m    1.7889n 
  150.00000m    8.5307n 
  200.00000m   37.1849n 
  250.00000m  144.1646n 
  300.00000m  490.3209n 
  350.00000m    1.4126u 
  400.00000m    3.3219u 
  450.00000m    6.4417u 
  500.00000m   10.7456u 
  550.00000m   16.0972u 
  600.00000m   22.3573u 
  650.00000m   29.4110u 
  700.00000m   37.1631u 
  750.00000m   45.5301u 
  800.00000m   54.4351u 
  850.00000m   63.8054u 
  900.00000m   73.5707u 
  950.00000m   83.6625u 
    1.00000    94.0120u 
y
 vth0_value= 258.9237m
 u0_param=  49.2367m
 ags_param= 421.0078m
 
   *** monte carlo  index = 355 ***
x

 volt         param     
             i_d_0.8    
    0.        107.9852p 
   50.00000m  553.1160p 
  100.00000m    2.7535n 
  150.00000m   12.8807n 
  200.00000m   54.6022n 
  250.00000m  205.0996n 
  300.00000m  671.8879n 
  350.00000m    1.8425u 
  400.00000m    4.1151u 
  450.00000m    7.6484u 
  500.00000m   12.3716u 
  550.00000m   18.1370u 
  600.00000m   24.8070u 
  650.00000m   32.2693u 
  700.00000m   40.4294u 
  750.00000m   49.2034u 
  800.00000m   58.5132u 
  850.00000m   68.2845u 
  900.00000m   78.4454u 
  950.00000m   88.9256u 
    1.00000    99.6541u 
y
 vth0_value= 246.2916m
 u0_param=  50.3742m
 ags_param= 427.9475m
 
   *** monte carlo  index = 356 ***
x

 volt         param     
             i_d_0.8    
    0.         38.3866p 
   50.00000m  196.3358p 
  100.00000m  997.9753p 
  150.00000m    4.8677n 
  200.00000m   21.9845n 
  250.00000m   88.9527n 
  300.00000m  317.4227n 
  350.00000m  974.4188n 
  400.00000m    2.4635u 
  450.00000m    5.0888u 
  500.00000m    8.8977u 
  550.00000m   13.7774u 
  600.00000m   19.5863u 
  650.00000m   26.2033u 
  700.00000m   33.5297u 
  750.00000m   41.4809u 
  800.00000m   49.9800u 
  850.00000m   58.9549u 
  900.00000m   68.3367u 
  950.00000m   78.0582u 
    1.00000    88.0529u 
y
 vth0_value= 276.4059m
 u0_param=  48.5598m
 ags_param= 422.7986m
 
   *** monte carlo  index = 357 ***
x

 volt         param     
             i_d_0.8    
    0.         76.0219p 
   50.00000m  390.0872p 
  100.00000m    1.9591n 
  150.00000m    9.3165n 
  200.00000m   40.4421n 
  250.00000m  156.0349n 
  300.00000m  527.6714n 
  350.00000m    1.5087u 
  400.00000m    3.5189u 
  450.00000m    6.7764u 
  500.00000m   11.2457u 
  550.00000m   16.7842u 
  600.00000m   23.2490u 
  650.00000m   30.5226u 
  700.00000m   38.5075u 
  750.00000m   47.1181u 
  800.00000m   56.2757u 
  850.00000m   65.9056u 
  900.00000m   75.9360u 
  950.00000m   86.2968u 
    1.00000    96.9179u 
y
 vth0_value= 257.0114m
 u0_param=  50.5854m
 ags_param= 423.1052m
 
   *** monte carlo  index = 358 ***
x

 volt         param     
             i_d_0.8    
    0.         97.7439p 
   50.00000m  500.8940p 
  100.00000m    2.4991n 
  150.00000m   11.7390n 
  200.00000m   50.0542n 
  250.00000m  189.2533n 
  300.00000m  624.9374n 
  350.00000m    1.7316u 
  400.00000m    3.9086u 
  450.00000m    7.3269u 
  500.00000m   11.9251u 
  550.00000m   17.5591u 
  600.00000m   24.0919u 
  650.00000m   31.4119u 
  700.00000m   39.4254u 
  750.00000m   48.0492u 
  800.00000m   57.2061u 
  850.00000m   66.8227u 
  900.00000m   76.8280u 
  950.00000m   87.1523u 
    1.00000    97.7256u 
y
 vth0_value= 248.8740m
 u0_param=  49.7168m
 ags_param= 427.3940m
 
   *** monte carlo  index = 359 ***
x

 volt         param     
             i_d_0.8    
    0.        112.6950p 
   50.00000m  576.8463p 
  100.00000m    2.8663n 
  150.00000m   13.3646n 
  200.00000m   56.3963n 
  250.00000m  210.7873n 
  300.00000m  686.3921n 
  350.00000m    1.8678u 
  400.00000m    4.1394u 
  450.00000m    7.6464u 
  500.00000m   12.3149u 
  550.00000m   18.0005u 
  600.00000m   24.5699u 
  650.00000m   31.9145u 
  700.00000m   39.9423u 
  750.00000m   48.5716u 
  800.00000m   57.7259u 
  850.00000m   67.3323u 
  900.00000m   77.3205u 
  950.00000m   87.6209u 
    1.00000    98.1637u 
y
 vth0_value= 244.2768m
 u0_param=  49.2466m
 ags_param= 415.9485m
 
   *** monte carlo  index = 360 ***
x

 volt         param     
             i_d_0.8    
    0.        111.1345p 
   50.00000m  568.8639p 
  100.00000m    2.8272n 
  150.00000m   13.1867n 
  200.00000m   55.6736n 
  250.00000m  208.2056n 
  300.00000m  678.4780n 
  350.00000m    1.8480u 
  400.00000m    4.0994u 
  450.00000m    7.5785u 
  500.00000m   12.2127u 
  550.00000m   17.8588u 
  600.00000m   24.3846u 
  650.00000m   31.6819u 
  700.00000m   39.6596u 
  750.00000m   48.2363u 
  800.00000m   57.3361u 
  850.00000m   66.8865u 
  900.00000m   76.8174u 
  950.00000m   87.0598u 
    1.00000    97.5439u 
y
 vth0_value= 244.4899m
 u0_param=  48.9304m
 ags_param= 422.9069m
 
   *** monte carlo  index = 361 ***
x

 volt         param     
             i_d_0.8    
    0.         69.4723p 
   50.00000m  356.4052p 
  100.00000m    1.7923n 
  150.00000m    8.5460n 
  200.00000m   37.2469n 
  250.00000m  144.3841n 
  300.00000m  490.9858n 
  350.00000m    1.4142u 
  400.00000m    3.3249u 
  450.00000m    6.4462u 
  500.00000m   10.7514u 
  550.00000m   16.1042u 
  600.00000m   22.3654u 
  650.00000m   29.4200u 
  700.00000m   37.1729u 
  750.00000m   45.5406u 
  800.00000m   54.4462u 
  850.00000m   63.8169u 
  900.00000m   73.5826u 
  950.00000m   83.6746u 
    1.00000    94.0243u 
y
 vth0_value= 258.8658m
 u0_param=  49.2367m
 ags_param= 419.3309m
 
   *** monte carlo  index = 362 ***
x

 volt         param     
             i_d_0.8    
    0.         38.2160p 
   50.00000m  195.4354p 
  100.00000m  993.2738p 
  150.00000m    4.8438n 
  200.00000m   21.8694n 
  250.00000m   88.4524n 
  300.00000m  315.5127n 
  350.00000m  968.0741n 
  400.00000m    2.4460u 
  450.00000m    5.0500u 
  500.00000m    8.8267u 
  550.00000m   13.6642u 
  600.00000m   19.4225u 
  650.00000m   25.9820u 
  700.00000m   33.2450u 
  750.00000m   41.1278u 
  800.00000m   49.5542u 
  850.00000m   58.4527u 
  900.00000m   67.7550u 
  950.00000m   77.3944u 
    1.00000    87.3049u 
y
 vth0_value= 276.2341m
 u0_param=  48.0955m
 ags_param= 415.5428m
 
   *** monte carlo  index = 363 ***
x

 volt         param     
             i_d_0.8    
    0.         56.3423p 
   50.00000m  288.9567p 
  100.00000m    1.4591n 
  150.00000m    7.0155n 
  200.00000m   30.9674n 
  250.00000m  121.8449n 
  300.00000m  421.4635n 
  350.00000m    1.2417u 
  400.00000m    2.9933u 
  450.00000m    5.9282u 
  500.00000m   10.0437u 
  550.00000m   15.2106u 
  600.00000m   21.2892u 
  650.00000m   28.1631u 
  700.00000m   35.7364u 
  750.00000m   43.9257u 
  800.00000m   52.6544u 
  850.00000m   61.8504u 
  900.00000m   71.4441u 
  950.00000m   81.3677u 
    1.00000    91.5536u 
y
 vth0_value= 264.9048m
 u0_param=  48.7848m
 ags_param= 415.8706m
 
   *** monte carlo  index = 364 ***
x

 volt         param     
             i_d_0.8    
    0.         75.9389p 
   50.00000m  389.5104p 
  100.00000m    1.9547n 
  150.00000m    9.2835n 
  200.00000m   40.2216n 
  250.00000m  154.8541n 
  300.00000m  522.4416n 
  350.00000m    1.4891u 
  400.00000m    3.4618u 
  450.00000m    6.6489u 
  500.00000m   11.0138u 
  550.00000m   16.4185u 
  600.00000m   22.7254u 
  650.00000m   29.8208u 
  700.00000m   37.6108u 
  750.00000m   46.0122u 
  800.00000m   54.9486u 
  850.00000m   64.3471u 
  900.00000m   74.1379u 
  950.00000m   84.2521u 
    1.00000    94.6210u 
y
 vth0_value= 256.1056m
 u0_param=  49.1256m
 ags_param= 426.9695m
 
   *** monte carlo  index = 365 ***
x

 volt         param     
             i_d_0.8    
    0.         86.8441p 
   50.00000m  445.2981p 
  100.00000m    2.2282n 
  150.00000m   10.5231n 
  200.00000m   45.2189n 
  250.00000m  172.4708n 
  300.00000m  575.4857n 
  350.00000m    1.6165u 
  400.00000m    3.7007u 
  450.00000m    7.0175u 
  500.00000m   11.5170u 
  550.00000m   17.0571u 
  600.00000m   23.5000u 
  650.00000m   30.7326u 
  700.00000m   38.6607u 
  750.00000m   47.2010u 
  800.00000m   56.2764u 
  850.00000m   65.8135u 
  900.00000m   75.7417u 
  950.00000m   85.9916u 
    1.00000    96.4936u 
y
 vth0_value= 252.3590m
 u0_param=  49.5912m
 ags_param= 422.2345m
 
   *** monte carlo  index = 366 ***
x

 volt         param     
             i_d_0.8    
    0.        109.1144p 
   50.00000m  558.9095p 
  100.00000m    2.7821n 
  150.00000m   13.0118n 
  200.00000m   55.1422n 
  250.00000m  207.0586n 
  300.00000m  678.0108n 
  350.00000m    1.8583u 
  400.00000m    4.1478u 
  450.00000m    7.7054u 
  500.00000m   12.4589u 
  550.00000m   18.2596u 
  600.00000m   24.9690u 
  650.00000m   32.4738u 
  700.00000m   40.6792u 
  750.00000m   49.5005u 
  800.00000m   58.8593u 
  850.00000m   68.6810u 
  900.00000m   78.8933u 
  950.00000m   89.4255u 
    1.00000   100.2063u 
y
 vth0_value= 246.1718m
 u0_param=  50.6792m
 ags_param= 415.6653m
 
   *** monte carlo  index = 367 ***
x

 volt         param     
             i_d_0.8    
    0.         78.7903p 
   50.00000m  404.2149p 
  100.00000m    2.0279n 
  150.00000m    9.6254n 
  200.00000m   41.6639n 
  250.00000m  160.2262n 
  300.00000m  539.8101n 
  350.00000m    1.5357u 
  400.00000m    3.5630u 
  450.00000m    6.8313u 
  500.00000m   11.3009u 
  550.00000m   16.8297u 
  600.00000m   23.2765u 
  650.00000m   30.5252u 
  700.00000m   38.4797u 
  750.00000m   47.0552u 
  800.00000m   56.1734u 
  850.00000m   65.7602u 
  900.00000m   75.7444u 
  950.00000m   86.0561u 
    1.00000    96.6254u 
y
 vth0_value= 255.6881m
 u0_param=  50.2021m
 ags_param= 422.9031m
 
   *** monte carlo  index = 368 ***
x

 volt         param     
             i_d_0.8    
    0.         86.2005p 
   50.00000m  442.0395p 
  100.00000m    2.2125n 
  150.00000m   10.4549n 
  200.00000m   44.9619n 
  250.00000m  171.6419n 
  300.00000m  573.3099n 
  350.00000m    1.6126u 
  400.00000m    3.6969u 
  450.00000m    7.0183u 
  500.00000m   11.5276u 
  550.00000m   17.0822u 
  600.00000m   23.5434u 
  650.00000m   30.7975u 
  700.00000m   38.7497u 
  750.00000m   47.3162u 
  800.00000m   56.4197u 
  850.00000m   65.9866u 
  900.00000m   75.9458u 
  950.00000m   86.2280u 
    1.00000    96.7632u 
y
 vth0_value= 252.7211m
 u0_param=  49.8046m
 ags_param= 419.6781m
 
   *** monte carlo  index = 369 ***
x

 volt         param     
             i_d_0.8    
    0.        132.4337p 
   50.00000m  677.1801p 
  100.00000m    3.3522n 
  150.00000m   15.5240n 
  200.00000m   64.8989n 
  250.00000m  240.0582n 
  300.00000m  771.6691n 
  350.00000m    2.0654u 
  400.00000m    4.5030u 
  450.00000m    8.2104u 
  500.00000m   13.0995u 
  550.00000m   19.0208u 
  600.00000m   25.8389u 
  650.00000m   33.4436u 
  700.00000m   41.7416u 
  750.00000m   50.6492u 
  800.00000m   60.0883u 
  850.00000m   69.9844u 
  900.00000m   80.2654u 
  950.00000m   90.8603u 
    1.00000   101.6974u 
y
 vth0_value= 240.2315m
 u0_param=  50.5189m
 ags_param= 431.2399m
 
   *** monte carlo  index = 370 ***
x

 volt         param     
             i_d_0.8    
    0.         55.8145p 
   50.00000m  286.2166p 
  100.00000m    1.4453n 
  150.00000m    6.9494n 
  200.00000m   30.6786n 
  250.00000m  120.7247n 
  300.00000m  417.6625n 
  350.00000m    1.2308u 
  400.00000m    2.9679u 
  450.00000m    5.8793u 
  500.00000m    9.9631u 
  550.00000m   15.0912u 
  600.00000m   21.1251u 
  650.00000m   27.9493u 
  700.00000m   35.4689u 
  750.00000m   43.6010u 
  800.00000m   52.2695u 
  850.00000m   61.4028u 
  900.00000m   70.9319u 
  950.00000m   80.7893u 
    1.00000    90.9077u 
y
 vth0_value= 264.9481m
 u0_param=  48.4184m
 ags_param= 415.5355m
 
   *** monte carlo  index = 371 ***
x

 volt         param     
             i_d_0.8    
    0.         84.4748p 
   50.00000m  433.4150p 
  100.00000m    2.1722n 
  150.00000m   10.2897n 
  200.00000m   44.4063n 
  250.00000m  170.1815n 
  300.00000m  570.9735n 
  350.00000m    1.6154u 
  400.00000m    3.7261u 
  450.00000m    7.1089u 
  500.00000m   11.7172u 
  550.00000m   17.4037u 
  600.00000m   24.0238u 
  650.00000m   31.4593u 
  700.00000m   39.6116u 
  750.00000m   48.3943u 
  800.00000m   57.7273u 
  850.00000m   67.5351u 
  900.00000m   77.7449u 
  950.00000m   88.2855u 
    1.00000    99.0859u 
y
 vth0_value= 254.3350m
 u0_param=  51.3891m
 ags_param= 417.8965m
 
   *** monte carlo  index = 372 ***
x

 volt         param     
             i_d_0.8    
    0.         29.1931p 
   50.00000m  148.6789p 
  100.00000m  758.4107p 
  150.00000m    3.7319n 
  200.00000m   17.1058n 
  250.00000m   70.5395n 
  300.00000m  257.0297n 
  350.00000m  810.6163n 
  400.00000m    2.1178u 
  450.00000m    4.5102u 
  500.00000m    8.0726u 
  550.00000m   12.7083u 
  600.00000m   18.2772u 
  650.00000m   24.6566u 
  700.00000m   31.7463u 
  750.00000m   39.4614u 
  800.00000m   47.7255u 
  850.00000m   56.4672u 
  900.00000m   65.6184u 
  950.00000m   75.1129u 
    1.00000    84.8853u 
y
 vth0_value= 284.3701m
 u0_param=  47.9543m
 ags_param= 402.8867m
 
   *** monte carlo  index = 373 ***
x

 volt         param     
             i_d_0.8    
    0.         46.3354p 
   50.00000m  237.4636p 
  100.00000m    1.2040n 
  150.00000m    5.8384n 
  200.00000m   26.1185n 
  250.00000m  104.4322n 
  300.00000m  367.7652n 
  350.00000m    1.1095u 
  400.00000m    2.7479u 
  450.00000m    5.5722u 
  500.00000m    9.6073u 
  550.00000m   14.7287u 
  600.00000m   20.7911u 
  650.00000m   27.6723u 
  700.00000m   35.2723u 
  750.00000m   43.5047u 
  800.00000m   52.2910u 
  850.00000m   61.5576u 
  900.00000m   71.2336u 
  950.00000m   81.2505u 
    1.00000    91.5399u 
y
 vth0_value= 271.5235m
 u0_param=  49.8508m
 ags_param= 415.0635m
 
   *** monte carlo  index = 374 ***
x

 volt         param     
             i_d_0.8    
    0.        170.7618p 
   50.00000m  870.7815p 
  100.00000m    4.2783n 
  150.00000m   19.5575n 
  200.00000m   80.3635n 
  250.00000m  291.6795n 
  300.00000m  915.3901n 
  350.00000m    2.3776u 
  400.00000m    5.0367u 
  450.00000m    8.9799u 
  500.00000m   14.1003u 
  550.00000m   20.2458u 
  600.00000m   27.2835u 
  650.00000m   35.1045u 
  700.00000m   43.6161u 
  750.00000m   52.7344u 
  800.00000m   62.3808u 
  850.00000m   72.4803u 
  900.00000m   82.9599u 
  950.00000m   93.7476u 
    1.00000   104.7704u 
y
 vth0_value= 232.8800m
 u0_param=  51.0121m
 ags_param= 424.6391m
 
   *** monte carlo  index = 375 ***
x

 volt         param     
             i_d_0.8    
    0.        205.0192p 
   50.00000m    1.0421n 
  100.00000m    5.0827n 
  150.00000m   22.9524n 
  200.00000m   92.8577n 
  250.00000m  331.3646n 
  300.00000m    1.0175u 
  350.00000m    2.5737u 
  400.00000m    5.3208u 
  450.00000m    9.3123u 
  500.00000m   14.4336u 
  550.00000m   20.5389u 
  600.00000m   27.5032u 
  650.00000m   35.2238u 
  700.00000m   43.6119u 
  750.00000m   52.5870u 
  800.00000m   62.0727u 
  850.00000m   71.9961u 
  900.00000m   82.2857u 
  950.00000m   92.8708u 
    1.00000   103.6792u 
y
 vth0_value= 226.3244m
 u0_param=  49.3968m
 ags_param= 425.9400m
 
   *** monte carlo  index = 376 ***
x

 volt         param     
             i_d_0.8    
    0.         71.8828p 
   50.00000m  368.7570p 
  100.00000m    1.8530n 
  150.00000m    8.8226n 
  200.00000m   38.3676n 
  250.00000m  148.3507n 
  300.00000m  502.9947n 
  350.00000m    1.4431u 
  400.00000m    3.3787u 
  450.00000m    6.5274u 
  500.00000m   10.8590u 
  550.00000m   16.2361u 
  600.00000m   22.5199u 
  650.00000m   29.5959u 
  700.00000m   37.3694u 
  750.00000m   45.7569u 
  800.00000m   54.6815u 
  850.00000m   64.0704u 
  900.00000m   73.8535u 
  950.00000m   83.9621u 
    1.00000    94.3275u 
y
 vth0_value= 257.8386m
 u0_param=  49.2414m
 ags_param= 422.2873m
 
   *** monte carlo  index = 377 ***
x

 volt         param     
             i_d_0.8    
    0.         40.7204p 
   50.00000m  208.3663p 
  100.00000m    1.0577n 
  150.00000m    5.1448n 
  200.00000m   23.1294n 
  250.00000m   93.0544n 
  300.00000m  330.0051n 
  350.00000m    1.0049u 
  400.00000m    2.5162u 
  450.00000m    5.1531u 
  500.00000m    8.9521u 
  550.00000m   13.7993u 
  600.00000m   19.5566u 
  650.00000m   26.1064u 
  700.00000m   33.3527u 
  750.00000m   41.2128u 
  800.00000m   49.6113u 
  850.00000m   58.4774u 
  900.00000m   67.7432u 
  950.00000m   77.3424u 
    1.00000    87.2091u 
y
 vth0_value= 274.0247m
 u0_param=  47.6813m
 ags_param= 421.5857m
 
   *** monte carlo  index = 378 ***
x

 volt         param     
             i_d_0.8    
    0.        141.1852p 
   50.00000m  721.5681p 
  100.00000m    3.5662n 
  150.00000m   16.4688n 
  200.00000m   68.5874n 
  250.00000m  252.6339n 
  300.00000m  807.7992n 
  350.00000m    2.1476u 
  400.00000m    4.6517u 
  450.00000m    8.4377u 
  500.00000m   13.4124u 
  550.00000m   19.4239u 
  600.00000m   26.3365u 
  650.00000m   34.0392u 
  700.00000m   42.4384u 
  750.00000m   51.4496u 
  800.00000m   60.9941u 
  850.00000m   70.9969u 
  900.00000m   81.3853u 
  950.00000m   92.0876u 
    1.00000   103.0315u 
y
 vth0_value= 238.6007m
 u0_param=  50.9896m
 ags_param= 427.8921m
 
   *** monte carlo  index = 379 ***
x

 volt         param     
             i_d_0.8    
    0.         70.8618p 
   50.00000m  363.4630p 
  100.00000m    1.8263n 
  150.00000m    8.6957n 
  200.00000m   37.8168n 
  250.00000m  146.2302n 
  300.00000m  495.8652n 
  350.00000m    1.4229u 
  400.00000m    3.3321u 
  450.00000m    6.4387u 
  500.00000m   10.7133u 
  550.00000m   16.0210u 
  600.00000m   22.2252u 
  650.00000m   29.2130u 
  700.00000m   36.8909u 
  750.00000m   45.1767u 
  800.00000m   53.9945u 
  850.00000m   63.2722u 
  900.00000m   72.9407u 
  950.00000m   82.9318u 
    1.00000    93.1776u 
y
 vth0_value= 257.8421m
 u0_param=  48.5880m
 ags_param= 422.4897m
 
   *** monte carlo  index = 380 ***
x

 volt         param     
             i_d_0.8    
    0.        165.3507p 
   50.00000m  843.2529p 
  100.00000m    4.1448n 
  150.00000m   18.9604n 
  200.00000m   77.9851n 
  250.00000m  283.3646n 
  300.00000m  890.6180n 
  350.00000m    2.3175u 
  400.00000m    4.9181u 
  450.00000m    8.7809u 
  500.00000m   13.8026u 
  550.00000m   19.8343u 
  600.00000m   26.7456u 
  650.00000m   34.4297u 
  700.00000m   42.7955u 
  750.00000m   51.7606u 
  800.00000m   61.2477u 
  850.00000m   71.1828u 
  900.00000m   81.4941u 
  950.00000m   92.1105u 
    1.00000   102.9600u 
y
 vth0_value= 233.2691m
 u0_param=  50.0988m
 ags_param= 426.6821m
 
   *** monte carlo  index = 381 ***
x

 volt         param     
             i_d_0.8    
    0.        131.5958p 
   50.00000m  673.0916p 
  100.00000m    3.3340n 
  150.00000m   15.4564n 
  200.00000m   64.7092n 
  250.00000m  239.7222n 
  300.00000m  772.0142n 
  350.00000m    2.0711u 
  400.00000m    4.5257u 
  450.00000m    8.2661u 
  500.00000m   13.2040u 
  550.00000m   19.1871u 
  600.00000m   26.0779u 
  650.00000m   33.7640u 
  700.00000m   42.1505u 
  750.00000m   51.1527u 
  800.00000m   60.6913u 
  850.00000m   70.6910u 
  900.00000m   81.0789u 
  950.00000m   91.7834u 
    1.00000   102.7322u 
y
 vth0_value= 240.8630m
 u0_param=  51.2154m
 ags_param= 412.9604m
 
   *** monte carlo  index = 382 ***
x

 volt         param     
             i_d_0.8    
    0.         86.2280p 
   50.00000m  442.0975p 
  100.00000m    2.2120n 
  150.00000m   10.4456n 
  200.00000m   44.8800n 
  250.00000m  171.1557n 
  300.00000m  571.0277n 
  350.00000m    1.6038u 
  400.00000m    3.6709u 
  450.00000m    6.9603u 
  500.00000m   11.4226u 
  550.00000m   16.9173u 
  600.00000m   23.3077u 
  650.00000m   30.4822u 
  700.00000m   38.3474u 
  750.00000m   46.8206u 
  800.00000m   55.8254u 
  850.00000m   65.2891u 
  900.00000m   75.1414u 
  950.00000m   85.3136u 
    1.00000    95.7364u 
y
 vth0_value= 252.2912m
 u0_param=  49.1567m
 ags_param= 421.1897m
 
   *** monte carlo  index = 383 ***
x

 volt         param     
             i_d_0.8    
    0.        141.6393p 
   50.00000m  723.5907p 
  100.00000m    3.5733n 
  150.00000m   16.4787n 
  200.00000m   68.5035n 
  250.00000m  251.8402n 
  300.00000m  803.3736n 
  350.00000m    2.1296u 
  400.00000m    4.5996u 
  450.00000m    8.3255u 
  500.00000m   13.2149u 
  550.00000m   19.1199u 
  600.00000m   25.9084u 
  650.00000m   33.4725u 
  700.00000m   41.7206u 
  750.00000m   50.5704u 
  800.00000m   59.9446u 
  850.00000m   69.7696u 
  900.00000m   79.9740u 
  950.00000m   90.4873u 
    1.00000   101.2380u 
y
 vth0_value= 237.8008m
 u0_param=  49.8878m
 ags_param= 426.5194m
 
   *** monte carlo  index = 384 ***
x

 volt         param     
             i_d_0.8    
    0.        164.9227p 
   50.00000m  841.2388p 
  100.00000m    4.1365n 
  150.00000m   18.9354n 
  200.00000m   77.9491n 
  250.00000m  283.4914n 
  300.00000m  892.0302n 
  350.00000m    2.3245u 
  400.00000m    4.9393u 
  450.00000m    8.8274u 
  500.00000m   13.8849u 
  550.00000m   19.9614u 
  600.00000m   26.9250u 
  650.00000m   34.6675u 
  700.00000m   43.0971u 
  750.00000m   52.1304u 
  800.00000m   61.6897u 
  850.00000m   71.7002u 
  900.00000m   82.0897u 
  950.00000m   92.7866u 
    1.00000   103.7185u 
y
 vth0_value= 233.6409m
 u0_param=  50.5574m
 ags_param= 432.1587m
 
   *** monte carlo  index = 385 ***
x

 volt         param     
             i_d_0.8    
    0.         72.6803p 
   50.00000m  372.8664p 
  100.00000m    1.8734n 
  150.00000m    8.9176n 
  200.00000m   38.7665n 
  250.00000m  149.8264n 
  300.00000m  507.7228n 
  350.00000m    1.4556u 
  400.00000m    3.4053u 
  450.00000m    6.5743u 
  500.00000m   10.9312u 
  550.00000m   16.3377u 
  600.00000m   22.6541u 
  650.00000m   29.7654u 
  700.00000m   37.5762u 
  750.00000m   46.0026u 
  800.00000m   54.9675u 
  850.00000m   64.3977u 
  900.00000m   74.2228u 
  950.00000m   84.3737u 
    1.00000    94.7816u 
y
 vth0_value= 257.6677m
 u0_param=  49.4912m
 ags_param= 408.7188m
 
   *** monte carlo  index = 386 ***
x

 volt         param     
             i_d_0.8    
    0.        127.3220p 
   50.00000m  650.8054p 
  100.00000m    3.2207n 
  150.00000m   14.9089n 
  200.00000m   62.2970n 
  250.00000m  230.3436n 
  300.00000m  740.1837n 
  350.00000m    1.9803u 
  400.00000m    4.3159u 
  450.00000m    7.8682u 
  500.00000m   12.5542u 
  550.00000m   18.2320u 
  600.00000m   24.7732u 
  650.00000m   32.0730u 
  700.00000m   40.0423u 
  750.00000m   48.6011u 
  800.00000m   57.6745u 
  850.00000m   67.1910u 
  900.00000m   77.0809u 
  950.00000m   87.2756u 
    1.00000    97.7055u 
y
 vth0_value= 239.9826m
 u0_param=  48.3161m
 ags_param= 427.1866m
 
   *** monte carlo  index = 387 ***
x

 volt         param     
             i_d_0.8    
    0.        107.9224p 
   50.00000m  552.7874p 
  100.00000m    2.7518n 
  150.00000m   12.8724n 
  200.00000m   54.5648n 
  250.00000m  204.9502n 
  300.00000m  671.3624n 
  350.00000m    1.8409u 
  400.00000m    4.1113u 
  450.00000m    7.6409u 
  500.00000m   12.3587u 
  550.00000m   18.1176u 
  600.00000m   24.7798u 
  650.00000m   32.2332u 
  700.00000m   40.3835u 
  750.00000m   49.1467u 
  800.00000m   58.4450u 
  850.00000m   68.2039u 
  900.00000m   78.3520u 
  950.00000m   88.8186u 
    1.00000    99.5330u 
y
 vth0_value= 246.2730m
 u0_param=  50.3175m
 ags_param= 418.2906m
 
   *** monte carlo  index = 388 ***
x

 volt         param     
             i_d_0.8    
    0.         98.7172p 
   50.00000m  505.7387p 
  100.00000m    2.5215n 
  150.00000m   11.8300n 
  200.00000m   50.3556n 
  250.00000m  190.0373n 
  300.00000m  626.1514n 
  350.00000m    1.7301u 
  400.00000m    3.8938u 
  450.00000m    7.2824u 
  500.00000m   11.8339u 
  550.00000m   17.4062u 
  600.00000m   23.8653u 
  650.00000m   31.1015u 
  700.00000m   39.0228u 
  750.00000m   47.5474u 
  800.00000m   56.5992u 
  850.00000m   66.1057u 
  900.00000m   75.9968u 
  950.00000m   86.2035u 
    1.00000    96.6564u 
y
 vth0_value= 248.1005m
 u0_param=  48.9878m
 ags_param= 436.5929m
 
   *** monte carlo  index = 389 ***
x

 volt         param     
             i_d_0.8    
    0.        213.4033p 
   50.00000m    1.0846n 
  100.00000m    5.2869n 
  150.00000m   23.8524n 
  200.00000m   96.3833n 
  250.00000m  343.4631n 
  300.00000m    1.0526u 
  350.00000m    2.6567u 
  400.00000m    5.4808u 
  450.00000m    9.5763u 
  500.00000m   14.8243u 
  550.00000m   21.0752u 
  600.00000m   28.2006u 
  650.00000m   36.0956u 
  700.00000m   44.6695u 
  750.00000m   53.8397u 
  800.00000m   63.5285u 
  850.00000m   73.6613u 
  900.00000m   84.1654u 
  950.00000m   94.9689u 
    1.00000   105.9984u 
y
 vth0_value= 225.8512m
 u0_param=  50.5362m
 ags_param= 429.8815m
 
   *** monte carlo  index = 390 ***
x

 volt         param     
             i_d_0.8    
    0.         53.3824p 
   50.00000m  273.7594p 
  100.00000m    1.3841n 
  150.00000m    6.6725n 
  200.00000m   29.5728n 
  250.00000m  116.9180n 
  300.00000m  406.5987n 
  350.00000m    1.2065u 
  400.00000m    2.9317u 
  450.00000m    5.8464u 
  500.00000m    9.9556u 
  550.00000m   15.1305u 
  600.00000m   21.2290u 
  650.00000m   28.1323u 
  700.00000m   35.7429u 
  750.00000m   43.9762u 
  800.00000m   52.7548u 
  850.00000m   62.0057u 
  900.00000m   71.6588u 
  950.00000m   81.6457u 
    1.00000    91.8986u 
y
 vth0_value= 266.8818m
 u0_param=  49.3097m
 ags_param= 410.9058m
 
   *** monte carlo  index = 391 ***
x

 volt         param     
             i_d_0.8    
    0.         48.2683p 
   50.00000m  247.3676p 
  100.00000m    1.2526n 
  150.00000m    6.0584n 
  200.00000m   26.9918n 
  250.00000m  107.3918n 
  300.00000m  376.1480n 
  350.00000m    1.1267u 
  400.00000m    2.7679u 
  450.00000m    5.5725u 
  500.00000m    9.5571u 
  550.00000m   14.5985u 
  600.00000m   20.5562u 
  650.00000m   27.3125u 
  700.00000m   34.7705u 
  750.00000m   42.8466u 
  800.00000m   51.4643u 
  850.00000m   60.5516u 
  900.00000m   70.0394u 
  950.00000m   79.8602u 
    1.00000    89.9470u 
y
 vth0_value= 269.4577m
 u0_param=  48.5810m
 ags_param= 411.5825m
 
   *** monte carlo  index = 392 ***
x

 volt         param     
             i_d_0.8    
    0.        126.8132p 
   50.00000m  648.4836p 
  100.00000m    3.2120n 
  150.00000m   14.8906n 
  200.00000m   62.3436n 
  250.00000m  230.9987n 
  300.00000m  744.1679n 
  350.00000m    1.9973u 
  400.00000m    4.3666u 
  450.00000m    7.9794u 
  500.00000m   12.7520u 
  550.00000m   18.5388u 
  600.00000m   25.2072u 
  650.00000m   32.6495u 
  700.00000m   40.7740u 
  750.00000m   49.4989u 
  800.00000m   58.7477u 
  850.00000m   68.4471u 
  900.00000m   78.5263u 
  950.00000m   88.9156u 
    1.00000    99.5442u 
y
 vth0_value= 240.8549m
 u0_param=  49.4563m
 ags_param= 421.4535m
 
   *** monte carlo  index = 393 ***
x

 volt         param     
             i_d_0.8    
    0.        161.6890p 
   50.00000m  824.7886p 
  100.00000m    4.0567n 
  150.00000m   18.5787n 
  200.00000m   76.5286n 
  250.00000m  278.5245n 
  300.00000m  877.2209n 
  350.00000m    2.2885u 
  400.00000m    4.8682u 
  450.00000m    8.7079u 
  500.00000m   13.7055u 
  550.00000m   19.7126u 
  600.00000m   26.5984u 
  650.00000m   34.2560u 
  700.00000m   42.5943u 
  750.00000m   51.5309u 
  800.00000m   60.9887u 
  850.00000m   70.8937u 
  900.00000m   81.1742u 
  950.00000m   91.7595u 
    1.00000   102.5776u 
y
 vth0_value= 233.8975m
 u0_param=  50.0258m
 ags_param= 403.5009m
 
   *** monte carlo  index = 394 ***
x

 volt         param     
             i_d_0.8    
    0.         68.3916p 
   50.00000m  350.8598p 
  100.00000m    1.7649n 
  150.00000m    8.4209n 
  200.00000m   36.7357n 
  250.00000m  142.5564n 
  300.00000m  485.3764n 
  350.00000m    1.4003u 
  400.00000m    3.2983u 
  450.00000m    6.4043u 
  500.00000m   10.6934u 
  550.00000m   16.0299u 
  600.00000m   22.2745u 
  650.00000m   29.3121u 
  700.00000m   37.0478u 
  750.00000m   45.3981u 
  800.00000m   54.2861u 
  850.00000m   63.6391u 
  900.00000m   73.3870u 
  950.00000m   83.4613u 
    1.00000    93.7935u 
y
 vth0_value= 259.3012m
 u0_param=  49.1779m
 ags_param= 416.8005m
 
   *** monte carlo  index = 395 ***
x

 volt         param     
             i_d_0.8    
    0.        127.2263p 
   50.00000m  650.6593p 
  100.00000m    3.2232n 
  150.00000m   14.9466n 
  200.00000m   62.5989n 
  250.00000m  232.0235n 
  300.00000m  747.7692n 
  350.00000m    2.0080u 
  400.00000m    4.3921u 
  450.00000m    8.0289u 
  500.00000m   12.8343u 
  550.00000m   18.6611u 
  600.00000m   25.3757u 
  650.00000m   32.8693u 
  700.00000m   41.0496u 
  750.00000m   49.8340u 
  800.00000m   59.1455u 
  850.00000m   68.9103u 
  900.00000m   79.0572u 
  950.00000m   89.5160u 
    1.00000   100.2156u 
y
 vth0_value= 241.0045m
 u0_param=  49.8384m
 ags_param= 427.0305m
 
   *** monte carlo  index = 396 ***
x

 volt         param     
             i_d_0.8    
    0.        104.1049p 
   50.00000m  533.3827p 
  100.00000m    2.6579n 
  150.00000m   12.4558n 
  200.00000m   52.9345n 
  250.00000m  199.3955n 
  300.00000m  655.4303n 
  350.00000m    1.8054u 
  400.00000m    4.0502u 
  450.00000m    7.5549u 
  500.00000m   12.2518u 
  550.00000m   17.9938u 
  600.00000m   24.6426u 
  650.00000m   32.0853u 
  700.00000m   40.2273u 
  750.00000m   48.9843u 
  800.00000m   58.2783u 
  850.00000m   68.0349u 
  900.00000m   78.1823u 
  950.00000m   88.6501u 
    1.00000    99.3674u 
y
 vth0_value= 247.4092m
 u0_param=  50.3966m
 ags_param= 427.0663m
 
   *** monte carlo  index = 397 ***
x

 volt         param     
             i_d_0.8    
    0.        197.9588p 
   50.00000m    1.0072n 
  100.00000m    4.9229n 
  150.00000m   22.3074n 
  200.00000m   90.6367n 
  250.00000m  324.9395n 
  300.00000m    1.0037u 
  350.00000m    2.5572u 
  400.00000m    5.3209u 
  450.00000m    9.3575u 
  500.00000m   14.5521u 
  550.00000m   20.7544u 
  600.00000m   27.8349u 
  650.00000m   35.6878u 
  700.00000m   44.2218u 
  750.00000m   53.3543u 
  800.00000m   63.0073u 
  850.00000m   73.1062u 
  900.00000m   83.5785u 
  950.00000m   94.3523u 
    1.00000   105.3546u 
y
 vth0_value= 228.1417m
 u0_param=  50.5718m
 ags_param= 420.8188m
 
   *** monte carlo  index = 398 ***
x

 volt         param     
             i_d_0.8    
    0.        149.8444p 
   50.00000m  765.1963p 
  100.00000m    3.7738n 
  150.00000m   17.3639n 
  200.00000m   71.9634n 
  250.00000m  263.6629n 
  300.00000m  837.4613n 
  350.00000m    2.2079u 
  400.00000m    4.7439u 
  450.00000m    8.5513u 
  500.00000m   13.5329u 
  550.00000m   19.5384u 
  600.00000m   26.4345u 
  650.00000m   34.1123u 
  700.00000m   42.4791u 
  750.00000m   51.4517u 
  800.00000m   60.9520u 
  850.00000m   70.9056u 
  900.00000m   81.2403u 
  950.00000m   91.8848u 
    1.00000   102.7671u 
y
 vth0_value= 236.5060m
 u0_param=  50.5163m
 ags_param= 422.1708m
 
   *** monte carlo  index = 399 ***
x

 volt         param     
             i_d_0.8    
    0.        156.5559p 
   50.00000m  799.0311p 
  100.00000m    3.9351n 
  150.00000m   18.0613n 
  200.00000m   74.6111n 
  250.00000m  272.3954n 
  300.00000m  861.3244n 
  350.00000m    2.2581u 
  400.00000m    4.8260u 
  450.00000m    8.6636u 
  500.00000m   13.6706u 
  550.00000m   19.6973u 
  600.00000m   26.6112u 
  650.00000m   34.3043u 
  700.00000m   42.6844u 
  750.00000m   51.6686u 
  800.00000m   61.1789u 
  850.00000m   71.1411u 
  900.00000m   81.4830u 
  950.00000m   92.1333u 
    1.00000   103.0199u 
y
 vth0_value= 235.1207m
 u0_param=  50.4159m
 ags_param= 433.1109m
 
   *** monte carlo  index = 400 ***
x

 volt         param     
             i_d_0.8    
    0.         79.2224p 
   50.00000m  406.3930p 
  100.00000m    2.0383n 
  150.00000m    9.6696n 
  200.00000m   41.8233n 
  250.00000m  160.7033n 
  300.00000m  540.8941n 
  350.00000m    1.5368u 
  400.00000m    3.5608u 
  450.00000m    6.8197u 
  500.00000m   11.2728u 
  550.00000m   16.7790u 
  600.00000m   23.1982u 
  650.00000m   30.4152u 
  700.00000m   38.3345u 
  750.00000m   46.8718u 
  800.00000m   55.9495u 
  850.00000m   65.4937u 
  900.00000m   75.4335u 
  950.00000m   85.6994u 
    1.00000    96.2216u 
y
 vth0_value= 255.3374m
 u0_param=  49.9122m
 ags_param= 425.4156m
 
   *** monte carlo  index = 401 ***
x

 volt         param     
             i_d_0.8    
    0.        107.9829p 
   50.00000m  552.8545p 
  100.00000m    2.7498n 
  150.00000m   12.8439n 
  200.00000m   54.3335n 
  250.00000m  203.6389n 
  300.00000m  665.3702n 
  350.00000m    1.8185u 
  400.00000m    4.0480u 
  450.00000m    7.5041u 
  500.00000m   12.1166u 
  550.00000m   17.7426u 
  600.00000m   24.2494u 
  650.00000m   31.5284u 
  700.00000m   39.4885u 
  750.00000m   48.0479u 
  800.00000m   57.1309u 
  850.00000m   66.6649u 
  900.00000m   76.5799u 
  950.00000m   86.8069u 
    1.00000    97.2764u 
y
 vth0_value= 245.3575m
 u0_param=  48.9306m
 ags_param= 414.3595m
 
   *** monte carlo  index = 402 ***
x

 volt         param     
             i_d_0.8    
    0.        146.7982p 
   50.00000m  749.4669p 
  100.00000m    3.6953n 
  150.00000m   16.9960n 
  200.00000m   70.4052n 
  250.00000m  257.8438n 
  300.00000m  818.6045n 
  350.00000m    2.1570u 
  400.00000m    4.6322u 
  450.00000m    8.3476u 
  500.00000m   13.2090u 
  550.00000m   19.0710u 
  600.00000m   25.8043u 
  650.00000m   33.3031u 
  700.00000m   41.4774u 
  750.00000m   50.2462u 
  800.00000m   59.5333u 
  850.00000m   69.2659u 
  900.00000m   79.3732u 
  950.00000m   89.7854u 
    1.00000   100.4316u 
y
 vth0_value= 236.2787m
 u0_param=  49.2062m
 ags_param= 432.1570m
 
   *** monte carlo  index = 403 ***
x

 volt         param     
             i_d_0.8    
    0.         40.2605p 
   50.00000m  205.9700p 
  100.00000m    1.0456n 
  150.00000m    5.0857n 
  200.00000m   22.8656n 
  250.00000m   92.0032n 
  300.00000m  326.3262n 
  350.00000m  993.8927n 
  400.00000m    2.4893u 
  450.00000m    5.0992u 
  500.00000m    8.8601u 
  550.00000m   13.6596u 
  600.00000m   19.3609u 
  650.00000m   25.8478u 
  700.00000m   33.0251u 
  750.00000m   40.8109u 
  800.00000m   49.1306u 
  850.00000m   57.9139u 
  900.00000m   67.0935u 
  950.00000m   76.6037u 
    1.00000    86.3793u 
y
 vth0_value= 274.0608m
 u0_param=  47.2232m
 ags_param= 401.3293m
 
   *** monte carlo  index = 404 ***
x

 volt         param     
             i_d_0.8    
    0.        116.9934p 
   50.00000m  598.9603p 
  100.00000m    2.9760n 
  150.00000m   13.8727n 
  200.00000m   58.5201n 
  250.00000m  218.6192n 
  300.00000m  711.3966n 
  350.00000m    1.9341u 
  400.00000m    4.2821u 
  450.00000m    7.9034u 
  500.00000m   12.7196u 
  550.00000m   18.5810u 
  600.00000m   25.3496u 
  650.00000m   32.9127u 
  700.00000m   41.1757u 
  750.00000m   50.0540u 
  800.00000m   59.4690u 
  850.00000m   69.3458u 
  900.00000m   79.6122u 
  950.00000m   90.1971u 
    1.00000   101.0289u 
y
 vth0_value= 244.1473m
 u0_param=  50.8010m
 ags_param= 419.5674m
 
   *** monte carlo  index = 405 ***
x

 volt         param     
             i_d_0.8    
    0.         70.5756p 
   50.00000m  362.1151p 
  100.00000m    1.8209n 
  150.00000m    8.6815n 
  200.00000m   37.8293n 
  250.00000m  146.6019n 
  300.00000m  498.3484n 
  350.00000m    1.4347u 
  400.00000m    3.3712u 
  450.00000m    6.5329u 
  500.00000m   10.8918u 
  550.00000m   16.3094u 
  600.00000m   22.6446u 
  650.00000m   29.7809u 
  700.00000m   37.6220u 
  750.00000m   46.0835u 
  800.00000m   55.0874u 
  850.00000m   64.5603u 
  900.00000m   74.4312u 
  950.00000m   84.6309u 
    1.00000    95.0902u 
y
 vth0_value= 258.7747m
 u0_param=  49.8313m
 ags_param= 419.6730m
 
   *** monte carlo  index = 406 ***
x

 volt         param     
             i_d_0.8    
    0.        167.3385p 
   50.00000m  853.2065p 
  100.00000m    4.1916n 
  150.00000m   19.1582n 
  200.00000m   78.7119n 
  250.00000m  285.6639n 
  300.00000m  896.4816n 
  350.00000m    2.3284u 
  400.00000m    4.9326u 
  450.00000m    8.7950u 
  500.00000m   13.8117u 
  550.00000m   19.8346u 
  600.00000m   26.7340u 
  650.00000m   34.4035u 
  700.00000m   42.7526u 
  750.00000m   51.6991u 
  800.00000m   61.1660u 
  850.00000m   71.0796u 
  900.00000m   81.3681u 
  950.00000m   91.9606u 
    1.00000   102.7853u 
y
 vth0_value= 232.7996m
 u0_param=  49.9298m
 ags_param= 427.7440m
 
   *** monte carlo  index = 407 ***
x

 volt         param     
             i_d_0.8    
    0.        270.9989p 
   50.00000m    1.3707n 
  100.00000m    6.6140n 
  150.00000m   29.3573n 
  200.00000m  116.2881n 
  250.00000m  405.3870n 
  300.00000m    1.2071u 
  350.00000m    2.9456u 
  400.00000m    5.8981u 
  450.00000m   10.0782u 
  500.00000m   15.3602u 
  550.00000m   21.6017u 
  600.00000m   28.6829u 
  650.00000m   36.5049u 
  700.00000m   44.9812u 
  750.00000m   54.0325u 
  800.00000m   63.5831u 
  850.00000m   73.5606u 
  900.00000m   83.8936u 
  950.00000m   94.5115u 
    1.00000   105.3411u 
y
 vth0_value= 217.5888m
 u0_param=  48.9350m
 ags_param= 418.0046m
 
   *** monte carlo  index = 408 ***
x

 volt         param     
             i_d_0.8    
    0.        143.2213p 
   50.00000m  731.6190p 
  100.00000m    3.6120n 
  150.00000m   16.6502n 
  200.00000m   69.1760n 
  250.00000m  254.1466n 
  300.00000m  810.0557n 
  350.00000m    2.1450u 
  400.00000m    4.6283u 
  450.00000m    8.3706u 
  500.00000m   13.2786u 
  550.00000m   19.2038u 
  600.00000m   26.0139u 
  650.00000m   33.6006u 
  700.00000m   41.8723u 
  750.00000m   50.7461u 
  800.00000m   60.1449u 
  850.00000m   69.9947u 
  900.00000m   80.2240u 
  950.00000m   90.7621u 
    1.00000   101.5375u 
y
 vth0_value= 237.5534m
 u0_param=  50.0235m
 ags_param= 417.5274m
 
   *** monte carlo  index = 409 ***
x

 volt         param     
             i_d_0.8    
    0.         88.2912p 
   50.00000m  452.8454p 
  100.00000m    2.2666n 
  150.00000m   10.7095n 
  200.00000m   46.0494n 
  250.00000m  175.7526n 
  300.00000m  586.8327n 
  350.00000m    1.6498u 
  400.00000m    3.7802u 
  450.00000m    7.1730u 
  500.00000m   11.7768u 
  550.00000m   17.4450u 
  600.00000m   24.0358u 
  650.00000m   31.4328u 
  700.00000m   39.5391u 
  750.00000m   48.2693u 
  800.00000m   57.5442u 
  850.00000m   67.2891u 
  900.00000m   77.4316u 
  950.00000m   87.9012u 
    1.00000    98.6271u 
y
 vth0_value= 252.6647m
 u0_param=  50.8504m
 ags_param= 418.5181m
 
   *** monte carlo  index = 410 ***
x

 volt         param     
             i_d_0.8    
    0.        270.7518p 
   50.00000m    1.3708n 
  100.00000m    6.6257n 
  150.00000m   29.4886n 
  200.00000m  117.1766n 
  250.00000m  409.8618n 
  300.00000m    1.2257u 
  350.00000m    3.0062u 
  400.00000m    6.0452u 
  450.00000m   10.3612u 
  500.00000m   15.8233u 
  550.00000m   22.2817u 
  600.00000m   29.6105u 
  650.00000m   37.7058u 
  700.00000m   46.4773u 
  750.00000m   55.8422u 
  800.00000m   65.7222u 
  850.00000m   76.0422u 
  900.00000m   86.7288u 
  950.00000m   97.7090u 
    1.00000   108.9082u 
y
 vth0_value= 218.9361m
 u0_param=  50.9693m
 ags_param= 426.0339m
 
   *** monte carlo  index = 411 ***
x

 volt         param     
             i_d_0.8    
    0.        104.6219p 
   50.00000m  535.8834p 
  100.00000m    2.6687n 
  150.00000m   12.4935n 
  200.00000m   53.0170n 
  250.00000m  199.3899n 
  300.00000m  654.1920n 
  350.00000m    1.7976u 
  400.00000m    4.0230u 
  450.00000m    7.4899u 
  500.00000m   12.1304u 
  550.00000m   17.7999u 
  600.00000m   24.3629u 
  650.00000m   31.7088u 
  700.00000m   39.7445u 
  750.00000m   48.3874u 
  800.00000m   57.5604u 
  850.00000m   67.1903u 
  900.00000m   77.2062u 
  950.00000m   87.5384u 
    1.00000    98.1169u 
y
 vth0_value= 246.7497m
 u0_param=  49.6027m
 ags_param= 422.3393m
 
   *** monte carlo  index = 412 ***
x

 volt         param     
             i_d_0.8    
    0.         43.6849p 
   50.00000m  223.7024p 
  100.00000m    1.1345n 
  150.00000m    5.5065n 
  200.00000m   24.6693n 
  250.00000m   98.8202n 
  300.00000m  348.7589n 
  350.00000m    1.0552u 
  400.00000m    2.6225u 
  450.00000m    5.3345u 
  500.00000m    9.2198u 
  550.00000m   14.1603u 
  600.00000m   20.0161u 
  650.00000m   26.6690u 
  700.00000m   34.0223u 
  750.00000m   41.9926u 
  800.00000m   50.5038u 
  850.00000m   59.4843u 
  900.00000m   68.8656u 
  950.00000m   78.5806u 
    1.00000    88.5630u 
y
 vth0_value= 272.2453m
 u0_param=  48.2162m
 ags_param= 408.0302m
 
   *** monte carlo  index = 413 ***
x

 volt         param     
             i_d_0.8    
    0.         48.9462p 
   50.00000m  250.9350p 
  100.00000m    1.2711n 
  150.00000m    6.1513n 
  200.00000m   27.4289n 
  250.00000m  109.2373n 
  300.00000m  382.9904n 
  350.00000m    1.1487u 
  400.00000m    2.8258u 
  450.00000m    5.6962u 
  500.00000m    9.7773u 
  550.00000m   14.9422u 
  600.00000m   21.0462u 
  650.00000m   27.9674u 
  700.00000m   35.6062u 
  750.00000m   43.8766u 
  800.00000m   52.7001u 
  850.00000m   62.0029u 
  900.00000m   71.7141u 
  950.00000m   81.7650u 
    1.00000    92.0872u 
y
 vth0_value= 269.8915m
 u0_param=  49.8991m
 ags_param= 420.3266m
 
   *** monte carlo  index = 414 ***
x

 volt         param     
             i_d_0.8    
    0.         52.7092p 
   50.00000m  270.3195p 
  100.00000m    1.3673n 
  150.00000m    6.5973n 
  200.00000m   29.2789n 
  250.00000m  115.9417n 
  300.00000m  403.9147n 
  350.00000m    1.2013u 
  400.00000m    2.9268u 
  450.00000m    5.8500u 
  500.00000m    9.9782u 
  550.00000m   15.1821u 
  600.00000m   21.3178u 
  650.00000m   28.2652u 
  700.00000m   35.9256u 
  750.00000m   44.2134u 
  800.00000m   53.0507u 
  850.00000m   62.3638u 
  900.00000m   72.0820u 
  950.00000m   82.1368u 
    1.00000    92.4595u 
y
 vth0_value= 267.5485m
 u0_param=  49.7464m
 ags_param= 410.9962m
 
   *** monte carlo  index = 415 ***
x

 volt         param     
             i_d_0.8    
    0.         45.6701p 
   50.00000m  233.9488p 
  100.00000m    1.1856n 
  150.00000m    5.7448n 
  200.00000m   25.6685n 
  250.00000m  102.4878n 
  300.00000m  360.3953n 
  350.00000m    1.0852u 
  400.00000m    2.6821u 
  450.00000m    5.4290u 
  500.00000m    9.3487u 
  550.00000m   14.3210u 
  600.00000m   20.2065u 
  650.00000m   26.8877u 
  700.00000m   34.2683u 
  750.00000m   42.2648u 
  800.00000m   50.8015u 
  850.00000m   59.8067u 
  900.00000m   69.2117u 
  950.00000m   78.9497u 
    1.00000    88.9539u 
y
 vth0_value= 270.8994m
 u0_param=  48.2221m
 ags_param= 416.0649m
 
   *** monte carlo  index = 416 ***
x

 volt         param     
             i_d_0.8    
    0.         32.7565p 
   50.00000m  167.2232p 
  100.00000m  852.4088p 
  150.00000m    4.1848n 
  200.00000m   19.1053n 
  250.00000m   78.3705n 
  300.00000m  283.8768n 
  350.00000m  888.4241n 
  400.00000m    2.2991u 
  450.00000m    4.8524u 
  500.00000m    8.6239u 
  550.00000m   13.5067u 
  600.00000m   19.3536u 
  650.00000m   26.0369u 
  700.00000m   33.4527u 
  750.00000m   41.5126u 
  800.00000m   50.1372u 
  850.00000m   59.2524u 
  900.00000m   68.7873u 
  950.00000m   78.6735u 
    1.00000    88.8434u 
y
 vth0_value= 282.1800m
 u0_param=  50.0018m
 ags_param= 410.9447m
 
   *** monte carlo  index = 417 ***
x

 volt         param     
             i_d_0.8    
    0.         61.2350p 
   50.00000m  314.1579p 
  100.00000m    1.5842n 
  150.00000m    7.5962n 
  200.00000m   33.3870n 
  250.00000m  130.6966n 
  300.00000m  449.4481n 
  350.00000m    1.3139u 
  400.00000m    3.1399u 
  450.00000m    6.1721u 
  500.00000m   10.3987u 
  550.00000m   15.6861u 
  600.00000m   21.8928u 
  650.00000m   28.9012u 
  700.00000m   36.6148u 
  750.00000m   44.9490u 
  800.00000m   53.8263u 
  850.00000m   63.1736u 
  900.00000m   72.9205u 
  950.00000m   82.9983u 
    1.00000    93.3386u 
y
 vth0_value= 262.8480m
 u0_param=  49.4945m
 ags_param= 410.7413m
 
   *** monte carlo  index = 418 ***
x

 volt         param     
             i_d_0.8    
    0.         71.9865p 
   50.00000m  369.2785p 
  100.00000m    1.8554n 
  150.00000m    8.8330n 
  200.00000m   38.4042n 
  250.00000m  148.4539n 
  300.00000m  503.1949n 
  350.00000m    1.4431u 
  400.00000m    3.3772u 
  450.00000m    6.5222u 
  500.00000m   10.8473u 
  550.00000m   16.2155u 
  600.00000m   22.4882u 
  650.00000m   29.5511u 
  700.00000m   37.3097u 
  750.00000m   45.6805u 
  800.00000m   54.5871u 
  850.00000m   63.9565u 
  900.00000m   73.7188u 
  950.00000m   83.8055u 
    1.00000    94.1480u 
y
 vth0_value= 257.7333m
 u0_param=  49.1467m
 ags_param= 404.3175m
 
   *** monte carlo  index = 419 ***
x

 volt         param     
             i_d_0.8    
    0.         78.0978p 
   50.00000m  400.8090p 
  100.00000m    2.0126n 
  150.00000m    9.5679n 
  200.00000m   41.5112n 
  250.00000m  160.0533n 
  300.00000m  540.8070n 
  350.00000m    1.5445u 
  400.00000m    3.5980u 
  450.00000m    6.9213u 
  500.00000m   11.4766u 
  550.00000m   17.1180u 
  600.00000m   23.6994u 
  650.00000m   31.1013u 
  700.00000m   39.2242u 
  750.00000m   47.9812u 
  800.00000m   57.2921u 
  850.00000m   67.0810u 
  900.00000m   77.2751u 
  950.00000m   87.8033u 
    1.00000    98.5945u 
y
 vth0_value= 256.7740m
 u0_param=  51.5033m
 ags_param= 426.5640m
 
   *** monte carlo  index = 420 ***
x

 volt         param     
             i_d_0.8    
    0.         38.6820p 
   50.00000m  197.8756p 
  100.00000m    1.0058n 
  150.00000m    4.9057n 
  200.00000m   22.1543n 
  250.00000m   89.6291n 
  300.00000m  319.7872n 
  350.00000m  981.4608n 
  400.00000m    2.4806u 
  450.00000m    5.1228u 
  500.00000m    8.9552u 
  550.00000m   13.8638u 
  600.00000m   19.7059u 
  650.00000m   26.3596u 
  700.00000m   33.7256u 
  750.00000m   41.7187u 
  800.00000m   50.2615u 
  850.00000m   59.2815u 
  900.00000m   68.7095u 
  950.00000m   78.4778u 
    1.00000    88.5198u 
y
 vth0_value= 276.3657m
 u0_param=  48.8541m
 ags_param= 406.1480m
 
   *** monte carlo  index = 421 ***
x

 volt         param     
             i_d_0.8    
    0.         77.8155p 
   50.00000m  399.2439p 
  100.00000m    2.0037n 
  150.00000m    9.5171n 
  200.00000m   41.2373n 
  250.00000m  158.7695n 
  300.00000m  535.6174n 
  350.00000m    1.5265u 
  400.00000m    3.5482u 
  450.00000m    6.8134u 
  500.00000m   11.2836u 
  550.00000m   16.8166u 
  600.00000m   23.2704u 
  650.00000m   30.5283u 
  700.00000m   38.4937u 
  750.00000m   47.0814u 
  800.00000m   56.2129u 
  850.00000m   65.8140u 
  900.00000m   75.8133u 
  950.00000m   86.1406u 
    1.00000    96.7262u 
y
 vth0_value= 256.1607m
 u0_param=  50.3540m
 ags_param= 410.3421m
 
   *** monte carlo  index = 422 ***
x

 volt         param     
             i_d_0.8    
    0.         91.4893p 
   50.00000m  469.1312p 
  100.00000m    2.3457n 
  150.00000m   11.0620n 
  200.00000m   47.4339n 
  250.00000m  180.4753n 
  300.00000m  600.3999n 
  350.00000m    1.6799u 
  400.00000m    3.8299u 
  450.00000m    7.2377u 
  500.00000m   11.8481u 
  550.00000m   17.5151u 
  600.00000m   24.0982u 
  650.00000m   31.4822u 
  700.00000m   39.5711u 
  750.00000m   48.2802u 
  800.00000m   57.5309u 
  850.00000m   67.2485u 
  900.00000m   77.3613u 
  950.00000m   87.7988u 
    1.00000    98.4904u 
y
 vth0_value= 251.4118m
 u0_param=  50.5661m
 ags_param= 419.6889m
 
   *** monte carlo  index = 423 ***
x

 volt         param     
             i_d_0.8    
    0.         37.6680p 
   50.00000m  192.6713p 
  100.00000m  980.2049p 
  150.00000m    4.7895n 
  200.00000m   21.6935n 
  250.00000m   88.0884n 
  300.00000m  315.5390n 
  350.00000m  973.3862n 
  400.00000m    2.4753u 
  450.00000m    5.1402u 
  500.00000m    9.0228u 
  550.00000m   14.0082u 
  600.00000m   19.9494u 
  650.00000m   26.7206u 
  700.00000m   34.2194u 
  750.00000m   42.3582u 
  800.00000m   51.0577u 
  850.00000m   60.2440u 
  900.00000m   69.8461u 
  950.00000m   79.7955u 
    1.00000    90.0242u 
y
 vth0_value= 277.9248m
 u0_param=  50.0140m
 ags_param= 407.2484m
 
   *** monte carlo  index = 424 ***
x

 volt         param     
             i_d_0.8    
    0.         67.2365p 
   50.00000m  344.9170p 
  100.00000m    1.7355n 
  150.00000m    8.2846n 
  200.00000m   36.1698n 
  250.00000m  140.4904n 
  300.00000m  478.8594n 
  350.00000m    1.3835u 
  400.00000m    3.2638u 
  450.00000m    6.3458u 
  500.00000m   10.6062u 
  550.00000m   15.9103u 
  600.00000m   22.1195u 
  650.00000m   29.1192u 
  700.00000m   36.8147u 
  750.00000m   45.1229u 
  800.00000m   53.9672u 
  850.00000m   63.2753u 
  900.00000m   72.9772u 
  950.00000m   83.0049u 
    1.00000    93.2900u 
y
 vth0_value= 259.6685m
 u0_param=  48.9524m
 ags_param= 413.9352m
 
   *** monte carlo  index = 425 ***
x

 volt         param     
             i_d_0.8    
    0.         74.3765p 
   50.00000m  381.5840p 
  100.00000m    1.9165n 
  150.00000m    9.1164n 
  200.00000m   39.5882n 
  250.00000m  152.8109n 
  300.00000m  517.0754n 
  350.00000m    1.4795u 
  400.00000m    3.4539u 
  450.00000m    6.6564u 
  500.00000m   11.0532u 
  550.00000m   16.5045u 
  600.00000m   22.8698u 
  650.00000m   30.0335u 
  700.00000m   37.8997u 
  750.00000m   46.3841u 
  800.00000m   55.4090u 
  850.00000m   64.9009u 
  900.00000m   74.7889u 
  950.00000m   85.0038u 
    1.00000    95.4761u 
y
 vth0_value= 257.1744m
 u0_param=  49.8059m
 ags_param= 410.0761m
 
   *** monte carlo  index = 426 ***
x

 volt         param     
             i_d_0.8    
    0.        118.5890p 
   50.00000m  606.9029p 
  100.00000m    3.0128n 
  150.00000m   14.0229n 
  200.00000m   59.0301n 
  250.00000m  220.0275n 
  300.00000m  714.0418n 
  350.00000m    1.9345u 
  400.00000m    4.2685u 
  450.00000m    7.8573u 
  500.00000m   12.6222u 
  550.00000m   18.4160u 
  600.00000m   25.1040u 
  650.00000m   32.5757u 
  700.00000m   40.7384u 
  750.00000m   49.5090u 
  800.00000m   58.8101u 
  850.00000m   68.5678u 
  900.00000m   78.7109u 
  950.00000m   89.1688u 
    1.00000    99.8708u 
y
 vth0_value= 243.2207m
 u0_param=  49.9884m
 ags_param= 436.8248m
 
   *** monte carlo  index = 427 ***
x

 volt         param     
             i_d_0.8    
    0.         55.0245p 
   50.00000m  282.1573p 
  100.00000m    1.4252n 
  150.00000m    6.8573n 
  200.00000m   30.3018n 
  250.00000m  119.3803n 
  300.00000m  413.5510n 
  350.00000m    1.2208u 
  400.00000m    2.9495u 
  450.00000m    5.8527u 
  500.00000m    9.9302u 
  550.00000m   15.0543u 
  600.00000m   21.0862u 
  650.00000m   27.9099u 
  700.00000m   35.4302u 
  750.00000m   43.5640u 
  800.00000m   52.2353u 
  850.00000m   61.3722u 
  900.00000m   70.9056u 
  950.00000m   80.7680u 
    1.00000    90.8922u 
y
 vth0_value= 265.4241m
 u0_param=  48.4854m
 ags_param= 415.0547m
 
   *** monte carlo  index = 428 ***
x

 volt         param     
             i_d_0.8    
    0.        140.1062p 
   50.00000m  715.7806p 
  100.00000m    3.5353n 
  150.00000m   16.3082n 
  200.00000m   67.8217n 
  250.00000m  249.4459n 
  300.00000m  796.1961n 
  350.00000m    2.1121u 
  400.00000m    4.5651u 
  450.00000m    8.2676u 
  500.00000m   13.1284u 
  550.00000m   19.0004u 
  600.00000m   25.7521u 
  650.00000m   33.2762u 
  700.00000m   41.4816u 
  750.00000m   50.2861u 
  800.00000m   59.6131u 
  850.00000m   69.3891u 
  900.00000m   79.5430u 
  950.00000m   90.0047u 
    1.00000   100.7030u 
y
 vth0_value= 237.9669m
 u0_param=  49.6374m
 ags_param= 417.1654m
 
   *** monte carlo  index = 429 ***
x

 volt         param     
             i_d_0.8    
    0.        112.8152p 
   50.00000m  577.8253p 
  100.00000m    2.8746n 
  150.00000m   13.4312n 
  200.00000m   56.8378n 
  250.00000m  213.0778n 
  300.00000m  696.3102n 
  350.00000m    1.9034u 
  400.00000m    4.2373u 
  450.00000m    7.8548u 
  500.00000m   12.6804u 
  550.00000m   18.5632u 
  600.00000m   25.3630u 
  650.00000m   32.9655u 
  700.00000m   41.2746u 
  750.00000m   50.2050u 
  800.00000m   59.6772u 
  850.00000m   69.6159u 
  900.00000m   79.9481u 
  950.00000m   90.6024u 
    1.00000   101.5068u 
y
 vth0_value= 245.5475m
 u0_param=  51.2845m
 ags_param= 427.4889m
 
   *** monte carlo  index = 430 ***
x

 volt         param     
             i_d_0.8    
    0.         62.1611p 
   50.00000m  318.9341p 
  100.00000m    1.6080n 
  150.00000m    7.7071n 
  200.00000m   33.8533n 
  250.00000m  132.4225n 
  300.00000m  454.9863n 
  350.00000m    1.3285u 
  400.00000m    3.1708u 
  450.00000m    6.2258u 
  500.00000m   10.4803u 
  550.00000m   15.7996u 
  600.00000m   22.0413u 
  650.00000m   29.0875u 
  700.00000m   36.8411u 
  750.00000m   45.2172u 
  800.00000m   54.1379u 
  850.00000m   63.5299u 
  900.00000m   73.3223u 
  950.00000m   83.4462u 
    1.00000    93.8329u 
y
 vth0_value= 262.5512m
 u0_param=  49.7380m
 ags_param= 406.5785m
 
   *** monte carlo  index = 431 ***
x

 volt         param     
             i_d_0.8    
    0.        162.9682p 
   50.00000m  831.2467p 
  100.00000m    4.0876n 
  150.00000m   18.7131n 
  200.00000m   77.0447n 
  250.00000m  280.2541n 
  300.00000m  882.0765n 
  350.00000m    2.2993u 
  400.00000m    4.8874u 
  450.00000m    8.7371u 
  500.00000m   13.7459u 
  550.00000m   19.7654u 
  600.00000m   26.6648u 
  650.00000m   34.3373u 
  700.00000m   42.6917u 
  750.00000m   51.6456u 
  800.00000m   61.1218u 
  850.00000m   71.0463u 
  900.00000m   81.3474u 
  950.00000m   91.9540u 
    1.00000   102.7941u 
y
 vth0_value= 233.6905m
 u0_param=  50.0735m
 ags_param= 428.7977m
 
   *** monte carlo  index = 432 ***
x

 volt         param     
             i_d_0.8    
    0.         45.5365p 
   50.00000m  233.2211p 
  100.00000m    1.1816n 
  150.00000m    5.7223n 
  200.00000m   25.5478n 
  250.00000m  101.9096n 
  300.00000m  358.0070n 
  350.00000m    1.0767u 
  400.00000m    2.6570u 
  450.00000m    5.3713u 
  500.00000m    9.2409u 
  550.00000m   14.1476u 
  600.00000m   19.9544u 
  650.00000m   26.5462u 
  700.00000m   33.8281u 
  750.00000m   41.7184u 
  800.00000m   50.1423u 
  850.00000m   59.0291u 
  900.00000m   68.3112u 
  950.00000m   77.9224u 
    1.00000    87.7968u 
y
 vth0_value= 270.4920m
 u0_param=  47.4811m
 ags_param= 415.5149m
 
   *** monte carlo  index = 433 ***
x

 volt         param     
             i_d_0.8    
    0.         51.6216p 
   50.00000m  264.6386p 
  100.00000m    1.3383n 
  150.00000m    6.4554n 
  200.00000m   28.6371n 
  250.00000m  113.3494n 
  300.00000m  394.7261n 
  350.00000m    1.1734u 
  400.00000m    2.8573u 
  450.00000m    5.7088u 
  500.00000m    9.7353u 
  550.00000m   14.8116u 
  600.00000m   20.7982u 
  650.00000m   27.5787u 
  700.00000m   35.0573u 
  750.00000m   43.1508u 
  800.00000m   51.7831u 
  850.00000m   60.8823u 
  900.00000m   70.3795u 
  950.00000m   80.2073u 
    1.00000    90.2986u 
y
 vth0_value= 267.3298m
 u0_param=  48.4426m
 ags_param= 415.3893m
 
   *** monte carlo  index = 434 ***
x

 volt         param     
             i_d_0.8    
    0.        116.2845p 
   50.00000m  595.3319p 
  100.00000m    2.9582n 
  150.00000m   13.7916n 
  200.00000m   58.1892n 
  250.00000m  217.4324n 
  300.00000m  707.7410n 
  350.00000m    1.9248u 
  400.00000m    4.2634u 
  450.00000m    7.8712u 
  500.00000m   12.6710u 
  550.00000m   18.5133u 
  600.00000m   25.2608u 
  650.00000m   32.8011u 
  700.00000m   41.0399u 
  750.00000m   49.8928u 
  800.00000m   59.2816u 
  850.00000m   69.1315u 
  900.00000m   79.3704u 
  950.00000m   89.9274u 
    1.00000   100.7311u 
y
 vth0_value= 244.2301m
 u0_param=  50.6426m
 ags_param= 424.5313m
 
   *** monte carlo  index = 435 ***
x

 volt         param     
             i_d_0.8    
    0.         29.6477p 
   50.00000m  151.0435p 
  100.00000m  770.3813p 
  150.00000m    3.7895n 
  200.00000m   17.3586n 
  250.00000m   71.5228n 
  300.00000m  260.3725n 
  350.00000m  820.1843n 
  400.00000m    2.1397u 
  450.00000m    4.5504u 
  500.00000m    8.1355u 
  550.00000m   12.7973u 
  600.00000m   18.3949u 
  650.00000m   24.8050u 
  700.00000m   31.9274u 
  750.00000m   39.6768u 
  800.00000m   47.9764u 
  850.00000m   56.7547u 
  900.00000m   65.9432u 
  950.00000m   75.4757u 
    1.00000    85.2864u 
y
 vth0_value= 284.0227m
 u0_param=  48.1442m
 ags_param= 401.8378m
 
   *** monte carlo  index = 436 ***
x

 volt         param     
             i_d_0.8    
    0.         53.6383p 
   50.00000m  275.0257p 
  100.00000m    1.3899n 
  150.00000m    6.6943n 
  200.00000m   29.6294n 
  250.00000m  116.9566n 
  300.00000m  406.0378n 
  350.00000m    1.2021u 
  400.00000m    2.9138u 
  450.00000m    5.7983u 
  500.00000m    9.8585u 
  550.00000m   14.9679u 
  600.00000m   20.9870u 
  650.00000m   27.7998u 
  700.00000m   35.3108u 
  750.00000m   43.4366u 
  800.00000m   52.1013u 
  850.00000m   61.2329u 
  900.00000m   70.7623u 
  950.00000m   80.6220u 
    1.00000    90.7447u 
y
 vth0_value= 266.2117m
 u0_param=  48.5077m
 ags_param= 428.0849m
 
   *** monte carlo  index = 437 ***
x

 volt         param     
             i_d_0.8    
    0.        127.2553p 
   50.00000m  650.7975p 
  100.00000m    3.2238n 
  150.00000m   14.9485n 
  200.00000m   62.6021n 
  250.00000m  232.0171n 
  300.00000m  747.6765n 
  350.00000m    2.0075u 
  400.00000m    4.3905u 
  450.00000m    8.0253u 
  500.00000m   12.8276u 
  550.00000m   18.6505u 
  600.00000m   25.3606u 
  650.00000m   32.8490u 
  700.00000m   41.0237u 
  750.00000m   49.8020u 
  800.00000m   59.1069u 
  850.00000m   68.8649u 
  900.00000m   79.0047u 
  950.00000m   89.4561u 
    1.00000   100.1482u 
y
 vth0_value= 240.9720m
 u0_param=  49.7987m
 ags_param= 425.4379m
 
   *** monte carlo  index = 438 ***
x

 volt         param     
             i_d_0.8    
    0.         52.9394p 
   50.00000m  271.5204p 
  100.00000m    1.3735n 
  150.00000m    6.6271n 
  200.00000m   29.4134n 
  250.00000m  116.4818n 
  300.00000m  405.8189n 
  350.00000m    1.2070u 
  400.00000m    2.9410u 
  450.00000m    5.8786u 
  500.00000m   10.0273u 
  550.00000m   15.2568u 
  600.00000m   21.4223u 
  650.00000m   28.4031u 
  700.00000m   36.0998u 
  750.00000m   44.4265u 
  800.00000m   53.3048u 
  850.00000m   62.6606u 
  900.00000m   72.4231u 
  950.00000m   82.5232u 
    1.00000    92.8923u 
y
 vth0_value= 267.5829m
 u0_param=  50.0058m
 ags_param= 411.2833m
 
   *** monte carlo  index = 439 ***
x

 volt         param     
             i_d_0.8    
    0.         61.6967p 
   50.00000m  316.4907p 
  100.00000m    1.5954n 
  150.00000m    7.6437n 
  200.00000m   33.5571n 
  250.00000m  131.1880n 
  300.00000m  450.4772n 
  350.00000m    1.3144u 
  400.00000m    3.1344u 
  450.00000m    6.1503u 
  500.00000m   10.3489u 
  550.00000m   15.5979u 
  600.00000m   21.7576u 
  650.00000m   28.7122u 
  700.00000m   36.3663u 
  750.00000m   44.6364u 
  800.00000m   53.4459u 
  850.00000m   62.7221u 
  900.00000m   72.3954u 
  950.00000m   82.3975u 
    1.00000    92.6604u 
y
 vth0_value= 262.2919m
 u0_param=  48.9891m
 ags_param= 429.1920m
 
   *** monte carlo  index = 440 ***
x

 volt         param     
             i_d_0.8    
    0.         81.7338p 
   50.00000m  419.2796p 
  100.00000m    2.1018n 
  150.00000m    9.9609n 
  200.00000m   43.0182n 
  250.00000m  165.0066n 
  300.00000m  554.2265n 
  350.00000m    1.5704u 
  400.00000m    3.6280u 
  450.00000m    6.9312u 
  500.00000m   11.4365u 
  550.00000m   17.0006u 
  600.00000m   23.4825u 
  650.00000m   30.7662u 
  700.00000m   38.7555u 
  750.00000m   47.3656u 
  800.00000m   56.5182u 
  850.00000m   66.1391u 
  900.00000m   76.1568u 
  950.00000m   86.5012u 
    1.00000    97.1023u 
y
 vth0_value= 254.6506m
 u0_param=  50.3107m
 ags_param= 418.3247m
 
   *** monte carlo  index = 441 ***
x

 volt         param     
             i_d_0.8    
    0.         47.3615p 
   50.00000m  242.6925p 
  100.00000m    1.2293n 
  150.00000m    5.9503n 
  200.00000m   26.5413n 
  250.00000m  105.7495n 
  300.00000m  370.9817n 
  350.00000m    1.1136u 
  400.00000m    2.7422u 
  450.00000m    5.5325u 
  500.00000m    9.5034u 
  550.00000m   14.5325u 
  600.00000m   20.4792u 
  650.00000m   27.2252u 
  700.00000m   34.6737u 
  750.00000m   42.7408u 
  800.00000m   51.3501u 
  850.00000m   60.4294u 
  900.00000m   69.9097u 
  950.00000m   79.7236u 
    1.00000    89.8040u 
y
 vth0_value= 270.0417m
 u0_param=  48.5940m
 ags_param= 408.7753m
 
   *** monte carlo  index = 442 ***
x

 volt         param     
             i_d_0.8    
    0.         57.3332p 
   50.00000m  294.0644p 
  100.00000m    1.4845n 
  150.00000m    7.1337n 
  200.00000m   31.4617n 
  250.00000m  123.6619n 
  300.00000m  427.2438n 
  350.00000m    1.2568u 
  400.00000m    3.0243u 
  450.00000m    5.9804u 
  500.00000m   10.1207u 
  550.00000m   15.3150u 
  600.00000m   21.4231u 
  650.00000m   28.3283u 
  700.00000m   35.9347u 
  750.00000m   44.1585u 
  800.00000m   52.9230u 
  850.00000m   62.1557u 
  900.00000m   71.7869u 
  950.00000m   81.7486u 
    1.00000    91.9729u 
y
 vth0_value= 264.4875m
 u0_param=  48.9531m
 ags_param= 421.8228m
 
   *** monte carlo  index = 443 ***
x

 volt         param     
             i_d_0.8    
    0.        124.9486p 
   50.00000m  639.1224p 
  100.00000m    3.1678n 
  150.00000m   14.7032n 
  200.00000m   61.6579n 
  250.00000m  228.8572n 
  300.00000m  738.8506n 
  350.00000m    1.9885u 
  400.00000m    4.3588u 
  450.00000m    7.9819u 
  500.00000m   12.7747u 
  550.00000m   18.5903u 
  600.00000m   25.2949u 
  650.00000m   32.7791u 
  700.00000m   40.9507u 
  750.00000m   49.7270u 
  800.00000m   59.0308u 
  850.00000m   68.7885u 
  900.00000m   78.9289u 
  950.00000m   89.3816u 
    1.00000   100.0757u 
y
 vth0_value= 241.5582m
 u0_param=  49.8525m
 ags_param= 425.1466m
 
   *** monte carlo  index = 444 ***
x

 volt         param     
             i_d_0.8    
    0.        154.9301p 
   50.00000m  790.5009p 
  100.00000m    3.8912n 
  150.00000m   17.8465n 
  200.00000m   73.6526n 
  250.00000m  268.6334n 
  300.00000m  848.4317n 
  350.00000m    2.2211u 
  400.00000m    4.7406u 
  450.00000m    8.5019u 
  500.00000m   13.4072u 
  550.00000m   19.3109u 
  600.00000m   26.0842u 
  650.00000m   33.6217u 
  700.00000m   41.8337u 
  750.00000m   50.6392u 
  800.00000m   59.9618u 
  850.00000m   69.7288u 
  900.00000m   79.8693u 
  950.00000m   90.3133u 
    1.00000   100.9895u 
y
 vth0_value= 234.6889m
 u0_param=  49.2615m
 ags_param= 429.8562m
 
   *** monte carlo  index = 445 ***
x

 volt         param     
             i_d_0.8    
    0.         36.6077p 
   50.00000m  187.0875p 
  100.00000m  951.1808p 
  150.00000m    4.6430n 
  200.00000m   20.9961n 
  250.00000m   85.0931n 
  300.00000m  304.2275n 
  350.00000m  936.2818n 
  400.00000m    2.3743u 
  450.00000m    4.9183u 
  500.00000m    8.6187u 
  550.00000m   13.3671u 
  600.00000m   19.0260u 
  650.00000m   25.4773u 
  700.00000m   32.6248u 
  750.00000m   40.3858u 
  800.00000m   48.6853u 
  850.00000m   57.4527u 
  900.00000m   66.6207u 
  950.00000m   76.1234u 
    1.00000    85.8955u 
y
 vth0_value= 277.0649m
 u0_param=  47.3806m
 ags_param= 421.4248m
 
   *** monte carlo  index = 446 ***
x

 volt         param     
             i_d_0.8    
    0.         46.6739p 
   50.00000m  239.1791p 
  100.00000m    1.2122n 
  150.00000m    5.8737n 
  200.00000m   26.2445n 
  250.00000m  104.7828n 
  300.00000m  368.4180n 
  350.00000m    1.1092u 
  400.00000m    2.7406u 
  450.00000m    5.5458u 
  500.00000m    9.5473u 
  550.00000m   14.6218u 
  600.00000m   20.6262u 
  650.00000m   27.4403u 
  700.00000m   34.9656u 
  750.00000m   43.1170u 
  800.00000m   51.8169u 
  850.00000m   60.9925u 
  900.00000m   70.5738u 
  950.00000m   80.4928u 
    1.00000    90.6817u 
y
 vth0_value= 270.9050m
 u0_param=  49.2350m
 ags_param= 420.0681m
 
   *** monte carlo  index = 447 ***
x

 volt         param     
             i_d_0.8    
    0.        118.1704p 
   50.00000m  604.6652p 
  100.00000m    3.0009n 
  150.00000m   13.9613n 
  200.00000m   58.7355n 
  250.00000m  218.7919n 
  300.00000m  709.5060n 
  350.00000m    1.9204u 
  400.00000m    4.2334u 
  450.00000m    7.7871u 
  500.00000m   12.5033u 
  550.00000m   18.2370u 
  600.00000m   24.8548u 
  650.00000m   32.2483u 
  700.00000m   40.3255u 
  750.00000m   49.0044u 
  800.00000m   58.2084u 
  850.00000m   67.8646u 
  900.00000m   77.9021u 
  950.00000m   88.2513u 
    1.00000    98.8419u 
y
 vth0_value= 242.9514m
 u0_param=  49.4077m
 ags_param= 417.7277m
 
   *** monte carlo  index = 448 ***
x

 volt         param     
             i_d_0.8    
    0.        137.4361p 
   50.00000m  702.6032p 
  100.00000m    3.4752n 
  150.00000m   16.0711n 
  200.00000m   67.0564n 
  250.00000m  247.5035n 
  300.00000m  793.4352n 
  350.00000m    2.1163u 
  400.00000m    4.5983u 
  450.00000m    8.3616u 
  500.00000m   13.3148u 
  550.00000m   19.3063u 
  600.00000m   26.1998u 
  650.00000m   33.8844u 
  700.00000m   42.2659u 
  750.00000m   51.2599u 
  800.00000m   60.7878u 
  850.00000m   70.7745u 
  900.00000m   81.1473u 
  950.00000m   91.8347u 
    1.00000   102.7644u 
y
 vth0_value= 239.4059m
 u0_param=  50.9799m
 ags_param= 423.9461m
 
   *** monte carlo  index = 449 ***
x

 volt         param     
             i_d_0.8    
    0.         92.2734p 
   50.00000m  473.0820p 
  100.00000m    2.3644n 
  150.00000m   11.1421n 
  200.00000m   47.7261n 
  250.00000m  181.3708n 
  300.00000m  602.5402n 
  350.00000m    1.6828u 
  400.00000m    3.8293u 
  450.00000m    7.2257u 
  500.00000m   11.8158u 
  550.00000m   17.4547u 
  600.00000m   24.0032u 
  650.00000m   31.3472u 
  700.00000m   39.3918u 
  750.00000m   48.0527u 
  800.00000m   57.2518u 
  850.00000m   66.9151u 
  900.00000m   76.9712u 
  950.00000m   87.3500u 
    1.00000    97.9812u 
y
 vth0_value= 250.9227m
 u0_param=  50.2021m
 ags_param= 418.0947m
 
   *** monte carlo  index = 450 ***
x

 volt         param     
             i_d_0.8    
    0.        126.3343p 
   50.00000m  646.3790p 
  100.00000m    3.2050n 
  150.00000m   14.8853n 
  200.00000m   62.4735n 
  250.00000m  232.0813n 
  300.00000m  749.9949n 
  350.00000m    2.0210u 
  400.00000m    4.4354u 
  450.00000m    8.1293u 
  500.00000m   13.0180u 
  550.00000m   18.9507u 
  600.00000m   25.7899u 
  650.00000m   33.4235u 
  700.00000m   41.7571u 
  750.00000m   50.7061u 
  800.00000m   60.1917u 
  850.00000m   70.1388u 
  900.00000m   80.4749u 
  950.00000m   91.1285u 
    1.00000   102.0277u 
y
 vth0_value= 241.9373m
 u0_param=  50.9680m
 ags_param= 437.1859m
 
   *** monte carlo  index = 451 ***
x

 volt         param     
             i_d_0.8    
    0.         97.6682p 
   50.00000m  500.4711p 
  100.00000m    2.4967n 
  150.00000m   11.7251n 
  200.00000m   49.9795n 
  250.00000m  188.9096n 
  300.00000m  623.5690n 
  350.00000m    1.7270u 
  400.00000m    3.8962u 
  450.00000m    7.3009u 
  500.00000m   11.8796u 
  550.00000m   17.4890u 
  600.00000m   23.9932u 
  650.00000m   31.2809u 
  700.00000m   39.2592u 
  750.00000m   47.8452u 
  800.00000m   56.9620u 
  850.00000m   66.5367u 
  900.00000m   76.4985u 
  950.00000m   86.7780u 
    1.00000    97.3055u 
y
 vth0_value= 248.7355m
 u0_param=  49.4669m
 ags_param= 422.9530m
 
   *** monte carlo  index = 452 ***
x

 volt         param     
             i_d_0.8    
    0.         75.0289p 
   50.00000m  384.8726p 
  100.00000m    1.9322n 
  150.00000m    9.1829n 
  200.00000m   39.8269n 
  250.00000m  153.5153n 
  300.00000m  518.6246n 
  350.00000m    1.4808u 
  400.00000m    3.4492u 
  450.00000m    6.6348u 
  500.00000m   11.0027u 
  550.00000m   16.4143u 
  600.00000m   22.7311u 
  650.00000m   29.8388u 
  700.00000m   37.6428u 
  750.00000m   46.0597u 
  800.00000m   55.0126u 
  850.00000m   64.4286u 
  900.00000m   74.2374u 
  950.00000m   84.3702u 
    1.00000    94.7582u 
y
 vth0_value= 256.5882m
 u0_param=  49.3075m
 ags_param= 406.8397m
 
   *** monte carlo  index = 453 ***
x

 volt         param     
             i_d_0.8    
    0.         72.5227p 
   50.00000m  372.0652p 
  100.00000m    1.8695n 
  150.00000m    8.9006n 
  200.00000m   38.7014n 
  250.00000m  149.6137n 
  300.00000m  507.1539n 
  350.00000m    1.4546u 
  400.00000m    3.4043u 
  450.00000m    6.5746u 
  500.00000m   10.9345u 
  550.00000m   16.3456u 
  600.00000m   22.6678u 
  650.00000m   29.7858u 
  700.00000m   37.6043u 
  750.00000m   46.0392u 
  800.00000m   55.0132u 
  850.00000m   64.4531u 
  900.00000m   74.2884u 
  950.00000m   84.4499u 
    1.00000    94.8688u 
y
 vth0_value= 257.7754m
 u0_param=  49.5564m
 ags_param= 410.1223m
 
   *** monte carlo  index = 454 ***
x

 volt         param     
             i_d_0.8    
    0.         55.8755p 
   50.00000m  286.6233p 
  100.00000m    1.4482n 
  150.00000m    6.9718n 
  200.00000m   30.8313n 
  250.00000m  121.5714n 
  300.00000m  421.5090n 
  350.00000m    1.2457u 
  400.00000m    3.0133u 
  450.00000m    5.9855u 
  500.00000m   10.1622u 
  550.00000m   15.4120u 
  600.00000m   21.5914u 
  650.00000m   28.5809u 
  700.00000m   36.2822u 
  750.00000m   44.6100u 
  800.00000m   53.4862u 
  850.00000m   62.8373u 
  900.00000m   72.5924u 
  950.00000m   82.6828u 
    1.00000    93.0397u 
y
 vth0_value= 265.8133m
 u0_param=  49.7953m
 ags_param= 416.2933m
 
   *** monte carlo  index = 455 ***
x

 volt         param     
             i_d_0.8    
    0.         42.5889p 
   50.00000m  218.0173p 
  100.00000m    1.1059n 
  150.00000m    5.3701n 
  200.00000m   24.0775n 
  250.00000m   96.5469n 
  300.00000m  341.1315n 
  350.00000m    1.0337u 
  400.00000m    2.5738u 
  450.00000m    5.2441u 
  500.00000m    9.0753u 
  550.00000m   13.9515u 
  600.00000m   19.7347u 
  650.00000m   26.3081u 
  700.00000m   33.5762u 
  750.00000m   41.4564u 
  800.00000m   49.8735u 
  850.00000m   58.7567u 
  900.00000m   68.0380u 
  950.00000m   77.6512u 
    1.00000    87.5305u 
y
 vth0_value= 272.6466m
 u0_param=  47.6612m
 ags_param= 416.1274m
 
   *** monte carlo  index = 456 ***
x

 volt         param     
             i_d_0.8    
    0.        164.9020p 
   50.00000m  840.8729p 
  100.00000m    4.1323n 
  150.00000m   18.8977n 
  200.00000m   77.6977n 
  250.00000m  282.2110n 
  300.00000m  886.5729n 
  350.00000m    2.3057u 
  400.00000m    4.8903u 
  450.00000m    8.7280u 
  500.00000m   13.7160u 
  550.00000m   19.7070u 
  600.00000m   26.5717u 
  650.00000m   34.2043u 
  700.00000m   42.5145u 
  750.00000m   51.4205u 
  800.00000m   60.8456u 
  850.00000m   70.7163u 
  900.00000m   80.9612u 
  950.00000m   91.5096u 
    1.00000   102.2898u 
y
 vth0_value= 233.1010m
 u0_param=  49.7118m
 ags_param= 428.0133m
 
   *** monte carlo  index = 457 ***
x

 volt         param     
             i_d_0.8    
    0.        135.0711p 
   50.00000m  690.3302p 
  100.00000m    3.4134n 
  150.00000m   15.7767n 
  200.00000m   65.7834n 
  250.00000m  242.6463n 
  300.00000m  777.2962n 
  350.00000m    2.0714u 
  400.00000m    4.4969u 
  450.00000m    8.1726u 
  500.00000m   13.0096u 
  550.00000m   18.8613u 
  600.00000m   25.5954u 
  650.00000m   33.1043u 
  700.00000m   41.2965u 
  750.00000m   50.0898u 
  800.00000m   59.4074u 
  850.00000m   69.1758u 
  900.00000m   79.3240u 
  950.00000m   89.7817u 
    1.00000   100.4778u 
y
 vth0_value= 239.0916m
 u0_param=  49.6699m
 ags_param= 433.2816m
 
   *** monte carlo  index = 458 ***
x

 volt         param     
             i_d_0.8    
    0.        153.5491p 
   50.00000m  783.8819p 
  100.00000m    3.8630n 
  150.00000m   17.7500n 
  200.00000m   73.4323n 
  250.00000m  268.5193n 
  300.00000m  850.7815n 
  350.00000m    2.2361u 
  400.00000m    4.7903u 
  450.00000m    8.6153u 
  500.00000m   13.6121u 
  550.00000m   19.6306u 
  600.00000m   26.5380u 
  650.00000m   34.2256u 
  700.00000m   42.6012u 
  750.00000m   51.5816u 
  800.00000m   61.0888u 
  850.00000m   71.0485u 
  900.00000m   81.3884u 
  950.00000m   92.0373u 
    1.00000   102.9230u 
y
 vth0_value= 235.7436m
 u0_param=  50.4757m
 ags_param= 424.2883m
 
   *** monte carlo  index = 459 ***
x

 volt         param     
             i_d_0.8    
    0.         92.8662p 
   50.00000m  475.9570p 
  100.00000m    2.3770n 
  150.00000m   11.1860n 
  200.00000m   47.8223n 
  250.00000m  181.3556n 
  300.00000m  601.0300n 
  350.00000m    1.6733u 
  400.00000m    3.7954u 
  450.00000m    7.1431u 
  500.00000m   11.6598u 
  550.00000m   17.2038u 
  600.00000m   23.6396u 
  650.00000m   30.8562u 
  700.00000m   38.7611u 
  750.00000m   47.2716u 
  800.00000m   56.3116u 
  850.00000m   65.8082u 
  900.00000m   75.6912u 
  950.00000m   85.8917u 
    1.00000    96.3404u 
y
 vth0_value= 250.0460m
 u0_param=  49.1446m
 ags_param= 417.3719m
 
   *** monte carlo  index = 460 ***
x

 volt         param     
             i_d_0.8    
    0.        164.8757p 
   50.00000m  840.6917p 
  100.00000m    4.1310n 
  150.00000m   18.8884n 
  200.00000m   77.6423n 
  250.00000m  281.9447n 
  300.00000m  885.4818n 
  350.00000m    2.3020u 
  400.00000m    4.8810u 
  450.00000m    8.7092u 
  500.00000m   13.6841u 
  550.00000m   19.6591u 
  600.00000m   26.5053u 
  650.00000m   34.1173u 
  700.00000m   42.4050u 
  750.00000m   51.2870u 
  800.00000m   60.6867u 
  850.00000m   70.5309u 
  900.00000m   80.7483u 
  950.00000m   91.2685u 
    1.00000   102.0198u 
y
 vth0_value= 233.0050m
 u0_param=  49.5568m
 ags_param= 425.0125m
 
   *** monte carlo  index = 461 ***
x

 volt         param     
             i_d_0.8    
    0.         74.3050p 
   50.00000m  381.2153p 
  100.00000m    1.9147n 
  150.00000m    9.1078n 
  200.00000m   39.5521n 
  250.00000m  152.6772n 
  300.00000m  516.6460n 
  350.00000m    1.4784u 
  400.00000m    3.4515u 
  450.00000m    6.6521u 
  500.00000m   11.0466u 
  550.00000m   16.4953u 
  600.00000m   22.8578u 
  650.00000m   30.0186u 
  700.00000m   37.8817u 
  750.00000m   46.3631u 
  800.00000m   55.3849u 
  850.00000m   64.8738u 
  900.00000m   74.7588u 
  950.00000m   84.9707u 
    1.00000    95.4402u 
y
 vth0_value= 257.1872m
 u0_param=  49.7808m
 ags_param= 415.0389m
 
   *** monte carlo  index = 462 ***
x

 volt         param     
             i_d_0.8    
    0.        140.4312p 
   50.00000m  717.7259p 
  100.00000m    3.5475n 
  150.00000m   16.3849n 
  200.00000m   68.2512n 
  250.00000m  251.4515n 
  300.00000m  804.2434n 
  350.00000m    2.1389u 
  400.00000m    4.6344u 
  450.00000m    8.4085u 
  500.00000m   13.3684u 
  550.00000m   19.3627u 
  600.00000m   26.2557u 
  650.00000m   33.9370u 
  700.00000m   42.3128u 
  750.00000m   51.2990u 
  800.00000m   60.8170u 
  850.00000m   70.7919u 
  900.00000m   81.1512u 
  950.00000m   91.8235u 
    1.00000   102.7366u 
y
 vth0_value= 238.6848m
 u0_param=  50.8671m
 ags_param= 410.4507m
 
   *** monte carlo  index = 463 ***
x

 volt         param     
             i_d_0.8    
    0.        153.6435p 
   50.00000m  784.5741p 
  100.00000m    3.8683n 
  150.00000m   17.7897n 
  200.00000m   73.6769n 
  250.00000m  269.7211n 
  300.00000m  855.7806n 
  350.00000m    2.2531u 
  400.00000m    4.8347u 
  450.00000m    8.7056u 
  500.00000m   13.7657u 
  550.00000m   19.8621u 
  600.00000m   26.8593u 
  650.00000m   34.6467u 
  700.00000m   43.1303u 
  750.00000m   52.2257u 
  800.00000m   61.8537u 
  850.00000m   71.9389u 
  900.00000m   82.4083u 
  950.00000m   93.1899u 
    1.00000   104.2108u 
y
 vth0_value= 236.2237m
 u0_param=  51.2636m
 ags_param= 415.8585m
 
   *** monte carlo  index = 464 ***
x

 volt         param     
             i_d_0.8    
    0.        155.5610p 
   50.00000m  793.7382p 
  100.00000m    3.9072n 
  150.00000m   17.9199n 
  200.00000m   73.9556n 
  250.00000m  269.7351n 
  300.00000m  851.8858n 
  350.00000m    2.2301u 
  400.00000m    4.7594u 
  450.00000m    8.5353u 
  500.00000m   13.4592u 
  550.00000m   19.3848u 
  600.00000m   26.1826u 
  650.00000m   33.7469u 
  700.00000m   41.9875u 
  750.00000m   50.8230u 
  800.00000m   60.1770u 
  850.00000m   69.9763u 
  900.00000m   80.1498u 
  950.00000m   90.6274u 
    1.00000   101.3377u 
y
 vth0_value= 234.6941m
 u0_param=  49.4570m
 ags_param= 423.9764m
 
   *** monte carlo  index = 465 ***
x

 volt         param     
             i_d_0.8    
    0.         59.0382p 
   50.00000m  302.7893p 
  100.00000m    1.5272n 
  150.00000m    7.3268n 
  200.00000m   32.2301n 
  250.00000m  126.3002n 
  300.00000m  434.8848n 
  350.00000m    1.2735u 
  400.00000m    3.0493u 
  450.00000m    6.0042u 
  500.00000m   10.1294u 
  550.00000m   15.2950u 
  600.00000m   21.3632u 
  650.00000m   28.2193u 
  700.00000m   35.7685u 
  750.00000m   43.9285u 
  800.00000m   52.6231u 
  850.00000m   61.7808u 
  900.00000m   71.3325u 
  950.00000m   81.2107u 
    1.00000    91.3480u 
y
 vth0_value= 263.2432m
 u0_param=  48.4104m
 ags_param= 409.9190m
 
   *** monte carlo  index = 466 ***
x

 volt         param     
             i_d_0.8    
    0.        200.4641p 
   50.00000m    1.0197n 
  100.00000m    4.9807n 
  150.00000m   22.5463n 
  200.00000m   91.4898n 
  250.00000m  327.5427n 
  300.00000m    1.0100u 
  350.00000m    2.5675u 
  400.00000m    5.3319u 
  450.00000m    9.3631u 
  500.00000m   14.5458u 
  550.00000m   20.7308u 
  600.00000m   27.7898u 
  650.00000m   35.6174u 
  700.00000m   44.1230u 
  750.00000m   53.2245u 
  800.00000m   62.8443u 
  850.00000m   72.9080u 
  900.00000m   83.3434u 
  950.00000m   94.0789u 
    1.00000   105.0415u 
y
 vth0_value= 227.6009m
 u0_param=  50.3199m
 ags_param= 421.1899m
 
   *** monte carlo  index = 467 ***
x

 volt         param     
             i_d_0.8    
    0.         48.0364p 
   50.00000m  246.1415p 
  100.00000m    1.2462n 
  150.00000m    6.0256n 
  200.00000m   26.8339n 
  250.00000m  106.7093n 
  300.00000m  373.5614n 
  350.00000m    1.1182u 
  400.00000m    2.7449u 
  450.00000m    5.5226u 
  500.00000m    9.4673u 
  550.00000m   14.4572u 
  600.00000m   20.3539u 
  650.00000m   27.0412u 
  700.00000m   34.4236u 
  750.00000m   42.4184u 
  800.00000m   50.9501u 
  850.00000m   59.9473u 
  900.00000m   69.3416u 
  950.00000m   79.0663u 
    1.00000    89.0548u 
y
 vth0_value= 269.2339m
 u0_param=  48.0234m
 ags_param= 411.7779m
 
   *** monte carlo  index = 468 ***
x

 volt         param     
             i_d_0.8    
    0.         63.4423p 
   50.00000m  325.5228p 
  100.00000m    1.6406n 
  150.00000m    7.8576n 
  200.00000m   34.4748n 
  250.00000m  134.6721n 
  300.00000m  462.0033n 
  350.00000m    1.3463u 
  400.00000m    3.2058u 
  450.00000m    6.2825u 
  500.00000m   10.5608u 
  550.00000m   15.9050u 
  600.00000m   22.1728u 
  650.00000m   29.2461u 
  700.00000m   37.0277u 
  750.00000m   45.4327u 
  800.00000m   54.3831u 
  850.00000m   63.8052u 
  900.00000m   73.6282u 
  950.00000m   83.7830u 
    1.00000    94.2006u 
y
 vth0_value= 262.0071m
 u0_param=  49.8510m
 ags_param= 414.8344m
 
   *** monte carlo  index = 469 ***
x

 volt         param     
             i_d_0.8    
    0.         46.2480p 
   50.00000m  236.9904p 
  100.00000m    1.2014n 
  150.00000m    5.8242n 
  200.00000m   26.0431n 
  250.00000m  104.0756n 
  300.00000m  366.3068n 
  350.00000m    1.1043u 
  400.00000m    2.7328u 
  450.00000m    5.5377u 
  500.00000m    9.5431u 
  550.00000m   14.6257u 
  600.00000m   20.6417u 
  650.00000m   27.4704u 
  700.00000m   35.0126u 
  750.00000m   43.1830u 
  800.00000m   51.9037u 
  850.00000m   61.1016u 
  900.00000m   70.7066u 
  950.00000m   80.6503u 
    1.00000    90.8651u 
y
 vth0_value= 271.2937m
 u0_param=  49.4054m
 ags_param= 420.9831m
 
   *** monte carlo  index = 470 ***
x

 volt         param     
             i_d_0.8    
    0.         21.7163p 
   50.00000m  109.8025p 
  100.00000m  561.8086p 
  150.00000m    2.7894n 
  200.00000m   12.9877n 
  250.00000m   54.7007n 
  300.00000m  204.0009n 
  350.00000m  662.3874n 
  400.00000m    1.7954u 
  450.00000m    3.9625u 
  500.00000m    7.2934u 
  550.00000m   11.7127u 
  600.00000m   17.0819u 
  650.00000m   23.2741u 
  700.00000m   30.1863u 
  750.00000m   37.7321u 
  800.00000m   45.8343u 
  850.00000m   54.4214u 
  900.00000m   63.4255u 
  950.00000m   72.7807u 
    1.00000    82.4224u 
y
 vth0_value= 293.4477m
 u0_param=  47.8941m
 ags_param= 405.7012m
 
   *** monte carlo  index = 471 ***
x

 volt         param     
             i_d_0.8    
    0.         79.3909p 
   50.00000m  407.2856p 
  100.00000m    2.0430n 
  150.00000m    9.6934n 
  200.00000m   41.9364n 
  250.00000m  161.1792n 
  300.00000m  542.6476n 
  350.00000m    1.5424u 
  400.00000m    3.5750u 
  450.00000m    6.8489u 
  500.00000m   11.3234u 
  550.00000m   16.8562u 
  600.00000m   23.3065u 
  650.00000m   30.5582u 
  700.00000m   38.5152u 
  750.00000m   47.0927u 
  800.00000m   56.2127u 
  850.00000m   65.8010u 
  900.00000m   75.7864u 
  950.00000m   86.0989u 
    1.00000    96.6686u 
y
 vth0_value= 255.4509m
 u0_param=  50.1895m
 ags_param= 421.9030m
 
   *** monte carlo  index = 472 ***
x

 volt         param     
             i_d_0.8    
    0.         54.2317p 
   50.00000m  278.1370p 
  100.00000m    1.4059n 
  150.00000m    6.7737n 
  200.00000m   29.9952n 
  250.00000m  118.4650n 
  300.00000m  411.4971n 
  350.00000m    1.2191u 
  400.00000m    2.9572u 
  450.00000m    5.8884u 
  500.00000m   10.0159u 
  550.00000m   15.2101u 
  600.00000m   21.3290u 
  650.00000m   28.2537u 
  700.00000m   35.8867u 
  750.00000m   44.1434u 
  800.00000m   52.9462u 
  850.00000m   62.2220u 
  900.00000m   71.9006u 
  950.00000m   81.9136u 
    1.00000    92.1928u 
y
 vth0_value= 266.4581m
 u0_param=  49.3936m
 ags_param= 425.3632m
 
   *** monte carlo  index = 473 ***
x

 volt         param     
             i_d_0.8    
    0.         70.1126p 
   50.00000m  359.7013p 
  100.00000m    1.8086n 
  150.00000m    8.6218n 
  200.00000m   37.5629n 
  250.00000m  145.5442n 
  300.00000m  494.6714n 
  350.00000m    1.4238u 
  400.00000m    3.3450u 
  450.00000m    6.4810u 
  500.00000m   10.8046u 
  550.00000m   16.1785u 
  600.00000m   22.4633u 
  650.00000m   29.5437u 
  700.00000m   37.3244u 
  750.00000m   45.7216u 
  800.00000m   54.6582u 
  850.00000m   64.0612u 
  900.00000m   73.8602u 
  950.00000m   83.9865u 
    1.00000    94.3712u 
y
 vth0_value= 258.6887m
 u0_param=  49.3905m
 ags_param= 431.1935m
 
   *** monte carlo  index = 474 ***
x

 volt         param     
             i_d_0.8    
    0.         66.4030p 
   50.00000m  340.6479p 
  100.00000m    1.7145n 
  150.00000m    8.1894n 
  200.00000m   35.7861n 
  250.00000m  139.1438n 
  300.00000m  474.8304n 
  350.00000m    1.3740u 
  400.00000m    3.2469u 
  450.00000m    6.3221u 
  500.00000m   10.5777u 
  550.00000m   15.8792u 
  600.00000m   22.0874u 
  650.00000m   29.0876u 
  700.00000m   36.7847u 
  750.00000m   45.0955u 
  800.00000m   53.9433u 
  850.00000m   63.2555u 
  900.00000m   72.9624u 
  950.00000m   82.9956u 
    1.00000    93.2869u 
y
 vth0_value= 260.0893m
 u0_param=  49.0193m
 ags_param= 412.6953m
 
   *** monte carlo  index = 475 ***
x

 volt         param     
             i_d_0.8    
    0.         89.7773p 
   50.00000m  460.2601p 
  100.00000m    2.3011n 
  150.00000m   10.8502n 
  200.00000m   46.5181n 
  250.00000m  176.9683n 
  300.00000m  588.6863n 
  350.00000m    1.6470u 
  400.00000m    3.7546u 
  450.00000m    7.0953u 
  500.00000m   11.6158u 
  550.00000m   17.1735u 
  600.00000m   23.6312u 
  650.00000m   30.8764u 
  700.00000m   38.8153u 
  750.00000m   47.3647u 
  800.00000m   56.4474u 
  850.00000m   65.9905u 
  900.00000m   75.9231u 
  950.00000m   86.1759u 
    1.00000    96.6795u 
y
 vth0_value= 251.3240m
 u0_param=  49.5404m
 ags_param= 414.8093m
 
   *** monte carlo  index = 476 ***
x

 volt         param     
             i_d_0.8    
    0.         47.9747p 
   50.00000m  245.8403p 
  100.00000m    1.2449n 
  150.00000m    6.0211n 
  200.00000m   26.8266n 
  250.00000m  106.7413n 
  300.00000m  373.9034n 
  350.00000m    1.1202u 
  400.00000m    2.7521u 
  450.00000m    5.5417u 
  500.00000m    9.5055u 
  550.00000m   14.5212u 
  600.00000m   20.4494u 
  650.00000m   27.1728u 
  700.00000m   34.5953u 
  750.00000m   42.6337u 
  800.00000m   51.2118u 
  850.00000m   60.2580u 
  900.00000m   69.7035u 
  950.00000m   79.4811u 
    1.00000    89.5240u 
y
 vth0_value= 269.4759m
 u0_param=  48.3286m
 ags_param= 417.3785m
 
   *** monte carlo  index = 477 ***
x

 volt         param     
             i_d_0.8    
    0.        142.5668p 
   50.00000m  728.4248p 
  100.00000m    3.5978n 
  150.00000m   16.5970n 
  200.00000m   69.0224n 
  250.00000m  253.8458n 
  300.00000m  810.1334n 
  350.00000m    2.1487u 
  400.00000m    4.6433u 
  450.00000m    8.4076u 
  500.00000m   13.3479u 
  550.00000m   19.3143u 
  600.00000m   26.1729u 
  650.00000m   33.8142u 
  700.00000m   42.1454u 
  750.00000m   51.0832u 
  800.00000m   60.5496u 
  850.00000m   70.4701u 
  900.00000m   80.7727u 
  950.00000m   91.3862u 
    1.00000   102.2389u 
y
 vth0_value= 237.9793m
 u0_param=  50.4726m
 ags_param= 417.1721m
 
   *** monte carlo  index = 478 ***
x

 volt         param     
             i_d_0.8    
    0.         76.3290p 
   50.00000m  391.5893p 
  100.00000m    1.9657n 
  150.00000m    9.3406n 
  200.00000m   40.4989n 
  250.00000m  156.0471n 
  300.00000m  526.9258n 
  350.00000m    1.5036u 
  400.00000m    3.4997u 
  450.00000m    6.7279u 
  500.00000m   11.1518u 
  550.00000m   16.6307u 
  600.00000m   23.0242u 
  650.00000m   30.2166u 
  700.00000m   38.1121u 
  750.00000m   46.6263u 
  800.00000m   55.6813u 
  850.00000m   65.2036u 
  900.00000m   75.1221u 
  950.00000m   85.3674u 
    1.00000    95.8700u 
y
 vth0_value= 256.4560m
 u0_param=  49.9053m
 ags_param= 416.5823m
 
   *** monte carlo  index = 479 ***
x

 volt         param     
             i_d_0.8    
    0.         51.8149p 
   50.00000m  265.7134p 
  100.00000m    1.3445n 
  150.00000m    6.4914n 
  200.00000m   28.8401n 
  250.00000m  114.3518n 
  300.00000m  398.9539n 
  350.00000m    1.1888u 
  400.00000m    2.9028u 
  450.00000m    5.8130u 
  500.00000m    9.9293u 
  550.00000m   15.1228u 
  600.00000m   21.2494u 
  650.00000m   28.1888u 
  700.00000m   35.8421u 
  750.00000m   44.1236u 
  800.00000m   52.9553u 
  850.00000m   62.2634u 
  900.00000m   71.9774u 
  950.00000m   82.0286u 
    1.00000    92.3485u 
y
 vth0_value= 268.0784m
 u0_param=  49.7642m
 ags_param= 413.8211m
 
   *** monte carlo  index = 480 ***
x

 volt         param     
             i_d_0.8    
    0.         62.6930p 
   50.00000m  321.6238p 
  100.00000m    1.6209n 
  150.00000m    7.7623n 
  200.00000m   34.0529n 
  250.00000m  133.0113n 
  300.00000m  456.2768n 
  350.00000m    1.3295u 
  400.00000m    3.1657u 
  450.00000m    6.2035u 
  500.00000m   10.4282u 
  550.00000m   15.7061u 
  600.00000m   21.8968u 
  650.00000m   28.8842u 
  700.00000m   36.5723u 
  750.00000m   44.8773u 
  800.00000m   53.7221u 
  850.00000m   63.0341u 
  900.00000m   72.7431u 
  950.00000m   82.7808u 
    1.00000    93.0788u 
y
 vth0_value= 261.9492m
 u0_param=  49.2063m
 ags_param= 405.9678m
 
   *** monte carlo  index = 481 ***
x

 volt         param     
             i_d_0.8    
    0.         37.2530p 
   50.00000m  190.4519p 
  100.00000m  968.3070p 
  150.00000m    4.7262n 
  200.00000m   21.3690n 
  250.00000m   86.5854n 
  300.00000m  309.4707n 
  350.00000m  952.0175n 
  400.00000m    2.4129u 
  450.00000m    4.9960u 
  500.00000m    8.7511u 
  550.00000m   13.5679u 
  600.00000m   19.3063u 
  650.00000m   25.8466u 
  700.00000m   33.0909u 
  750.00000m   40.9553u 
  800.00000m   49.3639u 
  850.00000m   58.2450u 
  900.00000m   67.5305u 
  950.00000m   77.1537u 
    1.00000    87.0487u 
y
 vth0_value= 276.9873m
 u0_param=  48.0588m
 ags_param= 418.5906m
 
   *** monte carlo  index = 482 ***
x

 volt         param     
             i_d_0.8    
    0.         96.7148p 
   50.00000m  495.5694p 
  100.00000m    2.4724n 
  150.00000m   11.6129n 
  200.00000m   49.5130n 
  250.00000m  187.1983n 
  300.00000m  618.1391n 
  350.00000m    1.7128u 
  400.00000m    3.8659u 
  450.00000m    7.2471u 
  500.00000m   11.7959u 
  550.00000m   17.3699u 
  600.00000m   23.8341u 
  650.00000m   31.0782u 
  700.00000m   39.0096u 
  750.00000m   47.5459u 
  800.00000m   56.6109u 
  850.00000m   66.1318u 
  900.00000m   76.0383u 
  950.00000m   86.2613u 
    1.00000    96.7314u 
y
 vth0_value= 248.8346m
 u0_param=  49.1650m
 ags_param= 421.8148m
 
   *** monte carlo  index = 483 ***
x

 volt         param     
             i_d_0.8    
    0.        103.0196p 
   50.00000m  527.5990p 
  100.00000m    2.6273n 
  150.00000m   12.2981n 
  200.00000m   52.1815n 
  250.00000m  196.2315n 
  300.00000m  643.7997n 
  350.00000m    1.7690u 
  400.00000m    3.9588u 
  450.00000m    7.3705u 
  500.00000m   11.9378u 
  550.00000m   17.5190u 
  600.00000m   23.9812u 
  650.00000m   31.2157u 
  700.00000m   39.1311u 
  750.00000m   47.6461u 
  800.00000m   56.6850u 
  850.00000m   66.1754u 
  900.00000m   76.0475u 
  950.00000m   86.2325u 
    1.00000    96.6611u 
y
 vth0_value= 246.6846m
 u0_param=  48.7910m
 ags_param= 420.2466m
 
   *** monte carlo  index = 484 ***
x

 volt         param     
             i_d_0.8    
    0.         19.4587p 
   50.00000m   98.0390p 
  100.00000m  502.0668p 
  150.00000m    2.5007n 
  200.00000m   11.7104n 
  250.00000m   49.7165n 
  300.00000m  187.0627n 
  350.00000m  613.9938n 
  400.00000m    1.6877u 
  450.00000m    3.7773u 
  500.00000m    7.0308u 
  550.00000m   11.3820u 
  600.00000m   16.6929u 
  650.00000m   22.8348u 
  700.00000m   29.7030u 
  750.00000m   37.2100u 
  800.00000m   45.2782u 
  850.00000m   53.8358u 
  900.00000m   62.8145u 
  950.00000m   72.1486u 
    1.00000    81.7733u 
y
 vth0_value= 296.9581m
 u0_param=  48.0458m
 ags_param= 414.9105m
 
   *** monte carlo  index = 485 ***
x

 volt         param     
             i_d_0.8    
    0.         54.9515p 
   50.00000m  281.8097p 
  100.00000m    1.4238n 
  150.00000m    6.8533n 
  200.00000m   30.3036n 
  250.00000m  119.4768n 
  300.00000m  414.2217n 
  350.00000m    1.2241u 
  400.00000m    2.9609u 
  450.00000m    5.8814u 
  500.00000m    9.9862u 
  550.00000m   15.1465u 
  600.00000m   21.2221u 
  650.00000m   28.0957u 
  700.00000m   35.6711u 
  750.00000m   43.8645u 
  800.00000m   52.5992u 
  850.00000m   61.8027u 
  900.00000m   71.4054u 
  950.00000m   81.3395u 
    1.00000    91.5371u 
y
 vth0_value= 265.7412m
 u0_param=  48.9061m
 ags_param= 418.0146m
 
   *** monte carlo  index = 486 ***
x

 volt         param     
             i_d_0.8    
    0.        219.5129p 
   50.00000m    1.1151n 
  100.00000m    5.4305n 
  150.00000m   24.4610n 
  200.00000m   98.6432n 
  250.00000m  350.7350n 
  300.00000m    1.0718u 
  350.00000m    2.6957u 
  400.00000m    5.5439u 
  450.00000m    9.6636u 
  500.00000m   14.9345u 
  550.00000m   21.2069u 
  600.00000m   28.3530u 
  650.00000m   36.2678u 
  700.00000m   44.8608u 
  750.00000m   54.0496u 
  800.00000m   63.7563u 
  850.00000m   73.9063u 
  900.00000m   84.4269u 
  950.00000m   95.2460u 
    1.00000   106.2902u 
y
 vth0_value= 225.0138m
 u0_param=  50.5595m
 ags_param= 428.4340m
 
   *** monte carlo  index = 487 ***
x

 volt         param     
             i_d_0.8    
    0.         37.1188p 
   50.00000m  189.7040p 
  100.00000m  963.9811p 
  150.00000m    4.7004n 
  200.00000m   21.2188n 
  250.00000m   85.8100n 
  300.00000m  306.0770n 
  350.00000m  939.1448n 
  400.00000m    2.3730u 
  450.00000m    4.8997u 
  500.00000m    8.5654u 
  550.00000m   13.2623u 
  600.00000m   18.8556u 
  650.00000m   25.2295u 
  700.00000m   32.2898u 
  750.00000m   39.9552u 
  800.00000m   48.1517u 
  850.00000m   56.8101u 
  900.00000m   65.8635u 
  950.00000m   75.2472u 
    1.00000    84.8966u 
y
 vth0_value= 276.1475m
 u0_param=  46.6551m
 ags_param= 414.2284m
 
   *** monte carlo  index = 488 ***
x

 volt         param     
             i_d_0.8    
    0.         60.8758p 
   50.00000m  312.3520p 
  100.00000m    1.5757n 
  150.00000m    7.5607n 
  200.00000m   33.2663n 
  250.00000m  130.3845n 
  300.00000m  448.9878n 
  350.00000m    1.3149u 
  400.00000m    3.1486u 
  450.00000m    6.1998u 
  500.00000m   10.4582u 
  550.00000m   15.7890u 
  600.00000m   22.0488u 
  650.00000m   29.1187u 
  700.00000m   36.9006u 
  750.00000m   45.3093u 
  800.00000m   54.2663u 
  850.00000m   63.6979u 
  900.00000m   73.5330u 
  950.00000m   83.7024u 
    1.00000    94.1370u 
y
 vth0_value= 263.3629m
 u0_param=  50.0181m
 ags_param= 427.5901m
 
   *** monte carlo  index = 489 ***
x

 volt         param     
             i_d_0.8    
    0.        103.8083p 
   50.00000m  531.8372p 
  100.00000m    2.6500n 
  150.00000m   12.4178n 
  200.00000m   52.7667n 
  250.00000m  198.7390n 
  300.00000m  653.1875n 
  350.00000m    1.7989u 
  400.00000m    4.0350u 
  450.00000m    7.5258u 
  500.00000m   12.2039u 
  550.00000m   17.9230u 
  600.00000m   24.5456u 
  650.00000m   31.9595u 
  700.00000m   40.0704u 
  750.00000m   48.7945u 
  800.00000m   58.0541u 
  850.00000m   67.7751u 
  900.00000m   77.8860u 
  950.00000m   88.3166u 
    1.00000    98.9961u 
y
 vth0_value= 247.3508m
 u0_param=  50.1705m
 ags_param= 434.2194m
 
   *** monte carlo  index = 490 ***
x

 volt         param     
             i_d_0.8    
    0.        119.5241p 
   50.00000m  611.6275p 
  100.00000m    3.0354n 
  150.00000m   14.1210n 
  200.00000m   59.4021n 
  250.00000m  221.2465n 
  300.00000m  717.3290n 
  350.00000m    1.9411u 
  400.00000m    4.2779u 
  450.00000m    7.8671u 
  500.00000m   12.6293u 
  550.00000m   18.4176u 
  600.00000m   25.0975u 
  650.00000m   32.5590u 
  700.00000m   40.7094u 
  750.00000m   49.4660u 
  800.00000m   58.7514u 
  850.00000m   68.4919u 
  900.00000m   78.6163u 
  950.00000m   89.0545u 
    1.00000    99.7355u 
y
 vth0_value= 242.9200m
 u0_param=  49.8891m
 ags_param= 420.3416m
 
   *** monte carlo  index = 491 ***
x

 volt         param     
             i_d_0.8    
    0.         79.6705p 
   50.00000m  408.6073p 
  100.00000m    2.0484n 
  150.00000m    9.7085n 
  200.00000m   41.9361n 
  250.00000m  160.8990n 
  300.00000m  540.6458n 
  350.00000m    1.5328u 
  400.00000m    3.5431u 
  450.00000m    6.7729u 
  500.00000m   11.1807u 
  550.00000m   16.6272u 
  600.00000m   22.9746u 
  650.00000m   30.1100u 
  700.00000m   37.9394u 
  750.00000m   46.3796u 
  800.00000m   55.3541u 
  850.00000m   64.7901u 
  900.00000m   74.6172u 
  950.00000m   84.7668u 
    1.00000    95.1697u 
y
 vth0_value= 254.7215m
 u0_param=  49.2236m
 ags_param= 421.1858m
 
   *** monte carlo  index = 492 ***
x

 volt         param     
             i_d_0.8    
    0.         46.8018p 
   50.00000m  239.7774p 
  100.00000m    1.2145n 
  150.00000m    5.8787n 
  200.00000m   26.2221n 
  250.00000m  104.4826n 
  300.00000m  366.5727n 
  350.00000m    1.1005u 
  400.00000m    2.7105u 
  450.00000m    5.4696u 
  500.00000m    9.3970u 
  550.00000m   14.3722u 
  600.00000m   20.2563u 
  650.00000m   26.9327u 
  700.00000m   34.3056u 
  750.00000m   42.2923u 
  800.00000m   50.8169u 
  850.00000m   59.8082u 
  900.00000m   69.1978u 
  950.00000m   78.9187u 
    1.00000    88.9046u 
y
 vth0_value= 270.0462m
 u0_param=  48.0566m
 ags_param= 417.2446m
 
   *** monte carlo  index = 493 ***
x

 volt         param     
             i_d_0.8    
    0.         68.8189p 
   50.00000m  353.1938p 
  100.00000m    1.7779n 
  150.00000m    8.4927n 
  200.00000m   37.1135n 
  250.00000m  144.3033n 
  300.00000m  492.3647n 
  350.00000m    1.4244u 
  400.00000m    3.3650u 
  450.00000m    6.5499u 
  500.00000m   10.9549u 
  550.00000m   16.4395u 
  600.00000m   22.8587u 
  650.00000m   30.0931u 
  700.00000m   38.0440u 
  750.00000m   46.6251u 
  800.00000m   55.7571u 
  850.00000m   65.3652u 
  900.00000m   75.3773u 
  950.00000m   85.7233u 
    1.00000    96.3332u 
y
 vth0_value= 260.1390m
 u0_param=  50.7783m
 ags_param= 413.9001m
 
   *** monte carlo  index = 494 ***
x

 volt         param     
             i_d_0.8    
    0.         36.9680p 
   50.00000m  189.0397p 
  100.00000m  961.9155p 
  150.00000m    4.7025n 
  200.00000m   21.3168n 
  250.00000m   86.6505n 
  300.00000m  310.7544n 
  350.00000m  960.1068n 
  400.00000m    2.4461u 
  450.00000m    5.0882u 
  500.00000m    8.9434u 
  550.00000m   13.8981u 
  600.00000m   19.8061u 
  650.00000m   26.5419u 
  700.00000m   34.0036u 
  750.00000m   42.1037u 
  800.00000m   50.7634u 
  850.00000m   59.9090u 
  900.00000m   69.4697u 
  950.00000m   79.3774u 
    1.00000    89.5642u 
y
 vth0_value= 278.3608m
 u0_param=  49.8021m
 ags_param= 411.9015m
 
   *** monte carlo  index = 495 ***
x

 volt         param     
             i_d_0.8    
    0.         60.3574p 
   50.00000m  309.6601p 
  100.00000m    1.5621n 
  150.00000m    7.4956n 
  200.00000m   32.9816n 
  250.00000m  129.2776n 
  300.00000m  445.2223n 
  350.00000m    1.3041u 
  400.00000m    3.1232u 
  450.00000m    6.1506u 
  500.00000m   10.3766u 
  550.00000m   15.6676u 
  600.00000m   21.8813u 
  650.00000m   28.8997u 
  700.00000m   36.6257u 
  750.00000m   44.9745u 
  800.00000m   53.8684u 
  850.00000m   63.2339u 
  900.00000m   73.0005u 
  950.00000m   83.0995u 
    1.00000    93.4620u 
y
 vth0_value= 263.3810m
 u0_param=  49.6438m
 ags_param= 417.0793m
 
   *** monte carlo  index = 496 ***
x

 volt         param     
             i_d_0.8    
    0.        222.6480p 
   50.00000m    1.1310n 
  100.00000m    5.5067n 
  150.00000m   24.7962n 
  200.00000m   99.9529n 
  250.00000m  355.2167n 
  300.00000m    1.0848u 
  350.00000m    2.7262u 
  400.00000m    5.6025u 
  450.00000m    9.7602u 
  500.00000m   15.0772u 
  550.00000m   21.4026u 
  600.00000m   28.6073u 
  650.00000m   36.5856u 
  700.00000m   45.2462u 
  750.00000m   54.5060u 
  800.00000m   64.2866u 
  850.00000m   74.5129u 
  900.00000m   85.1116u 
  950.00000m   96.0103u 
    1.00000   107.1351u 
y
 vth0_value= 224.8492m
 u0_param=  50.9738m
 ags_param= 431.4397m
 
   *** monte carlo  index = 497 ***
x

 volt         param     
             i_d_0.8    
    0.         41.3191p 
   50.00000m  211.5071p 
  100.00000m    1.0739n 
  150.00000m    5.2253n 
  200.00000m   23.5039n 
  250.00000m   94.6186n 
  300.00000m  335.7491n 
  350.00000m    1.0231u 
  400.00000m    2.5640u 
  450.00000m    5.2547u 
  500.00000m    9.1328u 
  550.00000m   14.0814u 
  600.00000m   19.9584u 
  650.00000m   26.6433u 
  700.00000m   34.0375u 
  750.00000m   42.0563u 
  800.00000m   50.6226u 
  850.00000m   59.6640u 
  900.00000m   69.1114u 
  950.00000m   78.8972u 
    1.00000    88.9546u 
y
 vth0_value= 274.3027m
 u0_param=  48.7687m
 ags_param= 414.7066m
 
   *** monte carlo  index = 498 ***
x

 volt         param     
             i_d_0.8    
    0.        141.7006p 
   50.00000m  723.8920p 
  100.00000m    3.5746n 
  150.00000m   16.4839n 
  200.00000m   68.5198n 
  250.00000m  251.8774n 
  300.00000m  803.4000n 
  350.00000m    2.1293u 
  400.00000m    4.5984u 
  450.00000m    8.3224u 
  500.00000m   13.2087u 
  550.00000m   19.1097u 
  600.00000m   25.8932u 
  650.00000m   33.4515u 
  700.00000m   41.6931u 
  750.00000m   50.5354u 
  800.00000m   59.9015u 
  850.00000m   69.7178u 
  900.00000m   79.9128u 
  950.00000m   90.4161u 
    1.00000   101.1564u 
y
 vth0_value= 237.7659m
 u0_param=  49.8539m
 ags_param= 415.2032m
 
   *** monte carlo  index = 499 ***
x

 volt         param     
             i_d_0.8    
    0.         95.3405p 
   50.00000m  488.5757p 
  100.00000m    2.4385n 
  150.00000m   11.4619n 
  200.00000m   48.9198n 
  250.00000m  185.1688n 
  300.00000m  612.2833n 
  350.00000m    1.6996u 
  400.00000m    3.8433u 
  450.00000m    7.2155u 
  500.00000m   11.7569u 
  550.00000m   17.3254u 
  600.00000m   23.7856u 
  650.00000m   31.0266u 
  700.00000m   38.9558u 
  750.00000m   47.4908u 
  800.00000m   56.5550u 
  850.00000m   66.0757u 
  900.00000m   75.9827u 
  950.00000m   86.2067u 
    1.00000    96.6783u 
y
 vth0_value= 249.2972m
 u0_param=  49.2124m
 ags_param= 418.9667m
 
   *** monte carlo  index = 500 ***
x

 volt         param     
             i_d_0.8    
    0.        119.0133p 
   50.00000m  609.1419p 
  100.00000m    3.0244n 
  150.00000m   14.0811n 
  200.00000m   59.2980n 
  250.00000m  221.1119n 
  300.00000m  717.8755n 
  350.00000m    1.9460u 
  400.00000m    4.2960u 
  450.00000m    7.9109u 
  500.00000m   12.7111u 
  550.00000m   18.5479u 
  600.00000m   25.2846u 
  650.00000m   32.8100u 
  700.00000m   41.0302u 
  750.00000m   49.8612u 
  800.00000m   59.2251u 
  850.00000m   69.0474u 
  900.00000m   79.2564u 
  950.00000m   89.7812u 
    1.00000   100.5507u 
y
 vth0_value= 243.3963m
 u0_param=  50.4308m
 ags_param= 408.4645m
 
   *** monte carlo  index = 501 ***
x

 volt         param     
             i_d_0.8    
    0.         77.2814p 
   50.00000m  396.3909p 
  100.00000m    1.9886n 
  150.00000m    9.4379n 
  200.00000m   40.8497n 
  250.00000m  157.0924n 
  300.00000m  529.2806n 
  350.00000m    1.5059u 
  400.00000m    3.4943u 
  450.00000m    6.7005u 
  500.00000m   11.0865u 
  550.00000m   16.5134u 
  600.00000m   22.8434u 
  650.00000m   29.9628u 
  700.00000m   37.7774u 
  750.00000m   46.2042u 
  800.00000m   55.1663u 
  850.00000m   64.5910u 
  900.00000m   74.4081u 
  950.00000m   84.5487u 
    1.00000    94.9439u 
y
 vth0_value= 255.6480m
 u0_param=  49.2351m
 ags_param= 427.3153m
 
   *** monte carlo  index = 502 ***
x

 volt         param     
             i_d_0.8    
    0.         63.8314p 
   50.00000m  327.5007p 
  100.00000m    1.6502n 
  150.00000m    7.8996n 
  200.00000m   34.6339n 
  250.00000m  135.1811n 
  300.00000m  463.3175n 
  350.00000m    1.3484u 
  400.00000m    3.2067u 
  450.00000m    6.2770u 
  500.00000m   10.5429u 
  550.00000m   15.8692u 
  600.00000m   22.1145u 
  650.00000m   29.1617u 
  700.00000m   36.9140u 
  750.00000m   45.2871u 
  800.00000m   54.2034u 
  850.00000m   63.5895u 
  900.00000m   73.3749u 
  950.00000m   83.4908u 
    1.00000    93.8684u 
y
 vth0_value= 261.6610m
 u0_param=  49.6008m
 ags_param= 416.4833m
 
   *** monte carlo  index = 503 ***
x

 volt         param     
             i_d_0.8    
    0.         51.4632p 
   50.00000m  263.7655p 
  100.00000m    1.3334n 
  150.00000m    6.4272n 
  200.00000m   28.4818n 
  250.00000m  112.5965n 
  300.00000m  391.5940n 
  350.00000m    1.1621u 
  400.00000m    2.8245u 
  450.00000m    5.6339u 
  500.00000m    9.5967u 
  550.00000m   14.5899u 
  600.00000m   20.4774u 
  650.00000m   27.1455u 
  700.00000m   34.5005u 
  750.00000m   42.4609u 
  800.00000m   50.9521u 
  850.00000m   59.9035u 
  900.00000m   69.2473u 
  950.00000m   78.9171u 
    1.00000    88.8468u 
y
 vth0_value= 266.8023m
 u0_param=  47.5141m
 ags_param= 418.1349m
 
   *** monte carlo  index = 504 ***
x

 volt         param     
             i_d_0.8    
    0.         55.8165p 
   50.00000m  286.3110p 
  100.00000m    1.4466n 
  150.00000m    6.9634n 
  200.00000m   30.7914n 
  250.00000m  121.4004n 
  300.00000m  420.8660n 
  350.00000m    1.2436u 
  400.00000m    3.0077u 
  450.00000m    5.9735u 
  500.00000m   10.1408u 
  550.00000m   15.3785u 
  600.00000m   21.5436u 
  650.00000m   28.5168u 
  700.00000m   36.2003u 
  750.00000m   44.5088u 
  800.00000m   53.3646u 
  850.00000m   62.6941u 
  900.00000m   72.4268u 
  950.00000m   82.4940u 
    1.00000    92.8272u 
y
 vth0_value= 265.7639m
 u0_param=  49.6688m
 ags_param= 412.1176m
 
   *** monte carlo  index = 505 ***
x

 volt         param     
             i_d_0.8    
    0.        118.3748p 
   50.00000m  606.0315p 
  100.00000m    3.0107n 
  150.00000m   14.0308n 
  200.00000m   59.1647n 
  250.00000m  220.9303n 
  300.00000m  718.5124n 
  350.00000m    1.9520u 
  400.00000m    4.3186u 
  450.00000m    7.9658u 
  500.00000m   12.8141u 
  550.00000m   18.7125u 
  600.00000m   25.5220u 
  650.00000m   33.1294u 
  700.00000m   41.4393u 
  750.00000m   50.3667u 
  800.00000m   59.8325u 
  850.00000m   69.7616u 
  900.00000m   80.0811u 
  950.00000m   90.7198u 
    1.00000   101.6059u 
y
 vth0_value= 243.9877m
 u0_param=  51.1093m
 ags_param= 409.4605m
 
   *** monte carlo  index = 506 ***
x

 volt         param     
             i_d_0.8    
    0.         41.1696p 
   50.00000m  210.7728p 
  100.00000m    1.0707n 
  150.00000m    5.2139n 
  200.00000m   23.4842n 
  250.00000m   94.6951n 
  300.00000m  336.6095n 
  350.00000m    1.0281u 
  400.00000m    2.5833u 
  450.00000m    5.3066u 
  500.00000m    9.2391u 
  550.00000m   14.2618u 
  600.00000m   20.2296u 
  650.00000m   27.0190u 
  700.00000m   34.5292u 
  750.00000m   42.6737u 
  800.00000m   51.3741u 
  850.00000m   60.5567u 
  900.00000m   70.1511u 
  950.00000m   80.0890u 
    1.00000    90.3025u 
y
 vth0_value= 275.0066m
 u0_param=  49.6824m
 ags_param= 418.6988m
 
   *** monte carlo  index = 507 ***
x

 volt         param     
             i_d_0.8    
    0.        132.6285p 
   50.00000m  678.3725p 
  100.00000m    3.3599n 
  150.00000m   15.5740n 
  200.00000m   65.1870n 
  250.00000m  241.4303n 
  300.00000m  777.2558n 
  350.00000m    2.0843u 
  400.00000m    4.5526u 
  450.00000m    8.3123u 
  500.00000m   13.2742u 
  550.00000m   19.2855u 
  600.00000m   26.2076u 
  650.00000m   33.9277u 
  700.00000m   42.3507u 
  750.00000m   51.3913u 
  800.00000m   60.9699u 
  850.00000m   71.0111u 
  900.00000m   81.4415u 
  950.00000m   92.1894u 
    1.00000   103.1822u 
y
 vth0_value= 240.7719m
 u0_param=  51.4463m
 ags_param= 414.3540m
 
   *** monte carlo  index = 508 ***
x

 volt         param     
             i_d_0.8    
    0.         87.7349p 
   50.00000m  450.0019p 
  100.00000m    2.2527n 
  150.00000m   10.6465n 
  200.00000m   45.7962n 
  250.00000m  174.8614n 
  300.00000m  584.1514n 
  350.00000m    1.6434u 
  400.00000m    3.7680u 
  450.00000m    7.1538u 
  500.00000m   11.7497u 
  550.00000m   17.4096u 
  600.00000m   23.9913u 
  650.00000m   31.3783u 
  700.00000m   39.4739u 
  750.00000m   48.1925u 
  800.00000m   57.4551u 
  850.00000m   67.1869u 
  900.00000m   77.3156u 
  950.00000m   87.7708u 
    1.00000    98.4818u 
y
 vth0_value= 252.8384m
 u0_param=  50.8236m
 ags_param= 399.2561m
 
   *** monte carlo  index = 509 ***
x

 volt         param     
             i_d_0.8    
    0.        106.3790p 
   50.00000m  544.7244p 
  100.00000m    2.7106n 
  150.00000m   12.6721n 
  200.00000m   53.6710n 
  250.00000m  201.4236n 
  300.00000m  659.1970n 
  350.00000m    1.8055u 
  400.00000m    4.0274u 
  450.00000m    7.4784u 
  500.00000m   12.0897u 
  550.00000m   17.7182u 
  600.00000m   24.2306u 
  650.00000m   31.5179u 
  700.00000m   39.4884u 
  750.00000m   48.0604u 
  800.00000m   57.1578u 
  850.00000m   66.7080u 
  900.00000m   76.6407u 
  950.00000m   86.8869u 
    1.00000    97.3767u 
y
 vth0_value= 245.8884m
 u0_param=  49.0519m
 ags_param= 426.8274m
 
   *** monte carlo  index = 510 ***
x

 volt         param     
             i_d_0.8    
    0.         62.0465p 
   50.00000m  318.3064p 
  100.00000m    1.6045n 
  150.00000m    7.6875n 
  200.00000m   33.7483n 
  250.00000m  131.9289n 
  300.00000m  452.9856n 
  350.00000m    1.3215u 
  400.00000m    3.1510u 
  450.00000m    6.1821u 
  500.00000m   10.4012u 
  550.00000m   15.6750u 
  600.00000m   21.8629u 
  650.00000m   28.8486u 
  700.00000m   36.5359u 
  750.00000m   44.8411u 
  800.00000m   53.6870u 
  850.00000m   63.0009u 
  900.00000m   72.7125u 
  950.00000m   82.7536u 
    1.00000    93.0557u 
y
 vth0_value= 262.2808m
 u0_param=  49.2340m
 ags_param= 414.9850m
 
   *** monte carlo  index = 511 ***
x

 volt         param     
             i_d_0.8    
    0.         48.4571p 
   50.00000m  248.3806p 
  100.00000m    1.2581n 
  150.00000m    6.0875n 
  200.00000m   27.1406n 
  250.00000m  108.0726n 
  300.00000m  378.8595n 
  350.00000m    1.1361u 
  400.00000m    2.7945u 
  450.00000m    5.6324u 
  500.00000m    9.6673u 
  550.00000m   14.7742u 
  600.00000m   20.8103u 
  650.00000m   27.6555u 
  700.00000m   35.2114u 
  750.00000m   43.3931u 
  800.00000m   52.1230u 
  850.00000m   61.3280u 
  900.00000m   70.9382u 
  950.00000m   80.8853u 
    1.00000    91.1016u 
y
 vth0_value= 269.8132m
 u0_param=  49.3054m
 ags_param= 419.9566m
 
   *** monte carlo  index = 512 ***
x

 volt         param     
             i_d_0.8    
    0.        309.2982p 
   50.00000m    1.5627n 
  100.00000m    7.5205n 
  150.00000m   33.2411n 
  200.00000m  130.9940n 
  250.00000m  453.9048n 
  300.00000m    1.3406u 
  350.00000m    3.2415u 
  400.00000m    6.4378u 
  450.00000m   10.9318u 
  500.00000m   16.5849u 
  550.00000m   23.2446u 
  600.00000m   30.7838u 
  650.00000m   39.0973u 
  700.00000m   48.0936u 
  750.00000m   57.6883u 
  800.00000m   67.8020u 
  850.00000m   78.3580u 
  900.00000m   89.2817u 
  950.00000m  100.4989u 
    1.00000   111.9337u 
y
 vth0_value= 215.5614m
 u0_param=  52.0052m
 ags_param= 421.7386m
 
   *** monte carlo  index = 513 ***
x

 volt         param     
             i_d_0.8    
    0.         52.0217p 
   50.00000m  266.8082p 
  100.00000m    1.3502n 
  150.00000m    6.5208n 
  200.00000m   28.9818n 
  250.00000m  114.9647n 
  300.00000m  401.2780n 
  350.00000m    1.1964u 
  400.00000m    2.9234u 
  450.00000m    5.8577u 
  500.00000m   10.0097u 
  550.00000m   15.2492u 
  600.00000m   21.4304u 
  650.00000m   28.4315u 
  700.00000m   36.1526u 
  750.00000m   44.5072u 
  800.00000m   53.4163u 
  850.00000m   62.8058u 
  900.00000m   72.6043u 
  950.00000m   82.7426u 
    1.00000    93.1517u 
y
 vth0_value= 268.2732m
 u0_param=  50.2575m
 ags_param= 422.2952m
 
   *** monte carlo  index = 514 ***
x

 volt         param     
             i_d_0.8    
    0.        155.6370p 
   50.00000m  794.3523p 
  100.00000m    3.9123n 
  150.00000m   17.9595n 
  200.00000m   74.2041n 
  250.00000m  270.9675n 
  300.00000m  857.0483n 
  350.00000m    2.2477u 
  400.00000m    4.8053u 
  450.00000m    8.6287u 
  500.00000m   13.6182u 
  550.00000m   19.6245u 
  600.00000m   26.5157u 
  650.00000m   34.1840u 
  700.00000m   42.5375u 
  750.00000m   51.4935u 
  800.00000m   60.9744u 
  850.00000m   70.9059u 
  900.00000m   81.2162u 
  950.00000m   91.8342u 
    1.00000   102.6878u 
y
 vth0_value= 235.1977m
 u0_param=  50.2587m
 ags_param= 426.3447m
 
   *** monte carlo  index = 515 ***
x

 volt         param     
             i_d_0.8    
    0.         50.1834p 
   50.00000m  257.1859p 
  100.00000m    1.3009n 
  150.00000m    6.2775n 
  200.00000m   27.8684n 
  250.00000m  110.4082n 
  300.00000m  384.9022n 
  350.00000m    1.1459u 
  400.00000m    2.7950u 
  450.00000m    5.5927u 
  500.00000m    9.5485u 
  550.00000m   14.5400u 
  600.00000m   20.4304u 
  650.00000m   27.1050u 
  700.00000m   34.4696u 
  750.00000m   42.4422u 
  800.00000m   50.9479u 
  850.00000m   59.9158u 
  900.00000m   69.2780u 
  950.00000m   78.9679u 
    1.00000    88.9191u 
y
 vth0_value= 267.6842m
 u0_param=  47.6899m
 ags_param= 420.7389m
 
   *** monte carlo  index = 516 ***
x

 volt         param     
             i_d_0.8    
    0.         72.8386p 
   50.00000m  373.6103p 
  100.00000m    1.8764n 
  150.00000m    8.9254n 
  200.00000m   38.7593n 
  250.00000m  149.6211n 
  300.00000m  506.3568n 
  350.00000m    1.4492u 
  400.00000m    3.3839u 
  450.00000m    6.5231u 
  500.00000m   10.8345u 
  550.00000m   16.1818u 
  600.00000m   22.4276u 
  650.00000m   29.4587u 
  700.00000m   37.1814u 
  750.00000m   45.5129u 
  800.00000m   54.3771u 
  850.00000m   63.7017u 
  900.00000m   73.4170u 
  950.00000m   83.4548u 
    1.00000    93.7469u 
y
 vth0_value= 257.1687m
 u0_param=  48.8272m
 ags_param= 405.6894m
 
   *** monte carlo  index = 517 ***
x

 volt         param     
             i_d_0.8    
    0.         60.1144p 
   50.00000m  308.3748p 
  100.00000m    1.5554n 
  150.00000m    7.4613n 
  200.00000m   32.8175n 
  250.00000m  128.5766n 
  300.00000m  442.5972n 
  350.00000m    1.2956u 
  400.00000m    3.1007u 
  450.00000m    6.1029u 
  500.00000m   10.2920u 
  550.00000m   15.5360u 
  600.00000m   21.6942u 
  650.00000m   28.6501u 
  700.00000m   36.3075u 
  750.00000m   44.5825u 
  800.00000m   53.3981u 
  850.00000m   62.6816u 
  900.00000m   72.3630u 
  950.00000m   82.3741u 
    1.00000    92.6467u 
y
 vth0_value= 263.1842m
 u0_param=  49.1522m
 ags_param= 408.1369m
 
   *** monte carlo  index = 518 ***
x

 volt         param     
             i_d_0.8    
    0.         61.9993p 
   50.00000m  318.0907p 
  100.00000m    1.6037n 
  150.00000m    7.6863n 
  200.00000m   33.7606n 
  250.00000m  132.0546n 
  300.00000m  453.7099n 
  350.00000m    1.3248u 
  400.00000m    3.1617u 
  450.00000m    6.2080u 
  500.00000m   10.4506u 
  550.00000m   15.7553u 
  600.00000m   21.9804u 
  650.00000m   29.0084u 
  700.00000m   36.7427u 
  750.00000m   45.0985u 
  800.00000m   53.9984u 
  850.00000m   63.3690u 
  900.00000m   73.1399u 
  950.00000m   83.2422u 
    1.00000    93.6072u 
y
 vth0_value= 262.5291m
 u0_param=  49.5815m
 ags_param= 423.1660m
 
   *** monte carlo  index = 519 ***
x

 volt         param     
             i_d_0.8    
    0.         93.1486p 
   50.00000m  477.4754p 
  100.00000m    2.3852n 
  150.00000m   11.2292n 
  200.00000m   48.0350n 
  250.00000m  182.2771n 
  300.00000m  604.5137n 
  350.00000m    1.6846u 
  400.00000m    3.8245u 
  450.00000m    7.2032u 
  500.00000m   11.7638u 
  550.00000m   17.3627u 
  600.00000m   23.8626u 
  650.00000m   31.1510u 
  700.00000m   39.1340u 
  750.00000m   47.7283u 
  800.00000m   56.8567u 
  850.00000m   66.4457u 
  900.00000m   76.4244u 
  950.00000m   86.7234u 
    1.00000    97.2726u 
y
 vth0_value= 250.3172m
 u0_param=  49.7028m
 ags_param= 421.3609m
 
   *** monte carlo  index = 520 ***
x

 volt         param     
             i_d_0.8    
    0.        122.7661p 
   50.00000m  627.9624p 
  100.00000m    3.1131n 
  150.00000m   14.4549n 
  200.00000m   60.6496n 
  250.00000m  225.2551n 
  300.00000m  727.8068n 
  350.00000m    1.9608u 
  400.00000m    4.3025u 
  450.00000m    7.8854u 
  500.00000m   12.6283u 
  550.00000m   18.3860u 
  600.00000m   25.0258u 
  650.00000m   32.4396u 
  700.00000m   40.5361u 
  750.00000m   49.2332u 
  800.00000m   58.4545u 
  850.00000m   68.1269u 
  900.00000m   78.1797u 
  950.00000m   88.5433u 
    1.00000    99.1471u 
y
 vth0_value= 241.7842m
 u0_param=  49.3818m
 ags_param= 424.3909m
 
   *** monte carlo  index = 521 ***
x

 volt         param     
             i_d_0.8    
    0.         39.2960p 
   50.00000m  201.0671p 
  100.00000m    1.0219n 
  150.00000m    4.9832n 
  200.00000m   22.4946n 
  250.00000m   90.9562n 
  300.00000m  324.3172n 
  350.00000m  994.5259n 
  400.00000m    2.5111u 
  450.00000m    5.1810u 
  500.00000m    9.0503u 
  550.00000m   14.0036u 
  600.00000m   19.8967u 
  650.00000m   26.6068u 
  700.00000m   34.0339u 
  750.00000m   42.0918u 
  800.00000m   50.7028u 
  850.00000m   59.7938u 
  900.00000m   69.2950u 
  950.00000m   79.1384u 
    1.00000    89.2568u 
y
 vth0_value= 276.1466m
 u0_param=  49.2535m
 ags_param= 410.9471m
 
   *** monte carlo  index = 522 ***
x

 volt         param     
             i_d_0.8    
    0.        115.9130p 
   50.00000m  593.3605p 
  100.00000m    2.9478n 
  150.00000m   13.7389n 
  200.00000m   57.9424n 
  250.00000m  216.4138n 
  300.00000m  704.0614n 
  350.00000m    1.9136u 
  400.00000m    4.2356u 
  450.00000m    7.8162u 
  500.00000m   12.5782u 
  550.00000m   18.3741u 
  600.00000m   25.0677u 
  650.00000m   32.5480u 
  700.00000m   40.7216u 
  750.00000m   49.5048u 
  800.00000m   58.8200u 
  850.00000m   68.5932u 
  900.00000m   78.7527u 
  950.00000m   89.2282u 
    1.00000    99.9485u 
y
 vth0_value= 244.0365m
 u0_param=  50.1875m
 ags_param= 418.4495m
 
   *** monte carlo  index = 523 ***
x

 volt         param     
             i_d_0.8    
    0.         96.3063p 
   50.00000m  493.4324p 
  100.00000m    2.4615n 
  150.00000m   11.5594n 
  200.00000m   49.2720n 
  250.00000m  186.2370n 
  300.00000m  614.7798n 
  350.00000m    1.7028u 
  400.00000m    3.8419u 
  450.00000m    7.1998u 
  500.00000m   11.7164u 
  550.00000m   17.2505u 
  600.00000m   23.6685u 
  650.00000m   30.8607u 
  700.00000m   38.7353u 
  750.00000m   47.2107u 
  800.00000m   56.2111u 
  850.00000m   65.6643u 
  900.00000m   75.5004u 
  950.00000m   85.6508u 
    1.00000    96.0464u 
y
 vth0_value= 248.7155m
 u0_param=  48.7890m
 ags_param= 404.9347m
 
   *** monte carlo  index = 524 ***
x

 volt         param     
             i_d_0.8    
    0.        184.8051p 
   50.00000m  941.1191p 
  100.00000m    4.6093n 
  150.00000m   20.9594n 
  200.00000m   85.5397n 
  250.00000m  308.1764n 
  300.00000m  958.0358n 
  350.00000m    2.4597u 
  400.00000m    5.1546u 
  450.00000m    9.1148u 
  500.00000m   14.2297u 
  550.00000m   20.3501u 
  600.00000m   27.3467u 
  650.00000m   35.1136u 
  700.00000m   43.5601u 
  750.00000m   52.6036u 
  800.00000m   62.1669u 
  850.00000m   72.1757u 
  900.00000m   82.5580u 
  950.00000m   93.2423u 
    1.00000   104.1563u 
y
 vth0_value= 229.9992m
 u0_param=  50.2322m
 ags_param= 418.8134m
 
   *** monte carlo  index = 525 ***
x

 volt         param     
             i_d_0.8    
    0.         34.0808p 
   50.00000m  174.0407p 
  100.00000m  886.1545p 
  150.00000m    4.3398n 
  200.00000m   19.7324n 
  250.00000m   80.5235n 
  300.00000m  290.0484n 
  350.00000m  901.2910n 
  400.00000m    2.3122u 
  450.00000m    4.8410u 
  500.00000m    8.5515u 
  550.00000m   13.3371u 
  600.00000m   19.0562u 
  650.00000m   25.5864u 
  700.00000m   32.8280u 
  750.00000m   40.6959u 
  800.00000m   49.1133u 
  850.00000m   58.0080u 
  900.00000m   67.3113u 
  950.00000m   76.9564u 
    1.00000    86.8770u 
y
 vth0_value= 279.9642m
 u0_param=  48.4534m
 ags_param= 402.6423m
 
   *** monte carlo  index = 526 ***
x

 volt         param     
             i_d_0.8    
    0.         42.7525p 
   50.00000m  218.8807p 
  100.00000m    1.1104n 
  150.00000m    5.3930n 
  200.00000m   24.1876n 
  250.00000m   97.0218n 
  300.00000m  342.9294n 
  350.00000m    1.0396u 
  400.00000m    2.5898u 
  450.00000m    5.2790u 
  500.00000m    9.1383u 
  550.00000m   14.0506u 
  600.00000m   19.8765u 
  650.00000m   26.4980u 
  700.00000m   33.8186u 
  750.00000m   41.7548u 
  800.00000m   50.2308u 
  850.00000m   59.1754u 
  900.00000m   68.5199u 
  950.00000m   78.1979u 
    1.00000    88.1429u 
y
 vth0_value= 272.8018m
 u0_param=  48.0671m
 ags_param= 400.0257m
 
   *** monte carlo  index = 527 ***
x

 volt         param     
             i_d_0.8    
    0.         73.7237p 
   50.00000m  378.1467p 
  100.00000m    1.8987n 
  150.00000m    9.0272n 
  200.00000m   39.1731n 
  250.00000m  151.0942n 
  300.00000m  510.8551n 
  350.00000m    1.4602u 
  400.00000m    3.4051u 
  450.00000m    6.5567u 
  500.00000m   10.8816u 
  550.00000m   16.2432u 
  600.00000m   22.5041u 
  650.00000m   29.5513u 
  700.00000m   37.2910u 
  750.00000m   45.6406u 
  800.00000m   54.5237u 
  850.00000m   63.8681u 
  900.00000m   73.6040u 
  950.00000m   83.6630u 
    1.00000    93.9767u 
y
 vth0_value= 256.8359m
 u0_param=  48.8757m
 ags_param= 427.4545m
 
   *** monte carlo  index = 528 ***
x

 volt         param     
             i_d_0.8    
    0.        144.4610p 
   50.00000m  737.5787p 
  100.00000m    3.6377n 
  150.00000m   16.7386n 
  200.00000m   69.3825n 
  250.00000m  254.2790n 
  300.00000m  808.0286n 
  350.00000m    2.1316u 
  400.00000m    4.5828u 
  450.00000m    8.2658u 
  500.00000m   13.0879u 
  550.00000m   18.9051u 
  600.00000m   25.5888u 
  650.00000m   33.0339u 
  700.00000m   41.1512u 
  750.00000m   49.8599u 
  800.00000m   59.0845u 
  850.00000m   68.7525u 
  900.00000m   78.7937u 
  950.00000m   89.1386u 
    1.00000    99.7166u 
y
 vth0_value= 236.5410m
 u0_param=  48.8691m
 ags_param= 427.6782m
 
   *** monte carlo  index = 529 ***
x

 volt         param     
             i_d_0.8    
    0.        103.9757p 
   50.00000m  532.4550p 
  100.00000m    2.6507n 
  150.00000m   12.4019n 
  200.00000m   52.5858n 
  250.00000m  197.6018n 
  300.00000m  647.7016n 
  350.00000m    1.7776u 
  400.00000m    3.9733u 
  450.00000m    7.3904u 
  500.00000m   11.9618u 
  550.00000m   17.5460u 
  600.00000m   24.0101u 
  650.00000m   31.2458u 
  700.00000m   39.1620u 
  750.00000m   47.6772u 
  800.00000m   56.7158u 
  850.00000m   66.2056u 
  900.00000m   76.0768u 
  950.00000m   86.2605u 
    1.00000    96.6875u 
y
 vth0_value= 246.3811m
 u0_param=  48.7534m
 ags_param= 423.8815m
 
   *** monte carlo  index = 530 ***
x

 volt         param     
             i_d_0.8    
    0.         54.2742p 
   50.00000m  278.2841p 
  100.00000m    1.4059n 
  150.00000m    6.7669n 
  200.00000m   29.9198n 
  250.00000m  117.9592n 
  300.00000m  408.9615n 
  350.00000m    1.2086u 
  400.00000m    2.9235u 
  450.00000m    5.8073u 
  500.00000m    9.8611u 
  550.00000m   14.9581u 
  600.00000m   20.9600u 
  650.00000m   27.7513u 
  700.00000m   35.2370u 
  750.00000m   43.3344u 
  800.00000m   51.9678u 
  850.00000m   61.0655u 
  900.00000m   70.5587u 
  950.00000m   80.3801u 
    1.00000    90.4627u 
y
 vth0_value= 265.7091m
 u0_param=  48.2881m
 ags_param= 410.2529m
 
   *** monte carlo  index = 531 ***
x

 volt         param     
             i_d_0.8    
    0.         42.0916p 
   50.00000m  215.4834p 
  100.00000m    1.0936n 
  150.00000m    5.3161n 
  200.00000m   23.8755n 
  250.00000m   95.9329n 
  300.00000m  339.7112n 
  350.00000m    1.0324u 
  400.00000m    2.5791u 
  450.00000m    5.2707u 
  500.00000m    9.1413u 
  550.00000m   14.0739u 
  600.00000m   19.9279u 
  650.00000m   26.5839u 
  700.00000m   33.9445u 
  750.00000m   41.9256u 
  800.00000m   50.4508u 
  850.00000m   59.4483u 
  900.00000m   68.8491u 
  950.00000m   78.5861u 
    1.00000    88.5929u 
y
 vth0_value= 273.5111m
 u0_param=  48.4221m
 ags_param= 418.4203m
 
   *** monte carlo  index = 532 ***
x

 volt         param     
             i_d_0.8    
    0.        205.3006p 
   50.00000m    1.0437n 
  100.00000m    5.0917n 
  150.00000m   23.0028n 
  200.00000m   93.1088n 
  250.00000m  332.4367n 
  300.00000m    1.0215u 
  350.00000m    2.5859u 
  400.00000m    5.3497u 
  450.00000m    9.3677u 
  500.00000m   14.5244u 
  550.00000m   20.6727u 
  600.00000m   27.6861u 
  650.00000m   35.4609u 
  700.00000m   43.9079u 
  750.00000m   52.9455u 
  800.00000m   62.4971u 
  850.00000m   72.4889u 
  900.00000m   82.8493u 
  950.00000m   93.5070u 
    1.00000   104.3895u 
y
 vth0_value= 226.5449m
 u0_param=  49.7987m
 ags_param= 429.5646m
 
   *** monte carlo  index = 533 ***
x

 volt         param     
             i_d_0.8    
    0.         84.4287p 
   50.00000m  432.7434p 
  100.00000m    2.1647n 
  150.00000m   10.2184n 
  200.00000m   43.8822n 
  250.00000m  167.2707n 
  300.00000m  557.8069n 
  350.00000m    1.5657u 
  400.00000m    3.5817u 
  450.00000m    6.7885u 
  500.00000m   11.1385u 
  550.00000m   16.4955u 
  600.00000m   22.7277u 
  650.00000m   29.7264u 
  700.00000m   37.4013u 
  750.00000m   45.6719u 
  800.00000m   54.4637u 
  850.00000m   63.7058u 
  900.00000m   73.3295u 
  950.00000m   83.2675u 
    1.00000    93.4518u 
y
 vth0_value= 252.0514m
 u0_param=  47.8348m
 ags_param= 427.7968m
 
   *** monte carlo  index = 534 ***
x

 volt         param     
             i_d_0.8    
    0.         63.1100p 
   50.00000m  323.8071p 
  100.00000m    1.6321n 
  150.00000m    7.8175n 
  200.00000m   34.3048n 
  250.00000m  134.0366n 
  300.00000m  459.9379n 
  350.00000m    1.3407u 
  400.00000m    3.1937u 
  450.00000m    6.2607u 
  500.00000m   10.5268u 
  550.00000m   15.8565u 
  600.00000m   22.1078u 
  650.00000m   29.1630u 
  700.00000m   36.9252u 
  750.00000m   45.3095u 
  800.00000m   54.2381u 
  850.00000m   63.6375u 
  900.00000m   73.4371u 
  950.00000m   83.5679u 
    1.00000    93.9610u 
y
 vth0_value= 262.0903m
 u0_param=  49.7335m
 ags_param= 409.2843m
 
   *** monte carlo  index = 535 ***
x

 volt         param     
             i_d_0.8    
    0.         66.1747p 
   50.00000m  339.4892p 
  100.00000m    1.7089n 
  150.00000m    8.1650n 
  200.00000m   35.6942n 
  250.00000m  138.8522n 
  300.00000m  474.0876n 
  350.00000m    1.3728u 
  400.00000m    3.2466u 
  450.00000m    6.3255u 
  500.00000m   10.5882u 
  550.00000m   15.8999u 
  600.00000m   22.1209u 
  650.00000m   29.1359u 
  700.00000m   36.8495u 
  750.00000m   45.1782u 
  800.00000m   54.0451u 
  850.00000m   63.3775u 
  900.00000m   73.1055u 
  950.00000m   83.1604u 
    1.00000    93.4740u 
y
 vth0_value= 260.2857m
 u0_param=  49.1608m
 ags_param= 410.5520m
 
   *** monte carlo  index = 536 ***
x

 volt         param     
             i_d_0.8    
    0.         87.5292p 
   50.00000m  449.0145p 
  100.00000m    2.2485n 
  150.00000m   10.6330n 
  200.00000m   45.7767n 
  250.00000m  174.9513n 
  300.00000m  585.0825n 
  350.00000m    1.6483u 
  400.00000m    3.7850u 
  450.00000m    7.1947u 
  500.00000m   11.8270u 
  550.00000m   17.5342u 
  600.00000m   24.1724u 
  650.00000m   31.6239u 
  700.00000m   39.7907u 
  750.00000m   48.5865u 
  800.00000m   57.9314u 
  850.00000m   67.7499u 
  900.00000m   77.9694u 
  950.00000m   88.5185u 
    1.00000    99.3262u 
y
 vth0_value= 253.2294m
 u0_param=  51.3340m
 ags_param= 423.4010m
 
   *** monte carlo  index = 537 ***
x

 volt         param     
             i_d_0.8    
    0.         47.3891p 
   50.00000m  242.8020p 
  100.00000m    1.2295n 
  150.00000m    5.9481n 
  200.00000m   26.5089n 
  250.00000m  105.5155n 
  300.00000m  369.7708n 
  350.00000m    1.1084u 
  400.00000m    2.7252u 
  450.00000m    5.4909u 
  500.00000m    9.4230u 
  550.00000m   14.4006u 
  600.00000m   20.2854u 
  650.00000m   26.9611u 
  700.00000m   34.3323u 
  750.00000m   42.3162u 
  800.00000m   50.8375u 
  850.00000m   59.8249u 
  900.00000m   69.2100u 
  950.00000m   78.9261u 
    1.00000    88.9066u 
y
 vth0_value= 269.6160m
 u0_param=  47.9791m
 ags_param= 425.6371m
 
   *** monte carlo  index = 538 ***
x

 volt         param     
             i_d_0.8    
    0.         81.6908p 
   50.00000m  419.0566p 
  100.00000m    2.1007n 
  150.00000m    9.9556n 
  200.00000m   42.9955n 
  250.00000m  164.9198n 
  300.00000m  553.9380n 
  350.00000m    1.5696u 
  400.00000m    3.6261u 
  450.00000m    6.9277u 
  500.00000m   11.4308u 
  550.00000m   16.9923u 
  600.00000m   23.4710u 
  650.00000m   30.7512u 
  700.00000m   38.7367u 
  750.00000m   47.3428u 
  800.00000m   56.4911u 
  850.00000m   66.1074u 
  900.00000m   76.1203u 
  950.00000m   86.4598u 
    1.00000    97.0559u 
y
 vth0_value= 254.6513m
 u0_param=  50.2868m
 ags_param= 416.5928m
 
   *** monte carlo  index = 539 ***
x

 volt         param     
             i_d_0.8    
    0.        143.0245p 
   50.00000m  730.8011p 
  100.00000m    3.6098n 
  150.00000m   16.6541n 
  200.00000m   69.2693n 
  250.00000m  254.7888n 
  300.00000m  813.2715n 
  350.00000m    2.1574u 
  400.00000m    4.6630u 
  450.00000m    8.4445u 
  500.00000m   13.4077u 
  550.00000m   19.4018u 
  600.00000m   26.2920u 
  650.00000m   33.9684u 
  700.00000m   42.3377u 
  750.00000m   51.3160u 
  800.00000m   60.8252u 
  850.00000m   70.7903u 
  900.00000m   81.1391u 
  950.00000m   91.8001u 
    1.00000   102.7012u 
y
 vth0_value= 238.0425m
 u0_param=  50.7240m
 ags_param= 424.4752m
 
   *** monte carlo  index = 540 ***
x

 volt         param     
             i_d_0.8    
    0.         66.3498p 
   50.00000m  340.4652p 
  100.00000m    1.7145n 
  150.00000m    8.1976n 
  200.00000m   35.8740n 
  250.00000m  139.7157n 
  300.00000m  477.6462n 
  350.00000m    1.3854u 
  400.00000m    3.2824u 
  450.00000m    6.4048u 
  500.00000m   10.7321u 
  550.00000m   16.1267u 
  600.00000m   22.4459u 
  650.00000m   29.5716u 
  700.00000m   37.4066u 
  750.00000m   45.8656u 
  800.00000m   54.8705u 
  850.00000m   64.3472u 
  900.00000m   74.2247u 
  950.00000m   84.4336u 
    1.00000    94.9046u 
y
 vth0_value= 260.7899m
 u0_param=  50.0651m
 ags_param= 410.4827m
 
   *** monte carlo  index = 541 ***
x

 volt         param     
             i_d_0.8    
    0.         64.6899p 
   50.00000m  331.8346p 
  100.00000m    1.6708n 
  150.00000m    7.9875n 
  200.00000m   34.9486n 
  250.00000m  136.0920n 
  300.00000m  465.2294n 
  350.00000m    1.3494u 
  400.00000m    3.1969u 
  450.00000m    6.2382u 
  500.00000m   10.4541u 
  550.00000m   15.7117u 
  600.00000m   21.8726u 
  650.00000m   28.8225u 
  700.00000m   36.4667u 
  750.00000m   44.7225u 
  800.00000m   53.5136u 
  850.00000m   62.7678u 
  900.00000m   72.4157u 
  950.00000m   82.3894u 
    1.00000    92.6207u 
y
 vth0_value= 260.6899m
 u0_param=  48.7307m
 ags_param= 414.7305m
 
   *** monte carlo  index = 542 ***
x

 volt         param     
             i_d_0.8    
    0.         46.9510p 
   50.00000m  240.5644p 
  100.00000m    1.2186n 
  150.00000m    5.8994n 
  200.00000m   26.3212n 
  250.00000m  104.9066n 
  300.00000m  368.1657n 
  350.00000m    1.1057u 
  400.00000m    2.7244u 
  450.00000m    5.4997u 
  500.00000m    9.4511u 
  550.00000m   14.4572u 
  600.00000m   20.3780u 
  650.00000m   27.0959u 
  700.00000m   34.5145u 
  750.00000m   42.5503u 
  800.00000m   51.1270u 
  850.00000m   60.1730u 
  900.00000m   69.6194u 
  950.00000m   79.3989u 
    1.00000    89.4447u 
y
 vth0_value= 270.1695m
 u0_param=  48.3875m
 ags_param= 421.1327m
 
   *** monte carlo  index = 543 ***
x

 volt         param     
             i_d_0.8    
    0.         69.0283p 
   50.00000m  354.0707p 
  100.00000m    1.7802n 
  150.00000m    8.4858n 
  200.00000m   36.9675n 
  250.00000m  143.2303n 
  300.00000m  486.8089n 
  350.00000m    1.4012u 
  400.00000m    3.2920u 
  450.00000m    6.3788u 
  500.00000m   10.6350u 
  550.00000m   15.9264u 
  600.00000m   22.1159u 
  650.00000m   29.0902u 
  700.00000m   36.7556u 
  750.00000m   45.0298u 
  800.00000m   53.8367u 
  850.00000m   63.1045u 
  900.00000m   72.7638u 
  950.00000m   82.7465u 
    1.00000    92.9847u 
y
 vth0_value= 258.6458m
 u0_param=  48.6058m
 ags_param= 421.9261m
 
   *** monte carlo  index = 544 ***
x

 volt         param     
             i_d_0.8    
    0.         82.4191p 
   50.00000m  422.6284p 
  100.00000m    2.1167n 
  150.00000m   10.0149n 
  200.00000m   43.1496n 
  250.00000m  165.0787n 
  300.00000m  552.8227n 
  350.00000m    1.5603u 
  400.00000m    3.5900u 
  450.00000m    6.8360u 
  500.00000m   11.2534u 
  550.00000m   16.7028u 
  600.00000m   23.0477u 
  650.00000m   30.1761u 
  700.00000m   37.9947u 
  750.00000m   46.4209u 
  800.00000m   55.3785u 
  850.00000m   64.7948u 
  900.00000m   74.6000u 
  950.00000m   84.7254u 
    1.00000    95.1022u 
y
 vth0_value= 253.5569m
 u0_param=  49.0078m
 ags_param= 416.0813m
 
   *** monte carlo  index = 545 ***
x

 volt         param     
             i_d_0.8    
    0.         48.7012p 
   50.00000m  249.5757p 
  100.00000m    1.2633n 
  150.00000m    6.1060n 
  200.00000m   27.1737n 
  250.00000m  107.9728n 
  300.00000m  377.6397n 
  350.00000m    1.1291u 
  400.00000m    2.7676u 
  450.00000m    5.5617u 
  500.00000m    9.5255u 
  550.00000m   14.5367u 
  600.00000m   20.4566u 
  650.00000m   27.1687u 
  700.00000m   34.5773u 
  750.00000m   42.5997u 
  800.00000m   51.1601u 
  850.00000m   60.1870u 
  900.00000m   69.6119u 
  950.00000m   79.3677u 
    1.00000    89.3877u 
y
 vth0_value= 268.9034m
 u0_param=  48.1531m
 ags_param= 421.3523m
 
   *** monte carlo  index = 546 ***
x

 volt         param     
             i_d_0.8    
    0.         52.3214p 
   50.00000m  268.2546p 
  100.00000m    1.3564n 
  150.00000m    6.5402n 
  200.00000m   28.9971n 
  250.00000m  114.6961n 
  300.00000m  399.1047n 
  350.00000m    1.1852u 
  400.00000m    2.8826u 
  450.00000m    5.7534u 
  500.00000m    9.8039u 
  550.00000m   14.9077u 
  600.00000m   20.9251u 
  650.00000m   27.7390u 
  700.00000m   35.2534u 
  750.00000m   43.3848u 
  800.00000m   52.0568u 
  850.00000m   61.1972u 
  900.00000m   70.7369u 
  950.00000m   80.6083u 
    1.00000    90.7439u 
y
 vth0_value= 267.0546m
 u0_param=  48.6439m
 ags_param= 426.1717m
 
   *** monte carlo  index = 547 ***
x

 volt         param     
             i_d_0.8    
    0.         93.9587p 
   50.00000m  481.5770p 
  100.00000m    2.4048n 
  150.00000m   11.3150n 
  200.00000m   48.3604n 
  250.00000m  183.3357n 
  300.00000m  607.3332n 
  350.00000m    1.6899u 
  400.00000m    3.8307u 
  450.00000m    7.2060u 
  500.00000m   11.7577u 
  550.00000m   17.3430u 
  600.00000m   23.8252u 
  650.00000m   31.0924u 
  700.00000m   39.0512u 
  750.00000m   47.6186u 
  800.00000m   56.7177u 
  850.00000m   66.2754u 
  900.00000m   76.2209u 
  950.00000m   86.4850u 
    1.00000    96.9979u 
y
 vth0_value= 249.9281m
 u0_param=  49.5051m
 ags_param= 408.2866m
 
   *** monte carlo  index = 548 ***
x

 volt         param     
             i_d_0.8    
    0.         64.6650p 
   50.00000m  331.7717p 
  100.00000m    1.6712n 
  150.00000m    7.9950n 
  200.00000m   35.0189n 
  250.00000m  136.5317n 
  300.00000m  467.3564n 
  350.00000m    1.3579u 
  400.00000m    3.2233u 
  450.00000m    6.2997u 
  500.00000m   10.5690u 
  550.00000m   15.8961u 
  600.00000m   22.1398u 
  650.00000m   29.1835u 
  700.00000m   36.9310u 
  750.00000m   45.2980u 
  800.00000m   54.2071u 
  850.00000m   63.5850u 
  900.00000m   73.3614u 
  950.00000m   83.4675u 
    1.00000    93.8346u 
y
 vth0_value= 261.2071m
 u0_param=  49.5052m
 ags_param= 418.4661m
 
   *** monte carlo  index = 549 ***
x

 volt         param     
             i_d_0.8    
    0.         48.1402p 
   50.00000m  246.7604p 
  100.00000m    1.2501n 
  150.00000m    6.0521n 
  200.00000m   27.0023n 
  250.00000m  107.6168n 
  300.00000m  377.6232n 
  350.00000m    1.1338u 
  400.00000m    2.7929u 
  450.00000m    5.6362u 
  500.00000m    9.6826u 
  550.00000m   14.8067u 
  600.00000m   20.8646u 
  650.00000m   27.7352u 
  700.00000m   35.3197u 
  750.00000m   43.5323u 
  800.00000m   52.2951u 
  850.00000m   61.5346u 
  900.00000m   71.1807u 
  950.00000m   81.1647u 
    1.00000    91.4188u 
y
 vth0_value= 270.1833m
 u0_param=  49.5697m
 ags_param= 407.2141m
 
   *** monte carlo  index = 550 ***
x

 volt         param     
             i_d_0.8    
    0.        141.5970p 
   50.00000m  723.1260p 
  100.00000m    3.5687n 
  150.00000m   16.4392n 
  200.00000m   68.2416n 
  250.00000m  250.4996n 
  300.00000m  797.6296n 
  350.00000m    2.1095u 
  400.00000m    4.5463u 
  450.00000m    8.2154u 
  500.00000m   13.0257u 
  550.00000m   18.8326u 
  600.00000m   25.5074u 
  650.00000m   32.9448u 
  700.00000m   41.0550u 
  750.00000m   49.7575u 
  800.00000m   58.9764u 
  850.00000m   68.6394u 
  900.00000m   78.6761u 
  950.00000m   89.0171u 
    1.00000    99.5919u 
y
 vth0_value= 237.1691m
 u0_param=  48.9056m
 ags_param= 422.8999m
 
   *** monte carlo  index = 551 ***
x

 volt         param     
             i_d_0.8    
    0.         67.3657p 
   50.00000m  345.5435p 
  100.00000m    1.7382n 
  150.00000m    8.2939n 
  200.00000m   36.1860n 
  250.00000m  140.4471n 
  300.00000m  478.3128n 
  350.00000m    1.3804u 
  400.00000m    3.2527u 
  450.00000m    6.3180u 
  500.00000m   10.5527u 
  550.00000m   15.8231u 
  600.00000m   21.9920u 
  650.00000m   28.9462u 
  700.00000m   36.5918u 
  750.00000m   44.8465u 
  800.00000m   53.6343u 
  850.00000m   62.8834u 
  900.00000m   72.5244u 
  950.00000m   82.4894u 
    1.00000    92.7106u 
y
 vth0_value= 259.3494m
 u0_param=  48.5556m
 ags_param= 425.7650m
 
   *** monte carlo  index = 552 ***
x

 volt         param     
             i_d_0.8    
    0.         47.6044p 
   50.00000m  243.9609p 
  100.00000m    1.2358n 
  150.00000m    5.9819n 
  200.00000m   26.6840n 
  250.00000m  106.3250n 
  300.00000m  373.0208n 
  350.00000m    1.1198u 
  400.00000m    2.7576u 
  450.00000m    5.5639u 
  500.00000m    9.5577u 
  550.00000m   14.6155u 
  600.00000m   20.5960u 
  650.00000m   27.3799u 
  700.00000m   34.8700u 
  750.00000m   42.9818u 
  800.00000m   51.6384u 
  850.00000m   60.7673u 
  900.00000m   70.2990u 
  950.00000m   80.1659u 
    1.00000    90.3006u 
y
 vth0_value= 270.0759m
 u0_param=  48.8823m
 ags_param= 415.5751m
 
   *** monte carlo  index = 553 ***
x

 volt         param     
             i_d_0.8    
    0.         46.3022p 
   50.00000m  237.2436p 
  100.00000m    1.2024n 
  150.00000m    5.8262n 
  200.00000m   26.0328n 
  250.00000m  103.9423n 
  300.00000m  365.4916n 
  350.00000m    1.1005u 
  400.00000m    2.7195u 
  450.00000m    5.5039u 
  500.00000m    9.4762u 
  550.00000m   14.5142u 
  600.00000m   20.4762u 
  650.00000m   27.2428u 
  700.00000m   34.7163u 
  750.00000m   42.8120u 
  800.00000m   51.4532u 
  850.00000m   60.5673u 
  900.00000m   70.0848u 
  950.00000m   79.9381u 
    1.00000    90.0598u 
y
 vth0_value= 270.9168m
 u0_param=  48.8811m
 ags_param= 411.6820m
 
   *** monte carlo  index = 554 ***
x

 volt         param     
             i_d_0.8    
    0.        164.3598p 
   50.00000m  838.0493p 
  100.00000m    4.1180n 
  150.00000m   18.8291n 
  200.00000m   77.3993n 
  250.00000m  281.0688n 
  300.00000m  882.7659n 
  350.00000m    2.2951u 
  400.00000m    4.8665u 
  450.00000m    8.6838u 
  500.00000m   13.6451u 
  550.00000m   19.6040u 
  600.00000m   26.4321u 
  650.00000m   34.0245u 
  700.00000m   42.2913u 
  750.00000m   51.1513u 
  800.00000m   60.5283u 
  850.00000m   70.3490u 
  900.00000m   80.5425u 
  950.00000m   91.0383u 
    1.00000   101.7650u 
y
 vth0_value= 233.0063m
 u0_param=  49.4137m
 ags_param= 430.2474m
 
   *** monte carlo  index = 555 ***
x

 volt         param     
             i_d_0.8    
    0.         77.9650p 
   50.00000m  399.9334p 
  100.00000m    2.0064n 
  150.00000m    9.5225n 
  200.00000m   41.2159n 
  250.00000m  158.4963n 
  300.00000m  533.9720n 
  350.00000m    1.5191u 
  400.00000m    3.5244u 
  450.00000m    6.7572u 
  500.00000m   11.1786u 
  550.00000m   16.6482u 
  600.00000m   23.0266u 
  650.00000m   30.1990u 
  700.00000m   38.0704u 
  750.00000m   46.5569u 
  800.00000m   55.5810u 
  850.00000m   65.0694u 
  900.00000m   74.9515u 
  950.00000m   85.1580u 
    1.00000    95.6196u 
y
 vth0_value= 255.6538m
 u0_param=  49.6537m
 ags_param= 401.8591m
 
   *** monte carlo  index = 556 ***
x

 volt         param     
             i_d_0.8    
    0.         49.3417p 
   50.00000m  252.9736p 
  100.00000m    1.2812n 
  150.00000m    6.1984n 
  200.00000m   27.6250n 
  250.00000m  109.9512n 
  300.00000m  385.2326n 
  350.00000m    1.1544u 
  400.00000m    2.8369u 
  450.00000m    5.7134u 
  500.00000m    9.8002u 
  550.00000m   14.9703u 
  600.00000m   21.0789u 
  650.00000m   28.0044u 
  700.00000m   35.6473u 
  750.00000m   43.9216u 
  800.00000m   52.7488u 
  850.00000m   62.0552u 
  900.00000m   71.7699u 
  950.00000m   81.8242u 
    1.00000    92.1497u 
y
 vth0_value= 269.6405m
 u0_param=  49.8883m
 ags_param= 425.0857m
 
   *** monte carlo  index = 557 ***
x

 volt         param     
             i_d_0.8    
    0.        242.4307p 
   50.00000m    1.2297n 
  100.00000m    5.9682n 
  150.00000m   26.7352n 
  200.00000m  107.0818n 
  250.00000m  377.8723n 
  300.00000m    1.1433u 
  350.00000m    2.8421u 
  400.00000m    5.7839u 
  450.00000m   10.0024u 
  500.00000m   15.3716u 
  550.00000m   21.7416u 
  600.00000m   28.9850u 
  650.00000m   36.9972u 
  700.00000m   45.6877u 
  750.00000m   54.9735u 
  800.00000m   64.7766u 
  850.00000m   75.0219u 
  900.00000m   85.6364u 
  950.00000m   96.5475u 
    1.00000   107.6811u 
y
 vth0_value= 222.1978m
 u0_param=  50.8473m
 ags_param= 425.6021m
 
   *** monte carlo  index = 558 ***
x

 volt         param     
             i_d_0.8    
    0.        177.9384p 
   50.00000m  906.3704p 
  100.00000m    4.4424n 
  150.00000m   20.2259n 
  200.00000m   82.6818n 
  250.00000m  298.4332n 
  300.00000m  930.0075n 
  350.00000m    2.3948u 
  400.00000m    5.0327u 
  450.00000m    8.9186u 
  500.00000m   13.9456u 
  550.00000m   19.9670u 
  600.00000m   26.8553u 
  650.00000m   34.5060u 
  700.00000m   42.8296u 
  750.00000m   51.7448u 
  800.00000m   61.1753u 
  850.00000m   71.0478u 
  900.00000m   81.2910u 
  950.00000m   91.8344u 
    1.00000   102.6061u 
y
 vth0_value= 230.6737m
 u0_param=  49.5092m
 ags_param= 422.5571m
 
   *** monte carlo  index = 559 ***
x

 volt         param     
             i_d_0.8    
    0.        118.5106p 
   50.00000m  606.5405p 
  100.00000m    3.0114n 
  150.00000m   14.0195n 
  200.00000m   59.0336n 
  250.00000m  220.1107n 
  300.00000m  714.5787n 
  350.00000m    1.9369u 
  400.00000m    4.2757u 
  450.00000m    7.8732u 
  500.00000m   12.6505u 
  550.00000m   18.4599u 
  600.00000m   25.1656u 
  650.00000m   32.6570u 
  700.00000m   40.8407u 
  750.00000m   49.6333u 
  800.00000m   58.9571u 
  850.00000m   68.7382u 
  900.00000m   78.9049u 
  950.00000m   89.3867u 
    1.00000   100.1127u 
y
 vth0_value= 243.3564m
 u0_param=  50.1688m
 ags_param= 418.5402m
 
   *** monte carlo  index = 560 ***
x

 volt         param     
             i_d_0.8    
    0.        105.8316p 
   50.00000m  541.9042p 
  100.00000m    2.6966n 
  150.00000m   12.6068n 
  200.00000m   53.3966n 
  250.00000m  200.4052n 
  300.00000m  655.9204n 
  350.00000m    1.7967u 
  400.00000m    4.0083u 
  450.00000m    7.4439u 
  500.00000m   12.0351u 
  550.00000m   17.6396u 
  600.00000m   24.1250u 
  650.00000m   31.3826u 
  700.00000m   39.3214u 
  750.00000m   47.8598u 
  800.00000m   56.9222u 
  850.00000m   66.4362u 
  900.00000m   76.3318u 
  950.00000m   86.5401u 
    1.00000    96.9917u 
y
 vth0_value= 245.9015m
 u0_param=  48.8351m
 ags_param= 431.8924m
 
   *** monte carlo  index = 561 ***
x

 volt         param     
             i_d_0.8    
    0.         74.7386p 
   50.00000m  383.2972p 
  100.00000m    1.9235n 
  150.00000m    9.1360n 
  200.00000m   39.5864n 
  250.00000m  152.4317n 
  300.00000m  514.3850n 
  350.00000m    1.4666u 
  400.00000m    3.4107u 
  450.00000m    6.5527u 
  500.00000m   10.8574u 
  550.00000m   16.1891u 
  600.00000m   22.4121u 
  650.00000m   29.4148u 
  700.00000m   37.1043u 
  750.00000m   45.3988u 
  800.00000m   54.2226u 
  850.00000m   63.5041u 
  900.00000m   73.1739u 
  950.00000m   83.1641u 
    1.00000    93.4067u 
y
 vth0_value= 256.1449m
 u0_param=  48.4542m
 ags_param= 420.2789m
 
   *** monte carlo  index = 562 ***
x

 volt         param     
             i_d_0.8    
    0.         46.1340p 
   50.00000m  236.4313p 
  100.00000m    1.1989n 
  150.00000m    5.8155n 
  200.00000m   26.0277n 
  250.00000m  104.1265n 
  300.00000m  366.9093n 
  350.00000m    1.1078u 
  400.00000m    2.7462u 
  450.00000m    5.5733u 
  500.00000m    9.6150u 
  550.00000m   14.7467u 
  600.00000m   20.8227u 
  650.00000m   27.7202u 
  700.00000m   35.3387u 
  750.00000m   43.5917u 
  800.00000m   52.4005u 
  850.00000m   61.6910u 
  900.00000m   71.3925u 
  950.00000m   81.4360u 
    1.00000    91.7531u 
y
 vth0_value= 271.7527m
 u0_param=  50.0023m
 ags_param= 424.7193m
 
   *** monte carlo  index = 563 ***
x

 volt         param     
             i_d_0.8    
    0.         78.7434p 
   50.00000m  403.9186p 
  100.00000m    2.0259n 
  150.00000m    9.6114n 
  200.00000m   41.5756n 
  250.00000m  159.7688n 
  300.00000m  537.8244n 
  350.00000m    1.5284u 
  400.00000m    3.5420u 
  450.00000m    6.7847u 
  500.00000m   11.2165u 
  550.00000m   16.6968u 
  600.00000m   23.0862u 
  650.00000m   30.2701u 
  700.00000m   38.1533u 
  750.00000m   46.6521u 
  800.00000m   55.6888u 
  850.00000m   65.1902u 
  900.00000m   75.0856u 
  950.00000m   85.3055u 
    1.00000    95.7808u 
y
 vth0_value= 255.3756m
 u0_param=  49.6873m
 ags_param= 411.4236m
 
   *** monte carlo  index = 564 ***
x

 volt         param     
             i_d_0.8    
    0.         62.1479p 
   50.00000m  318.7957p 
  100.00000m    1.6066n 
  150.00000m    7.6943n 
  200.00000m   33.7566n 
  250.00000m  131.8659n 
  300.00000m  452.4094n 
  350.00000m    1.3185u 
  400.00000m    3.1401u 
  450.00000m    6.1549u 
  500.00000m   10.3484u 
  550.00000m   15.5885u 
  600.00000m   21.7361u 
  650.00000m   28.6759u 
  700.00000m   36.3128u 
  750.00000m   44.5637u 
  800.00000m   53.3521u 
  850.00000m   62.6057u 
  900.00000m   72.2548u 
  950.00000m   82.2316u 
    1.00000    92.4679u 
y
 vth0_value= 261.9738m
 u0_param=  48.8400m
 ags_param= 419.9519m
 
   *** monte carlo  index = 565 ***
x

 volt         param     
             i_d_0.8    
    0.        175.6393p 
   50.00000m  895.0853p 
  100.00000m    4.3915n 
  150.00000m   20.0271n 
  200.00000m   82.0418n 
  250.00000m  296.7904n 
  300.00000m  927.5371n 
  350.00000m    2.3968u 
  400.00000m    5.0532u 
  450.00000m    8.9767u 
  500.00000m   14.0598u 
  550.00000m   20.1533u 
  600.00000m   27.1267u 
  650.00000m   34.8736u 
  700.00000m   43.3027u 
  750.00000m   52.3314u 
  800.00000m   61.8824u 
  850.00000m   71.8812u 
  900.00000m   82.2557u 
  950.00000m   92.9347u 
    1.00000   103.8455u 
y
 vth0_value= 231.5749m
 u0_param=  50.2960m
 ags_param= 432.6489m
 
   *** monte carlo  index = 566 ***
x

 volt         param     
             i_d_0.8    
    0.        158.2556p 
   50.00000m  807.8161p 
  100.00000m    3.9790n 
  150.00000m   18.2677n 
  200.00000m   75.4876n 
  250.00000m  275.6755n 
  300.00000m  871.9732n 
  350.00000m    2.2869u 
  400.00000m    4.8892u 
  450.00000m    8.7787u 
  500.00000m   13.8534u 
  550.00000m   19.9606u 
  600.00000m   26.9656u 
  650.00000m   34.7584u 
  700.00000m   43.2454u 
  750.00000m   52.3424u 
  800.00000m   61.9703u 
  850.00000m   72.0540u 
  900.00000m   82.5204u 
  950.00000m   93.2976u 
    1.00000   104.3127u 
y
 vth0_value= 235.2707m
 u0_param=  51.1661m
 ags_param= 414.4807m
 
   *** monte carlo  index = 567 ***
x

 volt         param     
             i_d_0.8    
    0.         53.3212p 
   50.00000m  273.3723p 
  100.00000m    1.3815n 
  150.00000m    6.6534n 
  200.00000m   29.4458n 
  250.00000m  116.2225n 
  300.00000m  403.4585n 
  350.00000m    1.1944u 
  400.00000m    2.8947u 
  450.00000m    5.7597u 
  500.00000m    9.7923u 
  550.00000m   14.8668u 
  600.00000m   20.8450u 
  650.00000m   27.6115u 
  700.00000m   35.0715u 
  750.00000m   43.1423u 
  800.00000m   51.7483u 
  850.00000m   60.8181u 
  900.00000m   70.2829u 
  950.00000m   80.0757u 
    1.00000    90.1296u 
y
 vth0_value= 266.1702m
 u0_param=  48.1743m
 ags_param= 405.2740m
 
   *** monte carlo  index = 568 ***
x

 volt         param     
             i_d_0.8    
    0.         86.9906p 
   50.00000m  446.0019p 
  100.00000m    2.2312n 
  150.00000m   10.5328n 
  200.00000m   45.2339n 
  250.00000m  172.4148n 
  300.00000m  574.8669n 
  350.00000m    1.6132u 
  400.00000m    3.6893u 
  450.00000m    6.9902u 
  500.00000m   11.4657u 
  550.00000m   16.9746u 
  600.00000m   23.3804u 
  650.00000m   30.5711u 
  700.00000m   38.4531u 
  750.00000m   46.9437u 
  800.00000m   55.9664u 
  850.00000m   65.4482u 
  900.00000m   75.3189u 
  950.00000m   85.5096u 
    1.00000    95.9508u 
y
 vth0_value= 252.0847m
 u0_param=  49.2474m
 ags_param= 418.8861m
 
   *** monte carlo  index = 569 ***
x

 volt         param     
             i_d_0.8    
    0.         23.2060p 
   50.00000m  117.5549p 
  100.00000m  601.0747p 
  150.00000m    2.9781n 
  200.00000m   13.8157n 
  250.00000m   57.8948n 
  300.00000m  214.7165n 
  350.00000m  692.4181n 
  400.00000m    1.8604u 
  450.00000m    4.0706u 
  500.00000m    7.4413u 
  550.00000m   11.8922u 
  600.00000m   17.2851u 
  650.00000m   23.4947u 
  700.00000m   30.4194u 
  750.00000m   37.9734u 
  800.00000m   46.0804u 
  850.00000m   54.6692u 
  900.00000m   63.6719u 
  950.00000m   73.0231u 
    1.00000    82.6581u 
y
 vth0_value= 291.2488m
 u0_param=  47.6763m
 ags_param= 413.5580m
 
   *** monte carlo  index = 570 ***
x

 volt         param     
             i_d_0.8    
    0.         71.3968p 
   50.00000m  366.1532p 
  100.00000m    1.8390n 
  150.00000m    8.7491n 
  200.00000m   38.0038n 
  250.00000m  146.7553n 
  300.00000m  496.8863n 
  350.00000m    1.4230u 
  400.00000m    3.3250u 
  450.00000m    6.4136u 
  500.00000m   10.6579u 
  550.00000m   15.9245u 
  600.00000m   22.0784u 
  650.00000m   29.0084u 
  700.00000m   36.6220u 
  750.00000m   44.8380u 
  800.00000m   53.5813u 
  850.00000m   62.7805u 
  900.00000m   72.3670u 
  950.00000m   82.2732u 
    1.00000    92.4315u 
y
 vth0_value= 257.2818m
 u0_param=  48.0865m
 ags_param= 416.0833m
 
   *** monte carlo  index = 571 ***
x

 volt         param     
             i_d_0.8    
    0.         94.3026p 
   50.00000m  483.3505p 
  100.00000m    2.4137n 
  150.00000m   11.3563n 
  200.00000m   48.5346n 
  250.00000m  183.9854n 
  300.00000m  609.4379n 
  350.00000m    1.6956u 
  400.00000m    3.8432u 
  450.00000m    7.2287u 
  500.00000m   11.7939u 
  550.00000m   17.3952u 
  600.00000m   23.8956u 
  650.00000m   31.1830u 
  700.00000m   39.1635u 
  750.00000m   47.7539u 
  800.00000m   56.8772u 
  850.00000m   66.4599u 
  900.00000m   76.4313u 
  950.00000m   86.7218u 
    1.00000    97.2617u 
y
 vth0_value= 249.9105m
 u0_param=  49.6481m
 ags_param= 409.4077m
 
   *** monte carlo  index = 572 ***
x

 volt         param     
             i_d_0.8    
    0.         97.8963p 
   50.00000m  501.7219p 
  100.00000m    2.5036n 
  150.00000m   11.7635n 
  200.00000m   50.1775n 
  250.00000m  189.7958n 
  300.00000m  627.0144n 
  350.00000m    1.7384u 
  400.00000m    3.9262u 
  450.00000m    7.3633u 
  500.00000m   11.9881u 
  550.00000m   17.6550u 
  600.00000m   24.2263u 
  650.00000m   31.5892u 
  700.00000m   39.6491u 
  750.00000m   48.3225u 
  800.00000m   57.5316u 
  850.00000m   67.2024u 
  900.00000m   77.2638u 
  950.00000m   87.6455u 
    1.00000    98.2773u 
y
 vth0_value= 249.0477m
 u0_param=  50.0595m
 ags_param= 422.3030m
 
   *** monte carlo  index = 573 ***
x

 volt         param     
             i_d_0.8    
    0.        113.8964p 
   50.00000m  583.0452p 
  100.00000m    2.8972n 
  150.00000m   13.5092n 
  200.00000m   57.0088n 
  250.00000m  213.0790n 
  300.00000m  693.8382n 
  350.00000m    1.8880u 
  400.00000m    4.1839u 
  450.00000m    7.7282u 
  500.00000m   12.4455u 
  550.00000m   18.1898u 
  600.00000m   24.8261u 
  650.00000m   32.2443u 
  700.00000m   40.3516u 
  750.00000m   49.0653u 
  800.00000m   58.3080u 
  850.00000m   68.0065u 
  900.00000m   78.0894u 
  950.00000m   88.4869u 
    1.00000    99.1283u 
y
 vth0_value= 244.3020m
 u0_param=  49.7775m
 ags_param= 418.5807m
 
   *** monte carlo  index = 574 ***
x

 volt         param     
             i_d_0.8    
    0.        109.7606p 
   50.00000m  561.9411p 
  100.00000m    2.7943n 
  150.00000m   13.0455n 
  200.00000m   55.1489n 
  250.00000m  206.5365n 
  300.00000m  674.1912n 
  350.00000m    1.8404u 
  400.00000m    4.0914u 
  450.00000m    7.5769u 
  500.00000m   12.2248u 
  550.00000m   17.8912u 
  600.00000m   24.4425u 
  650.00000m   31.7696u 
  700.00000m   39.7805u 
  750.00000m   48.3933u 
  800.00000m   57.5317u 
  850.00000m   67.1226u 
  900.00000m   77.0959u 
  950.00000m   87.3819u 
    1.00000    97.9110u 
y
 vth0_value= 245.0661m
 u0_param=  49.2371m
 ags_param= 412.0648m
 
   *** monte carlo  index = 575 ***
x

 volt         param     
             i_d_0.8    
    0.        110.0294p 
   50.00000m  563.1949p 
  100.00000m    2.7992n 
  150.00000m   13.0585n 
  200.00000m   55.1454n 
  250.00000m  206.2885n 
  300.00000m  672.4786n 
  350.00000m    1.8325u 
  400.00000m    4.0671u 
  450.00000m    7.5219u 
  500.00000m   12.1253u 
  550.00000m   17.7353u 
  600.00000m   24.2207u 
  650.00000m   31.4739u 
  700.00000m   39.4045u 
  750.00000m   47.9314u 
  800.00000m   56.9794u 
  850.00000m   66.4763u 
  900.00000m   76.3524u 
  950.00000m   86.5389u 
    1.00000    96.9665u 
y
 vth0_value= 244.5887m
 u0_param=  48.6234m
 ags_param= 427.2857m
 
   *** monte carlo  index = 576 ***
x

 volt         param     
             i_d_0.8    
    0.         58.4781p 
   50.00000m  299.9421p 
  100.00000m    1.5135n 
  150.00000m    7.2664n 
  200.00000m   32.0024n 
  250.00000m  125.5803n 
  300.00000m  433.0644n 
  350.00000m    1.2707u 
  400.00000m    3.0494u 
  450.00000m    6.0158u 
  500.00000m   10.1627u 
  550.00000m   15.3596u 
  600.00000m   21.4667u 
  650.00000m   28.3680u 
  700.00000m   35.9679u 
  750.00000m   44.1829u 
  800.00000m   52.9364u 
  850.00000m   62.1561u 
  900.00000m   71.7725u 
  950.00000m   81.7177u 
    1.00000    91.9239u 
y
 vth0_value= 263.8147m
 u0_param=  48.8395m
 ags_param= 405.0525m
 
   *** monte carlo  index = 577 ***
x

 volt         param     
             i_d_0.8    
    0.         23.5632p 
   50.00000m  119.3990p 
  100.00000m  610.2413p 
  150.00000m    3.0205n 
  200.00000m   13.9881n 
  250.00000m   58.4816n 
  300.00000m  216.3493n 
  350.00000m  695.5446n 
  400.00000m    1.8616u 
  450.00000m    4.0576u 
  500.00000m    7.3957u 
  550.00000m   11.7950u 
  600.00000m   17.1200u 
  650.00000m   23.2482u 
  700.00000m   30.0802u 
  750.00000m   37.5321u 
  800.00000m   45.5287u 
  850.00000m   54.0000u 
  900.00000m   62.8794u 
  950.00000m   72.1021u 
    1.00000    81.6043u 
y
 vth0_value= 290.2300m
 u0_param=  46.8680m
 ags_param= 409.3771m
 
   *** monte carlo  index = 578 ***
x

 volt         param     
             i_d_0.8    
    0.        108.5173p 
   50.00000m  555.5889p 
  100.00000m    2.7632n 
  150.00000m   12.9050n 
  200.00000m   54.5820n 
  250.00000m  204.5284n 
  300.00000m  668.1071n 
  350.00000m    1.8254u 
  400.00000m    4.0620u 
  450.00000m    7.5281u 
  500.00000m   12.1529u 
  550.00000m   17.7933u 
  600.00000m   24.3162u 
  650.00000m   31.6130u 
  700.00000m   39.5920u 
  750.00000m   48.1717u 
  800.00000m   57.2759u 
  850.00000m   66.8321u 
  900.00000m   76.7701u 
  950.00000m   87.0206u 
    1.00000    97.5141u 
y
 vth0_value= 245.2802m
 u0_param=  49.0395m
 ags_param= 421.4633m
 
   *** monte carlo  index = 579 ***
x

 volt         param     
             i_d_0.8    
    0.        134.0615p 
   50.00000m  685.1997p 
  100.00000m    3.3886n 
  150.00000m   15.6662n 
  200.00000m   65.3475n 
  250.00000m  241.1393n 
  300.00000m  772.8746n 
  350.00000m    2.0609u 
  400.00000m    4.4772u 
  450.00000m    8.1408u 
  500.00000m   12.9637u 
  550.00000m   18.7993u 
  600.00000m   25.5160u 
  650.00000m   33.0058u 
  700.00000m   41.1776u 
  750.00000m   49.9493u 
  800.00000m   59.2443u 
  850.00000m   68.9893u 
  900.00000m   79.1131u 
  950.00000m   89.5459u 
    1.00000   100.2166u 
y
 vth0_value= 239.2527m
 u0_param=  49.5696m
 ags_param= 421.7331m
 
   *** monte carlo  index = 580 ***
x

 volt         param     
             i_d_0.8    
    0.         80.6100p 
   50.00000m  413.5201p 
  100.00000m    2.0735n 
  150.00000m    9.8316n 
  200.00000m   42.4921n 
  250.00000m  163.1295n 
  300.00000m  548.4850n 
  350.00000m    1.5562u 
  400.00000m    3.6005u 
  450.00000m    6.8870u 
  500.00000m   11.3738u 
  550.00000m   16.9182u 
  600.00000m   23.3795u 
  650.00000m   30.6419u 
  700.00000m   38.6094u 
  750.00000m   47.1974u 
  800.00000m   56.3277u 
  850.00000m   65.9263u 
  900.00000m   75.9217u 
  950.00000m   86.2441u 
    1.00000    96.8236u 
y
 vth0_value= 254.9933m
 u0_param=  50.1930m
 ags_param= 429.2793m
 
   *** monte carlo  index = 581 ***
x

 volt         param     
             i_d_0.8    
    0.         36.4355p 
   50.00000m  186.2156p 
  100.00000m  947.0228p 
  150.00000m    4.6253n 
  200.00000m   20.9360n 
  250.00000m   84.9485n 
  300.00000m  304.0878n 
  350.00000m  937.3439n 
  400.00000m    2.3815u 
  450.00000m    4.9418u 
  500.00000m    8.6709u 
  550.00000m   13.4598u 
  600.00000m   19.1690u 
  650.00000m   25.6788u 
  700.00000m   32.8917u 
  750.00000m   40.7238u 
  800.00000m   49.0995u 
  850.00000m   57.9473u 
  900.00000m   67.1992u 
  950.00000m   76.7889u 
    1.00000    86.6505u 
y
 vth0_value= 277.5620m
 u0_param=  47.9062m
 ags_param= 423.4885m
 
   *** monte carlo  index = 582 ***
x

 volt         param     
             i_d_0.8    
    0.         86.9139p 
   50.00000m  445.6978p 
  100.00000m    2.2305n 
  150.00000m   10.5374n 
  200.00000m   45.2996n 
  250.00000m  172.8570n 
  300.00000m  577.0686n 
  350.00000m    1.6221u 
  400.00000m    3.7158u 
  450.00000m    7.0501u 
  500.00000m   11.5747u 
  550.00000m   17.1464u 
  600.00000m   23.6261u 
  650.00000m   30.9000u 
  700.00000m   38.8731u 
  750.00000m   47.4614u 
  800.00000m   56.5872u 
  850.00000m   66.1768u 
  900.00000m   76.1591u 
  950.00000m   86.4645u 
    1.00000    97.0231u 
y
 vth0_value= 252.5539m
 u0_param=  49.9311m
 ags_param= 414.5710m
 
   *** monte carlo  index = 583 ***
x

 volt         param     
             i_d_0.8    
    0.         77.2479p 
   50.00000m  396.4034p 
  100.00000m    1.9904n 
  150.00000m    9.4625n 
  200.00000m   41.0540n 
  250.00000m  158.2962n 
  300.00000m  534.9113n 
  350.00000m    1.5278u 
  400.00000m    3.5596u 
  450.00000m    6.8484u 
  500.00000m   11.3571u 
  550.00000m   16.9417u 
  600.00000m   23.4580u 
  650.00000m   30.7875u 
  700.00000m   38.8322u 
  750.00000m   47.5057u 
  800.00000m   56.7288u 
  850.00000m   66.4262u 
  900.00000m   76.5259u 
  950.00000m   86.9572u 
    1.00000    97.6495u 
y
 vth0_value= 256.7711m
 u0_param=  50.9701m
 ags_param= 419.4653m
 
   *** monte carlo  index = 584 ***
x

 volt         param     
             i_d_0.8    
    0.        132.7817p 
   50.00000m  678.7419p 
  100.00000m    3.3577n 
  150.00000m   15.5328n 
  200.00000m   64.8419n 
  250.00000m  239.4797n 
  300.00000m  768.3817n 
  350.00000m    2.0518u 
  400.00000m    4.4632u 
  450.00000m    8.1238u 
  500.00000m   12.9463u 
  550.00000m   18.7841u 
  600.00000m   25.5049u 
  650.00000m   33.0008u 
  700.00000m   41.1802u 
  750.00000m   49.9611u 
  800.00000m   59.2666u 
  850.00000m   69.0233u 
  900.00000m   79.1602u 
  950.00000m   89.6070u 
    1.00000   100.2928u 
y
 vth0_value= 239.5915m
 u0_param=  49.6460m
 ags_param= 434.9494m
 
   *** monte carlo  index = 585 ***
x

 volt         param     
             i_d_0.8    
    0.         32.7744p 
   50.00000m  167.2861p 
  100.00000m  852.3952p 
  150.00000m    4.1816n 
  200.00000m   19.0674n 
  250.00000m   78.0937n 
  300.00000m  282.4130n 
  350.00000m  882.0388n 
  400.00000m    2.2769u 
  450.00000m    4.7945u 
  500.00000m    8.5064u 
  550.00000m   13.3074u 
  600.00000m   19.0538u 
  650.00000m   25.6212u 
  700.00000m   32.9081u 
  750.00000m   40.8281u 
  800.00000m   49.3036u 
  850.00000m   58.2616u 
  900.00000m   67.6327u 
  950.00000m   77.3496u 
    1.00000    87.3455u 
y
 vth0_value= 281.5066m
 u0_param=  48.9841m
 ags_param= 405.4187m
 
   *** monte carlo  index = 586 ***
x

 volt         param     
             i_d_0.8    
    0.         51.7974p 
   50.00000m  265.5856p 
  100.00000m    1.3435n 
  150.00000m    6.4831n 
  200.00000m   28.7797n 
  250.00000m  114.0049n 
  300.00000m  397.3463n 
  350.00000m    1.1825u 
  400.00000m    2.8831u 
  450.00000m    5.7665u 
  500.00000m    9.8412u 
  550.00000m   14.9802u 
  600.00000m   21.0417u 
  650.00000m   27.9074u 
  700.00000m   35.4798u 
  750.00000m   43.6746u 
  800.00000m   52.4147u 
  850.00000m   61.6273u 
  900.00000m   71.2424u 
  950.00000m   81.1922u 
    1.00000    91.4086u 
y
 vth0_value= 267.6745m
 u0_param=  49.1245m
 ags_param= 431.0867m
 
   *** monte carlo  index = 587 ***
x

 volt         param     
             i_d_0.8    
    0.         91.4090p 
   50.00000m  468.5144p 
  100.00000m    2.3406n 
  150.00000m   11.0219n 
  200.00000m   47.1641n 
  250.00000m  179.0453n 
  300.00000m  594.1118n 
  350.00000m    1.6567u 
  400.00000m    3.7641u 
  450.00000m    7.0940u 
  500.00000m   11.5910u 
  550.00000m   17.1141u 
  600.00000m   23.5280u 
  650.00000m   30.7216u 
  700.00000m   38.6024u 
  750.00000m   47.0880u 
  800.00000m   56.1023u 
  850.00000m   65.5726u 
  900.00000m   75.4290u 
  950.00000m   85.6024u 
    1.00000    96.0239u 
y
 vth0_value= 250.4579m
 u0_param=  49.0450m
 ags_param= 408.5731m
 
   *** monte carlo  index = 588 ***
x

 volt         param     
             i_d_0.8    
    0.         68.3842p 
   50.00000m  350.9111p 
  100.00000m    1.7661n 
  150.00000m    8.4341n 
  200.00000m   36.8431n 
  250.00000m  143.1903n 
  300.00000m  488.3467n 
  350.00000m    1.4120u 
  400.00000m    3.3335u 
  450.00000m    6.4852u 
  500.00000m   10.8431u 
  550.00000m   16.2684u 
  600.00000m   22.6182u 
  650.00000m   29.7747u 
  700.00000m   37.6405u 
  750.00000m   46.1304u 
  800.00000m   55.1659u 
  850.00000m   64.6731u 
  900.00000m   74.5806u 
  950.00000m   84.8190u 
    1.00000    95.3188u 
y
 vth0_value= 259.9472m
 u0_param=  50.1742m
 ags_param= 404.5455m
 
   *** monte carlo  index = 589 ***
x

 volt         param     
             i_d_0.8    
    0.         84.9354p 
   50.00000m  435.5305p 
  100.00000m    2.1802n 
  150.00000m   10.3054n 
  200.00000m   44.3383n 
  250.00000m  169.3483n 
  300.00000m  566.0079n 
  350.00000m    1.5934u 
  400.00000m    3.6561u 
  450.00000m    6.9461u 
  500.00000m   11.4155u 
  550.00000m   16.9232u 
  600.00000m   23.3315u 
  650.00000m   30.5279u 
  700.00000m   38.4181u 
  750.00000m   46.9192u 
  800.00000m   55.9541u 
  850.00000m   65.4500u 
  900.00000m   75.3362u 
  950.00000m   85.5437u 
    1.00000    96.0032u 
y
 vth0_value= 252.9135m
 u0_param=  49.4125m
 ags_param= 416.0276m
 
   *** monte carlo  index = 590 ***
x

 volt         param     
             i_d_0.8    
    0.        186.5331p 
   50.00000m  949.9394p 
  100.00000m    4.6524n 
  150.00000m   21.1541n 
  200.00000m   86.3272n 
  250.00000m  310.9772n 
  300.00000m  966.5802n 
  350.00000m    2.4811u 
  400.00000m    5.1985u 
  450.00000m    9.1908u 
  500.00000m   14.3463u 
  550.00000m   20.5146u 
  600.00000m   27.5651u 
  650.00000m   35.3911u 
  700.00000m   43.9010u 
  750.00000m   53.0120u 
  800.00000m   62.6459u 
  850.00000m   72.7282u 
  900.00000m   83.1863u 
  950.00000m   93.9483u 
    1.00000   104.9413u 
y
 vth0_value= 229.9717m
 u0_param=  50.6282m
 ags_param= 431.1083m
 
   *** monte carlo  index = 591 ***
x

 volt         param     
             i_d_0.8    
    0.         64.3530p 
   50.00000m  330.1452p 
  100.00000m    1.6629n 
  150.00000m    7.9548n 
  200.00000m   34.8394n 
  250.00000m  135.8179n 
  300.00000m  464.8684n 
  350.00000m    1.3505u 
  400.00000m    3.2053u 
  450.00000m    6.2640u 
  500.00000m   10.5087u 
  550.00000m   15.8050u 
  600.00000m   22.0131u 
  650.00000m   29.0170u 
  700.00000m   36.7212u 
  750.00000m   45.0419u 
  800.00000m   53.9021u 
  850.00000m   63.2291u 
  900.00000m   72.9529u 
  950.00000m   83.0048u 
    1.00000    93.3167u 
y
 vth0_value= 261.1559m
 u0_param=  49.2013m
 ags_param= 416.8910m
 
   *** monte carlo  index = 592 ***
x

 volt         param     
             i_d_0.8    
    0.         77.5660p 
   50.00000m  397.7827p 
  100.00000m    1.9947n 
  150.00000m    9.4604n 
  200.00000m   40.9040n 
  250.00000m  157.1169n 
  300.00000m  528.6604n 
  350.00000m    1.5015u 
  400.00000m    3.4776u 
  450.00000m    6.6586u 
  500.00000m   11.0054u 
  550.00000m   16.3811u 
  600.00000m   22.6496u 
  650.00000m   29.6992u 
  700.00000m   37.4367u 
  750.00000m   45.7803u 
  800.00000m   54.6540u 
  850.00000m   63.9857u 
  900.00000m   73.7060u 
  950.00000m   83.7466u 
    1.00000    94.0393u 
y
 vth0_value= 255.1576m
 u0_param=  48.6566m
 ags_param= 419.9154m
 
   *** monte carlo  index = 593 ***
x

 volt         param     
             i_d_0.8    
    0.         42.2904p 
   50.00000m  216.4776p 
  100.00000m    1.0983n 
  150.00000m    5.3345n 
  200.00000m   23.9290n 
  250.00000m   96.0072n 
  300.00000m  339.4426n 
  350.00000m    1.0295u 
  400.00000m    2.5658u 
  450.00000m    5.2324u 
  500.00000m    9.0611u 
  550.00000m   13.9363u 
  600.00000m   19.7197u 
  650.00000m   26.2945u 
  700.00000m   33.5648u 
  750.00000m   41.4481u 
  800.00000m   49.8691u 
  850.00000m   58.7568u 
  900.00000m   68.0434u 
  950.00000m   77.6626u 
    1.00000    87.5483u 
y
 vth0_value= 272.8874m
 u0_param=  47.7013m
 ags_param= 422.5164m
 
   *** monte carlo  index = 594 ***
x

 volt         param     
             i_d_0.8    
    0.        136.6997p 
   50.00000m  698.5351p 
  100.00000m    3.4524n 
  150.00000m   15.9448n 
  200.00000m   66.4155n 
  250.00000m  244.7013n 
  300.00000m  782.7760n 
  350.00000m    2.0823u 
  400.00000m    4.5128u 
  450.00000m    8.1904u 
  500.00000m   13.0255u 
  550.00000m   18.8718u 
  600.00000m   25.5978u 
  650.00000m   33.0961u 
  700.00000m   41.2756u 
  750.00000m   50.0544u 
  800.00000m   59.3560u 
  850.00000m   69.1070u 
  900.00000m   79.2364u 
  950.00000m   89.6742u 
    1.00000   100.3493u 
y
 vth0_value= 238.6445m
 u0_param=  49.5380m
 ags_param= 427.5059m
 
   *** monte carlo  index = 595 ***
x

 volt         param     
             i_d_0.8    
    0.         85.8043p 
   50.00000m  440.1354p 
  100.00000m    2.2044n 
  150.00000m   10.4285n 
  200.00000m   44.9218n 
  250.00000m  171.7991n 
  300.00000m  575.0181n 
  350.00000m    1.6218u 
  400.00000m    3.7283u 
  450.00000m    7.0940u 
  500.00000m   11.6703u 
  550.00000m   17.3116u 
  600.00000m   23.8757u 
  650.00000m   31.2462u 
  700.00000m   39.3262u 
  750.00000m   48.0301u 
  800.00000m   57.2792u 
  850.00000m   66.9984u 
  900.00000m   77.1158u 
  950.00000m   87.5609u 
    1.00000    98.2629u 
y
 vth0_value= 253.4788m
 u0_param=  50.7749m
 ags_param= 420.5198m
 
   *** monte carlo  index = 596 ***
x

 volt         param     
             i_d_0.8    
    0.         36.0669p 
   50.00000m  184.3154p 
  100.00000m  937.5818p 
  150.00000m    4.5816n 
  200.00000m   20.7557n 
  250.00000m   84.3072n 
  300.00000m  302.1418n 
  350.00000m  932.7367n 
  400.00000m    2.3740u 
  450.00000m    4.9343u 
  500.00000m    8.6684u 
  550.00000m   13.4672u 
  600.00000m   19.1904u 
  650.00000m   25.7176u 
  700.00000m   32.9506u 
  750.00000m   40.8050u 
  800.00000m   49.2047u 
  850.00000m   58.0782u 
  900.00000m   67.3571u 
  950.00000m   76.9747u 
    1.00000    86.8652u 
y
 vth0_value= 278.0140m
 u0_param=  48.1191m
 ags_param= 413.6910m
 
   *** monte carlo  index = 597 ***
x

 volt         param     
             i_d_0.8    
    0.         71.0283p 
   50.00000m  364.4272p 
  100.00000m    1.8322n 
  150.00000m    8.7321n 
  200.00000m   38.0299n 
  250.00000m  147.2888n 
  300.00000m  500.3313n 
  350.00000m    1.4390u 
  400.00000m    3.3781u 
  450.00000m    6.5406u 
  500.00000m   10.8980u 
  550.00000m   16.3117u 
  600.00000m   22.6409u 
  650.00000m   29.7696u 
  700.00000m   37.6017u 
  750.00000m   46.0528u 
  800.00000m   55.0453u 
  850.00000m   64.5057u 
  900.00000m   74.3632u 
  950.00000m   84.5487u 
    1.00000    94.9931u 
y
 vth0_value= 258.5247m
 u0_param=  49.7430m
 ags_param= 413.9815m
 
   *** monte carlo  index = 598 ***
x

 volt         param     
             i_d_0.8    
    0.         70.6196p 
   50.00000m  362.1829p 
  100.00000m    1.8196n 
  150.00000m    8.6618n 
  200.00000m   37.6564n 
  250.00000m  145.5552n 
  300.00000m  493.3755n 
  350.00000m    1.4150u 
  400.00000m    3.3117u 
  450.00000m    6.3964u 
  500.00000m   10.6396u 
  550.00000m   15.9078u 
  600.00000m   22.0656u 
  650.00000m   29.0012u 
  700.00000m   36.6221u 
  750.00000m   44.8467u 
  800.00000m   53.5998u 
  850.00000m   62.8098u 
  900.00000m   72.4080u 
  950.00000m   82.3268u 
    1.00000    92.4986u 
y
 vth0_value= 257.6774m
 u0_param=  48.1839m
 ags_param= 417.6431m
 
   *** monte carlo  index = 599 ***
x

 volt         param     
             i_d_0.8    
    0.         67.0634p 
   50.00000m  344.0665p 
  100.00000m    1.7317n 
  150.00000m    8.2706n 
  200.00000m   36.1351n 
  250.00000m  140.4735n 
  300.00000m  479.2503n 
  350.00000m    1.3863u 
  400.00000m    3.2749u 
  450.00000m    6.3745u 
  500.00000m   10.6627u 
  550.00000m   16.0037u 
  600.00000m   22.2574u 
  650.00000m   29.3080u 
  700.00000m   37.0598u 
  750.00000m   45.4290u 
  800.00000m   54.3384u 
  850.00000m   63.7150u 
  900.00000m   73.4886u 
  950.00000m   83.5903u 
    1.00000    93.9515u 
y
 vth0_value= 260.0206m
 u0_param=  49.3729m
 ags_param= 424.7544m
 
   *** monte carlo  index = 600 ***
x

 volt         param     
             i_d_0.8    
    0.         97.2805p 
   50.00000m  498.5581p 
  100.00000m    2.4880n 
  150.00000m   11.6914n 
  200.00000m   49.8785n 
  250.00000m  188.7029n 
  300.00000m  623.5621n 
  350.00000m    1.7294u 
  400.00000m    3.9072u 
  450.00000m    7.3298u 
  500.00000m   11.9360u 
  550.00000m   17.5811u 
  600.00000m   24.1277u 
  650.00000m   31.4633u 
  700.00000m   39.4941u 
  750.00000m   48.1364u 
  800.00000m   57.3128u 
  850.00000m   66.9496u 
  900.00000m   76.9758u 
  950.00000m   87.3215u 
    1.00000    97.9167u 
y
 vth0_value= 249.1224m
 u0_param=  49.8798m
 ags_param= 415.3314m
 
   *** monte carlo  index = 601 ***
x

 volt         param     
             i_d_0.8    
    0.         79.4604p 
   50.00000m  407.5291p 
  100.00000m    2.0431n 
  150.00000m    9.6841n 
  200.00000m   41.8361n 
  250.00000m  160.5394n 
  300.00000m  539.5346n 
  350.00000m    1.5300u 
  400.00000m    3.5376u 
  450.00000m    6.7639u 
  500.00000m   11.1677u 
  550.00000m   16.6099u 
  600.00000m   22.9530u 
  650.00000m   30.0840u 
  700.00000m   37.9090u 
  750.00000m   46.3450u 
  800.00000m   55.3154u 
  850.00000m   64.7474u 
  900.00000m   74.5709u 
  950.00000m   84.7170u 
    1.00000    95.1168u 
y
 vth0_value= 254.7790m
 u0_param=  49.1894m
 ags_param= 431.1153m
 
   *** monte carlo  index = 602 ***
x

 volt         param     
             i_d_0.8    
    0.         43.7336p 
   50.00000m  223.9684p 
  100.00000m    1.1360n 
  150.00000m    5.5148n 
  200.00000m   24.7146n 
  250.00000m   99.0399n 
  300.00000m  349.6754n 
  350.00000m    1.0585u 
  400.00000m    2.6323u 
  450.00000m    5.3573u 
  500.00000m    9.2627u 
  550.00000m   14.2296u 
  600.00000m   20.1170u 
  650.00000m   26.8059u 
  700.00000m   34.1988u 
  750.00000m   42.2117u 
  800.00000m   50.7681u 
  850.00000m   59.7959u 
  900.00000m   69.2262u 
  950.00000m   78.9918u 
    1.00000    89.0258u 
y
 vth0_value= 272.4124m
 u0_param=  48.5197m
 ags_param= 405.1012m
 
   *** monte carlo  index = 603 ***
x

 volt         param     
             i_d_0.8    
    0.         89.7321p 
   50.00000m  459.9669p 
  100.00000m    2.2990n 
  150.00000m   10.8358n 
  200.00000m   46.4271n 
  250.00000m  176.5028n 
  300.00000m  586.6870n 
  350.00000m    1.6397u 
  400.00000m    3.7342u 
  450.00000m    7.0512u 
  500.00000m   11.5372u 
  550.00000m   17.0514u 
  600.00000m   23.4579u 
  650.00000m   30.6458u 
  700.00000m   38.5222u 
  750.00000m   47.0046u 
  800.00000m   56.0168u 
  850.00000m   65.4862u 
  900.00000m   75.3426u 
  950.00000m   85.5173u 
    1.00000    95.9409u 
y
 vth0_value= 251.0362m
 u0_param=  49.0752m
 ags_param= 419.4349m
 
   *** monte carlo  index = 604 ***
x

 volt         param     
             i_d_0.8    
    0.        131.0819p 
   50.00000m  670.4147p 
  100.00000m    3.3204n 
  150.00000m   15.3910n 
  200.00000m   64.4222n 
  250.00000m  238.6113n 
  300.00000m  768.2656n 
  350.00000m    2.0605u 
  400.00000m    4.5013u 
  450.00000m    8.2202u 
  500.00000m   13.1293u 
  550.00000m   19.0779u 
  600.00000m   25.9293u 
  650.00000m   33.5722u 
  700.00000m   41.9123u 
  750.00000m   50.8655u 
  800.00000m   60.3530u 
  850.00000m   70.3000u 
  900.00000m   80.6339u 
  950.00000m   91.2833u 
    1.00000   102.1764u 
y
 vth0_value= 240.7685m
 u0_param=  50.8780m
 ags_param= 424.3933m
 
   *** monte carlo  index = 605 ***
x

 volt         param     
             i_d_0.8    
    0.         55.6550p 
   50.00000m  285.4136p 
  100.00000m    1.4415n 
  150.00000m    6.9336n 
  200.00000m   30.6246n 
  250.00000m  120.5859n 
  300.00000m  417.4645n 
  350.00000m    1.2313u 
  400.00000m    2.9721u 
  450.00000m    5.8928u 
  500.00000m    9.9922u 
  550.00000m   15.1418u 
  600.00000m   21.2022u 
  650.00000m   28.0572u 
  700.00000m   35.6112u 
  750.00000m   43.7809u 
  800.00000m   52.4899u 
  850.00000m   61.6661u 
  900.00000m   71.2403u 
  950.00000m   81.1445u 
    1.00000    91.3114u 
y
 vth0_value= 265.2041m
 u0_param=  48.6748m
 ags_param= 429.0226m
 
   *** monte carlo  index = 606 ***
x

 volt         param     
             i_d_0.8    
    0.        172.4101p 
   50.00000m  879.0848p 
  100.00000m    4.3179n 
  150.00000m   19.7283n 
  200.00000m   81.0126n 
  250.00000m  293.8250n 
  300.00000m  921.2770n 
  350.00000m    2.3902u 
  400.00000m    5.0580u 
  450.00000m    9.0104u 
  500.00000m   14.1399u 
  550.00000m   20.2944u 
  600.00000m   27.3409u 
  650.00000m   35.1706u 
  700.00000m   43.6907u 
  750.00000m   52.8175u 
  800.00000m   62.4723u 
  850.00000m   72.5799u 
  900.00000m   83.0674u 
  950.00000m   93.8627u 
    1.00000   104.8929u 
y
 vth0_value= 232.6056m
 u0_param=  51.0364m
 ags_param= 422.8381m
 
   *** monte carlo  index = 607 ***
x

 volt         param     
             i_d_0.8    
    0.         50.5441p 
   50.00000m  259.0692p 
  100.00000m    1.3105n 
  150.00000m    6.3244n 
  200.00000m   28.0804n 
  250.00000m  111.2624n 
  300.00000m  387.9247n 
  350.00000m    1.1550u 
  400.00000m    2.8178u 
  450.00000m    5.6389u 
  500.00000m    9.6279u 
  550.00000m   14.6611u 
  600.00000m   20.6003u 
  650.00000m   27.3295u 
  700.00000m   34.7535u 
  750.00000m   42.7899u 
  800.00000m   51.3628u 
  850.00000m   60.4010u 
  900.00000m   69.8358u 
  950.00000m   79.6003u 
    1.00000    89.6277u 
y
 vth0_value= 267.7497m
 u0_param=  48.1121m
 ags_param= 420.4592m
 
   *** monte carlo  index = 608 ***
x

 volt         param     
             i_d_0.8    
    0.         54.2827p 
   50.00000m  278.3157p 
  100.00000m    1.4059n 
  150.00000m    6.7660n 
  200.00000m   29.9081n 
  250.00000m  117.8790n 
  300.00000m  408.5557n 
  350.00000m    1.2069u 
  400.00000m    2.9181u 
  450.00000m    5.7943u 
  500.00000m    9.8363u 
  550.00000m   14.9178u 
  600.00000m   20.9011u 
  650.00000m   27.6713u 
  700.00000m   35.1338u 
  750.00000m   43.2062u 
  800.00000m   51.8130u 
  850.00000m   60.8829u 
  900.00000m   70.3472u 
  950.00000m   80.1390u 
    1.00000    90.1912u 
y
 vth0_value= 265.5856m
 u0_param=  48.1094m
 ags_param= 411.8353m
 
   *** monte carlo  index = 609 ***
x

 volt         param     
             i_d_0.8    
    0.         38.8885p 
   50.00000m  198.9707p 
  100.00000m    1.0116n 
  150.00000m    4.9356n 
  200.00000m   22.3015n 
  250.00000m   90.2847n 
  300.00000m  322.3460n 
  350.00000m  990.1627n 
  400.00000m    2.5051u 
  450.00000m    5.1781u 
  500.00000m    9.0578u 
  550.00000m   14.0283u 
  600.00000m   19.9445u 
  650.00000m   26.6827u 
  700.00000m   34.1416u 
  750.00000m   42.2348u 
  800.00000m   50.8839u 
  850.00000m   60.0154u 
  900.00000m   69.5591u 
  950.00000m   79.4468u 
    1.00000    89.6110u 
y
 vth0_value= 276.6583m
 u0_param=  49.5540m
 ags_param= 408.0157m
 
   *** monte carlo  index = 610 ***
x

 volt         param     
             i_d_0.8    
    0.        158.4799p 
   50.00000m  808.6408p 
  100.00000m    3.9800n 
  150.00000m   18.2491n 
  200.00000m   75.2870n 
  250.00000m  274.4701n 
  300.00000m  866.3237n 
  350.00000m    2.2662u 
  400.00000m    4.8330u 
  450.00000m    8.6620u 
  500.00000m   13.6527u 
  550.00000m   19.6564u 
  600.00000m   26.5418u 
  650.00000m   34.2017u 
  700.00000m   42.5448u 
  750.00000m   51.4885u 
  800.00000m   60.9556u 
  850.00000m   70.8721u 
  900.00000m   81.1661u 
  950.00000m   91.7667u 
    1.00000   102.6019u 
y
 vth0_value= 234.5525m
 u0_param=  50.1041m
 ags_param= 430.5689m
 
   *** monte carlo  index = 611 ***
x

 volt         param     
             i_d_0.8    
    0.         66.5041p 
   50.00000m  341.2402p 
  100.00000m    1.7182n 
  150.00000m    8.2128n 
  200.00000m   35.9259n 
  250.00000m  139.8526n 
  300.00000m  477.8657n 
  350.00000m    1.3851u 
  400.00000m    3.2792u 
  450.00000m    6.3946u 
  500.00000m   10.7103u 
  550.00000m   16.0891u 
  600.00000m   22.3890u 
  650.00000m   29.4927u 
  700.00000m   37.3032u 
  750.00000m   45.7358u 
  800.00000m   54.7125u 
  850.00000m   64.1597u 
  900.00000m   74.0064u 
  950.00000m   84.1835u 
    1.00000    94.6218u 
y
 vth0_value= 260.5949m
 u0_param=  49.8703m
 ags_param= 410.4581m
 
   *** monte carlo  index = 612 ***
x

 volt         param     
             i_d_0.8    
    0.        132.0042p 
   50.00000m  674.7730p 
  100.00000m    3.3384n 
  150.00000m   15.4453n 
  200.00000m   64.4886n 
  250.00000m  238.2262n 
  300.00000m  764.5717n 
  350.00000m    2.0423u 
  400.00000m    4.4441u 
  450.00000m    8.0914u 
  500.00000m   12.8973u 
  550.00000m   18.7157u 
  600.00000m   25.4148u 
  650.00000m   32.8869u 
  700.00000m   41.0409u 
  750.00000m   49.7948u 
  800.00000m   59.0720u 
  850.00000m   68.7994u 
  900.00000m   78.9059u 
  950.00000m   89.3216u 
    1.00000    99.9758u 
y
 vth0_value= 239.6707m
 u0_param=  49.4953m
 ags_param= 428.3950m
 
   *** monte carlo  index = 613 ***
x

 volt         param     
             i_d_0.8    
    0.         91.1666p 
   50.00000m  467.4632p 
  100.00000m    2.3373n 
  150.00000m   11.0227n 
  200.00000m   47.2661n 
  250.00000m  179.8412n 
  300.00000m  598.3136n 
  350.00000m    1.6741u 
  400.00000m    3.8170u 
  450.00000m    7.2137u 
  500.00000m   11.8094u 
  550.00000m   17.4587u 
  600.00000m   24.0213u 
  650.00000m   31.3828u 
  700.00000m   39.4474u 
  750.00000m   48.1304u 
  800.00000m   57.3537u 
  850.00000m   67.0429u 
  900.00000m   77.1262u 
  950.00000m   87.5334u 
    1.00000    98.1941u 
y
 vth0_value= 251.4160m
 u0_param=  50.4049m
 ags_param= 416.0095m
 
   *** monte carlo  index = 614 ***
x

 volt         param     
             i_d_0.8    
    0.         86.1797p 
   50.00000m  441.9592p 
  100.00000m    2.2124n 
  150.00000m   10.4565n 
  200.00000m   44.9824n 
  250.00000m  171.7776n 
  300.00000m  573.9816n 
  350.00000m    1.6153u 
  400.00000m    3.7049u 
  450.00000m    7.0366u 
  500.00000m   11.5611u 
  550.00000m   17.1351u 
  600.00000m   23.6193u 
  650.00000m   30.8994u 
  700.00000m   38.8801u 
  750.00000m   47.4775u 
  800.00000m   56.6137u 
  850.00000m   66.2148u 
  900.00000m   76.2097u 
  950.00000m   86.5287u 
    1.00000    97.1017u 
y
 vth0_value= 252.8617m
 u0_param=  50.0120m
 ags_param= 424.1211m
 
   *** monte carlo  index = 615 ***
x

 volt         param     
             i_d_0.8    
    0.        112.0249p 
   50.00000m  573.5882p 
  100.00000m    2.8520n 
  150.00000m   13.3128n 
  200.00000m   56.2651n 
  250.00000m  210.6477n 
  300.00000m  687.2970n 
  350.00000m    1.8750u 
  400.00000m    4.1658u 
  450.00000m    7.7104u 
  500.00000m   12.4346u 
  550.00000m   18.1916u 
  600.00000m   24.8452u 
  650.00000m   32.2843u 
  700.00000m   40.4156u 
  750.00000m   49.1556u 
  800.00000m   58.4269u 
  850.00000m   68.1556u 
  900.00000m   78.2702u 
  950.00000m   88.7006u 
    1.00000    99.3762u 
y
 vth0_value= 244.9695m
 u0_param=  50.0384m
 ags_param= 405.9218m
 
   *** monte carlo  index = 616 ***
x

 volt         param     
             i_d_0.8    
    0.         84.4308p 
   50.00000m  432.9441p 
  100.00000m    2.1675n 
  150.00000m   10.2473n 
  200.00000m   44.1010n 
  250.00000m  168.4981n 
  300.00000m  563.3918n 
  350.00000m    1.5869u 
  400.00000m    3.6431u 
  450.00000m    6.9247u 
  500.00000m   11.3843u 
  550.00000m   16.8811u 
  600.00000m   23.2778u 
  650.00000m   30.4617u 
  700.00000m   38.3390u 
  750.00000m   46.8267u 
  800.00000m   55.8479u 
  850.00000m   65.3298u 
  900.00000m   75.2020u 
  950.00000m   85.3954u 
    1.00000    95.8407u 
y
 vth0_value= 253.0440m
 u0_param=  49.3367m
 ags_param= 419.8129m
 
   *** monte carlo  index = 617 ***
x

 volt         param     
             i_d_0.8    
    0.         21.3138p 
   50.00000m  107.6849p 
  100.00000m  550.8065p 
  150.00000m    2.7338n 
  200.00000m   12.7219n 
  250.00000m   53.5425n 
  300.00000m  199.5398n 
  350.00000m  647.3950n 
  400.00000m    1.7530u 
  450.00000m    3.8653u 
  500.00000m    7.1097u 
  550.00000m   11.4132u 
  600.00000m   16.6418u 
  650.00000m   22.6730u 
  700.00000m   29.4070u 
  750.00000m   36.7601u 
  800.00000m   44.6573u 
  850.00000m   53.0292u 
  900.00000m   61.8093u 
  950.00000m   70.9335u 
    1.00000    80.3385u 
y
 vth0_value= 293.1113m
 u0_param=  46.5410m
 ags_param= 407.5119m
 
   *** monte carlo  index = 618 ***
x

 volt         param     
             i_d_0.8    
    0.         48.4970p 
   50.00000m  248.6270p 
  100.00000m    1.2597n 
  150.00000m    6.0991n 
  200.00000m   27.2172n 
  250.00000m  108.4948n 
  300.00000m  380.7753n 
  350.00000m    1.1436u 
  400.00000m    2.8176u 
  450.00000m    5.6872u 
  500.00000m    9.7716u 
  550.00000m   14.9438u 
  600.00000m   21.0582u 
  650.00000m   27.9924u 
  700.00000m   35.6464u 
  750.00000m   43.9337u 
  800.00000m   52.7755u 
  850.00000m   62.0977u 
  900.00000m   71.8295u 
  950.00000m   81.9019u 
    1.00000    92.2462u 
y
 vth0_value= 270.2776m
 u0_param=  50.0655m
 ags_param= 413.9118m
 
   *** monte carlo  index = 619 ***
x

 volt         param     
             i_d_0.8    
    0.        133.8130p 
   50.00000m  683.8589p 
  100.00000m    3.3813n 
  150.00000m   15.6281n 
  200.00000m   65.1629n 
  250.00000m  240.3588n 
  300.00000m  769.9882n 
  350.00000m    2.0519u 
  400.00000m    4.4549u 
  450.00000m    8.0965u 
  500.00000m   12.8890u 
  550.00000m   18.6871u 
  600.00000m   25.3600u 
  650.00000m   32.8008u 
  700.00000m   40.9191u 
  750.00000m   49.6333u 
  800.00000m   58.8673u 
  850.00000m   68.5482u 
  900.00000m   78.6054u 
  950.00000m   88.9693u 
    1.00000    99.5695u 
y
 vth0_value= 239.0784m
 u0_param=  49.2166m
 ags_param= 403.6134m
 
   *** monte carlo  index = 620 ***
x

 volt         param     
             i_d_0.8    
    0.         72.4645p 
   50.00000m  371.8071p 
  100.00000m    1.8687n 
  150.00000m    8.9002n 
  200.00000m   38.7232n 
  250.00000m  149.8009n 
  300.00000m  508.1780n 
  350.00000m    1.4590u 
  400.00000m    3.4183u 
  450.00000m    6.6077u 
  500.00000m   10.9964u 
  550.00000m   16.4450u 
  600.00000m   22.8121u 
  650.00000m   29.9813u 
  700.00000m   37.8561u 
  750.00000m   46.3520u 
  800.00000m   55.3908u 
  850.00000m   64.8990u 
  900.00000m   74.8053u 
  950.00000m   85.0405u 
    1.00000    95.5350u 
y
 vth0_value= 258.0642m
 u0_param=  49.9670m
 ags_param= 422.3126m
 
   *** monte carlo  index = 621 ***
x

 volt         param     
             i_d_0.8    
    0.         89.0799p 
   50.00000m  456.5103p 
  100.00000m    2.2809n 
  150.00000m   10.7435n 
  200.00000m   45.9913n 
  250.00000m  174.6821n 
  300.00000m  580.0284n 
  350.00000m    1.6189u 
  400.00000m    3.6818u 
  450.00000m    6.9447u 
  500.00000m   11.3548u 
  550.00000m   16.7744u 
  600.00000m   23.0711u 
  650.00000m   30.1363u 
  700.00000m   37.8790u 
  750.00000m   46.2187u 
  800.00000m   55.0805u 
  850.00000m   64.3929u 
  900.00000m   74.0871u 
  950.00000m   84.0951u 
    1.00000    94.3488u 
y
 vth0_value= 250.6260m
 u0_param=  48.1223m
 ags_param= 421.2384m
 
   *** monte carlo  index = 622 ***
x

 volt         param     
             i_d_0.8    
    0.         71.5166p 
   50.00000m  366.7608p 
  100.00000m    1.8420n 
  150.00000m    8.7620n 
  200.00000m   38.0523n 
  250.00000m  146.9115n 
  300.00000m  497.2972n 
  350.00000m    1.4237u 
  400.00000m    3.3256u 
  450.00000m    6.4131u 
  500.00000m   10.6551u 
  550.00000m   15.9184u 
  600.00000m   22.0683u 
  650.00000m   28.9938u 
  700.00000m   36.6025u 
  750.00000m   44.8134u 
  800.00000m   53.5513u 
  850.00000m   62.7452u 
  900.00000m   72.3263u 
  950.00000m   82.2271u 
    1.00000    92.3802u 
y
 vth0_value= 257.1936m
 u0_param=  48.0303m
 ags_param= 426.3149m
 
   *** monte carlo  index = 623 ***
x

 volt         param     
             i_d_0.8    
    0.         84.7998p 
   50.00000m  434.6595p 
  100.00000m    2.1742n 
  150.00000m   10.2633n 
  200.00000m   44.0729n 
  250.00000m  167.9873n 
  300.00000m  560.1475n 
  350.00000m    1.5721u 
  400.00000m    3.5958u 
  450.00000m    6.8145u 
  500.00000m   11.1800u 
  550.00000m   16.5557u 
  600.00000m   22.8090u 
  650.00000m   29.8310u 
  700.00000m   37.5307u 
  750.00000m   45.8277u 
  800.00000m   54.6471u 
  850.00000m   63.9177u 
  900.00000m   73.5707u 
  950.00000m   83.5385u 
    1.00000    93.7531u 
y
 vth0_value= 252.0333m
 u0_param=  48.0051m
 ags_param= 423.6521m
 
   *** monte carlo  index = 624 ***
x

 volt         param     
             i_d_0.8    
    0.        139.1912p 
   50.00000m  711.8450p 
  100.00000m    3.5231n 
  150.00000m   16.3085n 
  200.00000m   68.1354n 
  250.00000m  251.8197n 
  300.00000m  808.5291n 
  350.00000m    2.1608u 
  400.00000m    4.7037u 
  450.00000m    8.5650u 
  500.00000m   13.6505u 
  550.00000m   19.8032u 
  600.00000m   26.8819u 
  650.00000m   34.7714u 
  700.00000m   43.3746u 
  750.00000m   52.6045u 
  800.00000m   62.3802u 
  850.00000m   72.6246u 
  900.00000m   83.2634u 
  950.00000m   94.2233u 
    1.00000   105.4308u 
y
 vth0_value= 239.9911m
 u0_param=  52.5390m
 ags_param= 427.4752m
 
   *** monte carlo  index = 625 ***
x

 volt         param     
             i_d_0.8    
    0.        105.7908p 
   50.00000m  541.8992p 
  100.00000m    2.6986n 
  150.00000m   12.6319n 
  200.00000m   53.5964n 
  250.00000m  201.5304n 
  300.00000m  661.0425n 
  350.00000m    1.8158u 
  400.00000m    4.0623u 
  450.00000m    7.5608u 
  500.00000m   12.2422u 
  550.00000m   17.9605u 
  600.00000m   24.5790u 
  650.00000m   31.9858u 
  700.00000m   40.0874u 
  750.00000m   48.8001u 
  800.00000m   58.0465u 
  850.00000m   67.7527u 
  900.00000m   77.8473u 
  950.00000m   88.2602u 
    1.00000    98.9208u 
y
 vth0_value= 246.6888m
 u0_param=  50.0276m
 ags_param= 430.3649m
 
   *** monte carlo  index = 626 ***
x

 volt         param     
             i_d_0.8    
    0.         79.0997p 
   50.00000m  405.6700p 
  100.00000m    2.0338n 
  150.00000m    9.6410n 
  200.00000m   41.6547n 
  250.00000m  159.8651n 
  300.00000m  537.3607n 
  350.00000m    1.5242u 
  400.00000m    3.5251u 
  450.00000m    6.7413u 
  500.00000m   11.1321u 
  550.00000m   16.5589u 
  600.00000m   22.8847u 
  650.00000m   29.9967u 
  700.00000m   37.8012u 
  750.00000m   46.2155u 
  800.00000m   55.1632u 
  850.00000m   64.5717u 
  900.00000m   74.3710u 
  950.00000m   84.4925u 
    1.00000    94.8672u 
y
 vth0_value= 254.8300m
 u0_param=  49.0574m
 ags_param= 430.5915m
 
   *** monte carlo  index = 627 ***
x

 volt         param     
             i_d_0.8    
    0.         76.5073p 
   50.00000m  392.4618p 
  100.00000m    1.9696n 
  150.00000m    9.3548n 
  200.00000m   40.5330n 
  250.00000m  156.0614n 
  300.00000m  526.5296n 
  350.00000m    1.5008u 
  400.00000m    3.4891u 
  450.00000m    6.7011u 
  500.00000m   11.0998u 
  550.00000m   16.5458u 
  600.00000m   22.8999u 
  650.00000m   30.0475u 
  700.00000m   37.8937u 
  750.00000m   46.3548u 
  800.00000m   55.3536u 
  850.00000m   64.8168u 
  900.00000m   74.6740u 
  950.00000m   84.8561u 
    1.00000    95.2938u 
y
 vth0_value= 256.1418m
 u0_param=  49.5274m
 ags_param= 416.3084m
 
   *** monte carlo  index = 628 ***
x

 volt         param     
             i_d_0.8    
    0.         79.3945p 
   50.00000m  407.1687p 
  100.00000m    2.0411n 
  150.00000m    9.6731n 
  200.00000m   41.7785n 
  250.00000m  160.2768n 
  300.00000m  538.4954n 
  350.00000m    1.5264u 
  400.00000m    3.5280u 
  450.00000m    6.7434u 
  500.00000m   11.1312u 
  550.00000m   16.5531u 
  600.00000m   22.8722u 
  650.00000m   29.9762u 
  700.00000m   37.7713u 
  750.00000m   46.1751u 
  800.00000m   55.1113u 
  850.00000m   64.5074u 
  900.00000m   74.2934u 
  950.00000m   84.4008u 
    1.00000    94.7608u 
y
 vth0_value= 254.6688m
 u0_param=  48.9827m
 ags_param= 422.5485m
 
   *** monte carlo  index = 629 ***
x

 volt         param     
             i_d_0.8    
    0.        155.6021p 
   50.00000m  794.1682p 
  100.00000m    3.9114n 
  150.00000m   17.9547n 
  200.00000m   74.1826n 
  250.00000m  270.8812n 
  300.00000m  856.7459n 
  350.00000m    2.2468u 
  400.00000m    4.8032u 
  450.00000m    8.6246u 
  500.00000m   13.6114u 
  550.00000m   19.6145u 
  600.00000m   26.5018u 
  650.00000m   34.1657u 
  700.00000m   42.5144u 
  750.00000m   51.4651u 
  800.00000m   60.9404u 
  850.00000m   70.8661u 
  900.00000m   81.1702u 
  950.00000m   91.7817u 
    1.00000   102.6287u 
y
 vth0_value= 235.1862m
 u0_param=  50.2304m
 ags_param= 422.5790m
 
   *** monte carlo  index = 630 ***
x

 volt         param     
             i_d_0.8    
    0.         41.7038p 
   50.00000m  213.4679p 
  100.00000m    1.0834n 
  150.00000m    5.2672n 
  200.00000m   23.6608n 
  250.00000m   95.0953n 
  300.00000m  336.8507n 
  350.00000m    1.0241u 
  400.00000m    2.5598u 
  450.00000m    5.2335u 
  500.00000m    9.0801u 
  550.00000m   13.9834u 
  600.00000m   19.8038u 
  650.00000m   26.4225u 
  700.00000m   33.7427u 
  750.00000m   41.6808u 
  800.00000m   50.1607u 
  850.00000m   59.1110u 
  900.00000m   68.4630u 
  950.00000m   78.1502u 
    1.00000    88.1061u 
y
 vth0_value= 273.6146m
 u0_param=  48.1538m
 ags_param= 415.9256m
 
   *** monte carlo  index = 631 ***
x

 volt         param     
             i_d_0.8    
    0.        217.3689p 
   50.00000m    1.1050n 
  100.00000m    5.3885n 
  150.00000m   24.3244n 
  200.00000m   98.3540n 
  250.00000m  350.6997n 
  300.00000m    1.0756u 
  350.00000m    2.7170u 
  400.00000m    5.6092u 
  450.00000m    9.8051u 
  500.00000m   15.1819u 
  550.00000m   21.5851u 
  600.00000m   28.8824u 
  650.00000m   36.9654u 
  700.00000m   45.7410u 
  750.00000m   55.1244u 
  800.00000m   65.0360u 
  850.00000m   75.3994u 
  900.00000m   86.1406u 
  950.00000m   97.1861u 
    1.00000   108.4616u 
y
 vth0_value= 226.1521m
 u0_param=  51.8958m
 ags_param= 424.8994m
 
   *** monte carlo  index = 632 ***
x

 volt         param     
             i_d_0.8    
    0.         37.7795p 
   50.00000m  193.1498p 
  100.00000m  981.5344p 
  150.00000m    4.7858n 
  200.00000m   21.6024n 
  250.00000m   87.3493n 
  300.00000m  311.5022n 
  350.00000m  955.4964n 
  400.00000m    2.4134u 
  450.00000m    4.9813u 
  500.00000m    8.7052u 
  550.00000m   13.4751u 
  600.00000m   19.1534u 
  650.00000m   25.6227u 
  700.00000m   32.7869u 
  750.00000m   40.5634u 
  800.00000m   48.8772u 
  850.00000m   57.6580u 
  900.00000m   66.8380u 
  950.00000m   76.3516u 
    1.00000    86.1335u 
y
 vth0_value= 276.1065m
 u0_param=  47.3836m
 ags_param= 412.0220m
 
   *** monte carlo  index = 633 ***
x

 volt         param     
             i_d_0.8    
    0.         72.7162p 
   50.00000m  373.1021p 
  100.00000m    1.8751n 
  150.00000m    8.9299n 
  200.00000m   38.8467n 
  250.00000m  150.2522n 
  300.00000m  509.6032n 
  350.00000m    1.4627u 
  400.00000m    3.4259u 
  450.00000m    6.6207u 
  500.00000m   11.0160u 
  550.00000m   16.4720u 
  600.00000m   22.8471u 
  650.00000m   30.0249u 
  700.00000m   37.9088u 
  750.00000m   46.4141u 
  800.00000m   55.4627u 
  850.00000m   64.9807u 
  900.00000m   74.8972u 
  950.00000m   85.1424u 
    1.00000    95.6471u 
y
 vth0_value= 257.9959m
 u0_param=  50.0238m
 ags_param= 419.5955m
 
   *** monte carlo  index = 634 ***
x

 volt         param     
             i_d_0.8    
    0.         94.9931p 
   50.00000m  486.8797p 
  100.00000m    2.4309n 
  150.00000m   11.4344n 
  200.00000m   48.8495n 
  250.00000m  185.0978n 
  300.00000m  612.8008n 
  350.00000m    1.7038u 
  400.00000m    3.8590u 
  450.00000m    7.2545u 
  500.00000m   11.8312u 
  550.00000m   17.4455u 
  600.00000m   23.9602u 
  650.00000m   31.2631u 
  700.00000m   39.2603u 
  750.00000m   47.8686u 
  800.00000m   57.0107u 
  850.00000m   66.6133u 
  900.00000m   76.6053u 
  950.00000m   86.9172u 
    1.00000    97.4790u 
y
 vth0_value= 249.7358m
 u0_param=  49.7182m
 ags_param= 426.4437m
 
   *** monte carlo  index = 635 ***
x

 volt         param     
             i_d_0.8    
    0.         69.1786p 
   50.00000m  354.9080p 
  100.00000m    1.7850n 
  150.00000m    8.5136n 
  200.00000m   37.1202n 
  250.00000m  143.9587n 
  300.00000m  489.7947n 
  350.00000m    1.4117u 
  400.00000m    3.3216u 
  450.00000m    6.4439u 
  500.00000m   10.7525u 
  550.00000m   16.1111u 
  600.00000m   22.3799u 
  650.00000m   29.4438u 
  700.00000m   37.2075u 
  750.00000m   45.5873u 
  800.00000m   54.5061u 
  850.00000m   63.8910u 
  900.00000m   73.6717u 
  950.00000m   83.7796u 
    1.00000    94.1459u 
y
 vth0_value= 259.0525m
 u0_param=  49.3269m
 ags_param= 426.1177m
 
   *** monte carlo  index = 636 ***
x

 volt         param     
             i_d_0.8    
    0.         48.0306p 
   50.00000m  246.1668p 
  100.00000m    1.2469n 
  150.00000m    6.0342n 
  200.00000m   26.9076n 
  250.00000m  107.1703n 
  300.00000m  375.8028n 
  350.00000m    1.1274u 
  400.00000m    2.7743u 
  450.00000m    5.5938u 
  500.00000m    9.6041u 
  550.00000m   14.6812u 
  600.00000m   20.6830u 
  650.00000m   27.4902u 
  700.00000m   35.0050u 
  750.00000m   43.1429u 
  800.00000m   51.8267u 
  850.00000m   60.9838u 
  900.00000m   70.5444u 
  950.00000m   80.4407u 
    1.00000    90.6052u 
y
 vth0_value= 269.9036m
 u0_param=  49.0323m
 ags_param= 416.6340m
 
   *** monte carlo  index = 637 ***
x

 volt         param     
             i_d_0.8    
    0.         70.6883p 
   50.00000m  362.6114p 
  100.00000m    1.8225n 
  150.00000m    8.6817n 
  200.00000m   37.7820n 
  250.00000m  146.2092n 
  300.00000m  496.2253n 
  350.00000m    1.4256u 
  400.00000m    3.3424u 
  450.00000m    6.4651u 
  500.00000m   10.7648u 
  550.00000m   16.1057u 
  600.00000m   22.3494u 
  650.00000m   29.3821u 
  700.00000m   37.1094u 
  750.00000m   45.4483u 
  800.00000m   54.3224u 
  850.00000m   63.6591u 
  900.00000m   73.3887u 
  950.00000m   83.4427u 
    1.00000    93.7528u 
y
 vth0_value= 258.1698m
 u0_param=  48.9735m
 ags_param= 417.4648m
 
   *** monte carlo  index = 638 ***
x

 volt         param     
             i_d_0.8    
    0.        156.0673p 
   50.00000m  796.6987p 
  100.00000m    3.9252n 
  150.00000m   18.0285n 
  200.00000m   74.5424n 
  250.00000m  272.4028n 
  300.00000m  862.3602n 
  350.00000m    2.2641u 
  400.00000m    4.8455u 
  450.00000m    8.7075u 
  500.00000m   13.7494u 
  550.00000m   19.8199u 
  600.00000m   26.7847u 
  650.00000m   34.5347u 
  700.00000m   42.9767u 
  750.00000m   52.0268u 
  800.00000m   61.6067u 
  850.00000m   71.6413u 
  900.00000m   82.0580u 
  950.00000m   92.7851u 
    1.00000   103.7500u 
y
 vth0_value= 235.5112m
 u0_param=  50.8819m
 ags_param= 427.0541m
 
   *** monte carlo  index = 639 ***
x

 volt         param     
             i_d_0.8    
    0.        124.6636p 
   50.00000m  637.6479p 
  100.00000m    3.1604n 
  150.00000m   14.6683n 
  200.00000m   61.5089n 
  250.00000m  228.2939n 
  300.00000m  736.9962n 
  350.00000m    1.9834u 
  400.00000m    4.3474u 
  450.00000m    7.9605u 
  500.00000m   12.7402u 
  550.00000m   18.5399u 
  600.00000m   25.2261u 
  650.00000m   32.6899u 
  700.00000m   40.8393u 
  750.00000m   49.5919u 
  800.00000m   58.8706u 
  850.00000m   68.6020u 
  900.00000m   78.7151u 
  950.00000m   89.1397u 
    1.00000    99.8051u 
y
 vth0_value= 241.5357m
 u0_param=  49.7110m
 ags_param= 417.8816m
 
   *** monte carlo  index = 640 ***
x

 volt         param     
             i_d_0.8    
    0.         48.4170p 
   50.00000m  248.1355p 
  100.00000m    1.2564n 
  150.00000m    6.0763n 
  200.00000m   27.0670n 
  250.00000m  107.6696n 
  300.00000m  377.0377n 
  350.00000m    1.1291u 
  400.00000m    2.7727u 
  450.00000m    5.5806u 
  500.00000m    9.5689u 
  550.00000m   14.6143u 
  600.00000m   20.5764u 
  650.00000m   27.3374u 
  700.00000m   34.8004u 
  750.00000m   42.8819u 
  800.00000m   51.5053u 
  850.00000m   60.5986u 
  900.00000m   70.0926u 
  950.00000m   79.9199u 
    1.00000    90.0134u 
y
 vth0_value= 269.3757m
 u0_param=  48.5981m
 ags_param= 418.1969m
 
   *** monte carlo  index = 641 ***
x

 volt         param     
             i_d_0.8    
    0.         56.0741p 
   50.00000m  287.5884p 
  100.00000m    1.4524n 
  150.00000m    6.9858n 
  200.00000m   30.8522n 
  250.00000m  121.4651n 
  300.00000m  420.4294n 
  350.00000m    1.2398u 
  400.00000m    2.9915u 
  450.00000m    5.9295u 
  500.00000m   10.0521u 
  550.00000m   15.2295u 
  600.00000m   21.3215u 
  650.00000m   28.2110u 
  700.00000m   35.8019u 
  750.00000m   44.0102u 
  800.00000m   52.7593u 
  850.00000m   61.9766u 
  900.00000m   71.5925u 
  950.00000m   81.5391u 
    1.00000    91.7484u 
y
 vth0_value= 265.1560m
 u0_param=  48.9475m
 ags_param= 408.6102m
 
   *** monte carlo  index = 642 ***
x

 volt         param     
             i_d_0.8    
    0.         51.3372p 
   50.00000m  263.2560p 
  100.00000m    1.3323n 
  150.00000m    6.4353n 
  200.00000m   28.6093n 
  250.00000m  113.5249n 
  300.00000m  396.4109n 
  350.00000m    1.1826u 
  400.00000m    2.8913u 
  450.00000m    5.7966u 
  500.00000m    9.9096u 
  550.00000m   15.1015u 
  600.00000m   21.2280u 
  650.00000m   28.1684u 
  700.00000m   35.8235u 
  750.00000m   44.1076u 
  800.00000m   52.9425u 
  850.00000m   62.2543u 
  900.00000m   71.9725u 
  950.00000m   82.0282u 
    1.00000    92.3531u 
y
 vth0_value= 268.3987m
 u0_param=  49.8258m
 ags_param= 408.9984m
 
   *** monte carlo  index = 643 ***
x

 volt         param     
             i_d_0.8    
    0.        106.5396p 
   50.00000m  545.5248p 
  100.00000m    2.7144n 
  150.00000m   12.6873n 
  200.00000m   53.7228n 
  250.00000m  201.5663n 
  300.00000m  659.4616n 
  350.00000m    1.8055u 
  400.00000m    4.0258u 
  450.00000m    7.4732u 
  500.00000m   12.0785u 
  550.00000m   17.6991u 
  600.00000m   24.2020u 
  650.00000m   31.4785u 
  700.00000m   39.4370u 
  750.00000m   47.9961u 
  800.00000m   57.0796u 
  850.00000m   66.6152u 
  900.00000m   76.5328u 
  950.00000m   86.7632u 
    1.00000    97.2369u 
y
 vth0_value= 245.7831m
 u0_param=  48.9608m
 ags_param= 425.1064m
 
   *** monte carlo  index = 644 ***
x

 volt         param     
             i_d_0.8    
    0.         99.4304p 
   50.00000m  509.3935p 
  100.00000m    2.5395n 
  150.00000m   11.9121n 
  200.00000m   50.6919n 
  250.00000m  191.2470n 
  300.00000m  629.8877n 
  350.00000m    1.7395u 
  400.00000m    3.9128u 
  450.00000m    7.3146u 
  500.00000m   11.8819u 
  550.00000m   17.4720u 
  600.00000m   23.9503u 
  650.00000m   31.2067u 
  700.00000m   39.1490u 
  750.00000m   47.6948u 
  800.00000m   56.7680u 
  850.00000m   66.2959u 
  900.00000m   76.2080u 
  950.00000m   86.4355u 
    1.00000    96.9088u 
y
 vth0_value= 247.9857m
 u0_param=  49.1439m
 ags_param= 411.3525m
 
   *** monte carlo  index = 645 ***
x

 volt         param     
             i_d_0.8    
    0.         55.1393p 
   50.00000m  282.8146p 
  100.00000m    1.4291n 
  150.00000m    6.8817n 
  200.00000m   30.4460n 
  250.00000m  120.1146n 
  300.00000m  416.7133n 
  350.00000m    1.2325u 
  400.00000m    2.9843u 
  450.00000m    5.9327u 
  500.00000m   10.0790u 
  550.00000m   15.2931u 
  600.00000m   21.4323u 
  650.00000m   28.3780u 
  700.00000m   36.0326u 
  750.00000m   44.3111u 
  800.00000m   53.1361u 
  850.00000m   62.4343u 
  900.00000m   72.1353u 
  950.00000m   82.1706u 
    1.00000    92.4720u 
y
 vth0_value= 266.0165m
 u0_param=  49.4877m
 ags_param= 423.2343m
 
   *** monte carlo  index = 646 ***
x

 volt         param     
             i_d_0.8    
    0.         73.5367p 
   50.00000m  377.3132p 
  100.00000m    1.8959n 
  150.00000m    9.0251n 
  200.00000m   39.2365n 
  250.00000m  151.6512n 
  300.00000m  513.9182n 
  350.00000m    1.4734u 
  400.00000m    3.4469u 
  450.00000m    6.6546u 
  500.00000m   11.0642u 
  550.00000m   16.5353u 
  600.00000m   22.9264u 
  650.00000m   30.1207u 
  700.00000m   38.0216u 
  750.00000m   46.5443u 
  800.00000m   55.6107u 
  850.00000m   65.1467u 
  900.00000m   75.0812u 
  950.00000m   85.3445u 
    1.00000    95.8671u 
y
 vth0_value= 257.7096m
 u0_param=  50.1059m
 ags_param= 417.5684m
 
   *** monte carlo  index = 647 ***
x

 volt         param     
             i_d_0.8    
    0.         89.7391p 
   50.00000m  460.0142p 
  100.00000m    2.2994n 
  150.00000m   10.8383n 
  200.00000m   46.4435n 
  250.00000m  176.5870n 
  300.00000m  587.0477n 
  350.00000m    1.6410u 
  400.00000m    3.7379u 
  450.00000m    7.0590u 
  500.00000m   11.5508u 
  550.00000m   17.0722u 
  600.00000m   23.4870u 
  650.00000m   30.6839u 
  700.00000m   38.5698u 
  750.00000m   47.0622u 
  800.00000m   56.0845u 
  850.00000m   65.5641u 
  900.00000m   75.4308u 
  950.00000m   85.6157u 
    1.00000    96.0495u 
y
 vth0_value= 251.0909m
 u0_param=  49.1624m
 ags_param= 406.2356m
 
   *** monte carlo  index = 648 ***
x

 volt         param     
             i_d_0.8    
    0.        102.8484p 
   50.00000m  526.8245p 
  100.00000m    2.6244n 
  150.00000m   12.2935n 
  200.00000m   52.2120n 
  250.00000m  196.5481n 
  300.00000m  645.6134n 
  350.00000m    1.7767u 
  400.00000m    3.9823u 
  450.00000m    7.4231u 
  500.00000m   12.0330u 
  550.00000m   17.6680u 
  600.00000m   24.1932u 
  650.00000m   31.4984u 
  700.00000m   39.4908u 
  750.00000m   48.0882u 
  800.00000m   57.2137u 
  850.00000m   66.7944u 
  900.00000m   76.7597u 
  950.00000m   87.0404u 
    1.00000    97.5665u 
y
 vth0_value= 247.1181m
 u0_param=  49.3762m
 ags_param= 407.8869m
 
   *** monte carlo  index = 649 ***
x

 volt         param     
             i_d_0.8    
    0.        103.4782p 
   50.00000m  530.2044p 
  100.00000m    2.6426n 
  150.00000m   12.3885n 
  200.00000m   52.6749n 
  250.00000m  198.5276n 
  300.00000m  653.0096n 
  350.00000m    1.8002u 
  400.00000m    4.0422u 
  450.00000m    7.5451u 
  500.00000m   12.2419u 
  550.00000m   17.9852u 
  600.00000m   24.6364u 
  650.00000m   32.0822u 
  700.00000m   40.2278u 
  750.00000m   48.9889u 
  800.00000m   58.2872u 
  850.00000m   68.0484u 
  900.00000m   78.2005u 
  950.00000m   88.6731u 
    1.00000    99.3954u 
y
 vth0_value= 247.6337m
 u0_param=  50.4633m
 ags_param= 416.5906m
 
   *** monte carlo  index = 650 ***
x

 volt         param     
             i_d_0.8    
    0.         62.9926p 
   50.00000m  323.1261p 
  100.00000m    1.6279n 
  150.00000m    7.7913n 
  200.00000m   34.1490n 
  250.00000m  133.2470n 
  300.00000m  456.5562n 
  350.00000m    1.3283u 
  400.00000m    3.1575u 
  450.00000m    6.1789u 
  500.00000m   10.3764u 
  550.00000m   15.6176u 
  600.00000m   21.7638u 
  650.00000m   28.7001u 
  700.00000m   36.3318u 
  750.00000m   44.5758u 
  800.00000m   53.3558u 
  850.00000m   62.5997u 
  900.00000m   72.2378u 
  950.00000m   82.2024u 
    1.00000    92.4254u 
y
 vth0_value= 261.5109m
 u0_param=  48.7567m
 ags_param= 408.8823m
 
   *** monte carlo  index = 651 ***
x

 volt         param     
             i_d_0.8    
    0.        100.4670p 
   50.00000m  514.9237p 
  100.00000m    2.5688n 
  150.00000m   12.0638n 
  200.00000m   51.4199n 
  250.00000m  194.3240n 
  300.00000m  641.2608n 
  350.00000m    1.7753u 
  400.00000m    4.0034u 
  450.00000m    7.4986u 
  500.00000m   12.1966u 
  550.00000m   17.9491u 
  600.00000m   24.6161u 
  650.00000m   32.0831u 
  700.00000m   40.2544u 
  750.00000m   49.0451u 
  800.00000m   58.3763u 
  850.00000m   68.1733u 
  900.00000m   78.3639u 
  950.00000m   88.8772u 
    1.00000    99.6423u 
y
 vth0_value= 248.7249m
 u0_param=  50.7802m
 ags_param= 415.8252m
 
   *** monte carlo  index = 652 ***
x

 volt         param     
             i_d_0.8    
    0.        137.3523p 
   50.00000m  701.7546p 
  100.00000m    3.4671n 
  150.00000m   16.0026n 
  200.00000m   66.6016n 
  250.00000m  245.1710n 
  300.00000m  783.4268n 
  350.00000m    2.0811u 
  400.00000m    4.5044u 
  450.00000m    8.1668u 
  500.00000m   12.9789u 
  550.00000m   18.7953u 
  600.00000m   25.4856u 
  650.00000m   32.9435u 
  700.00000m   41.0785u 
  750.00000m   49.8092u 
  800.00000m   59.0595u 
  850.00000m   68.7566u 
  900.00000m   78.8298u 
  950.00000m   89.2095u 
    1.00000    99.8250u 
y
 vth0_value= 238.2870m
 u0_param=  49.2101m
 ags_param= 418.9934m
 
   *** monte carlo  index = 653 ***
x

 volt         param     
             i_d_0.8    
    0.         57.5249p 
   50.00000m  295.0438p 
  100.00000m    1.4893n 
  150.00000m    7.1552n 
  200.00000m   31.5462n 
  250.00000m  123.9471n 
  300.00000m  428.0487n 
  350.00000m    1.2584u 
  400.00000m    3.0264u 
  450.00000m    5.9814u 
  500.00000m   10.1186u 
  550.00000m   15.3078u 
  600.00000m   21.4092u 
  650.00000m   28.3065u 
  700.00000m   35.9038u 
  750.00000m   44.1177u 
  800.00000m   52.8716u 
  850.00000m   62.0930u 
  900.00000m   71.7124u 
  950.00000m   81.6619u 
    1.00000    91.8735u 
y
 vth0_value= 264.3303m
 u0_param=  48.8674m
 ags_param= 424.1380m
 
   *** monte carlo  index = 654 ***
x

 volt         param     
             i_d_0.8    
    0.         68.8094p 
   50.00000m  352.9841p 
  100.00000m    1.7752n 
  150.00000m    8.4662n 
  200.00000m   36.9091n 
  250.00000m  143.1222n 
  300.00000m  486.8909n 
  350.00000m    1.4031u 
  400.00000m    3.3009u 
  450.00000m    6.4029u 
  500.00000m   10.6834u 
  550.00000m   16.0071u 
  600.00000m   22.2354u 
  650.00000m   29.2540u 
  700.00000m   36.9683u 
  750.00000m   45.2953u 
  800.00000m   54.1584u 
  850.00000m   63.4850u 
  900.00000m   73.2055u 
  950.00000m   83.2514u 
    1.00000    93.5543u 
y
 vth0_value= 258.9920m
 u0_param=  48.9863m
 ags_param= 421.0008m
 
   *** monte carlo  index = 655 ***
x

 volt         param     
             i_d_0.8    
    0.        143.3537p 
   50.00000m  732.2579p 
  100.00000m    3.6148n 
  150.00000m   16.6599n 
  200.00000m   69.2002n 
  250.00000m  254.1715n 
  300.00000m  809.8849n 
  350.00000m    2.1437u 
  400.00000m    4.6238u 
  450.00000m    8.3602u 
  500.00000m   13.2595u 
  550.00000m   19.1739u 
  600.00000m   25.9712u 
  650.00000m   33.5436u 
  700.00000m   41.7996u 
  750.00000m   50.6568u 
  800.00000m   60.0380u 
  850.00000m   69.8694u 
  900.00000m   80.0797u 
  950.00000m   90.5983u 
    1.00000   101.3538u 
y
 vth0_value= 237.4499m
 u0_param=  49.9061m
 ags_param= 418.5753m
 
   *** monte carlo  index = 656 ***
x

 volt         param     
             i_d_0.8    
    0.         93.6897p 
   50.00000m  480.2468p 
  100.00000m    2.3988n 
  150.00000m   11.2913n 
  200.00000m   48.2878n 
  250.00000m  183.1813n 
  300.00000m  607.2904n 
  350.00000m    1.6915u 
  400.00000m    3.8383u 
  450.00000m    7.2262u 
  500.00000m   11.7978u 
  550.00000m   17.4091u 
  600.00000m   23.9224u 
  650.00000m   31.2253u 
  700.00000m   39.2236u 
  750.00000m   47.8338u 
  800.00000m   56.9786u 
  850.00000m   66.5844u 
  900.00000m   76.5803u 
  950.00000m   86.8965u 
    1.00000    97.4632u 
y
 vth0_value= 250.2008m
 u0_param=  49.7931m
 ags_param= 419.6939m
 
   *** monte carlo  index = 657 ***
x

 volt         param     
             i_d_0.8    
    0.         42.7218p 
   50.00000m  218.7359p 
  100.00000m    1.1098n 
  150.00000m    5.3916n 
  200.00000m   24.1914n 
  250.00000m   97.0860n 
  300.00000m  343.3414n 
  350.00000m    1.0416u 
  400.00000m    2.5969u 
  450.00000m    5.2973u 
  500.00000m    9.1748u 
  550.00000m   14.1118u 
  600.00000m   19.9680u 
  650.00000m   26.6244u 
  700.00000m   33.9838u 
  750.00000m   41.9623u 
  800.00000m   50.4836u 
  850.00000m   59.4760u 
  900.00000m   68.8706u 
  950.00000m   78.6006u 
    1.00000    88.5991u 
y
 vth0_value= 273.0164m
 u0_param=  48.3573m
 ags_param= 410.3277m
 
   *** monte carlo  index = 658 ***
x

 volt         param     
             i_d_0.8    
    0.        102.8007p 
   50.00000m  526.6538p 
  100.00000m    2.6243n 
  150.00000m   12.2988n 
  200.00000m   52.2695n 
  250.00000m  196.9056n 
  300.00000m  647.3282n 
  350.00000m    1.7833u 
  400.00000m    4.0015u 
  450.00000m    7.4653u 
  500.00000m   12.1084u 
  550.00000m   17.7855u 
  600.00000m   24.3601u 
  650.00000m   31.7206u 
  700.00000m   39.7737u 
  750.00000m   48.4359u 
  800.00000m   57.6300u 
  850.00000m   67.2824u 
  900.00000m   77.3221u 
  950.00000m   87.6791u 
    1.00000    98.2834u 
y
 vth0_value= 247.4198m
 u0_param=  49.8203m
 ags_param= 409.0282m
 
   *** monte carlo  index = 659 ***
x

 volt         param     
             i_d_0.8    
    0.         77.1945p 
   50.00000m  395.9720p 
  100.00000m    1.9868n 
  150.00000m    9.4320n 
  200.00000m   40.8407n 
  250.00000m  157.1287n 
  300.00000m  529.6723n 
  350.00000m    1.5080u 
  400.00000m    3.5017u 
  450.00000m    6.7186u 
  500.00000m   11.1209u 
  550.00000m   16.5692u 
  600.00000m   22.9246u 
  650.00000m   30.0729u 
  700.00000m   37.9194u 
  750.00000m   46.3805u 
  800.00000m   55.3791u 
  850.00000m   64.8421u 
  900.00000m   74.6989u 
  950.00000m   84.8806u 
    1.00000    95.3180u 
y
 vth0_value= 255.8371m
 u0_param=  49.4738m
 ags_param= 429.8986m
 
   *** monte carlo  index = 660 ***
x

 volt         param     
             i_d_0.8    
    0.         44.8725p 
   50.00000m  229.7586p 
  100.00000m    1.1640n 
  150.00000m    5.6366n 
  200.00000m   25.1630n 
  250.00000m  100.3686n 
  300.00000m  352.5898n 
  350.00000m    1.0604u 
  400.00000m    2.6169u 
  450.00000m    5.2906u 
  500.00000m    9.1029u 
  550.00000m   13.9379u 
  600.00000m   19.6613u 
  650.00000m   26.1596u 
  700.00000m   33.3399u 
  750.00000m   41.1216u 
  800.00000m   49.4310u 
  850.00000m   58.1985u 
  900.00000m   67.3573u 
  950.00000m   76.8421u 
    1.00000    86.5877u 
y
 vth0_value= 270.4474m
 u0_param=  46.7603m
 ags_param= 422.8754m
 
   *** monte carlo  index = 661 ***
x

 volt         param     
             i_d_0.8    
    0.         21.8987p 
   50.00000m  110.7474p 
  100.00000m  566.5435p 
  150.00000m    2.8116n 
  200.00000m   13.0813n 
  250.00000m   55.0365n 
  300.00000m  205.0181n 
  350.00000m  664.7656n 
  400.00000m    1.7987u 
  450.00000m    3.9627u 
  500.00000m    7.2838u 
  550.00000m   11.6861u 
  600.00000m   17.0320u 
  650.00000m   23.1959u 
  700.00000m   30.0758u 
  750.00000m   37.5857u 
  800.00000m   45.6492u 
  850.00000m   54.1953u 
  900.00000m   63.1562u 
  950.00000m   72.4666u 
    1.00000    82.0620u 
y
 vth0_value= 292.9814m
 u0_param=  47.5846m
 ags_param= 413.2188m
 
   *** monte carlo  index = 662 ***
x

 volt         param     
             i_d_0.8    
    0.         73.1094p 
   50.00000m  375.0918p 
  100.00000m    1.8846n 
  150.00000m    8.9711n 
  200.00000m   38.9991n 
  250.00000m  150.7240n 
  300.00000m  510.7501n 
  350.00000m    1.4642u 
  400.00000m    3.4253u 
  450.00000m    6.6126u 
  500.00000m   10.9942u 
  550.00000m   16.4311u 
  600.00000m   22.7825u 
  650.00000m   29.9326u 
  700.00000m   37.7857u 
  750.00000m   46.2573u 
  800.00000m   55.2698u 
  850.00000m   64.7497u 
  900.00000m   74.6261u 
  950.00000m   84.8300u 
    1.00000    95.2918u 
y
 vth0_value= 257.6732m
 u0_param=  49.7749m
 ags_param= 414.8361m
 
   *** monte carlo  index = 663 ***
x

 volt         param     
             i_d_0.8    
    0.        115.2698p 
   50.00000m  590.0387p 
  100.00000m    2.9312n 
  150.00000m   13.6611n 
  200.00000m   57.6117n 
  250.00000m  215.1728n 
  300.00000m  700.0180n 
  350.00000m    1.9026u 
  400.00000m    4.2113u 
  450.00000m    7.7715u 
  500.00000m   12.5070u 
  550.00000m   18.2710u 
  600.00000m   24.9286u 
  650.00000m   32.3695u 
  700.00000m   40.5008u 
  750.00000m   49.2395u 
  800.00000m   58.5083u 
  850.00000m   68.2336u 
  900.00000m   78.3440u 
  950.00000m   88.7695u 
    1.00000    99.4393u 
y
 vth0_value= 244.0125m
 u0_param=  49.8889m
 ags_param= 428.4934m
 
   *** monte carlo  index = 664 ***
x

 volt         param     
             i_d_0.8    
    0.         97.9065p 
   50.00000m  501.6623p 
  100.00000m    2.5022n 
  150.00000m   11.7481n 
  200.00000m   50.0589n 
  250.00000m  189.1328n 
  300.00000m  624.0095n 
  350.00000m    1.7272u 
  400.00000m    3.8941u 
  450.00000m    7.2935u 
  500.00000m   11.8636u 
  550.00000m   17.4616u 
  600.00000m   23.9522u 
  650.00000m   31.2247u 
  700.00000m   39.1863u 
  750.00000m   47.7546u 
  800.00000m   56.8529u 
  850.00000m   66.4084u 
  900.00000m   76.3505u 
  950.00000m   86.6100u 
    1.00000    97.1171u 
y
 vth0_value= 248.5664m
 u0_param=  49.3199m
 ags_param= 434.2371m
 
   *** monte carlo  index = 665 ***
x

 volt         param     
             i_d_0.8    
    0.         83.0053p 
   50.00000m  425.6504p 
  100.00000m    2.1317n 
  150.00000m   10.0850n 
  200.00000m   43.4452n 
  250.00000m  166.1779n 
  300.00000m  556.3679n 
  350.00000m    1.5698u 
  400.00000m    3.6105u 
  450.00000m    6.8730u 
  500.00000m   11.3115u 
  550.00000m   16.7857u 
  600.00000m   23.1585u 
  650.00000m   30.3172u 
  700.00000m   38.1680u 
  750.00000m   46.6280u 
  800.00000m   55.6206u 
  850.00000m   65.0729u 
  900.00000m   74.9148u 
  950.00000m   85.0773u 
    1.00000    95.4914u 
y
 vth0_value= 253.4903m
 u0_param=  49.2331m
 ags_param= 403.6158m
 
   *** monte carlo  index = 666 ***
x

 volt         param     
             i_d_0.8    
    0.         82.3762p 
   50.00000m  422.4779p 
  100.00000m    2.1166n 
  150.00000m   10.0205n 
  200.00000m   43.2102n 
  250.00000m  165.4633n 
  300.00000m  554.6904n 
  350.00000m    1.5677u 
  400.00000m    3.6122u 
  450.00000m    6.8863u 
  500.00000m   11.3452u 
  550.00000m   16.8478u 
  600.00000m   23.2557u 
  650.00000m   30.4552u 
  700.00000m   38.3517u 
  750.00000m   46.8617u 
  800.00000m   55.9080u 
  850.00000m   65.4173u 
  900.00000m   75.3190u 
  950.00000m   85.5437u 
    1.00000    96.0222u 
y
 vth0_value= 253.9476m
 u0_param=  49.5837m
 ags_param= 419.4819m
 
   *** monte carlo  index = 667 ***
x

 volt         param     
             i_d_0.8    
    0.        115.5387p 
   50.00000m  591.2000p 
  100.00000m    2.9348n 
  150.00000m   13.6608n 
  200.00000m   57.5123n 
  250.00000m  214.4111n 
  300.00000m  696.0302n 
  350.00000m    1.8865u 
  400.00000m    4.1643u 
  450.00000m    7.6685u 
  500.00000m   12.3233u 
  550.00000m   17.9855u 
  600.00000m   24.5238u 
  650.00000m   31.8308u 
  700.00000m   39.8157u 
  750.00000m   48.3974u 
  800.00000m   57.5002u 
  850.00000m   67.0518u 
  900.00000m   76.9821u 
  950.00000m   87.2222u 
    1.00000    97.7023u 
y
 vth0_value= 243.2509m
 u0_param=  48.8285m
 ags_param= 419.7367m
 
   *** monte carlo  index = 668 ***
x

 volt         param     
             i_d_0.8    
    0.         88.7484p 
   50.00000m  454.9383p 
  100.00000m    2.2744n 
  150.00000m   10.7244n 
  200.00000m   45.9787n 
  250.00000m  174.9222n 
  300.00000m  581.9299n 
  350.00000m    1.6283u 
  400.00000m    3.7125u 
  450.00000m    7.0169u 
  500.00000m   11.4892u 
  550.00000m   16.9889u 
  600.00000m   23.3805u 
  650.00000m   30.5531u 
  700.00000m   38.4137u 
  750.00000m   46.8803u 
  800.00000m   55.8765u 
  850.00000m   65.3300u 
  900.00000m   75.1706u 
  950.00000m   85.3297u 
    1.00000    95.7380u 
y
 vth0_value= 251.3166m
 u0_param=  48.9956m
 ags_param= 427.1036m
 
   *** monte carlo  index = 669 ***
x

 volt         param     
             i_d_0.8    
    0.         76.0835p 
   50.00000m  390.3825p 
  100.00000m    1.9603n 
  150.00000m    9.3204n 
  200.00000m   40.4458n 
  250.00000m  155.9926n 
  300.00000m  527.3137n 
  350.00000m    1.5068u 
  400.00000m    3.5126u 
  450.00000m    6.7611u 
  500.00000m   11.2166u 
  550.00000m   16.7371u 
  600.00000m   23.1804u 
  650.00000m   30.4294u 
  700.00000m   38.3872u 
  750.00000m   46.9685u 
  800.00000m   56.0950u 
  850.00000m   65.6921u 
  900.00000m   75.6884u 
  950.00000m   86.0139u 
    1.00000    96.5987u 
y
 vth0_value= 256.8597m
 u0_param=  50.3848m
 ags_param= 418.1038m
 
   *** monte carlo  index = 670 ***
x

 volt         param     
             i_d_0.8    
    0.        139.1299p 
   50.00000m  710.9212p 
  100.00000m    3.5127n 
  150.00000m   16.2157n 
  200.00000m   67.5004n 
  250.00000m  248.5156n 
  300.00000m  794.2233n 
  350.00000m    2.1102u 
  400.00000m    4.5679u 
  450.00000m    8.2825u 
  500.00000m   13.1628u 
  550.00000m   19.0607u 
  600.00000m   25.8439u 
  650.00000m   33.4039u 
  700.00000m   41.6491u 
  750.00000m   50.4967u 
  800.00000m   59.8697u 
  850.00000m   69.6942u 
  900.00000m   79.8988u 
  950.00000m   90.4129u 
    1.00000   101.1652u 
y
 vth0_value= 238.3753m
 u0_param=  49.9429m
 ags_param= 423.9620m
 
   *** monte carlo  index = 671 ***
x

 volt         param     
             i_d_0.8    
    0.        185.1101p 
   50.00000m  942.6257p 
  100.00000m    4.6162n 
  150.00000m   20.9871n 
  200.00000m   85.6343n 
  250.00000m  308.4460n 
  300.00000m  958.5955n 
  350.00000m    2.4603u 
  400.00000m    5.1542u 
  450.00000m    9.1120u 
  500.00000m   14.2231u 
  550.00000m   20.3387u 
  600.00000m   27.3298u 
  650.00000m   35.0906u 
  700.00000m   43.5306u 
  750.00000m   52.5674u 
  800.00000m   62.1239u 
  850.00000m   72.1258u 
  900.00000m   82.5012u 
  950.00000m   93.1787u 
    1.00000   104.0857u 
y
 vth0_value= 229.9058m
 u0_param=  50.1643m
 ags_param= 429.7909m
 
   *** monte carlo  index = 672 ***
x

 volt         param     
             i_d_0.8    
    0.        110.3808p 
   50.00000m  565.1869p 
  100.00000m    2.8109n 
  150.00000m   13.1268n 
  200.00000m   55.5140n 
  250.00000m  207.9855n 
  300.00000m  679.2269n 
  350.00000m    1.8552u 
  400.00000m    4.1268u 
  450.00000m    7.6456u 
  500.00000m   12.3393u 
  550.00000m   18.0620u 
  600.00000m   24.6785u 
  650.00000m   32.0783u 
  700.00000m   40.1686u 
  750.00000m   48.8663u 
  800.00000m   58.0944u 
  850.00000m   67.7793u 
  900.00000m   77.8500u 
  950.00000m   88.2365u 
    1.00000    98.8683u 
y
 vth0_value= 245.2410m
 u0_param=  49.7679m
 ags_param= 429.7995m
 
   *** monte carlo  index = 673 ***
x

 volt         param     
             i_d_0.8    
    0.         93.6275p 
   50.00000m  479.8108p 
  100.00000m    2.3955n 
  150.00000m   11.2666n 
  200.00000m   48.1275n 
  250.00000m  182.3489n 
  300.00000m  603.6794n 
  350.00000m    1.6783u 
  400.00000m    3.8014u 
  450.00000m    7.1463u 
  500.00000m   11.6555u 
  550.00000m   17.1879u 
  600.00000m   23.6089u 
  650.00000m   30.8080u 
  700.00000m   38.6930u 
  750.00000m   47.1818u 
  800.00000m   56.1985u 
  850.00000m   65.6704u 
  900.00000m   75.5276u 
  950.00000m   85.7014u 
    1.00000    96.1224u 
y
 vth0_value= 249.6789m
 u0_param=  48.9601m
 ags_param= 421.3018m
 
   *** monte carlo  index = 674 ***
x

 volt         param     
             i_d_0.8    
    0.         89.0115p 
   50.00000m  456.3123p 
  100.00000m    2.2814n 
  150.00000m   10.7585n 
  200.00000m   46.1316n 
  250.00000m  175.5296n 
  300.00000m  584.0415n 
  350.00000m    1.6345u 
  400.00000m    3.7275u 
  450.00000m    7.0463u 
  500.00000m   11.5384u 
  550.00000m   17.0626u 
  600.00000m   23.4826u 
  650.00000m   30.6866u 
  700.00000m   38.5815u 
  750.00000m   47.0847u 
  800.00000m   56.1195u 
  850.00000m   65.6131u 
  900.00000m   75.4953u 
  950.00000m   85.6970u 
    1.00000    96.1489u 
y
 vth0_value= 251.3832m
 u0_param=  49.2340m
 ags_param= 428.5135m
 
   *** monte carlo  index = 675 ***
x

 volt         param     
             i_d_0.8    
    0.         99.8181p 
   50.00000m  511.6183p 
  100.00000m    2.5528n 
  150.00000m   11.9920n 
  200.00000m   51.1361n 
  250.00000m  193.3459n 
  300.00000m  638.4106n 
  350.00000m    1.7688u 
  400.00000m    3.9919u 
  450.00000m    7.4819u 
  500.00000m   12.1751u 
  550.00000m   17.9236u 
  600.00000m   24.5872u 
  650.00000m   32.0514u 
  700.00000m   40.2205u 
  750.00000m   49.0094u 
  800.00000m   58.3395u 
  850.00000m   68.1359u 
  900.00000m   78.3265u 
  950.00000m   88.8403u 
    1.00000    99.6065u 
y
 vth0_value= 248.9180m
 u0_param=  50.7767m
 ags_param= 426.4526m
 
   *** monte carlo  index = 676 ***
x

 volt         param     
             i_d_0.8    
    0.         37.3326p 
   50.00000m  190.8812p 
  100.00000m  970.6440p 
  150.00000m    4.7389n 
  200.00000m   21.4364n 
  250.00000m   86.9062n 
  300.00000m  310.7942n 
  350.00000m  956.7732n 
  400.00000m    2.4270u 
  450.00000m    5.0290u 
  500.00000m    8.8136u 
  550.00000m   13.6695u 
  600.00000m   19.4548u 
  650.00000m   26.0485u 
  700.00000m   33.3514u 
  750.00000m   41.2789u 
  800.00000m   49.7541u 
  850.00000m   58.7050u 
  900.00000m   68.0625u 
  950.00000m   77.7598u 
    1.00000    87.7304u 
y
 vth0_value= 277.2286m
 u0_param=  48.5210m
 ags_param= 406.0832m
 
   *** monte carlo  index = 677 ***
x

 volt         param     
             i_d_0.8    
    0.         35.3392p 
   50.00000m  180.5533p 
  100.00000m  918.7763p 
  150.00000m    4.4934n 
  200.00000m   20.3841n 
  250.00000m   82.9407n 
  300.00000m  297.8041n 
  350.00000m  921.5818n 
  400.00000m    2.3525u 
  450.00000m    4.9027u 
  500.00000m    8.6301u 
  550.00000m   13.4264u 
  600.00000m   19.1507u 
  650.00000m   25.6816u 
  700.00000m   32.9202u 
  750.00000m   40.7819u 
  800.00000m   49.1902u 
  850.00000m   58.0733u 
  900.00000m   67.3626u 
  950.00000m   76.9914u 
    1.00000    86.8937u 
y
 vth0_value= 278.7406m
 u0_param=  48.2770m
 ags_param= 394.5716m
 
   *** monte carlo  index = 678 ***
x

 volt         param     
             i_d_0.8    
    0.        122.8678p 
   50.00000m  628.6087p 
  100.00000m    3.1175n 
  150.00000m   14.4846n 
  200.00000m   60.8260n 
  250.00000m  226.1149n 
  300.00000m  731.3694n 
  350.00000m    1.9731u 
  400.00000m    4.3352u 
  450.00000m    7.9534u 
  500.00000m   12.7457u 
  550.00000m   18.5647u 
  600.00000m   25.2759u 
  650.00000m   32.7691u 
  700.00000m   40.9518u 
  750.00000m   49.7410u 
  800.00000m   59.0590u 
  850.00000m   68.8323u 
  900.00000m   78.9892u 
  950.00000m   89.4595u 
    1.00000   100.1721u 
y
 vth0_value= 242.1677m
 u0_param=  50.0126m
 ags_param= 417.7486m
 
   *** monte carlo  index = 679 ***
x

 volt         param     
             i_d_0.8    
    0.         99.9764p 
   50.00000m  512.3683p 
  100.00000m    2.5559n 
  150.00000m   12.0012n 
  200.00000m   51.1432n 
  250.00000m  193.2413n 
  300.00000m  637.5575n 
  350.00000m    1.7646u 
  400.00000m    3.9782u 
  450.00000m    7.4500u 
  500.00000m   12.1161u 
  550.00000m   17.8296u 
  600.00000m   24.4517u 
  650.00000m   31.8689u 
  700.00000m   39.9862u 
  750.00000m   48.7193u 
  800.00000m   57.9899u 
  850.00000m   67.7238u 
  900.00000m   77.8491u 
  950.00000m   88.2956u 
    1.00000    98.9925u 
y
 vth0_value= 248.6347m
 u0_param=  50.4054m
 ags_param= 413.1290m
 
   *** monte carlo  index = 680 ***
x

 volt         param     
             i_d_0.8    
    0.        122.1592p 
   50.00000m  624.8535p 
  100.00000m    3.0978n 
  150.00000m   14.3851n 
  200.00000m   60.3632n 
  250.00000m  224.2210n 
  300.00000m  724.5884n 
  350.00000m    1.9525u 
  400.00000m    4.2854u 
  450.00000m    7.8553u 
  500.00000m   12.5817u 
  550.00000m   18.3198u 
  600.00000m   24.9375u 
  650.00000m   32.3270u 
  700.00000m   40.3971u 
  750.00000m   49.0661u 
  800.00000m   58.2578u 
  850.00000m   67.8993u 
  900.00000m   77.9202u 
  950.00000m   88.2509u 
    1.00000    98.8211u 
y
 vth0_value= 241.8305m
 u0_param=  49.2239m
 ags_param= 415.1667m
 
   *** monte carlo  index = 681 ***
x

 volt         param     
             i_d_0.8    
    0.         35.4904p 
   50.00000m  181.3190p 
  100.00000m  922.4280p 
  150.00000m    4.5089n 
  200.00000m   20.4366n 
  250.00000m   83.0647n 
  300.00000m  297.9080n 
  350.00000m  920.5601n 
  400.00000m    2.3458u 
  450.00000m    4.8809u 
  500.00000m    8.5817u 
  550.00000m   13.3407u 
  600.00000m   19.0186u 
  650.00000m   25.4958u 
  700.00000m   32.6747u 
  750.00000m   40.4716u 
  800.00000m   48.8109u 
  850.00000m   57.6215u 
  900.00000m   66.8353u 
  950.00000m   76.3864u 
    1.00000    86.2090u 
y
 vth0_value= 278.2781m
 u0_param=  47.7785m
 ags_param= 405.8241m
 
   *** monte carlo  index = 682 ***
x

 volt         param     
             i_d_0.8    
    0.         50.4193p 
   50.00000m  258.3428p 
  100.00000m    1.3060n 
  150.00000m    6.2958n 
  200.00000m   27.9055n 
  250.00000m  110.3497n 
  300.00000m  383.9244n 
  350.00000m    1.1399u 
  400.00000m    2.7723u 
  450.00000m    5.5329u 
  500.00000m    9.4289u 
  550.00000m   14.3400u 
  600.00000m   20.1328u 
  650.00000m   26.6954u 
  700.00000m   33.9359u 
  750.00000m   41.7740u 
  800.00000m   50.1363u 
  850.00000m   58.9534u 
  900.00000m   68.1583u 
  950.00000m   77.6855u 
    1.00000    87.4698u 
y
 vth0_value= 266.8970m
 u0_param=  46.7410m
 ags_param= 412.7188m
 
   *** monte carlo  index = 683 ***
x

 volt         param     
             i_d_0.8    
    0.         98.3666p 
   50.00000m  504.1137p 
  100.00000m    2.5152n 
  150.00000m   11.8150n 
  200.00000m   50.3793n 
  250.00000m  190.4836n 
  300.00000m  628.9888n 
  350.00000m    1.7428u 
  400.00000m    3.9336u 
  450.00000m    7.3735u 
  500.00000m   12.0003u 
  550.00000m   17.6685u 
  600.00000m   24.2406u 
  650.00000m   31.6037u 
  700.00000m   39.6636u 
  750.00000m   48.3365u 
  800.00000m   57.5449u 
  850.00000m   67.2149u 
  900.00000m   77.2750u 
  950.00000m   87.6555u 
    1.00000    98.2857u 
y
 vth0_value= 248.8888m
 u0_param=  50.0371m
 ags_param= 423.3997m
 
   *** monte carlo  index = 684 ***
x

 volt         param     
             i_d_0.8    
    0.         55.8593p 
   50.00000m  286.4070p 
  100.00000m    1.4458n 
  150.00000m    6.9482n 
  200.00000m   30.6475n 
  250.00000m  120.4866n 
  300.00000m  416.4066n 
  350.00000m    1.2255u 
  400.00000m    2.9505u 
  450.00000m    5.8374u 
  500.00000m    9.8831u 
  550.00000m   14.9613u 
  600.00000m   20.9354u 
  650.00000m   27.6917u 
  700.00000m   35.1365u 
  750.00000m   43.1881u 
  800.00000m   51.7714u 
  850.00000m   60.8154u 
  900.00000m   70.2518u 
  950.00000m   80.0139u 
    1.00000    90.0347u 
y
 vth0_value= 264.5395m
 u0_param=  47.8416m
 ags_param= 422.4536m
 
   *** monte carlo  index = 685 ***
x

 volt         param     
             i_d_0.8    
    0.        131.7373p 
   50.00000m  673.7083p 
  100.00000m    3.3360n 
  150.00000m   15.4574n 
  200.00000m   64.6667n 
  250.00000m  239.3822n 
  300.00000m  770.2123n 
  350.00000m    2.0639u 
  400.00000m    4.5048u 
  450.00000m    8.2209u 
  500.00000m   13.1241u 
  550.00000m   19.0639u 
  600.00000m   25.9041u 
  650.00000m   33.5336u 
  700.00000m   41.8585u 
  750.00000m   50.7947u 
  800.00000m   60.2639u 
  850.00000m   70.1910u 
  900.00000m   80.5039u 
  950.00000m   91.1313u 
    1.00000   102.0014u 
y
 vth0_value= 240.5448m
 u0_param=  50.7621m
 ags_param= 412.9530m
 
   *** monte carlo  index = 686 ***
x

 volt         param     
             i_d_0.8    
    0.        120.5780p 
   50.00000m  617.2600p 
  100.00000m    3.0653n 
  150.00000m   14.2759n 
  200.00000m   60.1420n 
  250.00000m  224.3449n 
  300.00000m  728.6731n 
  350.00000m    1.9763u 
  400.00000m    4.3651u 
  450.00000m    8.0410u 
  500.00000m   12.9227u 
  550.00000m   18.8584u 
  600.00000m   25.7085u 
  650.00000m   33.3595u 
  700.00000m   41.7156u 
  750.00000m   50.6916u 
  800.00000m   60.2079u 
  850.00000m   70.1891u 
  900.00000m   80.5621u 
  950.00000m   91.2554u 
    1.00000   102.1967u 
y
 vth0_value= 243.5825m
 u0_param=  51.3496m
 ags_param= 424.0816m
 
   *** monte carlo  index = 687 ***
x

 volt         param     
             i_d_0.8    
    0.        101.0729p 
   50.00000m  517.6812p 
  100.00000m    2.5790n 
  150.00000m   12.0822n 
  200.00000m   51.3252n 
  250.00000m  193.2615n 
  300.00000m  635.0544n 
  350.00000m    1.7485u 
  400.00000m    3.9211u 
  450.00000m    7.3125u 
  500.00000m   11.8581u 
  550.00000m   17.4166u 
  600.00000m   23.8552u 
  650.00000m   31.0652u 
  700.00000m   38.9554u 
  750.00000m   47.4445u 
  800.00000m   56.4567u 
  850.00000m   65.9200u 
  900.00000m   75.7647u 
  950.00000m   85.9221u 
    1.00000    96.3230u 
y
 vth0_value= 247.1969m
 u0_param=  48.6956m
 ags_param= 411.9696m
 
   *** monte carlo  index = 688 ***
x

 volt         param     
             i_d_0.8    
    0.         54.5535p 
   50.00000m  279.6768p 
  100.00000m    1.4123n 
  150.00000m    6.7926n 
  200.00000m   29.9970n 
  250.00000m  118.0977n 
  300.00000m  408.8163n 
  350.00000m    1.2057u 
  400.00000m    2.9101u 
  450.00000m    5.7697u 
  500.00000m    9.7839u 
  550.00000m   14.8276u 
  600.00000m   20.7649u 
  650.00000m   27.4824u 
  700.00000m   34.8866u 
  750.00000m   42.8962u 
  800.00000m   51.4362u 
  850.00000m   60.4361u 
  900.00000m   69.8278u 
  950.00000m   79.5447u 
    1.00000    89.5204u 
y
 vth0_value= 265.1161m
 u0_param=  47.6337m
 ags_param= 423.6502m
 
   *** monte carlo  index = 689 ***
x

 volt         param     
             i_d_0.8    
    0.        122.0647p 
   50.00000m  624.3451p 
  100.00000m    3.0951n 
  150.00000m   14.3707n 
  200.00000m   60.2939n 
  250.00000m  223.9286n 
  300.00000m  723.5127n 
  350.00000m    1.9492u 
  400.00000m    4.2771u 
  450.00000m    7.8389u 
  500.00000m   12.5542u 
  550.00000m   18.2787u 
  600.00000m   24.8810u 
  650.00000m   32.2534u 
  700.00000m   40.3052u 
  750.00000m   48.9549u 
  800.00000m   58.1264u 
  850.00000m   67.7472u 
  900.00000m   77.7469u 
  950.00000m   88.0560u 
    1.00000    98.6044u 
y
 vth0_value= 241.7619m
 u0_param=  49.0835m
 ags_param= 423.5898m
 
   *** monte carlo  index = 690 ***
x

 volt         param     
             i_d_0.8    
    0.        175.8628p 
   50.00000m  896.3610p 
  100.00000m    4.3990n 
  150.00000m   20.0704n 
  200.00000m   82.2663n 
  250.00000m  297.7782n 
  300.00000m  931.3009n 
  350.00000m    2.4087u 
  400.00000m    5.0822u 
  450.00000m    9.0335u 
  500.00000m   14.1540u 
  550.00000m   20.2926u 
  600.00000m   27.3176u 
  650.00000m   35.1212u 
  700.00000m   43.6113u 
  750.00000m   52.7045u 
  800.00000m   62.3226u 
  850.00000m   72.3909u 
  900.00000m   82.8367u 
  950.00000m   93.5882u 
    1.00000   104.5727u 
y
 vth0_value= 231.8264m
 u0_param=  50.7503m
 ags_param= 415.1682m
 
   *** monte carlo  index = 691 ***
x

 volt         param     
             i_d_0.8    
    0.         57.2069p 
   50.00000m  293.4593p 
  100.00000m    1.4820n 
  150.00000m    7.1261n 
  200.00000m   31.4593n 
  250.00000m  123.7937n 
  300.00000m  428.2292n 
  350.00000m    1.2617u 
  400.00000m    3.0417u 
  450.00000m    6.0240u 
  500.00000m   10.2056u 
  550.00000m   15.4546u 
  600.00000m   21.6285u 
  650.00000m   28.6088u 
  700.00000m   36.2978u 
  750.00000m   44.6108u 
  800.00000m   53.4700u 
  850.00000m   62.8020u 
  900.00000m   72.5365u 
  950.00000m   82.6045u 
    1.00000    92.9378u 
y
 vth0_value= 264.9707m
 u0_param=  49.5937m
 ags_param= 419.8952m
 
   *** monte carlo  index = 692 ***
x

 volt         param     
             i_d_0.8    
    0.         71.1877p 
   50.00000m  365.2486p 
  100.00000m    1.8363n 
  150.00000m    8.7512n 
  200.00000m   38.1100n 
  250.00000m  147.5859n 
  300.00000m  501.2870n 
  350.00000m    1.4416u 
  400.00000m    3.3835u 
  450.00000m    6.5503u 
  500.00000m   10.9129u 
  550.00000m   16.3329u 
  600.00000m   22.6691u 
  650.00000m   29.8054u 
  700.00000m   37.6455u 
  750.00000m   46.1052u 
  800.00000m   55.1066u 
  850.00000m   64.5762u 
  900.00000m   74.4432u 
  950.00000m   84.6383u 
    1.00000    95.0924u 
y
 vth0_value= 258.4904m
 u0_param=  49.7947m
 ags_param= 413.6202m
 
   *** monte carlo  index = 693 ***
x

 volt         param     
             i_d_0.8    
    0.        134.9064p 
   50.00000m  689.8651p 
  100.00000m    3.4147n 
  150.00000m   15.8111n 
  200.00000m   66.0836n 
  250.00000m  244.3630n 
  300.00000m  785.1532n 
  350.00000m    2.1002u 
  400.00000m    4.5762u 
  450.00000m    8.3395u 
  500.00000m   13.2996u 
  550.00000m   19.3043u 
  600.00000m   26.2158u 
  650.00000m   33.9222u 
  700.00000m   42.3286u 
  750.00000m   51.3501u 
  800.00000m   60.9076u 
  850.00000m   70.9257u 
  900.00000m   81.3314u 
  950.00000m   92.0529u 
    1.00000   103.0181u 
y
 vth0_value= 240.1423m
 u0_param=  51.2604m
 ags_param= 409.0844m
 
   *** monte carlo  index = 694 ***
x

 volt         param     
             i_d_0.8    
    0.        429.6140p 
   50.00000m    2.1562n 
  100.00000m   10.2402n 
  150.00000m   44.3623n 
  200.00000m  170.7686n 
  250.00000m  576.0288n 
  300.00000m    1.6417u 
  350.00000m    3.8173u 
  400.00000m    7.3340u 
  450.00000m   12.1538u 
  500.00000m   18.1260u 
  550.00000m   25.0997u 
  600.00000m   32.9502u 
  650.00000m   41.5737u 
  700.00000m   50.8787u 
  750.00000m   60.7802u 
  800.00000m   71.1977u 
  850.00000m   82.0537u 
  900.00000m   93.2722u 
  950.00000m  104.7773u 
    1.00000   116.4910u 
y
 vth0_value= 206.0771m
 u0_param=  52.7666m
 ags_param= 448.8847m
 
   *** monte carlo  index = 695 ***
x

 volt         param     
             i_d_0.8    
    0.         67.8445p 
   50.00000m  347.8938p 
  100.00000m    1.7487n 
  150.00000m    8.3326n 
  200.00000m   36.2813n 
  250.00000m  140.4954n 
  300.00000m  477.2572n 
  350.00000m    1.3727u 
  400.00000m    3.2229u 
  450.00000m    6.2414u 
  500.00000m   10.4026u 
  550.00000m   15.5761u 
  600.00000m   21.6285u 
  650.00000m   28.4499u 
  700.00000m   35.9490u 
  750.00000m   44.0455u 
  800.00000m   52.6651u 
  850.00000m   61.7376u 
  900.00000m   71.1949u 
  950.00000m   80.9704u 
    1.00000    90.9972u 
y
 vth0_value= 258.3882m
 u0_param=  47.4389m
 ags_param= 422.4655m
 
   *** monte carlo  index = 696 ***
x

 volt         param     
             i_d_0.8    
    0.         32.2411p 
   50.00000m  164.4642p 
  100.00000m  837.5765p 
  150.00000m    4.1054n 
  200.00000m   18.6939n 
  250.00000m   76.4331n 
  300.00000m  275.9286n 
  350.00000m  859.9531n 
  400.00000m    2.2142u 
  450.00000m    4.6515u 
  500.00000m    8.2390u 
  550.00000m   12.8757u 
  600.00000m   18.4245u 
  650.00000m   24.7668u 
  700.00000m   31.8058u 
  750.00000m   39.4586u 
  800.00000m   47.6506u 
  850.00000m   56.3117u 
  900.00000m   65.3746u 
  950.00000m   74.7742u 
    1.00000    84.4457u 
y
 vth0_value= 280.7463m
 u0_param=  47.0896m
 ags_param= 422.7732m
 
   *** monte carlo  index = 697 ***
x

 volt         param     
             i_d_0.8    
    0.         44.9849p 
   50.00000m  230.4440p 
  100.00000m    1.1685n 
  150.00000m    5.6680n 
  200.00000m   25.3692n 
  250.00000m  101.5051n 
  300.00000m  357.7549n 
  350.00000m    1.0805u 
  400.00000m    2.6797u 
  450.00000m    5.4407u 
  500.00000m    9.3900u 
  550.00000m   14.4066u 
  600.00000m   20.3488u 
  650.00000m   27.0969u 
  700.00000m   34.5530u 
  750.00000m   42.6326u 
  800.00000m   51.2586u 
  850.00000m   60.3586u 
  900.00000m   69.8633u 
  950.00000m   79.7048u 
    1.00000    89.8161u 
y
 vth0_value= 271.7775m
 u0_param=  48.8573m
 ags_param= 425.9434m
 
   *** monte carlo  index = 698 ***
x

 volt         param     
             i_d_0.8    
    0.         40.3358p 
   50.00000m  206.4451p 
  100.00000m    1.0489n 
  150.00000m    5.1097n 
  200.00000m   23.0310n 
  250.00000m   92.9491n 
  300.00000m  330.7325n 
  350.00000m    1.0114u 
  400.00000m    2.5455u 
  450.00000m    5.2365u 
  500.00000m    9.1270u 
  550.00000m   14.1000u 
  600.00000m   20.0116u 
  650.00000m   26.7393u 
  700.00000m   34.1831u 
  750.00000m   42.2571u 
  800.00000m   50.8835u 
  850.00000m   59.9893u 
  900.00000m   69.5045u 
  950.00000m   79.3613u 
    1.00000    89.4922u 
y
 vth0_value= 275.3617m
 u0_param=  49.2688m
 ags_param= 408.9144m
 
   *** monte carlo  index = 699 ***
x

 volt         param     
             i_d_0.8    
    0.        105.3375p 
   50.00000m  539.5581p 
  100.00000m    2.6869n 
  150.00000m   12.5770n 
  200.00000m   53.3629n 
  250.00000m  200.6520n 
  300.00000m  658.1673n 
  350.00000m    1.8079u 
  400.00000m    4.0448u 
  450.00000m    7.5282u 
  500.00000m   12.1898u 
  550.00000m   17.8840u 
  600.00000m   24.4748u 
  650.00000m   31.8511u 
  700.00000m   39.9193u 
  750.00000m   48.5965u 
  800.00000m   57.8053u 
  850.00000m   67.4721u 
  900.00000m   77.5260u 
  950.00000m   87.8969u 
    1.00000    98.5146u 
y
 vth0_value= 246.6809m
 u0_param=  49.8142m
 ags_param= 420.9032m
 
   *** monte carlo  index = 700 ***
x

 volt         param     
             i_d_0.8    
    0.         49.4758p 
   50.00000m  253.6401p 
  100.00000m    1.2843n 
  150.00000m    6.2102n 
  200.00000m   27.6573n 
  250.00000m  109.9832n 
  300.00000m  384.9789n 
  350.00000m    1.1522u 
  400.00000m    2.8275u 
  450.00000m    5.6873u 
  500.00000m    9.7467u 
  550.00000m   14.8795u 
  600.00000m   20.9424u 
  650.00000m   27.8153u 
  700.00000m   35.3998u 
  750.00000m   43.6105u 
  800.00000m   52.3699u 
  850.00000m   61.6046u 
  900.00000m   71.2445u 
  950.00000m   81.2213u 
    1.00000    91.4669u 
y
 vth0_value= 269.2690m
 u0_param=  49.4392m
 ags_param= 414.5169m
 
   *** monte carlo  index = 701 ***
x

 volt         param     
             i_d_0.8    
    0.        228.8454p 
   50.00000m    1.1615n 
  100.00000m    5.6453n 
  150.00000m   25.3485n 
  200.00000m  101.8266n 
  250.00000m  360.5251n 
  300.00000m    1.0957u 
  350.00000m    2.7378u 
  400.00000m    5.5978u 
  450.00000m    9.7153u 
  500.00000m   14.9692u 
  550.00000m   21.2123u 
  600.00000m   28.3191u 
  650.00000m   36.1865u 
  700.00000m   44.7255u 
  750.00000m   53.8544u 
  800.00000m   63.4965u 
  850.00000m   73.5776u 
  900.00000m   84.0256u 
  950.00000m   94.7690u 
    1.00000   105.7345u 
y
 vth0_value= 223.3920m
 u0_param=  49.9928m
 ags_param= 442.9677m
 
   *** monte carlo  index = 702 ***
x

 volt         param     
             i_d_0.8    
    0.         86.6998p 
   50.00000m  444.6760p 
  100.00000m    2.2262n 
  150.00000m   10.5242n 
  200.00000m   45.2861n 
  250.00000m  172.9864n 
  300.00000m  578.1908n 
  350.00000m    1.6277u 
  400.00000m    3.7349u 
  450.00000m    7.0955u 
  500.00000m   11.6597u 
  550.00000m   17.2826u 
  600.00000m   23.8231u 
  650.00000m   31.1654u 
  700.00000m   39.2135u 
  750.00000m   47.8824u 
  800.00000m   57.0934u 
  850.00000m   66.7722u 
  900.00000m   76.8469u 
  950.00000m   87.2474u 
    1.00000    97.9032u 
y
 vth0_value= 252.9942m
 u0_param=  50.5040m
 ags_param= 411.5903m
 
   *** monte carlo  index = 703 ***
x

 volt         param     
             i_d_0.8    
    0.        125.8163p 
   50.00000m  643.3766p 
  100.00000m    3.1869n 
  150.00000m   14.7759n 
  200.00000m   61.8734n 
  250.00000m  229.3020n 
  300.00000m  738.8986n 
  350.00000m    1.9839u 
  400.00000m    4.3386u 
  450.00000m    7.9307u 
  500.00000m   12.6771u 
  550.00000m   18.4331u 
  600.00000m   25.0672u 
  650.00000m   32.4720u 
  700.00000m   40.5566u 
  750.00000m   49.2395u 
  800.00000m   58.4445u 
  850.00000m   68.0988u 
  900.00000m   78.1318u 
  950.00000m   88.4740u 
    1.00000    99.0551u 
y
 vth0_value= 240.9210m
 u0_param=  49.1930m
 ags_param= 426.8074m
 
   *** monte carlo  index = 704 ***
x

 volt         param     
             i_d_0.8    
    0.         99.9463p 
   50.00000m  511.8610p 
  100.00000m    2.5499n 
  150.00000m   11.9455n 
  200.00000m   50.7428n 
  250.00000m  191.0674n 
  300.00000m  627.8669n 
  350.00000m    1.7288u 
  400.00000m    3.8772u 
  450.00000m    7.2313u 
  500.00000m   11.7276u 
  550.00000m   17.2268u 
  600.00000m   23.5979u 
  650.00000m   30.7334u 
  700.00000m   38.5434u 
  750.00000m   46.9472u 
  800.00000m   55.8702u 
  850.00000m   65.2409u 
  900.00000m   74.9903u 
  950.00000m   85.0502u 
    1.00000    95.3521u 
y
 vth0_value= 247.1734m
 u0_param=  48.1516m
 ags_param= 416.1673m
 
   *** monte carlo  index = 705 ***
x

 volt         param     
             i_d_0.8    
    0.         44.2601p 
   50.00000m  226.7066p 
  100.00000m    1.1499n 
  150.00000m    5.5815n 
  200.00000m   25.0093n 
  250.00000m  100.1971n 
  300.00000m  353.6580n 
  350.00000m    1.0702u 
  400.00000m    2.6600u 
  450.00000m    5.4113u 
  500.00000m    9.3528u 
  550.00000m   14.3641u 
  600.00000m   20.3029u 
  650.00000m   27.0491u 
  700.00000m   34.5043u 
  750.00000m   42.5838u 
  800.00000m   51.2103u 
  850.00000m   60.3114u 
  900.00000m   69.8174u 
  950.00000m   79.6608u 
    1.00000    89.7743u 
y
 vth0_value= 272.3249m
 u0_param=  48.9399m
 ags_param= 411.4679m
 
   *** monte carlo  index = 706 ***
x

 volt         param     
             i_d_0.8    
    0.         48.2975p 
   50.00000m  247.4574p 
  100.00000m    1.2524n 
  150.00000m    6.0517n 
  200.00000m   26.9221n 
  250.00000m  106.9276n 
  300.00000m  373.8229n 
  350.00000m    1.1171u 
  400.00000m    2.7364u 
  450.00000m    5.4959u 
  500.00000m    9.4094u 
  550.00000m   14.3562u 
  600.00000m   20.1998u 
  650.00000m   26.8255u 
  700.00000m   34.1392u 
  750.00000m   42.0591u 
  800.00000m   50.5105u 
  850.00000m   59.4228u 
  900.00000m   68.7283u 
  950.00000m   78.3608u 
    1.00000    88.2543u 
y
 vth0_value= 268.7133m
 u0_param=  47.4929m
 ags_param= 398.2687m
 
   *** monte carlo  index = 707 ***
x

 volt         param     
             i_d_0.8    
    0.         94.5675p 
   50.00000m  484.6309p 
  100.00000m    2.4192n 
  150.00000m   11.3753n 
  200.00000m   48.5739n 
  250.00000m  183.9600n 
  300.00000m  608.6827n 
  350.00000m    1.6910u 
  400.00000m    3.8273u 
  450.00000m    7.1904u 
  500.00000m   11.7219u 
  550.00000m   17.2797u 
  600.00000m   23.7284u 
  650.00000m   30.9572u 
  700.00000m   38.8734u 
  750.00000m   47.3946u 
  800.00000m   56.4444u 
  850.00000m   65.9501u 
  900.00000m   75.8414u 
  950.00000m   86.0494u 
    1.00000    96.5046u 
y
 vth0_value= 249.5150m
 u0_param=  49.1699m
 ags_param= 404.3694m
 
   *** monte carlo  index = 708 ***
x

 volt         param     
             i_d_0.8    
    0.        175.4512p 
   50.00000m  894.1916p 
  100.00000m    4.3878n 
  150.00000m   20.0149n 
  200.00000m   82.0164n 
  250.00000m  296.7938n 
  300.00000m  927.9195n 
  350.00000m    2.3990u 
  400.00000m    5.0600u 
  450.00000m    8.9918u 
  500.00000m   14.0865u 
  550.00000m   20.1944u 
  600.00000m   27.1844u 
  650.00000m   34.9497u 
  700.00000m   43.3987u 
  750.00000m   52.4486u 
  800.00000m   62.0216u 
  850.00000m   72.0433u 
  900.00000m   82.4414u 
  950.00000m   93.1444u 
    1.00000   104.0796u 
y
 vth0_value= 231.7066m
 u0_param=  50.4513m
 ags_param= 426.2061m
 
   *** monte carlo  index = 709 ***
x

 volt         param     
             i_d_0.8    
    0.         59.0744p 
   50.00000m  303.0642p 
  100.00000m    1.5295n 
  150.00000m    7.3454n 
  200.00000m   32.3637n 
  250.00000m  127.0548n 
  300.00000m  438.3472n 
  350.00000m    1.2870u 
  400.00000m    3.0904u 
  450.00000m    6.0997u 
  500.00000m   10.3079u 
  550.00000m   15.5819u 
  600.00000m   21.7795u 
  650.00000m   28.7822u 
  700.00000m   36.4929u 
  750.00000m   44.8267u 
  800.00000m   53.7058u 
  850.00000m   63.0569u 
  900.00000m   72.8094u 
  950.00000m   82.8946u 
    1.00000    93.2439u 
y
 vth0_value= 264.0198m
 u0_param=  49.6265m
 ags_param= 413.0031m
 
   *** monte carlo  index = 710 ***
x

 volt         param     
             i_d_0.8    
    0.         99.4771p 
   50.00000m  509.6779p 
  100.00000m    2.5414n 
  150.00000m   11.9242n 
  200.00000m   50.7632n 
  250.00000m  191.5980n 
  300.00000m  631.3589n 
  350.00000m    1.7447u 
  400.00000m    3.9271u 
  450.00000m    7.3452u 
  500.00000m   11.9358u 
  550.00000m   17.5556u 
  600.00000m   24.0688u 
  650.00000m   31.3646u 
  700.00000m   39.3500u 
  750.00000m   47.9425u 
  800.00000m   57.0653u 
  850.00000m   66.6452u 
  900.00000m   76.6116u 
  950.00000m   86.8952u 
    1.00000    97.4261u 
y
 vth0_value= 248.1660m
 u0_param=  49.4420m
 ags_param= 424.0580m
 
   *** monte carlo  index = 711 ***
x

 volt         param     
             i_d_0.8    
    0.        141.5607p 
   50.00000m  723.1637p 
  100.00000m    3.5710n 
  150.00000m   16.4662n 
  200.00000m   68.4423n 
  250.00000m  251.5789n 
  300.00000m  802.3984n 
  350.00000m    2.1265u 
  400.00000m    4.5920u 
  450.00000m    8.3104u 
  500.00000m   13.1894u 
  550.00000m   19.0815u 
  600.00000m   25.8550u 
  650.00000m   33.4022u 
  700.00000m   41.6319u 
  750.00000m   50.4617u 
  800.00000m   59.8148u 
  850.00000m   69.6176u 
  900.00000m   79.7988u 
  950.00000m   90.2880u 
    1.00000   101.0140u 
y
 vth0_value= 237.7406m
 u0_param=  49.7688m
 ags_param= 418.1171m
 
   *** monte carlo  index = 712 ***
x

 volt         param     
             i_d_0.8    
    0.         83.2029p 
   50.00000m  426.7710p 
  100.00000m    2.1383n 
  150.00000m   10.1242n 
  200.00000m   43.6636n 
  250.00000m  167.2212n 
  300.00000m  560.6458n 
  350.00000m    1.5848u 
  400.00000m    3.6520u 
  450.00000m    6.9627u 
  500.00000m   11.4713u 
  550.00000m   17.0348u 
  600.00000m   23.5128u 
  650.00000m   30.7902u 
  700.00000m   38.7711u 
  750.00000m   47.3711u 
  800.00000m   56.5120u 
  850.00000m   66.1199u 
  900.00000m   76.1235u 
  950.00000m   86.4528u 
    1.00000    97.0378u 
y
 vth0_value= 254.0195m
 u0_param=  50.1640m
 ags_param= 423.6894m
 
   *** monte carlo  index = 713 ***
x

 volt         param     
             i_d_0.8    
    0.        168.3364p 
   50.00000m  858.3985p 
  100.00000m    4.2178n 
  150.00000m   19.2840n 
  200.00000m   79.2569n 
  250.00000m  287.7444n 
  300.00000m  903.3973n 
  350.00000m    2.3476u 
  400.00000m    4.9756u 
  450.00000m    8.8746u 
  500.00000m   13.9395u 
  550.00000m   20.0204u 
  600.00000m   26.9858u 
  650.00000m   34.7281u 
  700.00000m   43.1557u 
  750.00000m   52.1856u 
  800.00000m   61.7399u 
  850.00000m   71.7444u 
  900.00000m   82.1265u 
  950.00000m   92.8150u 
    1.00000   103.7374u 
y
 vth0_value= 232.9622m
 u0_param=  50.4621m
 ags_param= 430.1111m
 
   *** monte carlo  index = 714 ***
x

 volt         param     
             i_d_0.8    
    0.         87.3888p 
   50.00000m  448.1015p 
  100.00000m    2.2421n 
  150.00000m   10.5876n 
  200.00000m   45.4887n 
  250.00000m  173.4652n 
  300.00000m  578.6588n 
  350.00000m    1.6249u 
  400.00000m    3.7185u 
  450.00000m    7.0492u 
  500.00000m   11.5663u 
  550.00000m   17.1270u 
  600.00000m   23.5929u 
  650.00000m   30.8506u 
  700.00000m   38.8054u 
  750.00000m   47.3738u 
  800.00000m   56.4783u 
  850.00000m   66.0454u 
  900.00000m   76.0042u 
  950.00000m   86.2851u 
    1.00000    96.8185u 
y
 vth0_value= 252.2867m
 u0_param=  49.7713m
 ags_param= 415.7406m
 
   *** monte carlo  index = 715 ***
x

 volt         param     
             i_d_0.8    
    0.        148.6323p 
   50.00000m  759.2213p 
  100.00000m    3.7467n 
  150.00000m   17.2569n 
  200.00000m   71.6180n 
  250.00000m  262.7832n 
  300.00000m  836.1924n 
  350.00000m    2.2096u 
  400.00000m    4.7579u 
  450.00000m    8.5910u 
  500.00000m   13.6114u 
  550.00000m   19.6673u 
  600.00000m   26.6232u 
  650.00000m   34.3687u 
  700.00000m   42.8102u 
  750.00000m   51.8634u 
  800.00000m   61.4495u 
  850.00000m   71.4934u 
  900.00000m   81.9220u 
  950.00000m   92.6638u 
    1.00000   103.6459u 
y
 vth0_value= 237.1003m
 u0_param=  51.0678m
 ags_param= 437.2181m
 
   *** monte carlo  index = 716 ***
x

 volt         param     
             i_d_0.8    
    0.         57.6540p 
   50.00000m  295.7390p 
  100.00000m    1.4930n 
  150.00000m    7.1754n 
  200.00000m   31.6495n 
  250.00000m  124.4165n 
  300.00000m  429.9021n 
  350.00000m    1.2648u 
  400.00000m    3.0440u 
  450.00000m    6.0201u 
  500.00000m   10.1885u 
  550.00000m   15.4178u 
  600.00000m   21.5666u 
  650.00000m   28.5173u 
  700.00000m   36.1730u 
  750.00000m   44.4495u 
  800.00000m   53.2693u 
  850.00000m   62.5596u 
  900.00000m   72.2502u 
  950.00000m   82.2728u 
    1.00000    92.5590u 
y
 vth0_value= 264.5516m
 u0_param=  49.3104m
 ags_param= 416.3841m
 
   *** monte carlo  index = 717 ***
x

 volt         param     
             i_d_0.8    
    0.         61.5722p 
   50.00000m  315.9273p 
  100.00000m    1.5934n 
  150.00000m    7.6414n 
  200.00000m   33.5955n 
  250.00000m  131.5546n 
  300.00000m  452.5465n 
  350.00000m    1.3235u 
  400.00000m    3.1643u 
  450.00000m    6.2224u 
  500.00000m   10.4862u 
  550.00000m   15.8203u 
  600.00000m   22.0817u 
  650.00000m   29.1516u 
  700.00000m   36.9323u 
  750.00000m   45.3385u 
  800.00000m   54.2918u 
  850.00000m   63.7186u 
  900.00000m   73.5479u 
  950.00000m   83.7104u 
    1.00000    94.1372u 
y
 vth0_value= 262.9914m
 u0_param=  49.9752m
 ags_param= 414.6219m
 
   *** monte carlo  index = 718 ***
x

 volt         param     
             i_d_0.8    
    0.        145.1196p 
   50.00000m  741.3586p 
  100.00000m    3.6601n 
  150.00000m   16.8709n 
  200.00000m   70.0874n 
  250.00000m  257.4626n 
  300.00000m  820.4676n 
  350.00000m    2.1720u 
  400.00000m    4.6854u 
  450.00000m    8.4720u 
  500.00000m   13.4367u 
  550.00000m   19.4291u 
  600.00000m   26.3151u 
  650.00000m   33.9850u 
  700.00000m   42.3460u 
  750.00000m   51.3145u 
  800.00000m   60.8123u 
  850.00000m   70.7649u 
  900.00000m   81.0999u 
  950.00000m   91.7461u 
    1.00000   102.6315u 
y
 vth0_value= 237.5301m
 u0_param=  50.6075m
 ags_param= 421.7664m
 
   *** monte carlo  index = 719 ***
x

 volt         param     
             i_d_0.8    
    0.        130.3766p 
   50.00000m  666.6140p 
  100.00000m    3.2999n 
  150.00000m   15.2832n 
  200.00000m   63.8996n 
  250.00000m  236.4017n 
  300.00000m  760.1060n 
  350.00000m    2.0351u 
  400.00000m    4.4384u 
  450.00000m    8.0951u 
  500.00000m   12.9188u 
  550.00000m   18.7624u 
  600.00000m   25.4926u 
  650.00000m   33.0007u 
  700.00000m   41.1948u 
  750.00000m   49.9921u 
  800.00000m   59.3156u 
  850.00000m   69.0918u 
  900.00000m   79.2492u 
  950.00000m   89.7176u 
    1.00000   100.4259u 
y
 vth0_value= 240.2700m
 u0_param=  49.8430m
 ags_param= 422.5265m
 
   *** monte carlo  index = 720 ***
x

 volt         param     
             i_d_0.8    
    0.         77.4856p 
   50.00000m  397.4399p 
  100.00000m    1.9937n 
  150.00000m    9.4618n 
  200.00000m   40.9484n 
  250.00000m  157.4508n 
  300.00000m  530.4011n 
  350.00000m    1.5087u 
  400.00000m    3.5000u 
  450.00000m    6.7102u 
  500.00000m   11.1008u 
  550.00000m   16.5328u 
  600.00000m   22.8681u 
  650.00000m   29.9930u 
  700.00000m   37.8133u 
  750.00000m   46.2457u 
  800.00000m   55.2133u 
  850.00000m   64.6434u 
  900.00000m   74.4657u 
  950.00000m   84.6113u 
    1.00000    95.0113u 
y
 vth0_value= 255.5962m
 u0_param=  49.2778m
 ags_param= 417.8618m
 
   *** monte carlo  index = 721 ***
x

 volt         param     
             i_d_0.8    
    0.         43.5656p 
   50.00000m  223.0790p 
  100.00000m    1.1314n 
  150.00000m    5.4908n 
  200.00000m   24.5983n 
  250.00000m   98.5319n 
  300.00000m  347.7304n 
  350.00000m    1.0521u 
  400.00000m    2.6146u 
  450.00000m    5.3183u 
  500.00000m    9.1918u 
  550.00000m   14.1173u 
  600.00000m   19.9557u 
  650.00000m   26.5893u 
  700.00000m   33.9216u 
  750.00000m   41.8695u 
  800.00000m   50.3571u 
  850.00000m   59.3132u 
  900.00000m   68.6693u 
  950.00000m   78.3587u 
    1.00000    88.3150u 
y
 vth0_value= 272.2241m
 u0_param=  48.0593m
 ags_param= 413.7590m
 
   *** monte carlo  index = 722 ***
x

 volt         param     
             i_d_0.8    
    0.        494.4115p 
   50.00000m    2.4716n 
  100.00000m   11.6506n 
  150.00000m   49.9280n 
  200.00000m  189.8540n 
  250.00000m  631.2947n 
  300.00000m    1.7656u 
  350.00000m    4.0248u 
  400.00000m    7.6079u 
  450.00000m   12.4605u 
  500.00000m   18.4329u 
  550.00000m   25.3799u 
  600.00000m   33.1819u 
  650.00000m   41.7389u 
  700.00000m   50.9616u 
  750.00000m   60.7673u 
  800.00000m   71.0769u 
  850.00000m   81.8139u 
  900.00000m   92.9035u 
  950.00000m  104.2704u 
    1.00000   115.8368u 
y
 vth0_value= 201.1228m
 u0_param=  51.6613m
 ags_param= 438.6950m
 
   *** monte carlo  index = 723 ***
x

 volt         param     
             i_d_0.8    
    0.        150.2938p 
   50.00000m  767.3312p 
  100.00000m    3.7828n 
  150.00000m   17.3925n 
  200.00000m   72.0148n 
  250.00000m  263.5910n 
  300.00000m  836.2147n 
  350.00000m    2.2013u 
  400.00000m    4.7229u 
  450.00000m    8.5042u 
  500.00000m   13.4485u 
  550.00000m   19.4073u 
  600.00000m   26.2489u 
  650.00000m   33.8656u 
  700.00000m   42.1661u 
  750.00000m   51.0677u 
  800.00000m   60.4933u 
  850.00000m   70.3689u 
  900.00000m   80.6229u 
  950.00000m   91.1845u 
    1.00000   101.9821u 
y
 vth0_value= 236.0992m
 u0_param=  50.0223m
 ags_param= 425.5088m
 
   *** monte carlo  index = 724 ***
x

 volt         param     
             i_d_0.8    
    0.         63.0339p 
   50.00000m  323.4007p 
  100.00000m    1.6299n 
  150.00000m    7.8061n 
  200.00000m   34.2485n 
  250.00000m  133.7887n 
  300.00000m  458.9842n 
  350.00000m    1.3375u 
  400.00000m    3.1852u 
  450.00000m    6.2423u 
  500.00000m   10.4938u 
  550.00000m   15.8050u 
  600.00000m   22.0346u 
  650.00000m   29.0653u 
  700.00000m   36.8005u 
  750.00000m   45.1559u 
  800.00000m   54.0540u 
  850.00000m   63.4215u 
  900.00000m   73.1880u 
  950.00000m   83.2847u 
    1.00000    93.6430u 
y
 vth0_value= 261.9992m
 u0_param=  49.5358m
 ags_param= 408.7812m
 
   *** monte carlo  index = 725 ***
x

 volt         param     
             i_d_0.8    
    0.         40.8803p 
   50.00000m  209.2586p 
  100.00000m    1.0629n 
  150.00000m    5.1756n 
  200.00000m   23.3084n 
  250.00000m   93.9716n 
  300.00000m  333.9919n 
  350.00000m    1.0199u 
  400.00000m    2.5623u 
  450.00000m    5.2628u 
  500.00000m    9.1620u 
  550.00000m   14.1424u 
  600.00000m   20.0603u 
  650.00000m   26.7935u 
  700.00000m   34.2424u 
  750.00000m   42.3212u 
  800.00000m   50.9521u 
  850.00000m   60.0621u 
  900.00000m   69.5814u 
  950.00000m   79.4421u 
    1.00000    89.5768u 
y
 vth0_value= 274.9318m
 u0_param=  49.2350m
 ags_param= 419.6916m
 
   *** monte carlo  index = 726 ***
x

 volt         param     
             i_d_0.8    
    0.         32.5401p 
   50.00000m  166.0683p 
  100.00000m  846.2386p 
  150.00000m    4.1521n 
  200.00000m   18.9381n 
  250.00000m   77.5933n 
  300.00000m  280.7206n 
  350.00000m  877.2323n 
  400.00000m    2.2660u 
  450.00000m    4.7746u 
  500.00000m    8.4754u 
  550.00000m   13.2637u 
  600.00000m   18.9964u 
  650.00000m   25.5492u 
  700.00000m   32.8208u 
  750.00000m   40.7252u 
  800.00000m   49.1846u 
  850.00000m   58.1264u 
  900.00000m   67.4813u 
  950.00000m   77.1820u 
    1.00000    87.1619u 
y
 vth0_value= 281.6601m
 u0_param=  48.8833m
 ags_param= 416.4250m
 
   *** monte carlo  index = 727 ***
x

 volt         param     
             i_d_0.8    
    0.        126.2120p 
   50.00000m  645.5953p 
  100.00000m    3.1996n 
  150.00000m   14.8487n 
  200.00000m   62.2550n 
  250.00000m  231.0139n 
  300.00000m  745.5582n 
  350.00000m    2.0056u 
  400.00000m    4.3945u 
  450.00000m    8.0442u 
  500.00000m   12.8708u 
  550.00000m   18.7260u 
  600.00000m   25.4749u 
  650.00000m   33.0076u 
  700.00000m   41.2311u 
  750.00000m   50.0622u 
  800.00000m   59.4231u 
  850.00000m   69.2400u 
  900.00000m   79.4410u 
  950.00000m   89.9555u 
    1.00000   100.7124u 
y
 vth0_value= 241.4710m
 u0_param=  50.1884m
 ags_param= 424.2118m
 
   *** monte carlo  index = 728 ***
x

 volt         param     
             i_d_0.8    
    0.         47.9330p 
   50.00000m  245.6041p 
  100.00000m    1.2435n 
  150.00000m    6.0125n 
  200.00000m   26.7764n 
  250.00000m  106.4842n 
  300.00000m  372.7900n 
  350.00000m    1.1160u 
  400.00000m    2.7396u 
  450.00000m    5.5124u 
  500.00000m    9.4503u 
  550.00000m   14.4319u 
  600.00000m   20.3191u 
  650.00000m   26.9958u 
  700.00000m   34.3669u 
  750.00000m   42.3496u 
  800.00000m   50.8687u 
  850.00000m   59.8528u 
  900.00000m   69.2337u 
  950.00000m   78.9447u 
    1.00000    88.9193u 
y
 vth0_value= 269.2455m
 u0_param=  47.9428m
 ags_param= 414.3345m
 
   *** monte carlo  index = 729 ***
x

 volt         param     
             i_d_0.8    
    0.         89.2930p 
   50.00000m  457.8005p 
  100.00000m    2.2892n 
  150.00000m   10.7978n 
  200.00000m   46.3156n 
  250.00000m  176.2927n 
  300.00000m  586.8131n 
  350.00000m    1.6431u 
  400.00000m    3.7490u 
  450.00000m    7.0900u 
  500.00000m   11.6130u 
  550.00000m   17.1757u 
  600.00000m   23.6404u 
  650.00000m   30.8944u 
  700.00000m   38.8435u 
  750.00000m   47.4046u 
  800.00000m   56.5003u 
  850.00000m   66.0576u 
  900.00000m   76.0054u 
  950.00000m   86.2745u 
    1.00000    96.7951u 
y
 vth0_value= 251.5410m
 u0_param=  49.6235m
 ags_param= 426.7599m
 
   *** monte carlo  index = 730 ***
x

 volt         param     
             i_d_0.8    
    0.         56.6316p 
   50.00000m  290.5183p 
  100.00000m    1.4676n 
  150.00000m    7.0615n 
  200.00000m   31.2051n 
  250.00000m  122.9360n 
  300.00000m  425.8105n 
  350.00000m    1.2567u 
  400.00000m    3.0354u 
  450.00000m    6.0213u 
  500.00000m   10.2131u 
  550.00000m   15.4785u 
  600.00000m   21.6737u 
  650.00000m   28.6793u 
  700.00000m   36.3971u 
  750.00000m   44.7415u 
  800.00000m   53.6344u 
  850.00000m   63.0021u 
  900.00000m   72.7737u 
  950.00000m   82.8804u 
    1.00000    93.2534u 
y
 vth0_value= 265.4530m
 u0_param=  49.8678m
 ags_param= 411.3452m
 
   *** monte carlo  index = 731 ***
x

 volt         param     
             i_d_0.8    
    0.         55.9874p 
   50.00000m  287.1479p 
  100.00000m    1.4503n 
  150.00000m    6.9766n 
  200.00000m   30.8177n 
  250.00000m  121.3587n 
  300.00000m  420.1774n 
  350.00000m    1.2395u 
  400.00000m    2.9921u 
  450.00000m    5.9329u 
  500.00000m   10.0605u 
  550.00000m   15.2454u 
  600.00000m   21.3469u 
  650.00000m   28.2478u 
  700.00000m   35.8517u 
  750.00000m   44.0747u 
  800.00000m   52.8400u 
  850.00000m   62.0748u 
  900.00000m   71.7095u 
  950.00000m   81.6759u 
    1.00000    91.9061u 
y
 vth0_value= 265.2566m
 u0_param=  49.0298m
 ags_param= 427.7277m
 
   *** monte carlo  index = 732 ***
x

 volt         param     
             i_d_0.8    
    0.         29.1443p 
   50.00000m  148.4064p 
  100.00000m  756.8186p 
  150.00000m    3.7223n 
  200.00000m   17.0476n 
  250.00000m   70.2270n 
  300.00000m  255.6143n 
  350.00000m  805.0767n 
  400.00000m    2.0999u 
  450.00000m    4.4652u 
  500.00000m    7.9829u 
  550.00000m   12.5576u 
  600.00000m   18.0519u 
  650.00000m   24.3453u 
  700.00000m   31.3396u 
  750.00000m   38.9514u 
  800.00000m   47.1054u 
  850.00000m   55.7315u 
  900.00000m   64.7622u 
  950.00000m   74.1324u 
    1.00000    83.7774u 
y
 vth0_value= 283.9158m
 u0_param=  47.2026m
 ags_param= 408.0800m
 
   *** monte carlo  index = 733 ***
x

 volt         param     
             i_d_0.8    
    0.         61.3547p 
   50.00000m  314.6848p 
  100.00000m    1.5859n 
  150.00000m    7.5960n 
  200.00000m   33.3312n 
  250.00000m  130.2326n 
  300.00000m  446.9340n 
  350.00000m    1.3030u 
  400.00000m    3.1047u 
  450.00000m    6.0879u 
  500.00000m   10.2391u 
  550.00000m   15.4278u 
  600.00000m   21.5165u 
  650.00000m   28.3911u 
  700.00000m   35.9575u 
  750.00000m   44.1334u 
  800.00000m   52.8430u 
  850.00000m   62.0146u 
  900.00000m   71.5792u 
  950.00000m   81.4694u 
    1.00000    91.6176u 
y
 vth0_value= 262.0487m
 u0_param=  48.3647m
 ags_param= 419.2357m
 
   *** monte carlo  index = 734 ***
x

 volt         param     
             i_d_0.8    
    0.         30.7203p 
   50.00000m  156.5805p 
  100.00000m  797.9478p 
  150.00000m    3.9176n 
  200.00000m   17.8878n 
  250.00000m   73.3985n 
  300.00000m  266.0087n 
  350.00000m  833.2069n 
  400.00000m    2.1585u 
  450.00000m    4.5607u 
  500.00000m    8.1136u 
  550.00000m   12.7190u 
  600.00000m   18.2397u 
  650.00000m   24.5562u 
  700.00000m   31.5711u 
  750.00000m   39.2015u 
  800.00000m   47.3722u 
  850.00000m   56.0132u 
  900.00000m   65.0573u 
  950.00000m   74.4393u 
    1.00000    84.0945u 
y
 vth0_value= 282.2475m
 u0_param=  47.1226m
 ags_param= 415.6261m
 
   *** monte carlo  index = 735 ***
x

 volt         param     
             i_d_0.8    
    0.         57.7610p 
   50.00000m  296.2522p 
  100.00000m    1.4952n 
  150.00000m    7.1820n 
  200.00000m   31.6530n 
  250.00000m  124.3146n 
  300.00000m  429.1161n 
  350.00000m    1.2608u 
  400.00000m    3.0299u 
  450.00000m    5.9849u 
  500.00000m   10.1199u 
  550.00000m   15.3052u 
  600.00000m   21.4010u 
  650.00000m   28.2914u 
  700.00000m   35.8807u 
  750.00000m   44.0856u 
  800.00000m   52.8295u 
  850.00000m   62.0402u 
  900.00000m   71.6482u 
  950.00000m   81.5856u 
    1.00000    91.7847u 
y
 vth0_value= 264.1575m
 u0_param=  48.7930m
 ags_param= 420.7084m
 
   *** monte carlo  index = 736 ***
x

 volt         param     
             i_d_0.8    
    0.        137.3749p 
   50.00000m  702.1252p 
  100.00000m    3.4713n 
  150.00000m   16.0409n 
  200.00000m   66.8640n 
  250.00000m  246.5355n 
  300.00000m  789.3331n 
  350.00000m    2.1020u 
  400.00000m    4.5603u 
  450.00000m    8.2829u 
  500.00000m   13.1790u 
  550.00000m   19.0998u 
  600.00000m   25.9112u 
  650.00000m   33.5040u 
  700.00000m   41.7857u 
  750.00000m   50.6730u 
  800.00000m   60.0883u 
  850.00000m   69.9575u 
  900.00000m   80.2086u 
  950.00000m   90.7709u 
    1.00000   101.5728u 
y
 vth0_value= 238.9667m
 u0_param=  50.2675m
 ags_param= 417.5774m
 
   *** monte carlo  index = 737 ***
x

 volt         param     
             i_d_0.8    
    0.        101.9356p 
   50.00000m  522.1602p 
  100.00000m    2.6016n 
  150.00000m   12.1902n 
  200.00000m   51.7957n 
  250.00000m  195.0764n 
  300.00000m  641.1676n 
  350.00000m    1.7659u 
  400.00000m    3.9612u 
  450.00000m    7.3889u 
  500.00000m   11.9834u 
  550.00000m   17.6017u 
  600.00000m   24.1092u 
  650.00000m   31.3958u 
  700.00000m   39.3692u 
  750.00000m   47.9470u 
  800.00000m   57.0530u 
  850.00000m   66.6142u 
  900.00000m   76.5602u 
  950.00000m   86.8217u 
    1.00000    97.3290u 
y
 vth0_value= 247.3051m
 u0_param=  49.2507m
 ags_param= 425.0932m
 
   *** monte carlo  index = 738 ***
x

 volt         param     
             i_d_0.8    
    0.        276.8133p 
   50.00000m    1.4011n 
  100.00000m    6.7685n 
  150.00000m   30.0966n 
  200.00000m  119.4596n 
  250.00000m  417.3164n 
  300.00000m    1.2459u 
  350.00000m    3.0497u 
  400.00000m    6.1222u 
  450.00000m   10.4795u 
  500.00000m   15.9889u 
  550.00000m   22.4996u 
  600.00000m   29.8849u 
  650.00000m   38.0402u 
  700.00000m   46.8747u 
  750.00000m   56.3051u 
  800.00000m   66.2526u 
  850.00000m   76.6417u 
  900.00000m   87.3984u 
  950.00000m   98.4496u 
    1.00000   109.7202u 
y
 vth0_value= 218.4881m
 u0_param=  51.3194m
 ags_param= 426.3785m
 
   *** monte carlo  index = 739 ***
x

 volt         param     
             i_d_0.8    
    0.        134.9760p 
   50.00000m  689.9553p 
  100.00000m    3.4126n 
  150.00000m   15.7815n 
  200.00000m   65.8499n 
  250.00000m  243.0715n 
  300.00000m  779.3526n 
  350.00000m    2.0792u 
  400.00000m    4.5187u 
  450.00000m    8.2187u 
  500.00000m   13.0900u 
  550.00000m   18.9842u 
  600.00000m   25.7676u 
  650.00000m   33.3311u 
  700.00000m   41.5824u 
  750.00000m   50.4385u 
  800.00000m   59.8219u 
  850.00000m   69.6586u 
  900.00000m   79.8770u 
  950.00000m   90.4064u 
    1.00000   101.1755u 
y
 vth0_value= 239.4034m
 u0_param=  50.1203m
 ags_param= 417.8917m
 
   *** monte carlo  index = 740 ***
x

 volt         param     
             i_d_0.8    
    0.         60.8650p 
   50.00000m  312.2138p 
  100.00000m    1.5742n 
  150.00000m    7.5461n 
  200.00000m   33.1543n 
  250.00000m  129.7318n 
  300.00000m  445.9402n 
  350.00000m    1.3029u 
  400.00000m    3.1118u 
  450.00000m    6.1140u 
  500.00000m   10.2976u 
  550.00000m   15.5308u 
  600.00000m   21.6739u 
  650.00000m   28.6113u 
  700.00000m   36.2474u 
  750.00000m   44.4988u 
  800.00000m   53.2889u 
  850.00000m   62.5452u 
  900.00000m   72.1980u 
  950.00000m   82.1793u 
    1.00000    92.4211u 
y
 vth0_value= 262.6621m
 u0_param=  48.9275m
 ags_param= 416.3755m
 
   *** monte carlo  index = 741 ***
x

 volt         param     
             i_d_0.8    
    0.         98.5236p 
   50.00000m  504.8206p 
  100.00000m    2.5177n 
  150.00000m   11.8186n 
  200.00000m   50.3452n 
  250.00000m  190.1529n 
  300.00000m  627.1223n 
  350.00000m    1.7349u 
  400.00000m    3.9093u 
  450.00000m    7.3184u 
  500.00000m   11.9000u 
  550.00000m   17.5105u 
  600.00000m   24.0144u 
  650.00000m   31.3006u 
  700.00000m   39.2761u 
  750.00000m   47.8583u 
  800.00000m   56.9705u 
  850.00000m   66.5395u 
  900.00000m   76.4948u 
  950.00000m   86.7671u 
    1.00000    97.2865u 
y
 vth0_value= 248.4446m
 u0_param=  49.4239m
 ags_param= 412.9649m
 
   *** monte carlo  index = 742 ***
x

 volt         param     
             i_d_0.8    
    0.         73.1534p 
   50.00000m  375.2302p 
  100.00000m    1.8844n 
  150.00000m    8.9626n 
  200.00000m   38.9142n 
  250.00000m  150.1898n 
  300.00000m  508.1639n 
  350.00000m    1.4539u 
  400.00000m    3.3939u 
  450.00000m    6.5405u 
  500.00000m   10.8612u 
  550.00000m   16.2195u 
  600.00000m   22.4776u 
  650.00000m   29.5224u 
  700.00000m   37.2598u 
  750.00000m   45.6072u 
  800.00000m   54.4881u 
  850.00000m   63.8303u 
  900.00000m   73.5639u 
  950.00000m   83.6206u 
    1.00000    93.9320u 
y
 vth0_value= 257.0910m
 u0_param=  48.9071m
 ags_param= 415.2604m
 
   *** monte carlo  index = 743 ***
x

 volt         param     
             i_d_0.8    
    0.         95.0638p 
   50.00000m  487.2953p 
  100.00000m    2.4335n 
  150.00000m   11.4505n 
  200.00000m   48.9422n 
  250.00000m  185.5466n 
  300.00000m  614.6531n 
  350.00000m    1.7102u 
  400.00000m    3.8767u 
  450.00000m    7.2921u 
  500.00000m   11.8974u 
  550.00000m   17.5474u 
  600.00000m   24.1038u 
  650.00000m   31.4531u 
  700.00000m   39.5006u 
  750.00000m   48.1625u 
  800.00000m   57.3609u 
  850.00000m   67.0218u 
  900.00000m   77.0739u 
  950.00000m   87.4473u 
    1.00000    98.0715u 
y
 vth0_value= 249.9613m
 u0_param=  50.1036m
 ags_param= 413.6320m
 
   *** monte carlo  index = 744 ***
x

 volt         param     
             i_d_0.8    
    0.        105.8838p 
   50.00000m  542.7455p 
  100.00000m    2.7063n 
  150.00000m   12.6971n 
  200.00000m   54.0426n 
  250.00000m  203.8926n 
  300.00000m  671.4015n 
  350.00000m    1.8535u 
  400.00000m    4.1677u 
  450.00000m    7.7874u 
  500.00000m   12.6427u 
  550.00000m   18.5795u 
  600.00000m   25.4533u 
  650.00000m   33.1457u 
  700.00000m   41.5581u 
  750.00000m   50.6031u 
  800.00000m   60.1996u 
  850.00000m   70.2707u 
  900.00000m   80.7425u 
  950.00000m   91.5426u 
    1.00000   102.5984u 
y
 vth0_value= 248.1154m
 u0_param=  52.3459m
 ags_param= 413.4276m
 
   *** monte carlo  index = 745 ***
x

 volt         param     
             i_d_0.8    
    0.        122.9068p 
   50.00000m  628.7496p 
  100.00000m    3.1176n 
  150.00000m   14.4806n 
  200.00000m   60.7841n 
  250.00000m  225.8585n 
  300.00000m  730.1519n 
  350.00000m    1.9684u 
  400.00000m    4.3222u 
  450.00000m    7.9255u 
  500.00000m   12.6967u 
  550.00000m   18.4892u 
  600.00000m   25.1693u 
  650.00000m   32.6279u 
  700.00000m   40.7729u 
  750.00000m   49.5216u 
  800.00000m   58.7970u 
  850.00000m   68.5256u 
  900.00000m   78.6364u 
  950.00000m   89.0593u 
    1.00000    99.7234u 
y
 vth0_value= 241.9811m
 u0_param=  49.7382m
 ags_param= 416.9521m
 
   *** monte carlo  index = 746 ***
x

 volt         param     
             i_d_0.8    
    0.         52.3640p 
   50.00000m  268.4998p 
  100.00000m    1.3579n 
  150.00000m    6.5495n 
  200.00000m   29.0530n 
  250.00000m  114.9841n 
  300.00000m  400.3525n 
  350.00000m    1.1898u 
  400.00000m    2.8965u 
  450.00000m    5.7854u 
  500.00000m    9.8635u 
  550.00000m   15.0032u 
  600.00000m   21.0631u 
  650.00000m   27.9249u 
  700.00000m   35.4916u 
  750.00000m   43.6787u 
  800.00000m   52.4093u 
  850.00000m   61.6107u 
  900.00000m   71.2132u 
  950.00000m   81.1486u 
    1.00000    91.3494u 
y
 vth0_value= 267.3059m
 u0_param=  49.0648m
 ags_param= 405.3150m
 
   *** monte carlo  index = 747 ***
x

 volt         param     
             i_d_0.8    
    0.         75.4303p 
   50.00000m  386.8313p 
  100.00000m    1.9408n 
  150.00000m    9.2139n 
  200.00000m   39.8972n 
  250.00000m  153.5116n 
  300.00000m  517.5715n 
  350.00000m    1.4739u 
  400.00000m    3.4235u 
  450.00000m    6.5706u 
  500.00000m   10.8789u 
  550.00000m   16.2127u 
  600.00000m   22.4367u 
  650.00000m   29.4394u 
  700.00000m   37.1281u 
  750.00000m   45.4210u 
  800.00000m   54.2428u 
  850.00000m   63.5216u 
  900.00000m   73.1882u 
  950.00000m   83.1749u 
    1.00000    93.4134u 
y
 vth0_value= 255.8365m
 u0_param=  48.4087m
 ags_param= 421.1167m
 
   *** monte carlo  index = 748 ***
x

 volt         param     
             i_d_0.8    
    0.        104.8078p 
   50.00000m  536.7996p 
  100.00000m    2.6729n 
  150.00000m   12.5095n 
  200.00000m   53.0653n 
  250.00000m  199.4910n 
  300.00000m  654.2101n 
  350.00000m    1.7965u 
  400.00000m    4.0182u 
  450.00000m    7.4771u 
  500.00000m   12.1056u 
  550.00000m   17.7595u 
  600.00000m   24.3039u 
  650.00000m   31.6287u 
  700.00000m   39.6414u 
  750.00000m   48.2594u 
  800.00000m   57.4060u 
  850.00000m   67.0082u 
  900.00000m   76.9954u 
  950.00000m   87.2980u 
    1.00000    97.8461u 
y
 vth0_value= 246.5820m
 u0_param=  49.4268m
 ags_param= 421.9813m
 
   *** monte carlo  index = 749 ***
x

 volt         param     
             i_d_0.8    
    0.         77.9203p 
   50.00000m  399.6965p 
  100.00000m    2.0051n 
  150.00000m    9.5162n 
  200.00000m   41.1860n 
  250.00000m  158.3714n 
  300.00000m  533.5189n 
  350.00000m    1.5177u 
  400.00000m    3.5209u 
  450.00000m    6.7503u 
  500.00000m   11.1671u 
  550.00000m   16.6312u 
  600.00000m   23.0037u 
  650.00000m   30.1700u 
  700.00000m   38.0353u 
  750.00000m   46.5158u 
  800.00000m   55.5343u 
  850.00000m   65.0175u 
  900.00000m   74.8947u 
  950.00000m   85.0969u 
    1.00000    95.5548u 
y
 vth0_value= 255.6232m
 u0_param=  49.5796m
 ags_param= 425.5886m
 
   *** monte carlo  index = 750 ***
x

 volt         param     
             i_d_0.8    
    0.         97.1640p 
   50.00000m  497.8858p 
  100.00000m    2.4839n 
  150.00000m   11.6668n 
  200.00000m   49.7403n 
  250.00000m  188.0457n 
  300.00000m  620.8804n 
  350.00000m    1.7202u 
  400.00000m    3.8821u 
  450.00000m    7.2765u 
  500.00000m   11.8424u 
  550.00000m   17.4369u 
  600.00000m   23.9243u 
  650.00000m   31.1937u 
  700.00000m   39.1521u 
  750.00000m   47.7171u 
  800.00000m   56.8118u 
  850.00000m   66.3634u 
  900.00000m   76.3014u 
  950.00000m   86.5565u 
    1.00000    97.0590u 
y
 vth0_value= 248.8172m
 u0_param=  49.3525m
 ags_param= 415.7932m
 
   *** monte carlo  index = 751 ***
x

 volt         param     
             i_d_0.8    
    0.         71.8985p 
   50.00000m  368.8561p 
  100.00000m    1.8537n 
  150.00000m    8.8273n 
  200.00000m   38.3981n 
  250.00000m  148.5106n 
  300.00000m  503.6931n 
  350.00000m    1.4457u 
  400.00000m    3.3862u 
  450.00000m    6.5443u 
  500.00000m   10.8896u 
  550.00000m   16.2843u 
  600.00000m   22.5889u 
  650.00000m   29.6884u 
  700.00000m   37.4873u 
  750.00000m   45.9021u 
  800.00000m   54.8555u 
  850.00000m   64.2744u 
  900.00000m   74.0885u 
  950.00000m   84.2289u 
    1.00000    94.6266u 
y
 vth0_value= 257.9595m
 u0_param=  49.4374m
 ags_param= 417.7283m
 
   *** monte carlo  index = 752 ***
x

 volt         param     
             i_d_0.8    
    0.         64.2318p 
   50.00000m  329.4397p 
  100.00000m    1.6586n 
  150.00000m    7.9275n 
  200.00000m   34.6766n 
  250.00000m  134.9946n 
  300.00000m  461.3473n 
  350.00000m    1.3376u 
  400.00000m    3.1678u 
  450.00000m    6.1796u 
  500.00000m   10.3542u 
  550.00000m   15.5601u 
  600.00000m   21.6608u 
  650.00000m   28.5435u 
  700.00000m   36.1146u 
  750.00000m   44.2923u 
  800.00000m   53.0012u 
  850.00000m   62.1698u 
  900.00000m   71.7292u 
  950.00000m   81.6120u 
    1.00000    91.7508u 
y
 vth0_value= 260.5583m
 u0_param=  48.2074m
 ags_param= 418.9354m
 
   *** monte carlo  index = 753 ***
x

 volt         param     
             i_d_0.8    
    0.         29.0600p 
   50.00000m  147.9816p 
  100.00000m  754.8226p 
  150.00000m    3.7141n 
  200.00000m   17.0233n 
  250.00000m   70.1951n 
  300.00000m  255.7629n 
  350.00000m  806.5873n 
  400.00000m    2.1072u 
  450.00000m    4.4874u 
  500.00000m    8.0317u 
  550.00000m   12.6442u 
  600.00000m   18.1857u 
  650.00000m   24.5341u 
  700.00000m   31.5900u 
  750.00000m   39.2689u 
  800.00000m   47.4949u 
  850.00000m   56.1969u 
  900.00000m   65.3071u 
  950.00000m   74.7596u 
    1.00000    84.4893u 
y
 vth0_value= 284.3388m
 u0_param=  47.6981m
 ags_param= 410.9899m
 
   *** monte carlo  index = 754 ***
x

 volt         param     
             i_d_0.8    
    0.        213.2433p 
   50.00000m    1.0847n 
  100.00000m    5.2964n 
  150.00000m   23.9589n 
  200.00000m   97.1295n 
  250.00000m  347.3078n 
  300.00000m    1.0691u 
  350.00000m    2.7121u 
  400.00000m    5.6209u 
  450.00000m    9.8539u 
  500.00000m   15.2876u 
  550.00000m   21.7641u 
  600.00000m   29.1480u 
  650.00000m   37.3287u 
  700.00000m   46.2111u 
  750.00000m   55.7090u 
  800.00000m   65.7415u 
  850.00000m   76.2314u 
  900.00000m   87.1035u 
  950.00000m   98.2839u 
    1.00000   109.6974u 
y
 vth0_value= 227.2594m
 u0_param=  52.7546m
 ags_param= 413.8191m
 
   *** monte carlo  index = 755 ***
x

 volt         param     
             i_d_0.8    
    0.        136.0773p 
   50.00000m  695.5800p 
  100.00000m    3.4401n 
  150.00000m   15.9059n 
  200.00000m   66.3528n 
  250.00000m  244.8590n 
  300.00000m  784.7971n 
  350.00000m    2.0927u 
  400.00000m    4.5461u 
  450.00000m    8.2654u 
  500.00000m   13.1607u 
  550.00000m   19.0828u 
  600.00000m   25.8972u 
  650.00000m   33.4945u 
  700.00000m   41.7819u 
  750.00000m   50.6760u 
  800.00000m   60.0990u 
  850.00000m   69.9767u 
  900.00000m   80.2371u 
  950.00000m   90.8094u 
    1.00000   101.6219u 
y
 vth0_value= 239.3029m
 u0_param=  50.3460m
 ags_param= 419.0600m
 
   *** monte carlo  index = 756 ***
x

 volt         param     
             i_d_0.8    
    0.         50.3210p 
   50.00000m  257.9706p 
  100.00000m    1.3055n 
  150.00000m    6.3065n 
  200.00000m   28.0403n 
  250.00000m  111.2895n 
  300.00000m  388.7202n 
  350.00000m    1.1601u 
  400.00000m    2.8379u 
  450.00000m    5.6922u 
  500.00000m    9.7351u 
  550.00000m   14.8410u 
  600.00000m   20.8683u 
  650.00000m   27.6986u 
  700.00000m   35.2346u 
  750.00000m   43.3920u 
  800.00000m   52.0939u 
  850.00000m   61.2677u 
  900.00000m   70.8438u 
  950.00000m   80.7541u 
    1.00000    90.9313u 
y
 vth0_value= 268.4582m
 u0_param=  48.9822m
 ags_param= 423.0265m
 
   *** monte carlo  index = 757 ***
x

 volt         param     
             i_d_0.8    
    0.        111.3078p 
   50.00000m  569.9324p 
  100.00000m    2.8342n 
  150.00000m   13.2330n 
  200.00000m   55.9467n 
  250.00000m  209.5364n 
  300.00000m  683.9978n 
  350.00000m    1.8672u 
  400.00000m    4.1510u 
  450.00000m    7.6869u 
  500.00000m   12.4013u 
  550.00000m   18.1477u 
  600.00000m   24.7903u 
  650.00000m   32.2179u 
  700.00000m   40.3374u 
  750.00000m   49.0655u 
  800.00000m   58.3247u 
  850.00000m   68.0412u 
  900.00000m   78.1438u 
  950.00000m   88.5623u 
    1.00000    99.2262u 
y
 vth0_value= 245.1182m
 u0_param=  49.9686m
 ags_param= 413.6156m
 
   *** monte carlo  index = 758 ***
x

 volt         param     
             i_d_0.8    
    0.         39.4157p 
   50.00000m  201.6798p 
  100.00000m    1.0249n 
  150.00000m    4.9967n 
  200.00000m   22.5471n 
  250.00000m   91.1265n 
  300.00000m  324.7636n 
  350.00000m  995.2599n 
  400.00000m    2.5110u 
  450.00000m    5.1773u 
  500.00000m    9.0394u 
  550.00000m   13.9819u 
  600.00000m   19.8612u 
  650.00000m   26.5553u 
  700.00000m   33.9642u 
  750.00000m   42.0024u 
  800.00000m   50.5923u 
  850.00000m   59.6609u 
  900.00000m   69.1387u 
  950.00000m   78.9580u 
    1.00000    89.0515u 
y
 vth0_value= 275.9518m
 u0_param=  49.0962m
 ags_param= 412.8973m
 
   *** monte carlo  index = 759 ***
x

 volt         param     
             i_d_0.8    
    0.         77.9209p 
   50.00000m  399.6669p 
  100.00000m    2.0047n 
  150.00000m    9.5113n 
  200.00000m   41.1478n 
  250.00000m  158.1524n 
  300.00000m  532.5091n 
  350.00000m    1.5138u 
  400.00000m    3.5094u 
  450.00000m    6.7244u 
  500.00000m   11.1197u 
  550.00000m   16.5562u 
  600.00000m   22.8960u 
  650.00000m   30.0253u 
  700.00000m   37.8500u 
  750.00000m   46.2867u 
  800.00000m   55.2587u 
  850.00000m   64.6932u 
  900.00000m   74.5197u 
  950.00000m   84.6697u 
    1.00000    95.0739u 
y
 vth0_value= 255.4308m
 u0_param=  49.2835m
 ags_param= 420.3690m
 
   *** monte carlo  index = 760 ***
x

 volt         param     
             i_d_0.8    
    0.         40.5106p 
   50.00000m  207.2722p 
  100.00000m    1.0522n 
  150.00000m    5.1177n 
  200.00000m   23.0078n 
  250.00000m   92.5670n 
  300.00000m  328.2885n 
  350.00000m  999.7141n 
  400.00000m    2.5035u 
  450.00000m    5.1273u 
  500.00000m    8.9077u 
  550.00000m   13.7317u 
  600.00000m   19.4616u 
  650.00000m   25.9806u 
  700.00000m   33.1932u 
  750.00000m   41.0171u 
  800.00000m   49.3772u 
  850.00000m   58.2030u 
  900.00000m   67.4269u 
  950.00000m   76.9829u 
    1.00000    86.8055u 
y
 vth0_value= 274.0277m
 u0_param=  47.4526m
 ags_param= 414.5226m
 
   *** monte carlo  index = 761 ***
x

 volt         param     
             i_d_0.8    
    0.        175.2642p 
   50.00000m  893.3902p 
  100.00000m    4.3853n 
  150.00000m   20.0144n 
  200.00000m   82.0709n 
  250.00000m  297.2058n 
  300.00000m  930.0485n 
  350.00000m    2.4071u 
  400.00000m    5.0824u 
  450.00000m    9.0383u 
  500.00000m   14.1666u 
  550.00000m   20.3157u 
  600.00000m   27.3534u 
  650.00000m   35.1717u 
  700.00000m   43.6781u 
  750.00000m   52.7892u 
  800.00000m   62.4265u 
  850.00000m   72.5152u 
  900.00000m   82.9823u 
  950.00000m   93.7562u 
    1.00000   104.7637u 
y
 vth0_value= 232.0051m
 u0_param=  50.8700m
 ags_param= 423.1023m
 
   *** monte carlo  index = 762 ***
x

 volt         param     
             i_d_0.8    
    0.         68.3520p 
   50.00000m  350.6781p 
  100.00000m    1.7642n 
  150.00000m    8.4197n 
  200.00000m   36.7436n 
  250.00000m  142.6450n 
  300.00000m  485.8981n 
  350.00000m    1.4027u 
  400.00000m    3.3059u 
  450.00000m    6.4227u 
  500.00000m   10.7283u 
  550.00000m   16.0865u 
  600.00000m   22.3571u 
  650.00000m   29.4246u 
  700.00000m   37.1933u 
  750.00000m   45.5794u 
  800.00000m   54.5058u 
  850.00000m   63.8992u 
  900.00000m   73.6895u 
  950.00000m   83.8078u 
    1.00000    94.1852u 
y
 vth0_value= 259.4714m
 u0_param=  49.4128m
 ags_param= 429.0193m
 
   *** monte carlo  index = 763 ***
x

 volt         param     
             i_d_0.8    
    0.         96.3246p 
   50.00000m  493.5544p 
  100.00000m    2.4623n 
  150.00000m   11.5657n 
  200.00000m   49.3118n 
  250.00000m  186.4407n 
  300.00000m  615.6594n 
  350.00000m    1.7060u 
  400.00000m    3.8508u 
  450.00000m    7.2192u 
  500.00000m   11.7511u 
  550.00000m   17.3047u 
  600.00000m   23.7458u 
  650.00000m   30.9644u 
  700.00000m   38.8682u 
  750.00000m   47.3754u 
  800.00000m   56.4098u 
  850.00000m   65.8989u 
  900.00000m   75.7727u 
  950.00000m   85.9623u 
    1.00000    96.3984u 
y
 vth0_value= 248.8347m
 u0_param=  48.9790m
 ags_param= 422.6393m
 
   *** monte carlo  index = 764 ***
x

 volt         param     
             i_d_0.8    
    0.         55.1875p 
   50.00000m  282.9953p 
  100.00000m    1.4294n 
  150.00000m    6.8764n 
  200.00000m   30.3801n 
  250.00000m  119.6611n 
  300.00000m  414.4147n 
  350.00000m    1.2229u 
  400.00000m    2.9534u 
  450.00000m    5.8585u 
  500.00000m    9.9375u 
  550.00000m   15.0627u 
  600.00000m   21.0951u 
  650.00000m   27.9190u 
  700.00000m   35.4391u 
  750.00000m   43.5724u 
  800.00000m   52.2428u 
  850.00000m   61.3785u 
  900.00000m   70.9104u 
  950.00000m   80.7710u 
    1.00000    90.8931u 
y
 vth0_value= 265.3293m
 u0_param=  48.4774m
 ags_param= 410.0698m
 
   *** monte carlo  index = 765 ***
x

 volt         param     
             i_d_0.8    
    0.         71.3235p 
   50.00000m  365.8900p 
  100.00000m    1.8389n 
  150.00000m    8.7583n 
  200.00000m   38.1064n 
  250.00000m  147.4227n 
  300.00000m  500.1678n 
  350.00000m    1.4362u 
  400.00000m    3.3656u 
  450.00000m    6.5070u 
  500.00000m   10.8307u 
  550.00000m   16.1998u 
  600.00000m   22.4752u 
  650.00000m   29.5424u 
  700.00000m   37.3064u 
  750.00000m   45.6838u 
  800.00000m   54.5979u 
  850.00000m   63.9757u 
  900.00000m   73.7472u 
  950.00000m   83.8438u 
    1.00000    94.1967u 
y
 vth0_value= 258.0644m
 u0_param=  49.2258m
 ags_param= 405.3476m
 
   *** monte carlo  index = 766 ***
x

 volt         param     
             i_d_0.8    
    0.         36.4883p 
   50.00000m  186.5221p 
  100.00000m  948.9173p 
  150.00000m    4.6376n 
  200.00000m   21.0138n 
  250.00000m   85.3749n 
  300.00000m  306.0298n 
  350.00000m  944.9560n 
  400.00000m    2.4058u 
  450.00000m    5.0015u 
  500.00000m    8.7875u 
  550.00000m   13.6529u 
  600.00000m   19.4550u 
  650.00000m   26.0712u 
  700.00000m   33.4018u 
  750.00000m   41.3612u 
  800.00000m   49.8722u 
  850.00000m   58.8622u 
  900.00000m   68.2619u 
  950.00000m   78.0040u 
    1.00000    88.0217u 
y
 vth0_value= 278.1250m
 u0_param=  48.8240m
 ags_param= 418.9446m
 
   *** monte carlo  index = 767 ***
x

 volt         param     
             i_d_0.8    
    0.        147.5876p 
   50.00000m  753.8569p 
  100.00000m    3.7202n 
  150.00000m   17.1349n 
  200.00000m   71.1122n 
  250.00000m  260.9348n 
  300.00000m  830.3526n 
  350.00000m    2.1943u 
  400.00000m    4.7252u 
  450.00000m    8.5325u 
  500.00000m   13.5195u 
  550.00000m   19.5353u 
  600.00000m   26.4456u 
  650.00000m   34.1408u 
  700.00000m   42.5277u 
  750.00000m   51.5225u 
  800.00000m   61.0471u 
  850.00000m   71.0266u 
  900.00000m   81.3885u 
  950.00000m   92.0616u 
    1.00000   102.9735u 
y
 vth0_value= 237.0995m
 u0_param=  50.7301m
 ags_param= 417.6268m
 
   *** monte carlo  index = 768 ***
x

 volt         param     
             i_d_0.8    
    0.         32.9094p 
   50.00000m  167.9586p 
  100.00000m  855.4748p 
  150.00000m    4.1934n 
  200.00000m   19.0958n 
  250.00000m   78.0803n 
  300.00000m  281.8681n 
  350.00000m  878.3842n 
  400.00000m    2.2614u 
  450.00000m    4.7499u 
  500.00000m    8.4116u 
  550.00000m   13.1426u 
  600.00000m   18.8024u 
  650.00000m   25.2692u 
  700.00000m   32.4441u 
  750.00000m   40.2424u 
  800.00000m   48.5877u 
  850.00000m   57.4085u 
  900.00000m   66.6366u 
  950.00000m   76.2053u 
    1.00000    86.0492u 
y
 vth0_value= 280.7888m
 u0_param=  48.0852m
 ags_param= 403.6537m
 
   *** monte carlo  index = 769 ***
x

 volt         param     
             i_d_0.8    
    0.         48.4404p 
   50.00000m  248.2993p 
  100.00000m    1.2577n 
  150.00000m    6.0863n 
  200.00000m   27.1389n 
  250.00000m  108.0826n 
  300.00000m  378.9580n 
  350.00000m    1.1367u 
  400.00000m    2.7965u 
  450.00000m    5.6376u 
  500.00000m    9.6778u 
  550.00000m   14.7917u 
  600.00000m   20.8362u 
  650.00000m   27.6910u 
  700.00000m   35.2575u 
  750.00000m   43.4505u 
  800.00000m   52.1923u 
  850.00000m   61.4098u 
  900.00000m   71.0328u 
  950.00000m   80.9931u 
    1.00000    91.2228u 
y
 vth0_value= 269.8803m
 u0_param=  49.3928m
 ags_param= 416.1279m
 
   *** monte carlo  index = 770 ***
x

 volt         param     
             i_d_0.8    
    0.        101.7797p 
   50.00000m  521.3587p 
  100.00000m    2.5977n 
  150.00000m   12.1719n 
  200.00000m   51.7194n 
  250.00000m  194.7960n 
  300.00000m  640.2743n 
  350.00000m    1.7635u 
  400.00000m    3.9562u 
  450.00000m    7.3797u 
  500.00000m   11.9689u 
  550.00000m   17.5807u 
  600.00000m   24.0807u 
  650.00000m   31.3589u 
  700.00000m   39.3231u 
  750.00000m   47.8910u 
  800.00000m   56.9864u 
  850.00000m   66.5363u 
  900.00000m   76.4705u 
  950.00000m   86.7198u 
    1.00000    97.2145u 
y
 vth0_value= 247.3184m
 u0_param=  49.2003m
 ags_param= 417.0561m
 
   *** monte carlo  index = 771 ***
x

 volt         param     
             i_d_0.8    
    0.        205.2273p 
   50.00000m    1.0437n 
  100.00000m    5.0952n 
  150.00000m   23.0433n 
  200.00000m   93.3973n 
  250.00000m  333.9333n 
  300.00000m    1.0279u 
  350.00000m    2.6077u 
  400.00000m    5.4050u 
  450.00000m    9.4775u 
  500.00000m   14.7079u 
  550.00000m   20.9460u 
  600.00000m   28.0623u 
  650.00000m   35.9511u 
  700.00000m   44.5212u 
  750.00000m   53.6898u 
  800.00000m   63.3788u 
  850.00000m   73.5135u 
  900.00000m   84.0213u 
  950.00000m   94.8299u 
    1.00000   105.8663u 
y
 vth0_value= 227.1203m
 u0_param=  50.6769m
 ags_param= 423.4464m
 
   *** monte carlo  index = 772 ***
x

 volt         param     
             i_d_0.8    
    0.         92.7287p 
   50.00000m  475.2694p 
  100.00000m    2.3738n 
  150.00000m   11.1728n 
  200.00000m   47.7769n 
  250.00000m  181.2310n 
  300.00000m  600.8040n 
  350.00000m    1.6734u 
  400.00000m    3.7971u 
  450.00000m    7.1488u 
  500.00000m   11.6721u 
  550.00000m   17.2250u 
  600.00000m   23.6717u 
  650.00000m   30.9012u 
  700.00000m   38.8203u 
  750.00000m   47.3466u 
  800.00000m   56.4036u 
  850.00000m   65.9185u 
  900.00000m   75.8208u 
  950.00000m   86.0416u 
    1.00000    96.5113u 
y
 vth0_value= 250.1529m
 u0_param=  49.2397m
 ags_param= 429.8937m
 
   *** monte carlo  index = 773 ***
x

 volt         param     
             i_d_0.8    
    0.         85.3473p 
   50.00000m  437.7017p 
  100.00000m    2.1915n 
  150.00000m   10.3620n 
  200.00000m   44.6013n 
  250.00000m  170.4333n 
  300.00000m  569.9282n 
  350.00000m    1.6055u 
  400.00000m    3.6864u 
  450.00000m    7.0075u 
  500.00000m   11.5205u 
  550.00000m   17.0826u 
  600.00000m   23.5542u 
  650.00000m   30.8212u 
  700.00000m   38.7884u 
  750.00000m   47.3717u 
  800.00000m   56.4934u 
  850.00000m   66.0798u 
  900.00000m   76.0597u 
  950.00000m   86.3634u 
    1.00000    96.9212u 
y
 vth0_value= 253.1214m
 u0_param=  49.9603m
 ags_param= 418.0867m
 
   *** monte carlo  index = 774 ***
x

 volt         param     
             i_d_0.8    
    0.         40.5656p 
   50.00000m  207.6288p 
  100.00000m    1.0547n 
  150.00000m    5.1369n 
  200.00000m   23.1429n 
  250.00000m   93.3477n 
  300.00000m  331.9465n 
  350.00000m    1.0143u 
  400.00000m    2.5504u 
  450.00000m    5.2422u 
  500.00000m    9.1311u 
  550.00000m   14.1003u 
  600.00000m   20.0061u 
  650.00000m   26.7266u 
  700.00000m   34.1620u 
  750.00000m   42.2267u 
  800.00000m   50.8430u 
  850.00000m   59.9382u 
  900.00000m   69.4422u 
  950.00000m   79.2875u 
    1.00000    89.4065u 
y
 vth0_value= 275.1236m
 u0_param=  49.1683m
 ags_param= 416.8514m
 
   *** monte carlo  index = 775 ***
x

 volt         param     
             i_d_0.8    
    0.        229.2359p 
   50.00000m    1.1641n 
  100.00000m    5.6635n 
  150.00000m   25.4698n 
  200.00000m  102.5058n 
  250.00000m  363.6431n 
  300.00000m    1.1079u 
  350.00000m    2.7766u 
  400.00000m    5.6918u 
  450.00000m    9.8969u 
  500.00000m   15.2675u 
  550.00000m   21.6515u 
  600.00000m   28.9191u 
  650.00000m   36.9641u 
  700.00000m   45.6946u 
  750.00000m   55.0270u 
  800.00000m   64.8823u 
  850.00000m   75.1850u 
  900.00000m   85.8614u 
  950.00000m   96.8385u 
    1.00000   108.0422u 
y
 vth0_value= 224.2002m
 u0_param=  51.3407m
 ags_param= 436.4266m
 
   *** monte carlo  index = 776 ***
x

 volt         param     
             i_d_0.8    
    0.        237.9818p 
   50.00000m    1.2069n 
  100.00000m    5.8562n 
  150.00000m   26.2248n 
  200.00000m  104.9978n 
  250.00000m  370.3968n 
  300.00000m    1.1203u 
  350.00000m    2.7836u 
  400.00000m    5.6629u 
  450.00000m    9.7912u 
  500.00000m   15.0463u 
  550.00000m   21.2821u 
  600.00000m   28.3746u 
  650.00000m   36.2218u 
  700.00000m   44.7352u 
  750.00000m   53.8340u 
  800.00000m   63.4416u 
  850.00000m   73.4844u 
  900.00000m   83.8906u 
  950.00000m   94.5888u 
    1.00000   105.5061u 
y
 vth0_value= 222.0149m
 u0_param=  49.6934m
 ags_param= 419.8115m
 
   *** monte carlo  index = 777 ***
x

 volt         param     
             i_d_0.8    
    0.         48.4489p 
   50.00000m  248.2690p 
  100.00000m    1.2568n 
  150.00000m    6.0749n 
  200.00000m   27.0403n 
  250.00000m  107.4658n 
  300.00000m  375.9590n 
  350.00000m    1.1244u 
  400.00000m    2.7573u 
  450.00000m    5.5426u 
  500.00000m    9.4952u 
  550.00000m   14.4931u 
  600.00000m   20.3977u 
  650.00000m   27.0929u 
  700.00000m   34.4833u 
  750.00000m   42.4862u 
  800.00000m   51.0259u 
  850.00000m   60.0312u 
  900.00000m   69.4336u 
  950.00000m   79.1663u 
    1.00000    89.1626u 
y
 vth0_value= 268.9896m
 u0_param=  48.0459m
 ags_param= 413.2228m
 
   *** monte carlo  index = 778 ***
x

 volt         param     
             i_d_0.8    
    0.         74.3450p 
   50.00000m  381.3698p 
  100.00000m    1.9150n 
  150.00000m    9.1046n 
  200.00000m   39.5101n 
  250.00000m  152.3949n 
  300.00000m  515.2378n 
  350.00000m    1.4727u 
  400.00000m    3.4339u 
  450.00000m    6.6117u 
  500.00000m   10.9717u 
  550.00000m   16.3761u 
  600.00000m   22.6861u 
  650.00000m   29.7874u 
  700.00000m   37.5855u 
  750.00000m   45.9969u 
  800.00000m   54.9447u 
  850.00000m   64.3561u 
  900.00000m   74.1608u 
  950.00000m   84.2901u 
    1.00000    94.6751u 
y
 vth0_value= 256.8527m
 u0_param=  49.2892m
 ags_param= 416.7108m
 
   *** monte carlo  index = 779 ***
x

 volt         param     
             i_d_0.8    
    0.         83.3879p 
   50.00000m  427.6025p 
  100.00000m    2.1413n 
  150.00000m   10.1278n 
  200.00000m   43.6151n 
  250.00000m  166.7672n 
  300.00000m  558.1046n 
  350.00000m    1.5738u 
  400.00000m    3.6177u 
  450.00000m    6.8836u 
  500.00000m   11.3252u 
  550.00000m   16.8025u 
  600.00000m   23.1784u 
  650.00000m   30.3405u 
  700.00000m   38.1951u 
  750.00000m   46.6593u 
  800.00000m   55.6565u 
  850.00000m   65.1140u 
  900.00000m   74.9614u 
  950.00000m   85.1300u 
    1.00000    95.5506u 
y
 vth0_value= 253.3408m
 u0_param=  49.2166m
 ags_param= 422.8122m
 
   *** monte carlo  index = 780 ***
x

 volt         param     
             i_d_0.8    
    0.         44.8260p 
   50.00000m  229.6486p 
  100.00000m    1.1648n 
  150.00000m    5.6531n 
  200.00000m   25.3245n 
  250.00000m  101.4312n 
  300.00000m  357.8898n 
  350.00000m    1.0825u 
  400.00000m    2.6890u 
  450.00000m    5.4675u 
  500.00000m    9.4461u 
  550.00000m   14.5027u 
  600.00000m   20.4937u 
  650.00000m   27.2978u 
  700.00000m   34.8156u 
  750.00000m   42.9617u 
  800.00000m   51.6582u 
  850.00000m   60.8321u 
  900.00000m   70.4132u 
  950.00000m   80.3334u 
    1.00000    90.5251u 
y
 vth0_value= 272.2190m
 u0_param=  49.3700m
 ags_param= 409.5888m
 
   *** monte carlo  index = 781 ***
x

 volt         param     
             i_d_0.8    
    0.         95.8461p 
   50.00000m  491.2144p 
  100.00000m    2.4519n 
  150.00000m   11.5272n 
  200.00000m   49.2106n 
  250.00000m  186.3160n 
  300.00000m  616.2399n 
  350.00000m    1.7112u 
  400.00000m    3.8707u 
  450.00000m    7.2687u 
  500.00000m   11.8454u 
  550.00000m   17.4569u 
  600.00000m   23.9665u 
  650.00000m   31.2622u 
  700.00000m   39.2505u 
  750.00000m   47.8482u 
  800.00000m   56.9782u 
  850.00000m   66.5671u 
  900.00000m   76.5442u 
  950.00000m   86.8399u 
    1.00000    97.3843u 
y
 vth0_value= 249.4139m
 u0_param=  49.6372m
 ags_param= 409.5344m
 
   *** monte carlo  index = 782 ***
x

 volt         param     
             i_d_0.8    
    0.         31.1377p 
   50.00000m  158.8107p 
  100.00000m  809.9012p 
  150.00000m    3.9813n 
  200.00000m   18.2162n 
  250.00000m   74.9398n 
  300.00000m  272.3226n 
  350.00000m  855.8024n 
  400.00000m    2.2261u 
  450.00000m    4.7208u 
  500.00000m    8.4215u 
  550.00000m   13.2251u 
  600.00000m   18.9863u 
  650.00000m   25.5784u 
  700.00000m   32.8982u 
  750.00000m   40.8583u 
  800.00000m   49.3798u 
  850.00000m   58.3892u 
  900.00000m   67.8166u 
  950.00000m   77.5941u 
    1.00000    87.6545u 
y
 vth0_value= 283.3898m
 u0_param=  49.4716m
 ags_param= 414.0148m
 
   *** monte carlo  index = 783 ***
x

 volt         param     
             i_d_0.8    
    0.        118.2820p 
   50.00000m  605.2653p 
  100.00000m    3.0041n 
  150.00000m   13.9782n 
  200.00000m   58.8176n 
  250.00000m  219.1404n 
  300.00000m  710.7999n 
  350.00000m    1.9245u 
  400.00000m    4.2436u 
  450.00000m    7.8076u 
  500.00000m   12.5382u 
  550.00000m   18.2895u 
  600.00000m   24.9281u 
  650.00000m   32.3446u 
  700.00000m   40.4471u 
  750.00000m   49.1530u 
  800.00000m   58.3857u 
  850.00000m   68.0719u 
  900.00000m   78.1406u 
  950.00000m   88.5219u 
    1.00000    99.1455u 
y
 vth0_value= 243.0346m
 u0_param=  49.5795m
 ags_param= 423.2808m
 
   *** monte carlo  index = 784 ***
x

 volt         param     
             i_d_0.8    
    0.         62.6754p 
   50.00000m  321.5777p 
  100.00000m    1.6211n 
  150.00000m    7.7673n 
  200.00000m   34.1010n 
  250.00000m  133.3148n 
  300.00000m  457.7515n 
  350.00000m    1.3354u 
  400.00000m    3.1842u 
  450.00000m    6.2470u 
  500.00000m   10.5097u 
  550.00000m   15.8371u 
  600.00000m   22.0870u 
  650.00000m   29.1416u 
  700.00000m   36.9035u 
  750.00000m   45.2881u 
  800.00000m   54.2174u 
  850.00000m   63.6179u 
  900.00000m   73.4188u 
  950.00000m   83.5513u 
    1.00000    93.9464u 
y
 vth0_value= 262.3184m
 u0_param=  49.7633m
 ags_param= 408.4252m
 
   *** monte carlo  index = 785 ***
x

 volt         param     
             i_d_0.8    
    0.        191.3812p 
   50.00000m  974.8769p 
  100.00000m    4.7760n 
  150.00000m   21.7257n 
  200.00000m   88.7057n 
  250.00000m  319.6880n 
  300.00000m  994.1409n 
  350.00000m    2.5533u 
  400.00000m    5.3523u 
  450.00000m    9.4652u 
  500.00000m   14.7755u 
  550.00000m   21.1271u 
  600.00000m   28.3844u 
  650.00000m   36.4368u 
  700.00000m   45.1896u 
  750.00000m   54.5573u 
  800.00000m   64.4595u 
  850.00000m   74.8195u 
  900.00000m   85.5630u 
  950.00000m   96.6164u 
    1.00000   107.9055u 
y
 vth0_value= 230.2232m
 u0_param=  52.2657m
 ags_param= 425.2776m
 
   *** monte carlo  index = 786 ***
x

 volt         param     
             i_d_0.8    
    0.         19.1236p 
   50.00000m   96.2651p 
  100.00000m  492.7178p 
  150.00000m    2.4521n 
  200.00000m   11.4680n 
  250.00000m   48.5999n 
  300.00000m  182.5175n 
  350.00000m  597.7886n 
  400.00000m    1.6386u 
  450.00000m    3.6573u 
  500.00000m    6.7932u 
  550.00000m   10.9821u 
  600.00000m   16.0927u 
  650.00000m   22.0026u 
  700.00000m   28.6124u 
  750.00000m   35.8385u 
  800.00000m   43.6067u 
  850.00000m   51.8480u 
  900.00000m   60.4968u 
  950.00000m   69.4897u 
    1.00000    78.7640u 
y
 vth0_value= 296.1327m
 u0_param=  46.0353m
 ags_param= 406.3732m
 
   *** monte carlo  index = 787 ***
x

 volt         param     
             i_d_0.8    
    0.         81.4856p 
   50.00000m  417.8808p 
  100.00000m    2.0937n 
  150.00000m    9.9130n 
  200.00000m   42.7538n 
  250.00000m  163.7512n 
  300.00000m  549.1090n 
  350.00000m    1.5526u 
  400.00000m    3.5788u 
  450.00000m    6.8251u 
  500.00000m   11.2477u 
  550.00000m   16.7071u 
  600.00000m   23.0661u 
  650.00000m   30.2119u 
  700.00000m   38.0507u 
  750.00000m   46.4998u 
  800.00000m   55.4825u 
  850.00000m   64.9261u 
  900.00000m   74.7603u 
  950.00000m   84.9164u 
    1.00000    95.3252u 
y
 vth0_value= 254.0203m
 u0_param=  49.1908m
 ags_param= 427.8809m
 
   *** monte carlo  index = 788 ***
x

 volt         param     
             i_d_0.8    
    0.         41.0338p 
   50.00000m  209.9969p 
  100.00000m    1.0660n 
  150.00000m    5.1846n 
  200.00000m   23.3058n 
  250.00000m   93.7491n 
  300.00000m  332.4010n 
  350.00000m    1.0119u 
  400.00000m    2.5329u 
  450.00000m    5.1855u 
  500.00000m    9.0059u 
  550.00000m   13.8792u 
  600.00000m   19.6660u 
  650.00000m   26.2484u 
  700.00000m   33.5295u 
  750.00000m   41.4262u 
  800.00000m   49.8626u 
  850.00000m   58.7677u 
  900.00000m   68.0731u 
  950.00000m   77.7123u 
    1.00000    87.6193u 
y
 vth0_value= 273.9660m
 u0_param=  47.9419m
 ags_param= 400.1321m
 
   *** monte carlo  index = 789 ***
x

 volt         param     
             i_d_0.8    
    0.        148.6717p 
   50.00000m  758.5897p 
  100.00000m    3.7357n 
  150.00000m   17.1463n 
  200.00000m   70.8368n 
  250.00000m  258.6816n 
  300.00000m  818.3380n 
  350.00000m    2.1467u 
  400.00000m    4.5908u 
  450.00000m    8.2466u 
  500.00000m   13.0206u 
  550.00000m   18.7713u 
  600.00000m   25.3737u 
  650.00000m   32.7251u 
  700.00000m   40.7380u 
  750.00000m   49.3333u 
  800.00000m   58.4367u 
  850.00000m   67.9768u 
  900.00000m   77.8844u 
  950.00000m   88.0907u 
    1.00000    98.5259u 
y
 vth0_value= 235.1098m
 u0_param=  48.0216m
 ags_param= 422.3713m
 
   *** monte carlo  index = 790 ***
x

 volt         param     
             i_d_0.8    
    0.         59.0003p 
   50.00000m  302.6421p 
  100.00000m    1.5270n 
  150.00000m    7.3301n 
  200.00000m   32.2742n 
  250.00000m  126.6062n 
  300.00000m  436.4396n 
  350.00000m    1.2800u 
  400.00000m    3.0700u 
  450.00000m    6.0535u 
  500.00000m   10.2229u 
  550.00000m   15.4467u 
  600.00000m   21.5848u 
  650.00000m   28.5205u 
  700.00000m   36.1578u 
  750.00000m   44.4131u 
  800.00000m   53.2093u 
  850.00000m   62.4739u 
  900.00000m   72.1371u 
  950.00000m   82.1306u 
    1.00000    92.3864u 
y
 vth0_value= 263.6888m
 u0_param=  49.0581m
 ags_param= 426.5765m
 
   *** monte carlo  index = 791 ***
x

 volt         param     
             i_d_0.8    
    0.        209.5047p 
   50.00000m    1.0652n 
  100.00000m    5.1973n 
  150.00000m   23.4830n 
  200.00000m   95.0667n 
  250.00000m  339.4545n 
  300.00000m    1.0431u 
  350.00000m    2.6407u 
  400.00000m    5.4633u 
  450.00000m    9.5659u 
  500.00000m   14.8298u 
  550.00000m   21.1041u 
  600.00000m   28.2591u 
  650.00000m   36.1887u 
  700.00000m   44.8014u 
  750.00000m   54.0141u 
  800.00000m   63.7484u 
  850.00000m   73.9295u 
  900.00000m   84.4843u 
  950.00000m   95.3404u 
    1.00000   106.4244u 
y
 vth0_value= 226.6313m
 u0_param=  50.8871m
 ags_param= 428.4673m
 
   *** monte carlo  index = 792 ***
x

 volt         param     
             i_d_0.8    
    0.         63.5021p 
   50.00000m  325.6337p 
  100.00000m    1.6392n 
  150.00000m    7.8333n 
  200.00000m   34.2549n 
  250.00000m  133.3144n 
  300.00000m  455.4807n 
  350.00000m    1.3202u 
  400.00000m    3.1253u 
  450.00000m    6.0951u 
  500.00000m   10.2111u 
  550.00000m   15.3442u 
  600.00000m   21.3605u 
  650.00000m   28.1490u 
  700.00000m   35.6178u 
  750.00000m   43.6862u 
  800.00000m   52.2800u 
  850.00000m   61.3287u 
  900.00000m   70.7644u 
  950.00000m   80.5203u 
    1.00000    90.5298u 
y
 vth0_value= 260.4177m
 u0_param=  47.4831m
 ags_param= 424.6919m
 
   *** monte carlo  index = 793 ***
x

 volt         param     
             i_d_0.8    
    0.        135.7246p 
   50.00000m  693.6419p 
  100.00000m    3.4293n 
  150.00000m   15.8468n 
  200.00000m   66.0559n 
  250.00000m  243.5697n 
  300.00000m  779.9232n 
  350.00000m    2.0772u 
  400.00000m    4.5073u 
  450.00000m    8.1880u 
  500.00000m   13.0302u 
  550.00000m   18.8870u 
  600.00000m   25.6262u 
  650.00000m   33.1400u 
  700.00000m   41.3369u 
  750.00000m   50.1347u 
  800.00000m   59.4565u 
  850.00000m   69.2290u 
  900.00000m   79.3808u 
  950.00000m   89.8419u 
    1.00000   100.5411u 
y
 vth0_value= 238.9626m
 u0_param=  49.6955m
 ags_param= 425.0265m
 
   *** monte carlo  index = 794 ***
x

 volt         param     
             i_d_0.8    
    0.        135.3708p 
   50.00000m  691.7121p 
  100.00000m    3.4187n 
  150.00000m   15.7896n 
  200.00000m   65.7729n 
  250.00000m  242.3554n 
  300.00000m  775.3784n 
  350.00000m    2.0629u 
  400.00000m    4.4718u 
  450.00000m    8.1173u 
  500.00000m   12.9112u 
  550.00000m   18.7086u 
  600.00000m   25.3793u 
  650.00000m   32.8170u 
  700.00000m   40.9314u 
  750.00000m   49.6413u 
  800.00000m   58.8706u 
  850.00000m   68.5467u 
  900.00000m   78.5990u 
  950.00000m   88.9580u 
    1.00000    99.5531u 
y
 vth0_value= 238.6607m
 u0_param=  49.1118m
 ags_param= 425.9862m
 
   *** monte carlo  index = 795 ***
x

 volt         param     
             i_d_0.8    
    0.         81.5887p 
   50.00000m  418.4471p 
  100.00000m    2.0969n 
  150.00000m    9.9306n 
  200.00000m   42.8463n 
  250.00000m  164.1739n 
  300.00000m  550.7799n 
  350.00000m    1.5582u 
  400.00000m    3.5940u 
  450.00000m    6.8575u 
  500.00000m   11.3049u 
  550.00000m   16.7955u 
  600.00000m   23.1908u 
  650.00000m   30.3772u 
  700.00000m   38.2602u 
  750.00000m   46.7564u 
  800.00000m   55.7885u 
  850.00000m   65.2834u 
  900.00000m   75.1706u 
  950.00000m   85.3808u 
    1.00000    95.8448u 
y
 vth0_value= 254.2002m
 u0_param=  49.5262m
 ags_param= 417.8349m
 
   *** monte carlo  index = 796 ***
x

 volt         param     
             i_d_0.8    
    0.        161.1188p 
   50.00000m  822.2373p 
  100.00000m    4.0476n 
  150.00000m   18.5636n 
  200.00000m   76.6069n 
  250.00000m  279.3510n 
  300.00000m  881.9503n 
  350.00000m    2.3077u 
  400.00000m    4.9228u 
  450.00000m    8.8241u 
  500.00000m   13.9084u 
  550.00000m   20.0232u 
  600.00000m   27.0344u 
  650.00000m   34.8321u 
  700.00000m   43.3231u 
  750.00000m   52.4232u 
  800.00000m   62.0537u 
  850.00000m   72.1392u 
  900.00000m   82.6069u 
  950.00000m   93.3847u 
    1.00000   104.4000u 
y
 vth0_value= 234.6962m
 u0_param=  51.1123m
 ags_param= 419.9415m
 
   *** monte carlo  index = 797 ***
x

 volt         param     
             i_d_0.8    
    0.        122.7642p 
   50.00000m  628.1021p 
  100.00000m    3.1152n 
  150.00000m   14.4761n 
  200.00000m   60.8018n 
  250.00000m  226.0704n 
  300.00000m  731.4041n 
  350.00000m    1.9738u 
  400.00000m    4.3381u 
  450.00000m    7.9605u 
  500.00000m   12.7593u 
  550.00000m   18.5866u 
  600.00000m   25.3074u 
  650.00000m   32.8117u 
  700.00000m   41.0065u 
  750.00000m   49.8086u 
  800.00000m   59.1405u 
  850.00000m   68.9282u 
  900.00000m   79.1001u 
  950.00000m   89.5859u 
    1.00000   100.3145u 
y
 vth0_value= 242.2508m
 u0_param=  50.1024m
 ags_param= 418.8198m
 
   *** monte carlo  index = 798 ***
x

 volt         param     
             i_d_0.8    
    0.        116.4151p 
   50.00000m  595.9891p 
  100.00000m    2.9613n 
  150.00000m   13.8049n 
  200.00000m   58.2384n 
  250.00000m  217.5874n 
  300.00000m  708.1305n 
  350.00000m    1.9255u 
  400.00000m    4.2639u 
  450.00000m    7.8709u 
  500.00000m   12.6689u 
  550.00000m   18.5088u 
  600.00000m   25.2530u 
  650.00000m   32.7895u 
  700.00000m   41.0239u 
  750.00000m   49.8719u 
  800.00000m   59.2553u 
  850.00000m   69.0994u 
  900.00000m   79.3322u 
  950.00000m   89.8827u 
    1.00000   100.6796u 
y
 vth0_value= 244.1770m
 u0_param=  50.6122m
 ags_param= 419.7867m
 
   *** monte carlo  index = 799 ***
x

 volt         param     
             i_d_0.8    
    0.         92.4951p 
   50.00000m  474.1001p 
  100.00000m    2.3683n 
  150.00000m   11.1500n 
  200.00000m   47.6980n 
  250.00000m  181.0083n 
  300.00000m  600.3603n 
  350.00000m    1.6732u 
  400.00000m    3.7992u 
  450.00000m    7.1565u 
  500.00000m   11.6888u 
  550.00000m   17.2537u 
  600.00000m   23.7149u 
  650.00000m   30.9606u 
  700.00000m   38.8976u 
  750.00000m   47.4431u 
  800.00000m   56.5203u 
  850.00000m   66.0561u 
  900.00000m   75.9801u 
  950.00000m   86.2230u 
    1.00000    96.7153u 
y
 vth0_value= 250.3284m
 u0_param=  49.3925m
 ags_param= 421.7691m
 
   *** monte carlo  index = 800 ***
x

 volt         param     
             i_d_0.8    
    0.         66.0659p 
   50.00000m  338.9073p 
  100.00000m    1.7058n 
  150.00000m    8.1487n 
  200.00000m   35.6130n 
  250.00000m  138.4943n 
  300.00000m  472.7110n 
  350.00000m    1.3683u 
  400.00000m    3.2343u 
  450.00000m    6.2991u 
  500.00000m   10.5414u 
  550.00000m   15.8269u 
  600.00000m   22.0171u 
  650.00000m   28.9974u 
  700.00000m   36.6731u 
  750.00000m   44.9610u 
  800.00000m   53.7848u 
  850.00000m   63.0722u 
  900.00000m   72.7533u 
  950.00000m   82.7601u 
    1.00000    93.0245u 
y
 vth0_value= 260.1546m
 u0_param=  48.8843m
 ags_param= 409.1416m
 
   *** monte carlo  index = 801 ***
x

 volt         param     
             i_d_0.8    
    0.         81.1496p 
   50.00000m  416.1880p 
  100.00000m    2.0857n 
  150.00000m    9.8788n 
  200.00000m   42.6305n 
  250.00000m  163.3819n 
  300.00000m  548.2653n 
  350.00000m    1.5516u 
  400.00000m    3.5802u 
  450.00000m    6.8332u 
  500.00000m   11.2674u 
  550.00000m   16.7426u 
  600.00000m   23.1206u 
  650.00000m   30.2882u 
  700.00000m   38.1510u 
  750.00000m   46.6258u 
  800.00000m   55.6357u 
  850.00000m   65.1075u 
  900.00000m   74.9710u 
  950.00000m   85.1570u 
    1.00000    95.5964u 
y
 vth0_value= 254.2819m
 u0_param=  49.4011m
 ags_param= 416.2786m
 
   *** monte carlo  index = 802 ***
x

 volt         param     
             i_d_0.8    
    0.        101.3321p 
   50.00000m  519.1773p 
  100.00000m    2.5880n 
  150.00000m   12.1369n 
  200.00000m   51.6305n 
  250.00000m  194.7068n 
  300.00000m  640.9323n 
  350.00000m    1.7687u 
  400.00000m    3.9756u 
  450.00000m    7.4274u 
  500.00000m   12.0592u 
  550.00000m   17.7261u 
  600.00000m   24.2915u 
  650.00000m   31.6438u 
  700.00000m   39.6894u 
  750.00000m   48.3451u 
  800.00000m   57.5336u 
  850.00000m   67.1813u 
  900.00000m   77.2173u 
  950.00000m   87.5716u 
    1.00000    98.1740u 
y
 vth0_value= 247.8425m
 u0_param=  49.8030m
 ags_param= 426.3974m
 
   *** monte carlo  index = 803 ***
x

 volt         param     
             i_d_0.8    
    0.        160.0027p 
   50.00000m  816.7210p 
  100.00000m    4.0224n 
  150.00000m   18.4627n 
  200.00000m   76.2701n 
  250.00000m  278.4344n 
  300.00000m  880.2913n 
  350.00000m    2.3074u 
  400.00000m    4.9302u 
  450.00000m    8.8485u 
  500.00000m   13.9589u 
  550.00000m   20.1078u 
  600.00000m   27.1594u 
  650.00000m   35.0031u 
  700.00000m   43.5448u 
  750.00000m   52.6995u 
  800.00000m   62.3881u 
  850.00000m   72.5346u 
  900.00000m   83.0659u 
  950.00000m   93.9094u 
    1.00000   104.9921u 
y
 vth0_value= 235.1467m
 u0_param=  51.4965m
 ags_param= 426.9026m
 
   *** monte carlo  index = 804 ***
x

 volt         param     
             i_d_0.8    
    0.         34.0048p 
   50.00000m  173.6784p 
  100.00000m  884.6817p 
  150.00000m    4.3361n 
  200.00000m   19.7418n 
  250.00000m   80.6959n 
  300.00000m  291.1810n 
  350.00000m  906.8223n 
  400.00000m    2.3327u 
  450.00000m    4.8959u 
  500.00000m    8.6644u 
  550.00000m   13.5299u 
  600.00000m   19.3472u 
  650.00000m   25.9909u 
  700.00000m   33.3588u 
  750.00000m   41.3638u 
  800.00000m   49.9276u 
  850.00000m   58.9766u 
  900.00000m   68.4408u 
  950.00000m   78.2523u 
    1.00000    88.3439u 
y
 vth0_value= 280.6838m
 u0_param=  49.4511m
 ags_param= 408.7672m
 
   *** monte carlo  index = 805 ***
x

 volt         param     
             i_d_0.8    
    0.        107.4582p 
   50.00000m  550.4038p 
  100.00000m    2.7400n 
  150.00000m   12.8182n 
  200.00000m   54.3404n 
  250.00000m  204.1312n 
  300.00000m  668.7799n 
  350.00000m    1.8342u 
  400.00000m    4.0971u 
  450.00000m    7.6157u 
  500.00000m   12.3196u 
  550.00000m   18.0618u 
  600.00000m   24.7053u 
  650.00000m   32.1381u 
  700.00000m   40.2661u 
  750.00000m   49.0058u 
  800.00000m   58.2791u 
  850.00000m   68.0123u 
  900.00000m   78.1336u 
  950.00000m   88.5728u 
    1.00000    99.2593u 
y
 vth0_value= 246.3147m
 u0_param=  50.1795m
 ags_param= 413.0755m
 
   *** monte carlo  index = 806 ***
x

 volt         param     
             i_d_0.8    
    0.         97.4101p 
   50.00000m  499.2137p 
  100.00000m    2.4911n 
  150.00000m   11.7050n 
  200.00000m   49.9299n 
  250.00000m  188.8696n 
  300.00000m  624.0040n 
  350.00000m    1.7303u 
  400.00000m    3.9082u 
  450.00000m    7.3303u 
  500.00000m   11.9353u 
  550.00000m   17.5785u 
  600.00000m   24.1228u 
  650.00000m   31.4558u 
  700.00000m   39.4835u 
  750.00000m   48.1226u 
  800.00000m   57.2956u 
  850.00000m   66.9289u 
  900.00000m   76.9515u 
  950.00000m   87.2935u 
    1.00000    97.8849u 
y
 vth0_value= 249.0617m
 u0_param=  49.8478m
 ags_param= 418.5685m
 
   *** monte carlo  index = 807 ***
x

 volt         param     
             i_d_0.8    
    0.         29.0348p 
   50.00000m  147.8107p 
  100.00000m  753.5135p 
  150.00000m    3.7036n 
  200.00000m   16.9446n 
  250.00000m   69.7094n 
  300.00000m  253.3792n 
  350.00000m  796.6733n 
  400.00000m    2.0736u 
  450.00000m    4.4007u 
  500.00000m    7.8563u 
  550.00000m   12.3468u 
  600.00000m   17.7383u 
  650.00000m   23.9135u 
  700.00000m   30.7769u 
  750.00000m   38.2469u 
  800.00000m   46.2501u 
  850.00000m   54.7176u 
  900.00000m   63.5834u 
  950.00000m   72.7835u 
    1.00000    82.2542u 
y
 vth0_value= 283.3303m
 u0_param=  46.1809m
 ags_param= 417.1922m
 
   *** monte carlo  index = 808 ***
x

 volt         param     
             i_d_0.8    
    0.        138.2799p 
   50.00000m  706.9462p 
  100.00000m    3.4968n 
  150.00000m   16.1711n 
  200.00000m   67.4750n 
  250.00000m  249.0483n 
  300.00000m  798.3674n 
  350.00000m    2.1294u 
  400.00000m    4.6265u 
  450.00000m    8.4124u 
  500.00000m   13.3946u 
  550.00000m   19.4205u 
  600.00000m   26.3530u 
  650.00000m   34.0799u 
  700.00000m   42.5068u 
  750.00000m   51.5487u 
  800.00000m   61.1264u 
  850.00000m   71.1644u 
  900.00000m   81.5898u 
  950.00000m   92.3307u 
    1.00000   103.3146u 
y
 vth0_value= 239.4202m
 u0_param=  51.2961m
 ags_param= 415.3725m
 
   *** monte carlo  index = 809 ***
x

 volt         param     
             i_d_0.8    
    0.         56.8769p 
   50.00000m  291.7571p 
  100.00000m    1.4735n 
  150.00000m    7.0866n 
  200.00000m   31.2934n 
  250.00000m  123.1811n 
  300.00000m  426.2700n 
  350.00000m    1.2566u 
  400.00000m    3.0310u 
  450.00000m    6.0058u 
  500.00000m   10.1784u 
  550.00000m   15.4175u 
  600.00000m   21.5807u 
  650.00000m   28.5495u 
  700.00000m   36.2265u 
  750.00000m   44.5270u 
  800.00000m   53.3733u 
  850.00000m   62.6921u 
  900.00000m   72.4131u 
  950.00000m   82.4677u 
    1.00000    92.7873u 
y
 vth0_value= 265.1021m
 u0_param=  49.5261m
 ags_param= 420.9143m
 
   *** monte carlo  index = 810 ***
x

 volt         param     
             i_d_0.8    
    0.        144.3008p 
   50.00000m  736.8981p 
  100.00000m    3.6356n 
  150.00000m   16.7396n 
  200.00000m   69.4421n 
  250.00000m  254.7126n 
  300.00000m  810.2441n 
  350.00000m    2.1402u 
  400.00000m    4.6069u 
  450.00000m    8.3169u 
  500.00000m   13.1770u 
  550.00000m   19.0414u 
  600.00000m   25.7798u 
  650.00000m   33.2861u 
  700.00000m   41.4698u 
  750.00000m   50.2493u 
  800.00000m   59.5485u 
  850.00000m   69.2944u 
  900.00000m   79.4159u 
  950.00000m   89.8433u 
    1.00000   100.5055u 
y
 vth0_value= 236.8925m
 u0_param=  49.3535m
 ags_param= 423.5436m
 
   *** monte carlo  index = 811 ***
x

 volt         param     
             i_d_0.8    
    0.        199.2010p 
   50.00000m    1.0133n 
  100.00000m    4.9504n 
  150.00000m   22.4151n 
  200.00000m   90.9881n 
  250.00000m  325.8695n 
  300.00000m    1.0053u 
  350.00000m    2.5572u 
  400.00000m    5.3133u 
  450.00000m    9.3344u 
  500.00000m   14.5057u 
  550.00000m   20.6782u 
  600.00000m   27.7236u 
  650.00000m   35.5369u 
  700.00000m   44.0275u 
  750.00000m   53.1134u 
  800.00000m   62.7172u 
  850.00000m   72.7646u 
  900.00000m   83.1834u 
  950.00000m   93.9021u 
    1.00000   104.8479u 
y
 vth0_value= 227.7401m
 u0_param=  50.2395m
 ags_param= 421.1172m
 
   *** monte carlo  index = 812 ***
x

 volt         param     
             i_d_0.8    
    0.         45.7991p 
   50.00000m  234.6066p 
  100.00000m    1.1888n 
  150.00000m    5.7589n 
  200.00000m   25.7225n 
  250.00000m  102.6584n 
  300.00000m  360.8231n 
  350.00000m    1.0858u 
  400.00000m    2.6817u 
  450.00000m    5.4246u 
  500.00000m    9.3367u 
  550.00000m   14.2979u 
  600.00000m   20.1695u 
  650.00000m   26.8341u 
  700.00000m   34.1960u 
  750.00000m   42.1720u 
  800.00000m   50.6865u 
  850.00000m   59.6681u 
  900.00000m   69.0483u 
  950.00000m   78.7603u 
    1.00000    88.7376u 
y
 vth0_value= 270.7161m
 u0_param=  48.0754m
 ags_param= 408.9263m
 
   *** monte carlo  index = 813 ***
x

 volt         param     
             i_d_0.8    
    0.         29.8860p 
   50.00000m  152.2869p 
  100.00000m  776.7204p 
  150.00000m    3.8203n 
  200.00000m   17.4976n 
  250.00000m   72.0817n 
  300.00000m  262.3475n 
  350.00000m  826.1578n 
  400.00000m    2.1545u 
  450.00000m    4.5802u 
  500.00000m    8.1865u 
  550.00000m   12.8748u 
  600.00000m   18.5033u 
  650.00000m   24.9483u 
  700.00000m   32.1088u 
  750.00000m   39.8991u 
  800.00000m   48.2422u 
  850.00000m   57.0661u 
  900.00000m   66.3020u 
  950.00000m   75.8833u 
    1.00000    85.7441u 
y
 vth0_value= 283.9453m
 u0_param=  48.3978m
 ags_param= 411.9120m
 
   *** monte carlo  index = 814 ***
x

 volt         param     
             i_d_0.8    
    0.        120.3499p 
   50.00000m  615.6496p 
  100.00000m    3.0532n 
  150.00000m   14.1861n 
  200.00000m   59.5765n 
  250.00000m  221.4983n 
  300.00000m  716.5958n 
  350.00000m    1.9338u 
  400.00000m    4.2503u 
  450.00000m    7.7998u 
  500.00000m   12.5031u 
  550.00000m   18.2161u 
  600.00000m   24.8068u 
  650.00000m   32.1679u 
  700.00000m   40.2083u 
  750.00000m   48.8465u 
  800.00000m   58.0066u 
  850.00000m   67.6159u 
  900.00000m   77.6041u 
  950.00000m   87.9018u 
    1.00000    98.4390u 
y
 vth0_value= 242.1790m
 u0_param=  49.0690m
 ags_param= 415.8193m
 
   *** monte carlo  index = 815 ***
x

 volt         param     
             i_d_0.8    
    0.         84.3007p 
   50.00000m  432.4134p 
  100.00000m    2.1662n 
  150.00000m   10.2530n 
  200.00000m   44.1976n 
  250.00000m  169.1701n 
  300.00000m  566.7891n 
  350.00000m    1.6007u 
  400.00000m    3.6851u 
  450.00000m    7.0200u 
  500.00000m   11.5587u 
  550.00000m   17.1571u 
  600.00000m   23.6738u 
  650.00000m   30.9932u 
  700.00000m   39.0190u 
  750.00000m   47.6661u 
  800.00000m   56.8562u 
  850.00000m   66.5149u 
  900.00000m   76.5704u 
  950.00000m   86.9526u 
    1.00000    97.5913u 
y
 vth0_value= 253.8008m
 u0_param=  50.4413m
 ags_param= 424.2546m
 
   *** monte carlo  index = 816 ***
x

 volt         param     
             i_d_0.8    
    0.         54.1369p 
   50.00000m  277.6335p 
  100.00000m    1.4032n 
  150.00000m    6.7599n 
  200.00000m   29.9281n 
  250.00000m  118.1713n 
  300.00000m  410.3736n 
  350.00000m    1.2154u 
  400.00000m    2.9471u 
  450.00000m    5.8665u 
  500.00000m    9.9765u 
  550.00000m   15.1484u 
  600.00000m   21.2407u 
  650.00000m   28.1355u 
  700.00000m   35.7359u 
  750.00000m   43.9574u 
  800.00000m   52.7230u 
  850.00000m   61.9600u 
  900.00000m   71.5984u 
  950.00000m   81.5701u 
    1.00000    91.8070u 
y
 vth0_value= 266.3530m
 u0_param=  49.1503m
 ags_param= 426.3558m
 
   *** monte carlo  index = 817 ***
x

 volt         param     
             i_d_0.8    
    0.        101.2832p 
   50.00000m  518.8071p 
  100.00000m    2.5850n 
  150.00000m   12.1136n 
  200.00000m   51.4769n 
  250.00000m  193.9067n 
  300.00000m  637.4540n 
  350.00000m    1.7561u 
  400.00000m    3.9404u 
  450.00000m    7.3517u 
  500.00000m   11.9252u 
  550.00000m   17.5184u 
  600.00000m   23.9973u 
  650.00000m   31.2525u 
  700.00000m   39.1919u 
  750.00000m   47.7335u 
  800.00000m   56.8013u 
  850.00000m   66.3227u 
  900.00000m   76.2275u 
  950.00000m   86.4467u 
    1.00000    96.9108u 
y
 vth0_value= 247.3618m
 u0_param=  49.0414m
 ags_param= 415.3994m
 
   *** monte carlo  index = 818 ***
x

 volt         param     
             i_d_0.8    
    0.         64.5393p 
   50.00000m  331.1122p 
  100.00000m    1.6678n 
  150.00000m    7.9781n 
  200.00000m   34.9408n 
  250.00000m  136.2100n 
  300.00000m  466.1937n 
  350.00000m    1.3543u 
  400.00000m    3.2141u 
  450.00000m    6.2809u 
  500.00000m   10.5364u 
  550.00000m   15.8461u 
  600.00000m   22.0695u 
  650.00000m   29.0905u 
  700.00000m   36.8132u 
  750.00000m   45.1535u 
  800.00000m   54.0345u 
  850.00000m   63.3831u 
  900.00000m   73.1291u 
  950.00000m   83.2039u 
    1.00000    93.5390u 
y
 vth0_value= 261.1504m
 u0_param=  49.3272m
 ags_param= 417.6145m
 
   *** monte carlo  index = 819 ***
x

 volt         param     
             i_d_0.8    
    0.         55.5971p 
   50.00000m  285.2049p 
  100.00000m    1.4414n 
  150.00000m    6.9414n 
  200.00000m   30.7152n 
  250.00000m  121.1992n 
  300.00000m  420.5456n 
  350.00000m    1.2441u 
  400.00000m    3.0130u 
  450.00000m    5.9907u 
  500.00000m   10.1784u 
  550.00000m   15.4441u 
  600.00000m   21.6435u 
  650.00000m   28.6564u 
  700.00000m   36.3839u 
  750.00000m   44.7403u 
  800.00000m   53.6471u 
  850.00000m   63.0305u 
  900.00000m   72.8194u 
  950.00000m   82.9448u 
    1.00000    93.3378u 
y
 vth0_value= 266.1077m
 u0_param=  50.0185m
 ags_param= 415.7207m
 
   *** monte carlo  index = 820 ***
x

 volt         param     
             i_d_0.8    
    0.         89.9673p 
   50.00000m  461.2822p 
  100.00000m    2.3066n 
  150.00000m   10.8794n 
  200.00000m   46.6625n 
  250.00000m  177.5969n 
  300.00000m  591.0734n 
  350.00000m    1.6547u 
  400.00000m    3.7748u 
  450.00000m    7.1372u 
  500.00000m   11.6886u 
  550.00000m   17.2850u 
  600.00000m   23.7878u 
  650.00000m   31.0836u 
  700.00000m   39.0775u 
  750.00000m   47.6858u 
  800.00000m   56.8308u 
  850.00000m   66.4388u 
  900.00000m   76.4386u 
  950.00000m   86.7606u 
    1.00000    97.3347u 
y
 vth0_value= 251.5165m
 u0_param=  49.9375m
 ags_param= 415.9945m
 
   *** monte carlo  index = 821 ***
x

 volt         param     
             i_d_0.8    
    0.         69.7535p 
   50.00000m  357.9157p 
  100.00000m    1.8004n 
  150.00000m    8.5892n 
  200.00000m   37.4637n 
  250.00000m  145.3466n 
  300.00000m  494.7095n 
  350.00000m    1.4266u 
  400.00000m    3.3584u 
  450.00000m    6.5179u 
  500.00000m   10.8787u 
  550.00000m   16.3022u 
  600.00000m   22.6465u 
  650.00000m   29.7946u 
  700.00000m   37.6497u 
  750.00000m   46.1269u 
  800.00000m   55.1482u 
  850.00000m   64.6398u 
  900.00000m   74.5307u 
  950.00000m   84.7515u 
    1.00000    95.2327u 
y
 vth0_value= 259.2296m
 u0_param=  49.9886m
 ags_param= 418.4157m
 
   *** monte carlo  index = 822 ***
x

 volt         param     
             i_d_0.8    
    0.         75.1606p 
   50.00000m  385.6331p 
  100.00000m    1.9368n 
  150.00000m    9.2113n 
  200.00000m   39.9915n 
  250.00000m  154.3264n 
  300.00000m  522.0294n 
  350.00000m    1.4930u 
  400.00000m    3.4838u 
  450.00000m    6.7112u 
  500.00000m   11.1406u 
  550.00000m   16.6310u 
  600.00000m   23.0410u 
  650.00000m   30.2540u 
  700.00000m   38.1735u 
  750.00000m   46.7146u 
  800.00000m   55.7992u 
  850.00000m   65.3533u 
  900.00000m   75.3056u 
  950.00000m   85.5865u 
    1.00000    96.1261u 
y
 vth0_value= 257.0766m
 u0_param=  50.1471m
 ags_param= 420.2762m
 
   *** monte carlo  index = 823 ***
x

 volt         param     
             i_d_0.8    
    0.         77.9650p 
   50.00000m  399.9050p 
  100.00000m    2.0059n 
  150.00000m    9.5182n 
  200.00000m   41.1826n 
  250.00000m  158.3062n 
  300.00000m  533.1007n 
  350.00000m    1.5157u 
  400.00000m    3.5145u 
  450.00000m    6.7352u 
  500.00000m   11.1387u 
  550.00000m   16.5854u 
  600.00000m   22.9368u 
  650.00000m   30.0792u 
  700.00000m   37.9178u 
  750.00000m   46.3694u 
  800.00000m   55.3568u 
  850.00000m   64.8072u 
  900.00000m   74.6500u 
  950.00000m   84.8164u 
    1.00000    95.2372u 
y
 vth0_value= 255.4869m
 u0_param=  49.3961m
 ags_param= 412.1199m
 
   *** monte carlo  index = 824 ***
x

 volt         param     
             i_d_0.8    
    0.        118.9471p 
   50.00000m  608.6788p 
  100.00000m    3.0210n 
  150.00000m   14.0556n 
  200.00000m   59.1378n 
  250.00000m  220.3067n 
  300.00000m  714.4670n 
  350.00000m    1.9340u 
  400.00000m    4.2637u 
  450.00000m    7.8431u 
  500.00000m   12.5934u 
  550.00000m   18.3680u 
  600.00000m   25.0327u 
  650.00000m   32.4779u 
  700.00000m   40.6110u 
  750.00000m   49.3495u 
  800.00000m   58.6161u 
  850.00000m   68.3373u 
  900.00000m   78.4421u 
  950.00000m   88.8602u 
    1.00000    99.5211u 
y
 vth0_value= 242.9955m
 u0_param=  49.7801m
 ags_param= 422.7689m
 
   *** monte carlo  index = 825 ***
x

 volt         param     
             i_d_0.8    
    0.        108.2796p 
   50.00000m  554.5062p 
  100.00000m    2.7592n 
  150.00000m   12.8973n 
  200.00000m   54.6137n 
  250.00000m  204.9063n 
  300.00000m  670.3407n 
  350.00000m    1.8351u 
  400.00000m    4.0912u 
  450.00000m    7.5936u 
  500.00000m   12.2712u 
  550.00000m   17.9785u 
  600.00000m   24.5801u 
  650.00000m   31.9653u 
  700.00000m   40.0410u 
  750.00000m   48.7243u 
  800.00000m   57.9381u 
  850.00000m   67.6089u 
  900.00000m   77.6656u 
  950.00000m   88.0384u 
    1.00000    98.6569u 
y
 vth0_value= 245.8097m
 u0_param=  49.7512m
 ags_param= 422.9471m
 
   *** monte carlo  index = 826 ***
x

 volt         param     
             i_d_0.8    
    0.         64.8247p 
   50.00000m  332.5406p 
  100.00000m    1.6745n 
  150.00000m    8.0054n 
  200.00000m   35.0302n 
  250.00000m  136.4239n 
  300.00000m  466.4124n 
  350.00000m    1.3530u 
  400.00000m    3.2059u 
  450.00000m    6.2564u 
  500.00000m   10.4854u 
  550.00000m   15.7592u 
  600.00000m   21.9389u 
  650.00000m   28.9097u 
  700.00000m   36.5766u 
  750.00000m   44.8565u 
  800.00000m   53.6729u 
  850.00000m   62.9534u 
  900.00000m   72.6283u 
  950.00000m   82.6295u 
    1.00000    92.8889u 
y
 vth0_value= 260.7378m
 u0_param=  48.8994m
 ags_param= 409.1326m
 
   *** monte carlo  index = 827 ***
x

 volt         param     
             i_d_0.8    
    0.         44.4609p 
   50.00000m  227.6609p 
  100.00000m    1.1538n 
  150.00000m    5.5917n 
  200.00000m   24.9936n 
  250.00000m   99.8413n 
  300.00000m  351.3031n 
  350.00000m    1.0587u 
  400.00000m    2.6192u 
  450.00000m    5.3066u 
  500.00000m    9.1446u 
  550.00000m   14.0165u 
  600.00000m   19.7861u 
  650.00000m   26.3383u 
  700.00000m   33.5788u 
  750.00000m   41.4260u 
  800.00000m   49.8053u 
  850.00000m   58.6466u 
  900.00000m   67.8824u 
  950.00000m   77.4467u 
    1.00000    87.2741u 
y
 vth0_value= 271.0739m
 u0_param=  47.2682m
 ags_param= 413.9989m
 
   *** monte carlo  index = 828 ***
x

 volt         param     
             i_d_0.8    
    0.        138.5954p 
   50.00000m  708.2399p 
  100.00000m    3.5001n 
  150.00000m   16.1621n 
  200.00000m   67.3041n 
  250.00000m  247.8996n 
  300.00000m  792.6767n 
  350.00000m    2.1075u 
  400.00000m    4.5650u 
  450.00000m    8.2814u 
  500.00000m   13.1656u 
  550.00000m   19.0694u 
  600.00000m   25.8598u 
  650.00000m   33.4284u 
  700.00000m   41.6831u 
  750.00000m   50.5412u 
  800.00000m   59.9254u 
  850.00000m   69.7617u 
  900.00000m   79.9786u 
  950.00000m   90.5055u 
    1.00000   101.2711u 
y
 vth0_value= 238.5473m
 u0_param=  50.0296m
 ags_param= 422.5102m
 
   *** monte carlo  index = 829 ***
x

 volt         param     
             i_d_0.8    
    0.         84.1708p 
   50.00000m  431.7678p 
  100.00000m    2.1633n 
  150.00000m   10.2411n 
  200.00000m   44.1601n 
  250.00000m  169.0854n 
  300.00000m  566.7306n 
  350.00000m    1.6014u 
  400.00000m    3.6886u 
  450.00000m    7.0300u 
  500.00000m   11.5788u 
  550.00000m   17.1906u 
  600.00000m   23.7235u 
  650.00000m   31.0615u 
  700.00000m   39.1077u 
  750.00000m   47.7771u 
  800.00000m   56.9910u 
  850.00000m   66.6747u 
  900.00000m   76.7564u 
  950.00000m   87.1658u 
    1.00000    97.8323u 
y
 vth0_value= 253.9446m
 u0_param=  50.5946m
 ags_param= 429.3388m
 
   *** monte carlo  index = 830 ***
x

 volt         param     
             i_d_0.8    
    0.        273.2878p 
   50.00000m    1.3825n 
  100.00000m    6.6721n 
  150.00000m   29.6241n 
  200.00000m  117.3843n 
  250.00000m  409.3461n 
  300.00000m    1.2194u 
  350.00000m    2.9771u 
  400.00000m    5.9636u 
  450.00000m   10.1931u 
  500.00000m   15.5379u 
  550.00000m   21.8537u 
  600.00000m   29.0189u 
  650.00000m   36.9333u 
  700.00000m   45.5093u 
  750.00000m   54.6665u 
  800.00000m   64.3286u 
  850.00000m   74.4221u 
  900.00000m   84.8753u 
  950.00000m   95.6163u 
    1.00000   106.5716u 
y
 vth0_value= 217.7419m
 u0_param=  49.5537m
 ags_param= 442.4647m
 
   *** monte carlo  index = 831 ***
x

 volt         param     
             i_d_0.8    
    0.         86.0456p 
   50.00000m  441.2350p 
  100.00000m    2.2084n 
  150.00000m   10.4355n 
  200.00000m   44.8772n 
  250.00000m  171.3144n 
  300.00000m  572.2052n 
  350.00000m    1.6095u 
  400.00000m    3.6896u 
  450.00000m    7.0045u 
  500.00000m   11.5049u 
  550.00000m   17.0489u 
  600.00000m   23.4979u 
  650.00000m   30.7386u 
  700.00000m   38.6764u 
  750.00000m   47.2279u 
  800.00000m   56.3157u 
  850.00000m   65.8663u 
  900.00000m   75.8090u 
  950.00000m   86.0743u 
    1.00000    96.5925u 
y
 vth0_value= 252.7069m
 u0_param=  49.6985m
 ags_param= 425.2658m
 
   *** monte carlo  index = 832 ***
x

 volt         param     
             i_d_0.8    
    0.        147.4710p 
   50.00000m  752.8412p 
  100.00000m    3.7112n 
  150.00000m   17.0634n 
  200.00000m   70.6531n 
  250.00000m  258.6269n 
  300.00000m  820.5906n 
  350.00000m    2.1606u 
  400.00000m    4.6365u 
  450.00000m    8.3507u 
  500.00000m   13.2085u 
  550.00000m   19.0649u 
  600.00000m   25.7907u 
  650.00000m   33.2807u 
  700.00000m   41.4448u 
  750.00000m   50.2021u 
  800.00000m   59.4767u 
  850.00000m   69.1958u 
  900.00000m   79.2888u 
  950.00000m   89.6859u 
    1.00000   100.3162u 
y
 vth0_value= 236.0885m
 u0_param=  49.1264m
 ags_param= 423.7156m
 
   *** monte carlo  index = 833 ***
x

 volt         param     
             i_d_0.8    
    0.        109.3920p 
   50.00000m  560.1818p 
  100.00000m    2.7869n 
  150.00000m   13.0219n 
  200.00000m   55.1128n 
  250.00000m  206.6573n 
  300.00000m  675.5767n 
  350.00000m    1.8476u 
  400.00000m    4.1153u 
  450.00000m    7.6323u 
  500.00000m   12.3266u 
  550.00000m   18.0521u 
  600.00000m   24.6731u 
  650.00000m   32.0785u 
  700.00000m   40.1751u 
  750.00000m   48.8798u 
  800.00000m   58.1152u 
  850.00000m   67.8078u 
  900.00000m   77.8862u 
  950.00000m   88.2805u 
    1.00000    98.9203u 
y
 vth0_value= 245.5836m
 u0_param=  49.8785m
 ags_param= 410.2435m
 
   *** monte carlo  index = 834 ***
x

 volt         param     
             i_d_0.8    
    0.         39.7386p 
   50.00000m  203.3370p 
  100.00000m    1.0331n 
  150.00000m    5.0337n 
  200.00000m   22.6946n 
  250.00000m   91.6238n 
  300.00000m  326.1558n 
  350.00000m  998.0177n 
  400.00000m    2.5135u 
  450.00000m    5.1740u 
  500.00000m    9.0227u 
  550.00000m   13.9444u 
  600.00000m   19.7968u 
  650.00000m   26.4587u 
  700.00000m   33.8312u 
  750.00000m   41.8292u 
  800.00000m   50.3757u 
  850.00000m   59.3982u 
  900.00000m   68.8276u 
  950.00000m   78.5963u 
    1.00000    88.6376u 
y
 vth0_value= 275.4974m
 u0_param=  48.7810m
 ags_param= 408.3946m
 
   *** monte carlo  index = 835 ***
x

 volt         param     
             i_d_0.8    
    0.         26.2740p 
   50.00000m  133.4992p 
  100.00000m  681.6067p 
  150.00000m    3.3632n 
  200.00000m   15.4899n 
  250.00000m   64.2836n 
  300.00000m  235.8868n 
  350.00000m  750.6379n 
  400.00000m    1.9832u 
  450.00000m    4.2690u 
  500.00000m    7.7049u 
  550.00000m   12.2022u 
  600.00000m   17.6240u 
  650.00000m   23.8484u 
  700.00000m   30.7764u 
  750.00000m   38.3241u 
  800.00000m   46.4161u 
  850.00000m   54.9821u 
  900.00000m   63.9551u 
  950.00000m   73.2699u 
    1.00000    82.8623u 
y
 vth0_value= 287.0618m
 u0_param=  47.1452m
 ags_param= 405.2728m
 
   *** monte carlo  index = 836 ***
x

 volt         param     
             i_d_0.8    
    0.        113.2159p 
   50.00000m  579.5422p 
  100.00000m    2.8798n 
  150.00000m   13.4284n 
  200.00000m   56.6705n 
  250.00000m  211.8272n 
  300.00000m  689.8252n 
  350.00000m    1.8773u 
  400.00000m    4.1607u 
  450.00000m    7.6862u 
  500.00000m   12.3791u 
  550.00000m   18.0942u 
  600.00000m   24.6974u 
  650.00000m   32.0790u 
  700.00000m   40.1469u 
  750.00000m   48.8187u 
  800.00000m   58.0175u 
  850.00000m   67.6702u 
  900.00000m   77.7060u 
  950.00000m   88.0552u 
    1.00000    98.6475u 
y
 vth0_value= 244.3164m
 u0_param=  49.5208m
 ags_param= 414.4731m
 
   *** monte carlo  index = 837 ***
x

 volt         param     
             i_d_0.8    
    0.        145.3956p 
   50.00000m  742.6193p 
  100.00000m    3.6648n 
  150.00000m   16.8813n 
  200.00000m   70.0685n 
  250.00000m  257.1527n 
  300.00000m  818.5441n 
  350.00000m    2.1639u 
  400.00000m    4.6614u 
  450.00000m    8.4201u 
  500.00000m   13.3453u 
  550.00000m   19.2884u 
  600.00000m   26.1172u 
  650.00000m   33.7234u 
  700.00000m   42.0153u 
  750.00000m   50.9101u 
  800.00000m   60.3305u 
  850.00000m   70.2025u 
  900.00000m   80.4544u 
  950.00000m   91.0154u 
    1.00000   101.8140u 
y
 vth0_value= 237.1407m
 u0_param=  50.0881m
 ags_param= 431.4402m
 
   *** monte carlo  index = 838 ***
x

 volt         param     
             i_d_0.8    
    0.         97.5966p 
   50.00000m  500.0706p 
  100.00000m    2.4944n 
  150.00000m   11.7119n 
  200.00000m   49.9091n 
  250.00000m  188.5852n 
  300.00000m  622.2762n 
  350.00000m    1.7226u 
  400.00000m    3.8845u 
  450.00000m    7.2762u 
  500.00000m   11.8363u 
  550.00000m   17.4223u 
  600.00000m   23.8989u 
  650.00000m   31.1556u 
  700.00000m   39.0997u 
  750.00000m   47.6490u 
  800.00000m   56.7268u 
  850.00000m   66.2605u 
  900.00000m   76.1796u 
  950.00000m   86.4151u 
    1.00000    96.8973u 
y
 vth0_value= 248.6052m
 u0_param=  49.2328m
 ags_param= 413.1003m
 
   *** monte carlo  index = 839 ***
x

 volt         param     
             i_d_0.8    
    0.         89.0759p 
   50.00000m  456.7483p 
  100.00000m    2.2846n 
  150.00000m   10.7819n 
  200.00000m   46.2821n 
  250.00000m  176.3105n 
  300.00000m  587.4258n 
  350.00000m    1.6468u 
  400.00000m    3.7623u 
  450.00000m    7.1223u 
  500.00000m   11.6741u 
  550.00000m   17.2738u 
  600.00000m   23.7823u 
  650.00000m   31.0857u 
  700.00000m   39.0889u 
  750.00000m   47.7078u 
  800.00000m   56.8647u 
  850.00000m   66.4856u 
  900.00000m   76.4993u 
  950.00000m   86.8361u 
    1.00000    97.4257u 
y
 vth0_value= 251.8867m
 u0_param=  50.0463m
 ags_param= 417.4509m
 
   *** monte carlo  index = 840 ***
x

 volt         param     
             i_d_0.8    
    0.        106.0943p 
   50.00000m  543.6617p 
  100.00000m    2.7093n 
  150.00000m   12.6974n 
  200.00000m   53.9646n 
  250.00000m  203.2772n 
  300.00000m  668.1472n 
  350.00000m    1.8402u 
  400.00000m    4.1278u 
  450.00000m    7.6984u 
  500.00000m   12.4823u 
  550.00000m   18.3286u 
  600.00000m   25.0962u 
  650.00000m   32.6695u 
  700.00000m   40.9520u 
  750.00000m   49.8579u 
  800.00000m   59.3076u 
  850.00000m   69.2256u 
  900.00000m   79.5389u 
  950.00000m   90.1762u 
    1.00000   101.0656u 
y
 vth0_value= 247.4504m
 u0_param=  51.3669m
 ags_param= 417.0192m
 
   *** monte carlo  index = 841 ***
x

 volt         param     
             i_d_0.8    
    0.        106.6137p 
   50.00000m  545.7732p 
  100.00000m    2.7143n 
  150.00000m   12.6767n 
  200.00000m   53.6177n 
  250.00000m  200.9315n 
  300.00000m  656.4615n 
  350.00000m    1.7940u 
  400.00000m    3.9930u 
  450.00000m    7.4021u 
  500.00000m   11.9523u 
  550.00000m   17.5034u 
  600.00000m   23.9250u 
  650.00000m   31.1104u 
  700.00000m   38.9696u 
  750.00000m   47.4223u 
  800.00000m   56.3937u 
  850.00000m   65.8122u 
  900.00000m   75.6086u 
  950.00000m   85.7146u 
    1.00000    96.0612u 
y
 vth0_value= 245.2784m
 u0_param=  48.2304m
 ags_param= 430.2181m
 
   *** monte carlo  index = 842 ***
x

 volt         param     
             i_d_0.8    
    0.         50.0138p 
   50.00000m  256.3980p 
  100.00000m    1.2978n 
  150.00000m    6.2717n 
  200.00000m   27.9025n 
  250.00000m  110.8230n 
  300.00000m  387.3991n 
  350.00000m    1.1574u 
  400.00000m    2.8345u 
  450.00000m    5.6915u 
  500.00000m    9.7413u 
  550.00000m   14.8580u 
  600.00000m   20.8995u 
  650.00000m   27.7467u 
  700.00000m   35.3019u 
  750.00000m   43.4803u 
  800.00000m   52.2048u 
  850.00000m   61.4024u 
  900.00000m   71.0034u 
  950.00000m   80.9397u 
    1.00000    91.1434u 
y
 vth0_value= 268.7608m
 u0_param=  49.1616m
 ags_param= 418.3308m
 
   *** monte carlo  index = 843 ***
x

 volt         param     
             i_d_0.8    
    0.         45.9307p 
   50.00000m  235.2858p 
  100.00000m    1.1922n 
  150.00000m    5.7747n 
  200.00000m   25.7886n 
  250.00000m  102.9010n 
  300.00000m  361.5932n 
  350.00000m    1.0878u 
  400.00000m    2.6857u 
  450.00000m    5.4310u 
  500.00000m    9.3455u 
  550.00000m   14.3092u 
  600.00000m   20.1832u 
  650.00000m   26.8503u 
  700.00000m   34.2147u 
  750.00000m   42.1933u 
  800.00000m   50.7104u 
  850.00000m   59.6946u 
  900.00000m   69.0775u 
  950.00000m   78.7923u 
    1.00000    88.7725u 
y
 vth0_value= 270.6311m
 u0_param=  48.0785m
 ags_param= 411.9321m
 
   *** monte carlo  index = 844 ***
x

 volt         param     
             i_d_0.8    
    0.         24.7548p 
   50.00000m  125.6012p 
  100.00000m  641.6814p 
  150.00000m    3.1720n 
  200.00000m   14.6552n 
  250.00000m   61.0773n 
  300.00000m  225.1643n 
  350.00000m  720.7152n 
  400.00000m    1.9182u 
  450.00000m    4.1585u 
  500.00000m    7.5471u 
  550.00000m   11.9996u 
  600.00000m   17.3792u 
  650.00000m   23.5632u 
  700.00000m   30.4523u 
  750.00000m   37.9621u 
  800.00000m   46.0172u 
  850.00000m   54.5473u 
  900.00000m   63.4854u 
  950.00000m   72.7665u 
    1.00000    82.3265u 
y
 vth0_value= 288.8742m
 u0_param=  47.1127m
 ags_param= 397.6710m
 
   *** monte carlo  index = 845 ***
x

 volt         param     
             i_d_0.8    
    0.         43.2794p 
   50.00000m  221.6368p 
  100.00000m    1.1245n 
  150.00000m    5.4625n 
  200.00000m   24.5048n 
  250.00000m   98.3199n 
  300.00000m  347.5996n 
  350.00000m    1.0541u 
  400.00000m    2.6267u 
  450.00000m    5.3557u 
  500.00000m    9.2725u 
  550.00000m   14.2582u 
  600.00000m   20.1706u 
  650.00000m   26.8897u 
  700.00000m   34.3173u 
  750.00000m   42.3687u 
  800.00000m   50.9670u 
  850.00000m   60.0396u 
  900.00000m   69.5174u 
  950.00000m   79.3326u 
    1.00000    89.4183u 
y
 vth0_value= 272.9264m
 u0_param=  48.8189m
 ags_param= 417.0406m
 
   *** monte carlo  index = 846 ***
x

 volt         param     
             i_d_0.8    
    0.         93.2585p 
   50.00000m  478.0551p 
  100.00000m    2.3882n 
  150.00000m   11.2443n 
  200.00000m   48.1050n 
  250.00000m  182.5641n 
  300.00000m  605.5441n 
  350.00000m    1.6877u 
  400.00000m    3.8323u 
  450.00000m    7.2189u 
  500.00000m   11.7903u 
  550.00000m   17.4026u 
  600.00000m   23.9180u 
  650.00000m   31.2237u 
  700.00000m   39.2254u 
  750.00000m   47.8395u 
  800.00000m   56.9888u 
  850.00000m   66.5994u 
  900.00000m   76.6005u 
  950.00000m   86.9222u 
    1.00000    97.4946u 
y
 vth0_value= 250.3697m
 u0_param=  49.8393m
 ags_param= 418.6276m
 
   *** monte carlo  index = 847 ***
x

 volt         param     
             i_d_0.8    
    0.         99.7485p 
   50.00000m  511.2117p 
  100.00000m    2.5503n 
  150.00000m   11.9766n 
  200.00000m   51.0482n 
  250.00000m  192.9233n 
  300.00000m  636.6711n 
  350.00000m    1.7627u 
  400.00000m    3.9754u 
  450.00000m    7.4468u 
  500.00000m   12.1133u 
  550.00000m   17.8281u 
  600.00000m   24.4521u 
  650.00000m   31.8719u 
  700.00000m   39.9923u 
  750.00000m   48.7289u 
  800.00000m   58.0037u 
  850.00000m   67.7421u 
  900.00000m   77.8724u 
  950.00000m   88.3241u 
    1.00000    99.0266u 
y
 vth0_value= 248.7199m
 u0_param=  50.4312m
 ags_param= 418.2603m
 
   *** monte carlo  index = 848 ***
x

 volt         param     
             i_d_0.8    
    0.         73.6486p 
   50.00000m  377.7814p 
  100.00000m    1.8971n 
  150.00000m    9.0216n 
  200.00000m   39.1616n 
  250.00000m  151.1041n 
  300.00000m  511.0928n 
  350.00000m    1.4617u 
  400.00000m    3.4104u 
  450.00000m    6.5697u 
  500.00000m   10.9064u 
  550.00000m   16.2832u 
  600.00000m   22.5621u 
  650.00000m   29.6294u 
  700.00000m   37.3909u 
  750.00000m   45.7636u 
  800.00000m   54.6708u 
  850.00000m   64.0400u 
  900.00000m   73.8013u 
  950.00000m   83.8861u 
    1.00000    94.2259u 
y
 vth0_value= 256.9893m
 u0_param=  49.0629m
 ags_param= 411.4430m
 
   *** monte carlo  index = 849 ***
x

 volt         param     
             i_d_0.8    
    0.        153.8232p 
   50.00000m  785.5796p 
  100.00000m    3.8741n 
  150.00000m   17.8222n 
  200.00000m   73.8436n 
  250.00000m  270.4547n 
  300.00000m  858.5866n 
  350.00000m    2.2621u 
  400.00000m    4.8571u 
  450.00000m    8.7502u 
  500.00000m   13.8407u 
  550.00000m   19.9746u 
  600.00000m   27.0151u 
  650.00000m   34.8506u 
  700.00000m   43.3865u 
  750.00000m   52.5377u 
  800.00000m   62.2246u 
  850.00000m   72.3713u 
  900.00000m   82.9043u 
  950.00000m   93.7512u 
    1.00000   104.8389u 
y
 vth0_value= 236.4165m
 u0_param=  51.6283m
 ags_param= 421.9301m
 
   *** monte carlo  index = 850 ***
x

 volt         param     
             i_d_0.8    
    0.         76.2238p 
   50.00000m  391.0522p 
  100.00000m    1.9631n 
  150.00000m    9.3289n 
  200.00000m   40.4522n 
  250.00000m  155.8866n 
  300.00000m  526.4628n 
  350.00000m    1.5026u 
  400.00000m    3.4981u 
  450.00000m    6.7261u 
  500.00000m   11.1505u 
  550.00000m   16.6306u 
  600.00000m   23.0260u 
  650.00000m   30.2210u 
  700.00000m   38.1198u 
  750.00000m   46.6379u 
  800.00000m   55.6977u 
  850.00000m   65.2253u 
  900.00000m   75.1498u 
  950.00000m   85.4016u 
    1.00000    95.9113u 
y
 vth0_value= 256.5054m
 u0_param=  49.9174m
 ags_param= 430.7709m
 
   *** monte carlo  index = 851 ***
x

 volt         param     
             i_d_0.8    
    0.         67.5480p 
   50.00000m  346.5572p 
  100.00000m    1.7440n 
  150.00000m    8.3274n 
  200.00000m   36.3696n 
  250.00000m  141.3229n 
  300.00000m  481.8990n 
  350.00000m    1.3930u 
  400.00000m    3.2882u 
  450.00000m    6.3962u 
  500.00000m   10.6938u 
  550.00000m   16.0447u 
  600.00000m   22.3085u 
  650.00000m   29.3695u 
  700.00000m   37.1316u 
  750.00000m   45.5111u 
  800.00000m   54.4305u 
  850.00000m   63.8170u 
  900.00000m   73.5999u 
  950.00000m   83.7107u 
    1.00000    94.0806u 
y
 vth0_value= 259.8455m
 u0_param=  49.4383m
 ags_param= 410.2810m
 
   *** monte carlo  index = 852 ***
x

 volt         param     
             i_d_0.8    
    0.        100.8420p 
   50.00000m  516.7786p 
  100.00000m    2.5773n 
  150.00000m   12.0971n 
  200.00000m   51.5233n 
  250.00000m  194.5552n 
  300.00000m  641.4050n 
  350.00000m    1.7735u 
  400.00000m    3.9942u 
  450.00000m    7.4738u 
  500.00000m   12.1474u 
  550.00000m   17.8682u 
  600.00000m   24.4971u 
  650.00000m   31.9209u 
  700.00000m   40.0444u 
  750.00000m   48.7834u 
  800.00000m   58.0597u 
  850.00000m   67.7989u 
  900.00000m   77.9291u 
  950.00000m   88.3801u 
    1.00000    99.0811u 
y
 vth0_value= 248.3862m
 u0_param=  50.4232m
 ags_param= 407.0290m
 
   *** monte carlo  index = 853 ***
x

 volt         param     
             i_d_0.8    
    0.        124.4818p 
   50.00000m  636.8044p 
  100.00000m    3.1571n 
  150.00000m   14.6600n 
  200.00000m   61.5130n 
  250.00000m  228.4651n 
  300.00000m  738.1603n 
  350.00000m    1.9886u 
  400.00000m    4.3634u 
  450.00000m    7.9963u 
  500.00000m   12.8047u 
  550.00000m   18.6407u 
  600.00000m   25.3699u 
  650.00000m   32.8822u 
  700.00000m   41.0850u 
  750.00000m   49.8951u 
  800.00000m   59.2351u 
  850.00000m   69.0310u 
  900.00000m   79.2113u 
  950.00000m   89.7054u 
    1.00000   100.4423u 
y
 vth0_value= 241.8179m
 u0_param=  50.0805m
 ags_param= 435.1597m
 
   *** monte carlo  index = 854 ***
x

 volt         param     
             i_d_0.8    
    0.         42.4931p 
   50.00000m  217.5461p 
  100.00000m    1.1038n 
  150.00000m    5.3626n 
  200.00000m   24.0630n 
  250.00000m   96.5813n 
  300.00000m  341.6036n 
  350.00000m    1.0366u 
  400.00000m    2.5848u 
  450.00000m    5.2738u 
  500.00000m    9.1359u 
  550.00000m   14.0541u 
  600.00000m   19.8887u 
  650.00000m   26.5214u 
  700.00000m   33.8553u 
  750.00000m   41.8069u 
  800.00000m   50.3003u 
  850.00000m   59.2639u 
  900.00000m   68.6291u 
  950.00000m   78.3291u 
    1.00000    88.2976u 
y
 vth0_value= 273.0558m
 u0_param=  48.1707m
 ags_param= 421.6850m
 
   *** monte carlo  index = 855 ***
x

 volt         param     
             i_d_0.8    
    0.         85.3473p 
   50.00000m  437.5482p 
  100.00000m    2.1892n 
  150.00000m   10.3388n 
  200.00000m   44.4247n 
  250.00000m  169.4397n 
  300.00000m  565.4007n 
  350.00000m    1.5883u 
  400.00000m    3.6365u 
  450.00000m    6.8967u 
  500.00000m   11.3205u 
  550.00000m   16.7687u 
  600.00000m   23.1062u 
  650.00000m   30.2224u 
  700.00000m   38.0246u 
  750.00000m   46.4310u 
  800.00000m   55.3657u 
  850.00000m   64.7565u 
  900.00000m   74.5339u 
  950.00000m   84.6293u 
    1.00000    94.9741u 
y
 vth0_value= 252.3241m
 u0_param=  48.7350m
 ags_param= 421.1911m
 
   *** monte carlo  index = 856 ***
x

 volt         param     
             i_d_0.8    
    0.         68.4466p 
   50.00000m  350.9888p 
  100.00000m    1.7640n 
  150.00000m    8.4032n 
  200.00000m   36.5733n 
  250.00000m  141.5560n 
  300.00000m  480.5817n 
  350.00000m    1.3812u 
  400.00000m    3.2401u 
  450.00000m    6.2704u 
  500.00000m   10.4455u 
  550.00000m   15.6344u 
  600.00000m   21.7036u 
  650.00000m   28.5430u 
  700.00000m   36.0611u 
  750.00000m   44.1774u 
  800.00000m   52.8176u 
  850.00000m   61.9112u 
  900.00000m   71.3900u 
  950.00000m   81.1872u 
    1.00000    91.2359u 
y
 vth0_value= 258.1919m
 u0_param=  47.5434m
 ags_param= 422.5570m
 
   *** monte carlo  index = 857 ***
x

 volt         param     
             i_d_0.8    
    0.        109.1803p 
   50.00000m  559.0332p 
  100.00000m    2.7806n 
  150.00000m   12.9882n 
  200.00000m   54.9449n 
  250.00000m  205.9285n 
  300.00000m  672.8212n 
  350.00000m    1.8388u 
  400.00000m    4.0928u 
  450.00000m    7.5865u 
  500.00000m   12.2485u 
  550.00000m   17.9340u 
  600.00000m   24.5088u 
  650.00000m   31.8630u 
  700.00000m   39.9043u 
  750.00000m   48.5502u 
  800.00000m   57.7240u 
  850.00000m   67.3526u 
  900.00000m   77.3653u 
  950.00000m   87.6925u 
    1.00000    98.2641u 
y
 vth0_value= 245.3743m
 u0_param=  49.4648m
 ags_param= 423.2768m
 
   *** monte carlo  index = 858 ***
x

 volt         param     
             i_d_0.8    
    0.         99.7514p 
   50.00000m  511.2047p 
  100.00000m    2.5500n 
  150.00000m   11.9737n 
  200.00000m   51.0257n 
  250.00000m  192.7965n 
  300.00000m  636.0922n 
  350.00000m    1.7606u 
  400.00000m    3.9692u 
  450.00000m    7.4331u 
  500.00000m   12.0888u 
  550.00000m   17.7899u 
  600.00000m   24.3977u 
  650.00000m   31.7992u 
  700.00000m   39.8995u 
  750.00000m   48.6145u 
  800.00000m   57.8663u 
  850.00000m   67.5805u 
  900.00000m   77.6857u 
  950.00000m   88.1115u 
    1.00000    98.7874u 
y
 vth0_value= 248.6288m
 u0_param=  50.2896m
 ags_param= 413.2729m
 
   *** monte carlo  index = 859 ***
x

 volt         param     
             i_d_0.8    
    0.         34.4112p 
   50.00000m  175.7081p 
  100.00000m  894.0377p 
  150.00000m    4.3725n 
  200.00000m   19.8372n 
  250.00000m   80.7272n 
  300.00000m  289.9282n 
  350.00000m  897.5537n 
  400.00000m    2.2923u 
  450.00000m    4.7795u 
  500.00000m    8.4170u 
  550.00000m   13.1001u 
  600.00000m   18.6919u 
  650.00000m   25.0745u 
  700.00000m   32.1514u 
  750.00000m   39.8402u 
  800.00000m   48.0662u 
  850.00000m   56.7593u 
  900.00000m   65.8523u 
  950.00000m   75.2797u 
    1.00000    84.9769u 
y
 vth0_value= 278.7747m
 u0_param=  47.1178m
 ags_param= 408.0377m
 
   *** monte carlo  index = 860 ***
x

 volt         param     
             i_d_0.8    
    0.         73.8590p 
   50.00000m  378.9326p 
  100.00000m    1.9035n 
  150.00000m    9.0571n 
  200.00000m   39.3480n 
  250.00000m  151.9612n 
  300.00000m  514.5065n 
  350.00000m    1.4734u 
  400.00000m    3.4425u 
  450.00000m    6.6390u 
  500.00000m   11.0302u 
  550.00000m   16.4765u 
  600.00000m   22.8373u 
  650.00000m   29.9970u 
  700.00000m   37.8597u 
  750.00000m   46.3412u 
  800.00000m   55.3637u 
  850.00000m   64.8537u 
  900.00000m   74.7404u 
  950.00000m   84.9544u 
    1.00000    95.4265u 
y
 vth0_value= 257.3780m
 u0_param=  49.7948m
 ags_param= 421.6293m
 
   *** monte carlo  index = 861 ***
x

 volt         param     
             i_d_0.8    
    0.         37.9505p 
   50.00000m  194.0814p 
  100.00000m  986.7030p 
  150.00000m    4.8148n 
  200.00000m   21.7611n 
  250.00000m   88.1269n 
  300.00000m  314.7837n 
  350.00000m  967.5497n 
  400.00000m    2.4498u 
  450.00000m    5.0676u 
  500.00000m    8.8700u 
  550.00000m   13.7445u 
  600.00000m   19.5495u 
  650.00000m   26.1635u 
  700.00000m   33.4878u 
  750.00000m   41.4375u 
  800.00000m   49.9357u 
  850.00000m   58.9102u 
  900.00000m   68.2921u 
  950.00000m   78.0141u 
    1.00000    88.0097u 
y
 vth0_value= 276.7778m
 u0_param=  48.5961m
 ags_param= 421.0743m
 
   *** monte carlo  index = 862 ***
x

 volt         param     
             i_d_0.8    
    0.        103.3162p 
   50.00000m  529.2829p 
  100.00000m    2.6371n 
  150.00000m   12.3564n 
  200.00000m   52.4993n 
  250.00000m  197.7094n 
  300.00000m  649.7279n 
  350.00000m    1.7891u 
  400.00000m    4.0125u 
  450.00000m    7.4830u 
  500.00000m   12.1339u 
  550.00000m   17.8199u 
  600.00000m   24.4045u 
  650.00000m   31.7762u 
  700.00000m   39.8415u 
  750.00000m   48.5170u 
  800.00000m   57.7255u 
  850.00000m   67.3933u 
  900.00000m   77.4493u 
  950.00000m   87.8235u 
    1.00000    98.4456u 
y
 vth0_value= 247.2940m
 u0_param=  49.8590m
 ags_param= 431.5900m
 
   *** monte carlo  index = 863 ***
x

 volt         param     
             i_d_0.8    
    0.         74.3369p 
   50.00000m  381.3232p 
  100.00000m    1.9147n 
  150.00000m    9.1029n 
  200.00000m   39.4999n 
  250.00000m  152.3443n 
  300.00000m  515.0269n 
  350.00000m    1.4719u 
  400.00000m    3.4318u 
  450.00000m    6.6071u 
  500.00000m   10.9636u 
  550.00000m   16.3634u 
  600.00000m   22.6682u 
  650.00000m   29.7638u 
  700.00000m   37.5557u 
  750.00000m   45.9607u 
  800.00000m   54.9019u 
  850.00000m   64.3065u 
  900.00000m   74.1043u 
  950.00000m   84.2267u 
    1.00000    94.6047u 
y
 vth0_value= 256.8213m
 u0_param=  49.2359m
 ags_param= 422.8888m
 
   *** monte carlo  index = 864 ***
x

 volt         param     
             i_d_0.8    
    0.         38.5981p 
   50.00000m  197.3888p 
  100.00000m    1.0028n 
  150.00000m    4.8863n 
  200.00000m   22.0322n 
  250.00000m   88.9660n 
  300.00000m  316.7908n 
  350.00000m  969.8064n 
  400.00000m    2.4438u 
  450.00000m    5.0334u 
  500.00000m    8.7820u 
  550.00000m   13.5785u 
  600.00000m   19.2850u 
  650.00000m   25.7838u 
  700.00000m   32.9788u 
  750.00000m   40.7874u 
  800.00000m   49.1342u 
  850.00000m   57.9488u 
  900.00000m   67.1634u 
  950.00000m   76.7120u 
    1.00000    86.5291u 
y
 vth0_value= 275.5441m
 u0_param=  47.5180m
 ags_param= 421.5137m
 
   *** monte carlo  index = 865 ***
x

 volt         param     
             i_d_0.8    
    0.         94.0677p 
   50.00000m  482.1362p 
  100.00000m    2.4076n 
  150.00000m   11.3277n 
  200.00000m   48.4127n 
  250.00000m  183.5260n 
  300.00000m  607.9355n 
  350.00000m    1.6915u 
  400.00000m    3.8341u 
  450.00000m    7.2121u 
  500.00000m   11.7676u 
  550.00000m   17.3574u 
  600.00000m   23.8451u 
  650.00000m   31.1188u 
  700.00000m   39.0849u 
  750.00000m   47.6606u 
  800.00000m   56.7688u 
  850.00000m   66.3363u 
  900.00000m   76.2925u 
  950.00000m   86.5679u 
    1.00000    97.0928u 
y
 vth0_value= 249.9101m
 u0_param=  49.5313m
 ags_param= 425.7625m
 
   *** monte carlo  index = 866 ***
x

 volt         param     
             i_d_0.8    
    0.         72.2935p 
   50.00000m  370.9771p 
  100.00000m    1.8651n 
  150.00000m    8.8878n 
  200.00000m   38.7002n 
  250.00000m  149.8462n 
  300.00000m  508.8416n 
  350.00000m    1.4628u 
  400.00000m    3.4321u 
  450.00000m    6.6421u 
  500.00000m   11.0628u 
  550.00000m   16.5533u 
  600.00000m   22.9705u 
  650.00000m   30.1966u 
  700.00000m   38.1341u 
  750.00000m   46.6974u 
  800.00000m   55.8079u 
  850.00000m   65.3912u 
  900.00000m   75.3756u 
  950.00000m   85.6912u 
    1.00000    96.2682u 
y
 vth0_value= 258.4420m
 u0_param=  50.4474m
 ags_param= 423.5810m
 
   *** monte carlo  index = 867 ***
x

 volt         param     
             i_d_0.8    
    0.         44.7976p 
   50.00000m  229.4829p 
  100.00000m    1.1638n 
  150.00000m    5.6464n 
  200.00000m   25.2824n 
  250.00000m  101.2057n 
  300.00000m  356.8808n 
  350.00000m    1.0786u 
  400.00000m    2.6770u 
  450.00000m    5.4387u 
  500.00000m    9.3910u 
  550.00000m   14.4128u 
  600.00000m   20.3617u 
  650.00000m   27.1176u 
  700.00000m   34.5822u 
  750.00000m   42.6708u 
  800.00000m   51.3062u 
  850.00000m   60.4158u 
  900.00000m   69.9300u 
  950.00000m   79.7810u 
    1.00000    89.9017u 
y
 vth0_value= 271.9763m
 u0_param=  48.9675m
 ags_param= 405.0176m
 
   *** monte carlo  index = 868 ***
x

 volt         param     
             i_d_0.8    
    0.         78.5878p 
   50.00000m  403.1750p 
  100.00000m    2.0228n 
  150.00000m    9.6018n 
  200.00000m   41.5668n 
  250.00000m  159.8747n 
  300.00000m  538.7113n 
  350.00000m    1.5329u 
  400.00000m    3.5573u 
  450.00000m    6.8215u 
  500.00000m   11.2861u 
  550.00000m   16.8089u 
  600.00000m   23.2489u 
  650.00000m   30.4902u 
  700.00000m   38.4363u 
  750.00000m   47.0027u 
  800.00000m   56.1112u 
  850.00000m   65.6877u 
  900.00000m   75.6609u 
  950.00000m   85.9611u 
    1.00000    96.5185u 
y
 vth0_value= 255.7435m
 u0_param=  50.1672m
 ags_param= 410.6772m
 
   *** monte carlo  index = 869 ***
x

 volt         param     
             i_d_0.8    
    0.        146.2521p 
   50.00000m  746.9577p 
  100.00000m    3.6857n 
  150.00000m   16.9730n 
  200.00000m   70.4253n 
  250.00000m  258.3642n 
  300.00000m  822.0072n 
  350.00000m    2.1717u 
  400.00000m    4.6757u 
  450.00000m    8.4420u 
  500.00000m   13.3757u 
  550.00000m   19.3281u 
  600.00000m   26.1668u 
  650.00000m   33.7834u 
  700.00000m   42.0863u 
  750.00000m   50.9926u 
  800.00000m   60.4248u 
  850.00000m   70.3091u 
  900.00000m   80.5735u 
  950.00000m   91.1472u 
    1.00000   101.9586u 
y
 vth0_value= 236.9947m
 u0_param=  50.1366m
 ags_param= 436.1411m
 
   *** monte carlo  index = 870 ***
x

 volt         param     
             i_d_0.8    
    0.         69.4931p 
   50.00000m  356.5938p 
  100.00000m    1.7940n 
  150.00000m    8.5613n 
  200.00000m   37.3580n 
  250.00000m  145.0079n 
  300.00000m  493.8267n 
  350.00000m    1.4251u 
  400.00000m    3.3574u 
  450.00000m    6.5200u 
  500.00000m   10.8871u 
  550.00000m   16.3195u 
  600.00000m   22.6747u 
  650.00000m   29.8352u 
  700.00000m   37.7038u 
  750.00000m   46.1953u 
  800.00000m   55.2315u 
  850.00000m   64.7384u 
  900.00000m   74.6448u 
  950.00000m   84.8811u 
    1.00000    95.3780u 
y
 vth0_value= 259.4345m
 u0_param=  50.1322m
 ags_param= 398.9155m
 
   *** monte carlo  index = 871 ***
x

 volt         param     
             i_d_0.8    
    0.         29.8339p 
   50.00000m  152.0307p 
  100.00000m  775.5890p 
  150.00000m    3.8165n 
  200.00000m   17.4928n 
  250.00000m   72.1301n 
  300.00000m  262.7868n 
  350.00000m  828.5729n 
  400.00000m    2.1641u 
  450.00000m    4.6073u 
  500.00000m    8.2438u 
  550.00000m   12.9743u 
  600.00000m   18.6553u 
  650.00000m   25.1611u 
  700.00000m   32.3893u 
  750.00000m   40.2533u 
  800.00000m   48.6751u 
  850.00000m   57.5819u 
  900.00000m   66.9043u 
  950.00000m   76.5751u 
    1.00000    86.5278u 
y
 vth0_value= 284.3577m
 u0_param=  48.9445m
 ags_param= 411.4797m
 
   *** monte carlo  index = 872 ***
x

 volt         param     
             i_d_0.8    
    0.         48.2243p 
   50.00000m  247.2231p 
  100.00000m    1.2527n 
  150.00000m    6.0670n 
  200.00000m   27.0851n 
  250.00000m  108.0224n 
  300.00000m  379.3284n 
  350.00000m    1.1401u 
  400.00000m    2.8113u 
  450.00000m    5.6788u 
  500.00000m    9.7627u 
  550.00000m   14.9361u 
  600.00000m   21.0531u 
  650.00000m   27.9912u 
  700.00000m   35.6502u 
  750.00000m   43.9434u 
  800.00000m   52.7920u 
  850.00000m   62.1218u 
  900.00000m   71.8619u 
  950.00000m   81.9432u 
    1.00000    92.2970u 
y
 vth0_value= 270.4848m
 u0_param=  50.1222m
 ags_param= 419.5729m
 
   *** monte carlo  index = 873 ***
x

 volt         param     
             i_d_0.8    
    0.         91.6886p 
   50.00000m  470.0364p 
  100.00000m    2.3490n 
  150.00000m   11.0675n 
  200.00000m   47.3963n 
  250.00000m  180.0783n 
  300.00000m  598.1083n 
  350.00000m    1.6699u 
  400.00000m    3.7989u 
  450.00000m    7.1666u 
  500.00000m   11.7176u 
  550.00000m   17.3083u 
  600.00000m   23.8011u 
  650.00000m   31.0831u 
  700.00000m   39.0602u 
  750.00000m   47.6488u 
  800.00000m   56.7718u 
  850.00000m   66.3556u 
  900.00000m   76.3293u 
  950.00000m   86.6233u 
    1.00000    97.1679u 
y
 vth0_value= 250.8199m
 u0_param=  49.7433m
 ags_param= 407.7500m
 
   *** monte carlo  index = 874 ***
x

 volt         param     
             i_d_0.8    
    0.         27.3319p 
   50.00000m  139.0497p 
  100.00000m  710.2507p 
  150.00000m    3.5061n 
  200.00000m   16.1582n 
  250.00000m   67.1094n 
  300.00000m  246.4278n 
  350.00000m  784.7595n 
  400.00000m    2.0752u 
  450.00000m    4.4707u 
  500.00000m    8.0729u 
  550.00000m   12.7877u 
  600.00000m   18.4696u 
  650.00000m   24.9897u 
  700.00000m   32.2432u 
  750.00000m   40.1418u 
  800.00000m   48.6063u 
  850.00000m   57.5630u 
  900.00000m   66.9417u 
  950.00000m   76.6746u 
    1.00000    86.6949u 
y
 vth0_value= 287.4389m
 u0_param=  49.5517m
 ags_param= 415.9554m
 
   *** monte carlo  index = 875 ***
x

 volt         param     
             i_d_0.8    
    0.         43.5292p 
   50.00000m  222.8335p 
  100.00000m    1.1295n 
  150.00000m    5.4766n 
  200.00000m   24.4975n 
  250.00000m   97.9508n 
  300.00000m  345.0179n 
  350.00000m    1.0413u 
  400.00000m    2.5803u 
  450.00000m    5.2355u 
  500.00000m    9.0323u 
  550.00000m   13.8559u 
  600.00000m   19.5713u 
  650.00000m   26.0642u 
  700.00000m   33.2412u 
  750.00000m   41.0214u 
  800.00000m   49.3307u 
  850.00000m   58.0995u 
  900.00000m   67.2609u 
  950.00000m   76.7494u 
    1.00000    86.4999u 
y
 vth0_value= 271.4472m
 u0_param=  46.8717m
 ags_param= 415.6318m
 
   *** monte carlo  index = 876 ***
x

 volt         param     
             i_d_0.8    
    0.        208.4587p 
   50.00000m    1.0596n 
  100.00000m    5.1676n 
  150.00000m   23.3317n 
  200.00000m   94.3702n 
  250.00000m  336.6585n 
  300.00000m    1.0333u 
  350.00000m    2.6124u 
  400.00000m    5.3980u 
  450.00000m    9.4432u 
  500.00000m   14.6315u 
  550.00000m   20.8147u 
  600.00000m   27.8658u 
  650.00000m   35.6808u 
  700.00000m   44.1697u 
  750.00000m   53.2509u 
  800.00000m   62.8473u 
  850.00000m   72.8848u 
  900.00000m   83.2915u 
  950.00000m   93.9959u 
    1.00000   104.9252u 
y
 vth0_value= 226.2420m
 u0_param=  50.0427m
 ags_param= 422.8084m
 
   *** monte carlo  index = 877 ***
x

 volt         param     
             i_d_0.8    
    0.        193.5277p 
   50.00000m  985.3470p 
  100.00000m    4.8226n 
  150.00000m   21.9030n 
  200.00000m   89.2505n 
  250.00000m  320.9633n 
  300.00000m  995.3874n 
  350.00000m    2.5481u 
  400.00000m    5.3252u 
  450.00000m    9.3958u 
  500.00000m   14.6445u 
  550.00000m   20.9178u 
  600.00000m   28.0833u 
  650.00000m   36.0324u 
  700.00000m   44.6723u 
  750.00000m   53.9187u 
  800.00000m   63.6925u 
  850.00000m   73.9180u 
  900.00000m   84.5218u 
  950.00000m   95.4312u 
    1.00000   106.5726u 
y
 vth0_value= 229.3664m
 u0_param=  51.4282m
 ags_param= 413.0239m
 
   *** monte carlo  index = 878 ***
x

 volt         param     
             i_d_0.8    
    0.        290.9649p 
   50.00000m    1.4712n 
  100.00000m    7.0923n 
  150.00000m   31.4324n 
  200.00000m  124.2680n 
  250.00000m  432.1983n 
  300.00000m    1.2828u 
  350.00000m    3.1192u 
  400.00000m    6.2254u 
  450.00000m   10.6105u 
  500.00000m   16.1402u 
  550.00000m   22.6650u 
  600.00000m   30.0594u 
  650.00000m   38.2199u 
  700.00000m   47.0562u 
  750.00000m   56.4854u 
  800.00000m   66.4291u 
  850.00000m   76.8118u 
  900.00000m   87.5600u 
  950.00000m   98.6003u 
    1.00000   109.8576u 
y
 vth0_value= 216.8584m
 u0_param=  51.1265m
 ags_param= 429.6798m
 
   *** monte carlo  index = 879 ***
x

 volt         param     
             i_d_0.8    
    0.         52.4167p 
   50.00000m  268.7599p 
  100.00000m    1.3590n 
  150.00000m    6.5539n 
  200.00000m   29.0632n 
  250.00000m  114.9823n 
  300.00000m  400.1881n 
  350.00000m    1.1887u 
  400.00000m    2.8921u 
  450.00000m    5.7738u 
  500.00000m    9.8401u 
  550.00000m   14.9639u 
  600.00000m   21.0046u 
  650.00000m   27.8444u 
  700.00000m   35.3867u 
  750.00000m   43.5475u 
  800.00000m   52.2500u 
  850.00000m   61.4219u 
  900.00000m   70.9936u 
  950.00000m   80.8973u 
    1.00000    91.0654u 
y
 vth0_value= 267.1517m
 u0_param=  48.8756m
 ags_param= 404.2922m
 
   *** monte carlo  index = 880 ***
x

 volt         param     
             i_d_0.8    
    0.        160.2343p 
   50.00000m  817.8686p 
  100.00000m    4.0277n 
  150.00000m   18.4840n 
  200.00000m   76.3425n 
  250.00000m  278.6371n 
  300.00000m  880.6871n 
  350.00000m    2.3076u 
  400.00000m    4.9291u 
  450.00000m    8.8443u 
  500.00000m   13.9497u 
  550.00000m   20.0921u 
  600.00000m   27.1358u 
  650.00000m   34.9705u 
  700.00000m   43.5020u 
  750.00000m   52.6458u 
  800.00000m   62.3226u 
  850.00000m   72.4567u 
  900.00000m   82.9748u 
  950.00000m   93.8047u 
    1.00000   104.8733u 
y
 vth0_value= 235.0586m
 u0_param=  51.4253m
 ags_param= 421.6477m
 
   *** monte carlo  index = 881 ***
x

 volt         param     
             i_d_0.8    
    0.         66.1648p 
   50.00000m  339.4550p 
  100.00000m    1.7089n 
  150.00000m    8.1665n 
  200.00000m   35.7100n 
  250.00000m  138.9555n 
  300.00000m  474.5974n 
  350.00000m    1.3749u 
  400.00000m    3.2531u 
  450.00000m    6.3405u 
  500.00000m   10.6164u 
  550.00000m   15.9451u 
  600.00000m   22.1864u 
  650.00000m   29.2245u 
  700.00000m   36.9635u 
  750.00000m   45.3197u 
  800.00000m   54.2158u 
  850.00000m   63.5788u 
  900.00000m   73.3385u 
  950.00000m   83.4263u 
    1.00000    93.7736u 
y
 vth0_value= 260.4131m
 u0_param=  49.3495m
 ags_param= 413.1596m
 
   *** monte carlo  index = 882 ***
x

 volt         param     
             i_d_0.8    
    0.         42.7593p 
   50.00000m  218.9517p 
  100.00000m    1.1112n 
  150.00000m    5.4000n 
  200.00000m   24.2427n 
  250.00000m   97.3589n 
  300.00000m  344.5570n 
  350.00000m    1.0463u 
  400.00000m    2.6114u 
  450.00000m    5.3320u 
  500.00000m    9.2414u 
  550.00000m   14.2209u 
  600.00000m   20.1284u 
  650.00000m   26.8436u 
  700.00000m   34.2680u 
  750.00000m   42.3169u 
  800.00000m   50.9132u 
  850.00000m   59.9845u 
  900.00000m   69.4614u 
  950.00000m   79.2763u 
    1.00000    89.3622u 
y
 vth0_value= 273.3123m
 u0_param=  48.8470m
 ags_param= 417.7261m
 
   *** monte carlo  index = 883 ***
x

 volt         param     
             i_d_0.8    
    0.         35.7275p 
   50.00000m  182.5679p 
  100.00000m  928.9222p 
  150.00000m    4.5417n 
  200.00000m   20.5930n 
  250.00000m   83.7382n 
  300.00000m  300.4590n 
  350.00000m  928.9595n 
  400.00000m    2.3688u 
  450.00000m    4.9316u 
  500.00000m    8.6745u 
  550.00000m   13.4883u 
  600.00000m   19.2319u 
  650.00000m   25.7836u 
  700.00000m   33.0445u 
  750.00000m   40.9298u 
  800.00000m   49.3629u 
  850.00000m   58.2719u 
  900.00000m   67.5880u 
  950.00000m   77.2443u 
    1.00000    87.1747u 
y
 vth0_value= 278.4796m
 u0_param=  48.3864m
 ags_param= 408.1612m
 
   *** monte carlo  index = 884 ***
x

 volt         param     
             i_d_0.8    
    0.         91.7363p 
   50.00000m  470.3682p 
  100.00000m    2.3515n 
  150.00000m   11.0861n 
  200.00000m   47.5177n 
  250.00000m  180.7112n 
  300.00000m  600.8643n 
  350.00000m    1.6800u 
  400.00000m    3.8274u 
  450.00000m    7.2288u 
  500.00000m   11.8288u 
  550.00000m   17.4818u 
  600.00000m   24.0479u 
  650.00000m   31.4125u 
  700.00000m   39.4801u 
  750.00000m   48.1660u 
  800.00000m   57.3920u 
  850.00000m   67.0838u 
  900.00000m   77.1696u 
  950.00000m   87.5793u 
    1.00000    98.2423u 
y
 vth0_value= 251.2224m
 u0_param=  50.3959m
 ags_param= 419.3237m
 
   *** monte carlo  index = 885 ***
x

 volt         param     
             i_d_0.8    
    0.        153.1374p 
   50.00000m  781.8547p 
  100.00000m    3.8538n 
  150.00000m   17.7139n 
  200.00000m   73.3161n 
  250.00000m  268.2240n 
  300.00000m  850.3553n 
  350.00000m    2.2366u 
  400.00000m    4.7949u 
  450.00000m    8.6281u 
  500.00000m   13.6372u 
  550.00000m   19.6716u 
  600.00000m   26.5975u 
  650.00000m   34.3061u 
  700.00000m   42.7046u 
  750.00000m   51.7094u 
  800.00000m   61.2424u 
  850.00000m   71.2289u 
  900.00000m   81.5965u 
  950.00000m   92.2739u 
    1.00000   103.1887u 
y
 vth0_value= 235.9403m
 u0_param=  50.6573m
 ags_param= 419.8272m
 
   *** monte carlo  index = 886 ***
x

 volt         param     
             i_d_0.8    
    0.        237.9547p 
   50.00000m    1.2075n 
  100.00000m    5.8653n 
  150.00000m   26.3101n 
  200.00000m  105.5545n 
  250.00000m  373.1651n 
  300.00000m    1.1318u 
  350.00000m    2.8214u 
  400.00000m    5.7560u 
  450.00000m    9.9728u 
  500.00000m   15.3461u 
  550.00000m   21.7252u 
  600.00000m   28.9817u 
  650.00000m   37.0105u 
  700.00000m   45.7203u 
  750.00000m   55.0281u 
  800.00000m   64.8555u 
  850.00000m   75.1271u 
  900.00000m   85.7696u 
  950.00000m   96.7103u 
    1.00000   107.8751u 
y
 vth0_value= 222.8903m
 u0_param=  51.0516m
 ags_param= 430.7222m
 
   *** monte carlo  index = 887 ***
x

 volt         param     
             i_d_0.8    
    0.        140.2066p 
   50.00000m  716.3948p 
  100.00000m    3.5393n 
  150.00000m   16.3337n 
  200.00000m   67.9672n 
  250.00000m  250.1326n 
  300.00000m  798.9764n 
  350.00000m    2.1214u 
  400.00000m    4.5893u 
  450.00000m    8.3170u 
  500.00000m   13.2127u 
  550.00000m   19.1279u 
  600.00000m   25.9297u 
  650.00000m   33.5096u 
  700.00000m   41.7756u 
  750.00000m   50.6450u 
  800.00000m   60.0403u 
  850.00000m   69.8876u 
  900.00000m   80.1153u 
  950.00000m   90.6528u 
    1.00000   101.4286u 
y
 vth0_value= 238.2226m
 u0_param=  50.0666m
 ags_param= 420.3785m
 
   *** monte carlo  index = 888 ***
x

 volt         param     
             i_d_0.8    
    0.         65.2153p 
   50.00000m  334.5299p 
  100.00000m    1.6841n 
  150.00000m    8.0482n 
  200.00000m   35.1955n 
  250.00000m  136.9696n 
  300.00000m  467.9023n 
  350.00000m    1.3559u 
  400.00000m    3.2090u 
  450.00000m    6.2565u 
  500.00000m   10.4784u 
  550.00000m   15.7414u 
  600.00000m   21.9074u 
  650.00000m   28.8621u 
  700.00000m   36.5112u 
  750.00000m   44.7717u 
  800.00000m   53.5675u 
  850.00000m   62.8264u 
  900.00000m   72.4790u 
  950.00000m   82.4572u 
    1.00000    92.6932u 
y
 vth0_value= 260.4410m
 u0_param=  48.7241m
 ags_param= 421.2660m
 
   *** monte carlo  index = 889 ***
x

 volt         param     
             i_d_0.8    
    0.        105.5036p 
   50.00000m  540.3844p 
  100.00000m    2.6907n 
  150.00000m   12.5926n 
  200.00000m   53.4148n 
  250.00000m  200.7904n 
  300.00000m  658.4032n 
  350.00000m    1.8078u 
  400.00000m    4.0428u 
  450.00000m    7.5220u 
  500.00000m   12.1771u 
  550.00000m   17.8628u 
  600.00000m   24.4436u 
  650.00000m   31.8086u 
  700.00000m   39.8647u 
  750.00000m   48.5291u 
  800.00000m   57.7245u 
  850.00000m   67.3776u 
  900.00000m   77.4174u 
  950.00000m   87.7741u 
    1.00000    98.3774u 
y
 vth0_value= 246.5631m
 u0_param=  49.7054m
 ags_param= 430.9957m
 
   *** monte carlo  index = 890 ***
x

 volt         param     
             i_d_0.8    
    0.        107.8716p 
   50.00000m  552.5246p 
  100.00000m    2.7505n 
  150.00000m   12.8662n 
  200.00000m   54.5381n 
  250.00000m  204.8493n 
  300.00000m  671.0327n 
  350.00000m    1.8401u 
  400.00000m    4.1093u 
  450.00000m    7.6373u 
  500.00000m   12.3532u 
  550.00000m   18.1097u 
  600.00000m   24.7696u 
  650.00000m   32.2205u 
  700.00000m   40.3683u 
  750.00000m   49.1292u 
  800.00000m   58.4251u 
  850.00000m   68.1820u 
  900.00000m   78.3281u 
  950.00000m   88.7930u 
    1.00000    99.5058u 
y
 vth0_value= 246.2697m
 u0_param=  50.2901m
 ags_param= 426.6513m
 
   *** monte carlo  index = 891 ***
x

 volt         param     
             i_d_0.8    
    0.         82.5491p 
   50.00000m  423.4024p 
  100.00000m    2.1216n 
  150.00000m   10.0462n 
  200.00000m   43.3355n 
  250.00000m  166.0036n 
  300.00000m  556.7241n 
  350.00000m    1.5743u 
  400.00000m    3.6293u 
  450.00000m    6.9218u 
  500.00000m   11.4069u 
  550.00000m   16.9424u 
  600.00000m   23.3886u 
  650.00000m   30.6310u 
  700.00000m   38.5740u 
  750.00000m   47.1337u 
  800.00000m   56.2324u 
  850.00000m   65.7962u 
  900.00000m   75.7542u 
  950.00000m   86.0367u 
    1.00000    96.5740u 
y
 vth0_value= 254.1059m
 u0_param=  49.9273m
 ags_param= 414.9874m
 
   *** monte carlo  index = 892 ***
x

 volt         param     
             i_d_0.8    
    0.         70.0258p 
   50.00000m  359.3856p 
  100.00000m    1.8084n 
  150.00000m    8.6322n 
  200.00000m   37.6822n 
  250.00000m  146.3295n 
  300.00000m  498.5540n 
  350.00000m    1.4395u 
  400.00000m    3.3937u 
  450.00000m    6.5940u 
  500.00000m   11.0145u 
  550.00000m   16.5140u 
  600.00000m   22.9479u 
  650.00000m   30.1969u 
  700.00000m   38.1623u 
  750.00000m   46.7579u 
  800.00000m   55.9044u 
  850.00000m   65.5270u 
  900.00000m   75.5537u 
  950.00000m   85.9141u 
    1.00000    96.5382u 
y
 vth0_value= 259.6278m
 u0_param=  50.8005m
 ags_param= 422.1722m
 
   *** monte carlo  index = 893 ***
x

 volt         param     
             i_d_0.8    
    0.         31.2567p 
   50.00000m  159.4054p 
  100.00000m  812.6377p 
  150.00000m    3.9918n 
  200.00000m   18.2427n 
  250.00000m   74.9341n 
  300.00000m  271.8620n 
  350.00000m  852.6306n 
  400.00000m    2.2123u 
  450.00000m    4.6809u 
  500.00000m    8.3359u 
  550.00000m   13.0755u 
  600.00000m   18.7574u 
  650.00000m   25.2575u 
  700.00000m   32.4749u 
  750.00000m   40.3237u 
  800.00000m   48.7265u 
  850.00000m   57.6111u 
  900.00000m   66.9084u 
  950.00000m   76.5514u 
    1.00000    86.4740u 
y
 vth0_value= 282.7265m
 u0_param=  48.6323m
 ags_param= 421.5053m
 
   *** monte carlo  index = 894 ***
x

 volt         param     
             i_d_0.8    
    0.         27.6376p 
   50.00000m  140.5978p 
  100.00000m  717.6058p 
  150.00000m    3.5368n 
  200.00000m   16.2567n 
  250.00000m   67.2847n 
  300.00000m  246.1620n 
  350.00000m  780.3492n 
  400.00000m    2.0519u 
  450.00000m    4.3965u 
  500.00000m    7.9064u 
  550.00000m   12.4888u 
  600.00000m   18.0044u 
  650.00000m   24.3301u 
  700.00000m   31.3659u 
  750.00000m   39.0268u 
  800.00000m   47.2366u 
  850.00000m   55.9242u 
  900.00000m   65.0216u 
  950.00000m   74.4630u 
    1.00000    84.1834u 
y
 vth0_value= 285.9265m
 u0_param=  47.7687m
 ags_param= 408.1497m
 
   *** monte carlo  index = 895 ***
x

 volt         param     
             i_d_0.8    
    0.         57.9437p 
   50.00000m  297.1095p 
  100.00000m    1.4986n 
  150.00000m    7.1900n 
  200.00000m   31.6339n 
  250.00000m  123.9924n 
  300.00000m  427.0762n 
  350.00000m    1.2512u 
  400.00000m    2.9975u 
  450.00000m    5.9050u 
  500.00000m    9.9660u 
  550.00000m   15.0534u 
  600.00000m   21.0317u 
  650.00000m   27.7882u 
  700.00000m   35.2298u 
  750.00000m   43.2753u 
  800.00000m   51.8498u 
  850.00000m   60.8827u 
  900.00000m   70.3058u 
  950.00000m   80.0524u 
    1.00000    90.0559u 
y
 vth0_value= 263.3143m
 u0_param=  47.6690m
 ags_param= 418.0225m
 
   *** monte carlo  index = 896 ***
x

 volt         param     
             i_d_0.8    
    0.        121.3967p 
   50.00000m  620.9987p 
  100.00000m    3.0793n 
  150.00000m   14.3047n 
  200.00000m   60.0562n 
  250.00000m  223.2046n 
  300.00000m  721.7967n 
  350.00000m    1.9467u 
  400.00000m    4.2762u 
  450.00000m    7.8439u 
  500.00000m   12.5694u 
  550.00000m   18.3078u 
  600.00000m   24.9270u 
  650.00000m   32.3187u 
  700.00000m   40.3917u 
  750.00000m   49.0641u 
  800.00000m   58.2598u 
  850.00000m   67.9057u 
  900.00000m   77.9312u 
  950.00000m   88.2669u 
    1.00000    98.8425u 
y
 vth0_value= 242.0517m
 u0_param=  49.2735m
 ags_param= 412.8057m
 
   *** monte carlo  index = 897 ***
x

 volt         param     
             i_d_0.8    
    0.        108.4660p 
   50.00000m  555.5518p 
  100.00000m    2.7652n 
  150.00000m   12.9320n 
  200.00000m   54.7990n 
  250.00000m  205.7532n 
  300.00000m  673.6882n 
  350.00000m    1.8462u 
  400.00000m    4.1207u 
  450.00000m    7.6547u 
  500.00000m   12.3770u 
  550.00000m   18.1401u 
  600.00000m   24.8065u 
  650.00000m   32.2641u 
  700.00000m   40.4186u 
  750.00000m   49.1860u 
  800.00000m   58.4885u 
  850.00000m   68.2517u 
  900.00000m   78.4040u 
  950.00000m   88.8749u 
    1.00000    99.5934u 
y
 vth0_value= 246.1251m
 u0_param=  50.3231m
 ags_param= 421.1863m
 
   *** monte carlo  index = 898 ***
x

 volt         param     
             i_d_0.8    
    0.         45.6327p 
   50.00000m  233.7542p 
  100.00000m    1.1846n 
  150.00000m    5.7401n 
  200.00000m   25.6480n 
  250.00000m  102.4082n 
  300.00000m  360.1246n 
  350.00000m    1.0845u 
  400.00000m    2.6803u 
  450.00000m    5.4255u 
  500.00000m    9.3428u 
  550.00000m   14.3121u 
  600.00000m   20.1942u 
  650.00000m   26.8714u 
  700.00000m   34.2475u 
  750.00000m   42.2393u 
  800.00000m   50.7707u 
  850.00000m   59.7703u 
  900.00000m   69.1694u 
  950.00000m   78.9011u 
    1.00000    88.8989u 
y
 vth0_value= 270.9085m
 u0_param=  48.1982m
 ags_param= 410.6307m
 
   *** monte carlo  index = 899 ***
x

 volt         param     
             i_d_0.8    
    0.         54.2264p 
   50.00000m  278.0831p 
  100.00000m    1.4054n 
  150.00000m    6.7687n 
  200.00000m   29.9570n 
  250.00000m  118.2400n 
  300.00000m  410.4388n 
  350.00000m    1.2149u 
  400.00000m    2.9441u 
  450.00000m    5.8573u 
  500.00000m    9.9570u 
  550.00000m   15.1147u 
  600.00000m   21.1896u 
  650.00000m   28.0642u 
  700.00000m   35.6421u 
  750.00000m   43.8391u 
  800.00000m   52.5785u 
  850.00000m   61.7876u 
  900.00000m   71.3969u 
  950.00000m   81.3383u 
    1.00000    91.5440u 
y
 vth0_value= 266.1916m
 u0_param=  48.9797m
 ags_param= 419.9652m
 
   *** monte carlo  index = 900 ***
x

 volt         param     
             i_d_0.8    
    0.        135.9150p 
   50.00000m  694.6433p 
  100.00000m    3.4345n 
  150.00000m   15.8724n 
  200.00000m   66.1716n 
  250.00000m  244.0303n 
  300.00000m  781.5241n 
  350.00000m    2.0819u 
  400.00000m    4.5183u 
  450.00000m    8.2091u 
  500.00000m   13.0649u 
  550.00000m   18.9380u 
  600.00000m   25.6960u 
  650.00000m   33.2304u 
  700.00000m   41.4495u 
  750.00000m   50.2708u 
  800.00000m   59.6172u 
  850.00000m   69.4151u 
  900.00000m   79.5931u 
  950.00000m   90.0807u 
    1.00000   100.8069u 
y
 vth0_value= 239.0247m
 u0_param=  49.8569m
 ags_param= 419.8689m
 
   *** monte carlo  index = 901 ***
x

 volt         param     
             i_d_0.8    
    0.         72.8441p 
   50.00000m  373.8425p 
  100.00000m    1.8796n 
  150.00000m    8.9578n 
  200.00000m   39.0098n 
  250.00000m  151.0623n 
  300.00000m  513.0192n 
  350.00000m    1.4750u 
  400.00000m    3.4610u 
  450.00000m    6.6985u 
  500.00000m   11.1568u 
  550.00000m   16.6935u 
  600.00000m   23.1638u 
  650.00000m   30.4487u 
  700.00000m   38.4497u 
  750.00000m   47.0805u 
  800.00000m   56.2616u 
  850.00000m   65.9181u 
  900.00000m   75.9777u 
  950.00000m   86.3702u 
    1.00000    97.0252u 
y
 vth0_value= 258.5040m
 u0_param=  50.9081m
 ags_param= 412.7695m
 
   *** monte carlo  index = 902 ***
x

 volt         param     
             i_d_0.8    
    0.         48.3478p 
   50.00000m  247.7482p 
  100.00000m    1.2542n 
  150.00000m    6.0630n 
  200.00000m   26.9907n 
  250.00000m  107.2868n 
  300.00000m  375.4031n 
  350.00000m    1.1230u 
  400.00000m    2.7547u 
  450.00000m    5.5388u 
  500.00000m    9.4906u 
  550.00000m   14.4880u 
  600.00000m   20.3927u 
  650.00000m   27.0883u 
  700.00000m   34.4795u 
  750.00000m   42.4835u 
  800.00000m   51.0247u 
  850.00000m   60.0318u 
  900.00000m   69.4364u 
  950.00000m   79.1715u 
    1.00000    89.1706u 
y
 vth0_value= 269.0578m
 u0_param=  48.0532m
 ags_param= 419.5050m
 
   *** monte carlo  index = 903 ***
x

 volt         param     
             i_d_0.8    
    0.         78.7685p 
   50.00000m  404.0338p 
  100.00000m    2.0264n 
  150.00000m    9.6123n 
  200.00000m   41.5719n 
  250.00000m  159.7234n 
  300.00000m  537.5534n 
  350.00000m    1.5272u 
  400.00000m    3.5381u 
  450.00000m    6.7757u 
  500.00000m   11.1997u 
  550.00000m   16.6702u 
  600.00000m   23.0479u 
  650.00000m   30.2187u 
  700.00000m   38.0878u 
  750.00000m   46.5714u 
  800.00000m   55.5923u 
  850.00000m   65.0772u 
  900.00000m   74.9556u 
  950.00000m   85.1583u 
    1.00000    95.6160u 
y
 vth0_value= 255.2918m
 u0_param=  49.5724m
 ags_param= 417.3188m
 
   *** monte carlo  index = 904 ***
x

 volt         param     
             i_d_0.8    
    0.        219.7684p 
   50.00000m    1.1162n 
  100.00000m    5.4328n 
  150.00000m   24.4519n 
  200.00000m   98.5128n 
  250.00000m  349.9188n 
  300.00000m    1.0679u 
  350.00000m    2.6819u 
  400.00000m    5.5080u 
  450.00000m    9.5916u 
  500.00000m   14.8134u 
  550.00000m   21.0260u 
  600.00000m   28.1034u 
  650.00000m   35.9421u 
  700.00000m   44.4527u 
  750.00000m   53.5536u 
  800.00000m   63.1680u 
  850.00000m   73.2218u 
  900.00000m   83.6431u 
  950.00000m   94.3603u 
    1.00000   105.3005u 
y
 vth0_value= 224.6048m
 u0_param=  49.9779m
 ags_param= 427.0215m
 
   *** monte carlo  index = 905 ***
x

 volt         param     
             i_d_0.8    
    0.        104.9201p 
   50.00000m  537.5666p 
  100.00000m    2.6785n 
  150.00000m   12.5506n 
  200.00000m   53.3255n 
  250.00000m  200.8146n 
  300.00000m  659.8678n 
  350.00000m    1.8167u 
  400.00000m    4.0738u 
  450.00000m    7.5959u 
  500.00000m   12.3144u 
  550.00000m   18.0813u 
  600.00000m   24.7576u 
  650.00000m   32.2299u 
  700.00000m   40.4029u 
  750.00000m   49.1923u 
  800.00000m   58.5194u 
  850.00000m   68.3097u 
  900.00000m   78.4913u 
  950.00000m   88.9933u 
    1.00000    99.7449u 
y
 vth0_value= 247.3140m
 u0_param=  50.6169m
 ags_param= 409.1582m
 
   *** monte carlo  index = 906 ***
x

 volt         param     
             i_d_0.8    
    0.         92.7471p 
   50.00000m  475.3563p 
  100.00000m    2.3741n 
  150.00000m   11.1737n 
  200.00000m   47.7768n 
  250.00000m  181.2132n 
  300.00000m  600.6736n 
  350.00000m    1.6727u 
  400.00000m    3.7950u 
  450.00000m    7.1440u 
  500.00000m   11.6629u 
  550.00000m   17.2100u 
  600.00000m   23.6497u 
  650.00000m   30.8709u 
  700.00000m   38.7807u 
  750.00000m   47.2966u 
  800.00000m   56.3422u 
  850.00000m   65.8448u 
  900.00000m   75.7341u 
  950.00000m   85.9410u 
    1.00000    96.3963u 
y
 vth0_value= 250.1136m
 u0_param=  49.1888m
 ags_param= 415.6393m
 
   *** monte carlo  index = 907 ***
x

 volt         param     
             i_d_0.8    
    0.         44.1133p 
   50.00000m  225.9679p 
  100.00000m    1.1464n 
  150.00000m    5.5672n 
  200.00000m   24.9631n 
  250.00000m  100.1000n 
  300.00000m  353.6485n 
  350.00000m    1.0715u 
  400.00000m    2.6670u 
  450.00000m    5.4324u 
  500.00000m    9.3980u 
  550.00000m   14.4426u 
  600.00000m   20.4225u 
  650.00000m   27.2161u 
  700.00000m   34.7243u 
  750.00000m   42.8613u 
  800.00000m   51.5494u 
  850.00000m   60.7155u 
  900.00000m   70.2896u 
  950.00000m   80.2034u 
    1.00000    90.3894u 
y
 vth0_value= 272.6966m
 u0_param=  49.3557m
 ags_param= 418.3798m
 
   *** monte carlo  index = 908 ***
x

 volt         param     
             i_d_0.8    
    0.         83.5380p 
   50.00000m  428.3396p 
  100.00000m    2.1446n 
  150.00000m   10.1402n 
  200.00000m   43.6483n 
  250.00000m  166.8087n 
  300.00000m  557.9176n 
  350.00000m    1.5721u 
  400.00000m    3.6109u 
  450.00000m    6.8661u 
  500.00000m   11.2913u 
  550.00000m   16.7472u 
  600.00000m   23.0976u 
  650.00000m   30.2307u 
  700.00000m   38.0534u 
  750.00000m   46.4832u 
  800.00000m   55.4440u 
  850.00000m   64.8632u 
  900.00000m   74.6709u 
  950.00000m   84.7985u 
    1.00000    95.1771u 
y
 vth0_value= 253.1275m
 u0_param=  48.9735m
 ags_param= 422.4268m
 
   *** monte carlo  index = 909 ***
x

 volt         param     
             i_d_0.8    
    0.         43.9940p 
   50.00000m  225.3182p 
  100.00000m    1.1428n 
  150.00000m    5.5471n 
  200.00000m   24.8544n 
  250.00000m   99.5752n 
  300.00000m  351.4662n 
  350.00000m    1.0636u 
  400.00000m    2.6437u 
  450.00000m    5.3783u 
  500.00000m    9.2963u 
  550.00000m   14.2782u 
  600.00000m   20.1827u 
  650.00000m   26.8905u 
  700.00000m   34.3040u 
  750.00000m   42.3390u 
  800.00000m   50.9186u 
  850.00000m   59.9709u 
  900.00000m   69.4266u 
  950.00000m   79.2183u 
    1.00000    89.2792u 
y
 vth0_value= 272.3117m
 u0_param=  48.6405m
 ags_param= 414.9115m
 
   *** monte carlo  index = 910 ***
x

 volt         param     
             i_d_0.8    
    0.         32.1797p 
   50.00000m  164.1859p 
  100.00000m  836.6186p 
  150.00000m    4.1050n 
  200.00000m   18.7245n 
  250.00000m   76.7256n 
  300.00000m  277.6215n 
  350.00000m  867.7358n 
  400.00000m    2.2421u 
  450.00000m    4.7255u 
  500.00000m    8.3903u 
  550.00000m   13.1334u 
  600.00000m   18.8133u 
  650.00000m   25.3070u 
  700.00000m   32.5145u 
  750.00000m   40.3505u 
  800.00000m   48.7381u 
  850.00000m   57.6053u 
  900.00000m   66.8832u 
  950.00000m   76.5053u 
    1.00000    86.4053u 
y
 vth0_value= 281.6910m
 u0_param=  48.4121m
 ags_param= 429.8133m
 
   *** monte carlo  index = 911 ***
x

 volt         param     
             i_d_0.8    
    0.         95.0287p 
   50.00000m  486.9708p 
  100.00000m    2.4305n 
  150.00000m   11.4249n 
  200.00000m   48.7645n 
  250.00000m  184.5939n 
  300.00000m  610.4364n 
  350.00000m    1.6947u 
  400.00000m    3.8326u 
  450.00000m    7.1961u 
  500.00000m   11.7263u 
  550.00000m   17.2812u 
  600.00000m   23.7258u 
  650.00000m   30.9497u 
  700.00000m   38.8602u 
  750.00000m   47.3753u 
  800.00000m   56.4184u 
  850.00000m   65.9172u 
  900.00000m   75.8012u 
  950.00000m   86.0017u 
    1.00000    96.4493u 
y
 vth0_value= 249.3213m
 u0_param=  49.0982m
 ags_param= 412.0428m
 
   *** monte carlo  index = 912 ***
x

 volt         param     
             i_d_0.8    
    0.         54.0312p 
   50.00000m  277.1164p 
  100.00000m    1.4010n 
  150.00000m    6.7519n 
  200.00000m   29.9128n 
  250.00000m  118.2041n 
  300.00000m  410.8362n 
  350.00000m    1.2181u 
  400.00000m    2.9574u 
  450.00000m    5.8931u 
  500.00000m   10.0292u 
  550.00000m   15.2359u 
  600.00000m   21.3700u 
  650.00000m   28.3123u 
  700.00000m   35.9648u 
  750.00000m   44.2423u 
  800.00000m   53.0671u 
  850.00000m   62.3659u 
  900.00000m   72.0681u 
  950.00000m   82.1052u 
    1.00000    92.4090u 
y
 vth0_value= 266.6883m
 u0_param=  49.5759m
 ags_param= 411.4641m
 
   *** monte carlo  index = 913 ***
x

 volt         param     
             i_d_0.8    
    0.         72.0955p 
   50.00000m  369.8109p 
  100.00000m    1.8578n 
  150.00000m    8.8414n 
  200.00000m   38.4231n 
  250.00000m  148.4511n 
  300.00000m  502.9030n 
  350.00000m    1.4412u 
  400.00000m    3.3702u 
  450.00000m    6.5047u 
  500.00000m   10.8138u 
  550.00000m   16.1613u 
  600.00000m   22.4098u 
  650.00000m   29.4460u 
  700.00000m   37.1756u 
  750.00000m   45.5162u 
  800.00000m   54.3914u 
  850.00000m   63.7289u 
  900.00000m   73.4588u 
  950.00000m   83.5130u 
    1.00000    93.8228u 
y
 vth0_value= 257.5149m
 u0_param=  48.8828m
 ags_param= 437.3130m
 
   *** monte carlo  index = 914 ***
x

 volt         param     
             i_d_0.8    
    0.         76.8203p 
   50.00000m  394.1155p 
  100.00000m    1.9782n 
  150.00000m    9.3984n 
  200.00000m   40.7388n 
  250.00000m  156.9229n 
  300.00000m  529.6864n 
  350.00000m    1.5107u 
  400.00000m    3.5144u 
  450.00000m    6.7531u 
  500.00000m   11.1897u 
  550.00000m   16.6831u 
  600.00000m   23.0923u 
  650.00000m   30.3015u 
  700.00000m   38.2146u 
  750.00000m   46.7471u 
  800.00000m   55.8209u 
  850.00000m   65.3623u 
  900.00000m   75.3001u 
  950.00000m   85.5648u 
    1.00000    96.0867u 
y
 vth0_value= 256.3362m
 u0_param=  50.0205m
 ags_param= 408.4933m
 
   *** monte carlo  index = 915 ***
x

 volt         param     
             i_d_0.8    
    0.        123.8855p 
   50.00000m  633.7079p 
  100.00000m    3.1414n 
  150.00000m   14.5854n 
  200.00000m   61.1890n 
  250.00000m  227.2210n 
  300.00000m  733.9900n 
  350.00000m    1.9768u 
  400.00000m    4.3365u 
  450.00000m    7.9455u 
  500.00000m   12.7217u 
  550.00000m   18.5186u 
  600.00000m   25.2026u 
  650.00000m   32.6647u 
  700.00000m   40.8128u 
  750.00000m   49.5642u 
  800.00000m   58.8422u 
  850.00000m   68.5731u 
  900.00000m   78.6860u 
  950.00000m   89.1106u 
    1.00000    99.7762u 
y
 vth0_value= 241.7347m
 u0_param=  49.7268m
 ags_param= 417.8184m
 
   *** monte carlo  index = 916 ***
x

 volt         param     
             i_d_0.8    
    0.         33.8902p 
   50.00000m  173.0755p 
  100.00000m  881.5548p 
  150.00000m    4.3204n 
  200.00000m   19.6672n 
  250.00000m   80.3769n 
  300.00000m  289.9795n 
  350.00000m  902.8957n 
  400.00000m    2.3220u 
  450.00000m    4.8725u 
  500.00000m    8.6217u 
  550.00000m   13.4623u 
  600.00000m   19.2500u 
  650.00000m   25.8603u 
  700.00000m   33.1917u 
  750.00000m   41.1578u 
  800.00000m   49.6804u 
  850.00000m   58.6867u 
  900.00000m   68.1068u 
  950.00000m   77.8732u 
    1.00000    87.9189u 
y
 vth0_value= 280.6020m
 u0_param=  49.1657m
 ags_param= 419.3691m
 
   *** monte carlo  index = 917 ***
x

 volt         param     
             i_d_0.8    
    0.        139.3820p 
   50.00000m  712.3164p 
  100.00000m    3.5206n 
  150.00000m   16.2593n 
  200.00000m   67.7220n 
  250.00000m  249.4858n 
  300.00000m  797.9175n 
  350.00000m    2.1220u 
  400.00000m    4.5975u 
  450.00000m    8.3418u 
  500.00000m   13.2628u 
  550.00000m   19.2110u 
  600.00000m   26.0521u 
  650.00000m   33.6766u 
  700.00000m   41.9917u 
  750.00000m   50.9139u 
  800.00000m   60.3654u 
  850.00000m   70.2718u 
  900.00000m   80.5609u 
  950.00000m   91.1618u 
    1.00000   102.0027u 
y
 vth0_value= 238.6386m
 u0_param=  50.4384m
 ags_param= 425.1426m
 
   *** monte carlo  index = 918 ***
x

 volt         param     
             i_d_0.8    
    0.         90.5892p 
   50.00000m  464.4990p 
  100.00000m    2.3227n 
  150.00000m   10.9554n 
  200.00000m   46.9886n 
  250.00000m  178.8344n 
  300.00000m  595.1651n 
  350.00000m    1.6661u 
  400.00000m    3.8004u 
  450.00000m    7.1852u 
  500.00000m   11.7663u 
  550.00000m   17.3987u 
  600.00000m   23.9430u 
  650.00000m   31.2846u 
  700.00000m   39.3282u 
  750.00000m   47.9895u 
  800.00000m   57.1903u 
  850.00000m   66.8565u 
  900.00000m   76.9165u 
  950.00000m   87.3002u 
    1.00000    97.9374u 
y
 vth0_value= 251.5194m
 u0_param=  50.2664m
 ags_param= 423.6275m
 
   *** monte carlo  index = 919 ***
x

 volt         param     
             i_d_0.8    
    0.         88.5507p 
   50.00000m  454.0691p 
  100.00000m    2.2715n 
  150.00000m   10.7233n 
  200.00000m   46.0495n 
  250.00000m  175.5054n 
  300.00000m  585.0635n 
  350.00000m    1.6414u 
  400.00000m    3.7527u 
  450.00000m    7.1084u 
  500.00000m   11.6565u 
  550.00000m   17.2531u 
  600.00000m   23.7590u 
  650.00000m   31.0601u 
  700.00000m   39.0613u 
  750.00000m   47.6785u 
  800.00000m   56.8339u 
  850.00000m   66.4536u 
  900.00000m   76.4663u 
  950.00000m   86.8023u 
    1.00000    97.3913u 
y
 vth0_value= 252.0720m
 u0_param=  50.0571m
 ags_param= 417.2942m
 
   *** monte carlo  index = 920 ***
x

 volt         param     
             i_d_0.8    
    0.         53.5965p 
   50.00000m  274.8329p 
  100.00000m    1.3892n 
  150.00000m    6.6931n 
  200.00000m   29.6389n 
  250.00000m  117.0633n 
  300.00000m  406.6646n 
  350.00000m    1.2049u 
  400.00000m    2.9233u 
  450.00000m    5.8218u 
  500.00000m    9.9038u 
  550.00000m   15.0418u 
  600.00000m   21.0951u 
  650.00000m   27.9465u 
  700.00000m   35.4996u 
  750.00000m   43.6705u 
  800.00000m   52.3825u 
  850.00000m   61.5634u 
  900.00000m   71.1434u 
  950.00000m   81.0549u 
    1.00000    91.2302u 
y
 vth0_value= 266.4644m
 u0_param=  48.8557m
 ags_param= 408.6822m
 
   *** monte carlo  index = 921 ***
x

 volt         param     
             i_d_0.8    
    0.         58.2042p 
   50.00000m  298.5266p 
  100.00000m    1.5064n 
  150.00000m    7.2332n 
  200.00000m   31.8611n 
  250.00000m  125.0497n 
  300.00000m  431.3355n 
  350.00000m    1.2661u 
  400.00000m    3.0393u 
  450.00000m    5.9978u 
  500.00000m   10.1349u 
  550.00000m   15.3205u 
  600.00000m   21.4153u 
  650.00000m   28.3036u 
  700.00000m   35.8899u 
  750.00000m   44.0910u 
  800.00000m   52.8305u 
  850.00000m   62.0362u 
  900.00000m   71.6386u 
  950.00000m   81.5701u 
    1.00000    91.7627u 
y
 vth0_value= 263.8892m
 u0_param=  48.7367m
 ags_param= 421.3197m
 
   *** monte carlo  index = 922 ***
x

 volt         param     
             i_d_0.8    
    0.        130.2985p 
   50.00000m  666.4003p 
  100.00000m    3.3007n 
  150.00000m   15.3007n 
  200.00000m   64.0513n 
  250.00000m  237.2709n 
  300.00000m  764.0952n 
  350.00000m    2.0498u 
  400.00000m    4.4791u 
  450.00000m    8.1813u 
  500.00000m   13.0695u 
  550.00000m   18.9935u 
  600.00000m   25.8174u 
  650.00000m   33.4304u 
  700.00000m   41.7387u 
  750.00000m   50.6583u 
  800.00000m   60.1110u 
  850.00000m   70.0220u 
  900.00000m   80.3191u 
  950.00000m   90.9312u 
    1.00000   101.7865u 
y
 vth0_value= 240.8139m
 u0_param=  50.6644m
 ags_param= 429.3181m
 
   *** monte carlo  index = 923 ***
x

 volt         param     
             i_d_0.8    
    0.         31.5344p 
   50.00000m  160.8384p 
  100.00000m  819.7709p 
  150.00000m    4.0250n 
  200.00000m   18.3796n 
  250.00000m   75.4197n 
  300.00000m  273.3234n 
  350.00000m  856.0172n 
  400.00000m    2.2173u 
  450.00000m    4.6839u 
  500.00000m    8.3311u 
  550.00000m   13.0569u 
  600.00000m   18.7198u 
  650.00000m   25.1968u 
  700.00000m   32.3875u 
  750.00000m   40.2065u 
  800.00000m   48.5771u 
  850.00000m   57.4271u 
  900.00000m   66.6879u 
  950.00000m   76.2929u 
    1.00000    86.1759u 
y
 vth0_value= 282.2921m
 u0_param=  48.3839m
 ags_param= 419.0970m
 
   *** monte carlo  index = 924 ***
x

 volt         param     
             i_d_0.8    
    0.         64.6749p 
   50.00000m  331.7755p 
  100.00000m    1.6707n 
  150.00000m    7.9886n 
  200.00000m   34.9640n 
  250.00000m  136.1988n 
  300.00000m  465.7735n 
  350.00000m    1.3516u 
  400.00000m    3.2040u 
  450.00000m    6.2551u 
  500.00000m   10.4862u 
  550.00000m   15.7636u 
  600.00000m   21.9485u 
  650.00000m   28.9259u 
  700.00000m   36.6008u 
  750.00000m   44.8900u 
  800.00000m   53.7169u 
  850.00000m   63.0092u 
  900.00000m   72.6970u 
  950.00000m   82.7122u 
    1.00000    92.9865u 
y
 vth0_value= 260.8346m
 u0_param=  48.9403m
 ags_param= 431.9209m
 
   *** monte carlo  index = 925 ***
x

 volt         param     
             i_d_0.8    
    0.        225.9498p 
   50.00000m    1.1478n 
  100.00000m    5.5877n 
  150.00000m   25.1558n 
  200.00000m  101.3756n 
  250.00000m  360.1506n 
  300.00000m    1.0993u 
  350.00000m    2.7612u 
  400.00000m    5.6713u 
  450.00000m    9.8756u 
  500.00000m   15.2499u 
  550.00000m   21.6414u 
  600.00000m   28.9193u 
  650.00000m   36.9768u 
  700.00000m   45.7216u 
  750.00000m   55.0695u 
  800.00000m   64.9415u 
  850.00000m   75.2618u 
  900.00000m   85.9565u 
  950.00000m   96.9527u 
    1.00000   108.1760u 
y
 vth0_value= 224.7521m
 u0_param=  51.5254m
 ags_param= 419.4066m
 
   *** monte carlo  index = 926 ***
x

 volt         param     
             i_d_0.8    
    0.         79.7236p 
   50.00000m  408.9626p 
  100.00000m    2.0509n 
  150.00000m    9.7274n 
  200.00000m   42.0591n 
  250.00000m  161.5462n 
  300.00000m  543.4770n 
  350.00000m    1.5432u 
  400.00000m    3.5732u 
  450.00000m    6.8395u 
  500.00000m   11.3008u 
  550.00000m   16.8155u 
  600.00000m   23.2433u 
  650.00000m   30.4689u 
  700.00000m   38.3967u 
  750.00000m   46.9423u 
  800.00000m   56.0279u 
  850.00000m   65.5797u 
  900.00000m   75.5266u 
  950.00000m   85.7991u 
    1.00000    96.3275u 
y
 vth0_value= 255.1840m
 u0_param=  49.9696m
 ags_param= 409.2999m
 
   *** monte carlo  index = 927 ***
x

 volt         param     
             i_d_0.8    
    0.         63.8512p 
   50.00000m  327.5186p 
  100.00000m    1.6494n 
  150.00000m    7.8885n 
  200.00000m   34.5372n 
  250.00000m  134.5899n 
  300.00000m  460.4904n 
  350.00000m    1.3372u 
  400.00000m    3.1719u 
  450.00000m    6.1960u 
  500.00000m   10.3917u 
  550.00000m   15.6266u 
  600.00000m   21.7627u 
  650.00000m   28.6860u 
  700.00000m   36.3020u 
  750.00000m   44.5281u 
  800.00000m   53.2883u 
  850.00000m   62.5106u 
  900.00000m   72.1257u 
  950.00000m   82.0659u 
    1.00000    92.2634u 
y
 vth0_value= 260.9878m
 u0_param=  48.5842m
 ags_param= 406.5261m
 
   *** monte carlo  index = 928 ***
x

 volt         param     
             i_d_0.8    
    0.         65.5038p 
   50.00000m  336.1214p 
  100.00000m    1.6931n 
  150.00000m    8.0993n 
  200.00000m   35.4717n 
  250.00000m  138.2763n 
  300.00000m  473.2283n 
  350.00000m    1.3746u 
  400.00000m    3.2618u 
  450.00000m    6.3730u 
  500.00000m   10.6894u 
  550.00000m   16.0738u 
  600.00000m   22.3836u 
  650.00000m   29.5007u 
  700.00000m   37.3277u 
  750.00000m   45.7796u 
  800.00000m   54.7780u 
  850.00000m   64.2491u 
  900.00000m   74.1219u 
  950.00000m   84.3269u 
    1.00000    94.7948u 
y
 vth0_value= 261.1612m
 u0_param=  50.0391m
 ags_param= 427.4403m
 
   *** monte carlo  index = 929 ***
x

 volt         param     
             i_d_0.8    
    0.        241.3035p 
   50.00000m    1.2240n 
  100.00000m    5.9406n 
  150.00000m   26.6135n 
  200.00000m  106.6026n 
  250.00000m  376.2212n 
  300.00000m    1.1385u 
  350.00000m    2.8306u 
  400.00000m    5.7615u 
  450.00000m    9.9652u 
  500.00000m   15.3163u 
  550.00000m   21.6655u 
  600.00000m   28.8861u 
  650.00000m   36.8738u 
  700.00000m   45.5384u 
  750.00000m   54.7973u 
  800.00000m   64.5728u 
  850.00000m   74.7898u 
  900.00000m   85.3756u 
  950.00000m   96.2578u 
    1.00000   107.3623u 
y
 vth0_value= 222.2258m
 u0_param=  50.6702m
 ags_param= 435.8277m
 
   *** monte carlo  index = 930 ***
x

 volt         param     
             i_d_0.8    
    0.         74.2610p 
   50.00000m  380.8690p 
  100.00000m    1.9118n 
  150.00000m    9.0841n 
  200.00000m   39.3861n 
  250.00000m  151.7688n 
  300.00000m  512.5675n 
  350.00000m    1.4630u 
  400.00000m    3.4062u 
  450.00000m    6.5503u 
  500.00000m   10.8609u 
  550.00000m   16.2020u 
  600.00000m   22.4372u 
  650.00000m   29.4544u 
  700.00000m   37.1604u 
  750.00000m   45.4730u 
  800.00000m   54.3165u 
  850.00000m   63.6187u 
  900.00000m   73.3104u 
  950.00000m   83.3235u 
    1.00000    93.5897u 
y
 vth0_value= 256.4371m
 u0_param=  48.6032m
 ags_param= 420.4322m
 
   *** monte carlo  index = 931 ***
x

 volt         param     
             i_d_0.8    
    0.        111.6978p 
   50.00000m  571.8603p 
  100.00000m    2.8430n 
  150.00000m   13.2676n 
  200.00000m   56.0558n 
  250.00000m  209.7947n 
  300.00000m  684.2581n 
  350.00000m    1.8658u 
  400.00000m    4.1436u 
  450.00000m    7.6667u 
  500.00000m   12.3615u 
  550.00000m   18.0827u 
  600.00000m   24.6953u 
  650.00000m   32.0893u 
  700.00000m   40.1721u 
  750.00000m   48.8609u 
  800.00000m   58.0788u 
  850.00000m   67.7524u 
  900.00000m   77.8106u 
  950.00000m   88.1837u 
    1.00000    98.8012u 
y
 vth0_value= 244.8209m
 u0_param=  49.6712m
 ags_param= 424.7153m
 
   *** monte carlo  index = 932 ***
x

 volt         param     
             i_d_0.8    
    0.        118.7888p 
   50.00000m  607.9938p 
  100.00000m    3.0188n 
  150.00000m   14.0556n 
  200.00000m   59.1940n 
  250.00000m  220.7411n 
  300.00000m  716.7440n 
  350.00000m    1.9432u 
  400.00000m    4.2904u 
  450.00000m    7.9015u 
  500.00000m   12.6972u 
  550.00000m   18.5290u 
  600.00000m   25.2606u 
  650.00000m   32.7806u 
  700.00000m   40.9953u 
  750.00000m   49.8209u 
  800.00000m   59.1795u 
  850.00000m   68.9967u 
  900.00000m   79.2008u 
  950.00000m   89.7210u 
    1.00000   100.4860u 
y
 vth0_value= 243.4228m
 u0_param=  50.3832m
 ags_param= 420.0067m
 
   *** monte carlo  index = 933 ***
x

 volt         param     
             i_d_0.8    
    0.         78.6083p 
   50.00000m  403.2972p 
  100.00000m    2.0236n 
  150.00000m    9.6068n 
  200.00000m   41.5969n 
  250.00000m  160.0264n 
  300.00000m  539.3587n 
  350.00000m    1.5353u 
  400.00000m    3.5640u 
  450.00000m    6.8364u 
  500.00000m   11.3130u 
  550.00000m   16.8515u 
  600.00000m   23.3100u 
  650.00000m   30.5722u 
  700.00000m   38.5416u 
  750.00000m   47.1331u 
  800.00000m   56.2683u 
  850.00000m   65.8730u 
  900.00000m   75.8758u 
  950.00000m   86.2065u 
    1.00000    96.7953u 
y
 vth0_value= 255.8382m
 u0_param=  50.3279m
 ags_param= 419.6232m
 
   *** monte carlo  index = 934 ***
x

 volt         param     
             i_d_0.8    
    0.         19.2736p 
   50.00000m   97.0661p 
  100.00000m  497.0236p 
  150.00000m    2.4753n 
  200.00000m   11.5898n 
  250.00000m   49.1947n 
  300.00000m  185.0647n 
  350.00000m  607.3209n 
  400.00000m    1.6689u 
  450.00000m    3.7344u 
  500.00000m    6.9499u 
  550.00000m   11.2502u 
  600.00000m   16.4992u 
  650.00000m   22.5699u 
  700.00000m   29.3592u 
  750.00000m   36.7807u 
  800.00000m   44.7578u 
  850.00000m   53.2193u 
  900.00000m   62.0980u 
  950.00000m   71.3287u 
    1.00000    80.8472u 
y
 vth0_value= 296.8619m
 u0_param=  47.4569m
 ags_param= 406.0561m
 
   *** monte carlo  index = 935 ***
x

 volt         param     
             i_d_0.8    
    0.        170.9422p 
   50.00000m  871.4368p 
  100.00000m    4.2791n 
  150.00000m   19.5420n 
  200.00000m   80.2013n 
  250.00000m  290.7167n 
  300.00000m  910.9066n 
  350.00000m    2.3613u 
  400.00000m    4.9931u 
  450.00000m    8.8902u 
  500.00000m   13.9468u 
  550.00000m   20.0138u 
  600.00000m   26.9607u 
  650.00000m   34.6808u 
  700.00000m   43.0828u 
  750.00000m   52.0843u 
  800.00000m   61.6078u 
  850.00000m   71.5791u 
  900.00000m   81.9263u 
  950.00000m   92.5781u 
    1.00000   103.4622u 
y
 vth0_value= 232.3472m
 u0_param=  50.2252m
 ags_param= 424.3802m
 
   *** monte carlo  index = 936 ***
x

 volt         param     
             i_d_0.8    
    0.         66.8672p 
   50.00000m  343.1094p 
  100.00000m    1.7274n 
  150.00000m    8.2558n 
  200.00000m   36.1051n 
  250.00000m  140.5089n 
  300.00000m  479.9455n 
  350.00000m    1.3905u 
  400.00000m    3.2904u 
  450.00000m    6.4137u 
  500.00000m   10.7389u 
  550.00000m   16.1285u 
  600.00000m   22.4403u 
  650.00000m   29.5568u 
  700.00000m   37.3810u 
  750.00000m   45.8280u 
  800.00000m   54.8197u 
  850.00000m   64.2823u 
  900.00000m   74.1450u 
  950.00000m   84.3383u 
    1.00000    94.7932u 
y
 vth0_value= 260.4787m
 u0_param=  49.9455m
 ags_param= 413.7921m
 
   *** monte carlo  index = 937 ***
x

 volt         param     
             i_d_0.8    
    0.        194.8232p 
   50.00000m  991.6846p 
  100.00000m    4.8510n 
  150.00000m   22.0127n 
  200.00000m   89.5979n 
  250.00000m  321.8312n 
  300.00000m  996.5726n 
  350.00000m    2.5465u 
  400.00000m    5.3130u 
  450.00000m    9.3626u 
  500.00000m   14.5804u 
  550.00000m   20.8146u 
  600.00000m   27.9340u 
  650.00000m   35.8314u 
  700.00000m   44.4148u 
  750.00000m   53.6007u 
  800.00000m   63.3105u 
  850.00000m   73.4692u 
  900.00000m   84.0037u 
  950.00000m   94.8419u 
    1.00000   105.9103u 
y
 vth0_value= 228.8934m
 u0_param=  50.9966m
 ags_param= 414.3038m
 
   *** monte carlo  index = 938 ***
x

 volt         param     
             i_d_0.8    
    0.        157.1967p 
   50.00000m  801.8803p 
  100.00000m    3.9450n 
  150.00000m   18.0758n 
  200.00000m   74.5050n 
  250.00000m  271.3694n 
  300.00000m  855.5771n 
  350.00000m    2.2350u 
  400.00000m    4.7603u 
  450.00000m    8.5237u 
  500.00000m   13.4264u 
  550.00000m   19.3232u 
  600.00000m   26.0859u 
  650.00000m   33.6098u 
  700.00000m   41.8055u 
  750.00000m   50.5919u 
  800.00000m   59.8934u 
  850.00000m   69.6370u 
  900.00000m   79.7523u 
  950.00000m   90.1692u 
    1.00000   100.8170u 
y
 vth0_value= 234.1528m
 u0_param=  49.1120m
 ags_param= 411.2047m
 
   *** monte carlo  index = 939 ***
x

 volt         param     
             i_d_0.8    
    0.         73.6664p 
   50.00000m  377.9142p 
  100.00000m    1.8982n 
  150.00000m    9.0301n 
  200.00000m   39.2201n 
  250.00000m  151.4226n 
  300.00000m  512.5196n 
  350.00000m    1.4671u 
  400.00000m    3.4262u 
  450.00000m    6.6054u 
  500.00000m   10.9716u 
  550.00000m   16.3864u 
  600.00000m   22.7103u 
  650.00000m   29.8286u 
  700.00000m   37.6460u 
  750.00000m   46.0788u 
  800.00000m   55.0498u 
  850.00000m   64.4859u 
  900.00000m   74.3166u 
  950.00000m   84.4730u 
    1.00000    94.8862u 
y
 vth0_value= 257.2495m
 u0_param=  49.4738m
 ags_param= 415.9294m
 
   *** monte carlo  index = 940 ***
x

 volt         param     
             i_d_0.8    
    0.         76.9215p 
   50.00000m  394.5858p 
  100.00000m    1.9801n 
  150.00000m    9.4026n 
  200.00000m   40.7284n 
  250.00000m  156.7614n 
  300.00000m  528.6849n 
  350.00000m    1.5061u 
  400.00000m    3.4996u 
  450.00000m    6.7183u 
  500.00000m   11.1247u 
  550.00000m   16.5791u 
  600.00000m   22.9424u 
  650.00000m   30.0998u 
  700.00000m   37.9565u 
  750.00000m   46.4287u 
  800.00000m   55.4391u 
  850.00000m   64.9144u 
  900.00000m   74.7841u 
  950.00000m   84.9790u 
    1.00000    95.4299u 
y
 vth0_value= 256.0078m
 u0_param=  49.5722m
 ags_param= 424.3360m
 
   *** monte carlo  index = 941 ***
x

 volt         param     
             i_d_0.8    
    0.        154.0638p 
   50.00000m  786.4922p 
  100.00000m    3.8756n 
  150.00000m   17.8057n 
  200.00000m   73.6502n 
  250.00000m  269.2661n 
  300.00000m  852.9437n 
  350.00000m    2.2411u 
  400.00000m    4.7997u 
  450.00000m    8.6302u 
  500.00000m   13.6333u 
  550.00000m   19.6589u 
  600.00000m   26.5738u 
  650.00000m   34.2694u 
  700.00000m   42.6534u 
  750.00000m   51.6425u 
  800.00000m   61.1586u 
  850.00000m   71.1273u 
  900.00000m   81.4764u 
  950.00000m   92.1345u 
    1.00000   103.0294u 
y
 vth0_value= 235.6740m
 u0_param=  50.5247m
 ags_param= 422.4388m
 
   *** monte carlo  index = 942 ***
x

 volt         param     
             i_d_0.8    
    0.         97.3118p 
   50.00000m  498.5527p 
  100.00000m    2.4863n 
  150.00000m   11.6704n 
  200.00000m   49.7103n 
  250.00000m  187.7465n 
  300.00000m  619.1834n 
  350.00000m    1.7129u 
  400.00000m    3.8599u 
  450.00000m    7.2265u 
  500.00000m   11.7515u 
  550.00000m   17.2939u 
  600.00000m   23.7200u 
  650.00000m   30.9206u 
  700.00000m   38.8038u 
  750.00000m   47.2882u 
  800.00000m   56.2980u 
  850.00000m   65.7608u 
  900.00000m   75.6069u 
  950.00000m   85.7676u 
    1.00000    96.1736u 
y
 vth0_value= 248.4016m
 u0_param=  48.7880m
 ags_param= 421.5449m
 
   *** monte carlo  index = 943 ***
x

 volt         param     
             i_d_0.8    
    0.         57.4928p 
   50.00000m  294.8963p 
  100.00000m    1.4887n 
  150.00000m    7.1542n 
  200.00000m   31.5536n 
  250.00000m  124.0281n 
  300.00000m  428.5229n 
  350.00000m    1.2606u 
  400.00000m    3.0336u 
  450.00000m    5.9989u 
  500.00000m   10.1521u 
  550.00000m   15.3626u 
  600.00000m   21.4894u 
  650.00000m   28.4155u 
  700.00000m   36.0447u 
  750.00000m   44.2928u 
  800.00000m   53.0829u 
  850.00000m   62.3423u 
  900.00000m   72.0011u 
  950.00000m   81.9911u 
    1.00000    92.2442u 
y
 vth0_value= 264.5084m
 u0_param=  49.1139m
 ags_param= 421.6009m
 
   *** monte carlo  index = 944 ***
x

 volt         param     
             i_d_0.8    
    0.         33.0640p 
   50.00000m  168.7741p 
  100.00000m  859.7265p 
  150.00000m    4.2150n 
  200.00000m   19.1996n 
  250.00000m   78.5323n 
  300.00000m  283.6014n 
  350.00000m  884.1789n 
  400.00000m    2.2775u 
  450.00000m    4.7862u 
  500.00000m    8.4791u 
  550.00000m   13.2512u 
  600.00000m   18.9606u 
  650.00000m   25.4843u 
  700.00000m   32.7222u 
  750.00000m   40.5889u 
  800.00000m   49.0073u 
  850.00000m   57.9052u 
  900.00000m   67.2139u 
  950.00000m   76.8662u 
    1.00000    86.7961u 
y
 vth0_value= 280.9448m
 u0_param=  48.5372m
 ags_param= 422.6178m
 
   *** monte carlo  index = 945 ***
x

 volt         param     
             i_d_0.8    
    0.         81.7648p 
   50.00000m  419.2749p 
  100.00000m    2.1002n 
  150.00000m    9.9395n 
  200.00000m   42.8423n 
  250.00000m  163.9789n 
  300.00000m  549.4433n 
  350.00000m    1.5519u 
  400.00000m    3.5734u 
  450.00000m    6.8088u 
  500.00000m   11.2139u 
  550.00000m   16.6498u 
  600.00000m   22.9803u 
  650.00000m   30.0934u 
  700.00000m   37.8959u 
  750.00000m   46.3055u 
  800.00000m   55.2460u 
  850.00000m   64.6450u 
  900.00000m   74.4326u 
  950.00000m   84.5404u 
    1.00000    94.8994u 
y
 vth0_value= 253.7394m
 u0_param=  48.9193m
 ags_param= 418.5371m
 
   *** monte carlo  index = 946 ***
x

 volt         param     
             i_d_0.8    
    0.         87.1609p 
   50.00000m  446.9133p 
  100.00000m    2.2360n 
  150.00000m   10.5582n 
  200.00000m   45.3581n 
  250.00000m  172.9494n 
  300.00000m  576.8772n 
  350.00000m    1.6197u 
  400.00000m    3.7061u 
  450.00000m    7.0249u 
  500.00000m   11.5258u 
  550.00000m   17.0665u 
  600.00000m   23.5095u 
  650.00000m   30.7416u 
  700.00000m   38.6689u 
  750.00000m   47.2079u 
  800.00000m   56.2816u 
  850.00000m   65.8167u 
  900.00000m   75.7424u 
  950.00000m   85.9896u 
    1.00000    96.4886u 
y
 vth0_value= 252.2384m
 u0_param=  49.5747m
 ags_param= 418.2254m
 
   *** monte carlo  index = 947 ***
x

 volt         param     
             i_d_0.8    
    0.         54.4145p 
   50.00000m  279.1215p 
  100.00000m    1.4112n 
  150.00000m    6.8024n 
  200.00000m   30.1429n 
  250.00000m  119.1416n 
  300.00000m  414.1882n 
  350.00000m    1.2284u 
  400.00000m    2.9833u 
  450.00000m    5.9463u 
  500.00000m   10.1214u 
  550.00000m   15.3773u 
  600.00000m   21.5691u 
  650.00000m   28.5761u 
  700.00000m   36.2994u 
  750.00000m   44.6528u 
  800.00000m   53.5579u 
  850.00000m   62.9406u 
  900.00000m   72.7299u 
  950.00000m   82.8566u 
    1.00000    93.2520u 
y
 vth0_value= 266.7972m
 u0_param=  50.0788m
 ags_param= 417.7874m
 
   *** monte carlo  index = 948 ***
x

 volt         param     
             i_d_0.8    
    0.         49.4005p 
   50.00000m  253.2335p 
  100.00000m    1.2821n 
  150.00000m    6.1982n 
  200.00000m   27.5943n 
  250.00000m  109.6899n 
  300.00000m  383.7971n 
  350.00000m    1.1481u 
  400.00000m    2.8157u 
  450.00000m    5.6609u 
  500.00000m    9.6982u 
  550.00000m   14.8024u 
  600.00000m   20.8316u 
  650.00000m   27.6667u 
  700.00000m   35.2099u 
  750.00000m   43.3768u 
  800.00000m   52.0901u 
  850.00000m   61.2771u 
  900.00000m   70.8680u 
  950.00000m   80.7948u 
    1.00000    90.9897u 
y
 vth0_value= 269.0987m
 u0_param=  49.1059m
 ags_param= 433.4646m
 
   *** monte carlo  index = 949 ***
x

 volt         param     
             i_d_0.8    
    0.         61.4848p 
   50.00000m  315.3757p 
  100.00000m    1.5896n 
  150.00000m    7.6148n 
  200.00000m   33.4220n 
  250.00000m  130.6247n 
  300.00000m  448.4152n 
  350.00000m    1.3079u 
  400.00000m    3.1176u 
  450.00000m    6.1153u 
  500.00000m   10.2876u 
  550.00000m   15.5031u 
  600.00000m   21.6233u 
  650.00000m   28.5334u 
  700.00000m   36.1386u 
  750.00000m   44.3560u 
  800.00000m   53.1095u 
  850.00000m   62.3269u 
  900.00000m   71.9390u 
  950.00000m   81.8779u 
    1.00000    92.0758u 
y
 vth0_value= 262.1734m
 u0_param=  48.6503m
 ags_param= 417.0255m
 
   *** monte carlo  index = 950 ***
x

 volt         param     
             i_d_0.8    
    0.        123.0995p 
   50.00000m  629.6395p 
  100.00000m    3.1210n 
  150.00000m   14.4889n 
  200.00000m   60.7754n 
  250.00000m  225.6543n 
  300.00000m  728.8259n 
  350.00000m    1.9626u 
  400.00000m    4.3045u 
  450.00000m    7.8861u 
  500.00000m   12.6261u 
  550.00000m   18.3793u 
  600.00000m   25.0135u 
  650.00000m   32.4207u 
  700.00000m   40.5095u 
  750.00000m   49.1980u 
  800.00000m   58.4101u 
  850.00000m   68.0726u 
  900.00000m   78.1149u 
  950.00000m   88.4673u 
    1.00000    99.0596u 
y
 vth0_value= 241.6637m
 u0_param=  49.3224m
 ags_param= 419.1362m
 
   *** monte carlo  index = 951 ***
x

 volt         param     
             i_d_0.8    
    0.         72.2918p 
   50.00000m  370.9216p 
  100.00000m    1.8643n 
  150.00000m    8.8803n 
  200.00000m   38.6421n 
  250.00000m  149.5120n 
  300.00000m  507.2958n 
  350.00000m    1.4568u 
  400.00000m    3.4142u 
  450.00000m    6.6012u 
  500.00000m   10.9876u 
  550.00000m   16.4337u 
  600.00000m   22.7984u 
  650.00000m   29.9651u 
  700.00000m   37.8374u 
  750.00000m   46.3306u 
  800.00000m   55.3669u 
  850.00000m   64.8725u 
  900.00000m   74.7763u 
  950.00000m   85.0089u 
    1.00000    95.5009u 
y
 vth0_value= 258.1310m
 u0_param=  49.9588m
 ags_param= 421.9854m
 
   *** monte carlo  index = 952 ***
x

 volt         param     
             i_d_0.8    
    0.         99.3995p 
   50.00000m  509.3847p 
  100.00000m    2.5409n 
  150.00000m   11.9307n 
  200.00000m   50.8414n 
  250.00000m  192.0988n 
  300.00000m  633.7942n 
  350.00000m    1.7542u 
  400.00000m    3.9550u 
  450.00000m    7.4068u 
  500.00000m   12.0464u 
  550.00000m   17.7282u 
  600.00000m   24.3142u 
  650.00000m   31.6918u 
  700.00000m   39.7666u 
  750.00000m   48.4547u 
  800.00000m   57.6784u 
  850.00000m   67.3637u 
  900.00000m   77.4393u 
  950.00000m   87.8351u 
    1.00000    98.4805u 
y
 vth0_value= 248.6176m
 u0_param=  50.1054m
 ags_param= 421.1270m
 
   *** monte carlo  index = 953 ***
x

 volt         param     
             i_d_0.8    
    0.         73.6962p 
   50.00000m  378.1273p 
  100.00000m    1.8998n 
  150.00000m    9.0429n 
  200.00000m   39.3072n 
  250.00000m  151.8945n 
  300.00000m  514.6264n 
  350.00000m    1.4750u 
  400.00000m    3.4496u 
  450.00000m    6.6579u 
  500.00000m   11.0677u 
  550.00000m   16.5386u 
  600.00000m   22.9290u 
  650.00000m   30.1224u 
  700.00000m   38.0223u 
  750.00000m   46.5440u 
  800.00000m   55.6092u 
  850.00000m   65.1441u 
  900.00000m   75.0775u 
  950.00000m   85.3399u 
    1.00000    95.8615u 
y
 vth0_value= 257.6280m
 u0_param=  50.0806m
 ags_param= 424.0092m
 
   *** monte carlo  index = 954 ***
x

 volt         param     
             i_d_0.8    
    0.        120.4133p 
   50.00000m  616.0510p 
  100.00000m    3.0559n 
  150.00000m   14.2044n 
  200.00000m   59.6854n 
  250.00000m  222.0299n 
  300.00000m  718.8042n 
  350.00000m    1.9414u 
  400.00000m    4.2707u 
  450.00000m    7.8424u 
  500.00000m   12.5770u 
  550.00000m   18.3290u 
  600.00000m   24.9654u 
  650.00000m   32.3775u 
  700.00000m   40.4736u 
  750.00000m   49.1715u 
  800.00000m   58.3947u 
  850.00000m   68.0701u 
  900.00000m   78.1267u 
  950.00000m   88.4950u 
    1.00000    99.1044u 
y
 vth0_value= 242.4192m
 u0_param=  49.4610m
 ags_param= 422.5034m
 
   *** monte carlo  index = 955 ***
x

 volt         param     
             i_d_0.8    
    0.        119.1589p 
   50.00000m  609.8896p 
  100.00000m    3.0281n 
  150.00000m   14.0981n 
  200.00000m   59.3682n 
  250.00000m  221.3679n 
  300.00000m  718.6799n 
  350.00000m    1.9481u 
  400.00000m    4.3004u 
  450.00000m    7.9186u 
  500.00000m   12.7230u 
  550.00000m   18.5647u 
  600.00000m   25.3069u 
  650.00000m   32.8382u 
  700.00000m   41.0645u 
  750.00000m   49.9021u 
  800.00000m   59.2727u 
  850.00000m   69.1019u 
  900.00000m   79.3177u 
  950.00000m   89.8495u 
    1.00000   100.6261u 
y
 vth0_value= 243.3879m
 u0_param=  50.4755m
 ags_param= 405.3199m
 
   *** monte carlo  index = 956 ***
x

 volt         param     
             i_d_0.8    
    0.         78.1332p 
   50.00000m  400.7893p 
  100.00000m    2.0105n 
  150.00000m    9.5410n 
  200.00000m   41.2880n 
  250.00000m  158.7401n 
  300.00000m  534.6689n 
  350.00000m    1.5206u 
  400.00000m    3.5268u 
  450.00000m    6.7603u 
  500.00000m   11.1821u 
  550.00000m   16.6519u 
  600.00000m   23.0307u 
  650.00000m   30.2040u 
  700.00000m   38.0768u 
  750.00000m   46.5653u 
  800.00000m   55.5923u 
  850.00000m   65.0844u 
  900.00000m   74.9709u 
  950.00000m   85.1826u 
    1.00000    95.6502u 
y
 vth0_value= 255.5646m
 u0_param=  49.6164m
 ags_param= 431.4207m
 
   *** monte carlo  index = 957 ***
x

 volt         param     
             i_d_0.8    
    0.         45.7361p 
   50.00000m  234.2942p 
  100.00000m    1.1874n 
  150.00000m    5.7535n 
  200.00000m   25.7085n 
  250.00000m  102.6515n 
  300.00000m  360.9835n 
  350.00000m    1.0870u 
  400.00000m    2.6867u 
  450.00000m    5.4384u 
  500.00000m    9.3650u 
  550.00000m   14.3459u 
  600.00000m   20.2414u 
  650.00000m   26.9336u 
  700.00000m   34.3259u 
  750.00000m   42.3349u 
  800.00000m   50.8843u 
  850.00000m   59.9027u 
  900.00000m   69.3211u 
  950.00000m   79.0725u 
    1.00000    89.0902u 
y
 vth0_value= 270.9192m
 u0_param=  48.3180m
 ags_param= 406.2468m
 
   *** monte carlo  index = 958 ***
x

 volt         param     
             i_d_0.8    
    0.         67.2929p 
   50.00000m  345.2364p 
  100.00000m    1.7373n 
  150.00000m    8.2960n 
  200.00000m   36.2343n 
  250.00000m  140.8065n 
  300.00000m  480.1835n 
  350.00000m    1.3883u 
  400.00000m    3.2774u 
  450.00000m    6.3762u 
  500.00000m   10.6616u 
  550.00000m   15.9981u 
  600.00000m   22.2457u 
  650.00000m   29.2890u 
  700.00000m   37.0326u 
  750.00000m   45.3926u 
  800.00000m   54.2922u 
  850.00000m   63.6583u 
  900.00000m   73.4208u 
  950.00000m   83.5110u 
    1.00000    93.8603u 
y
 vth0_value= 259.8671m
 u0_param=  49.2955m
 ags_param= 425.0672m
 
   *** monte carlo  index = 959 ***
x

 volt         param     
             i_d_0.8    
    0.         59.8382p 
   50.00000m  306.9608p 
  100.00000m    1.5485n 
  150.00000m    7.4300n 
  200.00000m   32.6924n 
  250.00000m  128.1448n 
  300.00000m  441.3388n 
  350.00000m    1.2928u 
  400.00000m    3.0964u 
  450.00000m    6.0984u 
  500.00000m   10.2895u 
  550.00000m   15.5374u 
  600.00000m   21.7015u 
  650.00000m   28.6647u 
  700.00000m   36.3308u 
  750.00000m   44.6157u 
  800.00000m   53.4424u 
  850.00000m   62.7380u 
  900.00000m   72.4325u 
  950.00000m   82.4575u 
    1.00000    92.7447u 
y
 vth0_value= 263.3716m
 u0_param=  49.2259m
 ags_param= 417.8887m
 
   *** monte carlo  index = 960 ***
x

 volt         param     
             i_d_0.8    
    0.         49.9430p 
   50.00000m  256.0201p 
  100.00000m    1.2958n 
  150.00000m    6.2611n 
  200.00000m   27.8497n 
  250.00000m  110.5865n 
  300.00000m  386.4756n 
  350.00000m    1.1543u 
  400.00000m    2.8259u 
  450.00000m    5.6723u 
  500.00000m    9.7064u 
  550.00000m   14.8029u 
  600.00000m   20.8204u 
  650.00000m   27.6406u 
  700.00000m   35.1662u 
  750.00000m   43.3129u 
  800.00000m   52.0040u 
  850.00000m   61.1668u 
  900.00000m   70.7318u 
  950.00000m   80.6311u 
    1.00000    90.7972u 
y
 vth0_value= 268.6556m
 u0_param=  48.9347m
 ags_param= 423.6335m
 
   *** monte carlo  index = 961 ***
x

 volt         param     
             i_d_0.8    
    0.         73.2046p 
   50.00000m  375.3785p 
  100.00000m    1.8840n 
  150.00000m    8.9508n 
  200.00000m   38.8010n 
  250.00000m  149.4873n 
  300.00000m  504.7878n 
  350.00000m    1.4405u 
  400.00000m    3.3533u 
  450.00000m    6.4479u 
  500.00000m   10.6909u 
  550.00000m   15.9489u 
  600.00000m   22.0882u 
  650.00000m   28.9988u 
  700.00000m   36.5892u 
  750.00000m   44.7785u 
  800.00000m   53.4922u 
  850.00000m   62.6593u 
  900.00000m   72.2114u 
  950.00000m   82.0814u 
    1.00000    92.2017u 
y
 vth0_value= 256.3382m
 u0_param=  47.8055m
 ags_param= 420.1401m
 
   *** monte carlo  index = 962 ***
x

 volt         param     
             i_d_0.8    
    0.        111.1827p 
   50.00000m  569.1708p 
  100.00000m    2.8293n 
  150.00000m   13.2010n 
  200.00000m   55.7596n 
  250.00000m  208.6302n 
  300.00000m  680.2550n 
  350.00000m    1.8542u 
  400.00000m    4.1162u 
  450.00000m    7.6139u 
  500.00000m   12.2743u 
  550.00000m   17.9533u 
  600.00000m   24.5174u 
  650.00000m   31.8575u 
  700.00000m   39.8819u 
  750.00000m   48.5084u 
  800.00000m   57.6607u 
  850.00000m   67.2659u 
  900.00000m   77.2535u 
  950.00000m   87.5540u 
    1.00000    98.0976u 
y
 vth0_value= 244.6989m
 u0_param=  49.2692m
 ags_param= 421.3818m
 
   *** monte carlo  index = 963 ***
x

 volt         param     
             i_d_0.8    
    0.        153.0116p 
   50.00000m  781.2109p 
  100.00000m    3.8506n 
  150.00000m   17.6995n 
  200.00000m   73.2573n 
  250.00000m  268.0126n 
  300.00000m  849.7026n 
  350.00000m    2.2350u 
  400.00000m    4.7914u 
  450.00000m    8.6221u 
  500.00000m   13.6281u 
  550.00000m   19.6587u 
  600.00000m   26.5805u 
  650.00000m   34.2846u 
  700.00000m   42.6782u 
  750.00000m   51.6780u 
  800.00000m   61.2058u 
  850.00000m   71.1869u 
  900.00000m   81.5491u 
  950.00000m   92.2209u 
    1.00000   103.1301u 
y
 vth0_value= 235.9441m
 u0_param=  50.6243m
 ags_param= 421.1231m
 
   *** monte carlo  index = 964 ***
x

 volt         param     
             i_d_0.8    
    0.         88.4904p 
   50.00000m  453.7071p 
  100.00000m    2.2692n 
  150.00000m   10.7084n 
  200.00000m   45.9608n 
  250.00000m  175.0654n 
  300.00000m  583.2119n 
  350.00000m    1.6348u 
  400.00000m    3.7343u 
  450.00000m    7.0685u 
  500.00000m   11.5856u 
  550.00000m   17.1428u 
  600.00000m   23.6025u 
  650.00000m   30.8517u 
  700.00000m   38.7961u 
  750.00000m   47.3526u 
  800.00000m   56.4437u 
  850.00000m   65.9963u 
  900.00000m   75.9395u 
  950.00000m   86.2039u 
    1.00000    96.7199u 
y
 vth0_value= 251.8242m
 u0_param=  49.6403m
 ags_param= 416.7780m
 
   *** monte carlo  index = 965 ***
x

 volt         param     
             i_d_0.8    
    0.         90.6625p 
   50.00000m  464.7438p 
  100.00000m    2.3226n 
  150.00000m   10.9442n 
  200.00000m   46.8751n 
  250.00000m  178.1314n 
  300.00000m  591.7957n 
  350.00000m    1.6529u 
  400.00000m    3.7615u 
  450.00000m    7.0986u 
  500.00000m   11.6095u 
  550.00000m   17.1527u 
  600.00000m   23.5916u 
  650.00000m   30.8147u 
  700.00000m   38.7286u 
  750.00000m   47.2506u 
  800.00000m   56.3041u 
  850.00000m   65.8161u 
  900.00000m   75.7162u 
  950.00000m   85.9354u 
    1.00000    96.4042u 
y
 vth0_value= 250.8775m
 u0_param=  49.3087m
 ags_param= 419.6800m
 
   *** monte carlo  index = 966 ***
x

 volt         param     
             i_d_0.8    
    0.         82.1786p 
   50.00000m  421.4936p 
  100.00000m    2.1121n 
  150.00000m   10.0021n 
  200.00000m   43.1506n 
  250.00000m  165.3186n 
  300.00000m  554.5235n 
  350.00000m    1.5684u 
  400.00000m    3.6167u 
  450.00000m    6.8990u 
  500.00000m   11.3711u 
  550.00000m   16.8910u 
  600.00000m   23.3194u 
  650.00000m   30.5420u 
  700.00000m   38.4636u 
  750.00000m   47.0004u 
  800.00000m   56.0747u 
  850.00000m   65.6130u 
  900.00000m   75.5445u 
  950.00000m   85.7997u 
    1.00000    96.3091u 
y
 vth0_value= 254.1601m
 u0_param=  49.8006m
 ags_param= 404.4059m
 
   *** monte carlo  index = 967 ***
x

 volt         param     
             i_d_0.8    
    0.         70.6704p 
   50.00000m  362.5175p 
  100.00000m    1.8220n 
  150.00000m    8.6792n 
  200.00000m   37.7707n 
  250.00000m  146.1627n 
  300.00000m  496.0565n 
  350.00000m    1.4250u 
  400.00000m    3.3411u 
  450.00000m    6.4623u 
  500.00000m   10.7601u 
  550.00000m   16.0983u 
  600.00000m   22.3391u 
  650.00000m   29.3684u 
  700.00000m   37.0919u 
  750.00000m   45.4268u 
  800.00000m   54.2966u 
  850.00000m   63.6288u 
  900.00000m   73.3537u 
  950.00000m   83.4029u 
    1.00000    93.7081u 
y
 vth0_value= 258.1609m
 u0_param=  48.9482m
 ags_param= 416.2324m
 
   *** monte carlo  index = 968 ***
x

 volt         param     
             i_d_0.8    
    0.         77.6489p 
   50.00000m  398.3488p 
  100.00000m    1.9989n 
  150.00000m    9.4916n 
  200.00000m   41.1103n 
  250.00000m  158.2116n 
  300.00000m  533.4847n 
  350.00000m    1.5195u 
  400.00000m    3.5297u 
  450.00000m    6.7745u 
  500.00000m   11.2156u 
  550.00000m   16.7121u 
  600.00000m   23.1234u 
  650.00000m   30.3342u 
  700.00000m   38.2486u 
  750.00000m   46.7821u 
  800.00000m   55.8571u 
  850.00000m   65.3997u 
  900.00000m   75.3388u 
  950.00000m   85.6049u 
    1.00000    96.1284u 
y
 vth0_value= 255.9703m
 u0_param=  49.9549m
 ags_param= 430.3893m
 
   *** monte carlo  index = 969 ***
x

 volt         param     
             i_d_0.8    
    0.         74.6846p 
   50.00000m  383.1400p 
  100.00000m    1.9240n 
  150.00000m    9.1483n 
  200.00000m   39.7046n 
  250.00000m  153.1648n 
  300.00000m  517.9090n 
  350.00000m    1.4806u 
  400.00000m    3.4529u 
  450.00000m    6.6492u 
  500.00000m   11.0349u 
  550.00000m   16.4712u 
  600.00000m   22.8181u 
  650.00000m   29.9609u 
  700.00000m   37.8041u 
  750.00000m   46.2639u 
  800.00000m   55.2629u 
  850.00000m   64.7278u 
  900.00000m   74.5881u 
  950.00000m   84.7745u 
    1.00000    95.2180u 
y
 vth0_value= 256.9149m
 u0_param=  49.5972m
 ags_param= 424.6319m
 
   *** monte carlo  index = 970 ***
x

 volt         param     
             i_d_0.8    
    0.         87.3071p 
   50.00000m  447.6177p 
  100.00000m    2.2390n 
  150.00000m   10.5684n 
  200.00000m   45.3760n 
  250.00000m  172.9110n 
  300.00000m  576.3423n 
  350.00000m    1.6167u 
  400.00000m    3.6957u 
  450.00000m    7.0000u 
  500.00000m   11.4788u 
  550.00000m   16.9912u 
  600.00000m   23.4005u 
  650.00000m   30.5947u 
  700.00000m   38.4805u 
  750.00000m   46.9750u 
  800.00000m   56.0017u 
  850.00000m   65.4877u 
  900.00000m   75.3627u 
  950.00000m   85.5577u 
    1.00000    96.0034u 
y
 vth0_value= 251.9791m
 u0_param=  49.2535m
 ags_param= 423.7610m
 
   *** monte carlo  index = 971 ***
x

 volt         param     
             i_d_0.8    
    0.        131.5753p 
   50.00000m  672.5982p 
  100.00000m    3.3279n 
  150.00000m   15.3991n 
  200.00000m   64.3086n 
  250.00000m  237.6139n 
  300.00000m  762.8171n 
  350.00000m    2.0383u 
  400.00000m    4.4370u 
  450.00000m    8.0805u 
  500.00000m   12.8824u 
  550.00000m   18.6965u 
  600.00000m   25.3911u 
  650.00000m   32.8585u 
  700.00000m   41.0075u 
  750.00000m   49.7562u 
  800.00000m   59.0279u 
  850.00000m   68.7497u 
  900.00000m   78.8505u 
  950.00000m   89.2604u 
    1.00000    99.9087u 
y
 vth0_value= 239.7572m
 u0_param=  49.4775m
 ags_param= 424.7921m
 
   *** monte carlo  index = 972 ***
x

 volt         param     
             i_d_0.8    
    0.        106.6047p 
   50.00000m  545.7071p 
  100.00000m    2.7138n 
  150.00000m   12.6727n 
  200.00000m   53.5920n 
  250.00000m  200.7987n 
  300.00000m  655.8838n 
  350.00000m    1.7919u 
  400.00000m    3.9872u 
  450.00000m    7.3895u 
  500.00000m   11.9300u 
  550.00000m   17.4687u 
  600.00000m   23.8754u 
  650.00000m   31.0438u 
  700.00000m   38.8841u 
  750.00000m   47.3162u 
  800.00000m   56.2653u 
  850.00000m   65.6602u 
  900.00000m   75.4317u 
  950.00000m   85.5116u 
    1.00000    95.8313u 
y
 vth0_value= 245.2040m
 u0_param=  48.1154m
 ags_param= 413.6951m
 
   *** monte carlo  index = 973 ***
x

 volt         param     
             i_d_0.8    
    0.        131.4177p 
   50.00000m  671.7951p 
  100.00000m    3.3240n 
  150.00000m   15.3815n 
  200.00000m   64.2383n 
  250.00000m  237.3656n 
  300.00000m  762.0626n 
  350.00000m    2.0365u 
  400.00000m    4.4332u 
  450.00000m    8.0739u 
  500.00000m   12.8720u 
  550.00000m   18.6815u 
  600.00000m   25.3706u 
  650.00000m   32.8316u 
  700.00000m   40.9733u 
  750.00000m   49.7138u 
  800.00000m   58.9767u 
  850.00000m   68.6887u 
  900.00000m   78.7790u 
  950.00000m   89.1777u 
    1.00000    99.8143u 
y
 vth0_value= 239.7777m
 u0_param=  49.4535m
 ags_param= 407.4139m
 
   *** monte carlo  index = 974 ***
x

 volt         param     
             i_d_0.8    
    0.        114.6701p 
   50.00000m  586.9950p 
  100.00000m    2.9165n 
  150.00000m   13.5963n 
  200.00000m   57.3592n 
  250.00000m  214.3160n 
  300.00000m  697.5707n 
  350.00000m    1.8971u 
  400.00000m    4.2018u 
  450.00000m    7.7578u 
  500.00000m   12.4890u 
  550.00000m   18.2490u 
  600.00000m   24.9025u 
  650.00000m   32.3390u 
  700.00000m   40.4657u 
  750.00000m   49.1995u 
  800.00000m   58.4631u 
  850.00000m   68.1829u 
  900.00000m   78.2875u 
  950.00000m   88.7069u 
    1.00000    99.3704u 
y
 vth0_value= 244.1735m
 u0_param=  49.8947m
 ags_param= 415.5132m
 
   *** monte carlo  index = 975 ***
x

 volt         param     
             i_d_0.8    
    0.        167.8072p 
   50.00000m  855.5566p 
  100.00000m    4.2026n 
  150.00000m   19.2053n 
  200.00000m   78.8861n 
  250.00000m  286.2202n 
  300.00000m  897.9223n 
  350.00000m    2.3312u 
  400.00000m    4.9365u 
  450.00000m    8.7992u 
  500.00000m   13.8153u 
  550.00000m   19.8368u 
  600.00000m   26.7339u 
  650.00000m   34.4005u 
  700.00000m   42.7460u 
  750.00000m   51.6884u 
  800.00000m   61.1507u 
  850.00000m   71.0590u 
  900.00000m   81.3419u 
  950.00000m   91.9284u 
    1.00000   102.7466u 
y
 vth0_value= 232.6970m
 u0_param=  49.9016m
 ags_param= 421.6763m
 
   *** monte carlo  index = 976 ***
x

 volt         param     
             i_d_0.8    
    0.         35.7879p 
   50.00000m  182.8506p 
  100.00000m  930.0132p 
  150.00000m    4.5438n 
  200.00000m   20.5786n 
  250.00000m   83.5600n 
  300.00000m  299.3671n 
  350.00000m  923.8103n 
  400.00000m    2.3502u 
  450.00000m    4.8829u 
  500.00000m    8.5757u 
  550.00000m   13.3212u 
  600.00000m   18.9812u 
  650.00000m   25.4368u 
  700.00000m   32.5912u 
  750.00000m   40.3612u 
  800.00000m   48.6717u 
  850.00000m   57.4517u 
  900.00000m   66.6337u 
  950.00000m   76.1518u 
    1.00000    85.9406u 
y
 vth0_value= 277.8613m
 u0_param=  47.5371m
 ags_param= 417.8287m
 
   *** monte carlo  index = 977 ***
x

 volt         param     
             i_d_0.8    
    0.         76.4353p 
   50.00000m  392.0965p 
  100.00000m    1.9678n 
  150.00000m    9.3471n 
  200.00000m   40.5038n 
  250.00000m  155.9668n 
  300.00000m  526.2779n 
  350.00000m    1.5003u 
  400.00000m    3.4886u 
  450.00000m    6.7011u 
  500.00000m   11.1009u 
  550.00000m   16.5483u 
  600.00000m   22.9042u 
  650.00000m   30.0538u 
  700.00000m   37.9020u 
  750.00000m   46.3652u 
  800.00000m   55.3659u 
  850.00000m   64.8311u 
  900.00000m   74.6901u 
  950.00000m   84.8738u 
    1.00000    95.3131u 
y
 vth0_value= 256.1898m
 u0_param=  49.5577m
 ags_param= 407.7700m
 
   *** monte carlo  index = 978 ***
x

 volt         param     
             i_d_0.8    
    0.         74.2230p 
   50.00000m  380.7130p 
  100.00000m    1.9114n 
  150.00000m    9.0857n 
  200.00000m   39.4153n 
  250.00000m  151.9755n 
  300.00000m  513.6238n 
  350.00000m    1.4673u 
  400.00000m    3.4197u 
  450.00000m    6.5816u 
  500.00000m   10.9190u 
  550.00000m   16.2948u 
  600.00000m   22.5714u 
  650.00000m   29.6358u 
  700.00000m   37.3937u 
  750.00000m   45.7625u 
  800.00000m   54.6658u 
  850.00000m   64.0310u 
  900.00000m   73.7884u 
  950.00000m   83.8694u 
    1.00000    94.2053u 
y
 vth0_value= 256.6982m
 u0_param=  48.9766m
 ags_param= 432.6010m
 
   *** monte carlo  index = 979 ***
x

 volt         param     
             i_d_0.8    
    0.         35.0583p 
   50.00000m  179.1499p 
  100.00000m  912.3013p 
  150.00000m    4.4682n 
  200.00000m   20.3170n 
  250.00000m   82.9112n 
  300.00000m  298.6282n 
  350.00000m  927.8078n 
  400.00000m    2.3798u 
  450.00000m    4.9814u 
  500.00000m    8.7973u 
  550.00000m   13.7170u 
  600.00000m   19.5941u 
  650.00000m   26.3023u 
  700.00000m   33.7389u 
  750.00000m   41.8162u 
  800.00000m   50.4552u 
  850.00000m   59.5820u 
  900.00000m   69.1261u 
  950.00000m   79.0189u 
    1.00000    89.1930u 
y
 vth0_value= 280.0022m
 u0_param=  49.8394m
 ags_param= 419.8934m
 
   *** monte carlo  index = 980 ***
x

 volt         param     
             i_d_0.8    
    0.        161.0317p 
   50.00000m  821.4294p 
  100.00000m    4.0403n 
  150.00000m   18.5042n 
  200.00000m   76.2259n 
  250.00000m  277.4455n 
  300.00000m  873.9270n 
  350.00000m    2.2803u 
  400.00000m    4.8515u 
  450.00000m    8.6792u 
  500.00000m   13.6621u 
  550.00000m   19.6522u 
  600.00000m   26.5195u 
  650.00000m   34.1574u 
  700.00000m   42.4751u 
  750.00000m   51.3905u 
  800.00000m   60.8268u 
  850.00000m   70.7101u 
  900.00000m   80.9690u 
  950.00000m   91.5326u 
    1.00000   102.3293u 
y
 vth0_value= 233.9182m
 u0_param=  49.8675m
 ags_param= 423.5635m
 
   *** monte carlo  index = 981 ***
x

 volt         param     
             i_d_0.8    
    0.        198.6758p 
   50.00000m    1.0102n 
  100.00000m    4.9303n 
  150.00000m   22.2910n 
  200.00000m   90.3202n 
  250.00000m  322.8640n 
  300.00000m  993.6301n 
  350.00000m    2.5203u 
  400.00000m    5.2233u 
  450.00000m    9.1592u 
  500.00000m   14.2161u 
  550.00000m   20.2499u 
  600.00000m   27.1365u 
  650.00000m   34.7744u 
  700.00000m   43.0755u 
  750.00000m   51.9600u 
  800.00000m   61.3524u 
  850.00000m   71.1801u 
  900.00000m   81.3725u 
  950.00000m   91.8593u 
    1.00000   102.5688u 
y
 vth0_value= 226.9499m
 u0_param=  48.9052m
 ags_param= 430.2035m
 
   *** monte carlo  index = 982 ***
x

 volt         param     
             i_d_0.8    
    0.         59.3505p 
   50.00000m  304.4785p 
  100.00000m    1.5364n 
  150.00000m    7.3769n 
  200.00000m   32.4897n 
  250.00000m  127.4917n 
  300.00000m  439.6299n 
  350.00000m    1.2899u 
  400.00000m    3.0950u 
  450.00000m    6.1049u 
  500.00000m   10.3118u 
  550.00000m   15.5828u 
  600.00000m   21.7757u 
  650.00000m   28.7727u 
  700.00000m   36.4766u 
  750.00000m   44.8026u 
  800.00000m   53.6733u 
  850.00000m   63.0152u 
  900.00000m   72.7580u 
  950.00000m   82.8330u 
    1.00000    93.1716u 
y
 vth0_value= 263.8326m
 u0_param=  49.5550m
 ags_param= 412.3713m
 
   *** monte carlo  index = 983 ***
x

 volt         param     
             i_d_0.8    
    0.        140.1944p 
   50.00000m  716.3303p 
  100.00000m    3.5389n 
  150.00000m   16.3320n 
  200.00000m   67.9597n 
  250.00000m  250.1027n 
  300.00000m  798.8729n 
  350.00000m    2.1211u 
  400.00000m    4.5886u 
  450.00000m    8.3157u 
  500.00000m   13.2105u 
  550.00000m   19.1248u 
  600.00000m   25.9255u 
  650.00000m   33.5043u 
  700.00000m   41.7691u 
  750.00000m   50.6372u 
  800.00000m   60.0312u 
  850.00000m   69.8773u 
  900.00000m   80.1037u 
  950.00000m   90.6399u 
    1.00000   101.4145u 
y
 vth0_value= 238.2184m
 u0_param=  50.0560m
 ags_param= 421.9985m
 
   *** monte carlo  index = 984 ***
x

 volt         param     
             i_d_0.8    
    0.        148.1094p 
   50.00000m  756.4674p 
  100.00000m    3.7324n 
  150.00000m   17.1863n 
  200.00000m   71.2980n 
  250.00000m  261.5079n 
  300.00000m  831.7465n 
  350.00000m    2.1966u 
  400.00000m    4.7272u 
  450.00000m    8.5320u 
  500.00000m   13.5143u 
  550.00000m   19.5236u 
  600.00000m   26.4258u 
  650.00000m   34.1116u 
  700.00000m   42.4881u 
  750.00000m   51.4718u 
  800.00000m   60.9844u 
  850.00000m   70.9515u 
  900.00000m   81.3005u 
  950.00000m   91.9602u 
    1.00000   102.8585u 
y
 vth0_value= 236.9329m
 u0_param=  50.6354m
 ags_param= 421.4446m
 
   *** monte carlo  index = 985 ***
x

 volt         param     
             i_d_0.8    
    0.        103.6343p 
   50.00000m  530.9444p 
  100.00000m    2.6456n 
  150.00000m   12.3976n 
  200.00000m   52.6830n 
  250.00000m  198.4335n 
  300.00000m  652.2214n 
  350.00000m    1.7963u 
  400.00000m    4.0296u 
  450.00000m    7.5161u 
  500.00000m   12.1885u 
  550.00000m   17.9007u 
  600.00000m   24.5153u 
  650.00000m   31.9200u 
  700.00000m   40.0206u 
  750.00000m   48.7336u 
  800.00000m   57.9811u 
  850.00000m   67.6891u 
  900.00000m   77.7863u 
  950.00000m   88.2024u 
    1.00000    98.8669u 
y
 vth0_value= 247.3706m
 u0_param=  50.1225m
 ags_param= 419.3663m
 
   *** monte carlo  index = 986 ***
x

 volt         param     
             i_d_0.8    
    0.        197.2596p 
   50.00000m    1.0037n 
  100.00000m    4.9063n 
  150.00000m   22.2365n 
  200.00000m   90.3704n 
  250.00000m  324.0726n 
  300.00000m    1.0014u 
  350.00000m    2.5523u 
  400.00000m    5.3130u 
  450.00000m    9.3465u 
  500.00000m   14.5382u 
  550.00000m   20.7380u 
  600.00000m   27.8163u 
  650.00000m   35.6674u 
  700.00000m   44.1999u 
  750.00000m   53.3312u 
  800.00000m   62.9835u 
  850.00000m   73.0821u 
  900.00000m   83.5545u 
  950.00000m   94.3288u 
    1.00000   105.3319u 
y
 vth0_value= 228.2424m
 u0_param=  50.5623m
 ags_param= 430.1463m
 
   *** monte carlo  index = 987 ***
x

 volt         param     
             i_d_0.8    
    0.         52.2120p 
   50.00000m  267.6525p 
  100.00000m    1.3530n 
  150.00000m    6.5208n 
  200.00000m   28.8908n 
  250.00000m  114.1816n 
  300.00000m  396.9661n 
  350.00000m    1.1775u 
  400.00000m    2.8602u 
  450.00000m    5.7023u 
  500.00000m    9.7091u 
  550.00000m   14.7560u 
  600.00000m   20.7052u 
  650.00000m   27.4415u 
  700.00000m   34.8704u 
  750.00000m   42.9093u 
  800.00000m   51.4829u 
  850.00000m   60.5200u 
  900.00000m   69.9521u 
  950.00000m   79.7122u 
    1.00000    89.7336u 
y
 vth0_value= 266.7026m
 u0_param=  48.0176m
 ags_param= 413.7362m
 
   *** monte carlo  index = 988 ***
x

 volt         param     
             i_d_0.8    
    0.         81.3774p 
   50.00000m  417.5303p 
  100.00000m    2.0940n 
  150.00000m    9.9317n 
  200.00000m   42.9425n 
  250.00000m  164.9294n 
  300.00000m  554.7813n 
  350.00000m    1.5750u 
  400.00000m    3.6460u 
  450.00000m    6.9770u 
  500.00000m   11.5254u 
  550.00000m   17.1458u 
  600.00000m   23.6948u 
  650.00000m   31.0547u 
  700.00000m   39.1278u 
  750.00000m   47.8280u 
  800.00000m   57.0762u 
  850.00000m   66.7971u 
  900.00000m   76.9185u 
  950.00000m   87.3699u 
    1.00000    98.0805u 
y
 vth0_value= 255.1931m
 u0_param=  50.9596m
 ags_param= 416.3714m
 
   *** monte carlo  index = 989 ***
x

 volt         param     
             i_d_0.8    
    0.        103.5870p 
   50.00000m  530.8291p 
  100.00000m    2.6463n 
  150.00000m   12.4109n 
  200.00000m   52.7994n 
  250.00000m  199.1151n 
  300.00000m  655.3953n 
  350.00000m    1.8084u 
  400.00000m    4.0643u 
  450.00000m    7.5918u 
  500.00000m   12.3239u 
  550.00000m   18.1116u 
  600.00000m   24.8148u 
  650.00000m   32.3193u 
  700.00000m   40.5293u 
  750.00000m   49.3596u 
  800.00000m   58.7314u 
  850.00000m   68.5698u 
  900.00000m   78.8022u 
  950.00000m   89.3578u 
    1.00000   100.1652u 
y
 vth0_value= 247.8847m
 u0_param=  50.9098m
 ags_param= 434.0100m
 
   *** monte carlo  index = 990 ***
x

 volt         param     
             i_d_0.8    
    0.         90.0205p 
   50.00000m  461.3790p 
  100.00000m    2.3053n 
  150.00000m   10.8591n 
  200.00000m   46.4887n 
  250.00000m  176.5771n 
  300.00000m  586.3193n 
  350.00000m    1.6365u 
  400.00000m    3.7216u 
  450.00000m    7.0194u 
  500.00000m   11.4761u 
  550.00000m   16.9522u 
  600.00000m   23.3135u 
  650.00000m   30.4500u 
  700.00000m   38.2699u 
  750.00000m   46.6916u 
  800.00000m   55.6393u 
  850.00000m   65.0412u 
  900.00000m   74.8274u 
  950.00000m   84.9297u 
    1.00000    95.2793u 
y
 vth0_value= 250.6583m
 u0_param=  48.6478m
 ags_param= 418.7631m
 
   *** monte carlo  index = 991 ***
x

 volt         param     
             i_d_0.8    
    0.         59.4116p 
   50.00000m  304.7511p 
  100.00000m    1.5374n 
  150.00000m    7.3773n 
  200.00000m   32.4652n 
  250.00000m  127.2764n 
  300.00000m  438.4422n 
  350.00000m    1.2847u 
  400.00000m    3.0780u 
  450.00000m    6.0639u 
  500.00000m   10.2337u 
  550.00000m   15.4560u 
  600.00000m   21.5908u 
  650.00000m   28.5217u 
  700.00000m   36.1531u 
  750.00000m   44.4012u 
  800.00000m   53.1892u 
  850.00000m   62.4447u 
  900.00000m   72.0980u 
  950.00000m   82.0808u 
    1.00000    92.3252u 
y
 vth0_value= 263.4349m
 u0_param=  48.9912m
 ags_param= 419.6998m
 
   *** monte carlo  index = 992 ***
x

 volt         param     
             i_d_0.8    
    0.         64.1323p 
   50.00000m  328.9375p 
  100.00000m    1.6562n 
  150.00000m    7.9173n 
  200.00000m   34.6402n 
  250.00000m  134.8892n 
  300.00000m  461.1279n 
  350.00000m    1.3375u 
  400.00000m    3.1690u 
  450.00000m    6.1843u 
  500.00000m   10.3649u 
  550.00000m   15.5792u 
  600.00000m   21.6905u 
  650.00000m   28.5854u 
  700.00000m   36.1705u 
  750.00000m   44.3635u 
  800.00000m   53.0889u 
  850.00000m   62.2752u 
  900.00000m   71.8534u 
  950.00000m   81.7559u 
    1.00000    91.9151u 
y
 vth0_value= 260.6698m
 u0_param=  48.3046m
 ags_param= 429.6109m
 
   *** monte carlo  index = 993 ***
x

 volt         param     
             i_d_0.8    
    0.         59.8651p 
   50.00000m  307.1651p 
  100.00000m    1.5502n 
  150.00000m    7.4438n 
  200.00000m   32.7910n 
  250.00000m  128.7018n 
  300.00000m  443.8908n 
  350.00000m    1.3027u 
  400.00000m    3.1266u 
  450.00000m    6.1684u 
  500.00000m   10.4202u 
  550.00000m   15.7471u 
  600.00000m   22.0051u 
  650.00000m   29.0747u 
  700.00000m   36.8574u 
  750.00000m   45.2677u 
  800.00000m   54.2269u 
  850.00000m   63.6611u 
  900.00000m   73.4992u 
  950.00000m   83.6718u 
    1.00000    94.1098u 
y
 vth0_value= 263.9371m
 u0_param=  50.1242m
 ags_param= 407.2667m
 
   *** monte carlo  index = 994 ***
x

 volt         param     
             i_d_0.8    
    0.         41.1430p 
   50.00000m  210.6350p 
  100.00000m    1.0700n 
  150.00000m    5.2106n 
  200.00000m   23.4704n 
  250.00000m   94.6437n 
  300.00000m  336.4427n 
  350.00000m    1.0276u 
  400.00000m    2.5823u 
  450.00000m    5.3050u 
  500.00000m    9.2367u 
  550.00000m   14.2585u 
  600.00000m   20.2252u 
  650.00000m   27.0133u 
  700.00000m   34.5221u 
  750.00000m   42.6650u 
  800.00000m   51.3636u 
  850.00000m   60.5442u 
  900.00000m   70.1365u 
  950.00000m   80.0720u 
    1.00000    90.2830u 
y
 vth0_value= 275.0251m
 u0_param=  49.6807m
 ags_param= 413.5438m
 
   *** monte carlo  index = 995 ***
x

 volt         param     
             i_d_0.8    
    0.        118.1191p 
   50.00000m  604.4507p 
  100.00000m    3.0003n 
  150.00000m   13.9623n 
  200.00000m   58.7615n 
  250.00000m  218.9744n 
  300.00000m  710.4283n 
  350.00000m    1.9240u 
  400.00000m    4.2439u 
  450.00000m    7.8099u 
  500.00000m   12.5438u 
  550.00000m   18.2995u 
  600.00000m   24.9433u 
  650.00000m   32.3657u 
  700.00000m   40.4745u 
  750.00000m   49.1873u 
  800.00000m   58.4270u 
  850.00000m   68.1204u 
  900.00000m   78.1964u 
  950.00000m   88.5852u 
    1.00000    99.2163u 
y
 vth0_value= 243.1154m
 u0_param=  49.6399m
 ags_param= 416.9200m
 
   *** monte carlo  index = 996 ***
x

 volt         param     
             i_d_0.8    
    0.        100.2942p 
   50.00000m  513.9303p 
  100.00000m    2.5629n 
  150.00000m   12.0279n 
  200.00000m   51.2201n 
  250.00000m  193.3791n 
  300.00000m  637.4249n 
  350.00000m    1.7621u 
  400.00000m    3.9679u 
  450.00000m    7.4236u 
  500.00000m   12.0652u 
  550.00000m   17.7471u 
  600.00000m   24.3317u 
  650.00000m   31.7068u 
  700.00000m   39.7779u 
  750.00000m   48.4617u 
  800.00000m   57.6802u 
  850.00000m   67.3598u 
  900.00000m   77.4290u 
  950.00000m   87.8179u 
    1.00000    98.4560u 
y
 vth0_value= 248.3055m
 u0_param=  50.0400m
 ags_param= 422.2162m
 
   *** monte carlo  index = 997 ***
x

 volt         param     
             i_d_0.8    
    0.         55.6195p 
   50.00000m  285.3420p 
  100.00000m    1.4423n 
  150.00000m    6.9476n 
  200.00000m   30.7553n 
  250.00000m  121.4147n 
  300.00000m  421.5083n 
  350.00000m    1.2478u 
  400.00000m    3.0242u 
  450.00000m    6.0168u 
  500.00000m   10.2274u 
  550.00000m   15.5232u 
  600.00000m   21.7586u 
  650.00000m   28.8125u 
  700.00000m   36.5853u 
  750.00000m   44.9906u 
  800.00000m   53.9494u 
  850.00000m   63.3875u 
  900.00000m   73.2335u 
  950.00000m   83.4177u 
    1.00000    93.8712u 
y
 vth0_value= 266.3097m
 u0_param=  50.3546m
 ags_param= 422.8723m
 
   *** monte carlo  index = 998 ***
x

 volt         param     
             i_d_0.8    
    0.         78.9063p 
   50.00000m  404.6710p 
  100.00000m    2.0288n 
  150.00000m    9.6176n 
  200.00000m   41.5548n 
  250.00000m  159.4887n 
  300.00000m  536.1225n 
  350.00000m    1.5207u 
  400.00000m    3.5174u 
  450.00000m    6.7269u 
  500.00000m   11.1088u 
  550.00000m   16.5246u 
  600.00000m   22.8375u 
  650.00000m   29.9350u 
  700.00000m   37.7234u 
  750.00000m   46.1204u 
  800.00000m   55.0494u 
  850.00000m   64.4381u 
  900.00000m   74.2166u 
  950.00000m   84.3163u 
    1.00000    94.6685u 
y
 vth0_value= 254.8455m
 u0_param=  48.9683m
 ags_param= 415.3525m
 
   *** monte carlo  index = 999 ***
x

 volt         param     
             i_d_0.8    
    0.         60.6035p 
   50.00000m  310.8389p 
  100.00000m    1.5671n 
  150.00000m    7.5105n 
  200.00000m   32.9887n 
  250.00000m  129.0431n 
  300.00000m  443.4262n 
  350.00000m    1.2950u 
  400.00000m    3.0915u 
  450.00000m    6.0716u 
  500.00000m   10.2235u 
  550.00000m   15.4165u 
  600.00000m   21.5123u 
  650.00000m   28.3964u 
  700.00000m   35.9740u 
  750.00000m   44.1625u 
  800.00000m   52.8858u 
  850.00000m   62.0722u 
  900.00000m   71.6523u 
  950.00000m   81.5587u 
    1.00000    91.7236u 
y
 vth0_value= 262.5224m
 u0_param=  48.5174m
 ags_param= 406.2641m
 
   *** monte carlo  index = 1000 ***
x

 volt         param     
             i_d_0.8    
    0.        213.7436p 
   50.00000m    1.0863n 
  100.00000m    5.2956n 
  150.00000m   23.8926n 
  200.00000m   96.5503n 
  250.00000m  344.0728n 
  300.00000m    1.0546u 
  350.00000m    2.6617u 
  400.00000m    5.4913u 
  450.00000m    9.5949u 
  500.00000m   14.8532u 
  550.00000m   21.1161u 
  600.00000m   28.2550u 
  650.00000m   36.1646u 
  700.00000m   44.7540u 
  750.00000m   53.9404u 
  800.00000m   63.6460u 
  850.00000m   73.7961u 
  900.00000m   84.3178u 
  950.00000m   95.1391u 
    1.00000   106.1866u 
y
 vth0_value= 225.8740m
 u0_param=  50.6473m
 ags_param= 424.1572m

   meas_variable = vth0_value
   mean  = 254.0858m  varian = 242.3522u
   sigma =  15.5677m  avgdev =  12.5381m
   max   = 299.0068m  min    = 201.1228m
    1-sigma =  15.5677m median = 254.2114m

   meas_variable = u0_param
   mean  =  49.4530m  varian =   1.0197u
   sigma =   1.0098m  avgdev = 789.4550u
   max   =  52.7666m  min    =  46.0353m
    1-sigma =   1.0098m median =  49.4775m

   meas_variable = ags_param
   mean  = 418.8026m  varian =  59.8033u
   sigma =   7.7333m  avgdev =   6.1609m
   max   = 448.8847m  min    = 394.5716m
    1-sigma =   7.7333m median = 418.8861m

          ***** job concluded
 ******  
 *mc

 ****** job statistics summary tnom=  25.000 temp=  25.000 ******

  ******  HSPICE Threads Information  ******

  Command Line Threads Count :     1
  Available CPU Count        :    24
  Actual Threads Count       :     1


  ******  Circuit Statistics  ******
  # nodes       =      12 # elements   =      21
  # resistors   =       0 # capacitors =       0 # inductors   =       0
  # mutual_inds =       0 # vccs       =       0 # vcvs        =       0
  # cccs        =       0 # ccvs       =       0 # volt_srcs   =      11
  # curr_srcs   =       0 # diodes     =       0 # bjts        =       0
  # jfets       =       0 # mosfets    =      10 # U elements  =       0
  # T elements  =       0 # W elements =       0 # B elements  =       0
  # S elements  =       0 # P elements =       0 # va device   =       0
  # vector_srcs =       0 # N elements =       0


  ******  Runtime Statistics (seconds)  ******

  analysis           time    # points   tot. iter  conv.iter
  op point           0.00           1           0
  dc sweep           0.57       21000       43000
  readin             0.01
  errchk             0.01
  setup              0.00
  output             0.01


           peak memory used         85.68 megabytes
           total cpu time            0.75 seconds
           total elapsed time       20.65 seconds
           job started at     17:10:41 11/08/2025
           job ended   at     17:11:02 11/08/2025


  lic: Release hspice token(s) 
 lic: total license checkout elapse time:       19.90(s)
