 ****** HSPICE -- O-2018.09-SP2 win64 (Feb 25 2019) ******                      
  Copyright (c) 1986 - 2025 by Synopsys, Inc. All Rights Reserved.              
  This software and the associated documentation are proprietary
  to Synopsys, Inc. This software may only be used in accordance
  with the terms and conditions of a written license agreement with
  Synopsys, Inc. All other use, reproduction, or distribution of
  this software is strictly prohibited.
  Input File: mc - 副本.sp                                                      
  Command line options: C:\synopsys\Hspice_O-2018.09-SP2\WIN64\hspice.com -i mc - 副本.sp -o D:\桌面\mc\mc - 副本.lis
  Start time: Sat Nov  8 17:11:39 2025
  lic:  
  lic: FLEXlm: SDK_11.7.3 
  lic: USER:   24742                HOSTNAME: bunn 
  lic: HOSTID: "d0577ed2695e"       PID:      12400 
  lic: Using FLEXlm license file: 
  lic: D:\hspice2018.lic\Synopsys SSS Feature Keygen\synopsys.dat 
  lic: Checkout 1 hspice 
  lic: License/Maintenance for hspice will expire on 31-dec-2027/2019.12 
  lic: NODE LOCKED license on hostid "d0577ed2695e" 
  lic:   
  **info** Monte Carlo simulation is detected, increase number of measure digits to 7 for Monte Carlo post processing.
  **info** option measform has been reset to 1 to reduce measure file storage and enable advanced Monte Carlo data mining.
1****** HSPICE -- O-2018.09-SP2 win64 (Feb 25 2019) ******                      
 ******  
 *mc

 ****** mos   model parameters tnom=  25.000 temp=  25.000 ******
 Model file: sta_nmos.l
 Model line:            4
 Model Name: nmos  
 BSIM4 Model (Level 54)
    MOBMOD = 0
    BINUNIT = 2
    PARAMCHK = 1
    CAPMOD = 2
    DIOMOD = 1
    RDSMOD = 0
    TRNQSMOD = 0
    ACNQSMOD = 0
    RBODYMOD = 0
    RGATEMOD = 0
    PERMOD = 1
    GEOMOD = 0
    RGEOMOD = 0
    FNOIMOD = 1
    TNOIMOD = 0
    IGCMOD = 1
    IGBMOD = 1
    STIMOD = 1
    VBFWDMOD = 0
    VERSION =    4.5 
    TOXREF =  3e-09 
    TOXE = 2.83e-09 
    TOXP = 2.524e-09 
    TOXM = 2.83e-09 
    DTOX = 3.06e-10 
    EPSROX =    3.9 
    CDSC =      0 
    CDSCB =      0 
    CDSCD =      0 
    CIT = -0.0001643 
    NFACTOR =  1.298 
    XJ = 1.5e-07 
    VSAT = 9.399e+04 
    A0 =  0.255 
    AGS = 0.4187 
    A1 =      0 
    A2 =      1 
    AT = 5.55e+04 
    KETA = -0.03775 
    NSUB =  6e+16 
    NDEP = 2.31e+17 
    NSD =  1e+20 
    NGATE =  3e+20 
    GAMMA1 =      0 
    GAMMA2 =      0 
    VBX =      0 
    VBM =     -3 
    XT = 1.55e-07 
    K1 =  0.262 
    KT1 = -0.3622 
    KT1L =      0 
    KT2 = -0.06205 
    K2 = 0.03629 
    K3 =      0 
    K3B =      0 
    LPE0 =  9e-08 
    LPEB =      0 
    DVTP0 = 5.5e-06 
    DVTP1 =   2.05 
    W0 =      0 
    DVT0 =   15.2 
    DVT1 =  1.815 
    DVT2 =   0.05 
    DVT0W =      0 
    DVT1W =      0 
    DVT2W =      0 
    DROUT =      0 
    DSUB =    0.7 
    VTH0 = 0.2544 
    EU =   1.67 
    UA = -2.289e-10 
    UA1 = 1.881e-09 
    UB = 1.986e-18 
    UB1 = -3.644e-18 
    UC = 1.902e-10 
    UC1 = -1.904e-10 
    U0 = 0.04939 
    UTE =  -1.71 
    VOFF = -0.1165 
    VOFFL =  1e-09 
    MINV =      0 
    FPROUT =    100 
    PDITS =      0 
    PDITSD =      0 
    PDITSL =      0 
    DELTA = 0.0075 
    RDSW =    130 
    RDSWMIN =      0 
    RDWMIN =      0 
    RSWMIN =      0 
    RDW =    100 
    RSW =    100 
    PRWG =      0 
    PRWB =      0 
    PRT =      0 
    ETA0 = -0.03118 
    ETAB = -0.1263 
    PCLM = 0.4411 
    PDIBLC1 =      0 
    PDIBLC2 = 0.0001 
    PDIBLCB =      0 
    PSCBE1 = 9.264e+08 
    PSCBE2 =  1e-20 
    PVAG =   1.35 
    WR =      1 
    DWG =      0 
    DWB =      0 
    XW = 1.5e-08 
    XWREF = 1.5e-08 
    XL = -2e-08 
    XLREF = -2e-08 
    B0 =      0 
    B1 =      0 
    ALPHA0 =      0 
    ALPHA1 =    0.1 
    AGIDL =  9e-08 
    BGIDL = 2.3e+09 
    CGIDL =    0.5 
    PHIN =      0 
    EGIDL =   0.53 
    AIGC = 0.01133 
    BIGC = 0.001474 
    CIGC =      0 
    AIGSD = 0.01005 
    BIGSD = 0.0004517 
    CIGSD = 0.0001 
    AIGBACC = 0.01228 
    BIGBACC = 0.003181 
    CIGBACC = 0.0977 
    AIGBINV =   0.35 
    BIGBINV =   0.03 
    CIGBINV =  0.006 
    NIGC =    2.1 
    NIGBINV =      1 
    NIGBACC =  4.326 
    NTOX =      1 
    EIGBINV =    1.1 
    PIGCD =  3.217 
    POXEDGE =      1 
    XRCRG1 =     12 
    TNOIA =    1.5 
    TNOIB =    3.5 
    NTNOI =      1 
    XRCRG2 =      1 
    BETA0 =    9.5 
    IJTHDFWD =   0.01 
    IJTHSFWD =   0.01 
    IJTHDREV =   0.01 
    IJTHSREV =   0.01 
    XJBVD =      1 
    XJBVS =      1 
    BVD =     10 
    BVS =     10 
    VFB =     -1 
    GBMIN =  1e-12 
    RBDB =     50 
    RBPB =     50 
    RBSB =     50 
    RBPS =     50 
    RBPD =     50 
    CGSL = 5.65e-11 
    CGDL = 5.65e-11 
    CKAPPAS =    0.6 
    CKAPPAD =    0.6 
    CF = 1.29e-10 
    CLC =  1e-07 
    CLE =    0.6 
    DWC =      0 
    DLC = 1.367e-08 
    DLCIG = 2.5e-09 
    DWJ =      0 
    VFBCV =     -1 
    ACDE =    1.2 
    MOIN =   18.5 
    NOFF =   2.24 
    VOFFCV =   -0.1 
    DMCG = 8.5e-08 
    DMCI = 8.5e-08 
    DMDG =      0 
    DMCGT =      0 
    XGW =      0 
    XGL =      0 
    RSHG =    0.1 
    NGCON =      1 
    TCJ = 0.000778 
    TPB =  0.001 
    TCJSW = 0.000357 
    TPBSW = 0.0019 
    TCJSWG = 0.00301 
    TPBSWG = 0.0019 
    SK0 =      0 
    SK1 =      0 
    SK2 =      0 
    SL =  2e-06 
    SW =  2e-06 
    K =      0 
    LCIT = 2.073e-10 
    LVSAT = 0.0005828 
    LA0 = 1.999e-07 
    LAGS = 7.256e-08 
    LKETA = -5.436e-10 
    LKT1 = -4.515e-09 
    LK2 = -9.214e-10 
    LVTH0 = -5.216e-09 
    LUA = 5.989e-19 
    LUA1 = 2.627e-16 
    LUB = 1.382e-26 
    LUB1 = -2.581e-25 
    LUC = -8.293e-19 
    LU0 = -7.02e-10 
    LUTE = 3.237e-08 
    LVOFF = -4.619e-09 
    LETA0 = 1.585e-08 
    LETAB = 2.353e-09 
    LPCLM = 3.417e-08 
    WVTH0 = -1.034e-08 
    WU0 = -1.708e-09 
    PVTH0 = 2.323e-16 
    PU0 = 7.905e-17 
    TNOM =  298.1 
    CGSO = 1.15e-10 
    CGDO = 1.15e-10 
    CGBO =      0 
    XPART =      1 
    RSH =   10.5 
    JSS =  2e-07 
    JSWS = 3.5e-13 
    JSWGS = 1.3e-12 
    PBS =    0.5 
    MJS =   0.25 
    PBSWS =    0.8 
    MJSWS =   0.01 
    CJS = 0.000981 
    CJSWS = 5.5e-11 
    NJS =      1 
    PBSWGS =   0.47 
    MJSWGS =    0.5 
    CJSWGS = 2.73e-10 
    XTIS =      3 
    JSD =  2e-07 
    JSWD = 3.5e-13 
    JSWGD = 1.3e-12 
    PBD =    0.5 
    MJD =   0.25 
    PBSWD =    0.8 
    MJSWD =   0.01 
    CJD = 0.000981 
    CJSWD = 5.5e-11 
    NJD =      1 
    PBSWGD =   0.47 
    MJSWGD =    0.5 
    CJSWGD = 2.73e-10 
    XTID =      3 
    LMLT =      1 
    WMLT =      1 
    LINT = 2.5e-09 
    LL =      0 
    LLC =      0 
    LLN =      1 
    LW =      0 
    LWC =      0 
    LWN =      1 
    LWL =      0 
    LWLC =      0 
    LMIN =      0 
    LMAX =      1 
    WINT =  6e-09 
    WL =      0 
    WLC =      0 
    WLN =      1 
    WW =      0 
    WWC =      0 
    WWN =      1 
    WWL =      0 
    WWLC =      0 
    WMIN =      0 
    WMAX =      1 
    NOIA = 3.293e+41 
    NOIB = 1.012e+25 
    NOIC =   8.75 
    EM = 3.192e+07 
    EF =   0.85 
    AF =      1 
    KF =      0 
    TRS =      0 
    TRD =      0 
    TEMPMOD  =      0 
    LAMBDA   =      0 
    VTL      =  2e+05 m/s
    LC       =  5e-09 
    XN       =      3 
    LLAMBDA  =      0 
    LVTL     =      0 
    LXN      =      0 
    WLAMBDA  =      0 
    WVTL     =      0 
    WXN      =      0 
    PLAMBDA  =      0 
    PVTL     =      0 
    PXN      =      0 
    RNOIA    =  0.577 
    RNOIB    = 0.5164 
    SAREF(SA0) = 6.3e-07 m
    SBREF(SB0) = 6.3e-07 m
    WLOD     = 1.5e-07 m
    KU0      = -3.849e-08 1/m
    KVSAT    =   0.35 
    KVTH0    = 2.5e-09 m
    TKU0     =    0.1 
    LLODKU0  =      1 
    WLODKU0  =      1 
    LLODVTH  =      1 
    WLODVTH  =      1 
    LKU0     = 1.257e-08 
    WKU0     =  1e-07 
    PKU0     =  5e-14 
    LKVTH0   = -2.68e-11 
    WKVTH0   =      0 
    PKVTH0   =      0 
    STK2     =  4e-10 
    LODK2    =    0.5 
    STETA0   =      0 
    LODETA0  =      1 
    LXRCRG1  =      0 
    WXRCRG1  =      0 
    PXRCRG1  =      0 
    LXRCRG2  =      0 
    WXRCRG2  =      0 
    PXRCRG2  =      0 
     *** UCB's BSIM4.4.0 new diode model is activated. ***
    *** UCB's Diode Model Parameters ***
    JTSS         =      0 
    JTSSWS       =      0 
    JTSSWGS      =      0 
    JTSD         =      0 
    JTSSWD       =      0 
    JTSSWGD      =      0 
    NJTS         =     20 
    NJTSSW       =     20 
    NJTSSWG      =     20 
    XTSS         =   0.02 
    XTSSWS       =   0.02 
    XTSSWGS      =   0.02 
    XTSD         =   0.02 
    XTSSWD       =   0.02 
    XTSSWGD      =   0.02 
    TNJTS        =      0 
    TNJTSSW      =      0 
    TNJTSSWG     =      0 
    VFBSDOFF     =      0 
    LVFBSDOFF    =      0 
    WVFBSDOFF    =      0 
    PVFBSDOFF    =      0 
    LINTNOI      =      0 
    VTSS         =     10 
    VTSD         =     10 
    VTSSWS       =     10 
    VTSSWD       =     10 
    VTSSWGS      =     10 
    VTSSWGD      =     10 
    TTDIOMOD     =      1 
     *** UCB's BSIM4.5.0 new model is activated. ***
    UD         =      0 
    UD1        =      0 
    UP         =      0 
    LP         =  1e-08 
    TVOFF      =      0 
    TVFBSDOFF  =      0 
    RBPS0      =     50 
    RBPSL      =      0 
    RBPSW      =      0 
    RBPSNF     =      0 
    RBPD0      =     50 
    RBPDL      =      0 
    RBPDW      =      0 
    RBPDNF     =      0 
    RBPBX0     =    100 
    RBPBXL     =      0 
    RBPBXW     =      0 
    RBPBXNF    =      0 
    RBPBY0     =    100 
    RBPBYL     =      0 
    RBPBYW     =      0 
    RBPBYNF    =      0 
    RBSBX0     =    100 
    RBSBY0     =    100 
    RBDBX0     =    100 
    RBDBY0     =    100 
    RBSDBXL    =      0 
    RBSDBXW    =      0 
    RBSDBXNF   =      0 
    RBSDBYL    =      0 
    RBSDBYW    =      0 
    RBSDBYNF   =      0 
    LUD        =      0 
    LUD1       =      0 
    LUP        =      0 
    LLP        =      0 
    LTVOFF     =      0 
    LTVFBSDOFF =      0 
    WUD        =      0 
    WUD1       =      0 
    WUP        =      0 
    WLP        =      0 
    WTVOFF     =      0 
    WTVFBSDOFF =      0 
    PUD        =      0 
    PUD1       =      0 
    PUP        =      0 
    PLP        =      0 
    PTVOFF     =      0 
    PTVFBSDOFF =      0 
    WEB        =   -220 
    WEC        =  -3000 
    KVTH0WE    = 0.0049 
    K2WE       = 0.0015 
    KU0WE      = -0.002 
    SCREF      =  1e-06 
    WPEMOD     =      0 
    LKVTH0WE   = -1.2e-10 
    LK2WE      =      0 
    LKU0WE     =      0 
    WKVTH0WE   =      0 
    WK2WE      =      0 
    WKU0WE     =      0 
    PKVTH0WE   =      0 
    PK2WE      =      0 
    PKU0WE     =      0 
  **warning** (nmos:m1 (mc - 副本.sp:6)) Warning: Eta0 * Muleta0 + Deleta0 = -0.0149188 is negative in BSIM4 model with w=1e-06 l=1e-06.
*** info *** index=1 is a nominal sample in Monte Carlo.
*** info *** The MCG Random Number Generator and .Option Use_Agauss_Format = Yes are set as defaults starting with HSPICE L-2016.06 to address the needs of advanced technology nodes with large samples and/or large circuits, particularly for distributed processing.
*** Should you want backward compatibility, please use the following options:
For traditional Gaussian style variations, use .Option Random_Generator = 3LC;
For Variation Block style variations, use .Option Random_Generator = MOA.
  
      

Element variations(Local):   element              parameter

MONTE CARLO DEFINITIONS


Option sampling_method was set, variation block and agauss format variation are in effect.

Random number generator is MCG            , and seed =      1, stream =   1
 **info** set option symb=1 internally to help for convergence.
 *****************************************************************
 ******  option summary
 ******
 runlvl  = 3         bypass  = 2.0000    
 ******
 *mc

 ****** dc transfer curves tnom=  25.000 temp=  25.000 ******
 
   *** monte carlo  index = 1 ***
x

 volt         param     
             i_d_0.9    
    0.         83.6908p 
   50.00000m  428.5625p 
  100.00000m    2.1459n 
  150.00000m   10.1526n 
  200.00000m   43.7383n 
  250.00000m  167.2791n 
  300.00000m  559.8804n 
  350.00000m    1.5793u 
  400.00000m    3.6318u 
  450.00000m    6.9135u 
  500.00000m   11.3787u 
  550.00000m   16.8869u 
  600.00000m   23.3008u 
  650.00000m   30.5081u 
  700.00000m   38.4154u 
  750.00000m   46.9408u 
  800.00000m   56.0093u 
  850.00000m   65.5504u 
  900.00000m   75.4971u 
  950.00000m   85.7859u 
    1.00000    96.3557u 
y
 vth0_value= 254.3500m
 u0_param=  49.3900m
 ags_param= 418.7400m
 
   *** monte carlo  index = 2 ***
x

 volt         param     
             i_d_0.9    
    0.         88.1807p 
   50.00000m  451.6783p 
  100.00000m    2.2607n 
  150.00000m   10.6853n 
  200.00000m   45.9676n 
  250.00000m  175.5053n 
  300.00000m  586.1680n 
  350.00000m    1.6488u 
  400.00000m    3.7804u 
  450.00000m    7.1780u 
  500.00000m   11.7913u 
  550.00000m   17.4740u 
  600.00000m   24.0844u 
  650.00000m   31.5066u 
  700.00000m   39.6445u 
  750.00000m   48.4138u 
  800.00000m   57.7374u 
  850.00000m   67.5427u 
  900.00000m   77.7613u 
  950.00000m   88.3281u 
    1.00000    99.1804u 
y
 vth0_value= 253.7192m
 u0_param=  50.8716m
 ags_param= 421.9023m
 
   *** monte carlo  index = 3 ***
x

 volt         param     
             i_d_0.9    
    0.         69.9592p 
   50.00000m  358.3403p 
  100.00000m    1.8021n 
  150.00000m    8.5978n 
  200.00000m   37.5043n 
  250.00000m  145.4969n 
  300.00000m  495.1013n 
  350.00000m    1.4274u 
  400.00000m    3.3600u 
  450.00000m    6.5212u 
  500.00000m   10.8852u 
  550.00000m   16.3136u 
  600.00000m   22.6651u 
  650.00000m   29.8233u 
  700.00000m   37.6924u 
  750.00000m   46.1889u 
  800.00000m   55.2365u 
  850.00000m   64.7640u 
  900.00000m   74.7038u 
  950.00000m   84.9918u 
    1.00000    95.5667u 
y
 vth0_value= 260.1032m
 u0_param=  49.9038m
 ags_param= 397.7704m
 
   *** monte carlo  index = 4 ***
x

 volt         param     
             i_d_0.9    
    0.        102.3845p 
   50.00000m  523.8718p 
  100.00000m    2.6100n 
  150.00000m   12.2318n 
  200.00000m   51.9841n 
  250.00000m  195.7977n 
  300.00000m  643.4909n 
  350.00000m    1.7723u 
  400.00000m    3.9766u 
  450.00000m    7.4193u 
  500.00000m   12.0354u 
  550.00000m   17.6814u 
  600.00000m   24.2228u 
  650.00000m   31.5496u 
  700.00000m   39.5702u 
  750.00000m   48.2034u 
  800.00000m   57.3744u 
  850.00000m   67.0127u 
  900.00000m   77.0516u 
  950.00000m   87.4276u 
    1.00000    98.0792u 
y
 vth0_value= 248.2501m
 u0_param=  49.3761m
 ags_param= 416.8627m
 
   *** monte carlo  index = 5 ***
x

 volt         param     
             i_d_0.9    
    0.         68.4652p 
   50.00000m  350.6246p 
  100.00000m    1.7635n 
  150.00000m    8.4170n 
  200.00000m   36.7367n 
  250.00000m  142.6180n 
  300.00000m  485.7193n 
  350.00000m    1.4019u 
  400.00000m    3.3043u 
  450.00000m    6.4203u 
  500.00000m   10.7259u 
  550.00000m   16.0854u 
  600.00000m   22.3593u 
  650.00000m   29.4328u 
  700.00000m   37.2115u 
  750.00000m   45.6126u 
  800.00000m   54.5611u 
  850.00000m   63.9862u 
  900.00000m   73.8212u 
  950.00000m   84.0027u 
    1.00000    94.4697u 
y
 vth0_value= 260.3625m
 u0_param=  49.2940m
 ags_param= 416.7180m
 
   *** monte carlo  index = 6 ***
x

 volt         param     
             i_d_0.9    
    0.        185.4977p 
   50.00000m  944.1573p 
  100.00000m    4.6248n 
  150.00000m   21.0370n 
  200.00000m   85.8845n 
  250.00000m  309.4617n 
  300.00000m  962.1658n 
  350.00000m    2.4712u 
  400.00000m    5.1811u 
  450.00000m    9.1653u 
  500.00000m   14.3134u 
  550.00000m   20.4757u 
  600.00000m   27.5225u 
  650.00000m   35.3483u 
  700.00000m   43.8627u 
  750.00000m   52.9847u 
  800.00000m   62.6385u 
  850.00000m   72.7529u 
  900.00000m   83.2598u 
  950.00000m   94.0944u 
    1.00000   105.1940u 
y
 vth0_value= 231.0040m
 u0_param=  50.4523m
 ags_param= 429.4862m
 
   *** monte carlo  index = 7 ***
x

 volt         param     
             i_d_0.9    
    0.        232.3357p 
   50.00000m    1.1785n 
  100.00000m    5.7254n 
  150.00000m   25.6936n 
  200.00000m  103.1279n 
  250.00000m  364.7212n 
  300.00000m    1.1068u 
  350.00000m    2.7613u 
  400.00000m    5.6387u 
  450.00000m    9.7776u 
  500.00000m   15.0563u 
  550.00000m   21.3278u 
  600.00000m   28.4672u 
  650.00000m   36.3723u 
  700.00000m   44.9549u 
  750.00000m   54.1351u 
  800.00000m   63.8382u 
  850.00000m   73.9933u 
  900.00000m   84.5330u 
  950.00000m   95.3928u 
    1.00000   106.5102u 
y
 vth0_value= 223.9248m
 u0_param=  50.0209m
 ags_param= 429.5889m
 
   *** monte carlo  index = 8 ***
x

 volt         param     
             i_d_0.9    
    0.        181.0864p 
   50.00000m  922.1156p 
  100.00000m    4.5216n 
  150.00000m   20.6035n 
  200.00000m   84.3038n 
  250.00000m  304.5071n 
  300.00000m  949.7178n 
  350.00000m    2.4485u 
  400.00000m    5.1516u 
  450.00000m    9.1376u 
  500.00000m   14.2967u 
  550.00000m   20.4782u 
  600.00000m   27.5509u 
  650.00000m   35.4079u 
  700.00000m   43.9583u 
  750.00000m   53.1202u 
  800.00000m   62.8176u 
  850.00000m   72.9785u 
  900.00000m   83.5347u 
  950.00000m   94.4208u 
    1.00000   105.5740u 
y
 vth0_value= 231.9527m
 u0_param=  50.8005m
 ags_param= 433.5626m
 
   *** monte carlo  index = 9 ***
x

 volt         param     
             i_d_0.9    
    0.         62.8065p 
   50.00000m  321.5750p 
  100.00000m    1.6202n 
  150.00000m    7.7604n 
  200.00000m   34.0526n 
  250.00000m  133.0281n 
  300.00000m  456.3234n 
  350.00000m    1.3297u 
  400.00000m    3.1669u 
  450.00000m    6.2081u 
  500.00000m   10.4392u 
  550.00000m   15.7272u 
  600.00000m   21.9323u 
  650.00000m   28.9389u 
  700.00000m   36.6519u 
  750.00000m   44.9889u 
  800.00000m   53.8746u 
  850.00000m   63.2384u 
  900.00000m   73.0138u 
  950.00000m   83.1375u 
    1.00000    93.5487u 
y
 vth0_value= 262.8909m
 u0_param=  49.1634m
 ags_param= 425.6175m
 
   *** monte carlo  index = 10 ***
x

 volt         param     
             i_d_0.9    
    0.        139.0215p 
   50.00000m  709.7906p 
  100.00000m    3.5072n 
  150.00000m   16.1937n 
  200.00000m   67.4249n 
  250.00000m  248.2533n 
  300.00000m  793.3814n 
  350.00000m    2.1083u 
  400.00000m    4.5652u 
  450.00000m    8.2803u 
  500.00000m   13.1630u 
  550.00000m   19.0660u 
  600.00000m   25.8573u 
  650.00000m   33.4294u 
  700.00000m   41.6916u 
  750.00000m   50.5630u 
  800.00000m   59.9684u 
  850.00000m   69.8369u 
  900.00000m   80.1014u 
  950.00000m   90.6976u 
    1.00000   101.5636u 
y
 vth0_value= 239.3268m
 u0_param=  49.8554m
 ags_param= 417.5491m
 
   *** monte carlo  index = 11 ***
x

 volt         param     
             i_d_0.9    
    0.         77.2047p 
   50.00000m  395.4085p 
  100.00000m    1.9837n 
  150.00000m    9.4199n 
  200.00000m   40.8029n 
  250.00000m  157.0217n 
  300.00000m  529.3681n 
  350.00000m    1.5075u 
  400.00000m    3.5020u 
  450.00000m    6.7222u 
  500.00000m   11.1310u 
  550.00000m   16.5892u 
  600.00000m   22.9582u 
  650.00000m   30.1242u 
  700.00000m   37.9931u 
  750.00000m   46.4828u 
  800.00000m   55.5176u 
  850.00000m   65.0271u 
  900.00000m   74.9442u 
  950.00000m   85.2052u 
    1.00000    95.7491u 
y
 vth0_value= 256.8380m
 u0_param=  49.4653m
 ags_param= 406.7655m
 
   *** monte carlo  index = 12 ***
x

 volt         param     
             i_d_0.9    
    0.        139.6058p 
   50.00000m  712.7925p 
  100.00000m    3.5220n 
  150.00000m   16.2622n 
  200.00000m   67.7092n 
  250.00000m  249.2938n 
  300.00000m  796.6732n 
  350.00000m    2.1169u 
  400.00000m    4.5837u 
  450.00000m    8.3133u 
  500.00000m   13.2149u 
  550.00000m   19.1403u 
  600.00000m   25.9570u 
  650.00000m   33.5571u 
  700.00000m   41.8496u 
  750.00000m   50.7530u 
  800.00000m   60.1922u 
  850.00000m   70.0959u 
  900.00000m   80.3967u 
  950.00000m   91.0301u 
    1.00000   101.9343u 
y
 vth0_value= 239.3250m
 u0_param=  50.0491m
 ags_param= 421.9946m
 
   *** monte carlo  index = 13 ***
x

 volt         param     
             i_d_0.9    
    0.        118.7667p 
   50.00000m  607.3068p 
  100.00000m    3.0155n 
  150.00000m   14.0445n 
  200.00000m   59.1698n 
  250.00000m  220.7000n 
  300.00000m  716.7226n 
  350.00000m    1.9438u 
  400.00000m    4.2941u 
  450.00000m    7.9121u 
  500.00000m   12.7194u 
  550.00000m   18.5676u 
  600.00000m   25.3206u 
  650.00000m   32.8677u 
  700.00000m   41.1159u 
  750.00000m   49.9828u 
  800.00000m   59.3924u 
  850.00000m   69.2729u 
  900.00000m   79.5565u 
  950.00000m   90.1784u 
    1.00000   101.0765u 
y
 vth0_value= 244.4336m
 u0_param=  50.4070m
 ags_param= 420.3475m
 
   *** monte carlo  index = 14 ***
x

 volt         param     
             i_d_0.9    
    0.         89.7889p 
   50.00000m  459.6398p 
  100.00000m    2.2971n 
  150.00000m   10.8282n 
  200.00000m   46.4029n 
  250.00000m  176.4169n 
  300.00000m  586.3433n 
  350.00000m    1.6388u 
  400.00000m    3.7328u 
  450.00000m    7.0502u 
  500.00000m   11.5384u 
  550.00000m   17.0573u 
  600.00000m   23.4717u 
  650.00000m   30.6714u 
  700.00000m   38.5645u 
  750.00000m   47.0703u 
  800.00000m   56.1143u 
  850.00000m   65.6265u 
  900.00000m   75.5407u 
  950.00000m   85.7936u 
    1.00000    96.3244u 
y
 vth0_value= 251.9536m
 u0_param=  48.9755m
 ags_param= 429.6291m
 
   *** monte carlo  index = 15 ***
x

 volt         param     
             i_d_0.9    
    0.         58.7387p 
   50.00000m  300.5916p 
  100.00000m    1.5157n 
  150.00000m    7.2726n 
  200.00000m   31.9998n 
  250.00000m  125.4195n 
  300.00000m  431.8678n 
  350.00000m    1.2649u 
  400.00000m    3.0296u 
  450.00000m    5.9678u 
  500.00000m   10.0719u 
  550.00000m   15.2136u 
  600.00000m   21.2565u 
  650.00000m   28.0873u 
  700.00000m   35.6128u 
  750.00000m   43.7523u 
  800.00000m   52.4320u 
  850.00000m   61.5829u 
  900.00000m   71.1397u 
  950.00000m   81.0402u 
    1.00000    91.2248u 
y
 vth0_value= 264.1898m
 u0_param=  48.0547m
 ags_param= 414.9876m
 
   *** monte carlo  index = 16 ***
x

 volt         param     
             i_d_0.9    
    0.         98.7966p 
   50.00000m  505.5897p 
  100.00000m    2.5211n 
  150.00000m   11.8339n 
  200.00000m   50.4073n 
  250.00000m  190.3411n 
  300.00000m  627.4788n 
  350.00000m    1.7352u 
  400.00000m    3.9090u 
  450.00000m    7.3172u 
  500.00000m   11.8980u 
  550.00000m   17.5089u 
  600.00000m   24.0149u 
  650.00000m   31.3063u 
  700.00000m   39.2912u 
  750.00000m   47.8886u 
  800.00000m   57.0237u 
  850.00000m   66.6264u 
  900.00000m   76.6299u 
  950.00000m   86.9708u 
    1.00000    97.5879u 
y
 vth0_value= 249.2536m
 u0_param=  49.2628m
 ags_param= 418.0989m
 
   *** monte carlo  index = 17 ***
x

 volt         param     
             i_d_0.9    
    0.        150.6154p 
   50.00000m  768.4840p 
  100.00000m    3.7892n 
  150.00000m   17.4309n 
  200.00000m   72.2158n 
  250.00000m  264.4362n 
  300.00000m  839.2574n 
  350.00000m    2.2108u 
  400.00000m    4.7473u 
  450.00000m    8.5541u 
  500.00000m   13.5343u 
  550.00000m   19.5388u 
  600.00000m   26.4352u 
  650.00000m   34.1159u 
  700.00000m   42.4895u 
  750.00000m   51.4747u 
  800.00000m   60.9956u 
  850.00000m   70.9810u 
  900.00000m   81.3630u 
  950.00000m   92.0770u 
    1.00000   103.0606u 
y
 vth0_value= 237.2081m
 u0_param=  50.3203m
 ags_param= 420.0206m
 
   *** monte carlo  index = 18 ***
x

 volt         param     
             i_d_0.9    
    0.         42.9501p 
   50.00000m  219.2922p 
  100.00000m    1.1124n 
  150.00000m    5.4066n 
  200.00000m   24.2784n 
  250.00000m   97.5196n 
  300.00000m  345.1212n 
  350.00000m    1.0480u 
  400.00000m    2.6161u 
  450.00000m    5.3430u 
  500.00000m    9.2630u 
  550.00000m   14.2575u 
  600.00000m   20.1845u 
  650.00000m   26.9240u 
  700.00000m   34.3781u 
  750.00000m   42.4631u 
  800.00000m   51.1034u 
  850.00000m   60.2285u 
  900.00000m   69.7721u 
  950.00000m   79.6712u 
    1.00000    89.8654u 
y
 vth0_value= 274.2588m
 u0_param=  48.8811m
 ags_param= 410.2493m
 
   *** monte carlo  index = 19 ***
x

 volt         param     
             i_d_0.9    
    0.        152.3364p 
   50.00000m  776.8265p 
  100.00000m    3.8257n 
  150.00000m   17.5637n 
  200.00000m   72.5752n 
  250.00000m  265.0123n 
  300.00000m  838.1886n 
  350.00000m    2.1986u 
  400.00000m    4.7019u 
  450.00000m    8.4463u 
  500.00000m   13.3358u 
  550.00000m   19.2257u 
  600.00000m   25.9878u 
  650.00000m   33.5178u 
  700.00000m   41.7270u 
  750.00000m   50.5361u 
  800.00000m   59.8710u 
  850.00000m   69.6621u 
  900.00000m   79.8429u 
  950.00000m   90.3499u 
    1.00000   101.1218u 
y
 vth0_value= 236.0679m
 u0_param=  49.0915m
 ags_param= 427.0390m
 
   *** monte carlo  index = 20 ***
x

 volt         param     
             i_d_0.9    
    0.         54.7898p 
   50.00000m  280.3441p 
  100.00000m    1.4161n 
  150.00000m    6.8193n 
  200.00000m   30.1725n 
  250.00000m  119.0357n 
  300.00000m  412.9044n 
  350.00000m    1.2211u 
  400.00000m    2.9567u 
  450.00000m    5.8787u 
  500.00000m    9.9892u 
  550.00000m   15.1601u 
  600.00000m   21.2509u 
  650.00000m   28.1447u 
  700.00000m   35.7459u 
  750.00000m   43.9717u 
  800.00000m   52.7468u 
  850.00000m   62.0010u 
  900.00000m   71.6680u 
  950.00000m   81.6846u 
    1.00000    91.9904u 
y
 vth0_value= 266.8860m
 u0_param=  48.9370m
 ags_param= 405.5934m
 
   *** monte carlo  index = 21 ***
x

 volt         param     
             i_d_0.9    
    0.        137.8256p 
   50.00000m  703.7713p 
  100.00000m    3.4786n 
  150.00000m   16.0711n 
  200.00000m   66.9667n 
  250.00000m  246.7760n 
  300.00000m  789.4960n 
  350.00000m    2.1008u 
  400.00000m    4.5548u 
  450.00000m    8.2698u 
  500.00000m   13.1557u 
  550.00000m   19.0649u 
  600.00000m   25.8648u 
  650.00000m   33.4477u 
  700.00000m   41.7225u 
  750.00000m   50.6080u 
  800.00000m   60.0289u 
  850.00000m   69.9142u 
  900.00000m   80.1967u 
  950.00000m   90.8118u 
    1.00000   101.6976u 
y
 vth0_value= 239.6633m
 u0_param=  49.9728m
 ags_param= 423.6808m
 
   *** monte carlo  index = 22 ***
x

 volt         param     
             i_d_0.9    
    0.        114.3647p 
   50.00000m  584.8277p 
  100.00000m    2.9056n 
  150.00000m   13.5485n 
  200.00000m   57.1720n 
  250.00000m  213.6386n 
  300.00000m  695.3807n 
  350.00000m    1.8915u 
  400.00000m    4.1909u 
  450.00000m    7.7406u 
  500.00000m   12.4657u 
  550.00000m   18.2205u 
  600.00000m   24.8709u 
  650.00000m   32.3075u 
  700.00000m   40.4385u 
  750.00000m   49.1827u 
  800.00000m   58.4649u 
  850.00000m   68.2143u 
  900.00000m   78.3638u 
  950.00000m   88.8494u 
    1.00000    99.6096u 
y
 vth0_value= 245.1257m
 u0_param=  49.7099m
 ags_param= 423.1849m
 
   *** monte carlo  index = 23 ***
x

 volt         param     
             i_d_0.9    
    0.         95.9750p 
   50.00000m  491.3368p 
  100.00000m    2.4530n 
  150.00000m   11.5397n 
  200.00000m   49.3077n 
  250.00000m  186.8320n 
  300.00000m  618.4250n 
  350.00000m    1.7192u 
  400.00000m    3.8941u 
  450.00000m    7.3211u 
  500.00000m   11.9411u 
  550.00000m   17.6092u 
  600.00000m   24.1874u 
  650.00000m   31.5631u 
  700.00000m   39.6427u 
  750.00000m   48.3435u 
  800.00000m   57.5897u 
  850.00000m   67.3098u 
  900.00000m   77.4363u 
  950.00000m   87.9049u 
    1.00000    98.6536u 
y
 vth0_value= 250.6569m
 u0_param=  50.0791m
 ags_param= 418.3521m
 
   *** monte carlo  index = 24 ***
x

 volt         param     
             i_d_0.9    
    0.         88.8249p 
   50.00000m  454.6831p 
  100.00000m    2.2725n 
  150.00000m   10.7147n 
  200.00000m   45.9312n 
  250.00000m  174.6878n 
  300.00000m  580.8605n 
  350.00000m    1.6244u 
  400.00000m    3.7024u 
  450.00000m    6.9964u 
  500.00000m   11.4549u 
  550.00000m   16.9385u 
  600.00000m   23.3132u 
  650.00000m   30.4692u 
  700.00000m   38.3153u 
  750.00000m   46.7710u 
  800.00000m   55.7623u 
  850.00000m   65.2197u 
  900.00000m   75.0772u 
  950.00000m   85.2718u 
    1.00000    95.7431u 
y
 vth0_value= 252.0910m
 u0_param=  48.6888m
 ags_param= 419.1840m
 
   *** monte carlo  index = 25 ***
x

 volt         param     
             i_d_0.9    
    0.        217.7168p 
   50.00000m    1.1063n 
  100.00000m    5.3957n 
  150.00000m   24.3651n 
  200.00000m   98.5493n 
  250.00000m  351.4395n 
  300.00000m    1.0780u 
  350.00000m    2.7241u 
  400.00000m    5.6264u 
  450.00000m    9.8392u 
  500.00000m   15.2398u 
  550.00000m   21.6735u 
  600.00000m   29.0079u 
  650.00000m   37.1353u 
  700.00000m   45.9633u 
  750.00000m   55.4085u 
  800.00000m   65.3933u 
  850.00000m   75.8445u 
  900.00000m   86.6924u 
  950.00000m   97.8706u 
    1.00000   109.3150u 
y
 vth0_value= 227.1532m
 u0_param=  52.0176m
 ags_param= 425.0470m
 
   *** monte carlo  index = 26 ***
x

 volt         param     
             i_d_0.9    
    0.         70.3115p 
   50.00000m  360.0426p 
  100.00000m    1.8094n 
  150.00000m    8.6220n 
  200.00000m   37.5411n 
  250.00000m  145.3390n 
  300.00000m  493.4357n 
  350.00000m    1.4183u 
  400.00000m    3.3280u 
  450.00000m    6.4422u 
  500.00000m   10.7335u 
  550.00000m   16.0671u 
  600.00000m   22.3055u 
  650.00000m   29.3359u 
  700.00000m   37.0650u 
  750.00000m   45.4113u 
  800.00000m   54.3003u 
  850.00000m   63.6621u 
  900.00000m   73.4306u 
  950.00000m   83.5428u 
    1.00000    93.9382u 
y
 vth0_value= 259.2312m
 u0_param=  48.7965m
 ags_param= 427.3644m
 
   *** monte carlo  index = 27 ***
x

 volt         param     
             i_d_0.9    
    0.        116.7035p 
   50.00000m  596.8697p 
  100.00000m    2.9654n 
  150.00000m   13.8264n 
  200.00000m   58.3373n 
  250.00000m  217.9515n 
  300.00000m  709.2134n 
  350.00000m    1.9284u 
  400.00000m    4.2710u 
  450.00000m    7.8856u 
  500.00000m   12.6953u 
  550.00000m   18.5513u 
  600.00000m   25.3166u 
  650.00000m   32.8797u 
  700.00000m   41.1474u 
  750.00000m   50.0367u 
  800.00000m   59.4713u 
  850.00000m   69.3794u 
  900.00000m   79.6928u 
  950.00000m   90.3465u 
    1.00000   101.2782u 
y
 vth0_value= 245.0852m
 u0_param=  50.5997m
 ags_param= 437.1656m
 
   *** monte carlo  index = 28 ***
x

 volt         param     
             i_d_0.9    
    0.        225.8866p 
   50.00000m    1.1464n 
  100.00000m    5.5764n 
  150.00000m   25.0742n 
  200.00000m  100.8872n 
  250.00000m  357.7505n 
  300.00000m    1.0894u 
  350.00000m    2.7292u 
  400.00000m    5.5935u 
  450.00000m    9.7258u 
  500.00000m   15.0051u 
  550.00000m   21.2833u 
  600.00000m   28.4343u 
  650.00000m   36.3549u 
  700.00000m   44.9564u 
  750.00000m   54.1583u 
  800.00000m   63.8854u 
  850.00000m   74.0668u 
  900.00000m   84.6345u 
  950.00000m   95.5239u 
    1.00000   106.6723u 
y
 vth0_value= 224.9384m
 u0_param=  50.2732m
 ags_param= 423.9283m
 
   *** monte carlo  index = 29 ***
x

 volt         param     
             i_d_0.9    
    0.         56.0374p 
   50.00000m  286.7056p 
  100.00000m    1.4471n 
  150.00000m    6.9566n 
  200.00000m   30.7016n 
  250.00000m  120.7599n 
  300.00000m  417.4990n 
  350.00000m    1.2293u 
  400.00000m    2.9620u 
  450.00000m    5.8647u 
  500.00000m    9.9354u 
  550.00000m   15.0472u 
  600.00000m   21.0632u 
  650.00000m   27.8693u 
  700.00000m   35.3721u 
  750.00000m   43.4904u 
  800.00000m   52.1504u 
  850.00000m   61.2830u 
  900.00000m   70.8229u 
  950.00000m   80.7078u 
    1.00000    90.8782u 
y
 vth0_value= 265.6367m
 u0_param=  48.0817m
 ags_param= 416.9105m
 
   *** monte carlo  index = 30 ***
x

 volt         param     
             i_d_0.9    
    0.         59.4052p 
   50.00000m  304.0905p 
  100.00000m    1.5338n 
  150.00000m    7.3623n 
  200.00000m   32.4148n 
  250.00000m  127.1335n 
  300.00000m  438.0776n 
  350.00000m    1.2842u 
  400.00000m    3.0790u 
  450.00000m    6.0700u 
  500.00000m   10.2497u 
  550.00000m   15.4871u 
  600.00000m   21.6420u 
  650.00000m   28.5985u 
  700.00000m   36.2614u 
  750.00000m   44.5481u 
  800.00000m   53.3833u 
  850.00000m   62.6968u 
  900.00000m   72.4221u 
  950.00000m   82.4958u 
    1.00000    92.8576u 
y
 vth0_value= 264.4992m
 u0_param=  49.0408m
 ags_param= 414.5254m
 
   *** monte carlo  index = 31 ***
x

 volt         param     
             i_d_0.9    
    0.        229.7843p 
   50.00000m    1.1663n 
  100.00000m    5.6738n 
  150.00000m   25.5157n 
  200.00000m  102.6760n 
  250.00000m  364.1176n 
  300.00000m    1.1089u 
  350.00000m    2.7780u 
  400.00000m    5.6935u 
  450.00000m    9.8990u 
  500.00000m   15.2708u 
  550.00000m   21.6573u 
  600.00000m   28.9298u 
  650.00000m   36.9829u 
  700.00000m   45.7262u 
  750.00000m   55.0779u 
  800.00000m   64.9614u 
  850.00000m   75.3046u 
  900.00000m   86.0387u 
  950.00000m   97.0980u 
    1.00000   108.4191u 
y
 vth0_value= 225.0124m
 u0_param=  51.2007m
 ags_param= 422.1839m
 
   *** monte carlo  index = 32 ***
x

 volt         param     
             i_d_0.9    
    0.        100.5064p 
   50.00000m  514.2393p 
  100.00000m    2.5625n 
  150.00000m   12.0142n 
  200.00000m   51.0896n 
  250.00000m  192.5612n 
  300.00000m  633.4029n 
  350.00000m    1.7465u 
  400.00000m    3.9233u 
  450.00000m    7.3269u 
  500.00000m   11.8942u 
  550.00000m   17.4835u 
  600.00000m   23.9616u 
  650.00000m   31.2197u 
  700.00000m   39.1669u 
  750.00000m   47.7228u 
  800.00000m   56.8133u 
  850.00000m   66.3686u 
  900.00000m   76.3224u 
  950.00000m   86.6115u 
    1.00000    97.1753u 
y
 vth0_value= 248.5045m
 u0_param=  48.9106m
 ags_param= 422.5508m
 
   *** monte carlo  index = 33 ***
x

 volt         param     
             i_d_0.9    
    0.        113.4115p 
   50.00000m  580.0304p 
  100.00000m    2.8829n 
  150.00000m   13.4513n 
  200.00000m   56.8142n 
  250.00000m  212.5144n 
  300.00000m  692.5583n 
  350.00000m    1.8868u 
  400.00000m    4.1869u 
  450.00000m    7.7426u 
  500.00000m   12.4796u 
  550.00000m   18.2515u 
  600.00000m   24.9233u 
  650.00000m   32.3847u 
  700.00000m   40.5435u 
  750.00000m   49.3181u 
  800.00000m   58.6327u 
  850.00000m   68.4165u 
  900.00000m   78.6019u 
  950.00000m   89.1248u 
    1.00000    99.9233u 
y
 vth0_value= 245.5313m
 u0_param=  49.9468m
 ags_param= 423.3570m
 
   *** monte carlo  index = 34 ***
x

 volt         param     
             i_d_0.9    
    0.         69.9668p 
   50.00000m  358.2722p 
  100.00000m    1.8007n 
  150.00000m    8.5818n 
  200.00000m   37.3756n 
  250.00000m  144.7412n 
  300.00000m  491.5738n 
  350.00000m    1.4136u 
  400.00000m    3.3185u 
  450.00000m    6.4264u 
  500.00000m   10.7102u 
  550.00000m   16.0353u 
  600.00000m   22.2643u 
  650.00000m   29.2844u 
  700.00000m   37.0022u 
  750.00000m   45.3363u 
  800.00000m   54.2123u 
  850.00000m   63.5603u 
  900.00000m   73.3143u 
  950.00000m   83.4113u 
    1.00000    93.7908u 
y
 vth0_value= 259.3511m
 u0_param=  48.7525m
 ags_param= 412.2984m
 
   *** monte carlo  index = 35 ***
x

 volt         param     
             i_d_0.9    
    0.        290.2245p 
   50.00000m    1.4669n 
  100.00000m    7.0708n 
  150.00000m   31.3345n 
  200.00000m  123.8551n 
  250.00000m  430.5895n 
  300.00000m    1.2775u 
  350.00000m    3.1051u 
  400.00000m    6.1964u 
  450.00000m   10.5607u 
  500.00000m   16.0654u 
  550.00000m   22.5628u 
  600.00000m   29.9290u 
  650.00000m   38.0623u 
  700.00000m   46.8742u 
  750.00000m   56.2842u 
  800.00000m   66.2169u 
  850.00000m   76.6005u 
  900.00000m   87.3670u 
  950.00000m   98.4510u 
    1.00000   109.7891u 
y
 vth0_value= 217.6458m
 u0_param=  50.7204m
 ags_param= 430.9774m
 
   *** monte carlo  index = 36 ***
x

 volt         param     
             i_d_0.9    
    0.         68.3724p 
   50.00000m  350.1377p 
  100.00000m    1.7610n 
  150.00000m    8.4046n 
  200.00000m   36.6798n 
  250.00000m  142.3853n 
  300.00000m  484.8858n 
  350.00000m    1.3994u 
  400.00000m    3.2979u 
  450.00000m    6.4072u 
  500.00000m   10.7034u 
  550.00000m   16.0512u 
  600.00000m   22.3114u 
  650.00000m   29.3696u 
  700.00000m   37.1315u 
  750.00000m   45.5148u 
  800.00000m   54.4444u 
  850.00000m   63.8498u 
  900.00000m   73.6645u 
  950.00000m   83.8251u 
    1.00000    94.2708u 
y
 vth0_value= 260.3254m
 u0_param=  49.1741m
 ags_param= 417.2258m
 
   *** monte carlo  index = 37 ***
x

 volt         param     
             i_d_0.9    
    0.         68.9540p 
   50.00000m  353.1641p 
  100.00000m    1.7764n 
  150.00000m    8.4786n 
  200.00000m   37.0069n 
  250.00000m  143.6711n 
  300.00000m  489.3092n 
  350.00000m    1.4123u 
  400.00000m    3.3287u 
  450.00000m    6.4676u 
  500.00000m   10.8046u 
  550.00000m   16.2026u 
  600.00000m   22.5211u 
  650.00000m   29.6443u 
  700.00000m   37.4769u 
  750.00000m   45.9357u 
  800.00000m   54.9449u 
  850.00000m   64.4334u 
  900.00000m   74.3342u 
  950.00000m   84.5832u 
    1.00000    95.1192u 
y
 vth0_value= 260.3857m
 u0_param=  49.6621m
 ags_param= 421.0989m
 
   *** monte carlo  index = 38 ***
x

 volt         param     
             i_d_0.9    
    0.         90.3409p 
   50.00000m  462.6003p 
  100.00000m    2.3129n 
  150.00000m   10.9115n 
  200.00000m   46.8120n 
  250.00000m  178.1828n 
  300.00000m  592.9950n 
  350.00000m    1.6602u 
  400.00000m    3.7882u 
  450.00000m    7.1646u 
  500.00000m   11.7364u 
  550.00000m   17.3596u 
  600.00000m   23.8955u 
  650.00000m   31.2309u 
  700.00000m   39.2717u 
  750.00000m   47.9351u 
  800.00000m   57.1450u 
  850.00000m   66.8303u 
  900.00000m   76.9232u 
  950.00000m   87.3595u 
    1.00000    98.0774u 
y
 vth0_value= 252.4674m
 u0_param=  50.0527m
 ags_param= 417.2582m
 
   *** monte carlo  index = 39 ***
x

 volt         param     
             i_d_0.9    
    0.         48.9555p 
   50.00000m  250.2213p 
  100.00000m    1.2659n 
  150.00000m    6.1162n 
  200.00000m   27.2067n 
  250.00000m  108.0333n 
  300.00000m  377.5111n 
  350.00000m    1.1274u 
  400.00000m    2.7605u 
  450.00000m    5.5425u 
  500.00000m    9.4875u 
  550.00000m   14.4742u 
  600.00000m   20.3658u 
  650.00000m   27.0475u 
  700.00000m   34.4255u 
  750.00000m   42.4186u 
  800.00000m   50.9535u 
  850.00000m   59.9613u 
  900.00000m   69.3772u 
  950.00000m   79.1393u 
    1.00000    89.1885u 
y
 vth0_value= 269.5016m
 u0_param=  47.7209m
 ags_param= 413.4739m
 
   *** monte carlo  index = 40 ***
x

 volt         param     
             i_d_0.9    
    0.        125.4392p 
   50.00000m  640.7813p 
  100.00000m    3.1733n 
  150.00000m   14.7109n 
  200.00000m   61.5865n 
  250.00000m  228.1426n 
  300.00000m  734.7303n 
  350.00000m    1.9715u 
  400.00000m    4.3100u 
  450.00000m    7.8767u 
  500.00000m   12.5901u 
  550.00000m   18.3076u 
  600.00000m   24.8997u 
  650.00000m   32.2608u 
  700.00000m   40.3022u 
  750.00000m   48.9445u 
  800.00000m   58.1142u 
  850.00000m   67.7420u 
  900.00000m   77.7618u 
  950.00000m   88.1108u 
    1.00000    98.7281u 
y
 vth0_value= 241.6579m
 u0_param=  48.6752m
 ags_param= 429.6083m
 
   *** monte carlo  index = 41 ***
x

 volt         param     
             i_d_0.9    
    0.         72.7633p 
   50.00000m  372.6406p 
  100.00000m    1.8717n 
  150.00000m    8.9087n 
  200.00000m   38.7228n 
  250.00000m  149.6152n 
  300.00000m  506.7652n 
  350.00000m    1.4521u 
  400.00000m    3.3958u 
  450.00000m    6.5547u 
  500.00000m   10.8979u 
  550.00000m   16.2884u 
  600.00000m   22.5879u 
  650.00000m   29.6828u 
  700.00000m   37.4792u 
  750.00000m   45.8951u 
  800.00000m   54.8554u 
  850.00000m   64.2897u 
  900.00000m   74.1316u 
  950.00000m   84.3175u 
    1.00000    94.7867u 
y
 vth0_value= 258.4408m
 u0_param=  49.1736m
 ags_param= 410.4518m
 
   *** monte carlo  index = 42 ***
x

 volt         param     
             i_d_0.9    
    0.        111.8842p 
   50.00000m  572.3002p 
  100.00000m    2.8458n 
  150.00000m   13.2893n 
  200.00000m   56.1950n 
  250.00000m  210.4662n 
  300.00000m  686.9422n 
  350.00000m    1.8752u 
  400.00000m    4.1694u 
  450.00000m    7.7225u 
  500.00000m   12.4611u 
  550.00000m   18.2385u 
  600.00000m   24.9188u 
  650.00000m   32.3912u 
  700.00000m   40.5631u 
  750.00000m   49.3525u 
  800.00000m   58.6834u 
  850.00000m   68.4847u 
  900.00000m   78.6888u 
  950.00000m   89.2313u 
    1.00000   100.0502u 
y
 vth0_value= 246.0419m
 u0_param=  50.1043m
 ags_param= 419.4142m
 
   *** monte carlo  index = 43 ***
x

 volt         param     
             i_d_0.9    
    0.         67.4156p 
   50.00000m  345.2276p 
  100.00000m    1.7368n 
  150.00000m    8.2938n 
  200.00000m   36.2274n 
  250.00000m  140.7701n 
  300.00000m  479.9387n 
  350.00000m    1.3872u 
  400.00000m    3.2747u 
  450.00000m    6.3711u 
  500.00000m   10.6541u 
  550.00000m   15.9887u 
  600.00000m   22.2359u 
  650.00000m   29.2811u 
  700.00000m   37.0300u 
  750.00000m   45.4002u 
  800.00000m   54.3168u 
  850.00000m   63.7092u 
  900.00000m   73.5110u 
  950.00000m   83.6587u 
    1.00000    94.0918u 
y
 vth0_value= 260.7292m
 u0_param=  49.1389m
 ags_param= 415.9113m
 
   *** monte carlo  index = 44 ***
x

 volt         param     
             i_d_0.9    
    0.         24.0866p 
   50.00000m  121.4652p 
  100.00000m  620.2208p 
  150.00000m    3.0691n 
  200.00000m   14.2095n 
  250.00000m   59.3825n 
  300.00000m  219.5359n 
  350.00000m  705.1226n 
  400.00000m    1.8852u 
  450.00000m    4.1056u 
  500.00000m    7.4786u 
  550.00000m   11.9225u 
  600.00000m   17.3007u 
  650.00000m   23.4906u 
  700.00000m   30.3926u 
  750.00000m   37.9232u 
  800.00000m   46.0081u 
  850.00000m   54.5787u 
  900.00000m   63.5704u 
  950.00000m   72.9221u 
    1.00000    82.5754u 
y
 vth0_value= 290.9051m
 u0_param=  47.1684m
 ags_param= 412.9749m
 
   *** monte carlo  index = 45 ***
x

 volt         param     
             i_d_0.9    
    0.         72.6218p 
   50.00000m  372.0481p 
  100.00000m    1.8701n 
  150.00000m    8.9132n 
  200.00000m   38.8194n 
  250.00000m  150.3224n 
  300.00000m  510.4200n 
  350.00000m    1.4673u 
  400.00000m    3.4434u 
  450.00000m    6.6656u 
  500.00000m   11.1046u 
  550.00000m   16.6194u 
  600.00000m   23.0671u 
  650.00000m   30.3300u 
  700.00000m   38.3113u 
  750.00000m   46.9265u 
  800.00000m   56.0986u 
  850.00000m   65.7554u 
  900.00000m   75.8287u 
  950.00000m   86.2538u 
    1.00000    96.9685u 
y
 vth0_value= 259.3793m
 u0_param=  50.5410m
 ags_param= 430.0638m
 
   *** monte carlo  index = 46 ***
x

 volt         param     
             i_d_0.9    
    0.        195.5105p 
   50.00000m  993.8348p 
  100.00000m    4.8542n 
  150.00000m   21.9761n 
  200.00000m   89.1833n 
  250.00000m  319.2787n 
  300.00000m  984.4926n 
  350.00000m    2.5033u 
  400.00000m    5.2006u 
  450.00000m    9.1365u 
  500.00000m   14.2002u 
  550.00000m   20.2473u 
  600.00000m   27.1537u 
  650.00000m   34.8179u 
  700.00000m   43.1528u 
  750.00000m   52.0797u 
  800.00000m   61.5251u 
  850.00000m   71.4194u 
  900.00000m   81.6964u 
  950.00000m   92.2925u 
    1.00000   103.1464u 
y
 vth0_value= 228.4717m
 u0_param=  48.9990m
 ags_param= 414.6133m
 
   *** monte carlo  index = 47 ***
x

 volt         param     
             i_d_0.9    
    0.         22.5589p 
   50.00000m  113.5337p 
  100.00000m  580.2629p 
  150.00000m    2.8791n 
  200.00000m   13.3930n 
  250.00000m   56.3308n 
  300.00000m  209.7196n 
  350.00000m  679.4235n 
  400.00000m    1.8366u 
  450.00000m    4.0429u 
  500.00000m    7.4268u 
  550.00000m   11.9105u 
  600.00000m   17.3542u 
  650.00000m   23.6305u 
  700.00000m   30.6361u 
  750.00000m   38.2850u 
  800.00000m   46.5006u 
  850.00000m   55.2127u 
  900.00000m   64.3554u 
  950.00000m   73.8661u 
    1.00000    83.6855u 
y
 vth0_value= 293.7068m
 u0_param=  48.3070m
 ags_param= 413.4605m
 
   *** monte carlo  index = 48 ***
x

 volt         param     
             i_d_0.9    
    0.         98.7038p 
   50.00000m  504.9745p 
  100.00000m    2.5167n 
  150.00000m   11.8026n 
  200.00000m   50.2103n 
  250.00000m  189.3399n 
  300.00000m  623.1994n 
  350.00000m    1.7198u 
  400.00000m    3.8665u 
  450.00000m    7.2261u 
  500.00000m   11.7369u 
  550.00000m   17.2594u 
  600.00000m   23.6619u 
  650.00000m   30.8370u 
  700.00000m   38.6949u 
  750.00000m   47.1561u 
  800.00000m   56.1471u 
  850.00000m   65.5990u 
  900.00000m   75.4461u 
  950.00000m   85.6259u 
    1.00000    96.0782u 
y
 vth0_value= 248.6788m
 u0_param=  48.3480m
 ags_param= 413.1238m
 
   *** monte carlo  index = 49 ***
x

 volt         param     
             i_d_0.9    
    0.         73.2323p 
   50.00000m  375.0536p 
  100.00000m    1.8836n 
  150.00000m    8.9640n 
  200.00000m   38.9530n 
  250.00000m  150.4579n 
  300.00000m  509.4340n 
  350.00000m    1.4591u 
  400.00000m    3.4103u 
  450.00000m    6.5798u 
  500.00000m   10.9363u 
  550.00000m   16.3423u 
  600.00000m   22.6592u 
  650.00000m   29.7732u 
  700.00000m   37.5904u 
  750.00000m   46.0284u 
  800.00000m   55.0122u 
  850.00000m   64.4712u 
  900.00000m   74.3387u 
  950.00000m   84.5512u 
    1.00000    95.0478u 
y
 vth0_value= 258.3180m
 u0_param=  49.2834m
 ags_param= 423.8507m
 
   *** monte carlo  index = 50 ***
x

 volt         param     
             i_d_0.9    
    0.         77.6550p 
   50.00000m  397.6856p 
  100.00000m    1.9946n 
  150.00000m    9.4670n 
  200.00000m   40.9771n 
  250.00000m  157.5636n 
  300.00000m  530.7019n 
  350.00000m    1.5095u 
  400.00000m    3.5020u 
  450.00000m    6.7151u 
  500.00000m   11.1109u 
  550.00000m   16.5508u 
  600.00000m   22.8972u 
  650.00000m   30.0370u 
  700.00000m   37.8770u 
  750.00000m   46.3351u 
  800.00000m   55.3364u 
  850.00000m   64.8106u 
  900.00000m   74.6909u 
  950.00000m   84.9140u 
    1.00000    95.4190u 
y
 vth0_value= 256.5020m
 u0_param=  49.2190m
 ags_param= 411.1463m
 
   *** monte carlo  index = 51 ***
x

 volt         param     
             i_d_0.9    
    0.        104.6005p 
   50.00000m  535.2292p 
  100.00000m    2.6659n 
  150.00000m   12.4873n 
  200.00000m   53.0306n 
  250.00000m  199.5678n 
  300.00000m  655.1744n 
  350.00000m    1.8020u 
  400.00000m    4.0372u 
  450.00000m    7.5234u 
  500.00000m   12.1933u 
  550.00000m   17.9014u 
  600.00000m   24.5117u 
  650.00000m   31.9132u 
  700.00000m   40.0131u 
  750.00000m   48.7296u 
  800.00000m   57.9871u 
  850.00000m   67.7145u 
  900.00000m   77.8446u 
  950.00000m   88.3130u 
    1.00000    99.0583u 
y
 vth0_value= 247.9302m
 u0_param=  49.8803m
 ags_param= 406.1876m
 
   *** monte carlo  index = 52 ***
x

 volt         param     
             i_d_0.9    
    0.        101.9428p 
   50.00000m  521.6976p 
  100.00000m    2.6002n 
  150.00000m   12.1941n 
  200.00000m   51.8733n 
  250.00000m  195.5829n 
  300.00000m  643.5677n 
  350.00000m    1.7754u 
  400.00000m    3.9897u 
  450.00000m    7.4531u 
  500.00000m   12.1007u 
  550.00000m   17.7878u 
  600.00000m   24.3779u 
  650.00000m   31.7599u 
  700.00000m   39.8411u 
  750.00000m   48.5396u 
  800.00000m   57.7797u 
  850.00000m   67.4905u 
  900.00000m   77.6047u 
  950.00000m   88.0583u 
    1.00000    98.7895u 
y
 vth0_value= 248.6797m
 u0_param=  49.8375m
 ags_param= 416.6961m
 
   *** monte carlo  index = 53 ***
x

 volt         param     
             i_d_0.9    
    0.         62.9585p 
   50.00000m  322.3350p 
  100.00000m    1.6238n 
  150.00000m    7.7748n 
  200.00000m   34.0988n 
  250.00000m  133.1328n 
  300.00000m  456.3943n 
  350.00000m    1.3288u 
  400.00000m    3.1619u 
  450.00000m    6.1935u 
  500.00000m   10.4091u 
  550.00000m   15.6761u 
  600.00000m   21.8556u 
  650.00000m   28.8330u 
  700.00000m   36.5138u 
  750.00000m   44.8158u 
  800.00000m   53.6642u 
  850.00000m   62.9889u 
  900.00000m   72.7236u 
  950.00000m   82.8051u 
    1.00000    93.1731u 
y
 vth0_value= 262.6518m
 u0_param=  48.9098m
 ags_param= 425.7453m
 
   *** monte carlo  index = 54 ***
x

 volt         param     
             i_d_0.9    
    0.         18.6780p 
   50.00000m   93.2926p 
  100.00000m  477.2404p 
  150.00000m    2.3790n 
  200.00000m   11.1627n 
  250.00000m   47.5217n 
  300.00000m  179.3279n 
  350.00000m  590.6361n 
  400.00000m    1.6310u 
  450.00000m    3.6683u 
  500.00000m    6.8556u 
  550.00000m   11.1318u 
  600.00000m   16.3618u 
  650.00000m   22.4187u 
  700.00000m   29.1994u 
  750.00000m   36.6183u 
  800.00000m   44.6000u 
  850.00000m   53.0752u 
  900.00000m   61.9791u 
  950.00000m   71.2501u 
    1.00000    80.8299u 
y
 vth0_value= 299.0068m
 u0_param=  47.3913m
 ags_param= 407.8914m
 
   *** monte carlo  index = 55 ***
x

 volt         param     
             i_d_0.9    
    0.         94.2623p 
   50.00000m  482.7211p 
  100.00000m    2.4122n 
  150.00000m   11.3666n 
  200.00000m   48.6830n 
  250.00000m  184.9465n 
  300.00000m  614.0523n 
  350.00000m    1.7138u 
  400.00000m    3.8979u 
  450.00000m    7.3522u 
  500.00000m   12.0194u 
  550.00000m   17.7523u 
  600.00000m   24.4097u 
  650.00000m   31.8765u 
  700.00000m   40.0570u 
  750.00000m   48.8673u 
  800.00000m   58.2300u 
  850.00000m   68.0727u 
  900.00000m   78.3270u 
  950.00000m   88.9276u 
    1.00000    99.8120u 
y
 vth0_value= 251.7270m
 u0_param=  50.9071m
 ags_param= 415.0889m
 
   *** monte carlo  index = 56 ***
x

 volt         param     
             i_d_0.9    
    0.        110.6605p 
   50.00000m  566.0138p 
  100.00000m    2.8147n 
  150.00000m   13.1460n 
  200.00000m   55.6003n 
  250.00000m  208.2908n 
  300.00000m  680.0638n 
  350.00000m    1.8572u 
  400.00000m    4.1312u 
  450.00000m    7.6544u 
  500.00000m   12.3547u 
  550.00000m   18.0865u 
  600.00000m   24.7152u 
  650.00000m   32.1309u 
  700.00000m   40.2415u 
  750.00000m   48.9657u 
  800.00000m   58.2282u 
  850.00000m   67.9582u 
  900.00000m   78.0885u 
  950.00000m   88.5552u 
    1.00000    99.2967u 
y
 vth0_value= 246.1263m
 u0_param=  49.7200m
 ags_param= 407.7963m
 
   *** monte carlo  index = 57 ***
x

 volt         param     
             i_d_0.9    
    0.         83.8674p 
   50.00000m  429.4897p 
  100.00000m    2.1507n 
  150.00000m   10.1763n 
  200.00000m   43.8470n 
  250.00000m  167.7213n 
  300.00000m  561.4566n 
  350.00000m    1.5841u 
  400.00000m    3.6437u 
  450.00000m    6.9373u 
  500.00000m   11.4193u 
  550.00000m   16.9483u 
  600.00000m   23.3865u 
  650.00000m   30.6207u 
  700.00000m   38.5575u 
  750.00000m   47.1145u 
  800.00000m   56.2163u 
  850.00000m   65.7921u 
  900.00000m   75.7749u 
  950.00000m   86.1007u 
    1.00000    96.7084u 
y
 vth0_value= 254.4207m
 u0_param=  49.5971m
 ags_param= 420.2528m
 
   *** monte carlo  index = 58 ***
x

 volt         param     
             i_d_0.9    
    0.        110.2613p 
   50.00000m  563.9703p 
  100.00000m    2.8047n 
  150.00000m   13.1003n 
  200.00000m   55.4142n 
  250.00000m  207.6254n 
  300.00000m  678.0254n 
  350.00000m    1.8521u 
  400.00000m    4.1210u 
  450.00000m    7.6373u 
  500.00000m   12.3294u 
  550.00000m   18.0521u 
  600.00000m   24.6711u 
  650.00000m   32.0766u 
  700.00000m   40.1771u 
  750.00000m   48.8910u 
  800.00000m   58.1433u 
  850.00000m   67.8635u 
  900.00000m   77.9843u 
  950.00000m   88.4419u 
    1.00000    99.1747u 
y
 vth0_value= 246.1806m
 u0_param=  49.6354m
 ags_param= 426.4445m
 
   *** monte carlo  index = 59 ***
x

 volt         param     
             i_d_0.9    
    0.         65.9159p 
   50.00000m  337.5462p 
  100.00000m    1.6991n 
  150.00000m    8.1225n 
  200.00000m   35.5373n 
  250.00000m  138.3518n 
  300.00000m  472.7208n 
  350.00000m    1.3703u 
  400.00000m    3.2450u 
  450.00000m    6.3301u 
  500.00000m   10.6061u 
  550.00000m   15.9383u 
  600.00000m   22.1870u 
  650.00000m   29.2369u 
  700.00000m   36.9932u 
  750.00000m   45.3732u 
  800.00000m   54.3016u 
  850.00000m   63.7078u 
  900.00000m   73.5252u 
  950.00000m   83.6901u 
    1.00000    94.1418u 
y
 vth0_value= 261.5026m
 u0_param=  49.2799m
 ags_param= 424.8036m
 
   *** monte carlo  index = 60 ***
x

 volt         param     
             i_d_0.9    
    0.         74.2772p 
   50.00000m  380.4677p 
  100.00000m    1.9109n 
  150.00000m    9.0932n 
  200.00000m   39.5118n 
  250.00000m  152.5989n 
  300.00000m  516.5900n 
  350.00000m    1.4792u 
  400.00000m    3.4563u 
  450.00000m    6.6669u 
  500.00000m   11.0782u 
  550.00000m   16.5508u 
  600.00000m   22.9441u 
  650.00000m   30.1425u 
  700.00000m   38.0507u 
  750.00000m   46.5856u 
  800.00000m   55.6710u 
  850.00000m   65.2355u 
  900.00000m   75.2119u 
  950.00000m   85.5358u 
    1.00000    96.1459u 
y
 vth0_value= 258.2937m
 u0_param=  49.9086m
 ags_param= 419.3467m
 
   *** monte carlo  index = 61 ***
x

 volt         param     
             i_d_0.9    
    0.         77.1935p 
   50.00000m  395.3683p 
  100.00000m    1.9837n 
  150.00000m    9.4213n 
  200.00000m   40.8185n 
  250.00000m  157.1226n 
  300.00000m  529.8649n 
  350.00000m    1.5095u 
  400.00000m    3.5081u 
  450.00000m    6.7363u 
  500.00000m   11.1571u 
  550.00000m   16.6308u 
  600.00000m   23.0184u 
  650.00000m   30.2056u 
  700.00000m   38.0982u 
  750.00000m   46.6134u 
  800.00000m   55.6757u 
  850.00000m   65.2141u 
  900.00000m   75.1616u 
  950.00000m   85.4543u 
    1.00000    96.0310u 
y
 vth0_value= 256.9472m
 u0_param=  49.6269m
 ags_param= 417.7555m
 
   *** monte carlo  index = 62 ***
x

 volt         param     
             i_d_0.9    
    0.        135.3429p 
   50.00000m  691.1999p 
  100.00000m    3.4182n 
  150.00000m   15.8061n 
  200.00000m   65.9412n 
  250.00000m  243.3193n 
  300.00000m  779.7318n 
  350.00000m    2.0792u 
  400.00000m    4.5172u 
  450.00000m    8.2147u 
  500.00000m   13.0831u 
  550.00000m   18.9751u 
  600.00000m   25.7581u 
  650.00000m   33.3242u 
  700.00000m   41.5824u 
  750.00000m   50.4516u 
  800.00000m   59.8564u 
  850.00000m   69.7261u 
  900.00000m   79.9932u 
  950.00000m   90.5934u 
    1.00000   101.4649u 
y
 vth0_value= 240.1779m
 u0_param=  49.9200m
 ags_param= 430.0093m
 
   *** monte carlo  index = 63 ***
x

 volt         param     
             i_d_0.9    
    0.        145.8434p 
   50.00000m  744.5833p 
  100.00000m    3.6768n 
  150.00000m   16.9574n 
  200.00000m   70.4927n 
  250.00000m  259.0751n 
  300.00000m  826.0067n 
  350.00000m    2.1884u 
  400.00000m    4.7248u 
  450.00000m    8.5495u 
  500.00000m   13.5670u 
  550.00000m   19.6252u 
  600.00000m   26.5889u 
  650.00000m   34.3478u 
  700.00000m   42.8090u 
  750.00000m   51.8896u 
  800.00000m   61.5127u 
  850.00000m   71.6060u 
  900.00000m   82.1008u 
  950.00000m   92.9317u 
    1.00000   104.0357u 
y
 vth0_value= 238.6705m
 u0_param=  51.0931m
 ags_param= 414.1368m
 
   *** monte carlo  index = 64 ***
x

 volt         param     
             i_d_0.9    
    0.        128.0800p 
   50.00000m  654.4617p 
  100.00000m    3.2420n 
  150.00000m   15.0364n 
  200.00000m   62.9861n 
  250.00000m  233.4551n 
  300.00000m  752.2773n 
  350.00000m    2.0201u 
  400.00000m    4.4190u 
  450.00000m    8.0795u 
  500.00000m   12.9171u 
  550.00000m   18.7840u 
  600.00000m   25.5465u 
  650.00000m   33.0956u 
  700.00000m   41.3395u 
  750.00000m   50.1967u 
  800.00000m   59.5917u 
  850.00000m   69.4534u 
  900.00000m   79.7142u 
  950.00000m   90.3096u 
    1.00000   101.1779u 
y
 vth0_value= 241.9349m
 u0_param=  50.0632m
 ags_param= 417.5791m
 
   *** monte carlo  index = 65 ***
x

 volt         param     
             i_d_0.9    
    0.         54.3636p 
   50.00000m  278.1365p 
  100.00000m    1.4050n 
  150.00000m    6.7667n 
  200.00000m   29.9461n 
  250.00000m  118.1723n 
  300.00000m  410.0317n 
  350.00000m    1.2131u 
  400.00000m    2.9386u 
  450.00000m    5.8451u 
  500.00000m    9.9353u 
  550.00000m   15.0816u 
  600.00000m   21.1445u 
  650.00000m   28.0074u 
  700.00000m   35.5753u 
  750.00000m   43.7655u 
  800.00000m   52.5033u 
  850.00000m   61.7186u 
  900.00000m   71.3453u 
  950.00000m   81.3205u 
    1.00000    91.5841u 
y
 vth0_value= 266.9830m
 u0_param=  48.7235m
 ags_param= 401.1753m
 
   *** monte carlo  index = 66 ***
x

 volt         param     
             i_d_0.9    
    0.         67.4469p 
   50.00000m  345.2789p 
  100.00000m    1.7360n 
  150.00000m    8.2802n 
  200.00000m   36.1062n 
  250.00000m  140.0302n 
  300.00000m  476.4079n 
  350.00000m    1.3732u 
  400.00000m    3.2319u 
  450.00000m    6.2723u 
  500.00000m   10.4707u 
  550.00000m   15.6956u 
  600.00000m   21.8123u 
  650.00000m   28.7096u 
  700.00000m   36.2958u 
  750.00000m   44.4910u 
  800.00000m   53.2216u 
  850.00000m   62.4192u 
  900.00000m   72.0184u 
  950.00000m   81.9572u 
    1.00000    92.1760u 
y
 vth0_value= 259.9155m
 u0_param=  47.9302m
 ags_param= 411.0756m
 
   *** monte carlo  index = 67 ***
x

 volt         param     
             i_d_0.9    
    0.         79.5375p 
   50.00000m  407.2863p 
  100.00000m    2.0414n 
  150.00000m    9.6762n 
  200.00000m   41.8027n 
  250.00000m  160.3887n 
  300.00000m  538.8543n 
  350.00000m    1.5276u 
  400.00000m    3.5315u 
  450.00000m    6.7520u 
  500.00000m   11.1485u 
  550.00000m   16.5826u 
  600.00000m   22.9180u 
  650.00000m   30.0426u 
  700.00000m   37.8637u 
  750.00000m   46.2999u 
  800.00000m   55.2767u 
  850.00000m   64.7241u 
  900.00000m   74.5756u 
  950.00000m   84.7682u 
    1.00000    95.2410u 
y
 vth0_value= 255.6192m
 u0_param=  48.9769m
 ags_param= 411.9302m
 
   *** monte carlo  index = 68 ***
x

 volt         param     
             i_d_0.9    
    0.        136.8485p 
   50.00000m  698.6863p 
  100.00000m    3.4529n 
  150.00000m   15.9475n 
  200.00000m   66.4268n 
  250.00000m  244.6965n 
  300.00000m  782.5142n 
  350.00000m    2.0811u 
  400.00000m    4.5100u 
  450.00000m    8.1855u 
  500.00000m   13.0189u 
  550.00000m   18.8647u 
  600.00000m   25.5921u 
  650.00000m   33.0948u 
  700.00000m   41.2831u 
  750.00000m   50.0767u 
  800.00000m   59.4011u 
  850.00000m   69.1862u 
  900.00000m   79.3651u 
  950.00000m   89.8742u 
    1.00000   100.6520u 
y
 vth0_value= 239.4931m
 u0_param=  49.3795m
 ags_param= 425.1408m
 
   *** monte carlo  index = 69 ***
x

 volt         param     
             i_d_0.9    
    0.        218.4495p 
   50.00000m    1.1096n 
  100.00000m    5.4079n 
  150.00000m   24.3917n 
  200.00000m   98.5159n 
  250.00000m  350.7889n 
  300.00000m    1.0740u 
  350.00000m    2.7076u 
  400.00000m    5.5809u 
  450.00000m    9.7451u 
  500.00000m   15.0790u 
  550.00000m   21.4309u 
  600.00000m   28.6713u 
  650.00000m   36.6943u 
  700.00000m   45.4093u 
  750.00000m   54.7343u 
  800.00000m   64.5927u 
  850.00000m   74.9124u 
  900.00000m   85.6245u 
  950.00000m   96.6634u 
    1.00000   107.9657u 
y
 vth0_value= 226.5395m
 u0_param=  51.1987m
 ags_param= 429.2956m
 
   *** monte carlo  index = 70 ***
x

 volt         param     
             i_d_0.9    
    0.         35.1791p 
   50.00000m  179.0947p 
  100.00000m  911.2239p 
  150.00000m    4.4606n 
  200.00000m   20.2678n 
  250.00000m   82.6282n 
  300.00000m  297.2415n 
  350.00000m  922.0359n 
  400.00000m    2.3609u 
  450.00000m    4.9346u 
  500.00000m    8.7061u 
  550.00000m   13.5668u 
  600.00000m   19.3734u 
  650.00000m   26.0028u 
  700.00000m   33.3548u 
  750.00000m   41.3445u 
  800.00000m   49.8956u 
  850.00000m   58.9374u 
  900.00000m   68.4032u 
  950.00000m   78.2300u 
    1.00000    88.3575u 
y
 vth0_value= 280.4317m
 u0_param=  48.9885m
 ags_param= 411.4417m
 
   *** monte carlo  index = 71 ***
x

 volt         param     
             i_d_0.9    
    0.         39.9885p 
   50.00000m  203.9087p 
  100.00000m    1.0347n 
  150.00000m    5.0346n 
  200.00000m   22.6509n 
  250.00000m   91.2037n 
  300.00000m  323.6819n 
  350.00000m  986.6196n 
  400.00000m    2.4739u 
  450.00000m    5.0733u 
  500.00000m    8.8234u 
  550.00000m   13.6129u 
  600.00000m   19.3059u 
  650.00000m   25.7870u 
  700.00000m   32.9618u 
  750.00000m   40.7499u 
  800.00000m   49.0783u 
  850.00000m   57.8790u 
  900.00000m   67.0879u 
  950.00000m   76.6438u 
    1.00000    86.4884u 
y
 vth0_value= 275.2188m
 u0_param=  47.0534m
 ags_param= 405.0954m
 
   *** monte carlo  index = 72 ***
x

 volt         param     
             i_d_0.9    
    0.        104.3614p 
   50.00000m  533.9269p 
  100.00000m    2.6587n 
  150.00000m   12.4484n 
  200.00000m   52.8342n 
  250.00000m  198.7046n 
  300.00000m  651.8745n 
  350.00000m    1.7913u 
  400.00000m    4.0096u 
  450.00000m    7.4666u 
  500.00000m   12.0956u 
  550.00000m   17.7529u 
  600.00000m   24.3043u 
  650.00000m   31.6401u 
  700.00000m   39.6688u 
  750.00000m   48.3094u 
  800.00000m   57.4870u 
  850.00000m   67.1314u 
  900.00000m   77.1757u 
  950.00000m   87.5564u 
    1.00000    98.2122u 
y
 vth0_value= 247.6608m
 u0_param=  49.3580m
 ags_param= 415.1413m
 
   *** monte carlo  index = 73 ***
x

 volt         param     
             i_d_0.9    
    0.         59.5714p 
   50.00000m  304.8527p 
  100.00000m    1.5366n 
  150.00000m    7.3669n 
  200.00000m   32.3755n 
  250.00000m  126.7122n 
  300.00000m  435.6233n 
  350.00000m    1.2732u 
  400.00000m    3.0423u 
  450.00000m    5.9809u 
  500.00000m   10.0793u 
  550.00000m   15.2093u 
  600.00000m   21.2355u 
  650.00000m   28.0454u 
  700.00000m   35.5465u 
  750.00000m   43.6584u 
  800.00000m   52.3078u 
  850.00000m   61.4260u 
  900.00000m   70.9480u 
  950.00000m   80.8118u 
    1.00000    90.9581u 
y
 vth0_value= 263.6072m
 u0_param=  47.8225m
 ags_param= 406.3311m
 
   *** monte carlo  index = 74 ***
x

 volt         param     
             i_d_0.9    
    0.        141.5016p 
   50.00000m  722.4043p 
  100.00000m    3.5684n 
  150.00000m   16.4664n 
  200.00000m   68.5055n 
  250.00000m  252.0059n 
  300.00000m  804.4581n 
  350.00000m    2.1347u 
  400.00000m    4.6159u 
  450.00000m    8.3630u 
  500.00000m   13.2840u 
  550.00000m   19.2302u 
  600.00000m   26.0692u 
  650.00000m   33.6927u 
  700.00000m   42.0098u 
  750.00000m   50.9389u 
  800.00000m   60.4044u 
  850.00000m   70.3352u 
  900.00000m   80.6638u 
  950.00000m   91.3254u 
    1.00000   102.2581u 
y
 vth0_value= 238.9889m
 u0_param=  50.1595m
 ags_param= 429.4737m
 
   *** monte carlo  index = 75 ***
x

 volt         param     
             i_d_0.9    
    0.        165.2266p 
   50.00000m  842.3746p 
  100.00000m    4.1435n 
  150.00000m   18.9812n 
  200.00000m   78.2028n 
  250.00000m  284.6070n 
  300.00000m  896.2373n 
  350.00000m    2.3381u 
  400.00000m    4.9741u 
  450.00000m    8.8983u 
  500.00000m   14.0062u 
  550.00000m   20.1462u 
  600.00000m   27.1850u 
  650.00000m   35.0140u 
  700.00000m   43.5413u 
  750.00000m   52.6845u 
  800.00000m   62.3669u 
  850.00000m   72.5163u 
  900.00000m   83.0642u 
  950.00000m   93.9452u 
    1.00000   105.0962u 
y
 vth0_value= 234.8634m
 u0_param=  51.0278m
 ags_param= 425.8260m
 
   *** monte carlo  index = 76 ***
x

 volt         param     
             i_d_0.9    
    0.         60.0172p 
   50.00000m  307.1728p 
  100.00000m    1.5484n 
  150.00000m    7.4236n 
  200.00000m   32.6267n 
  250.00000m  127.7015n 
  300.00000m  439.0372n 
  350.00000m    1.2832u 
  400.00000m    3.0664u 
  450.00000m    6.0283u 
  500.00000m   10.1590u 
  550.00000m   15.3292u 
  600.00000m   21.4022u 
  650.00000m   28.2644u 
  700.00000m   35.8227u 
  750.00000m   43.9959u 
  800.00000m   52.7102u 
  850.00000m   61.8964u 
  900.00000m   71.4890u 
  950.00000m   81.4256u 
    1.00000    91.6465u 
y
 vth0_value= 263.6380m
 u0_param=  48.2069m
 ags_param= 416.3440m
 
   *** monte carlo  index = 77 ***
x

 volt         param     
             i_d_0.9    
    0.         50.3375p 
   50.00000m  257.4015p 
  100.00000m    1.3021n 
  150.00000m    6.2902n 
  200.00000m   27.9705n 
  250.00000m  111.0115n 
  300.00000m  387.6740n 
  350.00000m    1.1568u 
  400.00000m    2.8295u 
  450.00000m    5.6758u 
  500.00000m    9.7084u 
  550.00000m   14.8025u 
  600.00000m   20.8177u 
  650.00000m   27.6368u 
  700.00000m   35.1637u 
  750.00000m   43.3156u 
  800.00000m   52.0175u 
  850.00000m   61.1994u 
  900.00000m   70.7951u 
  950.00000m   80.7418u 
    1.00000    90.9791u 
y
 vth0_value= 269.3279m
 u0_param=  48.7331m
 ags_param= 413.1625m
 
   *** monte carlo  index = 78 ***
x

 volt         param     
             i_d_0.9    
    0.        106.8152p 
   50.00000m  546.1355p 
  100.00000m    2.7152n 
  150.00000m   12.6777n 
  200.00000m   53.6007n 
  250.00000m  200.7457n 
  300.00000m  655.3043n 
  350.00000m    1.7892u 
  400.00000m    3.9792u 
  450.00000m    7.3727u 
  500.00000m   11.9013u 
  550.00000m   17.4265u 
  600.00000m   23.8193u 
  650.00000m   30.9749u 
  700.00000m   38.8049u 
  750.00000m   47.2310u 
  800.00000m   56.1808u 
  850.00000m   65.5860u 
  900.00000m   75.3815u 
  950.00000m   85.5053u 
    1.00000    95.8976u 
y
 vth0_value= 245.9409m
 u0_param=  47.8220m
 ags_param= 416.6985m
 
   *** monte carlo  index = 79 ***
x

 volt         param     
             i_d_0.9    
    0.         89.4533p 
   50.00000m  458.0898p 
  100.00000m    2.2911n 
  150.00000m   10.8151n 
  200.00000m   46.4384n 
  250.00000m  176.9321n 
  300.00000m  589.5005n 
  350.00000m    1.6529u 
  400.00000m    3.7773u 
  450.00000m    7.1529u 
  500.00000m   11.7277u 
  550.00000m   17.3573u 
  600.00000m   23.9025u 
  650.00000m   31.2493u 
  700.00000m   39.3034u 
  750.00000m   47.9816u 
  800.00000m   57.2077u 
  850.00000m   66.9102u 
  900.00000m   77.0213u 
  950.00000m   87.4766u 
    1.00000    98.2141u 
y
 vth0_value= 252.8595m
 u0_param=  50.1991m
 ags_param= 412.9986m
 
   *** monte carlo  index = 80 ***
x

 volt         param     
             i_d_0.9    
    0.         39.4993p 
   50.00000m  201.4224p 
  100.00000m    1.0227n 
  150.00000m    4.9828n 
  200.00000m   22.4636n 
  250.00000m   90.6777n 
  300.00000m  322.6870n 
  350.00000m  987.0299n 
  400.00000m    2.4852u 
  450.00000m    5.1153u 
  500.00000m    8.9208u 
  550.00000m   13.7887u 
  600.00000m   19.5796u 
  650.00000m   26.1747u 
  700.00000m   33.4771u 
  750.00000m   41.4043u 
  800.00000m   49.8817u 
  850.00000m   58.8400u 
  900.00000m   68.2136u 
  950.00000m   77.9405u 
    1.00000    87.9610u 
y
 vth0_value= 276.2881m
 u0_param=  48.0816m
 ags_param= 410.9995m
 
   *** monte carlo  index = 81 ***
x

 volt         param     
             i_d_0.9    
    0.         37.8164p 
   50.00000m  192.7071p 
  100.00000m  979.0189p 
  150.00000m    4.7761n 
  200.00000m   21.5799n 
  250.00000m   87.3546n 
  300.00000m  311.8275n 
  350.00000m  957.6946n 
  400.00000m    2.4230u 
  450.00000m    5.0093u 
  500.00000m    8.7653u 
  550.00000m   13.5807u 
  600.00000m   19.3167u 
  650.00000m   25.8547u 
  700.00000m   33.0982u 
  750.00000m   40.9649u 
  800.00000m   49.3804u 
  850.00000m   58.2758u 
  900.00000m   67.5859u 
  950.00000m   77.2489u 
    1.00000    87.2054u 
y
 vth0_value= 277.4441m
 u0_param=  47.8188m
 ags_param= 410.9022m
 
   *** monte carlo  index = 82 ***
x

 volt         param     
             i_d_0.9    
    0.        155.9583p 
   50.00000m  795.6134p 
  100.00000m    3.9203n 
  150.00000m   18.0127n 
  200.00000m   74.5066n 
  250.00000m  272.3346n 
  300.00000m  862.3301n 
  350.00000m    2.2651u 
  400.00000m    4.8502u 
  450.00000m    8.7203u 
  500.00000m   13.7752u 
  550.00000m   19.8634u 
  600.00000m   26.8512u 
  650.00000m   34.6296u 
  700.00000m   43.1064u 
  750.00000m   52.1993u 
  800.00000m   61.8316u 
  850.00000m   71.9314u 
  900.00000m   82.4300u 
  950.00000m   93.2623u 
    1.00000   104.3654u 
y
 vth0_value= 236.5388m
 u0_param=  50.9218m
 ags_param= 415.5678m
 
   *** monte carlo  index = 83 ***
x

 volt         param     
             i_d_0.9    
    0.        118.1425p 
   50.00000m  604.0052p 
  100.00000m    2.9983n 
  150.00000m   13.9577n 
  200.00000m   58.7674n 
  250.00000m  219.0570n 
  300.00000m  710.8536n 
  350.00000m    1.9261u 
  400.00000m    4.2509u 
  450.00000m    7.8270u 
  500.00000m   12.5768u 
  550.00000m   18.3543u 
  600.00000m   25.0257u 
  650.00000m   32.4820u 
  700.00000m   40.6316u 
  750.00000m   49.3933u 
  800.00000m   58.6920u 
  850.00000m   68.4569u 
  900.00000m   78.6209u 
  950.00000m   89.1199u 
    1.00000    99.8924u 
y
 vth0_value= 244.1500m
 u0_param=  49.7182m
 ags_param= 416.5635m
 
   *** monte carlo  index = 84 ***
x

 volt         param     
             i_d_0.9    
    0.         64.6367p 
   50.00000m  330.8966p 
  100.00000m    1.6655n 
  150.00000m    7.9609n 
  200.00000m   34.8263n 
  250.00000m  135.5722n 
  300.00000m  463.2138n 
  350.00000m    1.3427u 
  400.00000m    3.1797u 
  450.00000m    6.2032u 
  500.00000m   10.3945u 
  550.00000m   15.6225u 
  600.00000m   21.7507u 
  650.00000m   28.6664u 
  700.00000m   36.2769u 
  750.00000m   44.5013u 
  800.00000m   53.2657u 
  850.00000m   62.5010u 
  900.00000m   72.1415u 
  950.00000m   82.1248u 
    1.00000    92.3909u 
y
 vth0_value= 261.4369m
 u0_param=  48.2775m
 ags_param= 420.8747m
 
   *** monte carlo  index = 85 ***
x

 volt         param     
             i_d_0.9    
    0.        108.0271p 
   50.00000m  552.5245p 
  100.00000m    2.7484n 
  150.00000m   12.8433n 
  200.00000m   54.3628n 
  250.00000m  203.8408n 
  300.00000m  666.3063n 
  350.00000m    1.8224u 
  400.00000m    4.0600u 
  450.00000m    7.5320u 
  500.00000m   12.1688u 
  550.00000m   17.8272u 
  600.00000m   24.3743u 
  650.00000m   31.7015u 
  700.00000m   39.7181u 
  750.00000m   48.3435u 
  800.00000m   57.5034u 
  850.00000m   67.1278u 
  900.00000m   77.1502u 
  950.00000m   87.5072u 
    1.00000    98.1377u 
y
 vth0_value= 246.4610m
 u0_param=  49.1172m
 ags_param= 422.1344m
 
   *** monte carlo  index = 86 ***
x

 volt         param     
             i_d_0.9    
    0.         75.2705p 
   50.00000m  385.4822p 
  100.00000m    1.9348n 
  150.00000m    9.1955n 
  200.00000m   39.8832n 
  250.00000m  153.7154n 
  300.00000m  519.1504n 
  350.00000m    1.4819u 
  400.00000m    3.4514u 
  450.00000m    6.6392u 
  500.00000m   11.0108u 
  550.00000m   16.4286u 
  600.00000m   22.7543u 
  650.00000m   29.8749u 
  700.00000m   37.6966u 
  750.00000m   46.1374u 
  800.00000m   55.1223u 
  850.00000m   64.5809u 
  900.00000m   74.4467u 
  950.00000m   84.6562u 
    1.00000    95.1485u 
y
 vth0_value= 257.4387m
 u0_param=  49.2088m
 ags_param= 416.7712m
 
   *** monte carlo  index = 87 ***
x

 volt         param     
             i_d_0.9    
    0.        138.0570p 
   50.00000m  705.1457p 
  100.00000m    3.4872n 
  150.00000m   16.1244n 
  200.00000m   67.2635n 
  250.00000m  248.1597n 
  300.00000m  795.0375n 
  350.00000m    2.1192u 
  400.00000m    4.6026u 
  450.00000m    8.3671u 
  500.00000m   13.3217u 
  550.00000m   19.3157u 
  600.00000m   26.2136u 
  650.00000m   33.9054u 
  700.00000m   42.2983u 
  750.00000m   51.3097u 
  800.00000m   60.8631u 
  850.00000m   70.8863u 
  900.00000m   81.3111u 
  950.00000m   92.0722u 
    1.00000   103.1070u 
y
 vth0_value= 240.1587m
 u0_param=  50.8276m
 ags_param= 416.5101m
 
   *** monte carlo  index = 88 ***
x

 volt         param     
             i_d_0.9    
    0.         80.3460p 
   50.00000m  411.5159p 
  100.00000m    2.0630n 
  150.00000m    9.7823n 
  200.00000m   42.2822n 
  250.00000m  162.3130n 
  300.00000m  545.6181n 
  350.00000m    1.5478u 
  400.00000m    3.5810u 
  450.00000m    6.8504u 
  500.00000m   11.3150u 
  550.00000m   16.8337u 
  600.00000m   23.2670u 
  650.00000m   30.5009u 
  700.00000m   38.4409u 
  750.00000m   47.0041u 
  800.00000m   56.1148u 
  850.00000m   65.7017u 
  900.00000m   75.6977u 
  950.00000m   86.0386u 
    1.00000    96.6630u 
y
 vth0_value= 255.8578m
 u0_param=  49.8145m
 ags_param= 412.6639m
 
   *** monte carlo  index = 89 ***
x

 volt         param     
             i_d_0.9    
    0.         38.0082p 
   50.00000m  193.6924p 
  100.00000m  983.8705p 
  150.00000m    4.7982n 
  200.00000m   21.6678n 
  250.00000m   87.6514n 
  300.00000m  312.6589n 
  350.00000m  959.3451n 
  400.00000m    2.4245u 
  450.00000m    5.0073u 
  500.00000m    8.7551u 
  550.00000m   13.5579u 
  600.00000m   19.2774u 
  650.00000m   25.7959u 
  700.00000m   33.0172u 
  750.00000m   40.8596u 
  800.00000m   49.2489u 
  850.00000m   58.1166u 
  900.00000m   67.3975u 
  950.00000m   77.0301u 
    1.00000    86.9554u 
y
 vth0_value= 277.1586m
 u0_param=  47.6244m
 ags_param= 411.8200m
 
   *** monte carlo  index = 90 ***
x

 volt         param     
             i_d_0.9    
    0.        147.9015p 
   50.00000m  754.5053p 
  100.00000m    3.7197n 
  150.00000m   17.1080n 
  200.00000m   70.8613n 
  250.00000m  259.4299n 
  300.00000m  823.2368n 
  350.00000m    2.1682u 
  400.00000m    4.6551u 
  450.00000m    8.3876u 
  500.00000m   13.2716u 
  550.00000m   19.1615u 
  600.00000m   25.9282u 
  650.00000m   33.4665u 
  700.00000m   41.6872u 
  750.00000m   50.5105u 
  800.00000m   59.8621u 
  850.00000m   69.6720u 
  900.00000m   79.8736u 
  950.00000m   90.4031u 
    1.00000   101.1992u 
y
 vth0_value= 237.0892m
 u0_param=  49.2888m
 ags_param= 429.6881m
 
   *** monte carlo  index = 91 ***
x

 volt         param     
             i_d_0.9    
    0.        164.1312p 
   50.00000m  836.6139p 
  100.00000m    4.1138n 
  150.00000m   18.8347n 
  200.00000m   77.5463n 
  250.00000m  282.0219n 
  300.00000m  887.3528n 
  350.00000m    2.3125u 
  400.00000m    4.9151u 
  450.00000m    8.7867u 
  500.00000m   13.8248u 
  550.00000m   19.8803u 
  600.00000m   26.8225u 
  650.00000m   34.5450u 
  700.00000m   42.9573u 
  750.00000m   51.9783u 
  800.00000m   61.5324u 
  850.00000m   71.5486u 
  900.00000m   81.9590u 
  950.00000m   92.6991u 
    1.00000   103.7066u 
y
 vth0_value= 234.5573m
 u0_param=  50.2317m
 ags_param= 427.3504m
 
   *** monte carlo  index = 92 ***
x

 volt         param     
             i_d_0.9    
    0.         76.3090p 
   50.00000m  390.7355p 
  100.00000m    1.9599n 
  150.00000m    9.3042n 
  200.00000m   40.2857n 
  250.00000m  154.9680n 
  300.00000m  522.2324n 
  350.00000m    1.4864u 
  400.00000m    3.4512u 
  450.00000m    6.6221u 
  500.00000m   10.9628u 
  550.00000m   16.3369u 
  600.00000m   22.6087u 
  650.00000m   29.6667u 
  700.00000m   37.4186u 
  750.00000m   45.7836u 
  800.00000m   54.6874u 
  850.00000m   64.0606u 
  900.00000m   73.8372u 
  950.00000m   83.9543u 
    1.00000    94.3516u 
y
 vth0_value= 256.6442m
 u0_param=  48.6301m
 ags_param= 419.3115m
 
   *** monte carlo  index = 93 ***
x

 volt         param     
             i_d_0.9    
    0.         86.8303p 
   50.00000m  444.6740p 
  100.00000m    2.2254n 
  150.00000m   10.5172n 
  200.00000m   45.2369n 
  250.00000m  172.6917n 
  300.00000m  576.7157n 
  350.00000m    1.6220u 
  400.00000m    3.7186u 
  450.00000m    7.0606u 
  500.00000m   11.5987u 
  550.00000m   17.1900u 
  600.00000m   23.6954u 
  650.00000m   31.0014u 
  700.00000m   39.0135u 
  750.00000m   47.6491u 
  800.00000m   56.8320u 
  850.00000m   66.4911u 
  900.00000m   76.5587u 
  950.00000m   86.9707u 
    1.00000    97.6653u 
y
 vth0_value= 253.6337m
 u0_param=  50.0040m
 ags_param= 422.3570m
 
   *** monte carlo  index = 94 ***
x

 volt         param     
             i_d_0.9    
    0.        188.9315p 
   50.00000m  961.1204p 
  100.00000m    4.7025n 
  150.00000m   21.3489n 
  200.00000m   86.9462n 
  250.00000m  312.4692n 
  300.00000m  968.2771n 
  350.00000m    2.4768u 
  400.00000m    5.1737u 
  450.00000m    9.1267u 
  500.00000m   14.2257u 
  550.00000m   20.3236u 
  600.00000m   27.2936u 
  650.00000m   35.0320u 
  700.00000m   43.4502u 
  750.00000m   52.4682u 
  800.00000m   62.0116u 
  850.00000m   72.0099u 
  900.00000m   82.3960u 
  950.00000m   93.1056u 
    1.00000   104.0768u 
y
 vth0_value= 229.9693m
 u0_param=  49.7067m
 ags_param= 423.7694m
 
   *** monte carlo  index = 95 ***
x

 volt         param     
             i_d_0.9    
    0.         53.2578p 
   50.00000m  272.4009p 
  100.00000m    1.3762n 
  150.00000m    6.6291n 
  200.00000m   29.3482n 
  250.00000m  115.8693n 
  300.00000m  402.2843n 
  350.00000m    1.1912u 
  400.00000m    2.8882u 
  450.00000m    5.7498u 
  500.00000m    9.7800u 
  550.00000m   14.8539u 
  600.00000m   20.8341u 
  650.00000m   27.6059u 
  700.00000m   35.0755u 
  750.00000m   43.1616u 
  800.00000m   51.7903u 
  850.00000m   60.8927u 
  900.00000m   70.4032u 
  950.00000m   80.2599u 
    1.00000    90.4030u 
y
 vth0_value= 267.1610m
 u0_param=  48.0502m
 ags_param= 416.0581m
 
   *** monte carlo  index = 96 ***
x

 volt         param     
             i_d_0.9    
    0.         36.7308p 
   50.00000m  187.0793p 
  100.00000m  950.7204p 
  150.00000m    4.6418n 
  200.00000m   21.0016n 
  250.00000m   85.1602n 
  300.00000m  304.5770n 
  350.00000m  937.7746n 
  400.00000m    2.3797u 
  450.00000m    4.9334u 
  500.00000m    8.6507u 
  550.00000m   13.4233u 
  600.00000m   19.1132u 
  650.00000m   25.6024u 
  700.00000m   32.7947u 
  750.00000m   40.6081u 
  800.00000m   48.9687u 
  850.00000m   57.8079u 
  900.00000m   67.0607u 
  950.00000m   76.6657u 
    1.00000    86.5639u 
y
 vth0_value= 278.1540m
 u0_param=  47.5485m
 ags_param= 413.1308m
 
   *** monte carlo  index = 97 ***
x

 volt         param     
             i_d_0.9    
    0.        108.7364p 
   50.00000m  556.3449p 
  100.00000m    2.7690n 
  150.00000m   12.9523n 
  200.00000m   54.8969n 
  250.00000m  206.1326n 
  300.00000m  674.8883n 
  350.00000m    1.8497u 
  400.00000m    4.1293u 
  450.00000m    7.6728u 
  500.00000m   12.4093u 
  550.00000m   18.1916u 
  600.00000m   24.8823u 
  650.00000m   32.3699u 
  700.00000m   40.5608u 
  750.00000m   49.3725u 
  800.00000m   58.7288u 
  850.00000m   68.5581u 
  900.00000m   78.7925u 
  950.00000m   89.3673u 
    1.00000   100.2204u 
y
 vth0_value= 247.0664m
 u0_param=  50.3590m
 ags_param= 423.0331m
 
   *** monte carlo  index = 98 ***
x

 volt         param     
             i_d_0.9    
    0.         46.0851p 
   50.00000m  235.5152p 
  100.00000m    1.1937n 
  150.00000m    5.7900n 
  200.00000m   25.9138n 
  250.00000m  103.6616n 
  300.00000m  365.1700n 
  350.00000m    1.1022u 
  400.00000m    2.7317u 
  450.00000m    5.5437u 
  500.00000m    9.5645u 
  550.00000m   14.6708u 
  600.00000m   20.7186u 
  650.00000m   27.5866u 
  700.00000m   35.1760u 
  750.00000m   43.4020u 
  800.00000m   52.1879u 
  850.00000m   61.4626u 
  900.00000m   71.1587u 
  950.00000m   81.2124u 
    1.00000    91.5629u 
y
 vth0_value= 272.5814m
 u0_param=  49.6040m
 ags_param= 413.9142m
 
   *** monte carlo  index = 99 ***
x

 volt         param     
             i_d_0.9    
    0.        222.3960p 
   50.00000m    1.1291n 
  100.00000m    5.4967n 
  150.00000m   24.7482n 
  200.00000m   99.7358n 
  250.00000m  354.2874n 
  300.00000m    1.0813u 
  350.00000m    2.7162u 
  400.00000m    5.5803u 
  450.00000m    9.7200u 
  500.00000m   15.0148u 
  550.00000m   21.3150u 
  600.00000m   28.4932u 
  650.00000m   36.4455u 
  700.00000m   45.0822u 
  750.00000m   54.3223u 
  800.00000m   64.0904u 
  850.00000m   74.3148u 
  900.00000m   84.9275u 
  950.00000m   95.8634u 
    1.00000   107.0596u 
y
 vth0_value= 225.6134m
 u0_param=  50.5920m
 ags_param= 417.5338m
 
   *** monte carlo  index = 100 ***
x

 volt         param     
             i_d_0.9    
    0.         32.8367p 
   50.00000m  166.9237p 
  100.00000m  849.7337p 
  150.00000m    4.1661n 
  200.00000m   18.9814n 
  250.00000m   77.6560n 
  300.00000m  280.4550n 
  350.00000m  874.4316n 
  400.00000m    2.2530u 
  450.00000m    4.7366u 
  500.00000m    8.3945u 
  550.00000m   13.1239u 
  600.00000m   18.7848u 
  650.00000m   25.2562u 
  700.00000m   32.4398u 
  750.00000m   40.2522u 
  800.00000m   48.6185u 
  850.00000m   57.4694u 
  900.00000m   66.7395u 
  950.00000m   76.3666u 
    1.00000    86.2915u 
y
 vth0_value= 281.8832m
 u0_param=  47.9841m
 ags_param= 410.2153m
 
   *** monte carlo  index = 101 ***
x

 volt         param     
             i_d_0.9    
    0.        128.3001p 
   50.00000m  655.3733p 
  100.00000m    3.2444n 
  150.00000m   15.0311n 
  200.00000m   62.8716n 
  250.00000m  232.6685n 
  300.00000m  748.3430n 
  350.00000m    2.0048u 
  400.00000m    4.3755u 
  450.00000m    7.9859u 
  500.00000m   12.7523u 
  550.00000m   18.5300u 
  600.00000m   25.1885u 
  650.00000m   32.6212u 
  700.00000m   40.7383u 
  750.00000m   49.4598u 
  800.00000m   58.7116u 
  850.00000m   68.4236u 
  900.00000m   78.5295u 
  950.00000m   88.9656u 
    1.00000    99.6710u 
y
 vth0_value= 241.2850m
 u0_param=  49.1422m
 ags_param= 417.9391m
 
   *** monte carlo  index = 102 ***
x

 volt         param     
             i_d_0.9    
    0.         63.7900p 
   50.00000m  326.5421p 
  100.00000m    1.6439n 
  150.00000m    7.8614n 
  200.00000m   34.4143n 
  250.00000m  134.0762n 
  300.00000m  458.5276n 
  350.00000m    1.3308u 
  400.00000m    3.1557u 
  450.00000m    6.1633u 
  500.00000m   10.3366u 
  550.00000m   15.5447u 
  600.00000m   21.6515u 
  650.00000m   28.5445u 
  700.00000m   36.1312u 
  750.00000m   44.3308u 
  800.00000m   53.0695u 
  850.00000m   62.2783u 
  900.00000m   71.8917u 
  950.00000m   81.8475u 
    1.00000    92.0858u 
y
 vth0_value= 261.7591m
 u0_param=  48.1614m
 ags_param= 416.0844m
 
   *** monte carlo  index = 103 ***
x

 volt         param     
             i_d_0.9    
    0.         56.0907p 
   50.00000m  286.9329p 
  100.00000m    1.4477n 
  150.00000m    6.9552n 
  200.00000m   30.6657n 
  250.00000m  120.4836n 
  300.00000m  416.0387n 
  350.00000m    1.2231u 
  400.00000m    2.9418u 
  450.00000m    5.8160u 
  500.00000m    9.8423u 
  550.00000m   14.8960u 
  600.00000m   20.8422u 
  650.00000m   27.5689u 
  700.00000m   34.9842u 
  750.00000m   43.0082u 
  800.00000m   51.5680u 
  850.00000m   60.5956u 
  900.00000m   70.0264u 
  950.00000m   79.7988u 
    1.00000    89.8538u 
y
 vth0_value= 265.1602m
 u0_param=  47.4160m
 ags_param= 420.5532m
 
   *** monte carlo  index = 104 ***
x

 volt         param     
             i_d_0.9    
    0.        101.9403p 
   50.00000m  521.7030p 
  100.00000m    2.6004n 
  150.00000m   12.1965n 
  200.00000m   51.8921n 
  250.00000m  195.6885n 
  300.00000m  644.0457n 
  350.00000m    1.7771u 
  400.00000m    3.9947u 
  450.00000m    7.4640u 
  500.00000m   12.1201u 
  550.00000m   17.8177u 
  600.00000m   24.4201u 
  650.00000m   31.8159u 
  700.00000m   39.9119u 
  750.00000m   48.6261u 
  800.00000m   57.8828u 
  850.00000m   67.6107u 
  900.00000m   77.7426u 
  950.00000m   88.2141u 
    1.00000    98.9636u 
y
 vth0_value= 248.7549m
 u0_param=  49.9531m
 ags_param= 411.6728m
 
   *** monte carlo  index = 105 ***
x

 volt         param     
             i_d_0.9    
    0.         59.0979p 
   50.00000m  302.4962p 
  100.00000m    1.5257n 
  150.00000m    7.3240n 
  200.00000m   32.2481n 
  250.00000m  126.4897n 
  300.00000m  435.9042n 
  350.00000m    1.2780u 
  400.00000m    3.0646u 
  450.00000m    6.0425u 
  500.00000m   10.2045u 
  550.00000m   15.4200u 
  600.00000m   21.5497u 
  650.00000m   28.4780u 
  700.00000m   36.1103u 
  750.00000m   44.3641u 
  800.00000m   53.1645u 
  850.00000m   62.4416u 
  900.00000m   72.1290u 
  950.00000m   82.1637u 
    1.00000    92.4853u 
y
 vth0_value= 264.5263m
 u0_param=  48.8421m
 ags_param= 406.4068m
 
   *** monte carlo  index = 106 ***
x

 volt         param     
             i_d_0.9    
    0.        236.2265p 
   50.00000m    1.1986n 
  100.00000m    5.8257n 
  150.00000m   26.1618n 
  200.00000m  105.0910n 
  250.00000m  371.9548n 
  300.00000m    1.1298u 
  350.00000m    2.8220u 
  400.00000m    5.7681u 
  450.00000m   10.0081u 
  500.00000m   15.4167u 
  550.00000m   21.8419u 
  600.00000m   29.1549u 
  650.00000m   37.2501u 
  700.00000m   46.0371u 
  750.00000m   55.4336u 
  800.00000m   65.3631u 
  850.00000m   75.7531u 
  900.00000m   86.5346u 
  950.00000m   97.6418u 
    1.00000   109.0110u 
y
 vth0_value= 224.2890m
 u0_param=  51.3789m
 ags_param= 432.2825m
 
   *** monte carlo  index = 107 ***
x

 volt         param     
             i_d_0.9    
    0.         61.7598p 
   50.00000m  316.2394p 
  100.00000m    1.5943n 
  150.00000m    7.6451n 
  200.00000m   33.6065n 
  250.00000m  131.5563n 
  300.00000m  452.3167n 
  350.00000m    1.3220u 
  400.00000m    3.1593u 
  450.00000m    6.2108u 
  500.00000m   10.4653u 
  550.00000m   15.7889u 
  600.00000m   22.0395u 
  650.00000m   29.1000u 
  700.00000m   36.8740u 
  750.00000m   45.2778u 
  800.00000m   54.2354u 
  850.00000m   63.6757u 
  900.00000m   73.5314u 
  950.00000m   83.7385u 
    1.00000    94.2359u 
y
 vth0_value= 263.7429m
 u0_param=  49.6915m
 ags_param= 429.2678m
 
   *** monte carlo  index = 108 ***
x

 volt         param     
             i_d_0.9    
    0.        144.2349p 
   50.00000m  736.2730p 
  100.00000m    3.6353n 
  150.00000m   16.7624n 
  200.00000m   69.6647n 
  250.00000m  255.9750n 
  300.00000m  815.9325n 
  350.00000m    2.1611u 
  400.00000m    4.6647u 
  450.00000m    8.4396u 
  500.00000m   13.3917u 
  550.00000m   19.3720u 
  600.00000m   26.2472u 
  650.00000m   33.9089u 
  700.00000m   42.2656u 
  750.00000m   51.2356u 
  800.00000m   60.7430u 
  850.00000m   70.7163u 
  900.00000m   81.0878u 
  950.00000m   91.7926u 
    1.00000   102.7685u 
y
 vth0_value= 238.5501m
 u0_param=  50.3758m
 ags_param= 421.8522m
 
   *** monte carlo  index = 109 ***
x

 volt         param     
             i_d_0.9    
    0.        138.4603p 
   50.00000m  707.0676p 
  100.00000m    3.4952n 
  150.00000m   16.1505n 
  200.00000m   67.3104n 
  250.00000m  248.0893n 
  300.00000m  793.8653n 
  350.00000m    2.1129u 
  400.00000m    4.5823u 
  450.00000m    8.3211u 
  500.00000m   13.2386u 
  550.00000m   19.1856u 
  600.00000m   26.0287u 
  650.00000m   33.6591u 
  700.00000m   41.9850u 
  750.00000m   50.9247u 
  800.00000m   60.4024u 
  850.00000m   70.3465u 
  900.00000m   80.6894u 
  950.00000m   91.3664u 
    1.00000   102.3150u 
y
 vth0_value= 239.7537m
 u0_param=  50.3296m
 ags_param= 418.1002m
 
   *** monte carlo  index = 110 ***
x

 volt         param     
             i_d_0.9    
    0.        133.1883p 
   50.00000m  680.4292p 
  100.00000m    3.3678n 
  150.00000m   15.5958n 
  200.00000m   65.1918n 
  250.00000m  241.0638n 
  300.00000m  774.5125n 
  350.00000m    2.0720u 
  400.00000m    4.5160u 
  450.00000m    8.2326u 
  500.00000m   13.1341u 
  550.00000m   19.0708u 
  600.00000m   25.9080u 
  650.00000m   33.5361u 
  700.00000m   41.8627u 
  750.00000m   50.8057u 
  800.00000m   60.2888u 
  850.00000m   70.2405u 
  900.00000m   80.5928u 
  950.00000m   91.2808u 
    1.00000   102.2421u 
y
 vth0_value= 241.0343m
 u0_param=  50.5003m
 ags_param= 415.5879m
 
   *** monte carlo  index = 111 ***
x

 volt         param     
             i_d_0.9    
    0.         39.4349p 
   50.00000m  201.1321p 
  100.00000m    1.0218n 
  150.00000m    4.9825n 
  200.00000m   22.4947n 
  250.00000m   90.9646n 
  300.00000m  324.3153n 
  350.00000m  994.3918n 
  400.00000m    2.5108u 
  450.00000m    5.1813u 
  500.00000m    9.0526u 
  550.00000m   14.0100u 
  600.00000m   19.9099u 
  650.00000m   26.6302u 
  700.00000m   34.0717u 
  750.00000m   42.1495u 
  800.00000m   50.7875u 
  850.00000m   59.9148u 
  900.00000m   69.4647u 
  950.00000m   79.3738u 
    1.00000    89.5816u 
y
 vth0_value= 277.0491m
 u0_param=  49.1615m
 ags_param= 415.2205m
 
   *** monte carlo  index = 112 ***
x

 volt         param     
             i_d_0.9    
    0.         84.8887p 
   50.00000m  434.6380p 
  100.00000m    2.1752n 
  150.00000m   10.2808n 
  200.00000m   44.2274n 
  250.00000m  168.8783n 
  300.00000m  564.1827n 
  350.00000m    1.5875u 
  400.00000m    3.6416u 
  450.00000m    6.9177u 
  500.00000m   11.3688u 
  550.00000m   16.8555u 
  600.00000m   23.2418u 
  650.00000m   30.4164u 
  700.00000m   38.2871u 
  750.00000m   46.7726u 
  800.00000m   55.7984u 
  850.00000m   65.2944u 
  900.00000m   75.1942u 
  950.00000m   85.4346u 
    1.00000    95.9546u 
y
 vth0_value= 253.6935m
 u0_param=  49.0424m
 ags_param= 432.0882m
 
   *** monte carlo  index = 113 ***
x

 volt         param     
             i_d_0.9    
    0.        175.8011p 
   50.00000m  895.1298p 
  100.00000m    4.3897n 
  150.00000m   20.0071n 
  200.00000m   81.8906n 
  250.00000m  295.9228n 
  300.00000m  923.5311n 
  350.00000m    2.3828u 
  400.00000m    5.0173u 
  450.00000m    8.9052u 
  500.00000m   13.9406u 
  550.00000m   19.9768u 
  600.00000m   26.8863u 
  650.00000m   34.5648u 
  700.00000m   42.9236u 
  750.00000m   51.8828u 
  800.00000m   61.3680u 
  850.00000m   71.3086u 
  900.00000m   81.6379u 
  950.00000m   92.2917u 
    1.00000   103.2084u 
y
 vth0_value= 232.0673m
 u0_param=  49.5879m
 ags_param= 416.7037m
 
   *** monte carlo  index = 114 ***
x

 volt         param     
             i_d_0.9    
    0.         56.6407p 
   50.00000m  289.8858p 
  100.00000m    1.4636n 
  150.00000m    7.0400n 
  200.00000m   31.0956n 
  250.00000m  122.4240n 
  300.00000m  423.6605n 
  350.00000m    1.2490u 
  400.00000m    3.0136u 
  450.00000m    5.9736u 
  500.00000m   10.1276u 
  550.00000m   15.3455u 
  600.00000m   21.4861u 
  650.00000m   28.4325u 
  700.00000m   36.0887u 
  750.00000m   44.3714u 
  800.00000m   53.2051u 
  850.00000m   62.5193u 
  900.00000m   72.2473u 
  950.00000m   82.3257u 
    1.00000    92.6939u 
y
 vth0_value= 266.0498m
 u0_param=  49.2012m
 ags_param= 411.3635m
 
   *** monte carlo  index = 115 ***
x

 volt         param     
             i_d_0.9    
    0.        116.5969p 
   50.00000m  596.3125p 
  100.00000m    2.9626n 
  150.00000m   13.8125n 
  200.00000m   58.2754n 
  250.00000m  217.7065n 
  300.00000m  708.3628n 
  350.00000m    1.9259u 
  400.00000m    4.2650u 
  450.00000m    7.8739u 
  500.00000m   12.6756u 
  550.00000m   18.5216u 
  600.00000m   25.2751u 
  650.00000m   32.8250u 
  700.00000m   41.0778u 
  750.00000m   49.9510u 
  800.00000m   59.3683u 
  850.00000m   69.2578u 
  900.00000m   79.5517u 
  950.00000m   90.1849u 
    1.00000   101.0952u 
y
 vth0_value= 245.0590m
 u0_param=  50.5151m
 ags_param= 422.9973m
 
   *** monte carlo  index = 116 ***
x

 volt         param     
             i_d_0.9    
    0.        119.4405p 
   50.00000m  610.8697p 
  100.00000m    3.0341n 
  150.00000m   14.1381n 
  200.00000m   59.6032n 
  250.00000m  222.4690n 
  300.00000m  723.0398n 
  350.00000m    1.9629u 
  400.00000m    4.3406u 
  450.00000m    8.0038u 
  500.00000m   12.8731u 
  550.00000m   18.7977u 
  600.00000m   25.6390u 
  650.00000m   33.2843u 
  700.00000m   41.6392u 
  750.00000m   50.6200u 
  800.00000m   60.1497u 
  850.00000m   70.1556u 
  900.00000m   80.5690u 
  950.00000m   91.3243u 
    1.00000   102.3588u 
y
 vth0_value= 244.7332m
 u0_param=  51.1500m
 ags_param= 428.5134m
 
   *** monte carlo  index = 117 ***
x

 volt         param     
             i_d_0.9    
    0.        133.5071p 
   50.00000m  682.1706p 
  100.00000m    3.3774n 
  150.00000m   15.6478n 
  200.00000m   65.4512n 
  250.00000m  242.1852n 
  300.00000m  778.7367n 
  350.00000m    2.0854u 
  400.00000m    4.5496u 
  450.00000m    8.3001u 
  500.00000m   13.2481u 
  550.00000m   19.2424u 
  600.00000m   26.1462u 
  650.00000m   33.8485u 
  700.00000m   42.2558u 
  750.00000m   51.2850u 
  800.00000m   60.8591u 
  850.00000m   70.9058u 
  900.00000m   81.3564u 
  950.00000m   92.1455u 
    1.00000   103.2103u 
y
 vth0_value= 241.3201m
 u0_param=  51.0654m
 ags_param= 422.2741m
 
   *** monte carlo  index = 118 ***
x

 volt         param     
             i_d_0.9    
    0.         46.8213p 
   50.00000m  239.2411p 
  100.00000m    1.2115n 
  150.00000m    5.8658n 
  200.00000m   26.1795n 
  250.00000m  104.3712n 
  300.00000m  366.3321n 
  350.00000m    1.1004u 
  400.00000m    2.7125u 
  450.00000m    5.4783u 
  500.00000m    9.4184u 
  550.00000m   14.4125u 
  600.00000m   20.3215u 
  650.00000m   27.0288u 
  700.00000m   34.4391u 
  750.00000m   42.4703u 
  800.00000m   51.0482u 
  850.00000m   60.1033u 
  900.00000m   69.5702u 
  950.00000m   79.3865u 
    1.00000    89.4928u 
y
 vth0_value= 271.1559m
 u0_param=  48.1652m
 ags_param= 408.9824m
 
   *** monte carlo  index = 119 ***
x

 volt         param     
             i_d_0.9    
    0.        104.5305p 
   50.00000m  534.7090p 
  100.00000m    2.6618n 
  150.00000m   12.4555n 
  200.00000m   52.8232n 
  250.00000m  198.4960n 
  300.00000m  650.5495n 
  350.00000m    1.7854u 
  400.00000m    3.9913u 
  450.00000m    7.4252u 
  500.00000m   12.0203u 
  550.00000m   17.6346u 
  600.00000m   24.1355u 
  650.00000m   31.4146u 
  700.00000m   39.3814u 
  750.00000m   47.9556u 
  800.00000m   57.0632u 
  850.00000m   66.6344u 
  900.00000m   76.6030u 
  950.00000m   86.9058u 
    1.00000    97.4821u 
y
 vth0_value= 247.3080m
 u0_param=  48.8941m
 ags_param= 420.1891m
 
   *** monte carlo  index = 120 ***
x

 volt         param     
             i_d_0.9    
    0.         99.5324p 
   50.00000m  509.4247p 
  100.00000m    2.5406n 
  150.00000m   11.9282n 
  200.00000m   50.8246n 
  250.00000m  191.9765n 
  300.00000m  633.0795n 
  350.00000m    1.7514u 
  400.00000m    3.9472u 
  450.00000m    7.3909u 
  500.00000m   12.0200u 
  550.00000m   17.6898u 
  600.00000m   24.2636u 
  650.00000m   31.6300u 
  700.00000m   39.6962u 
  750.00000m   48.3800u 
  800.00000m   57.6058u 
  850.00000m   67.3028u 
  900.00000m   77.4035u 
  950.00000m   87.8440u 
    1.00000    98.5625u 
y
 vth0_value= 249.4004m
 u0_param=  49.8345m
 ags_param= 411.8919m
 
   *** monte carlo  index = 121 ***
x

 volt         param     
             i_d_0.9    
    0.        127.2947p 
   50.00000m  650.7373p 
  100.00000m    3.2266n 
  150.00000m   14.9887n 
  200.00000m   62.9214n 
  250.00000m  233.7506n 
  300.00000m  755.3133n 
  350.00000m    2.0354u 
  400.00000m    4.4677u 
  450.00000m    8.1902u 
  500.00000m   13.1179u 
  550.00000m   19.0989u 
  600.00000m   25.9954u 
  650.00000m   33.6951u 
  700.00000m   42.1038u 
  750.00000m   51.1379u 
  800.00000m   60.7201u 
  850.00000m   70.7778u 
  900.00000m   81.2421u 
  950.00000m   92.0474u 
    1.00000   103.1306u 
y
 vth0_value= 242.8851m
 u0_param=  51.2676m
 ags_param= 430.1894m
 
   *** monte carlo  index = 122 ***
x

 volt         param     
             i_d_0.9    
    0.         45.0416p 
   50.00000m  230.1053p 
  100.00000m    1.1665n 
  150.00000m    5.6606n 
  200.00000m   25.3545n 
  250.00000m  101.5225n 
  300.00000m  358.0324n 
  350.00000m    1.0822u 
  400.00000m    2.6869u 
  450.00000m    5.4613u 
  500.00000m    9.4336u 
  550.00000m   14.4826u 
  600.00000m   20.4658u 
  650.00000m   27.2630u 
  700.00000m   34.7763u 
  750.00000m   42.9217u 
  800.00000m   51.6232u 
  850.00000m   60.8102u 
  900.00000m   70.4161u 
  950.00000m   80.3775u 
    1.00000    90.6339u 
y
 vth0_value= 272.9693m
 u0_param=  49.1262m
 ags_param= 409.0865m
 
   *** monte carlo  index = 123 ***
x

 volt         param     
             i_d_0.9    
    0.         57.5137p 
   50.00000m  294.3519p 
  100.00000m    1.4855n 
  150.00000m    7.1386n 
  200.00000m   31.4863n 
  250.00000m  123.7550n 
  300.00000m  427.4718n 
  350.00000m    1.2572u 
  400.00000m    3.0250u 
  450.00000m    5.9822u 
  500.00000m   10.1248u 
  550.00000m   15.3233u 
  600.00000m   21.4381u 
  650.00000m   28.3532u 
  700.00000m   35.9737u 
  750.00000m   44.2170u 
  800.00000m   53.0083u 
  850.00000m   62.2775u 
  900.00000m   71.9583u 
  950.00000m   81.9875u 
    1.00000    92.3050u 
y
 vth0_value= 265.3588m
 u0_param=  48.8543m
 ags_param= 419.4981m
 
   *** monte carlo  index = 124 ***
x

 volt         param     
             i_d_0.9    
    0.         53.4871p 
   50.00000m  273.6141p 
  100.00000m    1.3825n 
  150.00000m    6.6616n 
  200.00000m   29.5044n 
  250.00000m  116.5415n 
  300.00000m  404.8178n 
  350.00000m    1.1994u 
  400.00000m    2.9103u 
  450.00000m    5.7972u 
  500.00000m    9.8647u 
  550.00000m   14.9861u 
  600.00000m   21.0224u 
  650.00000m   27.8574u 
  700.00000m   35.3961u 
  750.00000m   43.5563u 
  800.00000m   52.2633u 
  850.00000m   61.4474u 
  900.00000m   71.0426u 
  950.00000m   80.9862u 
    1.00000    91.2182u 
y
 vth0_value= 267.3710m
 u0_param=  48.5630m
 ags_param= 409.4116m
 
   *** monte carlo  index = 125 ***
x

 volt         param     
             i_d_0.9    
    0.         38.8036p 
   50.00000m  197.8147p 
  100.00000m    1.0046n 
  150.00000m    4.8965n 
  200.00000m   22.0911n 
  250.00000m   89.2578n 
  300.00000m  317.9682n 
  350.00000m  973.9426n 
  400.00000m    2.4562u 
  450.00000m    5.0633u 
  500.00000m    8.8403u 
  550.00000m   13.6757u 
  600.00000m   19.4305u 
  650.00000m   25.9866u 
  700.00000m   33.2476u 
  750.00000m   41.1312u 
  800.00000m   49.5631u 
  850.00000m   58.4744u 
  900.00000m   67.7999u 
  950.00000m   77.4775u 
    1.00000    87.4482u 
y
 vth0_value= 276.6719m
 u0_param=  47.8429m
 ags_param= 408.4609m
 
   *** monte carlo  index = 126 ***
x

 volt         param     
             i_d_0.9    
    0.         79.2031p 
   50.00000m  405.6477p 
  100.00000m    2.0340n 
  150.00000m    9.6493n 
  200.00000m   41.7347n 
  250.00000m  160.3347n 
  300.00000m  539.4650n 
  350.00000m    1.5323u 
  400.00000m    3.5496u 
  450.00000m    6.7978u 
  500.00000m   11.2374u 
  550.00000m   16.7281u 
  600.00000m   23.1314u 
  650.00000m   30.3333u 
  700.00000m   38.2398u 
  750.00000m   46.7686u 
  800.00000m   55.8439u 
  850.00000m   65.3949u 
  900.00000m   75.3547u 
  950.00000m   85.6592u 
    1.00000    96.2473u 
y
 vth0_value= 256.1586m
 u0_param=  49.6094m
 ags_param= 426.5614m
 
   *** monte carlo  index = 127 ***
x

 volt         param     
             i_d_0.9    
    0.         57.7808p 
   50.00000m  295.7792p 
  100.00000m    1.4931n 
  150.00000m    7.1787n 
  200.00000m   31.6864n 
  250.00000m  124.6450n 
  300.00000m  430.9255n 
  350.00000m    1.2688u 
  400.00000m    3.0568u 
  450.00000m    6.0515u 
  500.00000m   10.2497u 
  550.00000m   15.5196u 
  600.00000m   21.7188u 
  650.00000m   28.7294u 
  700.00000m   36.4545u 
  750.00000m   44.8103u 
  800.00000m   53.7207u 
  850.00000m   63.1146u 
  900.00000m   72.9248u 
  950.00000m   83.0874u 
    1.00000    93.5415u 
y
 vth0_value= 265.7197m
 u0_param=  49.6246m
 ags_param= 421.1189m
 
   *** monte carlo  index = 128 ***
x

 volt         param     
             i_d_0.9    
    0.        142.8041p 
   50.00000m  728.9772p 
  100.00000m    3.5997n 
  150.00000m   16.6024n 
  200.00000m   69.0225n 
  250.00000m  253.7118n 
  300.00000m  809.1214n 
  350.00000m    2.1444u 
  400.00000m    4.6316u 
  450.00000m    8.3838u 
  500.00000m   13.3084u 
  550.00000m   19.2570u 
  600.00000m   26.0972u 
  650.00000m   33.7213u 
  700.00000m   42.0382u 
  750.00000m   50.9665u 
  800.00000m   60.4308u 
  850.00000m   70.3599u 
  900.00000m   80.6864u 
  950.00000m   91.3456u 
    1.00000   102.2755u 
y
 vth0_value= 238.6855m
 u0_param=  50.1176m
 ags_param= 431.3720m
 
   *** monte carlo  index = 129 ***
x

 volt         param     
             i_d_0.9    
    0.        118.2848p 
   50.00000m  604.8240p 
  100.00000m    3.0031n 
  150.00000m   13.9871n 
  200.00000m   58.9282n 
  250.00000m  219.8034n 
  300.00000m  713.8382n 
  350.00000m    1.9361u 
  400.00000m    4.2772u 
  450.00000m    7.8815u 
  500.00000m   12.6709u 
  550.00000m   18.4977u 
  600.00000m   25.2264u 
  650.00000m   32.7467u 
  700.00000m   40.9661u 
  750.00000m   49.8024u 
  800.00000m   59.1798u 
  850.00000m   69.0270u 
  900.00000m   79.2762u 
  950.00000m   89.8629u 
    1.00000   100.7250u 
y
 vth0_value= 244.4341m
 u0_param=  50.2157m
 ags_param= 419.2899m
 
   *** monte carlo  index = 130 ***
x

 volt         param     
             i_d_0.9    
    0.        134.4291p 
   50.00000m  686.5366p 
  100.00000m    3.3954n 
  150.00000m   15.7034n 
  200.00000m   65.5276n 
  250.00000m  241.8552n 
  300.00000m  775.2933n 
  350.00000m    2.0682u 
  400.00000m    4.4951u 
  450.00000m    8.1771u 
  500.00000m   13.0263u 
  550.00000m   18.8958u 
  600.00000m   25.6535u 
  650.00000m   33.1918u 
  700.00000m   41.4201u 
  750.00000m   50.2573u 
  800.00000m   59.6286u 
  850.00000m   69.4631u 
  900.00000m   79.6937u 
  950.00000m   90.2564u 
    1.00000   101.0893u 
y
 vth0_value= 240.2726m
 u0_param=  49.7503m
 ags_param= 417.1011m
 
   *** monte carlo  index = 131 ***
x

 volt         param     
             i_d_0.9    
    0.         64.5110p 
   50.00000m  330.3574p 
  100.00000m    1.6639n 
  150.00000m    7.9632n 
  200.00000m   34.9008n 
  250.00000m  136.1473n 
  300.00000m  466.2502n 
  350.00000m    1.3556u 
  400.00000m    3.2209u 
  450.00000m    6.3006u 
  500.00000m   10.5782u 
  550.00000m   15.9189u 
  600.00000m   22.1816u 
  650.00000m   29.2502u 
  700.00000m   37.0290u 
  750.00000m   45.4348u 
  800.00000m   54.3919u 
  850.00000m   63.8293u 
  900.00000m   73.6800u 
  950.00000m   83.8802u 
    1.00000    94.3688u 
y
 vth0_value= 262.3246m
 u0_param=  49.5408m
 ags_param= 426.3374m
 
   *** monte carlo  index = 132 ***
x

 volt         param     
             i_d_0.9    
    0.         75.7151p 
   50.00000m  387.8224p 
  100.00000m    1.9469n 
  150.00000m    9.2561n 
  200.00000m   40.1648n 
  250.00000m  154.8779n 
  300.00000m  523.3542n 
  350.00000m    1.4950u 
  400.00000m    3.4842u 
  450.00000m    6.7062u 
  500.00000m   11.1261u 
  550.00000m   16.6042u 
  600.00000m   23.0003u 
  650.00000m   30.1994u 
  700.00000m   38.1066u 
  750.00000m   46.6387u 
  800.00000m   55.7199u 
  850.00000m   65.2789u 
  900.00000m   75.2485u 
  950.00000m   85.5645u 
    1.00000    96.1656u 
y
 vth0_value= 257.6607m
 u0_param=  49.8263m
 ags_param= 412.4010m
 
   *** monte carlo  index = 133 ***
x

 volt         param     
             i_d_0.9    
    0.        101.1237p 
   50.00000m  517.5399p 
  100.00000m    2.5801n 
  150.00000m   12.1056n 
  200.00000m   51.5311n 
  250.00000m  194.4351n 
  300.00000m  640.3522n 
  350.00000m    1.7685u 
  400.00000m    3.9789u 
  450.00000m    7.4398u 
  500.00000m   12.0872u 
  550.00000m   17.7761u 
  600.00000m   24.3698u 
  650.00000m   31.7567u 
  700.00000m   39.8439u 
  750.00000m   48.5493u 
  800.00000m   57.7972u 
  850.00000m   67.5166u 
  900.00000m   77.6401u 
  950.00000m   88.1035u 
    1.00000    98.8450u 
y
 vth0_value= 248.9738m
 u0_param=  49.9158m
 ags_param= 416.5224m
 
   *** monte carlo  index = 134 ***
x

 volt         param     
             i_d_0.9    
    0.        149.3452p 
   50.00000m  761.9252p 
  100.00000m    3.7564n 
  150.00000m   17.2775n 
  200.00000m   71.5661n 
  250.00000m  262.0113n 
  300.00000m  831.4062n 
  350.00000m    2.1897u 
  400.00000m    4.7009u 
  450.00000m    8.4695u 
  500.00000m   13.3999u 
  550.00000m   19.3449u 
  600.00000m   26.1738u 
  650.00000m   33.7803u 
  700.00000m   42.0743u 
  750.00000m   50.9750u 
  800.00000m   60.4077u 
  850.00000m   70.3015u 
  900.00000m   80.5894u 
  950.00000m   91.2072u 
    1.00000   102.0929u 
y
 vth0_value= 237.1140m
 u0_param=  49.7772m
 ags_param= 425.6433m
 
   *** monte carlo  index = 135 ***
x

 volt         param     
             i_d_0.9    
    0.         66.9159p 
   50.00000m  342.7333p 
  100.00000m    1.7252n 
  150.00000m    8.2470n 
  200.00000m   36.0790n 
  250.00000m  140.4412n 
  300.00000m  479.7581n 
  350.00000m    1.3903u 
  400.00000m    3.2912u 
  450.00000m    6.4181u 
  500.00000m   10.7505u 
  550.00000m   16.1514u 
  600.00000m   22.4787u 
  650.00000m   29.6157u 
  700.00000m   37.4659u 
  750.00000m   45.9458u 
  800.00000m   54.9789u 
  850.00000m   64.4939u 
  900.00000m   74.4233u 
  950.00000m   84.7029u 
    1.00000    95.2712u 
y
 vth0_value= 261.4680m
 u0_param=  49.9319m
 ags_param= 416.5066m
 
   *** monte carlo  index = 136 ***
x

 volt         param     
             i_d_0.9    
    0.         96.7317p 
   50.00000m  495.0097p 
  100.00000m    2.4690n 
  150.00000m   11.5963n 
  200.00000m   49.4362n 
  250.00000m  186.8514n 
  300.00000m  616.6943n 
  350.00000m    1.7079u 
  400.00000m    3.8537u 
  450.00000m    7.2230u 
  500.00000m   11.7559u 
  550.00000m   17.3115u 
  600.00000m   23.7562u 
  650.00000m   30.9808u 
  700.00000m   38.8943u 
  750.00000m   47.4163u 
  800.00000m   56.4727u 
  850.00000m   65.9937u 
  900.00000m   75.9132u 
  950.00000m   86.1681u 
    1.00000    96.6978u 
y
 vth0_value= 249.6163m
 u0_param=  48.8430m
 ags_param= 407.7541m
 
   *** monte carlo  index = 137 ***
x

 volt         param     
             i_d_0.9    
    0.        137.8349p 
   50.00000m  703.6465p 
  100.00000m    3.4764n 
  150.00000m   16.0480n 
  200.00000m   66.8006n 
  250.00000m  245.8942n 
  300.00000m  785.6300n 
  350.00000m    2.0870u 
  400.00000m    4.5177u 
  450.00000m    8.1926u 
  500.00000m   13.0222u 
  550.00000m   18.8615u 
  600.00000m   25.5803u 
  650.00000m   33.0725u 
  700.00000m   41.2487u 
  750.00000m   50.0289u 
  800.00000m   59.3386u 
  850.00000m   69.1079u 
  900.00000m   79.2702u 
  950.00000m   89.7618u 
    1.00000   100.5213u 
y
 vth0_value= 239.2034m
 u0_param=  49.2679m
 ags_param= 422.0596m
 
   *** monte carlo  index = 138 ***
x

 volt         param     
             i_d_0.9    
    0.        168.4511p 
   50.00000m  858.5607p 
  100.00000m    4.2200n 
  150.00000m   19.3072n 
  200.00000m   79.4152n 
  250.00000m  288.5030n 
  300.00000m  906.4476n 
  350.00000m    2.3581u 
  400.00000m    5.0036u 
  450.00000m    8.9328u 
  500.00000m   14.0407u 
  550.00000m   20.1760u 
  600.00000m   27.2065u 
  650.00000m   35.0242u 
  700.00000m   43.5378u 
  750.00000m   52.6651u 
  800.00000m   62.3299u 
  850.00000m   72.4601u 
  900.00000m   82.9874u 
  950.00000m   93.8465u 
    1.00000   104.9746u 
y
 vth0_value= 234.1644m
 u0_param=  50.8451m
 ags_param= 428.5963m
 
   *** monte carlo  index = 139 ***
x

 volt         param     
             i_d_0.9    
    0.         50.4193p 
   50.00000m  257.7915p 
  100.00000m    1.3038n 
  150.00000m    6.2946n 
  200.00000m   27.9674n 
  250.00000m  110.8927n 
  300.00000m  386.8613n 
  350.00000m    1.1528u 
  400.00000m    2.8155u 
  450.00000m    5.6404u 
  500.00000m    9.6388u 
  550.00000m   14.6875u 
  600.00000m   20.6479u 
  650.00000m   27.4044u 
  700.00000m   34.8624u 
  750.00000m   42.9401u 
  800.00000m   51.5632u 
  850.00000m   60.6625u 
  900.00000m   70.1726u 
  950.00000m   80.0310u 
    1.00000    90.1780u 
y
 vth0_value= 268.9194m
 u0_param=  48.1903m
 ags_param= 422.4482m
 
   *** monte carlo  index = 140 ***
x

 volt         param     
             i_d_0.9    
    0.         60.0262p 
   50.00000m  307.3630p 
  100.00000m    1.5508n 
  150.00000m    7.4480n 
  200.00000m   32.8187n 
  250.00000m  128.8339n 
  300.00000m  444.3520n 
  350.00000m    1.3042u 
  400.00000m    3.1310u 
  450.00000m    6.1792u 
  500.00000m   10.4418u 
  550.00000m   15.7841u 
  600.00000m   22.0624u 
  650.00000m   29.1574u 
  700.00000m   36.9716u 
  750.00000m   45.4204u 
  800.00000m   54.4268u 
  850.00000m   63.9191u 
  900.00000m   73.8295u 
  950.00000m   84.0936u 
    1.00000    94.6499u 
y
 vth0_value= 264.8989m
 u0_param=  50.1476m
 ags_param= 409.7211m
 
   *** monte carlo  index = 141 ***
x

 volt         param     
             i_d_0.9    
    0.         65.3601p 
   50.00000m  334.7134p 
  100.00000m    1.6853n 
  150.00000m    8.0613n 
  200.00000m   35.2995n 
  250.00000m  137.5613n 
  300.00000m  470.5374n 
  350.00000m    1.3660u 
  400.00000m    3.2398u 
  450.00000m    6.3282u 
  500.00000m   10.6130u 
  550.00000m   15.9587u 
  600.00000m   22.2247u 
  650.00000m   29.2950u 
  700.00000m   37.0739u 
  750.00000m   45.4784u 
  800.00000m   54.4328u 
  850.00000m   63.8661u 
  900.00000m   73.7114u 
  950.00000m   83.9050u 
    1.00000    94.3858u 
y
 vth0_value= 261.9095m
 u0_param=  49.5115m
 ags_param= 405.6001m
 
   *** monte carlo  index = 142 ***
x

 volt         param     
             i_d_0.9    
    0.        102.8028p 
   50.00000m  526.1189p 
  100.00000m    2.6221n 
  150.00000m   12.2953n 
  200.00000m   52.2943n 
  250.00000m  197.1274n 
  300.00000m  648.4656n 
  350.00000m    1.7882u 
  400.00000m    4.0170u 
  450.00000m    7.5016u 
  500.00000m   12.1763u 
  550.00000m   17.8953u 
  600.00000m   24.5213u 
  650.00000m   31.9425u 
  700.00000m   40.0657u 
  750.00000m   48.8083u 
  800.00000m   58.0946u 
  850.00000m   67.8532u 
  900.00000m   78.0164u 
  950.00000m   88.5199u 
    1.00000    99.3018u 
y
 vth0_value= 248.6045m
 u0_param=  50.1150m
 ags_param= 412.4951m
 
   *** monte carlo  index = 143 ***
x

 volt         param     
             i_d_0.9    
    0.         44.5204p 
   50.00000m  227.3593p 
  100.00000m    1.1522n 
  150.00000m    5.5885n 
  200.00000m   25.0127n 
  250.00000m  100.0650n 
  300.00000m  352.5771n 
  350.00000m    1.0645u 
  400.00000m    2.6396u 
  450.00000m    5.3591u 
  500.00000m    9.2501u 
  550.00000m   14.1945u 
  600.00000m   20.0537u 
  650.00000m   26.7109u 
  700.00000m   34.0708u 
  750.00000m   42.0515u 
  800.00000m   50.5788u 
  850.00000m   59.5836u 
  900.00000m   69.0005u 
  950.00000m   78.7676u 
    1.00000    88.8252u 
y
 vth0_value= 272.5743m
 u0_param=  47.9899m
 ags_param= 417.3711m
 
   *** monte carlo  index = 144 ***
x

 volt         param     
             i_d_0.9    
    0.        177.2047p 
   50.00000m  902.4325p 
  100.00000m    4.4267n 
  150.00000m   20.1837n 
  200.00000m   82.6550n 
  250.00000m  298.8345n 
  300.00000m  933.1859n 
  350.00000m    2.4095u 
  400.00000m    5.0769u 
  450.00000m    9.0154u 
  500.00000m   14.1173u 
  550.00000m   20.2336u 
  600.00000m   27.2344u 
  650.00000m   35.0139u 
  700.00000m   43.4820u 
  750.00000m   52.5576u 
  800.00000m   62.1652u 
  850.00000m   72.2337u 
  900.00000m   82.6951u 
  950.00000m   93.4848u 
    1.00000   104.5403u 
y
 vth0_value= 232.2921m
 u0_param=  50.3072m
 ags_param= 432.1777m
 
   *** monte carlo  index = 145 ***
x

 volt         param     
             i_d_0.9    
    0.        158.8562p 
   50.00000m  810.4823p 
  100.00000m    3.9937n 
  150.00000m   18.3495n 
  200.00000m   75.8974n 
  250.00000m  277.3909n 
  300.00000m  878.1887n 
  350.00000m    2.3062u 
  400.00000m    4.9371u 
  450.00000m    8.8746u 
  500.00000m   14.0159u 
  550.00000m   20.2065u 
  600.00000m   27.3100u 
  650.00000m   35.2153u 
  700.00000m   43.8287u 
  750.00000m   53.0664u 
  800.00000m   62.8504u 
  850.00000m   73.1078u 
  900.00000m   83.7690u 
  950.00000m   94.7679u 
    1.00000   106.0407u 
y
 vth0_value= 236.5398m
 u0_param=  51.8101m
 ags_param= 427.6545m
 
   *** monte carlo  index = 146 ***
x

 volt         param     
             i_d_0.9    
    0.         46.8628p 
   50.00000m  239.5283p 
  100.00000m    1.2137n 
  150.00000m    5.8831n 
  200.00000m   26.3033n 
  250.00000m  105.0855n 
  300.00000m  369.6631n 
  350.00000m    1.1136u 
  400.00000m    2.7542u 
  450.00000m    5.5787u 
  500.00000m    9.6111u 
  550.00000m   14.7275u 
  600.00000m   20.7840u 
  650.00000m   27.6597u 
  700.00000m   35.2560u 
  750.00000m   43.4882u 
  800.00000m   52.2798u 
  850.00000m   61.5596u 
  900.00000m   71.2604u 
  950.00000m   81.3183u 
    1.00000    91.6724u 
y
 vth0_value= 272.0563m
 u0_param=  49.5801m
 ags_param= 415.4241m
 
   *** monte carlo  index = 147 ***
x

 volt         param     
             i_d_0.9    
    0.         72.3296p 
   50.00000m  370.5374p 
  100.00000m    1.8625n 
  150.00000m    8.8776n 
  200.00000m   38.6671n 
  250.00000m  149.7458n 
  300.00000m  508.5178n 
  350.00000m    1.4621u 
  400.00000m    3.4316u 
  450.00000m    6.6435u 
  500.00000m   11.0689u 
  550.00000m   16.5671u 
  600.00000m   22.9956u 
  650.00000m   30.2370u 
  700.00000m   38.1948u 
  750.00000m   46.7847u 
  800.00000m   55.9297u 
  850.00000m   65.5580u 
  900.00000m   75.6015u 
  950.00000m   85.9956u 
    1.00000    96.6783u 
y
 vth0_value= 259.4123m
 u0_param=  50.4008m
 ags_param= 415.5969m
 
   *** monte carlo  index = 148 ***
x

 volt         param     
             i_d_0.9    
    0.         88.8876p 
   50.00000m  455.2213p 
  100.00000m    2.2773n 
  150.00000m   10.7546n 
  200.00000m   46.2075n 
  250.00000m  176.1767n 
  300.00000m  587.4732n 
  350.00000m    1.6490u 
  400.00000m    3.7728u 
  450.00000m    7.1512u 
  500.00000m   11.7329u 
  550.00000m   17.3736u 
  600.00000m   23.9333u 
  650.00000m   31.2979u 
  700.00000m   39.3724u 
  750.00000m   48.0737u 
  800.00000m   57.3252u 
  850.00000m   67.0553u 
  900.00000m   77.1961u 
  950.00000m   87.6828u 
    1.00000    98.4536u 
y
 vth0_value= 253.1439m
 u0_param=  50.3445m
 ags_param= 438.1534m
 
   *** monte carlo  index = 149 ***
x

 volt         param     
             i_d_0.9    
    0.         66.0155p 
   50.00000m  338.0605p 
  100.00000m    1.7017n 
  150.00000m    8.1345n 
  200.00000m   35.5880n 
  250.00000m  138.5404n 
  300.00000m  473.3280n 
  350.00000m    1.3719u 
  400.00000m    3.2484u 
  450.00000m    6.3361u 
  500.00000m   10.6152u 
  550.00000m   15.9509u 
  600.00000m   22.2033u 
  650.00000m   29.2569u 
  700.00000m   37.0170u 
  750.00000m   45.4007u 
  800.00000m   54.3327u 
  850.00000m   63.7424u 
  900.00000m   73.5630u 
  950.00000m   83.7310u 
    1.00000    94.1854u 
y
 vth0_value= 261.4792m
 u0_param=  49.3143m
 ags_param= 415.0668m
 
   *** monte carlo  index = 150 ***
x

 volt         param     
             i_d_0.9    
    0.        145.3032p 
   50.00000m  741.5367p 
  100.00000m    3.6592n 
  150.00000m   16.8563n 
  200.00000m   69.9651n 
  250.00000m  256.7259n 
  300.00000m  816.9386n 
  350.00000m    2.1592u 
  400.00000m    4.6511u 
  450.00000m    8.4017u 
  500.00000m   13.3173u 
  550.00000m   19.2502u 
  600.00000m   26.0692u 
  650.00000m   33.6673u 
  700.00000m   41.9540u 
  750.00000m   50.8485u 
  800.00000m   60.2757u 
  850.00000m   70.1647u 
  900.00000m   80.4484u 
  950.00000m   91.0624u 
    1.00000   101.9450u 
y
 vth0_value= 237.9936m
 u0_param=  49.8566m
 ags_param= 412.1440m
 
   *** monte carlo  index = 151 ***
x

 volt         param     
             i_d_0.9    
    0.        152.0479p 
   50.00000m  775.8781p 
  100.00000m    3.8261n 
  150.00000m   17.6035n 
  200.00000m   72.9456n 
  250.00000m  267.1573n 
  300.00000m  848.0605n 
  350.00000m    2.2346u 
  400.00000m    4.7993u 
  450.00000m    8.6490u 
  500.00000m   13.6853u 
  550.00000m   19.7571u 
  600.00000m   26.7301u 
  650.00000m   34.4952u 
  700.00000m   42.9600u 
  750.00000m   52.0421u 
  800.00000m   61.6650u 
  850.00000m   71.7565u 
  900.00000m   82.2481u 
  950.00000m   93.0746u 
    1.00000   104.1731u 
y
 vth0_value= 237.3049m
 u0_param=  50.9214m
 ags_param= 430.0660m
 
   *** monte carlo  index = 152 ***
x

 volt         param     
             i_d_0.9    
    0.         49.4955p 
   50.00000m  253.0731p 
  100.00000m    1.2807n 
  150.00000m    6.1919n 
  200.00000m   27.5694n 
  250.00000m  109.5909n 
  300.00000m  383.3768n 
  350.00000m    1.1466u 
  400.00000m    2.8118u 
  450.00000m    5.6533u 
  500.00000m    9.6863u 
  550.00000m   14.7862u 
  600.00000m   20.8117u 
  650.00000m   27.6447u 
  700.00000m   35.1887u 
  750.00000m   43.3603u 
  800.00000m   52.0841u 
  850.00000m   61.2899u 
  900.00000m   70.9113u 
  950.00000m   80.8850u 
    1.00000    91.1508u 
y
 vth0_value= 269.9741m
 u0_param=  48.9359m
 ags_param= 414.3032m
 
   *** monte carlo  index = 153 ***
x

 volt         param     
             i_d_0.9    
    0.         58.2206p 
   50.00000m  298.0022p 
  100.00000m    1.5037n 
  150.00000m    7.2239n 
  200.00000m   31.8470n 
  250.00000m  125.0992n 
  300.00000m  431.8199n 
  350.00000m    1.2688u 
  400.00000m    3.0499u 
  450.00000m    6.0259u 
  500.00000m   10.1920u 
  550.00000m   15.4174u 
  600.00000m   21.5619u 
  650.00000m   28.5093u 
  700.00000m   36.1639u 
  750.00000m   44.4432u 
  800.00000m   53.2717u 
  850.00000m   62.5792u 
  900.00000m   72.2991u 
  950.00000m   82.3683u 
    1.00000    92.7260u 
y
 vth0_value= 265.1261m
 u0_param=  49.0650m
 ags_param= 415.3239m
 
   *** monte carlo  index = 154 ***
x

 volt         param     
             i_d_0.9    
    0.         75.3447p 
   50.00000m  385.9917p 
  100.00000m    1.9386n 
  150.00000m    9.2242n 
  200.00000m   40.0744n 
  250.00000m  154.7389n 
  300.00000m  523.6832n 
  350.00000m    1.4989u 
  400.00000m    3.5009u 
  450.00000m    6.7502u 
  500.00000m   11.2132u 
  550.00000m   16.7481u 
  600.00000m   23.2127u 
  650.00000m   30.4899u 
  700.00000m   38.4833u 
  750.00000m   47.1088u 
  800.00000m   56.2894u 
  850.00000m   65.9530u 
  900.00000m   76.0316u 
  950.00000m   86.4604u 
    1.00000    97.1774u 
y
 vth0_value= 258.2267m
 u0_param=  50.4795m
 ags_param= 423.0590m
 
   *** monte carlo  index = 155 ***
x

 volt         param     
             i_d_0.9    
    0.         35.2164p 
   50.00000m  179.2669p 
  100.00000m  911.8534p 
  150.00000m    4.4613n 
  200.00000m   20.2542n 
  250.00000m   82.4856n 
  300.00000m  296.3985n 
  350.00000m  918.1290n 
  400.00000m    2.3469u 
  450.00000m    4.8978u 
  500.00000m    8.6313u 
  550.00000m   13.4399u 
  600.00000m   19.1826u 
  650.00000m   25.7383u 
  700.00000m   33.0084u 
  750.00000m   40.9091u 
  800.00000m   49.3653u 
  850.00000m   58.3071u 
  900.00000m   67.6688u 
  950.00000m   77.3877u 
    1.00000    87.4043u 
y
 vth0_value= 279.9765m
 u0_param=  48.3457m
 ags_param= 409.0026m
 
   *** monte carlo  index = 156 ***
x

 volt         param     
             i_d_0.9    
    0.         37.1426p 
   50.00000m  189.2704p 
  100.00000m  962.3508p 
  150.00000m    4.7027n 
  200.00000m   21.3068n 
  250.00000m   86.5453n 
  300.00000m  310.0737n 
  350.00000m  956.8010n 
  400.00000m    2.4344u 
  450.00000m    5.0587u 
  500.00000m    8.8853u 
  550.00000m   13.8024u 
  600.00000m   19.6663u 
  650.00000m   26.3539u 
  700.00000m   33.7652u 
  750.00000m   41.8151u 
  800.00000m   50.4273u 
  850.00000m   59.5308u 
  900.00000m   69.0587u 
  950.00000m   78.9477u 
    1.00000    89.1373u 
y
 vth0_value= 278.9003m
 u0_param=  49.1915m
 ags_param= 421.6046m
 
   *** monte carlo  index = 157 ***
x

 volt         param     
             i_d_0.9    
    0.        118.7151p 
   50.00000m  607.1945p 
  100.00000m    3.0164n 
  150.00000m   14.0606n 
  200.00000m   59.3047n 
  250.00000m  221.4703n 
  300.00000m  720.2494n 
  350.00000m    1.9569u 
  400.00000m    4.3308u 
  450.00000m    7.9908u 
  500.00000m   12.8579u 
  550.00000m   18.7811u 
  600.00000m   25.6215u 
  650.00000m   33.2663u 
  700.00000m   41.6210u 
  750.00000m   50.6017u 
  800.00000m   60.1312u 
  850.00000m   70.1370u 
  900.00000m   80.5501u 
  950.00000m   91.3051u 
    1.00000   102.3391u 
y
 vth0_value= 244.9422m
 u0_param=  51.1901m
 ags_param= 417.1665m
 
   *** monte carlo  index = 158 ***
x

 volt         param     
             i_d_0.9    
    0.         69.8594p 
   50.00000m  357.8040p 
  100.00000m    1.7992n 
  150.00000m    8.5824n 
  200.00000m   37.4270n 
  250.00000m  145.1532n 
  300.00000m  493.7745n 
  350.00000m    1.4230u 
  400.00000m    3.3482u 
  450.00000m    6.4960u 
  500.00000m   10.8407u 
  550.00000m   16.2447u 
  600.00000m   22.5679u 
  650.00000m   29.6946u 
  700.00000m   37.5296u 
  750.00000m   45.9900u 
  800.00000m   54.9999u 
  850.00000m   64.4883u 
  900.00000m   74.3882u 
  950.00000m   84.6356u 
    1.00000    95.1694u 
y
 vth0_value= 259.9717m
 u0_param=  49.6327m
 ags_param= 414.3729m
 
   *** monte carlo  index = 159 ***
x

 volt         param     
             i_d_0.9    
    0.         39.0314p 
   50.00000m  198.9858p 
  100.00000m    1.0104n 
  150.00000m    4.9229n 
  200.00000m   22.1972n 
  250.00000m   89.6220n 
  300.00000m  319.0164n 
  350.00000m  976.1662n 
  400.00000m    2.4589u 
  450.00000m    5.0634u 
  500.00000m    8.8333u 
  550.00000m   13.6572u 
  600.00000m   19.3970u 
  650.00000m   25.9350u 
  700.00000m   33.1756u 
  750.00000m   41.0366u 
  800.00000m   49.4443u 
  850.00000m   58.3298u 
  900.00000m   67.6282u 
  950.00000m   77.2777u 
    1.00000    87.2194u 
y
 vth0_value= 276.3676m
 u0_param=  47.6563m
 ags_param= 410.9539m
 
   *** monte carlo  index = 160 ***
x

 volt         param     
             i_d_0.9    
    0.         97.4286p 
   50.00000m  498.6231p 
  100.00000m    2.4872n 
  150.00000m   11.6828n 
  200.00000m   49.8109n 
  250.00000m  188.2879n 
  300.00000m  621.4965n 
  350.00000m    1.7214u 
  400.00000m    3.8846u 
  450.00000m    7.2815u 
  500.00000m   11.8514u 
  550.00000m   17.4519u 
  600.00000m   23.9480u 
  650.00000m   31.2296u 
  700.00000m   39.2047u 
  750.00000m   47.7923u 
  800.00000m   56.9176u 
  850.00000m   66.5103u 
  900.00000m   76.5038u 
  950.00000m   86.8345u 
    1.00000    97.4415u 
y
 vth0_value= 249.6755m
 u0_param=  49.2641m
 ags_param= 407.2054m
 
   *** monte carlo  index = 161 ***
x

 volt         param     
             i_d_0.9    
    0.         77.2116p 
   50.00000m  395.4798p 
  100.00000m    1.9844n 
  150.00000m    9.4263n 
  200.00000m   40.8494n 
  250.00000m  157.2815n 
  300.00000m  530.5518n 
  350.00000m    1.5120u 
  400.00000m    3.5154u 
  450.00000m    6.7525u 
  500.00000m   11.1864u 
  550.00000m   16.6771u 
  600.00000m   23.0849u 
  650.00000m   30.2950u 
  700.00000m   38.2127u 
  750.00000m   46.7552u 
  800.00000m   55.8465u 
  850.00000m   65.4155u 
  900.00000m   75.3950u 
  950.00000m   85.7208u 
    1.00000    96.3315u 
y
 vth0_value= 257.0544m
 u0_param=  49.8041m
 ags_param= 425.1133m
 
   *** monte carlo  index = 162 ***
x

 volt         param     
             i_d_0.9    
    0.         94.2559p 
   50.00000m  482.6198p 
  100.00000m    2.4110n 
  150.00000m   11.3556n 
  200.00000m   48.6029n 
  250.00000m  184.5063n 
  300.00000m  612.0766n 
  350.00000m    1.7065u 
  400.00000m    3.8767u 
  450.00000m    7.3059u 
  500.00000m   11.9366u 
  550.00000m   17.6231u 
  600.00000m   24.2260u 
  650.00000m   31.6316u 
  700.00000m   39.7454u 
  750.00000m   48.4841u 
  800.00000m   57.7712u 
  850.00000m   67.5349u 
  900.00000m   77.7074u 
  950.00000m   88.2239u 
    1.00000    99.0223u 
y
 vth0_value= 251.4151m
 u0_param=  50.4114m
 ags_param= 416.3192m
 
   *** monte carlo  index = 163 ***
x

 volt         param     
             i_d_0.9    
    0.        241.1245p 
   50.00000m    1.2228n 
  100.00000m    5.9369n 
  150.00000m   26.6143n 
  200.00000m  106.6780n 
  250.00000m  376.6827n 
  300.00000m    1.1407u 
  350.00000m    2.8388u 
  400.00000m    5.7839u 
  450.00000m   10.0117u 
  500.00000m   15.3967u 
  550.00000m   21.7888u 
  600.00000m   29.0608u 
  650.00000m   37.1086u 
  700.00000m   45.8424u 
  750.00000m   55.1809u 
  800.00000m   65.0481u 
  850.00000m   75.3721u 
  900.00000m   86.0845u 
  950.00000m   97.1197u 
    1.00000   108.4147u 
y
 vth0_value= 223.3872m
 u0_param=  50.9334m
 ags_param= 424.7376m
 
   *** monte carlo  index = 164 ***
x

 volt         param     
             i_d_0.9    
    0.         88.1057p 
   50.00000m  451.1102p 
  100.00000m    2.2561n 
  150.00000m   10.6489n 
  200.00000m   45.7214n 
  250.00000m  174.1937n 
  300.00000m  580.3865n 
  350.00000m    1.6274u 
  400.00000m    3.7192u 
  450.00000m    7.0436u 
  500.00000m   11.5499u 
  550.00000m   17.0966u 
  600.00000m   23.5469u 
  650.00000m   30.7890u 
  700.00000m   38.7299u 
  750.00000m   47.2880u 
  800.00000m   56.3881u 
  850.00000m   65.9597u 
  900.00000m   75.9360u 
  950.00000m   86.2532u 
    1.00000    96.8503u 
y
 vth0_value= 252.8154m
 u0_param=  49.4193m
 ags_param= 419.7293m
 
   *** monte carlo  index = 165 ***
x

 volt         param     
             i_d_0.9    
    0.         79.0103p 
   50.00000m  404.7014p 
  100.00000m    2.0298n 
  150.00000m    9.6335n 
  200.00000m   41.6940n 
  250.00000m  160.2956n 
  300.00000m  539.7779n 
  350.00000m    1.5348u 
  400.00000m    3.5595u 
  450.00000m    6.8232u 
  500.00000m   11.2865u 
  550.00000m   16.8083u 
  600.00000m   23.2486u 
  650.00000m   30.4925u 
  700.00000m   38.4451u 
  750.00000m   47.0232u 
  800.00000m   56.1508u 
  850.00000m   65.7566u 
  900.00000m   75.7730u 
  950.00000m   86.1358u 
    1.00000    96.7834u 
y
 vth0_value= 256.4654m
 u0_param=  49.9711m
 ags_param= 419.9897m
 
   *** monte carlo  index = 166 ***
x

 volt         param     
             i_d_0.9    
    0.        185.7326p 
   50.00000m  945.6686p 
  100.00000m    4.6351n 
  150.00000m   21.1050n 
  200.00000m   86.2713n 
  250.00000m  311.2650n 
  300.00000m  969.3643n 
  350.00000m    2.4946u 
  400.00000m    5.2397u 
  450.00000m    9.2813u 
  500.00000m   14.5072u 
  550.00000m   20.7643u 
  600.00000m   27.9199u 
  650.00000m   35.8661u 
  700.00000m   44.5108u 
  750.00000m   53.7713u 
  800.00000m   63.5707u 
  850.00000m   73.8363u 
  900.00000m   84.4993u 
  950.00000m   95.4939u 
    1.00000   106.7566u 
y
 vth0_value= 231.5540m
 u0_param=  51.3809m
 ags_param= 423.6876m
 
   *** monte carlo  index = 167 ***
x

 volt         param     
             i_d_0.9    
    0.         85.0420p 
   50.00000m  435.5651p 
  100.00000m    2.1811n 
  150.00000m   10.3199n 
  200.00000m   44.4625n 
  250.00000m  170.0558n 
  300.00000m  569.1674n 
  350.00000m    1.6054u 
  400.00000m    3.6918u 
  450.00000m    7.0271u 
  500.00000m   11.5644u 
  550.00000m   17.1604u 
  600.00000m   23.6752u 
  650.00000m   30.9941u 
  700.00000m   39.0223u 
  750.00000m   47.6766u 
  800.00000m   56.8807u 
  850.00000m   66.5629u 
  900.00000m   76.6555u 
  950.00000m   87.0940u 
    1.00000    97.8166u 
y
 vth0_value= 254.3950m
 u0_param=  50.2109m
 ags_param= 423.9927m
 
   *** monte carlo  index = 168 ***
x

 volt         param     
             i_d_0.9    
    0.         45.8302p 
   50.00000m  234.1381p 
  100.00000m    1.1862n 
  150.00000m    5.7489n 
  200.00000m   25.6979n 
  250.00000m  102.6455n 
  300.00000m  361.0297n 
  350.00000m    1.0875u 
  400.00000m    2.6891u 
  450.00000m    5.4463u 
  500.00000m    9.3830u 
  550.00000m   14.3790u 
  600.00000m   20.2945u 
  650.00000m   27.0120u 
  700.00000m   34.4354u 
  750.00000m   42.4822u 
  800.00000m   51.0777u 
  850.00000m   60.1523u 
  900.00000m   69.6403u 
  950.00000m   79.4791u 
    1.00000    89.6089u 
y
 vth0_value= 271.9412m
 u0_param=  48.3665m
 ags_param= 402.8463m
 
   *** monte carlo  index = 169 ***
x

 volt         param     
             i_d_0.9    
    0.        117.2333p 
   50.00000m  599.3624p 
  100.00000m    2.9756n 
  150.00000m   13.8552n 
  200.00000m   58.3543n 
  250.00000m  217.5952n 
  300.00000m  706.4298n 
  350.00000m    1.9152u 
  400.00000m    4.2293u 
  450.00000m    7.7910u 
  500.00000m   12.5234u 
  550.00000m   18.2811u 
  600.00000m   24.9305u 
  650.00000m   32.3632u 
  700.00000m   40.4877u 
  750.00000m   49.2232u 
  800.00000m   58.4946u 
  850.00000m   68.2314u 
  900.00000m   78.3667u 
  950.00000m   88.8366u 
    1.00000    99.5795u 
y
 vth0_value= 244.2853m
 u0_param=  49.5671m
 ags_param= 417.7295m
 
   *** monte carlo  index = 170 ***
x

 volt         param     
             i_d_0.9    
    0.         83.1783p 
   50.00000m  425.8432p 
  100.00000m    2.1316n 
  150.00000m   10.0795n 
  200.00000m   43.3903n 
  250.00000m  165.8122n 
  300.00000m  554.4705n 
  350.00000m    1.5622u 
  400.00000m    3.5882u 
  450.00000m    6.8239u 
  500.00000m   11.2240u 
  550.00000m   16.6509u 
  600.00000m   22.9700u 
  650.00000m   30.0712u 
  700.00000m   37.8629u 
  750.00000m   46.2648u 
  800.00000m   55.2029u 
  850.00000m   64.6078u 
  900.00000m   74.4136u 
  950.00000m   84.5577u 
    1.00000    94.9795u 
y
 vth0_value= 253.9916m
 u0_param=  48.5608m
 ags_param= 421.0327m
 
   *** monte carlo  index = 171 ***
x

 volt         param     
             i_d_0.9    
    0.         65.6335p 
   50.00000m  336.0213p 
  100.00000m    1.6908n 
  150.00000m    8.0778n 
  200.00000m   35.3089n 
  250.00000m  137.3194n 
  300.00000m  468.6650n 
  350.00000m    1.3566u 
  400.00000m    3.2073u 
  450.00000m    6.2483u 
  500.00000m   10.4596u 
  550.00000m   15.7090u 
  600.00000m   21.8598u 
  650.00000m   28.7992u 
  700.00000m   36.4344u 
  750.00000m   44.6842u 
  800.00000m   53.4747u 
  850.00000m   62.7365u 
  900.00000m   72.4037u 
  950.00000m   82.4140u 
    1.00000    92.7072u 
y
 vth0_value= 261.0542m
 u0_param=  48.3995m
 ags_param= 418.7160m
 
   *** monte carlo  index = 172 ***
x

 volt         param     
             i_d_0.9    
    0.         26.7569p 
   50.00000m  135.3731p 
  100.00000m  690.8157p 
  150.00000m    3.4101n 
  200.00000m   15.7188n 
  250.00000m   65.2998n 
  300.00000m  239.8189n 
  350.00000m  763.8561n 
  400.00000m    2.0208u 
  450.00000m    4.3559u 
  500.00000m    7.8705u 
  550.00000m   12.4741u 
  600.00000m   18.0261u 
  650.00000m   24.4018u 
  700.00000m   31.5000u 
  750.00000m   39.2357u 
  800.00000m   47.5330u 
  850.00000m   56.3221u 
  900.00000m   65.5369u 
  950.00000m   75.1153u 
    1.00000    84.9977u 
y
 vth0_value= 288.3696m
 u0_param=  48.2480m
 ags_param= 410.5570m
 
   *** monte carlo  index = 173 ***
x

 volt         param     
             i_d_0.9    
    0.         76.3015p 
   50.00000m  390.7948p 
  100.00000m    1.9612n 
  150.00000m    9.3184n 
  200.00000m   40.3991n 
  250.00000m  155.6249n 
  300.00000m  525.2749n 
  350.00000m    1.4982u 
  400.00000m    3.4861u 
  450.00000m    6.7009u 
  500.00000m   11.1068u 
  550.00000m   16.5647u 
  600.00000m   22.9356u 
  650.00000m   30.1053u 
  700.00000m   37.9796u 
  750.00000m   46.4759u 
  800.00000m   55.5187u 
  850.00000m   65.0373u 
  900.00000m   74.9646u 
  950.00000m   85.2368u 
    1.00000    95.7927u 
y
 vth0_value= 257.2462m
 u0_param=  49.5457m
 ags_param= 414.0220m
 
   *** monte carlo  index = 174 ***
x

 volt         param     
             i_d_0.9    
    0.         96.8444p 
   50.00000m  495.6191p 
  100.00000m    2.4723n 
  150.00000m   11.6141n 
  200.00000m   49.5247n 
  250.00000m  187.2382n 
  300.00000m  618.1685n 
  350.00000m    1.7127u 
  400.00000m    3.8662u 
  450.00000m    7.2487u 
  500.00000m   11.8005u 
  550.00000m   17.3797u 
  600.00000m   23.8519u 
  650.00000m   31.1075u 
  700.00000m   39.0549u 
  750.00000m   47.6133u 
  800.00000m   56.7082u 
  850.00000m   66.2696u 
  900.00000m   76.2311u 
  950.00000m   86.5294u 
    1.00000    97.1035u 
y
 vth0_value= 249.7357m
 u0_param=  49.0783m
 ags_param= 413.2856m
 
   *** monte carlo  index = 175 ***
x

 volt         param     
             i_d_0.9    
    0.        115.1082p 
   50.00000m  588.4192p 
  100.00000m    2.9212n 
  150.00000m   13.6026n 
  200.00000m   57.2944n 
  250.00000m  213.6719n 
  300.00000m  693.8480n 
  350.00000m    1.8816u 
  400.00000m    4.1566u 
  450.00000m    7.6594u 
  500.00000m   12.3152u 
  550.00000m   17.9817u 
  600.00000m   24.5279u 
  650.00000m   31.8471u 
  700.00000m   39.8498u 
  750.00000m   48.4562u 
  800.00000m   57.5925u 
  850.00000m   67.1894u 
  900.00000m   77.1807u 
  950.00000m   87.5034u 
    1.00000    98.0968u 
y
 vth0_value= 244.3030m
 u0_param=  48.7510m
 ags_param= 425.6796m
 
   *** monte carlo  index = 176 ***
x

 volt         param     
             i_d_0.9    
    0.         56.6035p 
   50.00000m  289.5689p 
  100.00000m    1.4607n 
  150.00000m    7.0152n 
  200.00000m   30.9117n 
  250.00000m  121.3649n 
  300.00000m  418.7474n 
  350.00000m    1.2297u 
  400.00000m    2.9543u 
  450.00000m    5.8345u 
  500.00000m    9.8661u 
  550.00000m   14.9238u 
  600.00000m   20.8727u 
  650.00000m   27.6010u 
  700.00000m   35.0169u 
  750.00000m   43.0404u 
  800.00000m   51.5988u 
  850.00000m   60.6240u 
  900.00000m   70.0512u 
  950.00000m   79.8192u 
    1.00000    89.8689u 
y
 vth0_value= 264.8761m
 u0_param=  47.4045m
 ags_param= 402.1124m
 
   *** monte carlo  index = 177 ***
x

 volt         param     
             i_d_0.9    
    0.         62.2089p 
   50.00000m  318.4586p 
  100.00000m    1.6044n 
  150.00000m    7.6833n 
  200.00000m   33.7077n 
  250.00000m  131.6542n 
  300.00000m  451.5293n 
  350.00000m    1.3154u 
  400.00000m    3.1323u 
  450.00000m    6.1391u 
  500.00000m   10.3224u 
  550.00000m   15.5510u 
  600.00000m   21.6873u 
  650.00000m   28.6171u 
  700.00000m   36.2469u 
  750.00000m   44.4951u 
  800.00000m   53.2874u 
  850.00000m   62.5540u 
  900.00000m   72.2291u 
  950.00000m   82.2499u 
    1.00000    92.5563u 
y
 vth0_value= 262.7903m
 u0_param=  48.5686m
 ags_param= 433.8870m
 
   *** monte carlo  index = 178 ***
x

 volt         param     
             i_d_0.9    
    0.         28.5346p 
   50.00000m  144.5960p 
  100.00000m  737.2362p 
  150.00000m    3.6305n 
  200.00000m   16.6661n 
  250.00000m   68.8582n 
  300.00000m  251.3846n 
  350.00000m  794.7111n 
  400.00000m    2.0828u 
  450.00000m    4.4496u 
  500.00000m    7.9842u 
  550.00000m   12.5926u 
  600.00000m   18.1359u 
  650.00000m   24.4918u 
  700.00000m   31.5613u 
  750.00000m   39.2607u 
  800.00000m   47.5152u 
  850.00000m   56.2556u 
  900.00000m   65.4168u 
  950.00000m   74.9370u 
    1.00000    84.7572u 
y
 vth0_value= 286.0325m
 u0_param=  47.7237m
 ags_param= 410.4909m
 
   *** monte carlo  index = 179 ***
x

 volt         param     
             i_d_0.9    
    0.         99.3430p 
   50.00000m  508.3707p 
  100.00000m    2.5346n 
  150.00000m   11.8940n 
  200.00000m   50.6434n 
  250.00000m  191.1495n 
  300.00000m  629.8142n 
  350.00000m    1.7404u 
  400.00000m    3.9182u 
  450.00000m    7.3302u 
  500.00000m   11.9144u 
  550.00000m   17.5279u 
  600.00000m   24.0362u 
  650.00000m   31.3294u 
  700.00000m   39.3158u 
  750.00000m   47.9144u 
  800.00000m   57.0505u 
  850.00000m   66.6539u 
  900.00000m   76.6578u 
  950.00000m   86.9989u 
    1.00000    97.6160u 
y
 vth0_value= 249.0803m
 u0_param=  49.2526m
 ags_param= 416.7829m
 
   *** monte carlo  index = 180 ***
x

 volt         param     
             i_d_0.9    
    0.         53.8379p 
   50.00000m  275.4631p 
  100.00000m    1.3921n 
  150.00000m    6.7101n 
  200.00000m   29.7337n 
  250.00000m  117.5121n 
  300.00000m  408.4207n 
  350.00000m    1.2110u 
  400.00000m    2.9407u 
  450.00000m    5.8618u 
  500.00000m    9.9790u 
  550.00000m   15.1640u 
  600.00000m   21.2750u 
  650.00000m   28.1942u 
  700.00000m   35.8250u 
  750.00000m   44.0838u 
  800.00000m   52.8952u 
  850.00000m   62.1882u 
  900.00000m   71.8963u 
  950.00000m   81.9560u 
    1.00000    92.3066u 
y
 vth0_value= 267.6157m
 u0_param=  49.2393m
 ags_param= 404.9878m
 
   *** monte carlo  index = 181 ***
x

 volt         param     
             i_d_0.9    
    0.         56.1881p 
   50.00000m  287.5596p 
  100.00000m    1.4521n 
  150.00000m    6.9872n 
  200.00000m   30.8796n 
  250.00000m  121.6537n 
  300.00000m  421.3069n 
  350.00000m    1.2433u 
  400.00000m    3.0031u 
  450.00000m    5.9585u 
  500.00000m   10.1090u 
  550.00000m   15.3248u 
  600.00000m   21.4646u 
  650.00000m   28.4110u 
  700.00000m   36.0678u 
  750.00000m   44.3520u 
  800.00000m   53.1877u 
  850.00000m   62.5044u 
  900.00000m   72.2355u 
  950.00000m   82.3173u 
    1.00000    92.6892u 
y
 vth0_value= 266.3196m
 u0_param=  49.2414m
 ags_param= 411.9649m
 
   *** monte carlo  index = 182 ***
x

 volt         param     
             i_d_0.9    
    0.         69.5234p 
   50.00000m  356.0419p 
  100.00000m    1.7901n 
  150.00000m    8.5376n 
  200.00000m   37.2215n 
  250.00000m  144.3152n 
  300.00000m  490.7802n 
  350.00000m    1.4138u 
  400.00000m    3.3253u 
  450.00000m    6.4497u 
  500.00000m   10.7613u 
  550.00000m   16.1243u 
  600.00000m   22.3997u 
  650.00000m   29.4732u 
  700.00000m   37.2505u 
  750.00000m   45.6495u 
  800.00000m   54.5949u 
  850.00000m   64.0163u 
  900.00000m   73.8471u 
  950.00000m   84.0239u 
    1.00000    94.4859u 
y
 vth0_value= 259.8416m
 u0_param=  49.2072m
 ags_param= 425.5556m
 
   *** monte carlo  index = 183 ***
x

 volt         param     
             i_d_0.9    
    0.         64.6504p 
   50.00000m  331.0733p 
  100.00000m    1.6674n 
  150.00000m    7.9795n 
  200.00000m   34.9675n 
  250.00000m  136.3870n 
  300.00000m  466.9891n 
  350.00000m    1.3575u 
  400.00000m    3.2244u 
  450.00000m    6.3061u 
  500.00000m   10.5856u 
  550.00000m   15.9281u 
  600.00000m   22.1925u 
  650.00000m   29.2626u 
  700.00000m   37.0428u 
  750.00000m   45.4499u 
  800.00000m   54.4080u 
  850.00000m   63.8462u 
  900.00000m   73.6976u 
  950.00000m   83.8982u 
    1.00000    94.3871u 
y
 vth0_value= 262.2638m
 u0_param=  49.5478m
 ags_param= 421.6426m
 
   *** monte carlo  index = 184 ***
x

 volt         param     
             i_d_0.9    
    0.         58.9411p 
   50.00000m  301.7116p 
  100.00000m    1.5221n 
  150.00000m    7.3091n 
  200.00000m   32.2006n 
  250.00000m  126.3853n 
  300.00000m  435.8541n 
  350.00000m    1.2791u 
  400.00000m    3.0703u 
  450.00000m    6.0590u 
  500.00000m   10.2387u 
  550.00000m   15.4782u 
  600.00000m   21.6371u 
  650.00000m   28.5988u 
  700.00000m   36.2680u 
  750.00000m   44.5617u 
  800.00000m   53.4046u 
  850.00000m   62.7262u 
  900.00000m   72.4600u 
  950.00000m   82.5426u 
    1.00000    92.9134u 
y
 vth0_value= 264.7986m
 u0_param=  49.1349m
 ags_param= 404.4488m
 
   *** monte carlo  index = 185 ***
x

 volt         param     
             i_d_0.9    
    0.         31.8948p 
   50.00000m  162.0297p 
  100.00000m  825.0075p 
  150.00000m    4.0478n 
  200.00000m   18.4642n 
  250.00000m   75.6592n 
  300.00000m  273.7239n 
  350.00000m  855.3937n 
  400.00000m    2.2101u 
  450.00000m    4.6587u 
  500.00000m    8.2733u 
  550.00000m   12.9534u 
  600.00000m   18.5605u 
  650.00000m   24.9743u 
  700.00000m   32.0971u 
  750.00000m   39.8460u 
  800.00000m   48.1468u 
  850.00000m   56.9305u 
  900.00000m   66.1321u 
  950.00000m   75.6900u 
    1.00000    85.5453u 
y
 vth0_value= 282.5360m
 u0_param=  47.6234m
 ags_param= 423.6296m
 
   *** monte carlo  index = 186 ***
x

 volt         param     
             i_d_0.9    
    0.         86.2502p 
   50.00000m  441.6380p 
  100.00000m    2.2098n 
  150.00000m   10.4409n 
  200.00000m   44.8920n 
  250.00000m  171.3085n 
  300.00000m  571.8567n 
  350.00000m    1.6075u 
  400.00000m    3.6832u 
  450.00000m    6.9903u 
  500.00000m   11.4801u 
  550.00000m   17.0113u 
  600.00000m   23.4470u 
  650.00000m   30.6750u 
  700.00000m   38.6022u 
  750.00000m   47.1468u 
  800.00000m   56.2336u 
  850.00000m   65.7922u 
  900.00000m   75.7556u 
  950.00000m   86.0602u 
    1.00000    96.6449u 
y
 vth0_value= 253.4581m
 u0_param=  49.4186m
 ags_param= 411.7325m
 
   *** monte carlo  index = 187 ***
x

 volt         param     
             i_d_0.9    
    0.         71.5204p 
   50.00000m  366.3078p 
  100.00000m    1.8409n 
  150.00000m    8.7717n 
  200.00000m   38.1889n 
  250.00000m  147.8241n 
  300.00000m  501.7514n 
  350.00000m    1.4417u 
  400.00000m    3.3816u 
  450.00000m    6.5436u 
  500.00000m   10.8989u 
  550.00000m   16.3100u 
  600.00000m   22.6372u 
  650.00000m   29.7655u 
  700.00000m   37.6002u 
  750.00000m   46.0585u 
  800.00000m   55.0648u 
  850.00000m   64.5483u 
  900.00000m   74.4420u 
  950.00000m   84.6821u 
    1.00000    95.2074u 
y
 vth0_value= 259.1937m
 u0_param=  49.5296m
 ags_param= 413.3831m
 
   *** monte carlo  index = 188 ***
x

 volt         param     
             i_d_0.9    
    0.        175.7336p 
   50.00000m  895.3572p 
  100.00000m    4.3962n 
  150.00000m   20.0764n 
  200.00000m   82.3816n 
  250.00000m  298.4836n 
  300.00000m  934.5952n 
  350.00000m    2.4211u 
  400.00000m    5.1167u 
  450.00000m    9.1066u 
  500.00000m   14.2820u 
  550.00000m   20.4902u 
  600.00000m   27.5981u 
  650.00000m   35.4972u 
  700.00000m   44.0953u 
  750.00000m   53.3099u 
  800.00000m   63.0640u 
  850.00000m   73.2851u 
  900.00000m   83.9044u 
  950.00000m   94.8562u 
    1.00000   106.0773u 
y
 vth0_value= 233.1615m
 u0_param=  51.2804m
 ags_param= 423.4550m
 
   *** monte carlo  index = 189 ***
x

 volt         param     
             i_d_0.9    
    0.        135.7977p 
   50.00000m  693.3470p 
  100.00000m    3.4270n 
  150.00000m   15.8327n 
  200.00000m   65.9742n 
  250.00000m  243.1349n 
  300.00000m  777.9476n 
  350.00000m    2.0704u 
  400.00000m    4.4898u 
  450.00000m    8.1533u 
  500.00000m   12.9727u 
  550.00000m   18.8029u 
  600.00000m   25.5135u 
  650.00000m   32.9983u 
  700.00000m   41.1677u 
  750.00000m   49.9415u 
  800.00000m   59.2456u 
  850.00000m   69.0097u 
  900.00000m   79.1673u 
  950.00000m   89.6548u 
    1.00000   100.4107u 
y
 vth0_value= 239.6581m
 u0_param=  49.2758m
 ags_param= 424.9027m
 
   *** monte carlo  index = 190 ***
x

 volt         param     
             i_d_0.9    
    0.        211.4242p 
   50.00000m    1.0743n 
  100.00000m    5.2405n 
  150.00000m   23.6719n 
  200.00000m   95.7880n 
  250.00000m  341.7888n 
  300.00000m    1.0493u 
  350.00000m    2.6540u 
  400.00000m    5.4867u 
  450.00000m    9.6023u 
  500.00000m   14.8822u 
  550.00000m   21.1755u 
  600.00000m   28.3534u 
  650.00000m   36.3106u 
  700.00000m   44.9567u 
  750.00000m   54.2102u 
  800.00000m   63.9952u 
  850.00000m   74.2396u 
  900.00000m   84.8753u 
  950.00000m   95.8368u 
    1.00000   107.0611u 
y
 vth0_value= 227.3113m
 u0_param=  50.8578m
 ags_param= 421.9700m
 
   *** monte carlo  index = 191 ***
x

 volt         param     
             i_d_0.9    
    0.        112.5924p 
   50.00000m  575.7752p 
  100.00000m    2.8614n 
  150.00000m   13.3486n 
  200.00000m   56.3663n 
  250.00000m  210.7888n 
  300.00000m  686.7598n 
  350.00000m    1.8704u 
  400.00000m    4.1492u 
  450.00000m    7.6712u 
  500.00000m   12.3631u 
  550.00000m   18.0803u 
  600.00000m   24.6892u 
  650.00000m   32.0812u 
  700.00000m   40.1649u 
  750.00000m   48.8595u 
  800.00000m   58.0902u 
  850.00000m   67.7866u 
  900.00000m   77.8819u 
  950.00000m   88.3124u 
    1.00000    99.0167u 
y
 vth0_value= 245.4160m
 u0_param=  49.4307m
 ags_param= 423.7963m
 
   *** monte carlo  index = 192 ***
x

 volt         param     
             i_d_0.9    
    0.         81.7796p 
   50.00000m  418.8073p 
  100.00000m    2.0983n 
  150.00000m    9.9387n 
  200.00000m   42.8885n 
  250.00000m  164.3385n 
  300.00000m  551.2533n 
  350.00000m    1.5595u 
  400.00000m    3.5972u 
  450.00000m    6.8648u 
  500.00000m   11.3189u 
  550.00000m   16.8193u 
  600.00000m   23.2278u 
  650.00000m   30.4314u 
  700.00000m   38.3366u 
  750.00000m   46.8612u 
  800.00000m   55.9298u 
  850.00000m   65.4718u 
  900.00000m   75.4202u 
  950.00000m   85.7113u 
    1.00000    96.2840u 
y
 vth0_value= 255.1107m
 u0_param=  49.4860m
 ags_param= 408.6215m
 
   *** monte carlo  index = 193 ***
x

 volt         param     
             i_d_0.9    
    0.         48.2231p 
   50.00000m  246.5072p 
  100.00000m    1.2480n 
  150.00000m    6.0393n 
  200.00000m   26.9292n 
  250.00000m  107.2369n 
  300.00000m  375.8909n 
  350.00000m    1.1271u 
  400.00000m    2.7726u 
  450.00000m    5.5894u 
  500.00000m    9.5960u 
  550.00000m   14.6690u 
  600.00000m   20.6675u 
  650.00000m   27.4731u 
  700.00000m   34.9892u 
  750.00000m   43.1328u 
  800.00000m   51.8284u 
  850.00000m   61.0059u 
  900.00000m   70.5990u 
  950.00000m   80.5446u 
    1.00000    90.7826u 
y
 vth0_value= 270.7019m
 u0_param=  48.8374m
 ags_param= 415.1014m
 
   *** monte carlo  index = 194 ***
x

 volt         param     
             i_d_0.9    
    0.        121.6159p 
   50.00000m  621.7075p 
  100.00000m    3.0844n 
  150.00000m   14.3442n 
  200.00000m   60.3090n 
  250.00000m  224.4454n 
  300.00000m  726.8944n 
  350.00000m    1.9645u 
  400.00000m    4.3247u 
  450.00000m    7.9468u 
  500.00000m   12.7505u 
  550.00000m   18.5881u 
  600.00000m   25.3249u 
  650.00000m   32.8512u 
  700.00000m   41.0748u 
  750.00000m   49.9138u 
  800.00000m   59.2925u 
  850.00000m   69.1398u 
  900.00000m   79.3879u 
  950.00000m   89.9725u 
    1.00000   100.8316u 
y
 vth0_value= 243.5390m
 u0_param=  50.1272m
 ags_param= 421.1019m
 
   *** monte carlo  index = 195 ***
x

 volt         param     
             i_d_0.9    
    0.        169.1261p 
   50.00000m  861.5315p 
  100.00000m    4.2301n 
  150.00000m   19.3189n 
  200.00000m   79.2839n 
  250.00000m  287.3400n 
  300.00000m  900.1126n 
  350.00000m    2.3331u 
  400.00000m    4.9338u 
  450.00000m    8.7859u 
  500.00000m   13.7863u 
  550.00000m   19.7884u 
  600.00000m   26.6644u 
  650.00000m   34.3100u 
  700.00000m   42.6362u 
  750.00000m   51.5633u 
  800.00000m   61.0168u 
  850.00000m   70.9265u 
  900.00000m   81.2256u 
  950.00000m   91.8500u 
    1.00000   102.7380u 
y
 vth0_value= 233.1828m
 u0_param=  49.5061m
 ags_param= 422.1848m
 
   *** monte carlo  index = 196 ***
x

 volt         param     
             i_d_0.9    
    0.         73.4592p 
   50.00000m  376.3476p 
  100.00000m    1.8913n 
  150.00000m    9.0105n 
  200.00000m   39.2186n 
  250.00000m  151.7556n 
  300.00000m  514.8400n 
  350.00000m    1.4783u 
  400.00000m    3.4648u 
  450.00000m    6.6999u 
  500.00000m   11.1529u 
  550.00000m   16.6822u 
  600.00000m   23.1445u 
  650.00000m   30.4220u 
  700.00000m   38.4179u 
  750.00000m   47.0475u 
  800.00000m   56.2336u 
  850.00000m   65.9039u 
  900.00000m   75.9903u 
  950.00000m   86.4277u 
    1.00000    97.1540u 
y
 vth0_value= 259.0860m
 u0_param=  50.6256m
 ags_param= 410.8343m
 
   *** monte carlo  index = 197 ***
x

 volt         param     
             i_d_0.9    
    0.         69.3005p 
   50.00000m  354.9570p 
  100.00000m    1.7854n 
  150.00000m    8.5210n 
  200.00000m   37.1889n 
  250.00000m  144.3622n 
  300.00000m  491.5969n 
  350.00000m    1.4187u 
  400.00000m    3.3430u 
  450.00000m    6.4943u 
  500.00000m   10.8478u 
  550.00000m   16.2658u 
  600.00000m   22.6072u 
  650.00000m   29.7559u 
  700.00000m   37.6162u 
  750.00000m   46.1047u 
  800.00000m   55.1452u 
  850.00000m   64.6665u 
  900.00000m   74.6013u 
  950.00000m   84.8855u 
    1.00000    95.4576u 
y
 vth0_value= 260.3471m
 u0_param=  49.8377m
 ags_param= 429.2218m
 
   *** monte carlo  index = 198 ***
x

 volt         param     
             i_d_0.9    
    0.         61.9063p 
   50.00000m  316.9795p 
  100.00000m    1.5978n 
  150.00000m    7.6602n 
  200.00000m   33.6602n 
  250.00000m  131.7101n 
  300.00000m  452.6295n 
  350.00000m    1.3221u 
  400.00000m    3.1573u 
  450.00000m    6.2031u 
  500.00000m   10.4478u 
  550.00000m   15.7577u 
  600.00000m   21.9915u 
  650.00000m   29.0322u 
  700.00000m   36.7841u 
  750.00000m   45.1637u 
  800.00000m   54.0952u 
  850.00000m   63.5076u 
  900.00000m   73.3340u 
  950.00000m   83.5105u 
    1.00000    93.9762u 
y
 vth0_value= 263.5652m
 u0_param=  49.5276m
 ags_param= 418.6591m
 
   *** monte carlo  index = 199 ***
x

 volt         param     
             i_d_0.9    
    0.         84.8067p 
   50.00000m  434.3125p 
  100.00000m    2.1745n 
  150.00000m   10.2857n 
  200.00000m   44.2978n 
  250.00000m  169.3539n 
  300.00000m  566.5506n 
  350.00000m    1.5971u 
  400.00000m    3.6702u 
  450.00000m    6.9824u 
  500.00000m   11.4868u 
  550.00000m   17.0415u 
  600.00000m   23.5077u 
  650.00000m   30.7721u 
  700.00000m   38.7407u 
  750.00000m   47.3310u 
  800.00000m   56.4671u 
  850.00000m   66.0781u 
  900.00000m   76.0967u 
  950.00000m   86.4588u 
    1.00000    97.1030u 
y
 vth0_value= 254.2114m
 u0_param=  49.7944m
 ags_param= 413.4778m
 
   *** monte carlo  index = 200 ***
x

 volt         param     
             i_d_0.9    
    0.         77.3654p 
   50.00000m  396.1936p 
  100.00000m    1.9872n 
  150.00000m    9.4325n 
  200.00000m   40.8327n 
  250.00000m  157.0297n 
  300.00000m  528.9923n 
  350.00000m    1.5050u 
  400.00000m    3.4924u 
  450.00000m    6.6980u 
  500.00000m   11.0842u 
  550.00000m   16.5129u 
  600.00000m   22.8467u 
  650.00000m   29.9729u 
  700.00000m   37.7981u 
  750.00000m   46.2408u 
  800.00000m   55.2259u 
  850.00000m   64.6833u 
  900.00000m   74.5464u 
  950.00000m   84.7519u 
    1.00000    95.2390u 
y
 vth0_value= 256.5540m
 u0_param=  49.1256m
 ags_param= 411.4127m
 
   *** monte carlo  index = 201 ***
x

 volt         param     
             i_d_0.9    
    0.         54.5416p 
   50.00000m  279.0940p 
  100.00000m    1.4102n 
  150.00000m    6.7945n 
  200.00000m   30.0885n 
  250.00000m  118.8222n 
  300.00000m  412.6111n 
  350.00000m    1.2220u 
  400.00000m    2.9635u 
  450.00000m    5.9004u 
  500.00000m   10.0363u 
  550.00000m   15.2418u 
  600.00000m   21.3750u 
  650.00000m   28.3179u 
  700.00000m   35.9736u 
  750.00000m   44.2586u 
  800.00000m   53.0971u 
  850.00000m   62.4182u 
  900.00000m   72.1550u 
  950.00000m   82.2440u 
    1.00000    92.6243u 
y
 vth0_value= 267.3025m
 u0_param=  49.3642m
 ags_param= 411.3870m
 
   *** monte carlo  index = 202 ***
x

 volt         param     
             i_d_0.9    
    0.         93.3276p 
   50.00000m  477.6798p 
  100.00000m    2.3849n 
  150.00000m   11.2214n 
  200.00000m   47.9612n 
  250.00000m  181.8000n 
  300.00000m  602.0989n 
  350.00000m    1.6751u 
  400.00000m    3.7971u 
  450.00000m    7.1438u 
  500.00000m   11.6589u 
  550.00000m   17.2015u 
  600.00000m   23.6374u 
  650.00000m   30.8568u 
  700.00000m   38.7683u 
  750.00000m   47.2911u 
  800.00000m   56.3509u 
  850.00000m   65.8780u 
  900.00000m   75.8059u 
  950.00000m   86.0716u 
    1.00000    96.6142u 
y
 vth0_value= 250.7658m
 u0_param=  48.9453m
 ags_param= 431.7206m
 
   *** monte carlo  index = 203 ***
x

 volt         param     
             i_d_0.9    
    0.        107.3301p 
   50.00000m  549.0251p 
  100.00000m    2.7319n 
  150.00000m   12.7736n 
  200.00000m   54.1113n 
  250.00000m  203.0764n 
  300.00000m  664.5061n 
  350.00000m    1.8199u 
  400.00000m    4.0600u 
  450.00000m    7.5402u 
  500.00000m   12.1911u 
  550.00000m   17.8691u 
  600.00000m   24.4400u 
  650.00000m   31.7946u 
  700.00000m   39.8416u 
  750.00000m   48.4999u 
  800.00000m   57.6949u 
  850.00000m   67.3562u 
  900.00000m   77.4170u 
  950.00000m   87.8137u 
    1.00000    98.4850u 
y
 vth0_value= 246.8201m
 u0_param=  49.3676m
 ags_param= 419.9884m
 
   *** monte carlo  index = 204 ***
x

 volt         param     
             i_d_0.9    
    0.         74.5520p 
   50.00000m  381.7518p 
  100.00000m    1.9159n 
  150.00000m    9.1055n 
  200.00000m   39.4897n 
  250.00000m  152.1896n 
  300.00000m  513.9786n 
  350.00000m    1.4671u 
  400.00000m    3.4167u 
  450.00000m    6.5724u 
  500.00000m   10.9003u 
  550.00000m   16.2643u 
  600.00000m   22.5280u 
  650.00000m   29.5793u 
  700.00000m   37.3257u 
  750.00000m   45.6860u 
  800.00000m   54.5858u 
  850.00000m   63.9556u 
  900.00000m   73.7292u 
  950.00000m   83.8437u 
    1.00000    94.2388u 
y
 vth0_value= 257.3982m
 u0_param=  48.7047m
 ags_param= 405.5599m
 
   *** monte carlo  index = 205 ***
x

 volt         param     
             i_d_0.9    
    0.        237.8784p 
   50.00000m    1.2061n 
  100.00000m    5.8540n 
  150.00000m   26.2307n 
  200.00000m  105.0865n 
  250.00000m  370.8809n 
  300.00000m    1.1224u 
  350.00000m    2.7915u 
  400.00000m    5.6842u 
  450.00000m    9.8355u 
  500.00000m   15.1230u 
  550.00000m   21.4001u 
  600.00000m   28.5425u 
  650.00000m   36.4485u 
  700.00000m   45.0303u 
  750.00000m   54.2080u 
  800.00000m   63.9072u 
  850.00000m   74.0571u 
  900.00000m   84.5904u 
  950.00000m   95.4427u 
    1.00000   106.5515u 
y
 vth0_value= 223.1491m
 u0_param=  49.9236m
 ags_param= 427.5973m
 
   *** monte carlo  index = 206 ***
x

 volt         param     
             i_d_0.9    
    0.        122.2811p 
   50.00000m  625.3248p 
  100.00000m    3.1042n 
  150.00000m   14.4509n 
  200.00000m   60.8400n 
  250.00000m  226.7432n 
  300.00000m  735.5588n 
  350.00000m    1.9921u 
  400.00000m    4.3946u 
  450.00000m    8.0880u 
  500.00000m   12.9905u 
  550.00000m   18.9503u 
  600.00000m   25.8287u 
  650.00000m   33.5126u 
  700.00000m   41.9073u 
  750.00000m   50.9290u 
  800.00000m   60.5003u 
  850.00000m   70.5482u 
  900.00000m   81.0040u 
  950.00000m   91.8018u 
    1.00000   102.8786u 
y
 vth0_value= 244.1487m
 u0_param=  51.3492m
 ags_param= 422.3729m
 
   *** monte carlo  index = 207 ***
x

 volt         param     
             i_d_0.9    
    0.         74.6490p 
   50.00000m  382.1891p 
  100.00000m    1.9175n 
  150.00000m    9.1074n 
  200.00000m   39.4633n 
  250.00000m  151.9398n 
  300.00000m  512.5797n 
  350.00000m    1.4611u 
  400.00000m    3.3975u 
  450.00000m    6.5276u 
  500.00000m   10.8169u 
  550.00000m   16.1312u 
  600.00000m   22.3360u 
  650.00000m   29.3210u 
  700.00000m   36.9948u 
  750.00000m   45.2775u 
  800.00000m   54.0954u 
  850.00000m   63.3796u 
  900.00000m   73.0649u 
  950.00000m   83.0888u 
    1.00000    93.3915u 
y
 vth0_value= 256.9861m
 u0_param=  48.1429m
 ags_param= 421.0501m
 
   *** monte carlo  index = 208 ***
x

 volt         param     
             i_d_0.9    
    0.        144.9678p 
   50.00000m  739.7173p 
  100.00000m    3.6493n 
  150.00000m   16.8036n 
  200.00000m   69.7087n 
  250.00000m  255.6431n 
  300.00000m  812.9527n 
  350.00000m    2.1469u 
  400.00000m    4.6210u 
  450.00000m    8.3428u 
  500.00000m   13.2191u 
  550.00000m   19.1044u 
  600.00000m   25.8689u 
  650.00000m   33.4068u 
  700.00000m   41.6287u 
  750.00000m   50.4547u 
  800.00000m   59.8102u 
  850.00000m   69.6252u 
  900.00000m   79.8328u 
  950.00000m   90.3693u 
    1.00000   101.1733u 
y
 vth0_value= 237.7525m
 u0_param=  49.3782m
 ags_param= 430.3532m
 
   *** monte carlo  index = 209 ***
x

 volt         param     
             i_d_0.9    
    0.        147.3613p 
   50.00000m  752.1688p 
  100.00000m    3.7123n 
  150.00000m   17.1056n 
  200.00000m   71.0232n 
  250.00000m  260.6877n 
  300.00000m  829.8224n 
  350.00000m    2.1941u 
  400.00000m    4.7282u 
  450.00000m    8.5432u 
  500.00000m   13.5433u 
  550.00000m   19.5779u 
  600.00000m   26.5128u 
  650.00000m   34.2390u 
  700.00000m   42.6644u 
  750.00000m   51.7065u 
  800.00000m   61.2891u 
  850.00000m   71.3401u 
  900.00000m   81.7914u 
  950.00000m   92.5777u 
    1.00000   103.6365u 
y
 vth0_value= 238.1497m
 u0_param=  50.7634m
 ags_param= 433.5582m
 
   *** monte carlo  index = 210 ***
x

 volt         param     
             i_d_0.9    
    0.         66.0123p 
   50.00000m  338.0109p 
  100.00000m    1.7011n 
  150.00000m    8.1288n 
  200.00000m   35.5447n 
  250.00000m  138.2906n 
  300.00000m  472.1728n 
  350.00000m    1.3674u 
  400.00000m    3.2349u 
  450.00000m    6.3050u 
  500.00000m   10.5578u 
  550.00000m   15.8594u 
  600.00000m   22.0715u 
  650.00000m   29.0799u 
  700.00000m   36.7904u 
  750.00000m   45.1212u 
  800.00000m   53.9974u 
  850.00000m   63.3489u 
  900.00000m   73.1094u 
  950.00000m   83.2158u 
    1.00000    93.6075u 
y
 vth0_value= 261.2281m
 u0_param=  48.9275m
 ags_param= 427.3474m
 
   *** monte carlo  index = 211 ***
x

 volt         param     
             i_d_0.9    
    0.         38.4364p 
   50.00000m  195.8987p 
  100.00000m  994.8220p 
  150.00000m    4.8488n 
  200.00000m   21.8762n 
  250.00000m   88.3919n 
  300.00000m  314.9041n 
  350.00000m  964.6614n 
  400.00000m    2.4332u 
  450.00000m    5.0165u 
  500.00000m    8.7597u 
  550.00000m   13.5528u 
  600.00000m   19.2583u 
  650.00000m   25.7593u 
  700.00000m   32.9603u 
  750.00000m   40.7799u 
  800.00000m   49.1445u 
  850.00000m   57.9856u 
  900.00000m   67.2386u 
  950.00000m   76.8421u 
    1.00000    86.7373u 
y
 vth0_value= 276.6721m
 u0_param=  47.4112m
 ags_param= 417.7028m
 
   *** monte carlo  index = 212 ***
x

 volt         param     
             i_d_0.9    
    0.        203.7698p 
   50.00000m    1.0356n 
  100.00000m    5.0548n 
  150.00000m   22.8571n 
  200.00000m   92.6170n 
  250.00000m  330.9916n 
  300.00000m    1.0182u 
  350.00000m    2.5819u 
  400.00000m    5.3501u 
  450.00000m    9.3803u 
  500.00000m   14.5576u 
  550.00000m   20.7344u 
  600.00000m   27.7840u 
  650.00000m   35.6030u 
  700.00000m   44.1027u 
  750.00000m   53.2029u 
  800.00000m   62.8287u 
  850.00000m   72.9094u 
  900.00000m   83.3777u 
  950.00000m   94.1689u 
    1.00000   105.2210u 
y
 vth0_value= 227.8560m
 u0_param=  49.9696m
 ags_param= 427.6499m
 
   *** monte carlo  index = 213 ***
x

 volt         param     
             i_d_0.9    
    0.        112.8180p 
   50.00000m  576.7847p 
  100.00000m    2.8649n 
  150.00000m   13.3533n 
  200.00000m   56.3182n 
  250.00000m  210.3377n 
  300.00000m  684.2481n 
  350.00000m    1.8599u 
  400.00000m    4.1180u 
  450.00000m    7.6023u 
  500.00000m   12.2397u 
  550.00000m   17.8881u 
  600.00000m   24.4165u 
  650.00000m   31.7183u 
  700.00000m   39.7036u 
  750.00000m   48.2930u 
  800.00000m   57.4128u 
  850.00000m   66.9934u 
  900.00000m   76.9689u 
  950.00000m   87.2763u 
    1.00000    97.8550u 
y
 vth0_value= 244.8757m
 u0_param=  48.6995m
 ags_param= 432.5107m
 
   *** monte carlo  index = 214 ***
x

 volt         param     
             i_d_0.9    
    0.         32.1984p 
   50.00000m  163.6150p 
  100.00000m  833.0992p 
  150.00000m    4.0873n 
  200.00000m   18.6428n 
  250.00000m   76.3809n 
  300.00000m  276.2871n 
  350.00000m  863.1932n 
  400.00000m    2.2296u 
  450.00000m    4.6983u 
  500.00000m    8.3416u 
  550.00000m   13.0576u 
  600.00000m   18.7066u 
  650.00000m   25.1672u 
  700.00000m   32.3410u 
  750.00000m   40.1443u 
  800.00000m   48.5024u 
  850.00000m   57.3458u 
  900.00000m   66.6090u 
  950.00000m   76.2301u 
    1.00000    86.1497u 
y
 vth0_value= 282.4887m
 u0_param=  47.9877m
 ags_param= 416.8809m
 
   *** monte carlo  index = 215 ***
x

 volt         param     
             i_d_0.9    
    0.        158.0098p 
   50.00000m  805.7247p 
  100.00000m    3.9663n 
  150.00000m   18.1941n 
  200.00000m   75.0970n 
  250.00000m  273.8689n 
  300.00000m  864.7396n 
  350.00000m    2.2634u 
  400.00000m    4.8308u 
  450.00000m    8.6636u 
  500.00000m   13.6623u 
  550.00000m   19.6783u 
  600.00000m   26.5808u 
  650.00000m   34.2632u 
  700.00000m   42.6351u 
  750.00000m   51.6156u 
  800.00000m   61.1293u 
  850.00000m   71.1051u 
  900.00000m   81.4756u 
  950.00000m   92.1762u 
    1.00000   103.1447u 
y
 vth0_value= 235.6172m
 u0_param=  50.0956m
 ags_param= 430.6471m
 
   *** monte carlo  index = 216 ***
x

 volt         param     
             i_d_0.9    
    0.        103.5783p 
   50.00000m  530.0880p 
  100.00000m    2.6415n 
  150.00000m   12.3838n 
  200.00000m   52.6543n 
  250.00000m  198.4125n 
  300.00000m  652.4030n 
  350.00000m    1.7980u 
  400.00000m    4.0367u 
  450.00000m    7.5347u 
  500.00000m   12.2258u 
  550.00000m   17.9636u 
  600.00000m   24.6104u 
  650.00000m   32.0542u 
  700.00000m   40.2016u 
  750.00000m   48.9698u 
  800.00000m   58.2828u 
  850.00000m   68.0691u 
  900.00000m   78.2610u 
  950.00000m   88.7938u 
    1.00000    99.6056u 
y
 vth0_value= 248.4653m
 u0_param=  50.2520m
 ags_param= 418.7576m
 
   *** monte carlo  index = 217 ***
x

 volt         param     
             i_d_0.9    
    0.         68.7805p 
   50.00000m  352.2970p 
  100.00000m    1.7723n 
  150.00000m    8.4621n 
  200.00000m   36.9535n 
  250.00000m  143.5453n 
  300.00000m  489.1902n 
  350.00000m    1.4131u 
  400.00000m    3.3337u 
  450.00000m    6.4821u 
  500.00000m   10.8345u 
  550.00000m   16.2533u 
  600.00000m   22.5969u 
  650.00000m   29.7488u 
  700.00000m   37.6130u 
  750.00000m   46.1061u 
  800.00000m   55.1517u 
  850.00000m   64.6785u 
  900.00000m   74.6191u 
  950.00000m   84.9092u 
    1.00000    95.4874u 
y
 vth0_value= 260.6228m
 u0_param=  49.9120m
 ags_param= 420.4696m
 
   *** monte carlo  index = 218 ***
x

 volt         param     
             i_d_0.9    
    0.        121.0584p 
   50.00000m  618.6934p 
  100.00000m    3.0681n 
  150.00000m   14.2573n 
  200.00000m   59.8828n 
  250.00000m  222.6229n 
  300.00000m  720.0950n 
  350.00000m    1.9431u 
  400.00000m    4.2710u 
  450.00000m    7.8389u 
  500.00000m   12.5676u 
  550.00000m   18.3129u 
  600.00000m   24.9429u 
  650.00000m   32.3503u 
  700.00000m   40.4448u 
  750.00000m   49.1463u 
  800.00000m   58.3802u 
  850.00000m   68.0766u 
  900.00000m   78.1689u 
  950.00000m   88.5936u 
    1.00000    99.2895u 
y
 vth0_value= 243.0815m
 u0_param=  49.2073m
 ags_param= 425.7276m
 
   *** monte carlo  index = 219 ***
x

 volt         param     
             i_d_0.9    
    0.         53.3237p 
   50.00000m  272.7851p 
  100.00000m    1.3785n 
  150.00000m    6.6443n 
  200.00000m   29.4407n 
  250.00000m  116.3503n 
  300.00000m  404.3853n 
  350.00000m    1.1990u 
  400.00000m    2.9119u 
  450.00000m    5.8047u 
  500.00000m    9.8826u 
  550.00000m   15.0191u 
  600.00000m   21.0740u 
  650.00000m   27.9308u 
  700.00000m   35.4939u 
  750.00000m   43.6810u 
  800.00000m   52.4169u 
  850.00000m   61.6316u 
  900.00000m   71.2591u 
  950.00000m   81.2364u 
    1.00000    91.5032u 
y
 vth0_value= 267.5881m
 u0_param=  48.7515m
 ags_param= 417.8501m
 
   *** monte carlo  index = 220 ***
x

 volt         param     
             i_d_0.9    
    0.        161.5499p 
   50.00000m  823.6835p 
  100.00000m    4.0530n 
  150.00000m   18.5775n 
  200.00000m   76.6020n 
  250.00000m  279.0394n 
  300.00000m  879.7656n 
  350.00000m    2.2985u 
  400.00000m    4.8970u 
  450.00000m    8.7702u 
  500.00000m   13.8163u 
  550.00000m   19.8851u 
  600.00000m   26.8450u 
  650.00000m   34.5886u 
  700.00000m   43.0249u 
  750.00000m   52.0720u 
  800.00000m   61.6544u 
  850.00000m   71.7003u 
  900.00000m   82.1419u 
  950.00000m   92.9143u 
    1.00000   103.9549u 
y
 vth0_value= 235.1969m
 u0_param=  50.4833m
 ags_param= 416.1825m
 
   *** monte carlo  index = 221 ***
x

 volt         param     
             i_d_0.9    
    0.         40.5271p 
   50.00000m  206.7561p 
  100.00000m    1.0496n 
  150.00000m    5.1109n 
  200.00000m   23.0201n 
  250.00000m   92.8161n 
  300.00000m  329.8609n 
  350.00000m    1.0072u 
  400.00000m    2.5307u 
  450.00000m    5.1993u 
  500.00000m    9.0541u 
  550.00000m   13.9803u 
  600.00000m   19.8366u 
  650.00000m   26.5033u 
  700.00000m   33.8829u 
  750.00000m   41.8918u 
  800.00000m   50.4548u 
  850.00000m   59.5020u 
  900.00000m   68.9674u 
  950.00000m   78.7883u 
    1.00000    88.9046u 
y
 vth0_value= 275.8149m
 u0_param=  48.5518m
 ags_param= 420.2053m
 
   *** monte carlo  index = 222 ***
x

 volt         param     
             i_d_0.9    
    0.        113.6793p 
   50.00000m  581.5508p 
  100.00000m    2.8918n 
  150.00000m   13.5037n 
  200.00000m   57.0976n 
  250.00000m  213.8199n 
  300.00000m  697.7442n 
  350.00000m    1.9041u 
  400.00000m    4.2325u 
  450.00000m    7.8371u 
  500.00000m   12.6428u 
  550.00000m   18.5001u 
  600.00000m   25.2709u 
  650.00000m   32.8426u 
  700.00000m   41.1212u 
  750.00000m   50.0233u 
  800.00000m   59.4722u 
  850.00000m   69.3956u 
  900.00000m   79.7253u 
  950.00000m   90.3959u 
    1.00000   101.3450u 
y
 vth0_value= 246.0229m
 u0_param=  50.8288m
 ags_param= 410.1428m
 
   *** monte carlo  index = 223 ***
x

 volt         param     
             i_d_0.9    
    0.        114.1127p 
   50.00000m  583.6282p 
  100.00000m    2.9006n 
  150.00000m   13.5328n 
  200.00000m   57.1499n 
  250.00000m  213.7328n 
  300.00000m  696.3683n 
  350.00000m    1.8966u 
  400.00000m    4.2073u 
  450.00000m    7.7783u 
  500.00000m   12.5346u 
  550.00000m   18.3290u 
  600.00000m   25.0258u 
  650.00000m   32.5143u 
  700.00000m   40.7020u 
  750.00000m   49.5067u 
  800.00000m   58.8526u 
  850.00000m   68.6685u 
  900.00000m   78.8866u 
  950.00000m   89.4426u 
    1.00000   100.2745u 
y
 vth0_value= 245.4716m
 u0_param=  50.1433m
 ags_param= 414.0203m
 
   *** monte carlo  index = 224 ***
x

 volt         param     
             i_d_0.9    
    0.        117.3539p 
   50.00000m  600.0455p 
  100.00000m    2.9796n 
  150.00000m   13.8786n 
  200.00000m   58.4797n 
  250.00000m  218.1696n 
  300.00000m  708.7013n 
  350.00000m    1.9228u 
  400.00000m    4.2491u 
  450.00000m    7.8318u 
  500.00000m   12.5936u 
  550.00000m   18.3878u 
  600.00000m   25.0798u 
  650.00000m   32.5598u 
  700.00000m   40.7360u 
  750.00000m   49.5266u 
  800.00000m   58.8563u 
  850.00000m   68.6538u 
  900.00000m   78.8520u 
  950.00000m   89.3865u 
    1.00000   100.1955u 
y
 vth0_value= 244.4933m
 u0_param=  49.9367m
 ags_param= 418.1482m
 
   *** monte carlo  index = 225 ***
x

 volt         param     
             i_d_0.9    
    0.         75.9214p 
   50.00000m  388.8959p 
  100.00000m    1.9523n 
  150.00000m    9.2824n 
  200.00000m   40.2808n 
  250.00000m  155.3339n 
  300.00000m  524.9225n 
  350.00000m    1.4995u 
  400.00000m    3.4951u 
  450.00000m    6.7276u 
  500.00000m   11.1620u 
  550.00000m   16.6580u 
  600.00000m   23.0749u 
  650.00000m   30.2973u 
  700.00000m   38.2299u 
  750.00000m   46.7894u 
  800.00000m   55.8996u 
  850.00000m   65.4890u 
  900.00000m   75.4901u 
  950.00000m   85.8387u 
    1.00000    96.4733u 
y
 vth0_value= 257.6875m
 u0_param=  49.9960m
 ags_param= 419.0343m
 
   *** monte carlo  index = 226 ***
x

 volt         param     
             i_d_0.9    
    0.         22.3539p 
   50.00000m  112.4547p 
  100.00000m  574.6545p 
  150.00000m    2.8507n 
  200.00000m   13.2571n 
  250.00000m   55.7381n 
  300.00000m  207.4337n 
  350.00000m  671.7284n 
  400.00000m    1.8148u 
  450.00000m    3.9928u 
  500.00000m    7.3318u 
  550.00000m   11.7553u 
  600.00000m   17.1257u 
  650.00000m   23.3177u 
  700.00000m   30.2298u 
  750.00000m   37.7770u 
  800.00000m   45.8840u 
  850.00000m   54.4816u 
  900.00000m   63.5046u 
  950.00000m   72.8914u 
    1.00000    82.5832u 
y
 vth0_value= 293.5292m
 u0_param=  47.6137m
 ags_param= 397.4202m
 
   *** monte carlo  index = 227 ***
x

 volt         param     
             i_d_0.9    
    0.         56.2256p 
   50.00000m  287.6746p 
  100.00000m    1.4519n 
  150.00000m    6.9789n 
  200.00000m   30.7943n 
  250.00000m  121.0978n 
  300.00000m  418.5629n 
  350.00000m    1.2320u 
  400.00000m    2.9675u 
  450.00000m    5.8737u 
  500.00000m    9.9482u 
  550.00000m   15.0641u 
  600.00000m   21.0844u 
  650.00000m   27.8950u 
  700.00000m   35.4025u 
  750.00000m   43.5257u 
  800.00000m   52.1907u 
  850.00000m   61.3285u 
  900.00000m   70.8736u 
  950.00000m   80.7639u 
    1.00000    90.9396u 
y
 vth0_value= 265.5474m
 u0_param=  48.1004m
 ags_param= 418.8123m
 
   *** monte carlo  index = 228 ***
x

 volt         param     
             i_d_0.9    
    0.        200.5842p 
   50.00000m    1.0201n 
  100.00000m    4.9864n 
  150.00000m   22.6003n 
  200.00000m   91.8431n 
  250.00000m  329.2460n 
  300.00000m    1.0169u 
  350.00000m    2.5908u 
  400.00000m    5.3917u 
  450.00000m    9.4834u 
  500.00000m   14.7495u 
  550.00000m   21.0382u 
  600.00000m   28.2185u 
  650.00000m   36.1838u 
  700.00000m   44.8432u 
  750.00000m   54.1142u 
  800.00000m   63.9205u 
  850.00000m   74.1898u 
  900.00000m   84.8534u 
  950.00000m   95.8456u 
    1.00000   107.1031u 
y
 vth0_value= 229.0943m
 u0_param=  51.1632m
 ags_param= 424.9363m
 
   *** monte carlo  index = 229 ***
x

 volt         param     
             i_d_0.9    
    0.         96.9200p 
   50.00000m  496.0138p 
  100.00000m    2.4744n 
  150.00000m   11.6239n 
  200.00000m   49.5684n 
  250.00000m  187.4108n 
  300.00000m  618.7659n 
  350.00000m    1.7145u 
  400.00000m    3.8703u 
  450.00000m    7.2569u 
  500.00000m   11.8141u 
  550.00000m   17.4001u 
  600.00000m   23.8802u 
  650.00000m   31.1445u 
  700.00000m   39.1015u 
  750.00000m   47.6702u 
  800.00000m   56.7760u 
  850.00000m   66.3488u 
  900.00000m   76.3222u 
  950.00000m   86.6327u 
    1.00000    97.2193u 
y
 vth0_value= 249.7539m
 u0_param=  49.1420m
 ags_param= 415.5690m
 
   *** monte carlo  index = 230 ***
x

 volt         param     
             i_d_0.9    
    0.         97.6061p 
   50.00000m  499.5788p 
  100.00000m    2.4924n 
  150.00000m   11.7101n 
  200.00000m   49.9456n 
  250.00000m  188.8713n 
  300.00000m  623.7042n 
  350.00000m    1.7286u 
  400.00000m    3.9031u 
  450.00000m    7.3195u 
  500.00000m   11.9172u 
  550.00000m   17.5526u 
  600.00000m   24.0896u 
  650.00000m   31.4172u 
  700.00000m   39.4428u 
  750.00000m   48.0847u 
  800.00000m   57.2677u 
  850.00000m   66.9211u 
  900.00000m   76.9778u 
  950.00000m   87.3740u 
    1.00000    98.0482u 
y
 vth0_value= 249.8434m
 u0_param=  49.6067m
 ags_param= 421.7021m
 
   *** monte carlo  index = 231 ***
x

 volt         param     
             i_d_0.9    
    0.        210.6295p 
   50.00000m    1.0703n 
  100.00000m    5.2213n 
  150.00000m   23.5880n 
  200.00000m   95.4632n 
  250.00000m  340.6907n 
  300.00000m    1.0462u 
  350.00000m    2.6468u 
  400.00000m    5.4733u 
  450.00000m    9.5809u 
  500.00000m   14.8512u 
  550.00000m   21.1339u 
  600.00000m   28.3001u 
  650.00000m   36.2448u 
  700.00000m   44.8778u 
  750.00000m   54.1177u 
  800.00000m   63.8885u 
  850.00000m   74.1186u 
  900.00000m   84.7396u 
  950.00000m   95.6863u 
    1.00000   106.8957u 
y
 vth0_value= 227.3737m
 u0_param=  50.7770m
 ags_param= 424.5205m
 
   *** monte carlo  index = 232 ***
x

 volt         param     
             i_d_0.9    
    0.        177.0608p 
   50.00000m  901.4107p 
  100.00000m    4.4190n 
  150.00000m   20.1291n 
  200.00000m   82.3295n 
  250.00000m  297.2740n 
  300.00000m  926.8173n 
  350.00000m    2.3884u 
  400.00000m    5.0233u 
  450.00000m    8.9083u 
  500.00000m   13.9373u 
  550.00000m   19.9642u 
  600.00000m   26.8620u 
  650.00000m   34.5271u 
  700.00000m   42.8710u 
  750.00000m   51.8140u 
  800.00000m   61.2820u 
  850.00000m   71.2047u 
  900.00000m   81.5154u 
  950.00000m   92.1502u 
    1.00000   103.0474u 
y
 vth0_value= 231.7559m
 u0_param=  49.4411m
 ags_param= 425.8105m
 
   *** monte carlo  index = 233 ***
x

 volt         param     
             i_d_0.9    
    0.        188.8500p 
   50.00000m  960.9251p 
  100.00000m    4.7035n 
  150.00000m   21.3690n 
  200.00000m   87.1048n 
  250.00000m  313.3284n 
  300.00000m  972.0711n 
  350.00000m    2.4900u 
  400.00000m    5.2079u 
  450.00000m    9.1957u 
  500.00000m   14.3420u 
  550.00000m   20.4980u 
  600.00000m   27.5348u 
  650.00000m   35.3473u 
  700.00000m   43.8458u 
  750.00000m   52.9495u 
  800.00000m   62.5829u 
  850.00000m   72.6748u 
  900.00000m   83.1577u 
  950.00000m   93.9666u 
    1.00000   105.0392u 
y
 vth0_value= 230.3509m
 u0_param=  50.2771m
 ags_param= 422.0289m
 
   *** monte carlo  index = 234 ***
x

 volt         param     
             i_d_0.9    
    0.         43.5722p 
   50.00000m  222.4865p 
  100.00000m    1.1282n 
  150.00000m    5.4784n 
  200.00000m   24.5664n 
  250.00000m   98.5089n 
  300.00000m  347.9793n 
  350.00000m    1.0541u 
  400.00000m    2.6240u 
  450.00000m    5.3459u 
  500.00000m    9.2509u 
  550.00000m   14.2209u 
  600.00000m   20.1155u 
  650.00000m   26.8161u 
  700.00000m   34.2261u 
  750.00000m   42.2626u 
  800.00000m   50.8506u 
  850.00000m   59.9204u 
  900.00000m   69.4061u 
  950.00000m   79.2450u 
    1.00000    89.3773u 
y
 vth0_value= 273.5462m
 u0_param=  48.4646m
 ags_param= 420.5908m
 
   *** monte carlo  index = 235 ***
x

 volt         param     
             i_d_0.9    
    0.         86.1002p 
   50.00000m  441.1141p 
  100.00000m    2.2097n 
  150.00000m   10.4608n 
  200.00000m   45.1052n 
  250.00000m  172.6575n 
  300.00000m  578.3902n 
  350.00000m    1.6333u 
  400.00000m    3.7604u 
  450.00000m    7.1643u 
  500.00000m   11.7973u 
  550.00000m   17.5120u 
  600.00000m   24.1645u 
  650.00000m   31.6372u 
  700.00000m   39.8327u 
  750.00000m   48.6657u 
  800.00000m   58.0582u 
  850.00000m   67.9370u 
  900.00000m   78.2332u 
  950.00000m   88.8808u 
    1.00000    99.8172u 
y
 vth0_value= 254.7689m
 u0_param=  51.3953m
 ags_param= 430.0699m
 
   *** monte carlo  index = 236 ***
x

 volt         param     
             i_d_0.9    
    0.        128.1961p 
   50.00000m  654.7674p 
  100.00000m    3.2408n 
  150.00000m   15.0088n 
  200.00000m   62.7488n 
  250.00000m  232.1002n 
  300.00000m  746.0784n 
  350.00000m    1.9972u 
  400.00000m    4.3559u 
  450.00000m    7.9459u 
  500.00000m   12.6838u 
  550.00000m   18.4264u 
  600.00000m   25.0441u 
  650.00000m   32.4314u 
  700.00000m   40.4992u 
  750.00000m   49.1681u 
  800.00000m   58.3644u 
  850.00000m   68.0187u 
  900.00000m   78.0648u 
  950.00000m   88.4396u 
    1.00000    99.0824u 
y
 vth0_value= 241.0769m
 u0_param=  48.7890m
 ags_param= 420.1106m
 
   *** monte carlo  index = 237 ***
x

 volt         param     
             i_d_0.9    
    0.        111.8335p 
   50.00000m  572.0153p 
  100.00000m    2.8441n 
  150.00000m   13.2798n 
  200.00000m   56.1444n 
  250.00000m  210.2359n 
  300.00000m  686.0361n 
  350.00000m    1.8722u 
  400.00000m    4.1616u 
  450.00000m    7.7062u 
  500.00000m   12.4332u 
  550.00000m   18.1961u 
  600.00000m   24.8597u 
  650.00000m   32.3135u 
  700.00000m   40.4654u 
  750.00000m   49.2335u 
  800.00000m   58.5421u 
  850.00000m   68.3203u 
  900.00000m   78.5007u 
  950.00000m   89.0189u 
    1.00000    99.8132u 
y
 vth0_value= 245.9579m
 u0_param=  49.9523m
 ags_param= 425.1441m
 
   *** monte carlo  index = 238 ***
x

 volt         param     
             i_d_0.9    
    0.         80.3720p 
   50.00000m  411.5914p 
  100.00000m    2.0628n 
  150.00000m    9.7765n 
  200.00000m   42.2264n 
  250.00000m  161.9700n 
  300.00000m  543.9793n 
  350.00000m    1.5414u 
  400.00000m    3.5617u 
  450.00000m    6.8068u 
  500.00000m   11.2352u 
  550.00000m   16.7075u 
  600.00000m   23.0860u 
  650.00000m   30.2580u 
  700.00000m   38.1302u 
  750.00000m   46.6206u 
  800.00000m   55.6541u 
  850.00000m   65.1604u 
  900.00000m   75.0727u 
  950.00000m   85.3273u 
    1.00000    95.8635u 
y
 vth0_value= 255.5210m
 u0_param=  49.3096m
 ags_param= 412.8569m
 
   *** monte carlo  index = 239 ***
x

 volt         param     
             i_d_0.9    
    0.         57.1958p 
   50.00000m  292.8246p 
  100.00000m    1.4790n 
  150.00000m    7.1189n 
  200.00000m   31.4755n 
  250.00000m  124.0603n 
  300.00000m  429.8342n 
  350.00000m    1.2692u 
  400.00000m    3.0675u 
  450.00000m    6.0893u 
  500.00000m   10.3340u 
  550.00000m   15.6680u 
  600.00000m   21.9461u 
  650.00000m   29.0477u 
  700.00000m   36.8741u 
  750.00000m   45.3399u 
  800.00000m   54.3678u 
  850.00000m   63.8856u 
  900.00000m   73.8252u 
  950.00000m   84.1219u 
    1.00000    94.7138u 
y
 vth0_value= 266.5460m
 u0_param=  50.4333m
 ags_param= 427.5434m
 
   *** monte carlo  index = 240 ***
x

 volt         param     
             i_d_0.9    
    0.        113.8210p 
   50.00000m  582.1941p 
  100.00000m    2.8942n 
  150.00000m   13.5080n 
  200.00000m   57.0765n 
  250.00000m  213.5851n 
  300.00000m  696.3808n 
  350.00000m    1.8983u 
  400.00000m    4.2151u 
  450.00000m    7.7982u 
  500.00000m   12.5730u 
  550.00000m   18.3914u 
  600.00000m   25.1166u 
  650.00000m   32.6376u 
  700.00000m   40.8610u 
  750.00000m   49.7042u 
  800.00000m   59.0913u 
  850.00000m   68.9504u 
  900.00000m   79.2136u 
  950.00000m   89.8164u 
    1.00000   100.6964u 
y
 vth0_value= 245.7155m
 u0_param=  50.4040m
 ags_param= 421.7552m
 
   *** monte carlo  index = 241 ***
x

 volt         param     
             i_d_0.9    
    0.        176.4432p 
   50.00000m  898.5385p 
  100.00000m    4.4076n 
  150.00000m   20.0970n 
  200.00000m   82.3017n 
  250.00000m  297.5685n 
  300.00000m  929.2853n 
  350.00000m    2.3996u 
  400.00000m    5.0564u 
  450.00000m    8.9794u 
  500.00000m   14.0617u 
  550.00000m   20.1548u 
  600.00000m   27.1293u 
  650.00000m   34.8799u 
  700.00000m   43.3168u 
  750.00000m   52.3592u 
  800.00000m   61.9319u 
  850.00000m   71.9639u 
  900.00000m   82.3876u 
  950.00000m   93.1385u 
    1.00000   104.1543u 
y
 vth0_value= 232.2986m
 u0_param=  50.1151m
 ags_param= 424.0592m
 
   *** monte carlo  index = 242 ***
x

 volt         param     
             i_d_0.9    
    0.        171.5866p 
   50.00000m  873.9376p 
  100.00000m    4.2892n 
  150.00000m   19.5754n 
  200.00000m   80.2635n 
  250.00000m  290.5989n 
  300.00000m  909.1499n 
  350.00000m    2.3528u 
  400.00000m    4.9681u 
  450.00000m    8.8369u 
  500.00000m   13.8550u 
  550.00000m   19.8757u 
  600.00000m   26.7710u 
  650.00000m   34.4365u 
  700.00000m   42.7833u 
  750.00000m   51.7315u 
  800.00000m   61.2066u 
  850.00000m   71.1381u 
  900.00000m   81.4592u 
  950.00000m   92.1058u 
    1.00000   103.0160u 
y
 vth0_value= 232.8011m
 u0_param=  49.5897m
 ags_param= 424.8740m
 
   *** monte carlo  index = 243 ***
x

 volt         param     
             i_d_0.9    
    0.        153.0852p 
   50.00000m  780.9461p 
  100.00000m    3.8487n 
  150.00000m   17.6890n 
  200.00000m   73.1993n 
  250.00000m  267.6944n 
  300.00000m  848.2262n 
  350.00000m    2.2300u 
  400.00000m    4.7791u 
  450.00000m    8.5986u 
  500.00000m   13.5904u 
  550.00000m   19.6053u 
  600.00000m   26.5112u 
  650.00000m   34.2008u 
  700.00000m   42.5829u 
  750.00000m   51.5761u 
  800.00000m   61.1047u 
  850.00000m   71.0973u 
  900.00000m   81.4863u 
  950.00000m   92.2069u 
    1.00000   103.1968u 
y
 vth0_value= 236.7101m
 u0_param=  50.3092m
 ags_param= 423.1081m
 
   *** monte carlo  index = 244 ***
x

 volt         param     
             i_d_0.9    
    0.         86.3339p 
   50.00000m  442.1578p 
  100.00000m    2.2133n 
  150.00000m   10.4643n 
  200.00000m   45.0360n 
  250.00000m  172.0389n 
  300.00000m  574.9788n 
  350.00000m    1.6188u 
  400.00000m    3.7151u 
  450.00000m    7.0599u 
  500.00000m   11.6048u 
  550.00000m   17.2061u 
  600.00000m   23.7245u 
  650.00000m   31.0456u 
  700.00000m   39.0748u 
  750.00000m   47.7291u 
  800.00000m   56.9322u 
  850.00000m   66.6126u 
  900.00000m   76.7026u 
  950.00000m   87.1377u 
    1.00000    97.8563u 
y
 vth0_value= 253.9045m
 u0_param=  50.1563m
 ags_param= 421.7072m
 
   *** monte carlo  index = 245 ***
x

 volt         param     
             i_d_0.9    
    0.         62.2822p 
   50.00000m  318.8603p 
  100.00000m    1.6066n 
  150.00000m    7.6959n 
  200.00000m   33.7750n 
  250.00000m  131.9703n 
  300.00000m  452.8069n 
  350.00000m    1.3199u 
  400.00000m    3.1448u 
  450.00000m    6.1666u 
  500.00000m   10.3721u 
  550.00000m   15.6291u 
  600.00000m   21.7986u 
  650.00000m   28.7658u 
  700.00000m   36.4361u 
  750.00000m   44.7276u 
  800.00000m   53.5652u 
  850.00000m   62.8789u 
  900.00000m   72.6025u 
  950.00000m   82.6728u 
    1.00000    93.0294u 
y
 vth0_value= 262.9646m
 u0_param=  48.8875m
 ags_param= 418.5063m
 
   *** monte carlo  index = 246 ***
x

 volt         param     
             i_d_0.9    
    0.         55.5918p 
   50.00000m  284.4719p 
  100.00000m    1.4366n 
  150.00000m    6.9138n 
  200.00000m   30.5638n 
  250.00000m  120.4510n 
  300.00000m  417.3137n 
  350.00000m    1.2322u 
  400.00000m    2.9782u 
  450.00000m    5.9123u 
  500.00000m   10.0350u 
  550.00000m   15.2175u 
  600.00000m   21.3194u 
  650.00000m   28.2242u 
  700.00000m   35.8362u 
  750.00000m   44.0728u 
  800.00000m   52.8586u 
  850.00000m   62.1236u 
  900.00000m   71.8013u 
  950.00000m   81.8285u 
    1.00000    92.1448u 
y
 vth0_value= 266.4519m
 u0_param=  48.9479m
 ags_param= 411.9126m
 
   *** monte carlo  index = 247 ***
x

 volt         param     
             i_d_0.9    
    0.        193.7126p 
   50.00000m  985.4238p 
  100.00000m    4.8202n 
  150.00000m   21.8742n 
  200.00000m   89.0343n 
  250.00000m  319.7514n 
  300.00000m  989.9132n 
  350.00000m    2.5293u 
  400.00000m    5.2775u 
  450.00000m    9.3018u 
  500.00000m   14.4887u 
  550.00000m   20.6886u 
  600.00000m   27.7721u 
  650.00000m   35.6339u 
  700.00000m   44.1839u 
  750.00000m   53.3408u 
  800.00000m   63.0289u 
  850.00000m   73.1768u 
  900.00000m   83.7164u 
  950.00000m   94.5828u 
    1.00000   105.7133u 
y
 vth0_value= 229.7465m
 u0_param=  50.5322m
 ags_param= 425.3479m
 
   *** monte carlo  index = 248 ***
x

 volt         param     
             i_d_0.9    
    0.         37.9363p 
   50.00000m  193.3283p 
  100.00000m  982.1338p 
  150.00000m    4.7908n 
  200.00000m   21.6426n 
  250.00000m   87.5897n 
  300.00000m  312.5930n 
  350.00000m  959.7506n 
  400.00000m    2.4273u 
  450.00000m    5.0166u 
  500.00000m    8.7758u 
  550.00000m   13.5946u 
  600.00000m   19.3341u 
  650.00000m   25.8758u 
  700.00000m   33.1231u 
  750.00000m   40.9938u 
  800.00000m   49.4135u 
  850.00000m   58.3132u 
  900.00000m   67.6278u 
  950.00000m   77.2953u 
    1.00000    87.2566u 
y
 vth0_value= 277.3548m
 u0_param=  47.8302m
 ags_param= 414.5832m
 
   *** monte carlo  index = 249 ***
x

 volt         param     
             i_d_0.9    
    0.         90.2808p 
   50.00000m  462.3595p 
  100.00000m    2.3124n 
  150.00000m   10.9147n 
  200.00000m   46.8602n 
  250.00000m  178.5098n 
  300.00000m  594.6279n 
  350.00000m    1.6668u 
  400.00000m    3.8079u 
  450.00000m    7.2089u 
  500.00000m   11.8169u 
  550.00000m   17.4865u 
  600.00000m   24.0771u 
  650.00000m   31.4741u 
  700.00000m   39.5823u 
  750.00000m   48.3180u 
  800.00000m   57.6046u 
  850.00000m   67.3701u 
  900.00000m   77.5462u 
  950.00000m   88.0682u 
    1.00000    98.8739u 
y
 vth0_value= 252.8065m
 u0_param=  50.5527m
 ags_param= 418.7869m
 
   *** monte carlo  index = 250 ***
x

 volt         param     
             i_d_0.9    
    0.         70.8974p 
   50.00000m  363.1018p 
  100.00000m    1.8250n 
  150.00000m    8.6981n 
  200.00000m   37.8827n 
  250.00000m  146.7033n 
  300.00000m  498.2060n 
  350.00000m    1.4325u 
  400.00000m    3.3626u 
  450.00000m    6.5108u 
  500.00000m   10.8495u 
  550.00000m   16.2416u 
  600.00000m   22.5479u 
  650.00000m   29.6536u 
  700.00000m   37.4642u 
  750.00000m   45.8973u 
  800.00000m   54.8773u 
  850.00000m   64.3337u 
  900.00000m   74.1997u 
  950.00000m   84.4115u 
    1.00000    94.9082u 
y
 vth0_value= 259.3669m
 u0_param=  49.3883m
 ags_param= 412.8232m
 
   *** monte carlo  index = 251 ***
x

 volt         param     
             i_d_0.9    
    0.        156.1776p 
   50.00000m  796.3138p 
  100.00000m    3.9198n 
  150.00000m   17.9798n 
  200.00000m   74.2083n 
  250.00000m  270.6228n 
  300.00000m  854.4962n 
  350.00000m    2.2367u 
  400.00000m    4.7737u 
  450.00000m    8.5617u 
  500.00000m   13.5025u 
  550.00000m   19.4497u 
  600.00000m   26.2742u 
  650.00000m   33.8707u 
  700.00000m   42.1501u 
  750.00000m   51.0323u 
  800.00000m   60.4427u 
  850.00000m   70.3110u 
  900.00000m   80.5705u 
  950.00000m   91.1572u 
    1.00000   102.0094u 
y
 vth0_value= 235.5836m
 u0_param=  49.5002m
 ags_param= 419.0505m
 
   *** monte carlo  index = 252 ***
x

 volt         param     
             i_d_0.9    
    0.        112.5291p 
   50.00000m  575.5168p 
  100.00000m    2.8608n 
  150.00000m   13.3508n 
  200.00000m   56.4059n 
  250.00000m  211.0570n 
  300.00000m  688.0932n 
  350.00000m    1.8756u 
  400.00000m    4.1643u 
  450.00000m    7.7042u 
  500.00000m   12.4217u 
  550.00000m   18.1712u 
  600.00000m   24.8177u 
  650.00000m   32.2517u 
  700.00000m   40.3812u 
  750.00000m   49.1247u 
  800.00000m   58.4068u 
  850.00000m   68.1568u 
  900.00000m   78.3075u 
  950.00000m   88.7947u 
    1.00000    99.5569u 
y
 vth0_value= 245.6556m
 u0_param=  49.7739m
 ags_param= 417.4712m
 
   *** monte carlo  index = 253 ***
x

 volt         param     
             i_d_0.9    
    0.         42.3634p 
   50.00000m  216.2182p 
  100.00000m    1.0966n 
  150.00000m    5.3283n 
  200.00000m   23.9169n 
  250.00000m   96.0228n 
  300.00000m  339.6744n 
  350.00000m    1.0309u 
  400.00000m    2.5718u 
  450.00000m    5.2499u 
  500.00000m    9.0987u 
  550.00000m   14.0023u 
  600.00000m   19.8222u 
  650.00000m   26.4411u 
  700.00000m   33.7633u 
  750.00000m   41.7068u 
  800.00000m   50.1975u 
  850.00000m   59.1662u 
  900.00000m   68.5479u 
  950.00000m   78.2804u 
    1.00000    88.3044u 
y
 vth0_value= 274.0416m
 u0_param=  47.9189m
 ags_param= 416.4208m
 
   *** monte carlo  index = 254 ***
x

 volt         param     
             i_d_0.9    
    0.         69.8951p 
   50.00000m  357.8482p 
  100.00000m    1.7980n 
  150.00000m    8.5647n 
  200.00000m   37.2729n 
  250.00000m  144.2215n 
  300.00000m  489.3525n 
  350.00000m    1.4055u 
  400.00000m    3.2952u 
  450.00000m    6.3743u 
  500.00000m   10.6156u 
  550.00000m   15.8859u 
  600.00000m   22.0501u 
  650.00000m   28.9969u 
  700.00000m   36.6343u 
  750.00000m   44.8820u 
  800.00000m   53.6663u 
  850.00000m   62.9184u 
  900.00000m   72.5726u 
  950.00000m   82.5668u 
    1.00000    92.8411u 
y
 vth0_value= 258.9905m
 u0_param=  48.1618m
 ags_param= 410.2289m
 
   *** monte carlo  index = 255 ***
x

 volt         param     
             i_d_0.9    
    0.        108.9027p 
   50.00000m  556.9530p 
  100.00000m    2.7696n 
  150.00000m   12.9357n 
  200.00000m   54.7141n 
  250.00000m  204.9937n 
  300.00000m  669.4273n 
  350.00000m    1.8286u 
  400.00000m    4.0688u 
  450.00000m    7.5409u 
  500.00000m   12.1746u 
  550.00000m   17.8270u 
  600.00000m   24.3658u 
  650.00000m   31.6827u 
  700.00000m   39.6875u 
  750.00000m   48.2997u 
  800.00000m   57.4451u 
  850.00000m   67.0540u 
  900.00000m   77.0600u 
  950.00000m   87.3998u 
    1.00000    98.0125u 
y
 vth0_value= 246.1392m
 u0_param=  48.9983m
 ags_param= 421.8902m
 
   *** monte carlo  index = 256 ***
x

 volt         param     
             i_d_0.9    
    0.        117.3387p 
   50.00000m  599.7514p 
  100.00000m    2.9760n 
  150.00000m   13.8456n 
  200.00000m   58.2470n 
  250.00000m  216.9309n 
  300.00000m  703.2560n 
  350.00000m    1.9031u 
  400.00000m    4.1950u 
  450.00000m    7.7170u 
  500.00000m   12.3927u 
  550.00000m   18.0792u 
  600.00000m   24.6456u 
  650.00000m   31.9853u 
  700.00000m   40.0086u 
  750.00000m   48.6356u 
  800.00000m   57.7927u 
  850.00000m   67.4101u 
  900.00000m   77.4218u 
  950.00000m   87.7647u 
    1.00000    98.3779u 
y
 vth0_value= 243.7734m
 u0_param=  48.8266m
 ags_param= 421.6471m
 
   *** monte carlo  index = 257 ***
x

 volt         param     
             i_d_0.9    
    0.        105.1260p 
   50.00000m  537.8498p 
  100.00000m    2.6781n 
  150.00000m   12.5372n 
  200.00000m   53.2002n 
  250.00000m  200.0324n 
  300.00000m  656.0278n 
  350.00000m    1.8020u 
  400.00000m    4.0318u 
  450.00000m    7.5054u 
  500.00000m   12.1553u 
  550.00000m   17.8371u 
  600.00000m   24.4159u 
  650.00000m   31.7815u 
  700.00000m   39.8422u 
  750.00000m   48.5165u 
  800.00000m   57.7292u 
  850.00000m   67.4100u 
  900.00000m   77.4916u 
  950.00000m   87.9104u 
    1.00000    98.6049u 
y
 vth0_value= 247.5728m
 u0_param=  49.5617m
 ags_param= 414.0883m
 
   *** monte carlo  index = 258 ***
x

 volt         param     
             i_d_0.9    
    0.         68.0916p 
   50.00000m  348.6967p 
  100.00000m    1.7539n 
  150.00000m    8.3721n 
  200.00000m   36.5471n 
  250.00000m  141.9115n 
  300.00000m  483.4338n 
  350.00000m    1.3958u 
  400.00000m    3.2911u 
  450.00000m    6.3965u 
  500.00000m   10.6887u 
  550.00000m   16.0323u 
  600.00000m   22.2883u 
  650.00000m   29.3423u 
  700.00000m   37.0997u 
  750.00000m   45.4785u 
  800.00000m   54.4034u 
  850.00000m   63.8040u 
  900.00000m   73.6138u 
  950.00000m   83.7693u 
    1.00000    94.2099u 
y
 vth0_value= 260.4431m
 u0_param=  49.1635m
 ags_param= 413.4701m
 
   *** monte carlo  index = 259 ***
x

 volt         param     
             i_d_0.9    
    0.         77.0118p 
   50.00000m  394.4295p 
  100.00000m    1.9790n 
  150.00000m    9.3992n 
  200.00000m   40.7246n 
  250.00000m  156.7690n 
  300.00000m  528.7069n 
  350.00000m    1.5064u 
  400.00000m    3.5011u 
  450.00000m    6.7234u 
  500.00000m   11.1365u 
  550.00000m   16.6010u 
  600.00000m   22.9782u 
  650.00000m   30.1540u 
  700.00000m   38.0342u 
  750.00000m   46.5364u 
  800.00000m   55.5851u 
  850.00000m   65.1095u 
  900.00000m   75.0426u 
  950.00000m   85.3206u 
    1.00000    95.8823u 
y
 vth0_value= 256.9643m
 u0_param=  49.5433m
 ags_param= 419.4500m
 
   *** monte carlo  index = 260 ***
x

 volt         param     
             i_d_0.9    
    0.         58.9439p 
   50.00000m  301.6508p 
  100.00000m    1.5210n 
  150.00000m    7.2973n 
  200.00000m   32.1041n 
  250.00000m  125.8079n 
  300.00000m  433.1259n 
  350.00000m    1.2682u 
  400.00000m    3.0369u 
  450.00000m    5.9809u 
  500.00000m   10.0924u 
  550.00000m   15.2430u 
  600.00000m   21.2961u 
  650.00000m   28.1384u 
  700.00000m   35.6766u 
  750.00000m   43.8299u 
  800.00000m   52.5245u 
  850.00000m   61.6913u 
  900.00000m   71.2649u 
  950.00000m   81.1831u 
    1.00000    91.3861u 
y
 vth0_value= 264.1243m
 u0_param=  48.1151m
 ags_param= 431.2129m
 
   *** monte carlo  index = 261 ***
x

 volt         param     
             i_d_0.9    
    0.         46.8049p 
   50.00000m  239.1606p 
  100.00000m    1.2111n 
  150.00000m    5.8645n 
  200.00000m   26.1770n 
  250.00000m  104.3765n 
  300.00000m  366.4088n 
  350.00000m    1.1009u 
  400.00000m    2.7143u 
  450.00000m    5.4830u 
  500.00000m    9.4281u 
  550.00000m   14.4287u 
  600.00000m   20.3459u 
  650.00000m   27.0625u 
  700.00000m   34.4833u 
  750.00000m   42.5260u 
  800.00000m   51.1161u 
  850.00000m   60.1842u 
  900.00000m   69.6647u 
  950.00000m   79.4953u 
    1.00000    89.6163u 
y
 vth0_value= 271.2178m
 u0_param=  48.2423m
 ags_param= 412.6709m
 
   *** monte carlo  index = 262 ***
x

 volt         param     
             i_d_0.9    
    0.        240.8072p 
   50.00000m    1.2215n 
  100.00000m    5.9345n 
  150.00000m   26.6284n 
  200.00000m  106.8552n 
  250.00000m  377.7614n 
  300.00000m    1.1457u 
  350.00000m    2.8565u 
  400.00000m    5.8292u 
  450.00000m   10.1016u 
  500.00000m   15.5469u 
  550.00000m   22.0123u 
  600.00000m   29.3685u 
  650.00000m   37.5094u 
  700.00000m   46.3442u 
  750.00000m   55.7902u 
  800.00000m   65.7706u 
  850.00000m   76.2126u 
  900.00000m   87.0470u 
  950.00000m   98.2077u 
    1.00000   109.6307u 
y
 vth0_value= 223.8706m
 u0_param=  51.6372m
 ags_param= 431.2339m
 
   *** monte carlo  index = 263 ***
x

 volt         param     
             i_d_0.9    
    0.         56.9542p 
   50.00000m  291.5084p 
  100.00000m    1.4717n 
  150.00000m    7.0785n 
  200.00000m   31.2605n 
  250.00000m  123.0491n 
  300.00000m  425.7272n 
  350.00000m    1.2547u 
  400.00000m    3.0264u 
  450.00000m    5.9971u 
  500.00000m   10.1651u 
  550.00000m   15.3998u 
  600.00000m   21.5597u 
  650.00000m   28.5273u 
  700.00000m   36.2063u 
  750.00000m   44.5136u 
  800.00000m   53.3731u 
  850.00000m   62.7144u 
  900.00000m   72.4704u 
  950.00000m   82.5777u 
    1.00000    92.9754u 
y
 vth0_value= 265.9746m
 u0_param=  49.3431m
 ags_param= 417.8005m
 
   *** monte carlo  index = 264 ***
x

 volt         param     
             i_d_0.9    
    0.         35.0361p 
   50.00000m  178.3641p 
  100.00000m  907.6669p 
  150.00000m    4.4448n 
  200.00000m   20.2084n 
  250.00000m   82.4493n 
  300.00000m  296.8419n 
  350.00000m  921.7615n 
  400.00000m    2.3632u 
  450.00000m    4.9452u 
  500.00000m    8.7324u 
  550.00000m   13.6160u 
  600.00000m   19.4516u 
  650.00000m   26.1150u 
  700.00000m   33.5054u 
  750.00000m   41.5371u 
  800.00000m   50.1334u 
  850.00000m   59.2231u 
  900.00000m   68.7393u 
  950.00000m   78.6185u 
    1.00000    88.8001u 
y
 vth0_value= 280.7590m
 u0_param=  49.2997m
 ags_param= 418.3452m
 
   *** monte carlo  index = 265 ***
x

 volt         param     
             i_d_0.9    
    0.        256.9522p 
   50.00000m    1.3022n 
  100.00000m    6.3122n 
  150.00000m   28.2223n 
  200.00000m  112.7531n 
  250.00000m  396.6588n 
  300.00000m    1.1953u 
  350.00000m    2.9576u 
  400.00000m    5.9949u 
  450.00000m   10.3359u 
  500.00000m   15.8502u 
  550.00000m   22.3843u 
  600.00000m   29.8090u 
  650.00000m   38.0186u 
  700.00000m   46.9216u 
  750.00000m   56.4356u 
  800.00000m   66.4831u 
  850.00000m   76.9911u 
  900.00000m   87.8903u 
  950.00000m   99.1142u 
    1.00000   110.5987u 
y
 vth0_value= 222.0618m
 u0_param=  51.8820m
 ags_param= 409.4942m
 
   *** monte carlo  index = 266 ***
x

 volt         param     
             i_d_0.9    
    0.         60.7871p 
   50.00000m  311.1797p 
  100.00000m    1.5687n 
  150.00000m    7.5217n 
  200.00000m   33.0611n 
  250.00000m  129.4137n 
  300.00000m  444.9453n 
  350.00000m    1.3005u 
  400.00000m    3.1079u 
  450.00000m    6.1099u 
  500.00000m   10.2960u 
  550.00000m   15.5348u 
  600.00000m   21.6870u 
  650.00000m   28.6375u 
  700.00000m   36.2915u 
  750.00000m   44.5670u 
  800.00000m   53.3888u 
  850.00000m   62.6870u 
  900.00000m   72.3953u 
  950.00000m   82.4506u 
    1.00000    92.7924u 
y
 vth0_value= 263.6958m
 u0_param=  48.8791m
 ags_param= 411.0077m
 
   *** monte carlo  index = 267 ***
x

 volt         param     
             i_d_0.9    
    0.        106.8222p 
   50.00000m  546.4545p 
  100.00000m    2.7196n 
  150.00000m   12.7198n 
  200.00000m   53.9062n 
  250.00000m  202.4012n 
  300.00000m  662.6698n 
  350.00000m    1.8162u 
  400.00000m    4.0547u 
  450.00000m    7.5347u 
  500.00000m   12.1874u 
  550.00000m   17.8687u 
  600.00000m   24.4443u 
  650.00000m   31.8048u 
  700.00000m   39.8587u 
  750.00000m   48.5247u 
  800.00000m   57.7281u 
  850.00000m   67.3984u 
  900.00000m   77.4688u 
  950.00000m   87.8755u 
    1.00000    98.5574u 
y
 vth0_value= 247.0078m
 u0_param=  49.4359m
 ags_param= 420.9430m
 
   *** monte carlo  index = 268 ***
x

 volt         param     
             i_d_0.9    
    0.         27.0718p 
   50.00000m  136.9981p 
  100.00000m  698.8971p 
  150.00000m    3.4475n 
  200.00000m   15.8720n 
  250.00000m   65.8307n 
  300.00000m  241.3500n 
  350.00000m  767.0780n 
  400.00000m    2.0239u 
  450.00000m    4.3512u 
  500.00000m    7.8464u 
  550.00000m   12.4186u 
  600.00000m   17.9290u 
  650.00000m   24.2545u 
  700.00000m   31.2955u 
  750.00000m   38.9677u 
  800.00000m   47.1963u 
  850.00000m   55.9120u 
  900.00000m   65.0496u 
  950.00000m   74.5473u 
    1.00000    84.3461u 
y
 vth0_value= 287.6745m
 u0_param=  47.7480m
 ags_param= 402.1394m
 
   *** monte carlo  index = 269 ***
x

 volt         param     
             i_d_0.9    
    0.        171.8808p 
   50.00000m  876.0219p 
  100.00000m    4.3049n 
  150.00000m   19.6872n 
  200.00000m   80.9332n 
  250.00000m  293.8238n 
  300.00000m  922.3553n 
  350.00000m    2.3969u 
  400.00000m    5.0805u 
  450.00000m    9.0625u 
  500.00000m   14.2353u 
  550.00000m   20.4457u 
  600.00000m   27.5594u 
  650.00000m   35.4675u 
  700.00000m   44.0772u 
  750.00000m   53.3055u 
  800.00000m   63.0753u 
  850.00000m   73.3138u 
  900.00000m   83.9521u 
  950.00000m   94.9243u 
    1.00000   106.1670u 
y
 vth0_value= 233.9404m
 u0_param=  51.4554m
 ags_param= 423.8244m
 
   *** monte carlo  index = 270 ***
x

 volt         param     
             i_d_0.9    
    0.        362.0988p 
   50.00000m    1.8226n 
  100.00000m    8.7100n 
  150.00000m   38.0889n 
  200.00000m  148.2051n 
  250.00000m  506.1301n 
  300.00000m    1.4665u 
  350.00000m    3.4718u 
  400.00000m    6.7731u 
  450.00000m   11.3521u 
  500.00000m   17.0678u 
  550.00000m   23.7727u 
  600.00000m   31.3448u 
  650.00000m   39.6831u 
  700.00000m   48.6994u 
  750.00000m   58.3129u 
  800.00000m   68.4473u 
  850.00000m   79.0308u 
  900.00000m   89.9944u 
  950.00000m  101.2723u 
    1.00000   112.8005u 
y
 vth0_value= 211.2678m
 u0_param=  51.2289m
 ags_param= 439.9546m
 
   *** monte carlo  index = 271 ***
x

 volt         param     
             i_d_0.9    
    0.        118.0032p 
   50.00000m  603.1952p 
  100.00000m    2.9933n 
  150.00000m   13.9278n 
  200.00000m   58.6017n 
  250.00000m  218.2838n 
  300.00000m  707.7550n 
  350.00000m    1.9156u 
  400.00000m    4.2235u 
  450.00000m    7.7706u 
  500.00000m   12.4799u 
  550.00000m   18.2073u 
  600.00000m   24.8207u 
  650.00000m   32.2127u 
  700.00000m   40.2929u 
  750.00000m   48.9808u 
  800.00000m   58.2022u 
  850.00000m   67.8870u 
  900.00000m   77.9687u 
  950.00000m   88.3837u 
    1.00000    99.0709u 
y
 vth0_value= 243.8446m
 u0_param=  49.1942m
 ags_param= 436.1958m
 
   *** monte carlo  index = 272 ***
x

 volt         param     
             i_d_0.9    
    0.        143.8593p 
   50.00000m  734.3944p 
  100.00000m    3.6265n 
  150.00000m   16.7255n 
  200.00000m   69.5321n 
  250.00000m  255.5702n 
  300.00000m  814.9720n 
  350.00000m    2.1597u 
  400.00000m    4.6639u 
  450.00000m    8.4414u 
  500.00000m   13.3983u 
  550.00000m   19.3853u 
  600.00000m   26.2688u 
  650.00000m   33.9403u 
  700.00000m   42.3082u 
  750.00000m   51.2906u 
  800.00000m   60.8114u 
  850.00000m   70.7992u 
  900.00000m   81.1861u 
  950.00000m   91.9071u 
    1.00000   102.8999u 
y
 vth0_value= 238.6779m
 u0_param=  50.4527m
 ags_param= 432.0521m
 
   *** monte carlo  index = 273 ***
x

 volt         param     
             i_d_0.9    
    0.        134.4490p 
   50.00000m  686.6187p 
  100.00000m    3.3957n 
  150.00000m   15.7029n 
  200.00000m   65.5175n 
  250.00000m  241.7875n 
  300.00000m  774.9629n 
  350.00000m    2.0669u 
  400.00000m    4.4917u 
  450.00000m    8.1699u 
  500.00000m   13.0139u 
  550.00000m   18.8773u 
  600.00000m   25.6281u 
  650.00000m   33.1592u 
  700.00000m   41.3799u 
  750.00000m   50.2096u 
  800.00000m   59.5733u 
  850.00000m   69.4005u 
  900.00000m   79.6241u 
  950.00000m   90.1800u 
    1.00000   101.0065u 
y
 vth0_value= 240.2172m
 u0_param=  49.6716m
 ags_param= 434.7855m
 
   *** monte carlo  index = 274 ***
x

 volt         param     
             i_d_0.9    
    0.         51.9419p 
   50.00000m  265.6638p 
  100.00000m    1.3431n 
  150.00000m    6.4799n 
  200.00000m   28.7557n 
  250.00000m  113.8498n 
  300.00000m  396.5049n 
  350.00000m    1.1789u 
  400.00000m    2.8717u 
  450.00000m    5.7399u 
  500.00000m    9.7920u 
  550.00000m   14.9022u 
  600.00000m   20.9307u 
  650.00000m   27.7608u 
  700.00000m   35.2970u 
  750.00000m   43.4567u 
  800.00000m   52.1651u 
  850.00000m   61.3523u 
  900.00000m   70.9522u 
  950.00000m   80.9020u 
    1.00000    91.1415u 
y
 vth0_value= 268.3281m
 u0_param=  48.6636m
 ags_param= 415.6295m
 
   *** monte carlo  index = 275 ***
x

 volt         param     
             i_d_0.9    
    0.         77.7904p 
   50.00000m  398.3558p 
  100.00000m    1.9977n 
  150.00000m    9.4788n 
  200.00000m   41.0121n 
  250.00000m  157.6271n 
  300.00000m  530.6452n 
  350.00000m    1.5083u 
  400.00000m    3.4968u 
  450.00000m    6.7013u 
  500.00000m   11.0835u 
  550.00000m   16.5054u 
  600.00000m   22.8302u 
  650.00000m   29.9454u 
  700.00000m   37.7582u 
  750.00000m   46.1870u 
  800.00000m   55.1571u 
  850.00000m   64.5985u 
  900.00000m   74.4446u 
  950.00000m   84.6324u 
    1.00000    95.1011u 
y
 vth0_value= 256.3144m
 u0_param=  49.0127m
 ags_param= 409.2211m
 
   *** monte carlo  index = 276 ***
x

 volt         param     
             i_d_0.9    
    0.        128.7900p 
   50.00000m  657.9537p 
  100.00000m    3.2578n 
  150.00000m   15.0975n 
  200.00000m   63.1739n 
  250.00000m  233.8807n 
  300.00000m  752.5935n 
  350.00000m    2.0173u 
  400.00000m    4.4054u 
  450.00000m    8.0439u 
  500.00000m   12.8483u 
  550.00000m   18.6726u 
  600.00000m   25.3845u 
  650.00000m   32.8765u 
  700.00000m   41.0580u 
  750.00000m   49.8480u 
  800.00000m   59.1719u 
  850.00000m   68.9590u 
  900.00000m   79.1425u 
  950.00000m   89.6583u 
    1.00000   100.4449u 
y
 vth0_value= 241.4610m
 u0_param=  49.5882m
 ags_param= 418.4205m
 
   *** monte carlo  index = 277 ***
x

 volt         param     
             i_d_0.9    
    0.         36.4333p 
   50.00000m  185.6045p 
  100.00000m  944.0392p 
  150.00000m    4.6170n 
  200.00000m   20.9466n 
  250.00000m   85.2271n 
  300.00000m  305.9179n 
  350.00000m  946.2373n 
  400.00000m    2.4145u 
  450.00000m    5.0304u 
  500.00000m    8.8533u 
  550.00000m   13.7717u 
  600.00000m   19.6411u 
  650.00000m   26.3375u 
  700.00000m   33.7603u 
  750.00000m   41.8240u 
  800.00000m   50.4516u 
  850.00000m   59.5720u 
  900.00000m   69.1182u 
  950.00000m   79.0264u 
    1.00000    89.2361u 
y
 vth0_value= 279.6162m
 u0_param=  49.3851m
 ags_param= 409.4728m
 
   *** monte carlo  index = 278 ***
x

 volt         param     
             i_d_0.9    
    0.        118.1578p 
   50.00000m  604.1125p 
  100.00000m    2.9991n 
  150.00000m   13.9636n 
  200.00000m   58.8045n 
  250.00000m  219.2434n 
  300.00000m  711.6430n 
  350.00000m    1.9288u 
  400.00000m    4.2584u 
  450.00000m    7.8427u 
  500.00000m   12.6042u 
  550.00000m   18.3962u 
  600.00000m   25.0843u 
  650.00000m   32.5593u 
  700.00000m   40.7292u 
  750.00000m   49.5126u 
  800.00000m   58.8340u 
  850.00000m   68.6226u 
  900.00000m   78.8110u 
  950.00000m   89.3351u 
    1.00000   100.1331u 
y
 vth0_value= 244.2435m
 u0_param=  49.8688m
 ags_param= 413.6858m
 
   *** monte carlo  index = 279 ***
x

 volt         param     
             i_d_0.9    
    0.        134.9820p 
   50.00000m  689.1433p 
  100.00000m    3.4061n 
  150.00000m   15.7353n 
  200.00000m   65.5643n 
  250.00000m  241.6145n 
  300.00000m  773.0608n 
  350.00000m    2.0573u 
  400.00000m    4.4614u 
  450.00000m    8.1017u 
  500.00000m   12.8911u 
  550.00000m   18.6854u 
  600.00000m   25.3554u 
  650.00000m   32.7957u 
  700.00000m   40.9173u 
  750.00000m   49.6406u 
  800.00000m   58.8918u 
  850.00000m   68.6012u 
  900.00000m   78.7026u 
  950.00000m   89.1326u 
    1.00000    99.8302u 
y
 vth0_value= 239.6266m
 u0_param=  48.9508m
 ags_param= 430.5175m
 
   *** monte carlo  index = 280 ***
x

 volt         param     
             i_d_0.9    
    0.        171.6614p 
   50.00000m  874.6884p 
  100.00000m    4.2963n 
  150.00000m   19.6336n 
  200.00000m   80.6359n 
  250.00000m  292.4533n 
  300.00000m  916.9198n 
  350.00000m    2.3791u 
  400.00000m    5.0358u 
  450.00000m    8.9734u 
  500.00000m   14.0855u 
  550.00000m   20.2213u 
  600.00000m   27.2490u 
  650.00000m   35.0613u 
  700.00000m   43.5669u 
  750.00000m   52.6840u 
  800.00000m   62.3365u 
  850.00000m   72.4524u 
  900.00000m   82.9637u 
  950.00000m   93.8051u 
    1.00000   104.9139u 
y
 vth0_value= 233.5253m
 u0_param=  50.7360m
 ags_param= 410.4171m
 
   *** monte carlo  index = 281 ***
x

 volt         param     
             i_d_0.9    
    0.         63.1759p 
   50.00000m  323.4179p 
  100.00000m    1.6288n 
  150.00000m    7.7946n 
  200.00000m   34.1592n 
  250.00000m  133.2482n 
  300.00000m  456.3303n 
  350.00000m    1.3269u 
  400.00000m    3.1526u 
  450.00000m    6.1677u 
  500.00000m   10.3562u 
  550.00000m   15.5868u 
  600.00000m   21.7218u 
  650.00000m   28.6478u 
  700.00000m   36.2711u 
  750.00000m   44.5104u 
  800.00000m   53.2913u 
  850.00000m   62.5444u 
  900.00000m   72.2038u 
  950.00000m   82.2068u 
    1.00000    92.4934u 
y
 vth0_value= 262.2759m
 u0_param=  48.4979m
 ags_param= 398.9335m
 
   *** monte carlo  index = 282 ***
x

 volt         param     
             i_d_0.9    
    0.        148.1535p 
   50.00000m  755.9394p 
  100.00000m    3.7281n 
  150.00000m   17.1568n 
  200.00000m   71.1183n 
  250.00000m  260.5787n 
  300.00000m  827.6845n 
  350.00000m    2.1826u 
  400.00000m    4.6912u 
  450.00000m    8.4598u 
  500.00000m   13.3932u 
  550.00000m   19.3438u 
  600.00000m   26.1804u 
  650.00000m   33.7962u 
  700.00000m   42.1010u 
  750.00000m   51.0137u 
  800.00000m   60.4594u 
  850.00000m   70.3672u 
  900.00000m   80.6697u 
  950.00000m   91.3028u 
    1.00000   102.2045u 
y
 vth0_value= 237.4284m
 u0_param=  49.8895m
 ags_param= 423.9095m
 
   *** monte carlo  index = 283 ***
x

 volt         param     
             i_d_0.9    
    0.        173.2732p 
   50.00000m  882.7814p 
  100.00000m    4.3346n 
  150.00000m   19.7970n 
  200.00000m   81.2460n 
  250.00000m  294.4259n 
  300.00000m  922.1485n 
  350.00000m    2.3897u 
  400.00000m    5.0521u 
  450.00000m    8.9943u 
  500.00000m   14.1095u 
  550.00000m   20.2470u 
  600.00000m   27.2755u 
  650.00000m   35.0879u 
  700.00000m   43.5933u 
  750.00000m   52.7097u 
  800.00000m   62.3613u 
  850.00000m   72.4762u 
  900.00000m   82.9863u 
  950.00000m   93.8265u 
    1.00000   104.9341u 
y
 vth0_value= 233.2071m
 u0_param=  50.6793m
 ags_param= 421.4498m
 
   *** monte carlo  index = 284 ***
x

 volt         param     
             i_d_0.9    
    0.        107.3272p 
   50.00000m  549.1638p 
  100.00000m    2.7341n 
  150.00000m   12.7958n 
  200.00000m   54.2752n 
  250.00000m  203.9726n 
  300.00000m  668.5132n 
  350.00000m    1.8347u 
  400.00000m    4.1014u 
  450.00000m    7.6293u 
  500.00000m   12.3488u 
  550.00000m   18.1130u 
  600.00000m   24.7846u 
  650.00000m   32.2522u 
  700.00000m   40.4224u 
  750.00000m   49.2127u 
  800.00000m   58.5469u 
  850.00000m   68.3537u 
  900.00000m   78.5652u 
  950.00000m   89.1168u 
    1.00000    99.9465u 
y
 vth0_value= 247.4026m
 u0_param=  50.2688m
 ags_param= 418.3877m
 
   *** monte carlo  index = 285 ***
x

 volt         param     
             i_d_0.9    
    0.         95.2937p 
   50.00000m  487.9380p 
  100.00000m    2.4372n 
  150.00000m   11.4751n 
  200.00000m   49.0907n 
  250.00000m  186.2563n 
  300.00000m  617.4699n 
  350.00000m    1.7200u 
  400.00000m    3.9039u 
  450.00000m    7.3516u 
  500.00000m   12.0046u 
  550.00000m   17.7164u 
  600.00000m   24.3470u 
  650.00000m   31.7825u 
  700.00000m   39.9279u 
  750.00000m   48.6997u 
  800.00000m   58.0211u 
  850.00000m   67.8202u 
  900.00000m   78.0287u 
  950.00000m   88.5819u 
    1.00000    99.4173u 
y
 vth0_value= 251.2041m
 u0_param=  50.5998m
 ags_param= 414.9710m
 
   *** monte carlo  index = 286 ***
x

 volt         param     
             i_d_0.9    
    0.        217.8434p 
   50.00000m    1.1065n 
  100.00000m    5.3925n 
  150.00000m   24.3213n 
  200.00000m   98.2258n 
  250.00000m  349.7383n 
  300.00000m    1.0707u 
  350.00000m    2.6991u 
  400.00000m    5.5631u 
  450.00000m    9.7137u 
  500.00000m   15.0303u 
  550.00000m   21.3616u 
  600.00000m   28.5788u 
  650.00000m   36.5763u 
  700.00000m   45.2639u 
  750.00000m   54.5597u 
  800.00000m   64.3875u 
  850.00000m   74.6753u 
  900.00000m   85.3546u 
  950.00000m   96.3598u 
    1.00000   107.6277u 
y
 vth0_value= 226.5121m
 u0_param=  51.0224m
 ags_param= 425.2760m
 
   *** monte carlo  index = 287 ***
x

 volt         param     
             i_d_0.9    
    0.         91.1449p 
   50.00000m  466.5310p 
  100.00000m    2.3304n 
  150.00000m   10.9756n 
  200.00000m   46.9755n 
  250.00000m  178.3421n 
  300.00000m  591.7542n 
  350.00000m    1.6503u 
  400.00000m    3.7505u 
  450.00000m    7.0707u 
  500.00000m   11.5569u 
  550.00000m   17.0690u 
  600.00000m   23.4729u 
  650.00000m   30.6589u 
  700.00000m   38.5358u 
  750.00000m   47.0229u 
  800.00000m   56.0463u 
  850.00000m   65.5361u 
  900.00000m   75.4263u 
  950.00000m   85.6538u 
    1.00000    96.1581u 
y
 vth0_value= 251.3841m
 u0_param=  48.7982m
 ags_param= 425.9758m
 
   *** monte carlo  index = 288 ***
x

 volt         param     
             i_d_0.9    
    0.        182.8465p 
   50.00000m  930.8801p 
  100.00000m    4.5624n 
  150.00000m   20.7724n 
  200.00000m   84.9065n 
  250.00000m  306.3391n 
  300.00000m  954.0590n 
  350.00000m    2.4553u 
  400.00000m    5.1577u 
  450.00000m    9.1370u 
  500.00000m   14.2834u 
  550.00000m   20.4469u 
  600.00000m   27.4972u 
  650.00000m   35.3280u 
  700.00000m   43.8490u 
  750.00000m   52.9787u 
  800.00000m   62.6413u 
  850.00000m   72.7652u 
  900.00000m   83.2824u 
  950.00000m   94.1278u 
    1.00000   105.2388u 
y
 vth0_value= 231.5124m
 u0_param=  50.5677m
 ags_param= 422.4997m
 
   *** monte carlo  index = 289 ***
x

 volt         param     
             i_d_0.9    
    0.         51.6295p 
   50.00000m  264.0512p 
  100.00000m    1.3351n 
  150.00000m    6.4423n 
  200.00000m   28.5974n 
  250.00000m  113.2639n 
  300.00000m  394.6240n 
  350.00000m    1.1739u 
  400.00000m    2.8614u 
  450.00000m    5.7223u 
  500.00000m    9.7657u 
  550.00000m   14.8662u 
  600.00000m   20.8842u 
  650.00000m   27.7029u 
  700.00000m   35.2269u 
  750.00000m   43.3737u 
  800.00000m   52.0686u 
  850.00000m   61.2417u 
  900.00000m   70.8270u 
  950.00000m   80.7617u 
    1.00000    90.9858u 
y
 vth0_value= 268.4743m
 u0_param=  48.6071m
 ags_param= 407.8212m
 
   *** monte carlo  index = 290 ***
x

 volt         param     
             i_d_0.9    
    0.         91.9287p 
   50.00000m  470.5291p 
  100.00000m    2.3499n 
  150.00000m   11.0631n 
  200.00000m   47.3230n 
  250.00000m  179.5472n 
  300.00000m  595.2986n 
  350.00000m    1.6585u 
  400.00000m    3.7653u 
  450.00000m    7.0926u 
  500.00000m   11.5853u 
  550.00000m   17.1035u 
  600.00000m   23.5128u 
  650.00000m   30.7037u 
  700.00000m   38.5850u 
  750.00000m   47.0761u 
  800.00000m   56.1028u 
  850.00000m   65.5954u 
  900.00000m   75.4879u 
  950.00000m   85.7172u 
    1.00000    96.2226u 
y
 vth0_value= 251.1319m
 u0_param=  48.8082m
 ags_param= 415.7432m
 
   *** monte carlo  index = 291 ***
x

 volt         param     
             i_d_0.9    
    0.        124.0536p 
   50.00000m  633.9310p 
  100.00000m    3.1420n 
  150.00000m   14.5868n 
  200.00000m   61.1856n 
  250.00000m  227.1306n 
  300.00000m  733.3246n 
  350.00000m    1.9741u 
  400.00000m    4.3291u 
  450.00000m    7.9309u 
  500.00000m   12.6980u 
  550.00000m   18.4852u 
  600.00000m   25.1601u 
  650.00000m   32.6150u 
  700.00000m   40.7593u 
  750.00000m   49.5122u 
  800.00000m   58.7992u 
  850.00000m   68.5499u 
  900.00000m   78.6973u 
  950.00000m   89.1777u 
    1.00000    99.9297u 
y
 vth0_value= 242.5123m
 u0_param=  49.4655m
 ags_param= 425.3876m
 
   *** monte carlo  index = 292 ***
x

 volt         param     
             i_d_0.9    
    0.         72.8104p 
   50.00000m  372.9937p 
  100.00000m    1.8745n 
  150.00000m    8.9315n 
  200.00000m   38.8812n 
  250.00000m  150.4818n 
  300.00000m  510.6537n 
  350.00000m    1.4668u 
  400.00000m    3.4392u 
  450.00000m    6.6527u 
  500.00000m   11.0772u 
  550.00000m   16.5724u 
  600.00000m   22.9958u 
  650.00000m   30.2306u 
  700.00000m   38.1803u 
  750.00000m   46.7609u 
  800.00000m   55.8955u 
  850.00000m   65.5124u 
  900.00000m   75.5435u 
  950.00000m   85.9244u 
    1.00000    96.5932u 
y
 vth0_value= 259.1606m
 u0_param=  50.3204m
 ags_param= 408.6733m
 
   *** monte carlo  index = 293 ***
x

 volt         param     
             i_d_0.9    
    0.        160.8568p 
   50.00000m  820.3106p 
  100.00000m    4.0380n 
  150.00000m   18.5221n 
  200.00000m   76.4423n 
  250.00000m  278.7257n 
  300.00000m  879.8319n 
  350.00000m    2.3021u 
  400.00000m    4.9115u 
  450.00000m    8.8056u 
  500.00000m   13.8820u 
  550.00000m   19.9894u 
  600.00000m   26.9946u 
  650.00000m   34.7892u 
  700.00000m   43.2813u 
  750.00000m   52.3884u 
  800.00000m   62.0342u 
  850.00000m   72.1467u 
  900.00000m   82.6575u 
  950.00000m   93.5011u 
    1.00000   104.6149u 
y
 vth0_value= 235.5874m
 u0_param=  50.8933m
 ags_param= 421.2812m
 
   *** monte carlo  index = 294 ***
x

 volt         param     
             i_d_0.9    
    0.        117.7403p 
   50.00000m  602.1191p 
  100.00000m    2.9907n 
  150.00000m   13.9366n 
  200.00000m   58.7602n 
  250.00000m  219.3560n 
  300.00000m  713.0831n 
  350.00000m    1.9365u 
  400.00000m    4.2834u 
  450.00000m    7.9004u 
  500.00000m   12.7098u 
  550.00000m   18.5627u 
  600.00000m   25.3225u 
  650.00000m   32.8780u 
  700.00000m   41.1360u 
  750.00000m   50.0139u 
  800.00000m   59.4353u 
  850.00000m   69.3284u 
  900.00000m   79.6252u 
  950.00000m   90.2610u 
    1.00000   101.1732u 
y
 vth0_value= 244.7697m
 u0_param=  50.5233m
 ags_param= 414.3677m
 
   *** monte carlo  index = 295 ***
x

 volt         param     
             i_d_0.9    
    0.         36.7546p 
   50.00000m  187.2375p 
  100.00000m  951.8924p 
  150.00000m    4.6509n 
  200.00000m   21.0671n 
  250.00000m   85.5484n 
  300.00000m  306.4257n 
  350.00000m  945.2664n 
  400.00000m    2.4042u 
  450.00000m    4.9944u 
  500.00000m    8.7707u 
  550.00000m   13.6231u 
  600.00000m   19.4101u 
  650.00000m   26.0106u 
  700.00000m   33.3262u 
  750.00000m   41.2731u 
  800.00000m   49.7758u 
  850.00000m   58.7644u 
  900.00000m   68.1728u 
  950.00000m   77.9384u 
    1.00000    88.0013u 
y
 vth0_value= 278.7731m
 u0_param=  48.5066m
 ags_param= 410.0548m
 
   *** monte carlo  index = 296 ***
x

 volt         param     
             i_d_0.9    
    0.         44.6809p 
   50.00000m  228.1679p 
  100.00000m    1.1560n 
  150.00000m    5.6044n 
  200.00000m   25.0646n 
  250.00000m  100.1818n 
  300.00000m  352.6438n 
  350.00000m    1.0634u 
  400.00000m    2.6328u 
  450.00000m    5.3384u 
  500.00000m    9.2056u 
  550.00000m   14.1171u 
  600.00000m   19.9358u 
  650.00000m   26.5461u 
  700.00000m   33.8537u 
  750.00000m   41.7775u 
  800.00000m   50.2438u 
  850.00000m   59.1842u 
  900.00000m   68.5338u 
  950.00000m   78.2309u 
    1.00000    88.2167u 
y
 vth0_value= 272.1904m
 u0_param=  47.5814m
 ags_param= 411.6229m
 
   *** monte carlo  index = 297 ***
x

 volt         param     
             i_d_0.9    
    0.         26.2652p 
   50.00000m  132.8030p 
  100.00000m  677.6684p 
  150.00000m    3.3456n 
  200.00000m   15.4255n 
  250.00000m   64.1048n 
  300.00000m  235.5346n 
  350.00000m  750.6576n 
  400.00000m    1.9874u 
  450.00000m    4.2871u 
  500.00000m    7.7508u 
  550.00000m   12.2904u 
  600.00000m   17.7673u 
  650.00000m   24.0586u 
  700.00000m   31.0646u 
  750.00000m   38.7015u 
  800.00000m   46.8944u 
  850.00000m   55.5742u 
  900.00000m   64.6759u 
  950.00000m   74.1379u 
    1.00000    83.9012u 
y
 vth0_value= 288.5131m
 u0_param=  47.6030m
 ags_param= 408.6142m
 
   *** monte carlo  index = 298 ***
x

 volt         param     
             i_d_0.9    
    0.         91.9245p 
   50.00000m  470.7980p 
  100.00000m    2.3541n 
  150.00000m   11.1061n 
  200.00000m   47.6493n 
  250.00000m  181.3712n 
  300.00000m  603.5727n 
  350.00000m    1.6897u 
  400.00000m    3.8550u 
  450.00000m    7.2901u 
  500.00000m   11.9401u 
  550.00000m   17.6581u 
  600.00000m   24.3026u 
  650.00000m   31.7581u 
  700.00000m   39.9287u 
  750.00000m   48.7303u 
  800.00000m   58.0855u 
  850.00000m   67.9218u 
  900.00000m   78.1708u 
  950.00000m   88.7672u 
    1.00000    99.6484u 
y
 vth0_value= 252.5015m
 u0_param=  50.9325m
 ags_param= 422.6733m
 
   *** monte carlo  index = 299 ***
x

 volt         param     
             i_d_0.9    
    0.         55.9175p 
   50.00000m  286.0938p 
  100.00000m    1.4441n 
  150.00000m    6.9433n 
  200.00000m   30.6500n 
  250.00000m  120.5892n 
  300.00000m  417.0332n 
  350.00000m    1.2284u 
  400.00000m    2.9612u 
  450.00000m    5.8653u 
  500.00000m    9.9390u 
  550.00000m   15.0555u 
  600.00000m   21.0775u 
  650.00000m   27.8907u 
  700.00000m   35.4014u 
  750.00000m   43.5284u 
  800.00000m   52.1978u 
  850.00000m   61.3403u 
  900.00000m   70.8906u 
  950.00000m   80.7864u 
    1.00000    90.9678u 
y
 vth0_value= 265.7483m
 u0_param=  48.1514m
 ags_param= 416.4440m
 
   *** monte carlo  index = 300 ***
x

 volt         param     
             i_d_0.9    
    0.         80.6806p 
   50.00000m  413.1166p 
  100.00000m    2.0698n 
  150.00000m    9.8034n 
  200.00000m   42.3048n 
  250.00000m  162.1105n 
  300.00000m  543.8412n 
  350.00000m    1.5387u 
  400.00000m    3.5501u 
  450.00000m    6.7762u 
  500.00000m   11.1749u 
  550.00000m   16.6083u 
  600.00000m   22.9402u 
  650.00000m   30.0594u 
  700.00000m   37.8735u 
  750.00000m   46.3014u 
  800.00000m   55.2688u 
  850.00000m   64.7058u 
  900.00000m   74.5461u 
  950.00000m   84.7268u 
    1.00000    95.1872u 
y
 vth0_value= 255.1082m
 u0_param=  48.8559m
 ags_param= 418.9915m
 
   *** monte carlo  index = 301 ***
x

 volt         param     
             i_d_0.9    
    0.        101.8796p 
   50.00000m  521.4024p 
  100.00000m    2.5990n 
  150.00000m   12.1910n 
  200.00000m   51.8750n 
  250.00000m  195.6489n 
  300.00000m  644.0129n 
  350.00000m    1.7774u 
  400.00000m    3.9961u 
  450.00000m    7.4678u 
  500.00000m   12.1276u 
  550.00000m   17.8302u 
  600.00000m   24.4386u 
  650.00000m   31.8412u 
  700.00000m   39.9449u 
  750.00000m   48.6674u 
  800.00000m   57.9329u 
  850.00000m   67.6704u 
  900.00000m   77.8121u 
  950.00000m   88.2940u 
    1.00000    99.0542u 
y
 vth0_value= 248.8072m
 u0_param=  50.0064m
 ags_param= 415.4050m
 
   *** monte carlo  index = 302 ***
x

 volt         param     
             i_d_0.9    
    0.         69.3029p 
   50.00000m  354.9377p 
  100.00000m    1.7850n 
  150.00000m    8.5163n 
  200.00000m   37.1511n 
  250.00000m  144.1395n 
  300.00000m  490.5522n 
  350.00000m    1.4146u 
  400.00000m    3.3306u 
  450.00000m    6.4657u 
  500.00000m   10.7947u 
  550.00000m   16.1810u 
  600.00000m   22.4846u 
  650.00000m   29.5902u 
  700.00000m   37.4031u 
  750.00000m   45.8403u 
  800.00000m   54.8263u 
  850.00000m   64.2902u 
  900.00000m   74.1652u 
  950.00000m   84.3874u 
    1.00000    94.8958u 
y
 vth0_value= 260.1239m
 u0_param=  49.4936m
 ags_param= 420.0403m
 
   *** monte carlo  index = 303 ***
x

 volt         param     
             i_d_0.9    
    0.         88.3699p 
   50.00000m  452.4257p 
  100.00000m    2.2622n 
  150.00000m   10.6735n 
  200.00000m   45.8016n 
  250.00000m  174.3925n 
  300.00000m  580.6377n 
  350.00000m    1.6266u 
  400.00000m    3.7138u 
  450.00000m    7.0280u 
  500.00000m   11.5180u 
  550.00000m   17.0432u 
  600.00000m   23.4676u 
  650.00000m   30.6802u 
  700.00000m   38.5886u 
  750.00000m   47.1115u 
  800.00000m   56.1742u 
  850.00000m   65.7066u 
  900.00000m   75.6419u 
  950.00000m   85.9169u 
    1.00000    96.4706u 
y
 vth0_value= 252.5614m
 u0_param=  49.1686m
 ags_param= 418.5817m
 
   *** monte carlo  index = 304 ***
x

 volt         param     
             i_d_0.9    
    0.         59.1860p 
   50.00000m  302.9782p 
  100.00000m    1.5284n 
  150.00000m    7.3390n 
  200.00000m   32.3284n 
  250.00000m  126.8686n 
  300.00000m  437.4475n 
  350.00000m    1.2835u 
  400.00000m    3.0801u 
  450.00000m    6.0771u 
  500.00000m   10.2678u 
  550.00000m   15.5206u 
  600.00000m   21.6947u 
  650.00000m   28.6737u 
  700.00000m   36.3618u 
  750.00000m   44.6760u 
  800.00000m   53.5407u 
  850.00000m   62.8855u 
  900.00000m   72.6436u 
  950.00000m   82.7516u 
    1.00000    93.1487u 
y
 vth0_value= 264.7412m
 u0_param=  49.2398m
 ags_param= 420.2120m
 
   *** monte carlo  index = 305 ***
x

 volt         param     
             i_d_0.9    
    0.        188.0588p 
   50.00000m  957.2760p 
  100.00000m    4.6893n 
  150.00000m   21.3316n 
  200.00000m   87.0915n 
  250.00000m  313.8114n 
  300.00000m  975.6558n 
  350.00000m    2.5057u 
  400.00000m    5.2531u 
  450.00000m    9.2919u 
  500.00000m   14.5093u 
  550.00000m   20.7534u 
  600.00000m   27.8923u 
  650.00000m   35.8189u 
  700.00000m   44.4414u 
  750.00000m   53.6778u 
  800.00000m   63.4513u 
  850.00000m   73.6896u 
  900.00000m   84.3242u 
  950.00000m   95.2893u 
    1.00000   106.5217u 
y
 vth0_value= 231.0394m
 u0_param=  51.1600m
 ags_param= 431.6389m
 
   *** monte carlo  index = 306 ***
x

 volt         param     
             i_d_0.9    
    0.        103.2345p 
   50.00000m  528.2899p 
  100.00000m    2.6323n 
  150.00000m   12.3389n 
  200.00000m   52.4526n 
  250.00000m  197.6117n 
  300.00000m  649.6214n 
  350.00000m    1.7898u 
  400.00000m    4.0171u 
  450.00000m    7.4965u 
  500.00000m   12.1621u 
  550.00000m   17.8685u 
  600.00000m   24.4790u 
  650.00000m   31.8825u 
  700.00000m   39.9860u 
  750.00000m   48.7074u 
  800.00000m   57.9710u 
  850.00000m   67.7057u 
  900.00000m   77.8442u 
  950.00000m   88.3220u 
    1.00000    99.0776u 
y
 vth0_value= 248.3721m
 u0_param=  49.9502m
 ags_param= 414.7119m
 
   *** monte carlo  index = 307 ***
x

 volt         param     
             i_d_0.9    
    0.         29.2972p 
   50.00000m  148.5691p 
  100.00000m  757.4228p 
  150.00000m    3.7282n 
  200.00000m   17.1007n 
  250.00000m   70.5765n 
  300.00000m  257.3399n 
  350.00000m  812.2399n 
  400.00000m    2.1245u 
  450.00000m    4.5301u 
  500.00000m    8.1165u 
  550.00000m   12.7873u 
  600.00000m   18.4017u 
  650.00000m   24.8361u 
  700.00000m   31.9904u 
  750.00000m   39.7800u 
  800.00000m   48.1294u 
  850.00000m   56.9687u 
  900.00000m   66.2320u 
  950.00000m   75.8571u 
    1.00000    85.7842u 
y
 vth0_value= 285.5791m
 u0_param=  48.2638m
 ags_param= 418.5715m
 
   *** monte carlo  index = 308 ***
x

 volt         param     
             i_d_0.9    
    0.        119.1070p 
   50.00000m  608.8209p 
  100.00000m    3.0207n 
  150.00000m   14.0506n 
  200.00000m   59.0914n 
  250.00000m  219.9940n 
  300.00000m  712.8346n 
  350.00000m    1.9278u 
  400.00000m    4.2467u 
  450.00000m    7.8078u 
  500.00000m   12.5331u 
  550.00000m   18.2780u 
  600.00000m   24.9100u 
  650.00000m   32.3212u 
  700.00000m   40.4211u 
  750.00000m   49.1291u 
  800.00000m   58.3706u 
  850.00000m   68.0754u 
  900.00000m   78.1769u 
  950.00000m   88.6113u 
    1.00000    99.3174u 
y
 vth0_value= 243.6490m
 u0_param=  49.3249m
 ags_param= 416.5420m
 
   *** monte carlo  index = 309 ***
x

 volt         param     
             i_d_0.9    
    0.         80.1419p 
   50.00000m  410.4127p 
  100.00000m    2.0570n 
  150.00000m    9.7502n 
  200.00000m   42.1196n 
  250.00000m  161.5913n 
  300.00000m  542.8317n 
  350.00000m    1.5386u 
  400.00000m    3.5564u 
  450.00000m    6.7986u 
  500.00000m   11.2240u 
  550.00000m   16.6934u 
  600.00000m   23.0691u 
  650.00000m   30.2385u 
  700.00000m   38.1083u 
  750.00000m   46.5966u 
  800.00000m   55.6283u 
  850.00000m   65.1331u 
  900.00000m   75.0441u 
  950.00000m   85.2979u 
    1.00000    95.8335u 
y
 vth0_value= 255.5963m
 u0_param=  49.2921m
 ags_param= 422.1198m
 
   *** monte carlo  index = 310 ***
x

 volt         param     
             i_d_0.9    
    0.         40.6649p 
   50.00000m  207.4652p 
  100.00000m    1.0531n 
  150.00000m    5.1271n 
  200.00000m   23.0859n 
  250.00000m   93.0468n 
  300.00000m  330.5478n 
  350.00000m    1.0088u 
  400.00000m    2.5331u 
  450.00000m    5.2013u 
  500.00000m    9.0540u 
  550.00000m   13.9763u 
  600.00000m   19.8272u 
  650.00000m   26.4873u 
  700.00000m   33.8593u 
  750.00000m   41.8599u 
  800.00000m   50.4140u 
  850.00000m   59.4518u 
  900.00000m   68.9074u 
  950.00000m   78.7181u 
    1.00000    88.8241u 
y
 vth0_value= 275.6591m
 u0_param=  48.4728m
 ags_param= 424.9314m
 
   *** monte carlo  index = 311 ***
x

 volt         param     
             i_d_0.9    
    0.        158.1755p 
   50.00000m  806.4497p 
  100.00000m    3.9687n 
  150.00000m   18.1963n 
  200.00000m   75.0587n 
  250.00000m  273.5484n 
  300.00000m  863.0228n 
  350.00000m    2.2567u 
  400.00000m    4.8118u 
  450.00000m    8.6235u 
  500.00000m   13.5926u 
  550.00000m   19.5720u 
  600.00000m   26.4320u 
  650.00000m   34.0672u 
  700.00000m   42.3879u 
  750.00000m   51.3137u 
  800.00000m   60.7698u 
  850.00000m   70.6857u 
  900.00000m   80.9943u 
  950.00000m   91.6313u 
    1.00000   102.5351u 
y
 vth0_value= 235.3431m
 u0_param=  49.7204m
 ags_param= 434.7533m
 
   *** monte carlo  index = 312 ***
x

 volt         param     
             i_d_0.9    
    0.         94.4381p 
   50.00000m  482.9843p 
  100.00000m    2.4072n 
  150.00000m   11.2919n 
  200.00000m   48.0566n 
  250.00000m  181.3176n 
  300.00000m  597.2658n 
  350.00000m    1.6500u 
  400.00000m    3.7137u 
  450.00000m    6.9474u 
  500.00000m   11.2937u 
  550.00000m   16.6195u 
  600.00000m   22.7984u 
  650.00000m   29.7274u 
  700.00000m   37.3201u 
  750.00000m   45.4999u 
  800.00000m   54.1959u 
  850.00000m   63.3415u 
  900.00000m   72.8731u 
  950.00000m   82.7299u 
    1.00000    92.8534u 
y
 vth0_value= 248.8252m
 u0_param=  46.5978m
 ags_param= 422.0169m
 
   *** monte carlo  index = 313 ***
x

 volt         param     
             i_d_0.9    
    0.         92.3318p 
   50.00000m  472.7586p 
  100.00000m    2.3625n 
  150.00000m   11.1340n 
  200.00000m   47.6971n 
  250.00000m  181.2551n 
  300.00000m  602.0501n 
  350.00000m    1.6813u 
  400.00000m    3.8262u 
  450.00000m    7.2210u 
  500.00000m   11.8104u 
  550.00000m   17.4503u 
  600.00000m   24.0022u 
  650.00000m   31.3531u 
  700.00000m   39.4092u 
  750.00000m   48.0877u 
  800.00000m   57.3127u 
  850.00000m   67.0128u 
  900.00000m   77.1205u 
  950.00000m   87.5715u 
    1.00000    98.3038u 
y
 vth0_value= 251.8136m
 u0_param=  50.0601m
 ags_param= 426.5832m
 
   *** monte carlo  index = 314 ***
x

 volt         param     
             i_d_0.9    
    0.         38.4278p 
   50.00000m  195.9453p 
  100.00000m  996.0466p 
  150.00000m    4.8639n 
  200.00000m   22.0096n 
  250.00000m   89.2579n 
  300.00000m  319.2178n 
  350.00000m  982.6833n 
  400.00000m    2.4931u 
  450.00000m    5.1670u 
  500.00000m    9.0569u 
  550.00000m   14.0479u 
  600.00000m   19.9940u 
  650.00000m   26.7708u 
  700.00000m   34.2772u 
  750.00000m   42.4270u 
  800.00000m   51.1429u 
  850.00000m   60.3531u 
  900.00000m   69.9902u 
  950.00000m   79.9900u 
    1.00000    90.2916u 
y
 vth0_value= 278.2533m
 u0_param=  49.8009m
 ags_param= 403.6221m
 
   *** monte carlo  index = 315 ***
x

 volt         param     
             i_d_0.9    
    0.        135.1072p 
   50.00000m  689.9739p 
  100.00000m    3.4120n 
  150.00000m   15.7763n 
  200.00000m   65.8113n 
  250.00000m  242.8184n 
  300.00000m  778.0432n 
  350.00000m    2.0744u 
  400.00000m    4.5062u 
  450.00000m    8.1938u 
  500.00000m   13.0489u 
  550.00000m   18.9246u 
  600.00000m   25.6886u 
  650.00000m   33.2334u 
  700.00000m   41.4683u 
  750.00000m   50.3123u 
  800.00000m   59.6904u 
  850.00000m   69.5318u 
  900.00000m   79.7693u 
  950.00000m   90.3389u 
    1.00000   101.1787u 
y
 vth0_value= 240.1386m
 u0_param=  49.7779m
 ags_param= 416.7257m
 
   *** monte carlo  index = 316 ***
x

 volt         param     
             i_d_0.9    
    0.        120.3506p 
   50.00000m  615.2657p 
  100.00000m    3.0531n 
  150.00000m   14.2044n 
  200.00000m   59.7543n 
  250.00000m  222.5189n 
  300.00000m  721.2093n 
  350.00000m    1.9511u 
  400.00000m    4.2993u 
  450.00000m    7.9063u 
  500.00000m   12.6925u 
  550.00000m   18.5110u 
  600.00000m   25.2270u 
  650.00000m   32.7310u 
  700.00000m   40.9311u 
  750.00000m   49.7455u 
  800.00000m   59.0987u 
  850.00000m   68.9196u 
  900.00000m   79.1408u 
  950.00000m   89.6979u 
    1.00000   100.5290u 
y
 vth0_value= 243.7789m
 u0_param=  50.0092m
 ags_param= 414.7997m
 
   *** monte carlo  index = 317 ***
x

 volt         param     
             i_d_0.9    
    0.        128.5358p 
   50.00000m  656.7145p 
  100.00000m    3.2523n 
  150.00000m   15.0772n 
  200.00000m   63.1179n 
  250.00000m  233.7883n 
  300.00000m  752.7450n 
  350.00000m    2.0193u 
  400.00000m    4.4129u 
  450.00000m    8.0621u 
  500.00000m   12.8825u 
  550.00000m   18.7273u 
  600.00000m   25.4634u 
  650.00000m   32.9827u 
  700.00000m   41.1941u 
  750.00000m   50.0165u 
  800.00000m   59.3746u 
  850.00000m   69.1977u 
  900.00000m   79.4186u 
  950.00000m   89.9731u 
    1.00000   100.7994u 
y
 vth0_value= 241.6626m
 u0_param=  49.8073m
 ags_param= 422.2188m
 
   *** monte carlo  index = 318 ***
x

 volt         param     
             i_d_0.9    
    0.         69.0538p 
   50.00000m  353.5721p 
  100.00000m    1.7773n 
  150.00000m    8.4737n 
  200.00000m   36.9247n 
  250.00000m  143.0874n 
  300.00000m  486.3280n 
  350.00000m    1.4000u 
  400.00000m    3.2901u 
  450.00000m    6.3774u 
  500.00000m   10.6362u 
  550.00000m   15.9328u 
  600.00000m   22.1305u 
  650.00000m   29.1170u 
  700.00000m   36.7993u 
  750.00000m   45.0965u 
  800.00000m   53.9343u 
  850.00000m   63.2433u 
  900.00000m   72.9576u 
  950.00000m   83.0145u 
    1.00000    93.3537u 
y
 vth0_value= 259.6023m
 u0_param=  48.5307m
 ags_param= 422.8760m
 
   *** monte carlo  index = 319 ***
x

 volt         param     
             i_d_0.9    
    0.         73.3500p 
   50.00000m  375.6463p 
  100.00000m    1.8865n 
  150.00000m    8.9759n 
  200.00000m   38.9950n 
  250.00000m  150.5780n 
  300.00000m  509.6785n 
  350.00000m    1.4592u 
  400.00000m    3.4090u 
  450.00000m    6.5748u 
  500.00000m   10.9248u 
  550.00000m   16.3220u 
  600.00000m   22.6281u 
  650.00000m   29.7296u 
  700.00000m   37.5326u 
  750.00000m   45.9551u 
  800.00000m   54.9221u 
  850.00000m   64.3632u 
  900.00000m   74.2119u 
  950.00000m   84.4047u 
    1.00000    94.8809u 
y
 vth0_value= 258.2030m
 u0_param=  49.1816m
 ags_param= 415.6946m
 
   *** monte carlo  index = 320 ***
x

 volt         param     
             i_d_0.9    
    0.        192.2646p 
   50.00000m  978.1199p 
  100.00000m    4.7854n 
  150.00000m   21.7226n 
  200.00000m   88.4517n 
  250.00000m  317.7979n 
  300.00000m  984.4255n 
  350.00000m    2.5170u 
  400.00000m    5.2552u 
  450.00000m    9.2670u 
  500.00000m   14.4396u 
  550.00000m   20.6237u 
  600.00000m   27.6902u 
  650.00000m   35.5337u 
  700.00000m   44.0645u 
  750.00000m   53.2013u 
  800.00000m   62.8687u 
  850.00000m   72.9953u 
  900.00000m   83.5131u 
  950.00000m   94.3574u 
    1.00000   105.4654u 
y
 vth0_value= 229.9080m
 u0_param=  50.4304m
 ags_param= 423.0186m
 
   *** monte carlo  index = 321 ***
x

 volt         param     
             i_d_0.9    
    0.         87.3732p 
   50.00000m  447.1976p 
  100.00000m    2.2353n 
  150.00000m   10.5407n 
  200.00000m   45.1963n 
  250.00000m  171.9465n 
  300.00000m  571.9798n 
  350.00000m    1.6005u 
  400.00000m    3.6498u 
  450.00000m    6.9005u 
  500.00000m   11.3022u 
  550.00000m   16.7176u 
  600.00000m   23.0146u 
  650.00000m   30.0847u 
  700.00000m   37.8378u 
  750.00000m   46.1945u 
  800.00000m   55.0815u 
  850.00000m   64.4301u 
  900.00000m   74.1750u 
  950.00000m   84.2538u 
    1.00000    94.6067u 
y
 vth0_value= 252.1958m
 u0_param=  48.0972m
 ags_param= 403.1681m
 
   *** monte carlo  index = 322 ***
x

 volt         param     
             i_d_0.9    
    0.         47.8174p 
   50.00000m  244.3525p 
  100.00000m    1.2367n 
  150.00000m    5.9803n 
  200.00000m   26.6397n 
  250.00000m  105.9608n 
  300.00000m  370.9707n 
  350.00000m    1.1107u 
  400.00000m    2.7273u 
  450.00000m    5.4898u 
  500.00000m    9.4150u 
  550.00000m   14.3829u 
  600.00000m   20.2564u 
  650.00000m   26.9207u 
  700.00000m   34.2817u 
  750.00000m   42.2584u 
  800.00000m   50.7772u 
  850.00000m   59.7696u 
  900.00000m   69.1706u 
  950.00000m   78.9185u 
    1.00000    88.9540u 
y
 vth0_value= 270.1941m
 u0_param=  47.6860m
 ags_param= 419.5546m
 
   *** monte carlo  index = 323 ***
x

 volt         param     
             i_d_0.9    
    0.         42.8813p 
   50.00000m  218.9108p 
  100.00000m    1.1102n 
  150.00000m    5.3939n 
  200.00000m   24.2056n 
  250.00000m   97.1535n 
  300.00000m  343.5518n 
  350.00000m    1.0422u 
  400.00000m    2.5984u 
  450.00000m    5.3015u 
  500.00000m    9.1841u 
  550.00000m   14.1292u 
  600.00000m   19.9967u 
  650.00000m   26.6685u 
  700.00000m   34.0479u 
  750.00000m   42.0524u 
  800.00000m   50.6072u 
  850.00000m   59.6427u 
  900.00000m   69.0932u 
  950.00000m   78.8963u 
    1.00000    88.9922u 
y
 vth0_value= 273.9303m
 u0_param=  48.3084m
 ags_param= 414.0785m
 
   *** monte carlo  index = 324 ***
x

 volt         param     
             i_d_0.9    
    0.         75.5754p 
   50.00000m  387.0441p 
  100.00000m    1.9424n 
  150.00000m    9.2304n 
  200.00000m   40.0246n 
  250.00000m  154.2161n 
  300.00000m  520.6684n 
  350.00000m    1.4856u 
  400.00000m    3.4583u 
  450.00000m    6.6500u 
  500.00000m   11.0258u 
  550.00000m   16.4478u 
  600.00000m   22.7780u 
  650.00000m   29.9032u 
  700.00000m   37.7298u 
  750.00000m   46.1758u 
  800.00000m   55.1662u 
  850.00000m   64.6306u 
  900.00000m   74.5024u 
  950.00000m   84.7180u 
    1.00000    95.2168u 
y
 vth0_value= 257.3229m
 u0_param=  49.2187m
 ags_param= 424.1461m
 
   *** monte carlo  index = 325 ***
x

 volt         param     
             i_d_0.9    
    0.         58.1035p 
   50.00000m  297.4047p 
  100.00000m    1.5008n 
  150.00000m    7.2109n 
  200.00000m   31.7967n 
  250.00000m  124.9330n 
  300.00000m  431.3660n 
  350.00000m    1.2679u 
  400.00000m    3.0490u 
  450.00000m    6.0263u 
  500.00000m   10.1951u 
  550.00000m   15.4248u 
  600.00000m   21.5746u 
  650.00000m   28.5282u 
  700.00000m   36.1898u 
  750.00000m   44.4767u 
  800.00000m   53.3133u 
  850.00000m   62.6292u 
  900.00000m   72.3579u 
  950.00000m   82.4360u 
    1.00000    92.8029u 
y
 vth0_value= 265.2305m
 u0_param=  49.1314m
 ags_param= 411.4825m
 
   *** monte carlo  index = 326 ***
x

 volt         param     
             i_d_0.9    
    0.         40.6722p 
   50.00000m  207.5626p 
  100.00000m    1.0543n 
  150.00000m    5.1384n 
  200.00000m   23.1790n 
  250.00000m   93.6282n 
  300.00000m  333.3852n 
  350.00000m    1.0205u 
  400.00000m    2.5714u 
  450.00000m    5.2963u 
  500.00000m    9.2400u 
  550.00000m   14.2845u 
  600.00000m   20.2835u 
  650.00000m   27.1131u 
  700.00000m   34.6723u 
  750.00000m   42.8751u 
  800.00000m   51.6441u 
  850.00000m   60.9074u 
  900.00000m   70.5974u 
  950.00000m   80.6498u 
    1.00000    91.0035u 
y
 vth0_value= 276.6085m
 u0_param=  49.9412m
 ags_param= 412.5458m
 
   *** monte carlo  index = 327 ***
x

 volt         param     
             i_d_0.9    
    0.         22.3310p 
   50.00000m  112.3300p 
  100.00000m  573.9557p 
  150.00000m    2.8467n 
  200.00000m   13.2342n 
  250.00000m   55.6177n 
  300.00000m  206.8921n 
  350.00000m  669.6209n 
  400.00000m    1.8079u 
  450.00000m    3.9751u 
  500.00000m    7.2957u 
  550.00000m   11.6938u 
  600.00000m   17.0328u 
  650.00000m   23.1888u 
  700.00000m   30.0610u 
  750.00000m   37.5653u 
  800.00000m   45.6269u 
  850.00000m   54.1770u 
  900.00000m   63.1509u 
  950.00000m   72.4873u 
    1.00000    82.1278u 
y
 vth0_value= 293.3348m
 u0_param=  47.2780m
 ags_param= 415.4354m
 
   *** monte carlo  index = 328 ***
x

 volt         param     
             i_d_0.9    
    0.         96.2092p 
   50.00000m  492.3764p 
  100.00000m    2.4565n 
  150.00000m   11.5428n 
  200.00000m   49.2394n 
  250.00000m  186.2392n 
  300.00000m  615.1881n 
  350.00000m    1.7056u 
  400.00000m    3.8528u 
  450.00000m    7.2277u 
  500.00000m   11.7711u 
  550.00000m   17.3414u 
  600.00000m   23.8043u 
  650.00000m   31.0502u 
  700.00000m   38.9876u 
  750.00000m   47.5356u 
  800.00000m   56.6200u 
  850.00000m   66.1707u 
  900.00000m   76.1214u 
  950.00000m   86.4088u 
    1.00000    96.9719u 
y
 vth0_value= 249.9043m
 u0_param=  49.0323m
 ags_param= 413.2591m
 
   *** monte carlo  index = 329 ***
x

 volt         param     
             i_d_0.9    
    0.         71.9067p 
   50.00000m  368.2225p 
  100.00000m    1.8497n 
  150.00000m    8.8059n 
  200.00000m   38.2892n 
  250.00000m  148.0010n 
  300.00000m  501.5521n 
  350.00000m    1.4382u 
  400.00000m    3.3657u 
  450.00000m    6.5007u 
  500.00000m   10.8135u 
  550.00000m   16.1683u 
  600.00000m   22.4278u 
  650.00000m   29.4791u 
  700.00000m   37.2291u 
  750.00000m   45.5961u 
  800.00000m   54.5056u 
  850.00000m   63.8877u 
  900.00000m   73.6761u 
  950.00000m   83.8077u 
    1.00000    94.2220u 
y
 vth0_value= 258.5963m
 u0_param=  48.8638m
 ags_param= 421.5856m
 
   *** monte carlo  index = 330 ***
x

 volt         param     
             i_d_0.9    
    0.         72.8908p 
   50.00000m  373.3099p 
  100.00000m    1.8751n 
  150.00000m    8.9258n 
  200.00000m   38.8014n 
  250.00000m  149.9368n 
  300.00000m  507.9204n 
  350.00000m    1.4557u 
  400.00000m    3.4048u 
  450.00000m    6.5730u 
  500.00000m   10.9294u 
  550.00000m   16.3367u 
  600.00000m   22.6560u 
  650.00000m   29.7732u 
  700.00000m   37.5941u 
  750.00000m   46.0365u 
  800.00000m   55.0251u 
  850.00000m   64.4893u 
  900.00000m   74.3623u 
  950.00000m   84.5806u 
    1.00000    95.0831u 
y
 vth0_value= 258.4934m
 u0_param=  49.3356m
 ags_param= 420.9197m
 
   *** monte carlo  index = 331 ***
x

 volt         param     
             i_d_0.9    
    0.         64.6279p 
   50.00000m  330.9553p 
  100.00000m    1.6668n 
  150.00000m    7.9765n 
  200.00000m   34.9537n 
  250.00000m  136.3305n 
  300.00000m  466.7866n 
  350.00000m    1.3568u 
  400.00000m    3.2228u 
  450.00000m    6.3029u 
  500.00000m   10.5802u 
  550.00000m   15.9197u 
  600.00000m   22.1808u 
  650.00000m   29.2472u 
  700.00000m   37.0234u 
  750.00000m   45.4261u 
  800.00000m   54.3797u 
  850.00000m   63.8133u 
  900.00000m   73.6598u 
  950.00000m   83.8556u 
    1.00000    94.3395u 
y
 vth0_value= 262.2549m
 u0_param=  49.5178m
 ags_param= 422.5693m
 
   *** monte carlo  index = 332 ***
x

 volt         param     
             i_d_0.9    
    0.        265.1818p 
   50.00000m    1.3425n 
  100.00000m    6.4945n 
  150.00000m   28.9434n 
  200.00000m  115.1836n 
  250.00000m  403.4896n 
  300.00000m    1.2091u 
  350.00000m    2.9728u 
  400.00000m    5.9919u 
  450.00000m   10.2885u 
  500.00000m   15.7331u 
  550.00000m   22.1770u 
  600.00000m   29.4945u 
  650.00000m   37.5830u 
  700.00000m   46.3534u 
  750.00000m   55.7248u 
  800.00000m   65.6215u 
  850.00000m   75.9719u 
  900.00000m   86.7075u 
  950.00000m   97.7630u 
    1.00000   109.0753u 
y
 vth0_value= 220.4287m
 u0_param=  50.8029m
 ags_param= 425.4256m
 
   *** monte carlo  index = 333 ***
x

 volt         param     
             i_d_0.9    
    0.         66.7540p 
   50.00000m  341.7639p 
  100.00000m    1.7191n 
  150.00000m    8.2063n 
  200.00000m   35.8287n 
  250.00000m  139.1520n 
  300.00000m  474.1828n 
  350.00000m    1.3697u 
  400.00000m    3.2311u 
  450.00000m    6.2828u 
  500.00000m   10.5029u 
  550.00000m   15.7588u 
  600.00000m   21.9143u 
  650.00000m   28.8571u 
  700.00000m   36.4944u 
  750.00000m   44.7453u 
  800.00000m   53.5360u 
  850.00000m   62.7971u 
  900.00000m   72.4630u 
  950.00000m   82.4713u 
    1.00000    92.7618u 
y
 vth0_value= 260.5037m
 u0_param=  48.3429m
 ags_param= 419.2257m
 
   *** monte carlo  index = 334 ***
x

 volt         param     
             i_d_0.9    
    0.         78.3757p 
   50.00000m  401.5269p 
  100.00000m    2.0150n 
  150.00000m    9.5726n 
  200.00000m   41.4907n 
  250.00000m  159.7737n 
  300.00000m  539.0138n 
  350.00000m    1.5363u 
  400.00000m    3.5723u 
  450.00000m    6.8619u 
  500.00000m   11.3675u 
  550.00000m   16.9458u 
  600.00000m   23.4542u 
  650.00000m   30.7759u 
  700.00000m   38.8145u 
  750.00000m   47.4855u 
  800.00000m   56.7119u 
  850.00000m   66.4213u 
  900.00000m   76.5455u 
  950.00000m   87.0197u 
    1.00000    97.7815u 
y
 vth0_value= 257.1421m
 u0_param=  50.6502m
 ags_param= 418.8220m
 
   *** monte carlo  index = 335 ***
x

 volt         param     
             i_d_0.9    
    0.         48.4116p 
   50.00000m  247.4927p 
  100.00000m    1.2531n 
  150.00000m    6.0641n 
  200.00000m   27.0422n 
  250.00000m  107.6975n 
  300.00000m  377.5394n 
  350.00000m    1.1322u 
  400.00000m    2.7854u 
  450.00000m    5.6158u 
  500.00000m    9.6419u 
  550.00000m   14.7395u 
  600.00000m   20.7669u 
  650.00000m   27.6049u 
  700.00000m   35.1566u 
  750.00000m   43.3382u 
  800.00000m   52.0740u 
  850.00000m   61.2936u 
  900.00000m   70.9303u 
  950.00000m   80.9208u 
    1.00000    91.2047u 
y
 vth0_value= 270.7489m
 u0_param=  49.0906m
 ags_param= 416.0859m
 
   *** monte carlo  index = 336 ***
x

 volt         param     
             i_d_0.9    
    0.         87.4036p 
   50.00000m  447.5770p 
  100.00000m    2.2393n 
  150.00000m   10.5779n 
  200.00000m   45.4661n 
  250.00000m  173.4308n 
  300.00000m  578.6556n 
  350.00000m    1.6255u 
  400.00000m    3.7220u 
  450.00000m    7.0599u 
  500.00000m   11.5892u 
  550.00000m   17.1674u 
  600.00000m   23.6563u 
  650.00000m   30.9428u 
  700.00000m   38.9331u 
  750.00000m   47.5448u 
  800.00000m   56.7020u 
  850.00000m   66.3339u 
  900.00000m   76.3731u 
  950.00000m   86.7554u 
    1.00000    97.4195u 
y
 vth0_value= 253.3132m
 u0_param=  49.8149m
 ags_param= 421.8749m
 
   *** monte carlo  index = 337 ***
x

 volt         param     
             i_d_0.9    
    0.         59.2664p 
   50.00000m  303.3153p 
  100.00000m    1.5293n 
  150.00000m    7.3361n 
  200.00000m   32.2682n 
  250.00000m  126.4188n 
  300.00000m  435.0986n 
  350.00000m    1.2735u 
  400.00000m    3.0481u 
  450.00000m    6.0006u 
  500.00000m   10.1226u 
  550.00000m   15.2852u 
  600.00000m   21.3515u 
  650.00000m   28.2079u 
  700.00000m   35.7610u 
  750.00000m   43.9297u 
  800.00000m   52.6401u 
  850.00000m   61.8230u 
  900.00000m   71.4129u 
  950.00000m   81.3474u 
    1.00000    91.5667u 
y
 vth0_value= 264.0247m
 u0_param=  48.2140m
 ags_param= 422.6201m
 
   *** monte carlo  index = 338 ***
x

 volt         param     
             i_d_0.9    
    0.         43.0216p 
   50.00000m  219.6608p 
  100.00000m    1.1142n 
  150.00000m    5.4151n 
  200.00000m   24.3137n 
  250.00000m   97.6472n 
  300.00000m  345.5177n 
  350.00000m    1.0490u 
  400.00000m    2.6179u 
  450.00000m    5.3456u 
  500.00000m    9.2659u 
  550.00000m   14.2604u 
  600.00000m   20.1871u 
  650.00000m   26.9260u 
  700.00000m   34.3794u 
  750.00000m   42.4635u 
  800.00000m   51.1027u 
  850.00000m   60.2267u 
  900.00000m   69.7692u 
  950.00000m   79.6670u 
    1.00000    89.8599u 
y
 vth0_value= 274.1980m
 u0_param=  48.8657m
 ags_param= 411.9848m
 
   *** monte carlo  index = 339 ***
x

 volt         param     
             i_d_0.9    
    0.         92.5725p 
   50.00000m  473.9387p 
  100.00000m    2.3678n 
  150.00000m   11.1537n 
  200.00000m   47.7499n 
  250.00000m  181.3245n 
  300.00000m  601.7759n 
  350.00000m    1.6787u 
  400.00000m    3.8160u 
  450.00000m    7.1952u 
  500.00000m   11.7608u 
  550.00000m   17.3696u 
  600.00000m   23.8844u 
  650.00000m   31.1933u 
  700.00000m   39.2031u 
  750.00000m   47.8316u 
  800.00000m   57.0034u 
  850.00000m   66.6477u 
  900.00000m   76.6972u 
  950.00000m   87.0880u 
    1.00000    97.7586u 
y
 vth0_value= 251.5125m
 u0_param=  49.7145m
 ags_param= 421.2577m
 
   *** monte carlo  index = 340 ***
x

 volt         param     
             i_d_0.9    
    0.         33.9814p 
   50.00000m  172.8183p 
  100.00000m  878.9277p 
  150.00000m    4.3004n 
  200.00000m   19.5264n 
  250.00000m   79.5404n 
  300.00000m  285.9218n 
  350.00000m  886.1716n 
  400.00000m    2.2668u 
  450.00000m    4.7338u 
  500.00000m    8.3475u 
  550.00000m   13.0049u 
  600.00000m   18.5704u 
  650.00000m   24.9271u 
  700.00000m   31.9799u 
  750.00000m   39.6478u 
  800.00000m   47.8579u 
  850.00000m   56.5423u 
  900.00000m   65.6373u 
  950.00000m   75.0820u 
    1.00000    84.8183u 
y
 vth0_value= 280.0409m
 u0_param=  46.8154m
 ags_param= 408.5015m
 
   *** monte carlo  index = 341 ***
x

 volt         param     
             i_d_0.9    
    0.         61.7328p 
   50.00000m  315.9663p 
  100.00000m    1.5916n 
  150.00000m    7.6204n 
  200.00000m   33.4208n 
  250.00000m  130.4873n 
  300.00000m  447.3641n 
  350.00000m    1.3027u 
  400.00000m    3.1003u 
  450.00000m    6.0738u 
  500.00000m   10.2097u 
  550.00000m   15.3786u 
  600.00000m   21.4446u 
  650.00000m   28.2954u 
  700.00000m   35.8384u 
  750.00000m   43.9932u 
  800.00000m   52.6863u 
  850.00000m   61.8487u 
  900.00000m   71.4152u 
  950.00000m   81.3238u 
    1.00000    91.5149u 
y
 vth0_value= 262.6303m
 u0_param=  47.9778m
 ags_param= 412.9515m
 
   *** monte carlo  index = 342 ***
x

 volt         param     
             i_d_0.9    
    0.         89.3764p 
   50.00000m  457.8584p 
  100.00000m    2.2916n 
  150.00000m   10.8308n 
  200.00000m   46.5887n 
  250.00000m  177.8502n 
  300.00000m  593.8679n 
  350.00000m    1.6699u 
  400.00000m    3.8276u 
  450.00000m    7.2655u 
  500.00000m   11.9317u 
  550.00000m   17.6782u 
  600.00000m   24.3611u 
  650.00000m   31.8630u 
  700.00000m   40.0868u 
  750.00000m   48.9471u 
  800.00000m   58.3659u 
  850.00000m   68.2699u 
  900.00000m   78.5901u 
  950.00000m   89.2607u 
    1.00000   100.2187u 
y
 vth0_value= 253.6810m
 u0_param=  51.4601m
 ags_param= 416.4493m
 
   *** monte carlo  index = 343 ***
x

 volt         param     
             i_d_0.9    
    0.         75.1706p 
   50.00000m  385.0762p 
  100.00000m    1.9338n 
  150.00000m    9.2005n 
  200.00000m   39.9644n 
  250.00000m  154.2846n 
  300.00000m  522.0394n 
  350.00000m    1.4938u 
  400.00000m    3.4880u 
  450.00000m    6.7238u 
  500.00000m   11.1677u 
  550.00000m   16.6788u 
  600.00000m   23.1154u 
  650.00000m   30.3613u 
  700.00000m   38.3206u 
  750.00000m   46.9096u 
  800.00000m   56.0515u 
  850.00000m   65.6748u 
  900.00000m   75.7115u 
  950.00000m   86.0973u 
    1.00000    96.7703u 
y
 vth0_value= 258.1419m
 u0_param=  50.2364m
 ags_param= 421.0941m
 
   *** monte carlo  index = 344 ***
x

 volt         param     
             i_d_0.9    
    0.        227.6223p 
   50.00000m    1.1556n 
  100.00000m    5.6240n 
  150.00000m   25.3098n 
  200.00000m  101.9370n 
  250.00000m  361.8442n 
  300.00000m    1.1033u 
  350.00000m    2.7682u 
  400.00000m    5.6809u 
  450.00000m    9.8869u 
  500.00000m   15.2625u 
  550.00000m   21.6557u 
  600.00000m   28.9372u 
  650.00000m   37.0013u 
  700.00000m   45.7572u 
  750.00000m   55.1227u 
  800.00000m   65.0213u 
  850.00000m   75.3805u 
  900.00000m   86.1315u 
  950.00000m   97.2084u 
    1.00000   108.5478u 
y
 vth0_value= 225.3795m
 u0_param=  51.3301m
 ags_param= 420.5704m
 
   *** monte carlo  index = 345 ***
x

 volt         param     
             i_d_0.9    
    0.         56.8349p 
   50.00000m  290.8265p 
  100.00000m    1.4676n 
  150.00000m    7.0533n 
  200.00000m   31.1125n 
  250.00000m  122.3000n 
  300.00000m  422.5161n 
  350.00000m    1.2429u 
  400.00000m    2.9914u 
  450.00000m    5.9172u 
  500.00000m   10.0169u 
  550.00000m   15.1626u 
  600.00000m   21.2162u 
  650.00000m   28.0632u 
  700.00000m   35.6095u 
  750.00000m   43.7736u 
  800.00000m   52.4812u 
  850.00000m   61.6628u 
  900.00000m   71.2529u 
  950.00000m   81.1888u 
    1.00000    91.4106u 
y
 vth0_value= 265.3920m
 u0_param=  48.3585m
 ags_param= 409.5042m
 
   *** monte carlo  index = 346 ***
x

 volt         param     
             i_d_0.9    
    0.         22.5979p 
   50.00000m  113.7299p 
  100.00000m  581.1729p 
  150.00000m    2.8827n 
  200.00000m   13.4019n 
  250.00000m   56.3247n 
  300.00000m  209.5243n 
  350.00000m  678.1206n 
  400.00000m    1.8307u 
  450.00000m    4.0251u 
  500.00000m    7.3870u 
  550.00000m   11.8389u 
  600.00000m   17.2425u 
  650.00000m   23.4717u 
  700.00000m   30.4246u 
  750.00000m   38.0157u 
  800.00000m   46.1695u 
  850.00000m   54.8162u 
  900.00000m   63.8905u 
  950.00000m   73.3303u 
    1.00000    83.0767u 
y
 vth0_value= 293.3641m
 u0_param=  47.8725m
 ags_param= 413.7018m
 
   *** monte carlo  index = 347 ***
x

 volt         param     
             i_d_0.9    
    0.         85.0008p 
   50.00000m  435.2094p 
  100.00000m    2.1780n 
  150.00000m   10.2933n 
  200.00000m   44.2762n 
  250.00000m  169.0451n 
  300.00000m  564.6602n 
  350.00000m    1.5886u 
  400.00000m    3.6432u 
  450.00000m    6.9197u 
  500.00000m   11.3707u 
  550.00000m   16.8567u 
  600.00000m   23.2418u 
  650.00000m   30.4147u 
  700.00000m   38.2832u 
  750.00000m   46.7661u 
  800.00000m   55.7887u 
  850.00000m   65.2811u 
  900.00000m   75.1769u 
  950.00000m   85.4127u 
    1.00000    95.9278u 
y
 vth0_value= 253.6474m
 u0_param=  49.0328m
 ags_param= 422.8511m
 
   *** monte carlo  index = 348 ***
x

 volt         param     
             i_d_0.9    
    0.         93.6307p 
   50.00000m  479.1194p 
  100.00000m    2.3909n 
  150.00000m   11.2394n 
  200.00000m   47.9773n 
  250.00000m  181.6114n 
  300.00000m  600.5188n 
  350.00000m    1.6672u 
  400.00000m    3.7714u 
  450.00000m    7.0836u 
  500.00000m   11.5472u 
  550.00000m   17.0238u 
  600.00000m   23.3817u 
  650.00000m   30.5130u 
  700.00000m   38.3279u 
  750.00000m   46.7471u 
  800.00000m   55.6972u 
  850.00000m   65.1094u 
  900.00000m   74.9182u 
  950.00000m   85.0612u 
    1.00000    95.4782u 
y
 vth0_value= 250.1900m
 u0_param=  48.2237m
 ags_param= 434.8967m
 
   *** monte carlo  index = 349 ***
x

 volt         param     
             i_d_0.9    
    0.         68.6963p 
   50.00000m  351.8596p 
  100.00000m    1.7701n 
  150.00000m    8.4515n 
  200.00000m   36.9071n 
  250.00000m  143.3642n 
  300.00000m  488.5687n 
  350.00000m    1.4113u 
  400.00000m    3.3293u 
  450.00000m    6.4734u 
  500.00000m   10.8198u 
  550.00000m   16.2308u 
  600.00000m   22.5651u 
  650.00000m   29.7062u 
  700.00000m   37.5583u 
  750.00000m   46.0379u 
  800.00000m   55.0688u 
  850.00000m   64.5798u 
  900.00000m   74.5034u 
  950.00000m   84.7756u 
    1.00000    95.3349u 
y
 vth0_value= 260.6204m
 u0_param=  49.8504m
 ags_param= 401.6568m
 
   *** monte carlo  index = 350 ***
x

 volt         param     
             i_d_0.9    
    0.         64.8973p 
   50.00000m  332.2677p 
  100.00000m    1.6726n 
  150.00000m    7.9964n 
  200.00000m   34.9916n 
  250.00000m  136.2579n 
  300.00000m  465.7064n 
  350.00000m    1.3505u 
  400.00000m    3.1996u 
  450.00000m    6.2441u 
  500.00000m   10.4655u 
  550.00000m   15.7311u 
  600.00000m   21.9032u 
  650.00000m   28.8680u 
  700.00000m   36.5318u 
  750.00000m   44.8131u 
  800.00000m   53.6374u 
  850.00000m   62.9349u 
  900.00000m   72.6396u 
  950.00000m   82.6886u 
    1.00000    93.0217u 
y
 vth0_value= 261.5761m
 u0_param=  48.6719m
 ags_param= 410.7106m
 
   *** monte carlo  index = 351 ***
x

 volt         param     
             i_d_0.9    
    0.        154.0164p 
   50.00000m  785.5688p 
  100.00000m    3.8700n 
  150.00000m   17.7758n 
  200.00000m   73.4977n 
  250.00000m  268.5474n 
  300.00000m  849.9879n 
  350.00000m    2.2315u 
  400.00000m    4.7762u 
  450.00000m    8.5849u 
  500.00000m   13.5594u 
  550.00000m   19.5515u 
  600.00000m   26.4303u 
  650.00000m   34.0889u 
  700.00000m   42.4370u 
  750.00000m   51.3935u 
  800.00000m   60.8832u 
  850.00000m   70.8351u 
  900.00000m   81.1817u 
  950.00000m   91.8586u 
    1.00000   102.8036u 
y
 vth0_value= 236.3528m
 u0_param=  50.0380m
 ags_param= 425.1505m
 
   *** monte carlo  index = 352 ***
x

 volt         param     
             i_d_0.9    
    0.         83.0357p 
   50.00000m  425.3335p 
  100.00000m    2.1313n 
  150.00000m   10.0968n 
  200.00000m   43.5812n 
  250.00000m  167.0315n 
  300.00000m  560.4015n 
  350.00000m    1.5857u 
  400.00000m    3.6588u 
  450.00000m    6.9835u 
  500.00000m   11.5155u 
  550.00000m   17.1114u 
  600.00000m   23.6301u 
  650.00000m   30.9565u 
  700.00000m   38.9949u 
  750.00000m   47.6618u 
  800.00000m   56.8804u 
  850.00000m   66.5789u 
  900.00000m   76.6894u 
  950.00000m   87.1472u 
    1.00000    97.8903u 
y
 vth0_value= 255.2331m
 u0_param=  50.3935m
 ags_param= 421.3286m
 
   *** monte carlo  index = 353 ***
x

 volt         param     
             i_d_0.9    
    0.        121.0153p 
   50.00000m  618.6467p 
  100.00000m    3.0695n 
  150.00000m   14.2774n 
  200.00000m   60.0423n 
  250.00000m  223.5136n 
  300.00000m  724.1240n 
  350.00000m    1.9579u 
  400.00000m    4.3121u 
  450.00000m    7.9264u 
  500.00000m   12.7211u 
  550.00000m   18.5489u 
  600.00000m   25.2752u 
  650.00000m   32.7904u 
  700.00000m   41.0026u 
  750.00000m   49.8300u 
  800.00000m   59.1970u 
  850.00000m   69.0325u 
  900.00000m   79.2690u 
  950.00000m   89.8419u 
    1.00000   100.6896u 
y
 vth0_value= 243.6415m
 u0_param=  50.0540m
 ags_param= 429.4985m
 
   *** monte carlo  index = 354 ***
x

 volt         param     
             i_d_0.9    
    0.         71.7091p 
   50.00000m  367.2465p 
  100.00000m    1.8452n 
  150.00000m    8.7889n 
  200.00000m   38.2420n 
  250.00000m  147.9344n 
  300.00000m  501.7649n 
  350.00000m    1.4404u 
  400.00000m    3.3751u 
  450.00000m    6.5256u 
  500.00000m   10.8626u 
  550.00000m   16.2495u 
  600.00000m   22.5475u 
  650.00000m   29.6427u 
  700.00000m   37.4410u 
  750.00000m   45.8602u 
  800.00000m   54.8252u 
  850.00000m   64.2654u 
  900.00000m   74.1143u 
  950.00000m   84.3083u 
    1.00000    94.7867u 
y
 vth0_value= 258.9237m
 u0_param=  49.2367m
 ags_param= 421.0078m
 
   *** monte carlo  index = 355 ***
x

 volt         param     
             i_d_0.9    
    0.        111.5992p 
   50.00000m  570.9000p 
  100.00000m    2.8395n 
  150.00000m   13.2653n 
  200.00000m   56.1247n 
  250.00000m  210.3306n 
  300.00000m  686.9964n 
  350.00000m    1.8771u 
  400.00000m    4.1775u 
  450.00000m    7.7432u 
  500.00000m   12.5010u 
  550.00000m   18.3032u 
  600.00000m   25.0131u 
  650.00000m   32.5192u 
  700.00000m   40.7282u 
  750.00000m   49.5576u 
  800.00000m   58.9313u 
  850.00000m   68.7776u 
  900.00000m   79.0286u 
  950.00000m   89.6197u 
    1.00000   100.4887u 
y
 vth0_value= 246.2916m
 u0_param=  50.3742m
 ags_param= 427.9475m
 
   *** monte carlo  index = 356 ***
x

 volt         param     
             i_d_0.9    
    0.         39.7575p 
   50.00000m  202.7770p 
  100.00000m    1.0297n 
  150.00000m    5.0175n 
  200.00000m   22.6253n 
  250.00000m   91.3541n 
  300.00000m  325.1760n 
  350.00000m  994.9535n 
  400.00000m    2.5060u 
  450.00000m    5.1599u 
  500.00000m    9.0006u 
  550.00000m   13.9140u 
  600.00000m   19.7588u 
  650.00000m   26.4151u 
  700.00000m   33.7850u 
  750.00000m   41.7849u 
  800.00000m   50.3397u 
  850.00000m   59.3792u 
  900.00000m   68.8376u 
  950.00000m   78.6520u 
    1.00000    88.7626u 
y
 vth0_value= 276.4059m
 u0_param=  48.5598m
 ags_param= 422.7986m
 
   *** monte carlo  index = 357 ***
x

 volt         param     
             i_d_0.9    
    0.         78.6083p 
   50.00000m  402.7108p 
  100.00000m    2.0207n 
  150.00000m    9.5981n 
  200.00000m   41.5891n 
  250.00000m  160.1019n 
  300.00000m  539.9241n 
  350.00000m    1.5382u 
  400.00000m    3.5748u 
  450.00000m    6.8639u 
  500.00000m   11.3673u 
  550.00000m   16.9421u 
  600.00000m   23.4460u 
  650.00000m   30.7622u 
  700.00000m   38.7947u 
  750.00000m   47.4590u 
  800.00000m   56.6782u 
  850.00000m   66.3801u 
  900.00000m   76.4965u 
  950.00000m   86.9627u 
    1.00000    97.7163u 
y
 vth0_value= 257.0114m
 u0_param=  50.5854m
 ags_param= 423.1052m
 
   *** monte carlo  index = 358 ***
x

 volt         param     
             i_d_0.9    
    0.        101.0278p 
   50.00000m  517.0205p 
  100.00000m    2.5773n 
  150.00000m   12.0905n 
  200.00000m   51.4553n 
  250.00000m  194.1050n 
  300.00000m  639.1010n 
  350.00000m    1.7645u 
  400.00000m    3.9685u 
  450.00000m    7.4186u 
  500.00000m   12.0509u 
  550.00000m   17.7211u 
  600.00000m   24.2931u 
  650.00000m   31.6561u 
  700.00000m   39.7176u 
  750.00000m   48.3958u 
  800.00000m   57.6153u 
  850.00000m   67.3054u 
  900.00000m   77.3988u 
  950.00000m   87.8316u 
    1.00000    98.5422u 
y
 vth0_value= 248.8740m
 u0_param=  49.7168m
 ags_param= 427.3940m
 
   *** monte carlo  index = 359 ***
x

 volt         param     
             i_d_0.9    
    0.        116.4581p 
   50.00000m  595.3657p 
  100.00000m    2.9557n 
  150.00000m   13.7624n 
  200.00000m   57.9630n 
  250.00000m  216.1386n 
  300.00000m  701.7261n 
  350.00000m    1.9025u 
  400.00000m    4.2016u 
  450.00000m    7.7405u 
  500.00000m   12.4429u 
  550.00000m   18.1648u 
  600.00000m   24.7735u 
  650.00000m   32.1612u 
  700.00000m   40.2374u 
  750.00000m   48.9214u 
  800.00000m   58.1388u 
  850.00000m   67.8196u 
  900.00000m   77.8970u 
  950.00000m   88.3075u 
    1.00000    98.9901u 
y
 vth0_value= 244.2768m
 u0_param=  49.2466m
 ags_param= 415.9485m
 
   *** monte carlo  index = 360 ***
x

 volt         param     
             i_d_0.9    
    0.        114.8469p 
   50.00000m  587.1276p 
  100.00000m    2.9153n 
  150.00000m   13.5793n 
  200.00000m   57.2205n 
  250.00000m  213.4932n 
  300.00000m  693.6447n 
  350.00000m    1.8824u 
  400.00000m    4.1611u 
  450.00000m    7.6718u 
  500.00000m   12.3398u 
  550.00000m   18.0219u 
  600.00000m   24.5867u 
  650.00000m   31.9270u 
  700.00000m   39.9527u 
  750.00000m   48.5839u 
  800.00000m   57.7465u 
  850.00000m   67.3708u 
  900.00000m   77.3905u 
  950.00000m   87.7424u 
    1.00000    98.3657u 
y
 vth0_value= 244.4899m
 u0_param=  48.9304m
 ags_param= 422.9069m
 
   *** monte carlo  index = 361 ***
x

 volt         param     
             i_d_0.9    
    0.         71.8463p 
   50.00000m  367.9491p 
  100.00000m    1.8487n 
  150.00000m    8.8046n 
  200.00000m   38.3056n 
  250.00000m  148.1591n 
  300.00000m  502.4434n 
  350.00000m    1.4421u 
  400.00000m    3.3781u 
  450.00000m    6.5301u 
  500.00000m   10.8685u 
  550.00000m   16.2566u 
  600.00000m   22.5557u 
  650.00000m   29.6518u 
  700.00000m   37.4509u 
  750.00000m   45.8708u 
  800.00000m   54.8363u 
  850.00000m   64.2770u 
  900.00000m   74.1263u 
  950.00000m   84.3206u 
    1.00000    94.7991u 
y
 vth0_value= 258.8658m
 u0_param=  49.2367m
 ags_param= 419.3309m
 
   *** monte carlo  index = 362 ***
x

 volt         param     
             i_d_0.9    
    0.         39.5811p 
   50.00000m  201.8461p 
  100.00000m    1.0249n 
  150.00000m    4.9928n 
  200.00000m   22.5065n 
  250.00000m   90.8391n 
  300.00000m  323.2151n 
  350.00000m  988.4610n 
  400.00000m    2.4882u 
  450.00000m    5.1206u 
  500.00000m    8.9286u 
  550.00000m   13.7995u 
  600.00000m   19.5936u 
  650.00000m   26.1920u 
  700.00000m   33.4982u 
  750.00000m   41.4293u 
  800.00000m   49.9109u 
  850.00000m   58.8736u 
  900.00000m   68.2518u 
  950.00000m   77.9835u 
    1.00000    88.0091u 
y
 vth0_value= 276.2341m
 u0_param=  48.0955m
 ags_param= 415.5428m
 
   *** monte carlo  index = 363 ***
x

 volt         param     
             i_d_0.9    
    0.         58.2928p 
   50.00000m  298.3531p 
  100.00000m    1.5052n 
  150.00000m    7.2291n 
  200.00000m   31.8554n 
  250.00000m  125.0668n 
  300.00000m  431.4618n 
  350.00000m    1.2668u 
  400.00000m    3.0425u 
  450.00000m    6.0072u 
  500.00000m   10.1552u 
  550.00000m   15.3567u 
  600.00000m   21.4725u 
  650.00000m   28.3869u 
  700.00000m   36.0053u 
  750.00000m   44.2453u 
  800.00000m   53.0322u 
  850.00000m   62.2960u 
  900.00000m   71.9705u 
  950.00000m   81.9927u 
    1.00000    92.3023u 
y
 vth0_value= 264.9048m
 u0_param=  48.7848m
 ags_param= 415.8706m
 
   *** monte carlo  index = 364 ***
x

 volt         param     
             i_d_0.9    
    0.         78.5208p 
   50.00000m  402.1042p 
  100.00000m    2.0162n 
  150.00000m    9.5636n 
  200.00000m   41.3600n 
  250.00000m  158.8811n 
  300.00000m  534.5376n 
  350.00000m    1.5181u 
  400.00000m    3.5166u 
  450.00000m    6.7345u 
  500.00000m   11.1326u 
  550.00000m   16.5728u 
  600.00000m   22.9177u 
  650.00000m   30.0550u 
  700.00000m   37.8914u 
  750.00000m   46.3454u 
  800.00000m   55.3422u 
  850.00000m   64.8115u 
  900.00000m   74.6867u 
  950.00000m   84.9046u 
    1.00000    95.4043u 
y
 vth0_value= 256.1056m
 u0_param=  49.1256m
 ags_param= 426.9695m
 
   *** monte carlo  index = 365 ***
x

 volt         param     
             i_d_0.9    
    0.         89.7774p 
   50.00000m  459.6640p 
  100.00000m    2.2980n 
  150.00000m   10.8393n 
  200.00000m   46.4917n 
  250.00000m  176.9234n 
  300.00000m  588.6659n 
  350.00000m    1.6476u 
  400.00000m    3.7583u 
  450.00000m    7.1066u 
  500.00000m   11.6398u 
  550.00000m   17.2159u 
  600.00000m   23.6975u 
  650.00000m   30.9726u 
  700.00000m   38.9481u 
  750.00000m   47.5421u 
  800.00000m   56.6791u 
  850.00000m   66.2885u 
  900.00000m   76.3032u 
  950.00000m   86.6594u 
    1.00000    97.2957u 
y
 vth0_value= 252.3590m
 u0_param=  49.5912m
 ags_param= 422.2345m
 
   *** monte carlo  index = 366 ***
x

 volt         param     
             i_d_0.9    
    0.        112.7653p 
   50.00000m  576.8800p 
  100.00000m    2.8689n 
  150.00000m   13.4003n 
  200.00000m   56.6797n 
  250.00000m  212.3387n 
  300.00000m  693.2519n 
  350.00000m    1.8931u 
  400.00000m    4.2107u 
  450.00000m    7.8008u 
  500.00000m   12.5891u 
  550.00000m   18.4269u 
  600.00000m   25.1763u 
  650.00000m   32.7252u 
  700.00000m   40.9796u 
  750.00000m   49.8567u 
  800.00000m   59.2797u 
  850.00000m   69.1766u 
  900.00000m   79.4793u 
  950.00000m   90.1228u 
    1.00000   101.0445u 
y
 vth0_value= 246.1718m
 u0_param=  50.6792m
 ags_param= 415.6653m
 
   *** monte carlo  index = 367 ***
x

 volt         param     
             i_d_0.9    
    0.         81.4655p 
   50.00000m  417.2839p 
  100.00000m    2.0917n 
  150.00000m    9.9158n 
  200.00000m   42.8429n 
  250.00000m  164.3911n 
  300.00000m  552.2961n 
  350.00000m    1.5656u 
  400.00000m    3.6193u 
  450.00000m    6.9191u 
  500.00000m   11.4227u 
  550.00000m   16.9876u 
  600.00000m   23.4732u 
  650.00000m   30.7645u 
  700.00000m   38.7664u 
  750.00000m   47.3955u 
  800.00000m   56.5752u 
  850.00000m   66.2341u 
  900.00000m   76.3043u 
  950.00000m   86.7214u 
    1.00000    97.4236u 
y
 vth0_value= 255.6881m
 u0_param=  50.2021m
 ags_param= 422.9031m
 
   *** monte carlo  index = 368 ***
x

 volt         param     
             i_d_0.9    
    0.         89.1135p 
   50.00000m  456.3042p 
  100.00000m    2.2819n 
  150.00000m   10.7693n 
  200.00000m   46.2282n 
  250.00000m  176.0767n 
  300.00000m  586.4549n 
  350.00000m    1.6436u 
  400.00000m    3.7545u 
  450.00000m    7.1074u 
  500.00000m   11.6507u 
  550.00000m   17.2413u 
  600.00000m   23.7413u 
  650.00000m   31.0380u 
  700.00000m   39.0377u 
  750.00000m   47.6581u 
  800.00000m   56.8234u 
  850.00000m   66.4626u 
  900.00000m   76.5085u 
  950.00000m   86.8970u 
    1.00000    97.5666u 
y
 vth0_value= 252.7211m
 u0_param=  49.8046m
 ags_param= 419.6781m
 
   *** monte carlo  index = 369 ***
x

 volt         param     
             i_d_0.9    
    0.        136.8326p 
   50.00000m  698.8783p 
  100.00000m    3.4564n 
  150.00000m   15.9841n 
  200.00000m   66.6908n 
  250.00000m  246.1023n 
  300.00000m  788.6889n 
  350.00000m    2.1032u 
  400.00000m    4.5695u 
  450.00000m    8.3098u 
  500.00000m   13.2340u 
  550.00000m   19.1927u 
  600.00000m   26.0513u 
  650.00000m   33.7007u 
  700.00000m   42.0486u 
  750.00000m   51.0129u 
  800.00000m   60.5174u 
  850.00000m   70.4906u 
  900.00000m   80.8645u 
  950.00000m   91.5740u 
    1.00000   102.5569u 
y
 vth0_value= 240.2315m
 u0_param=  50.5189m
 ags_param= 431.2399m
 
   *** monte carlo  index = 370 ***
x

 volt         param     
             i_d_0.9    
    0.         57.7476p 
   50.00000m  295.5237p 
  100.00000m    1.4909n 
  150.00000m    7.1610n 
  200.00000m   31.5583n 
  250.00000m  123.9167n 
  300.00000m  427.5709n 
  350.00000m    1.2557u 
  400.00000m    3.0167u 
  450.00000m    5.9577u 
  500.00000m   10.0738u 
  550.00000m   15.2362u 
  600.00000m   21.3070u 
  650.00000m   28.1715u 
  700.00000m   35.7359u 
  750.00000m   43.9184u 
  800.00000m   52.6447u 
  850.00000m   61.8455u 
  900.00000m   71.4548u 
  950.00000m   81.4101u 
    1.00000    91.6516u 
y
 vth0_value= 264.9481m
 u0_param=  48.4184m
 ags_param= 415.5355m
 
   *** monte carlo  index = 371 ***
x

 volt         param     
             i_d_0.9    
    0.         87.3345p 
   50.00000m  447.4202p 
  100.00000m    2.2405n 
  150.00000m   10.5998n 
  200.00000m   45.6610n 
  250.00000m  174.5950n 
  300.00000m  584.1312n 
  350.00000m    1.6467u 
  400.00000m    3.7846u 
  450.00000m    7.1997u 
  500.00000m   11.8428u 
  550.00000m   17.5662u 
  600.00000m   24.2262u 
  650.00000m   31.7052u 
  700.00000m   39.9061u 
  750.00000m   48.7435u 
  800.00000m   58.1395u 
  850.00000m   68.0210u 
  900.00000m   78.3188u 
  950.00000m   88.9673u 
    1.00000    99.9036u 
y
 vth0_value= 254.3350m
 u0_param=  51.3891m
 ags_param= 417.8965m
 
   *** monte carlo  index = 372 ***
x

 volt         param     
             i_d_0.9    
    0.         30.2666p 
   50.00000m  153.5931p 
  100.00000m  782.6497p 
  150.00000m    3.8475n 
  200.00000m   17.6094n 
  250.00000m   72.4697n 
  300.00000m  263.4250n 
  350.00000m  828.1782n 
  400.00000m    2.1557u 
  450.00000m    4.5754u 
  500.00000m    8.1686u 
  550.00000m   12.8371u 
  600.00000m   18.4411u 
  650.00000m   24.8584u 
  700.00000m   31.9901u 
  750.00000m   39.7523u 
  800.00000m   48.0699u 
  850.00000m   56.8736u 
  900.00000m   66.0978u 
  950.00000m   75.6807u 
    1.00000    85.5630u 
y
 vth0_value= 284.3701m
 u0_param=  47.9543m
 ags_param= 402.8867m
 
   *** monte carlo  index = 373 ***
x

 volt         param     
             i_d_0.9    
    0.         47.9640p 
   50.00000m  245.2241p 
  100.00000m    1.2422n 
  150.00000m    6.0174n 
  200.00000m   26.8750n 
  250.00000m  107.2285n 
  300.00000m  376.6435n 
  350.00000m    1.1324u 
  400.00000m    2.7944u 
  450.00000m    5.6485u 
  500.00000m    9.7164u 
  550.00000m   14.8726u 
  600.00000m   20.9723u 
  650.00000m   27.8942u 
  700.00000m   35.5391u 
  750.00000m   43.8222u 
  800.00000m   52.6663u 
  850.00000m   62.0001u 
  900.00000m   71.7559u 
  950.00000m   81.8697u 
    1.00000    92.2803u 
y
 vth0_value= 271.5235m
 u0_param=  49.8508m
 ags_param= 415.0635m
 
   *** monte carlo  index = 374 ***
x

 volt         param     
             i_d_0.9    
    0.        176.3898p 
   50.00000m  898.5705p 
  100.00000m    4.4106n 
  150.00000m   20.1320n 
  200.00000m   82.5553n 
  250.00000m  298.9040n 
  300.00000m  935.0886n 
  350.00000m    2.4198u 
  400.00000m    5.1088u 
  450.00000m    9.0857u 
  500.00000m   14.2419u 
  550.00000m   20.4258u 
  600.00000m   27.5050u 
  650.00000m   35.3719u 
  700.00000m   43.9349u 
  750.00000m   53.1118u 
  800.00000m   62.8260u 
  850.00000m   73.0055u 
  900.00000m   83.5817u 
  950.00000m   94.4891u 
    1.00000   105.6648u 
y
 vth0_value= 232.8800m
 u0_param=  51.0121m
 ags_param= 424.6391m
 
   *** monte carlo  index = 375 ***
x

 volt         param     
             i_d_0.9    
    0.        211.7364p 
   50.00000m    1.0752n 
  100.00000m    5.2389n 
  150.00000m   23.6202n 
  200.00000m   95.3599n 
  250.00000m  339.4418n 
  300.00000m    1.0389u 
  350.00000m    2.6181u 
  400.00000m    5.3950u 
  450.00000m    9.4195u 
  500.00000m   14.5760u 
  550.00000m   20.7191u 
  600.00000m   27.7245u 
  650.00000m   35.4905u 
  700.00000m   43.9299u 
  750.00000m   52.9633u 
  800.00000m   62.5169u 
  850.00000m   72.5205u 
  900.00000m   82.9075u 
  950.00000m   93.6140u 
    1.00000   104.5780u 
y
 vth0_value= 226.3244m
 u0_param=  49.3968m
 ags_param= 425.9400m
 
   *** monte carlo  index = 376 ***
x

 volt         param     
             i_d_0.9    
    0.         74.3344p 
   50.00000m  380.6931p 
  100.00000m    1.9113n 
  150.00000m    9.0893n 
  200.00000m   39.4565n 
  250.00000m  152.2218n 
  300.00000m  514.6985n 
  350.00000m    1.4715u 
  400.00000m    3.4326u 
  450.00000m    6.6121u 
  500.00000m   10.9768u 
  550.00000m   16.3892u 
  600.00000m   22.7111u 
  650.00000m   29.8288u 
  700.00000m   37.6486u 
  750.00000m   46.0885u 
  800.00000m   55.0732u 
  850.00000m   64.5325u 
  900.00000m   74.3996u 
  950.00000m   84.6110u 
    1.00000    95.1060u 
y
 vth0_value= 257.8386m
 u0_param=  49.2414m
 ags_param= 422.2873m
 
   *** monte carlo  index = 377 ***
x

 volt         param     
             i_d_0.9    
    0.         42.1661p 
   50.00000m  215.1882p 
  100.00000m    1.0913n 
  150.00000m    5.3027n 
  200.00000m   23.8010n 
  250.00000m   95.5551n 
  300.00000m  338.0168n 
  350.00000m    1.0259u 
  400.00000m    2.5593u 
  450.00000m    5.2244u 
  500.00000m    9.0547u 
  550.00000m   13.9352u 
  600.00000m   19.7281u 
  650.00000m   26.3168u 
  700.00000m   33.6062u 
  750.00000m   41.5146u 
  800.00000m   49.9684u 
  850.00000m   58.8988u 
  900.00000m   68.2408u 
  950.00000m   77.9327u 
    1.00000    87.9153u 
y
 vth0_value= 274.0247m
 u0_param=  47.6813m
 ags_param= 421.5857m
 
   *** monte carlo  index = 378 ***
x

 volt         param     
             i_d_0.9    
    0.        145.8658p 
   50.00000m  744.6703p 
  100.00000m    3.6770n 
  150.00000m   16.9561n 
  200.00000m   70.4763n 
  250.00000m  258.9727n 
  300.00000m  825.5217n 
  350.00000m    2.1866u 
  400.00000m    4.7199u 
  450.00000m    8.5393u 
  500.00000m   13.5494u 
  550.00000m   19.5987u 
  600.00000m   26.5523u 
  650.00000m   34.3003u 
  700.00000m   42.7500u 
  750.00000m   51.8186u 
  800.00000m   61.4295u 
  850.00000m   71.5104u 
  900.00000m   81.9928u 
  950.00000m   92.8114u 
    1.00000   103.9032u 
y
 vth0_value= 238.6007m
 u0_param=  50.9896m
 ags_param= 427.8921m
 
   *** monte carlo  index = 379 ***
x

 volt         param     
             i_d_0.9    
    0.         73.2797p 
   50.00000m  375.2261p 
  100.00000m    1.8838n 
  150.00000m    8.9585n 
  200.00000m   38.8898n 
  250.00000m  150.0450n 
  300.00000m  507.4015n 
  350.00000m    1.4509u 
  400.00000m    3.3852u 
  450.00000m    6.5221u 
  500.00000m   10.8296u 
  550.00000m   16.1722u 
  600.00000m   22.4140u 
  650.00000m   29.4430u 
  700.00000m   37.1667u 
  750.00000m   45.5043u 
  800.00000m   54.3816u 
  850.00000m   63.7289u 
  900.00000m   73.4805u 
  950.00000m   83.5735u 
    1.00000    93.9477u 
y
 vth0_value= 257.8421m
 u0_param=  48.5880m
 ags_param= 422.4897m
 
   *** monte carlo  index = 380 ***
x

 volt         param     
             i_d_0.9    
    0.        170.8028p 
   50.00000m  870.1616p 
  100.00000m    4.2729n 
  150.00000m   19.5174n 
  200.00000m   80.1127n 
  250.00000m  290.3877n 
  300.00000m  909.8070n 
  350.00000m    2.3587u 
  400.00000m    4.9887u 
  450.00000m    8.8846u 
  500.00000m   13.9415u 
  550.00000m   20.0109u 
  600.00000m   26.9630u 
  650.00000m   34.6923u 
  700.00000m   43.1088u 
  750.00000m   52.1315u 
  800.00000m   61.6854u 
  850.00000m   71.6993u 
  900.00000m   82.1058u 
  950.00000m   92.8403u 
    1.00000   103.8407u 
y
 vth0_value= 233.2691m
 u0_param=  50.0988m
 ags_param= 426.6821m
 
   *** monte carlo  index = 381 ***
x

 volt         param     
             i_d_0.9    
    0.        135.9694p 
   50.00000m  694.6709p 
  100.00000m    3.4378n 
  150.00000m   15.9151n 
  200.00000m   66.4982n 
  250.00000m  245.7674n 
  300.00000m  789.0782n 
  350.00000m    2.1091u 
  400.00000m    4.5928u 
  450.00000m    8.3664u 
  500.00000m   13.3398u 
  550.00000m   19.3607u 
  600.00000m   26.2924u 
  650.00000m   34.0235u 
  700.00000m   42.4604u 
  750.00000m   51.5197u 
  800.00000m   61.1242u 
  850.00000m   71.2015u 
  900.00000m   81.6827u 
  950.00000m   92.5023u 
    1.00000   103.5972u 
y
 vth0_value= 240.8630m
 u0_param=  51.2154m
 ags_param= 412.9604m
 
   *** monte carlo  index = 382 ***
x

 volt         param     
             i_d_0.9    
    0.         89.1409p 
   50.00000m  456.3581p 
  100.00000m    2.2813n 
  150.00000m   10.7595n 
  200.00000m   46.1428n 
  250.00000m  175.5731n 
  300.00000m  584.1020n 
  350.00000m    1.6346u 
  400.00000m    3.7280u 
  450.00000m    7.0486u 
  500.00000m   11.5444u 
  550.00000m   17.0747u 
  600.00000m   23.5036u 
  650.00000m   30.7203u 
  700.00000m   38.6325u 
  750.00000m   47.1590u 
  800.00000m   56.2251u 
  850.00000m   65.7606u 
  900.00000m   75.6989u 
  950.00000m   85.9767u 
    1.00000    96.5331u 
y
 vth0_value= 252.2912m
 u0_param=  49.1567m
 ags_param= 421.1897m
 
   *** monte carlo  index = 383 ***
x

 volt         param     
             i_d_0.9    
    0.        146.3317p 
   50.00000m  746.7394p 
  100.00000m    3.6842n 
  150.00000m   16.9655n 
  200.00000m   70.3868n 
  250.00000m  258.1459n 
  300.00000m  820.9495n 
  350.00000m    2.1681u 
  400.00000m    4.6669u 
  450.00000m    8.4255u 
  500.00000m   13.3496u 
  550.00000m   19.2918u 
  600.00000m   26.1206u 
  650.00000m   33.7292u 
  700.00000m   42.0271u 
  750.00000m   50.9334u 
  800.00000m   60.3731u 
  850.00000m   70.2752u 
  900.00000m   80.5726u 
  950.00000m   91.2008u 
    1.00000   102.0981u 
y
 vth0_value= 237.8008m
 u0_param=  49.8878m
 ags_param= 426.5194m
 
   *** monte carlo  index = 384 ***
x

 volt         param     
             i_d_0.9    
    0.        170.3624p 
   50.00000m  868.0929p 
  100.00000m    4.2645n 
  150.00000m   19.4920n 
  200.00000m   80.0775n 
  250.00000m  290.5245n 
  300.00000m  911.2754n 
  350.00000m    2.3658u 
  400.00000m    5.0102u 
  450.00000m    8.9317u 
  500.00000m   14.0247u 
  550.00000m   20.1392u 
  600.00000m   27.1439u 
  650.00000m   34.9320u 
  700.00000m   43.4125u 
  750.00000m   52.5039u 
  800.00000m   62.1303u 
  850.00000m   72.2201u 
  900.00000m   82.7053u 
  950.00000m   93.5209u 
    1.00000   104.6043u 
y
 vth0_value= 233.6409m
 u0_param=  50.5574m
 ags_param= 432.1587m
 
   *** monte carlo  index = 385 ***
x

 volt         param     
             i_d_0.9    
    0.         75.1579p 
   50.00000m  384.9349p 
  100.00000m    1.9324n 
  150.00000m    9.1872n 
  200.00000m   39.8666n 
  250.00000m  153.7350n 
  300.00000m  519.5315n 
  350.00000m    1.4842u 
  400.00000m    3.4595u 
  450.00000m    6.6595u 
  500.00000m   11.0497u 
  550.00000m   16.4917u 
  600.00000m   22.8463u 
  650.00000m   29.9995u 
  700.00000m   37.8568u 
  750.00000m   46.3358u 
  800.00000m   55.3611u 
  850.00000m   64.8619u 
  900.00000m   74.7712u 
  950.00000m   85.0253u 
    1.00000    95.5632u 
y
 vth0_value= 257.6677m
 u0_param=  49.4912m
 ags_param= 408.7188m
 
   *** monte carlo  index = 386 ***
x

 volt         param     
             i_d_0.9    
    0.        131.5519p 
   50.00000m  671.6411p 
  100.00000m    3.3207n 
  150.00000m   15.3502n 
  200.00000m   64.0148n 
  250.00000m  236.1358n 
  300.00000m  756.4899n 
  350.00000m    2.0165u 
  400.00000m    4.3797u 
  450.00000m    7.9635u 
  500.00000m   12.6831u 
  550.00000m   18.3968u 
  600.00000m   24.9771u 
  650.00000m   32.3199u 
  700.00000m   40.3374u 
  750.00000m   48.9509u 
  800.00000m   58.0876u 
  850.00000m   67.6786u 
  900.00000m   77.6584u 
  950.00000m   87.9643u 
    1.00000    98.5359u 
y
 vth0_value= 239.9826m
 u0_param=  48.3161m
 ags_param= 427.1866m
 
   *** monte carlo  index = 387 ***
x

 volt         param     
             i_d_0.9    
    0.        111.5343p 
   50.00000m  570.5604p 
  100.00000m    2.8377n 
  150.00000m   13.2567n 
  200.00000m   56.0862n 
  250.00000m  210.1771n 
  300.00000m  686.4579n 
  350.00000m    1.8755u 
  400.00000m    4.1737u 
  450.00000m    7.7355u 
  500.00000m   12.4880u 
  550.00000m   18.2836u 
  600.00000m   24.9857u 
  650.00000m   32.4828u 
  700.00000m   40.6819u 
  750.00000m   49.5005u 
  800.00000m   58.8625u 
  850.00000m   68.6964u 
  900.00000m   78.9343u 
  950.00000m   89.5117u 
    1.00000   100.3663u 
y
 vth0_value= 246.2730m
 u0_param=  50.3175m
 ags_param= 418.2906m
 
   *** monte carlo  index = 388 ***
x

 volt         param     
             i_d_0.9    
    0.        102.0311p 
   50.00000m  522.0104p 
  100.00000m    2.6003n 
  150.00000m   12.1837n 
  200.00000m   51.7630n 
  250.00000m  194.9002n 
  300.00000m  640.3070n 
  350.00000m    1.7628u 
  400.00000m    3.9533u 
  450.00000m    7.3733u 
  500.00000m   11.9584u 
  550.00000m   17.5665u 
  600.00000m   24.0644u 
  650.00000m   31.3432u 
  700.00000m   39.3121u 
  750.00000m   47.8906u 
  800.00000m   57.0045u 
  850.00000m   66.5839u 
  900.00000m   76.5625u 
  950.00000m   86.8771u 
    1.00000    97.4667u 
y
 vth0_value= 248.1005m
 u0_param=  48.9878m
 ags_param= 436.5929m
 
   *** monte carlo  index = 389 ***
x

 volt         param     
             i_d_0.9    
    0.        220.3925p 
   50.00000m    1.1190n 
  100.00000m    5.4493n 
  150.00000m   24.5463n 
  200.00000m   98.9795n 
  250.00000m  351.8282n 
  300.00000m    1.0747u 
  350.00000m    2.7024u 
  400.00000m    5.5570u 
  450.00000m    9.6864u 
  500.00000m   14.9704u 
  550.00000m   21.2597u 
  600.00000m   28.4272u 
  650.00000m   36.3686u 
  700.00000m   44.9947u 
  750.00000m   54.2244u 
  800.00000m   63.9824u 
  850.00000m   74.1970u 
  900.00000m   84.8004u 
  950.00000m   95.7275u 
    1.00000   106.9154u 
y
 vth0_value= 225.8512m
 u0_param=  50.5362m
 ags_param= 429.8815m
 
   *** monte carlo  index = 390 ***
x

 volt         param     
             i_d_0.9    
    0.         55.2379p 
   50.00000m  282.6748p 
  100.00000m    1.4279n 
  150.00000m    6.8761n 
  200.00000m   30.4235n 
  250.00000m  120.0216n 
  300.00000m  416.2964n 
  350.00000m    1.2310u 
  400.00000m    2.9803u 
  450.00000m    5.9250u 
  500.00000m   10.0669u 
  550.00000m   15.2766u 
  600.00000m   21.4124u 
  650.00000m   28.3564u 
  700.00000m   36.0122u 
  750.00000m   44.2964u 
  800.00000m   53.1333u 
  850.00000m   62.4520u 
  900.00000m   72.1857u 
  950.00000m   82.2710u 
    1.00000    92.6471u 
y
 vth0_value= 266.8818m
 u0_param=  49.3097m
 ags_param= 410.9058m
 
   *** monte carlo  index = 391 ***
x

 volt         param     
             i_d_0.9    
    0.         49.9582p 
   50.00000m  255.4381p 
  100.00000m    1.2923n 
  150.00000m    6.2436n 
  200.00000m   27.7708n 
  250.00000m  110.2551n 
  300.00000m  385.1779n 
  350.00000m    1.1499u 
  400.00000m    2.8143u 
  450.00000m    5.6482u 
  500.00000m    9.6650u 
  550.00000m   14.7405u 
  600.00000m   20.7348u 
  650.00000m   27.5310u 
  700.00000m   35.0333u 
  750.00000m   43.1592u 
  800.00000m   51.8340u 
  850.00000m   60.9876u 
  900.00000m   70.5543u 
  950.00000m   80.4711u 
    1.00000    90.6782u 
y
 vth0_value= 269.4577m
 u0_param=  48.5810m
 ags_param= 411.5825m
 
   *** monte carlo  index = 392 ***
x

 volt         param     
             i_d_0.9    
    0.        131.0295p 
   50.00000m  669.2630p 
  100.00000m    3.3119n 
  150.00000m   15.3322n 
  200.00000m   64.0660n 
  250.00000m  236.8206n 
  300.00000m  760.6118n 
  350.00000m    2.0339u 
  400.00000m    4.4313u 
  450.00000m    8.0763u 
  500.00000m   12.8833u 
  550.00000m   18.7066u 
  600.00000m   25.4148u 
  650.00000m   32.9008u 
  700.00000m   41.0743u 
  750.00000m   49.8549u 
  800.00000m   59.1678u 
  850.00000m   68.9428u 
  900.00000m   79.1131u 
  950.00000m   89.6148u 
    1.00000   100.3865u 
y
 vth0_value= 240.8549m
 u0_param=  49.4563m
 ags_param= 421.4535m
 
   *** monte carlo  index = 393 ***
x

 volt         param     
             i_d_0.9    
    0.        167.0237p 
   50.00000m  851.1169p 
  100.00000m    4.1822n 
  150.00000m   19.1249n 
  200.00000m   78.6187n 
  250.00000m  285.4374n 
  300.00000m  896.1614n 
  350.00000m    2.3293u 
  400.00000m    4.9382u 
  450.00000m    8.8109u 
  500.00000m   13.8437u 
  550.00000m   19.8883u 
  600.00000m   26.8148u 
  650.00000m   34.5174u 
  700.00000m   42.9061u 
  750.00000m   51.9002u 
  800.00000m   61.4243u 
  850.00000m   71.4077u 
  900.00000m   81.7829u 
  950.00000m   92.4854u 
    1.00000   103.4532u 
y
 vth0_value= 233.8975m
 u0_param=  50.0258m
 ags_param= 403.5009m
 
   *** monte carlo  index = 394 ***
x

 volt         param     
             i_d_0.9    
    0.         70.7307p 
   50.00000m  362.2272p 
  100.00000m    1.8205n 
  150.00000m    8.6758n 
  200.00000m   37.7806n 
  250.00000m  146.2867n 
  300.00000m  496.7167n 
  350.00000m    1.4280u 
  400.00000m    3.3512u 
  450.00000m    6.4878u 
  500.00000m   10.8100u 
  550.00000m   16.1817u 
  600.00000m   22.4641u 
  650.00000m   29.5432u 
  700.00000m   37.3250u 
  750.00000m   45.7274u 
  800.00000m   54.6751u 
  850.00000m   64.0979u 
  900.00000m   73.9291u 
  950.00000m   84.1054u 
    1.00000    94.5660u 
y
 vth0_value= 259.3012m
 u0_param=  49.1779m
 ags_param= 416.8005m
 
   *** monte carlo  index = 395 ***
x

 volt         param     
             i_d_0.9    
    0.        131.4567p 
   50.00000m  671.5127p 
  100.00000m    3.3235n 
  150.00000m   15.3900n 
  200.00000m   64.3290n 
  250.00000m  237.8739n 
  300.00000m  764.3017n 
  350.00000m    2.0449u 
  400.00000m    4.4572u 
  450.00000m    8.1265u 
  500.00000m   12.9664u 
  550.00000m   18.8301u 
  600.00000m   25.5847u 
  650.00000m   33.1223u 
  700.00000m   41.3519u 
  750.00000m   50.1923u 
  800.00000m   59.5683u 
  850.00000m   69.4092u 
  900.00000m   79.6476u 
  950.00000m   90.2195u 
    1.00000   101.0629u 
y
 vth0_value= 241.0045m
 u0_param=  49.8384m
 ags_param= 427.0305m
 
   *** monte carlo  index = 396 ***
x

 volt         param     
             i_d_0.9    
    0.        107.5943p 
   50.00000m  550.5435p 
  100.00000m    2.7410n 
  150.00000m   12.8282n 
  200.00000m   54.4132n 
  250.00000m  204.4929n 
  300.00000m  670.2200n 
  350.00000m    1.8394u 
  400.00000m    4.1119u 
  450.00000m    7.6489u 
  500.00000m   12.3804u 
  550.00000m   18.1592u 
  600.00000m   24.8478u 
  650.00000m   32.3342u 
  700.00000m   40.5249u 
  750.00000m   49.3372u 
  800.00000m   58.6948u 
  850.00000m   68.5260u 
  900.00000m   78.7631u 
  950.00000m   89.3411u 
    1.00000   100.1980u 
y
 vth0_value= 247.4092m
 u0_param=  50.3966m
 ags_param= 427.0663m
 
   *** monte carlo  index = 397 ***
x

 volt         param     
             i_d_0.9    
    0.        204.4549p 
   50.00000m    1.0393n 
  100.00000m    5.0745n 
  150.00000m   22.9584n 
  200.00000m   93.0880n 
  250.00000m  332.8974n 
  300.00000m    1.0250u 
  350.00000m    2.6016u 
  400.00000m    5.3956u 
  450.00000m    9.4659u 
  500.00000m   14.6963u 
  550.00000m   20.9370u 
  600.00000m   28.0593u 
  650.00000m   35.9583u 
  700.00000m   44.5442u 
  750.00000m   53.7357u 
  800.00000m   63.4573u 
  850.00000m   73.6373u 
  900.00000m   84.2077u 
  950.00000m   95.1035u 
    1.00000   106.2619u 
y
 vth0_value= 228.1417m
 u0_param=  50.5718m
 ags_param= 420.8188m
 
   *** monte carlo  index = 398 ***
x

 volt         param     
             i_d_0.9    
    0.        154.8013p 
   50.00000m  789.6626p 
  100.00000m    3.8908n 
  150.00000m   17.8762n 
  200.00000m   73.9379n 
  250.00000m  270.2468n 
  300.00000m  855.7055n 
  350.00000m    2.2476u 
  400.00000m    4.8129u 
  450.00000m    8.6535u 
  500.00000m   13.6703u 
  550.00000m   19.7135u 
  600.00000m   26.6505u 
  650.00000m   34.3733u 
  700.00000m   42.7906u 
  750.00000m   51.8206u 
  800.00000m   61.3873u 
  850.00000m   71.4191u 
  900.00000m   81.8481u 
  950.00000m   92.6094u 
    1.00000   103.6403u 
y
 vth0_value= 236.5060m
 u0_param=  50.5163m
 ags_param= 422.1708m
 
   *** monte carlo  index = 399 ***
x

 volt         param     
             i_d_0.9    
    0.        161.7274p 
   50.00000m  824.5582p 
  100.00000m    4.0569n 
  150.00000m   18.5932n 
  200.00000m   76.6534n 
  250.00000m  279.1759n 
  300.00000m  880.0009n 
  350.00000m    2.2985u 
  400.00000m    4.8958u 
  450.00000m    8.7665u 
  500.00000m   13.8089u 
  550.00000m   19.8733u 
  600.00000m   26.8282u 
  650.00000m   34.5664u 
  700.00000m   42.9972u 
  750.00000m   52.0389u 
  800.00000m   61.6160u 
  850.00000m   71.6568u 
  900.00000m   82.0936u 
  950.00000m   92.8615u 
    1.00000   103.8980u 
y
 vth0_value= 235.1207m
 u0_param=  50.4159m
 ags_param= 433.1109m
 
   *** monte carlo  index = 400 ***
x

 volt         param     
             i_d_0.9    
    0.         81.9110p 
   50.00000m  419.5287p 
  100.00000m    2.1024n 
  150.00000m    9.9612n 
  200.00000m   43.0061n 
  250.00000m  164.8773n 
  300.00000m  553.3916n 
  350.00000m    1.5667u 
  400.00000m    3.6170u 
  450.00000m    6.9072u 
  500.00000m   11.3942u 
  550.00000m   16.9363u 
  600.00000m   23.3942u 
  650.00000m   30.6536u 
  700.00000m   38.6201u 
  750.00000m   47.2109u 
  800.00000m   56.3499u 
  850.00000m   65.9659u 
  900.00000m   75.9915u 
  950.00000m   86.3626u 
    1.00000    97.0175u 
y
 vth0_value= 255.3374m
 u0_param=  49.9122m
 ags_param= 425.4156m
 
   *** monte carlo  index = 401 ***
x

 volt         param     
             i_d_0.9    
    0.        111.5941p 
   50.00000m  570.6132p 
  100.00000m    2.8356n 
  150.00000m   13.2267n 
  200.00000m   55.8453n 
  250.00000m  208.8200n 
  300.00000m  680.2845n 
  350.00000m    1.8525u 
  400.00000m    4.1092u 
  450.00000m    7.5968u 
  500.00000m   12.2430u 
  550.00000m   17.9050u 
  600.00000m   24.4507u 
  650.00000m   31.7726u 
  700.00000m   39.7805u 
  750.00000m   48.3942u 
  800.00000m   57.5397u 
  850.00000m   67.1473u 
  900.00000m   77.1507u 
  950.00000m   87.4867u 
    1.00000    98.0945u 
y
 vth0_value= 245.3575m
 u0_param=  48.9306m
 ags_param= 414.3595m
 
   *** monte carlo  index = 402 ***
x

 volt         param     
             i_d_0.9    
    0.        151.6540p 
   50.00000m  773.4172p 
  100.00000m    3.8098n 
  150.00000m   17.4970n 
  200.00000m   72.3352n 
  250.00000m  264.2766n 
  300.00000m  836.4210n 
  350.00000m    2.1958u 
  400.00000m    4.6996u 
  450.00000m    8.4473u 
  500.00000m   13.3432u 
  550.00000m   19.2420u 
  600.00000m   26.0152u 
  650.00000m   33.5582u 
  700.00000m   41.7820u 
  750.00000m   50.6070u 
  800.00000m   59.9592u 
  850.00000m   69.7686u 
  900.00000m   79.9687u 
  950.00000m   90.4959u 
    1.00000   101.2887u 
y
 vth0_value= 236.2787m
 u0_param=  49.2062m
 ags_param= 432.1570m
 
   *** monte carlo  index = 403 ***
x

 volt         param     
             i_d_0.9    
    0.         41.6911p 
   50.00000m  212.7134p 
  100.00000m    1.0788n 
  150.00000m    5.2417n 
  200.00000m   23.5294n 
  250.00000m   94.4752n 
  300.00000m  334.2481n 
  350.00000m    1.0147u 
  400.00000m    2.5319u 
  450.00000m    5.1698u 
  500.00000m    8.9617u 
  550.00000m   13.7941u 
  600.00000m   19.5308u 
  650.00000m   26.0561u 
  700.00000m   33.2761u 
  750.00000m   41.1099u 
  800.00000m   49.4843u 
  850.00000m   58.3313u 
  900.00000m   67.5864u 
  950.00000m   77.1884u 
    1.00000    87.0786u 
y
 vth0_value= 274.0608m
 u0_param=  47.2232m
 ags_param= 401.3293m
 
   *** monte carlo  index = 404 ***
x

 volt         param     
             i_d_0.9    
    0.        120.8975p 
   50.00000m  618.1968p 
  100.00000m    3.0688n 
  150.00000m   14.2859n 
  200.00000m   60.1465n 
  250.00000m  224.1706n 
  300.00000m  727.2869n 
  350.00000m    1.9700u 
  400.00000m    4.3465u 
  450.00000m    8.0005u 
  500.00000m   12.8517u 
  550.00000m   18.7504u 
  600.00000m   25.5593u 
  650.00000m   33.1668u 
  700.00000m   41.4793u 
  750.00000m   50.4138u 
  800.00000m   59.8936u 
  850.00000m   69.8465u 
  900.00000m   80.2043u 
  950.00000m   90.9018u 
    1.00000   101.8764u 
y
 vth0_value= 244.1473m
 u0_param=  50.8010m
 ags_param= 419.5674m
 
   *** monte carlo  index = 405 ***
x

 volt         param     
             i_d_0.9    
    0.         72.9857p 
   50.00000m  373.8447p 
  100.00000m    1.8782n 
  150.00000m    8.9442n 
  200.00000m   38.9048n 
  250.00000m  150.4351n 
  300.00000m  509.9763n 
  350.00000m    1.4630u 
  400.00000m    3.4252u 
  450.00000m    6.6179u 
  500.00000m   11.0103u 
  550.00000m   16.4636u 
  600.00000m   22.8371u 
  650.00000m   30.0154u 
  700.00000m   37.9032u 
  750.00000m   46.4174u 
  800.00000m   55.4818u 
  850.00000m   65.0254u 
  900.00000m   74.9807u 
  950.00000m   85.2837u 
    1.00000    95.8729u 
y
 vth0_value= 258.7747m
 u0_param=  49.8313m
 ags_param= 419.6730m
 
   *** monte carlo  index = 406 ***
x

 volt         param     
             i_d_0.9    
    0.        172.8536p 
   50.00000m  880.4239p 
  100.00000m    4.3211n 
  150.00000m   19.7206n 
  200.00000m   80.8575n 
  250.00000m  292.7359n 
  300.00000m  915.7654n 
  350.00000m    2.3697u 
  400.00000m    5.0032u 
  450.00000m    8.8986u 
  500.00000m   13.9505u 
  550.00000m   20.0110u 
  600.00000m   26.9512u 
  650.00000m   34.6658u 
  700.00000m   43.0655u 
  750.00000m   52.0696u 
  800.00000m   61.6032u 
  850.00000m   71.5956u 
  900.00000m   81.9793u 
  950.00000m   92.6900u 
    1.00000   103.6655u 
y
 vth0_value= 232.7996m
 u0_param=  49.9298m
 ags_param= 427.7440m
 
   *** monte carlo  index = 407 ***
x

 volt         param     
             i_d_0.9    
    0.        279.8157p 
   50.00000m    1.4140n 
  100.00000m    6.8155n 
  150.00000m   30.2008n 
  200.00000m  119.3721n 
  250.00000m  415.0519n 
  300.00000m    1.2316u 
  350.00000m    2.9945u 
  400.00000m    5.9774u 
  450.00000m   10.1909u 
  500.00000m   15.5083u 
  550.00000m   21.7879u 
  600.00000m   28.9107u 
  650.00000m   36.7790u 
  700.00000m   45.3075u 
  750.00000m   54.4184u 
  800.00000m   64.0387u 
  850.00000m   74.0989u 
  900.00000m   84.5328u 
  950.00000m   95.2768u 
    1.00000   106.2692u 
y
 vth0_value= 217.5888m
 u0_param=  48.9350m
 ags_param= 418.0046m
 
   *** monte carlo  index = 408 ***
x

 volt         param     
             i_d_0.9    
    0.        147.9648p 
   50.00000m  755.0222p 
  100.00000m    3.7241n 
  150.00000m   17.1420n 
  200.00000m   71.0771n 
  250.00000m  260.5067n 
  300.00000m  827.7635n 
  350.00000m    2.1838u 
  400.00000m    4.6959u 
  450.00000m    8.4710u 
  500.00000m   13.4139u 
  550.00000m   19.3764u 
  600.00000m   26.2268u 
  650.00000m   33.8582u 
  700.00000m   42.1797u 
  750.00000m   51.1103u 
  800.00000m   60.5746u 
  850.00000m   70.5017u 
  900.00000m   80.8242u 
  950.00000m   91.4775u 
    1.00000   102.3998u 
y
 vth0_value= 237.5534m
 u0_param=  50.0235m
 ags_param= 417.5274m
 
   *** monte carlo  index = 409 ***
x

 volt         param     
             i_d_0.9    
    0.         91.2729p 
   50.00000m  467.4619p 
  100.00000m    2.3377n 
  150.00000m   11.0316n 
  200.00000m   47.3468n 
  250.00000m  180.2947n 
  300.00000m  600.2882n 
  350.00000m    1.6816u 
  400.00000m    3.8391u 
  450.00000m    7.2641u 
  500.00000m   11.9024u 
  550.00000m   17.6074u 
  600.00000m   24.2377u 
  650.00000m   31.6781u 
  700.00000m   39.8328u 
  750.00000m   48.6176u 
  800.00000m   57.9553u 
  850.00000m   67.7737u 
  900.00000m   78.0043u 
  950.00000m   88.5819u 
    1.00000    99.4440u 
y
 vth0_value= 252.6647m
 u0_param=  50.8504m
 ags_param= 418.5181m
 
   *** monte carlo  index = 410 ***
x

 volt         param     
             i_d_0.9    
    0.        279.5713p 
   50.00000m    1.4142n 
  100.00000m    6.8280n 
  150.00000m   30.3382n 
  200.00000m  120.2942n 
  250.00000m  419.6726n 
  300.00000m    1.2508u 
  350.00000m    3.0564u 
  400.00000m    6.1269u 
  450.00000m   10.4774u 
  500.00000m   15.9762u 
  550.00000m   22.4740u 
  600.00000m   29.8458u 
  650.00000m   37.9888u 
  700.00000m   46.8139u 
  750.00000m   56.2402u 
  800.00000m   66.1917u 
  850.00000m   76.5966u 
  900.00000m   87.3863u 
  950.00000m   98.4953u 
    1.00000   109.8602u 
y
 vth0_value= 218.9361m
 u0_param=  50.9693m
 ags_param= 426.0339m
 
   *** monte carlo  index = 411 ***
x

 volt         param     
             i_d_0.9    
    0.        108.1265p 
   50.00000m  553.1142p 
  100.00000m    2.7521n 
  150.00000m   12.8666n 
  200.00000m   54.4959n 
  250.00000m  204.4789n 
  300.00000m  668.9216n 
  350.00000m    1.8314u 
  400.00000m    4.0842u 
  450.00000m    7.5829u 
  500.00000m   12.2575u 
  550.00000m   17.9633u 
  600.00000m   24.5656u 
  650.00000m   31.9546u 
  700.00000m   40.0386u 
  750.00000m   48.7361u 
  800.00000m   57.9721u 
  850.00000m   67.6759u 
  900.00000m   77.7806u 
  950.00000m   88.2222u 
    1.00000    98.9393u 
y
 vth0_value= 246.7497m
 u0_param=  49.6027m
 ags_param= 422.3393m
 
   *** monte carlo  index = 412 ***
x

 volt         param     
             i_d_0.9    
    0.         45.2267p 
   50.00000m  231.0162p 
  100.00000m    1.1706n 
  150.00000m    5.6752n 
  200.00000m   25.3840n 
  250.00000m  101.4679n 
  300.00000m  357.1898n 
  350.00000m    1.0771u 
  400.00000m    2.6670u 
  450.00000m    5.4078u 
  500.00000m    9.3249u 
  550.00000m   14.2991u 
  600.00000m   20.1910u 
  650.00000m   26.8833u 
  700.00000m   34.2803u 
  750.00000m   42.2997u 
  800.00000m   50.8670u 
  850.00000m   59.9127u 
  900.00000m   69.3714u 
  950.00000m   79.1806u 
    1.00000    89.2807u 
y
 vth0_value= 272.2453m
 u0_param=  48.2162m
 ags_param= 408.0302m
 
   *** monte carlo  index = 413 ***
x

 volt         param     
             i_d_0.9    
    0.         50.6591p 
   50.00000m  259.1256p 
  100.00000m    1.3114n 
  150.00000m    6.3396n 
  200.00000m   28.2215n 
  250.00000m  112.1537n 
  300.00000m  392.1981n 
  350.00000m    1.1723u 
  400.00000m    2.8733u 
  450.00000m    5.7737u 
  500.00000m    9.8877u 
  550.00000m   15.0876u 
  600.00000m   21.2290u 
  650.00000m   28.1911u 
  700.00000m   35.8752u 
  750.00000m   44.1965u 
  800.00000m   53.0782u 
  850.00000m   62.4487u 
  900.00000m   72.2403u 
  950.00000m   82.3891u 
    1.00000    92.8337u 
y
 vth0_value= 269.8915m
 u0_param=  49.8991m
 ags_param= 420.3266m
 
   *** monte carlo  index = 414 ***
x

 volt         param     
             i_d_0.9    
    0.         54.5434p 
   50.00000m  279.1276p 
  100.00000m    1.4106n 
  150.00000m    6.7987n 
  200.00000m   30.1221n 
  250.00000m  119.0236n 
  300.00000m  413.5663n 
  350.00000m    1.2258u 
  400.00000m    2.9755u 
  450.00000m    5.9288u 
  500.00000m   10.0900u 
  550.00000m   15.3289u 
  600.00000m   21.5022u 
  650.00000m   28.4905u 
  700.00000m   36.1963u 
  750.00000m   44.5354u 
  800.00000m   53.4311u 
  850.00000m   62.8123u 
  900.00000m   72.6116u 
  950.00000m   82.7650u 
    1.00000    93.2113u 
y
 vth0_value= 267.5485m
 u0_param=  49.7464m
 ags_param= 410.9962m
 
   *** monte carlo  index = 415 ***
x

 volt         param     
             i_d_0.9    
    0.         47.2760p 
   50.00000m  241.5895p 
  100.00000m    1.2232n 
  150.00000m    5.9206n 
  200.00000m   26.4108n 
  250.00000m  105.2271n 
  300.00000m  369.0780n 
  350.00000m    1.1077u 
  400.00000m    2.7274u 
  450.00000m    5.5032u 
  500.00000m    9.4547u 
  550.00000m   14.4608u 
  600.00000m   20.3826u 
  650.00000m   27.1034u 
  700.00000m   34.5277u 
  750.00000m   42.5737u 
  800.00000m   51.1667u 
  850.00000m   60.2375u 
  900.00000m   69.7205u 
  950.00000m   79.5533u 
    1.00000    89.6763u 
y
 vth0_value= 270.8994m
 u0_param=  48.2221m
 ags_param= 416.0649m
 
   *** monte carlo  index = 416 ***
x

 volt         param     
             i_d_0.9    
    0.         33.9463p 
   50.00000m  172.7377p 
  100.00000m  879.6379p 
  150.00000m    4.3143n 
  200.00000m   19.6668n 
  250.00000m   80.5089n 
  300.00000m  290.9093n 
  350.00000m  907.5344n 
  400.00000m    2.3399u 
  450.00000m    4.9219u 
  500.00000m    8.7256u 
  550.00000m   13.6426u 
  600.00000m   19.5261u 
  650.00000m   26.2491u 
  700.00000m   33.7086u 
  750.00000m   41.8176u 
  800.00000m   50.4981u 
  850.00000m   59.6778u 
  900.00000m   69.2891u 
  950.00000m   79.2676u 
    1.00000    89.5521u 
y
 vth0_value= 282.1800m
 u0_param=  50.0018m
 ags_param= 410.9447m
 
   *** monte carlo  index = 417 ***
x

 volt         param     
             i_d_0.9    
    0.         63.3438p 
   50.00000m  324.3607p 
  100.00000m    1.6343n 
  150.00000m    7.8271n 
  200.00000m   34.3419n 
  250.00000m  134.1401n 
  300.00000m  460.0531n 
  350.00000m    1.3402u 
  400.00000m    3.1911u 
  450.00000m    6.2537u 
  500.00000m   10.5134u 
  550.00000m   15.8360u 
  600.00000m   22.0804u 
  650.00000m   29.1301u 
  700.00000m   36.8895u 
  750.00000m   45.2754u 
  800.00000m   54.2120u 
  850.00000m   63.6285u 
  900.00000m   73.4578u 
  950.00000m   83.6362u 
    1.00000    94.1027u 
y
 vth0_value= 262.8480m
 u0_param=  49.4945m
 ags_param= 410.7413m
 
   *** monte carlo  index = 418 ***
x

 volt         param     
             i_d_0.9    
    0.         74.4412p 
   50.00000m  381.2305p 
  100.00000m    1.9138n 
  150.00000m    9.0999n 
  200.00000m   39.4939n 
  250.00000m  152.3267n 
  300.00000m  514.8995n 
  350.00000m    1.4715u 
  400.00000m    3.4311u 
  450.00000m    6.6067u 
  500.00000m   10.9650u 
  550.00000m   16.3684u 
  600.00000m   22.6791u 
  650.00000m   29.7836u 
  700.00000m   37.5884u 
  750.00000m   46.0115u 
  800.00000m   54.9780u 
  850.00000m   64.4176u 
  900.00000m   74.2637u 
  950.00000m   84.4530u 
    1.00000    94.9247u 
y
 vth0_value= 257.7333m
 u0_param=  49.1467m
 ags_param= 404.3175m
 
   *** monte carlo  index = 419 ***
x

 volt         param     
             i_d_0.9    
    0.         80.7523p 
   50.00000m  413.7801p 
  100.00000m    2.0760n 
  150.00000m    9.8571n 
  200.00000m   42.6885n 
  250.00000m  164.2244n 
  300.00000m  553.3584n 
  350.00000m    1.5747u 
  400.00000m    3.6551u 
  450.00000m    7.0106u 
  500.00000m   11.6006u 
  550.00000m   17.2788u 
  600.00000m   23.8999u 
  650.00000m   31.3452u 
  700.00000m   39.5164u 
  750.00000m   48.3279u 
  800.00000m   57.7013u 
  850.00000m   67.5634u 
  900.00000m   77.8448u 
  950.00000m   88.4798u 
    1.00000    99.4054u 
y
 vth0_value= 256.7740m
 u0_param=  51.5033m
 ags_param= 426.5640m
 
   *** monte carlo  index = 420 ***
x

 volt         param     
             i_d_0.9    
    0.         40.0627p 
   50.00000m  204.3672p 
  100.00000m    1.0378n 
  150.00000m    5.0567n 
  200.00000m   22.8000n 
  250.00000m   92.0489n 
  300.00000m  327.5981n 
  350.00000m    1.0021u 
  400.00000m    2.5235u 
  450.00000m    5.1944u 
  500.00000m    9.0587u 
  550.00000m   14.0011u 
  600.00000m   19.8794u 
  650.00000m   26.5726u 
  700.00000m   33.9823u 
  750.00000m   42.0243u 
  800.00000m   50.6230u 
  850.00000m   59.7079u 
  900.00000m   69.2127u 
  950.00000m   79.0743u 
    1.00000    89.2325u 
y
 vth0_value= 276.3657m
 u0_param=  48.8541m
 ags_param= 406.1480m
 
   *** monte carlo  index = 421 ***
x

 volt         param     
             i_d_0.9    
    0.         80.4595p 
   50.00000m  412.1564p 
  100.00000m    2.0668n 
  150.00000m    9.8045n 
  200.00000m   42.4052n 
  250.00000m  162.9005n 
  300.00000m  548.0235n 
  350.00000m    1.5563u 
  400.00000m    3.6044u 
  450.00000m    6.9011u 
  500.00000m   11.4054u 
  550.00000m   16.9745u 
  600.00000m   23.4672u 
  650.00000m   30.7678u 
  700.00000m   38.7805u 
  750.00000m   47.4218u 
  800.00000m   56.6149u 
  850.00000m   66.2880u 
  900.00000m   76.3732u 
  950.00000m   86.8058u 
    1.00000    97.5240u 
y
 vth0_value= 256.1607m
 u0_param=  50.3540m
 ags_param= 410.3421m
 
   *** monte carlo  index = 422 ***
x

 volt         param     
             i_d_0.9    
    0.         94.5735p 
   50.00000m  484.2611p 
  100.00000m    2.4192n 
  150.00000m   11.3942n 
  200.00000m   48.7675n 
  250.00000m  185.1272n 
  300.00000m  614.1144n 
  350.00000m    1.7121u 
  400.00000m    3.8893u 
  450.00000m    7.3291u 
  500.00000m   11.9740u 
  550.00000m   17.6776u 
  600.00000m   24.3002u 
  650.00000m   31.7275u 
  700.00000m   39.8648u 
  750.00000m   48.6285u 
  800.00000m   57.9420u 
  850.00000m   67.7333u 
  900.00000m   77.9342u 
  950.00000m   88.4800u 
    1.00000    99.3083u 
y
 vth0_value= 251.4118m
 u0_param=  50.5661m
 ags_param= 419.6889m
 
   *** monte carlo  index = 423 ***
x

 volt         param     
             i_d_0.9    
    0.         39.0166p 
   50.00000m  199.0008p 
  100.00000m    1.0114n 
  150.00000m    4.9372n 
  200.00000m   22.3274n 
  250.00000m   90.4742n 
  300.00000m  323.2779n 
  350.00000m  994.0143n 
  400.00000m    2.5183u 
  450.00000m    5.2125u 
  500.00000m    9.1276u 
  550.00000m   14.1475u 
  600.00000m   20.1255u 
  650.00000m   26.9369u 
  700.00000m   34.4800u 
  750.00000m   42.6685u 
  800.00000m   51.4247u 
  850.00000m   60.6766u 
  900.00000m   70.3565u 
  950.00000m   80.4000u 
    1.00000    90.7460u 
y
 vth0_value= 277.9248m
 u0_param=  50.0140m
 ags_param= 407.2484m
 
   *** monte carlo  index = 424 ***
x

 volt         param     
             i_d_0.9    
    0.         69.5381p 
   50.00000m  356.0940p 
  100.00000m    1.7901n 
  150.00000m    8.5355n 
  200.00000m   37.1991n 
  250.00000m  144.1690n 
  300.00000m  490.0584n 
  350.00000m    1.4109u 
  400.00000m    3.3162u 
  450.00000m    6.4286u 
  500.00000m   10.7220u 
  550.00000m   16.0611u 
  600.00000m   22.3080u 
  650.00000m   29.3489u 
  700.00000m   37.0903u 
  750.00000m   45.4503u 
  800.00000m   54.3540u 
  850.00000m   63.7315u 
  900.00000m   73.5163u 
  950.00000m   83.6454u 
    1.00000    94.0581u 
y
 vth0_value= 259.6685m
 u0_param=  48.9524m
 ags_param= 413.9352m
 
   *** monte carlo  index = 425 ***
x

 volt         param     
             i_d_0.9    
    0.         76.9091p 
   50.00000m  393.9317p 
  100.00000m    1.9768n 
  150.00000m    9.3919n 
  200.00000m   40.7108n 
  250.00000m  156.7940n 
  300.00000m  529.0856n 
  350.00000m    1.5085u 
  400.00000m    3.5089u 
  450.00000m    6.7425u 
  500.00000m   11.1728u 
  550.00000m   16.6598u 
  600.00000m   23.0636u 
  650.00000m   30.2695u 
  700.00000m   38.1826u 
  750.00000m   46.7199u 
  800.00000m   55.8056u 
  850.00000m   65.3686u 
  900.00000m   75.3414u 
  950.00000m   85.6602u 
    1.00000    96.2634u 
y
 vth0_value= 257.1744m
 u0_param=  49.8059m
 ags_param= 410.0761m
 
   *** monte carlo  index = 426 ***
x

 volt         param     
             i_d_0.9    
    0.        122.5427p 
   50.00000m  626.3796p 
  100.00000m    3.1067n 
  150.00000m   14.4400n 
  200.00000m   60.6677n 
  250.00000m  225.6022n 
  300.00000m  729.9423n 
  350.00000m    1.9703u 
  400.00000m    4.3324u 
  450.00000m    7.9535u 
  500.00000m   12.7530u 
  550.00000m   18.5837u 
  600.00000m   25.3115u 
  650.00000m   32.8271u 
  700.00000m   41.0389u 
  750.00000m   49.8652u 
  800.00000m   59.2305u 
  850.00000m   69.0639u 
  900.00000m   79.2978u 
  950.00000m   89.8679u 
    1.00000   100.7123u 
y
 vth0_value= 243.2207m
 u0_param=  49.9884m
 ags_param= 436.8248m
 
   *** monte carlo  index = 427 ***
x

 volt         param     
             i_d_0.9    
    0.         56.9322p 
   50.00000m  291.3356p 
  100.00000m    1.4703n 
  150.00000m    7.0662n 
  200.00000m   31.1713n 
  250.00000m  122.5396n 
  300.00000m  423.3744n 
  350.00000m    1.2455u 
  400.00000m    2.9981u 
  450.00000m    5.9309u 
  500.00000m   10.0407u 
  550.00000m   15.1992u 
  600.00000m   21.2679u 
  650.00000m   28.1319u 
  700.00000m   35.6970u 
  750.00000m   43.8812u 
  800.00000m   52.6103u 
  850.00000m   61.8145u 
  900.00000m   71.4281u 
  950.00000m   81.3884u 
    1.00000    91.6354u 
y
 vth0_value= 265.4241m
 u0_param=  48.4854m
 ags_param= 415.0547m
 
   *** monte carlo  index = 428 ***
x

 volt         param     
             i_d_0.9    
    0.        144.7489p 
   50.00000m  738.6798p 
  100.00000m    3.6450n 
  150.00000m   16.7900n 
  200.00000m   69.6865n 
  250.00000m  255.6934n 
  300.00000m  813.6238n 
  350.00000m    2.1503u 
  400.00000m    4.6319u 
  450.00000m    8.3669u 
  500.00000m   13.2623u 
  550.00000m   19.1713u 
  600.00000m   25.9631u 
  650.00000m   33.5315u 
  700.00000m   41.7864u 
  750.00000m   50.6472u 
  800.00000m   60.0393u 
  850.00000m   69.8920u 
  900.00000m   80.1384u 
  950.00000m   90.7144u 
    1.00000   101.5585u 
y
 vth0_value= 237.9669m
 u0_param=  49.6374m
 ags_param= 417.1654m
 
   *** monte carlo  index = 429 ***
x

 volt         param     
             i_d_0.9    
    0.        116.5861p 
   50.00000m  596.4004p 
  100.00000m    2.9644n 
  150.00000m   13.8320n 
  200.00000m   58.4214n 
  250.00000m  218.5053n 
  300.00000m  711.9337n 
  350.00000m    1.9390u 
  400.00000m    4.3014u 
  450.00000m    7.9518u 
  500.00000m   12.8127u 
  550.00000m   18.7330u 
  600.00000m   25.5733u 
  650.00000m   33.2203u 
  700.00000m   41.5792u 
  750.00000m   50.5659u 
  800.00000m   60.1031u 
  850.00000m   70.1180u 
  900.00000m   80.5418u 
  950.00000m   91.3087u 
    1.00000   102.3558u 
y
 vth0_value= 245.5475m
 u0_param=  51.2845m
 ags_param= 427.4889m
 
   *** monte carlo  index = 430 ***
x

 volt         param     
             i_d_0.9    
    0.         64.3001p 
   50.00000m  329.2904p 
  100.00000m    1.6588n 
  150.00000m    7.9413n 
  200.00000m   34.8211n 
  250.00000m  135.9099n 
  300.00000m  465.7139n 
  350.00000m    1.3551u 
  400.00000m    3.2224u 
  450.00000m    6.3080u 
  500.00000m   10.5958u 
  550.00000m   15.9504u 
  600.00000m   22.2300u 
  650.00000m   29.3178u 
  700.00000m   37.1174u 
  750.00000m   45.5455u 
  800.00000m   54.5258u 
  850.00000m   63.9871u 
  900.00000m   73.8623u 
  950.00000m   84.0873u 
    1.00000    94.6008u 
y
 vth0_value= 262.5512m
 u0_param=  49.7380m
 ags_param= 406.5785m
 
   *** monte carlo  index = 431 ***
x

 volt         param     
             i_d_0.9    
    0.        168.3440p 
   50.00000m  857.7784p 
  100.00000m    4.2140n 
  150.00000m   19.2631n 
  200.00000m   79.1481n 
  250.00000m  287.2068n 
  300.00000m  901.1090n 
  350.00000m    2.3402u 
  400.00000m    4.9576u 
  450.00000m    8.8403u 
  500.00000m   13.8844u 
  550.00000m   19.9415u 
  600.00000m   26.8817u 
  650.00000m   34.5993u 
  700.00000m   43.0043u 
  750.00000m   52.0157u 
  800.00000m   61.5586u 
  850.00000m   71.5618u 
  900.00000m   81.9579u 
  950.00000m   92.6823u 
    1.00000   103.6729u 
y
 vth0_value= 233.6905m
 u0_param=  50.0735m
 ags_param= 428.7977m
 
   *** monte carlo  index = 432 ***
x

 volt         param     
             i_d_0.9    
    0.         47.1374p 
   50.00000m  240.8351p 
  100.00000m    1.2190n 
  150.00000m    5.8974n 
  200.00000m   26.2858n 
  250.00000m  104.6307n 
  300.00000m  366.6213n 
  350.00000m    1.0989u 
  400.00000m    2.7018u 
  450.00000m    5.4446u 
  500.00000m    9.3456u 
  550.00000m   14.2856u 
  600.00000m   20.1282u 
  650.00000m   26.7590u 
  700.00000m   34.0843u 
  750.00000m   42.0234u 
  800.00000m   50.5030u 
  850.00000m   59.4547u 
  900.00000m   68.8139u 
  950.00000m   78.5190u 
    1.00000    88.5111u 
y
 vth0_value= 270.4920m
 u0_param=  47.4811m
 ags_param= 415.5149m
 
   *** monte carlo  index = 433 ***
x

 volt         param     
             i_d_0.9    
    0.         53.4195p 
   50.00000m  273.2587p 
  100.00000m    1.3807n 
  150.00000m    6.6523n 
  200.00000m   29.4611n 
  250.00000m  116.3597n 
  300.00000m  404.1495n 
  350.00000m    1.1973u 
  400.00000m    2.9048u 
  450.00000m    5.7857u 
  500.00000m    9.8443u 
  550.00000m   14.9548u 
  600.00000m   20.9781u 
  650.00000m   27.7987u 
  700.00000m   35.3218u 
  750.00000m   43.4654u 
  800.00000m   52.1550u 
  850.00000m   61.3210u 
  900.00000m   70.8976u 
  950.00000m   80.8223u 
    1.00000    91.0350u 
y
 vth0_value= 267.3298m
 u0_param=  48.4426m
 ags_param= 415.3893m
 
   *** monte carlo  index = 434 ***
x

 volt         param     
             i_d_0.9    
    0.        120.1656p 
   50.00000m  614.4519p 
  100.00000m    3.0504n 
  150.00000m   14.2024n 
  200.00000m   59.8065n 
  250.00000m  222.9544n 
  300.00000m  723.5535n 
  350.00000m    1.9606u 
  400.00000m    4.3274u 
  450.00000m    7.9680u 
  500.00000m   12.8027u 
  550.00000m   18.6822u 
  600.00000m   25.4699u 
  650.00000m   33.0544u 
  700.00000m   41.3426u 
  750.00000m   50.2516u 
  800.00000m   59.7049u 
  850.00000m   69.6308u 
  900.00000m   79.9609u 
  950.00000m   90.6303u 
    1.00000   101.5766u 
y
 vth0_value= 244.2301m
 u0_param=  50.6426m
 ags_param= 424.5313m
 
   *** monte carlo  index = 435 ***
x

 volt         param     
             i_d_0.9    
    0.         30.7360p 
   50.00000m  156.0340p 
  100.00000m  794.9997p 
  150.00000m    3.9068n 
  200.00000m   17.8695n 
  250.00000m   73.4789n 
  300.00000m  266.8462n 
  350.00000m  837.9332n 
  400.00000m    2.1779u 
  450.00000m    4.6160u 
  500.00000m    8.2321u 
  550.00000m   12.9268u 
  600.00000m   18.5596u 
  650.00000m   25.0080u 
  700.00000m   32.1725u 
  750.00000m   39.9691u 
  800.00000m   48.3225u 
  850.00000m   57.1630u 
  900.00000m   66.4250u 
  950.00000m   76.0462u 
    1.00000    85.9673u 
y
 vth0_value= 284.0227m
 u0_param=  48.1442m
 ags_param= 401.8378m
 
   *** monte carlo  index = 436 ***
x

 volt         param     
             i_d_0.9    
    0.         55.5013p 
   50.00000m  283.9770p 
  100.00000m    1.4338n 
  150.00000m    6.8984n 
  200.00000m   30.4805n 
  250.00000m  120.0564n 
  300.00000m  415.7030n 
  350.00000m    1.2265u 
  400.00000m    2.9620u 
  450.00000m    5.8760u 
  500.00000m    9.9685u 
  550.00000m   15.1122u 
  600.00000m   21.1682u 
  650.00000m   28.0213u 
  700.00000m   35.5769u 
  750.00000m   43.7531u 
  800.00000m   52.4754u 
  850.00000m   61.6743u 
  900.00000m   71.2837u 
  950.00000m   81.2411u 
    1.00000    91.4863u 
y
 vth0_value= 266.2117m
 u0_param=  48.5077m
 ags_param= 428.0849m
 
   *** monte carlo  index = 437 ***
x

 volt         param     
             i_d_0.9    
    0.        131.4865p 
   50.00000m  671.6546p 
  100.00000m    3.3241n 
  150.00000m   15.3919n 
  200.00000m   64.3321n 
  250.00000m  237.8668n 
  300.00000m  764.2051n 
  350.00000m    2.0443u 
  400.00000m    4.4556u 
  450.00000m    8.1227u 
  500.00000m   12.9596u 
  550.00000m   18.8194u 
  600.00000m   25.5695u 
  650.00000m   33.1019u 
  700.00000m   41.3257u 
  750.00000m   50.1600u 
  800.00000m   59.5295u 
  850.00000m   69.3635u 
  900.00000m   79.5948u 
  950.00000m   90.1592u 
    1.00000   100.9949u 
y
 vth0_value= 240.9720m
 u0_param=  49.7987m
 ags_param= 425.4379m
 
   *** monte carlo  index = 438 ***
x

 volt         param     
             i_d_0.9    
    0.         54.7812p 
   50.00000m  280.3682p 
  100.00000m    1.4170n 
  150.00000m    6.8295n 
  200.00000m   30.2606n 
  250.00000m  119.5786n 
  300.00000m  415.5175n 
  350.00000m    1.2316u 
  400.00000m    2.9899u 
  450.00000m    5.9579u 
  500.00000m   10.1397u 
  550.00000m   15.4043u 
  600.00000m   21.6076u 
  650.00000m   28.6295u 
  700.00000m   36.3718u 
  750.00000m   44.7499u 
  800.00000m   53.6869u 
  850.00000m   63.1112u 
  900.00000m   72.9550u 
  950.00000m   83.1541u 
    1.00000    93.6472u 
y
 vth0_value= 267.5829m
 u0_param=  50.0058m
 ags_param= 411.2833m
 
   *** monte carlo  index = 439 ***
x

 volt         param     
             i_d_0.9    
    0.         63.8200p 
   50.00000m  326.7644p 
  100.00000m    1.6457n 
  150.00000m    7.8758n 
  200.00000m   34.5158n 
  250.00000m  134.6402n 
  300.00000m  461.0892n 
  350.00000m    1.3407u 
  400.00000m    3.1853u 
  450.00000m    6.2314u 
  500.00000m   10.4629u 
  550.00000m   15.7467u 
  600.00000m   21.9439u 
  650.00000m   28.9396u 
  700.00000m   36.6392u 
  750.00000m   44.9608u 
  800.00000m   53.8292u 
  850.00000m   63.1742u 
  900.00000m   72.9296u 
  950.00000m   83.0320u 
    1.00000    93.4210u 
y
 vth0_value= 262.2919m
 u0_param=  48.9891m
 ags_param= 429.1920m
 
   *** monte carlo  index = 440 ***
x

 volt         param     
             i_d_0.9    
    0.         84.5038p 
   50.00000m  432.8273p 
  100.00000m    2.1679n 
  150.00000m   10.2611n 
  200.00000m   44.2337n 
  250.00000m  169.2871n 
  300.00000m  567.0075n 
  350.00000m    1.6009u 
  400.00000m    3.6850u 
  450.00000m    7.0199u 
  500.00000m   11.5593u 
  550.00000m   17.1596u 
  600.00000m   23.6805u 
  650.00000m   31.0070u 
  700.00000m   39.0440u 
  750.00000m   47.7079u 
  800.00000m   56.9224u 
  850.00000m   66.6157u 
  900.00000m   76.7199u 
  950.00000m   87.1704u 
    1.00000    97.9053u 
y
 vth0_value= 254.6506m
 u0_param=  50.3107m
 ags_param= 418.3247m
 
   *** monte carlo  index = 441 ***
x

 volt         param     
             i_d_0.9    
    0.         49.0222p 
   50.00000m  250.6139p 
  100.00000m    1.2683n 
  150.00000m    6.1324n 
  200.00000m   27.3080n 
  250.00000m  108.5720n 
  300.00000m  379.9009n 
  350.00000m    1.1365u 
  400.00000m    2.7883u 
  450.00000m    5.6078u 
  500.00000m    9.6108u 
  550.00000m   14.6740u 
  600.00000m   20.6572u 
  650.00000m   27.4432u 
  700.00000m   34.9359u 
  750.00000m   43.0528u 
  800.00000m   51.7190u 
  850.00000m   60.8645u 
  900.00000m   70.4235u 
  950.00000m   80.3331u 
    1.00000    90.5333u 
y
 vth0_value= 270.0417m
 u0_param=  48.5940m
 ags_param= 408.7753m
 
   *** monte carlo  index = 442 ***
x

 volt         param     
             i_d_0.9    
    0.         59.3158p 
   50.00000m  303.6244p 
  100.00000m    1.5314n 
  150.00000m    7.3508n 
  200.00000m   32.3634n 
  250.00000m  126.9295n 
  300.00000m  437.3684n 
  350.00000m    1.2821u 
  400.00000m    3.0739u 
  450.00000m    6.0600u 
  500.00000m   10.2329u 
  550.00000m   15.4619u 
  600.00000m   21.6073u 
  650.00000m   28.5533u 
  700.00000m   36.2049u 
  750.00000m   44.4798u 
  800.00000m   53.3027u 
  850.00000m   62.6035u 
  900.00000m   72.3159u 
  950.00000m   82.3767u 
    1.00000    92.7254u 
y
 vth0_value= 264.4875m
 u0_param=  48.9531m
 ags_param= 421.8228m
 
   *** monte carlo  index = 443 ***
x

 volt         param     
             i_d_0.9    
    0.        129.1060p 
   50.00000m  659.6126p 
  100.00000m    3.2663n 
  150.00000m   15.1396n 
  200.00000m   63.3635n 
  250.00000m  234.6347n 
  300.00000m  755.2154n 
  350.00000m    2.0250u 
  400.00000m    4.4236u 
  450.00000m    8.0790u 
  500.00000m   12.9065u 
  550.00000m   18.7589u 
  600.00000m   25.5034u 
  650.00000m   33.0316u 
  700.00000m   41.2524u 
  750.00000m   50.0845u 
  800.00000m   59.4528u 
  850.00000m   69.2864u 
  900.00000m   79.5180u 
  950.00000m   90.0835u 
    1.00000   100.9209u 
y
 vth0_value= 241.5582m
 u0_param=  49.8525m
 ags_param= 425.1466m
 
   *** monte carlo  index = 444 ***
x

 volt         param     
             i_d_0.9    
    0.        160.0463p 
   50.00000m  815.7398p 
  100.00000m    4.0116n 
  150.00000m   18.3715n 
  200.00000m   75.6662n 
  250.00000m  275.3114n 
  300.00000m  866.7986n 
  350.00000m    2.2608u 
  400.00000m    4.8090u 
  450.00000m    8.6028u 
  500.00000m   13.5428u 
  550.00000m   19.4834u 
  600.00000m   26.2968u 
  650.00000m   33.8788u 
  700.00000m   42.1405u 
  750.00000m   51.0026u 
  800.00000m   60.3908u 
  850.00000m   70.2352u 
  900.00000m   80.4692u 
  950.00000m   91.0290u 
    1.00000   101.8534u 
y
 vth0_value= 234.6889m
 u0_param=  49.2615m
 ags_param= 429.8562m
 
   *** monte carlo  index = 445 ***
x

 volt         param     
             i_d_0.9    
    0.         37.9204p 
   50.00000m  193.2286p 
  100.00000m  981.4464p 
  150.00000m    4.7858n 
  200.00000m   21.6082n 
  250.00000m   87.3918n 
  300.00000m  311.6676n 
  350.00000m  956.0556n 
  400.00000m    2.4154u 
  450.00000m    4.9873u 
  500.00000m    8.7185u 
  550.00000m   13.4999u 
  600.00000m   19.1939u 
  650.00000m   25.6836u 
  700.00000m   32.8736u 
  750.00000m   40.6822u 
  800.00000m   49.0361u 
  850.00000m   57.8667u 
  900.00000m   67.1095u 
  950.00000m   76.7031u 
    1.00000    86.5886u 
y
 vth0_value= 277.0649m
 u0_param=  47.3806m
 ags_param= 421.4248m
 
   *** monte carlo  index = 446 ***
x

 volt         param     
             i_d_0.9    
    0.         48.3129p 
   50.00000m  246.9915p 
  100.00000m    1.2507n 
  150.00000m    6.0536n 
  200.00000m   27.0038n 
  250.00000m  107.5847n 
  300.00000m  377.2967n 
  350.00000m    1.1321u 
  400.00000m    2.7868u 
  450.00000m    5.6216u 
  500.00000m    9.6556u 
  550.00000m   14.7645u 
  600.00000m   20.8058u 
  650.00000m   27.6602u 
  700.00000m   35.2301u 
  750.00000m   43.4317u 
  800.00000m   52.1890u 
  850.00000m   61.4314u 
  900.00000m   71.0919u 
  950.00000m   81.1073u 
    1.00000    91.4168u 
y
 vth0_value= 270.9050m
 u0_param=  49.2350m
 ags_param= 420.0681m
 
   *** monte carlo  index = 447 ***
x

 volt         param     
             i_d_0.9    
    0.        122.1095p 
   50.00000m  624.0637p 
  100.00000m    3.0943n 
  150.00000m   14.3763n 
  200.00000m   60.3637n 
  250.00000m  224.3311n 
  300.00000m  725.2901n 
  350.00000m    1.9559u 
  400.00000m    4.2967u 
  450.00000m    7.8824u 
  500.00000m   12.6328u 
  550.00000m   18.4029u 
  600.00000m   25.0603u 
  650.00000m   32.4972u 
  700.00000m   40.6230u 
  750.00000m   49.3570u 
  800.00000m   58.6247u 
  850.00000m   68.3557u 
  900.00000m   78.4833u 
  950.00000m   88.9437u 
    1.00000    99.6755u 
y
 vth0_value= 242.9514m
 u0_param=  49.4077m
 ags_param= 417.7277m
 
   *** monte carlo  index = 448 ***
x

 volt         param     
             i_d_0.9    
    0.        141.9965p 
   50.00000m  725.1084p 
  100.00000m    3.5833n 
  150.00000m   16.5471n 
  200.00000m   68.9056n 
  250.00000m  253.7246n 
  300.00000m  810.8889n 
  350.00000m    2.1549u 
  400.00000m    4.6660u 
  450.00000m    8.4626u 
  500.00000m   13.4511u 
  550.00000m   19.4804u 
  600.00000m   26.4149u 
  650.00000m   34.1445u 
  700.00000m   42.5763u 
  750.00000m   51.6276u 
  800.00000m   61.2217u 
  850.00000m   71.2862u 
  900.00000m   81.7527u 
  950.00000m   92.5558u 
    1.00000   103.6327u 
y
 vth0_value= 239.4059m
 u0_param=  50.9799m
 ags_param= 423.9461m
 
   *** monte carlo  index = 449 ***
x

 volt         param     
             i_d_0.9    
    0.         95.3823p 
   50.00000m  488.3334p 
  100.00000m    2.4385n 
  150.00000m   11.4765n 
  200.00000m   49.0667n 
  250.00000m  186.0406n 
  300.00000m  616.2824n 
  350.00000m    1.7150u 
  400.00000m    3.8886u 
  450.00000m    7.3168u 
  500.00000m   11.9412u 
  550.00000m   17.6165u 
  600.00000m   24.2043u 
  650.00000m   31.5914u 
  700.00000m   39.6841u 
  750.00000m   48.3994u 
  800.00000m   57.6611u 
  850.00000m   67.3978u 
  900.00000m   77.5418u 
  950.00000m   88.0285u 
    1.00000    98.7961u 
y
 vth0_value= 250.9227m
 u0_param=  50.2021m
 ags_param= 418.0947m
 
   *** monte carlo  index = 450 ***
x

 volt         param     
             i_d_0.9    
    0.        130.5385p 
   50.00000m  667.1131p 
  100.00000m    3.3048n 
  150.00000m   15.3275n 
  200.00000m   64.2035n 
  250.00000m  237.9470n 
  300.00000m  766.6298n 
  350.00000m    2.0582u 
  400.00000m    4.5014u 
  450.00000m    8.2284u 
  500.00000m   13.1524u 
  550.00000m   19.1226u 
  600.00000m   26.0025u 
  650.00000m   33.6809u 
  700.00000m   42.0645u 
  750.00000m   51.0703u 
  800.00000m   60.6214u 
  850.00000m   70.6456u 
  900.00000m   81.0744u 
  950.00000m   91.8425u 
    1.00000   102.8869u 
y
 vth0_value= 241.9373m
 u0_param=  50.9680m
 ags_param= 437.1859m
 
   *** monte carlo  index = 451 ***
x

 volt         param     
             i_d_0.9    
    0.        100.9493p 
   50.00000m  516.5815p 
  100.00000m    2.5748n 
  150.00000m   12.0760n 
  200.00000m   51.3781n 
  250.00000m  193.7507n 
  300.00000m  637.6950n 
  350.00000m    1.7597u 
  400.00000m    3.9559u 
  450.00000m    7.3922u 
  500.00000m   12.0048u 
  550.00000m   17.6503u 
  600.00000m   24.1935u 
  650.00000m   31.5241u 
  700.00000m   39.5502u 
  750.00000m   48.1903u 
  800.00000m   57.3696u 
  850.00000m   67.0174u 
  900.00000m   77.0671u 
  950.00000m   87.4547u 
    1.00000    98.1190u 
y
 vth0_value= 248.7355m
 u0_param=  49.4669m
 ags_param= 422.9530m
 
   *** monte carlo  index = 452 ***
x

 volt         param     
             i_d_0.9    
    0.         77.5818p 
   50.00000m  397.3208p 
  100.00000m    1.9929n 
  150.00000m    9.4601n 
  200.00000m   40.9551n 
  250.00000m  157.5114n 
  300.00000m  530.6492n 
  350.00000m    1.5098u 
  400.00000m    3.5039u 
  450.00000m    6.7204u 
  500.00000m   11.1216u 
  550.00000m   16.5687u 
  600.00000m   22.9236u 
  650.00000m   30.0732u 
  700.00000m   37.9237u 
  750.00000m   46.3933u 
  800.00000m   55.4065u 
  850.00000m   64.8932u 
  900.00000m   74.7864u 
  950.00000m   85.0226u 
    1.00000    95.5410u 
y
 vth0_value= 256.5882m
 u0_param=  49.3075m
 ags_param= 406.8397m
 
   *** monte carlo  index = 453 ***
x

 volt         param     
             i_d_0.9    
    0.         74.9952p 
   50.00000m  384.1088p 
  100.00000m    1.9284n 
  150.00000m    9.1697n 
  200.00000m   39.7998n 
  250.00000m  153.5177n 
  300.00000m  518.9532n 
  350.00000m    1.4831u 
  400.00000m    3.4585u 
  450.00000m    6.6598u 
  500.00000m   11.0532u 
  550.00000m   16.4997u 
  600.00000m   22.8601u 
  650.00000m   30.0201u 
  700.00000m   37.8852u 
  750.00000m   46.3727u 
  800.00000m   55.4071u 
  850.00000m   64.9176u 
  900.00000m   74.8372u 
  950.00000m   85.1020u 
    1.00000    95.6509u 
y
 vth0_value= 257.7754m
 u0_param=  49.5564m
 ags_param= 410.1223m
 
   *** monte carlo  index = 454 ***
x

 volt         param     
             i_d_0.9    
    0.         57.8119p 
   50.00000m  295.9513p 
  100.00000m    1.4940n 
  150.00000m    7.1843n 
  200.00000m   31.7170n 
  250.00000m  124.7927n 
  300.00000m  431.5352n 
  350.00000m    1.2709u 
  400.00000m    3.0631u 
  450.00000m    6.0656u 
  500.00000m   10.2754u 
  550.00000m   15.5604u 
  600.00000m   21.7775u 
  650.00000m   28.8081u 
  700.00000m   36.5552u 
  750.00000m   44.9345u 
  800.00000m   53.8697u 
  850.00000m   63.2894u 
  900.00000m   73.1262u 
  950.00000m   83.3162u 
    1.00000    93.7981u 
y
 vth0_value= 265.8133m
 u0_param=  49.7953m
 ags_param= 416.2933m
 
   *** monte carlo  index = 455 ***
x

 volt         param     
             i_d_0.9    
    0.         44.0949p 
   50.00000m  225.1472p 
  100.00000m    1.1410n 
  150.00000m    5.5347n 
  200.00000m   24.7753n 
  250.00000m   99.1350n 
  300.00000m  349.3850n 
  350.00000m    1.0552u 
  400.00000m    2.6176u 
  450.00000m    5.3163u 
  500.00000m    9.1789u 
  550.00000m   14.0884u 
  600.00000m   19.9073u 
  650.00000m   26.5197u 
  700.00000m   33.8310u 
  750.00000m   41.7598u 
  800.00000m   50.2324u 
  850.00000m   59.1801u 
  900.00000m   68.5381u 
  950.00000m   78.2445u 
    1.00000    88.2404u 
y
 vth0_value= 272.6466m
 u0_param=  47.6612m
 ags_param= 416.1274m
 
   *** monte carlo  index = 456 ***
x

 volt         param     
             i_d_0.9    
    0.        170.3386p 
   50.00000m  867.6996p 
  100.00000m    4.2600n 
  150.00000m   19.4526n 
  200.00000m   79.8165n 
  250.00000m  289.2020n 
  300.00000m  905.6628n 
  350.00000m    2.3466u 
  400.00000m    4.9605u 
  450.00000m    8.8310u 
  500.00000m   13.8539u 
  550.00000m   19.8824u 
  600.00000m   26.7877u 
  650.00000m   34.4653u 
  700.00000m   42.8258u 
  750.00000m   51.7892u 
  800.00000m   61.2807u 
  850.00000m   71.2298u 
  900.00000m   81.5695u 
  950.00000m   92.2355u 
    1.00000   103.1660u 
y
 vth0_value= 233.1010m
 u0_param=  49.7118m
 ags_param= 428.0133m
 
   *** monte carlo  index = 457 ***
x

 volt         param     
             i_d_0.9    
    0.        139.5525p 
   50.00000m  712.4297p 
  100.00000m    3.5194n 
  150.00000m   16.2435n 
  200.00000m   67.5956n 
  250.00000m  248.7388n 
  300.00000m  794.3740n 
  350.00000m    2.1091u 
  400.00000m    4.5631u 
  450.00000m    8.2712u 
  500.00000m   13.1428u 
  550.00000m   19.0314u 
  600.00000m   25.8056u 
  650.00000m   33.3586u 
  700.00000m   41.6002u 
  750.00000m   50.4497u 
  800.00000m   59.8322u 
  850.00000m   69.6771u 
  900.00000m   79.9175u 
  950.00000m   90.4891u 
    1.00000   101.3305u 
y
 vth0_value= 239.0916m
 u0_param=  49.6699m
 ags_param= 433.2816m
 
   *** monte carlo  index = 458 ***
x

 volt         param     
             i_d_0.9    
    0.        158.6246p 
   50.00000m  808.9345p 
  100.00000m    3.9827n 
  150.00000m   18.2732n 
  200.00000m   75.4445n 
  250.00000m  275.2128n 
  300.00000m  869.2682n 
  350.00000m    2.2762u 
  400.00000m    4.8598u 
  450.00000m    8.7179u 
  500.00000m   13.7500u 
  550.00000m   19.8063u 
  600.00000m   26.7545u 
  650.00000m   34.4873u 
  700.00000m   42.9135u 
  750.00000m   51.9513u 
  800.00000m   61.5251u 
  850.00000m   71.5632u 
  900.00000m   81.9977u 
  950.00000m   92.7638u 
    1.00000   103.7988u 
y
 vth0_value= 235.7436m
 u0_param=  50.4757m
 ags_param= 424.2883m
 
   *** monte carlo  index = 459 ***
x

 volt         param     
             i_d_0.9    
    0.         95.9924p 
   50.00000m  491.2889p 
  100.00000m    2.4514n 
  150.00000m   11.5213n 
  200.00000m   49.1631n 
  250.00000m  186.0151n 
  300.00000m  614.6987n 
  350.00000m    1.7052u 
  400.00000m    3.8539u 
  450.00000m    7.2329u 
  500.00000m   11.7832u 
  550.00000m   17.3630u 
  600.00000m   23.8374u 
  650.00000m   31.0966u 
  700.00000m   39.0487u 
  750.00000m   47.6129u 
  800.00000m   56.7146u 
  850.00000m   66.2836u 
  900.00000m   76.2535u 
  950.00000m   86.5608u 
    1.00000    97.1446u 
y
 vth0_value= 250.0460m
 u0_param=  49.1446m
 ags_param= 417.3719m
 
   *** monte carlo  index = 460 ***
x

 volt         param     
             i_d_0.9    
    0.        170.3110p 
   50.00000m  867.5098p 
  100.00000m    4.2586n 
  150.00000m   19.4429n 
  200.00000m   79.7591n 
  250.00000m  288.9272n 
  300.00000m  904.5415n 
  350.00000m    2.3428u 
  400.00000m    4.9510u 
  450.00000m    8.8119u 
  500.00000m   13.8218u 
  550.00000m   19.8341u 
  600.00000m   26.7208u 
  650.00000m   34.3775u 
  700.00000m   42.7155u 
  750.00000m   51.6547u 
  800.00000m   61.1207u 
  850.00000m   71.0431u 
  900.00000m   81.3551u 
  950.00000m   91.9927u 
    1.00000   102.8940u 
y
 vth0_value= 233.0050m
 u0_param=  49.5568m
 ags_param= 425.0125m
 
   *** monte carlo  index = 461 ***
x

 volt         param     
             i_d_0.9    
    0.         76.8352p 
   50.00000m  393.5511p 
  100.00000m    1.9749n 
  150.00000m    9.3830n 
  200.00000m   40.6738n 
  250.00000m  156.6569n 
  300.00000m  528.6466n 
  350.00000m    1.5074u 
  400.00000m    3.5064u 
  450.00000m    6.7381u 
  500.00000m   11.1662u 
  550.00000m   16.6506u 
  600.00000m   23.0516u 
  650.00000m   30.2545u 
  700.00000m   38.1645u 
  750.00000m   46.6987u 
  800.00000m   55.7814u 
  850.00000m   65.3413u 
  900.00000m   75.3112u 
  950.00000m   85.6270u 
    1.00000    96.2275u 
y
 vth0_value= 257.1872m
 u0_param=  49.7808m
 ags_param= 415.0389m
 
   *** monte carlo  index = 462 ***
x

 volt         param     
             i_d_0.9    
    0.        145.0873p 
   50.00000m  740.7054p 
  100.00000m    3.6577n 
  150.00000m   16.8697n 
  200.00000m   70.1310n 
  250.00000m  257.7615n 
  300.00000m  821.8923n 
  350.00000m    2.1778u 
  400.00000m    4.7024u 
  450.00000m    8.5098u 
  500.00000m   13.5050u 
  550.00000m   19.5370u 
  600.00000m   26.4709u 
  650.00000m   34.1973u 
  700.00000m   42.6234u 
  750.00000m   51.6668u 
  800.00000m   61.2510u 
  850.00000m   71.3038u 
  900.00000m   81.7568u 
  950.00000m   92.5449u 
    1.00000   103.6052u 
y
 vth0_value= 238.6848m
 u0_param=  50.8671m
 ags_param= 410.4507m
 
   *** monte carlo  index = 463 ***
x

 volt         param     
             i_d_0.9    
    0.        158.7240p 
   50.00000m  809.6617p 
  100.00000m    3.9883n 
  150.00000m   18.3146n 
  200.00000m   75.6981n 
  250.00000m  276.4533n 
  300.00000m  874.4078n 
  350.00000m    2.2936u 
  400.00000m    4.9049u 
  450.00000m    8.8094u 
  500.00000m   13.9053u 
  550.00000m   20.0399u 
  600.00000m   27.0785u 
  650.00000m   34.9115u 
  700.00000m   43.4463u 
  750.00000m   52.5997u 
  800.00000m   62.2949u 
  850.00000m   72.4593u 
  900.00000m   83.0240u 
  950.00000m   93.9235u 
    1.00000   105.0946u 
y
 vth0_value= 236.2237m
 u0_param=  51.2636m
 ags_param= 415.8585m
 
   *** monte carlo  index = 464 ***
x

 volt         param     
             i_d_0.9    
    0.        160.6980p 
   50.00000m  819.0823p 
  100.00000m    4.0281n 
  150.00000m   18.4471n 
  200.00000m   75.9777n 
  250.00000m  276.4409n 
  300.00000m  870.3282n 
  350.00000m    2.2699u 
  400.00000m    4.8281u 
  450.00000m    8.6366u 
  500.00000m   13.5953u 
  550.00000m   19.5579u 
  600.00000m   26.3960u 
  650.00000m   34.0048u 
  700.00000m   42.2953u 
  750.00000m   51.1876u 
  800.00000m   60.6073u 
  850.00000m   70.4842u 
  900.00000m   80.7515u 
  950.00000m   91.3452u 
    1.00000   102.2038u 
y
 vth0_value= 234.6941m
 u0_param=  49.4570m
 ags_param= 423.9764m
 
   *** monte carlo  index = 465 ***
x

 volt         param     
             i_d_0.9    
    0.         61.0752p 
   50.00000m  312.6236p 
  100.00000m    1.5754n 
  150.00000m    7.5494n 
  200.00000m   33.1519n 
  250.00000m  129.6290n 
  300.00000m  445.1544n 
  350.00000m    1.2991u 
  400.00000m    3.0991u 
  450.00000m    6.0838u 
  500.00000m   10.2413u 
  550.00000m   15.4414u 
  600.00000m   21.5466u 
  650.00000m   28.4431u 
  700.00000m   36.0373u 
  750.00000m   44.2479u 
  800.00000m   53.0007u 
  850.00000m   62.2262u 
  900.00000m   71.8588u 
  950.00000m   81.8357u 
    1.00000    92.0971u 
y
 vth0_value= 263.2432m
 u0_param=  48.4104m
 ags_param= 409.9190m
 
   *** monte carlo  index = 466 ***
x

 volt         param     
             i_d_0.9    
    0.        207.0393p 
   50.00000m    1.0521n 
  100.00000m    5.1340n 
  150.00000m   23.2036n 
  200.00000m   93.9616n 
  250.00000m  335.5534n 
  300.00000m    1.0313u 
  350.00000m    2.6120u 
  400.00000m    5.4066u 
  450.00000m    9.4714u 
  500.00000m   14.6898u 
  550.00000m   20.9131u 
  600.00000m   28.0136u 
  650.00000m   35.8873u 
  700.00000m   44.4447u 
  750.00000m   53.6051u 
  800.00000m   63.2933u 
  850.00000m   73.4379u 
  900.00000m   83.9714u 
  950.00000m   94.8288u 
    1.00000   105.9476u 
y
 vth0_value= 227.6009m
 u0_param=  50.3199m
 ags_param= 421.1899m
 
   *** monte carlo  index = 467 ***
x

 volt         param     
             i_d_0.9    
    0.         49.7184p 
   50.00000m  254.1701p 
  100.00000m    1.2857n 
  150.00000m    6.2098n 
  200.00000m   27.6080n 
  250.00000m  109.5526n 
  300.00000m  382.5226n 
  350.00000m    1.1412u 
  400.00000m    2.7909u 
  450.00000m    5.5976u 
  500.00000m    9.5740u 
  550.00000m   14.5977u 
  600.00000m   20.5307u 
  650.00000m   27.2576u 
  700.00000m   34.6839u 
  750.00000m   42.7281u 
  800.00000m   51.3163u 
  850.00000m   60.3793u 
  900.00000m   69.8519u 
  950.00000m   79.6719u 
    1.00000    89.7797u 
y
 vth0_value= 269.2339m
 u0_param=  48.0234m
 ags_param= 411.7779m
 
   *** monte carlo  index = 468 ***
x

 volt         param     
             i_d_0.9    
    0.         65.6227p 
   50.00000m  336.0894p 
  100.00000m    1.6924n 
  150.00000m    8.0962n 
  200.00000m   35.4596n 
  250.00000m  138.2152n 
  300.00000m  472.8805n 
  350.00000m    1.3732u 
  400.00000m    3.2579u 
  450.00000m    6.3653u 
  500.00000m   10.6770u 
  550.00000m   16.0566u 
  600.00000m   22.3624u 
  650.00000m   29.4774u 
  700.00000m   37.3053u 
  750.00000m   45.7624u 
  800.00000m   54.7726u 
  850.00000m   64.2645u 
  900.00000m   74.1707u 
  950.00000m   84.4271u 
    1.00000    94.9723u 
y
 vth0_value= 262.0071m
 u0_param=  49.8510m
 ags_param= 414.8344m
 
   *** monte carlo  index = 469 ***
x

 volt         param     
             i_d_0.9    
    0.         47.8734p 
   50.00000m  244.7337p 
  100.00000m    1.2395n 
  150.00000m    6.0026n 
  200.00000m   26.7970n 
  250.00000m  106.8607n 
  300.00000m  375.1437n 
  350.00000m    1.1271u 
  400.00000m    2.7790u 
  450.00000m    5.6135u 
  500.00000m    9.6515u 
  550.00000m   14.7685u 
  600.00000m   20.8216u 
  650.00000m   27.6906u 
  700.00000m   35.2776u 
  750.00000m   43.4982u 
  800.00000m   52.2764u 
  850.00000m   61.5411u 
  900.00000m   71.2254u 
  950.00000m   81.2657u 
    1.00000    91.6011u 
y
 vth0_value= 271.2937m
 u0_param=  49.4054m
 ags_param= 420.9831m
 
   *** monte carlo  index = 470 ***
x

 volt         param     
             i_d_0.9    
    0.         22.5479p 
   50.00000m  113.4696p 
  100.00000m  579.8572p 
  150.00000m    2.8764n 
  200.00000m   13.3744n 
  250.00000m   56.2202n 
  300.00000m  209.1787n 
  350.00000m  677.1723n 
  400.00000m    1.8288u 
  450.00000m    4.0220u 
  500.00000m    7.3831u 
  550.00000m   11.8347u 
  600.00000m   17.2382u 
  650.00000m   23.4676u 
  700.00000m   30.4207u 
  750.00000m   38.0121u 
  800.00000m   46.1661u 
  850.00000m   54.8131u 
  900.00000m   63.8874u 
  950.00000m   73.3273u 
    1.00000    83.0735u 
y
 vth0_value= 293.4477m
 u0_param=  47.8941m
 ags_param= 405.7012m
 
   *** monte carlo  index = 471 ***
x

 volt         param     
             i_d_0.9    
    0.         82.0854p 
   50.00000m  420.4519p 
  100.00000m    2.1072n 
  150.00000m    9.9858n 
  200.00000m   43.1227n 
  250.00000m  165.3669n 
  300.00000m  555.1905n 
  350.00000m    1.5724u 
  400.00000m    3.6315u 
  450.00000m    6.9368u 
  500.00000m   11.4453u 
  550.00000m   17.0142u 
  600.00000m   23.5033u 
  650.00000m   30.7976u 
  700.00000m   38.8021u 
  750.00000m   47.4333u 
  800.00000m   56.6148u 
  850.00000m   66.2752u 
  900.00000m   76.3466u 
  950.00000m   86.7647u 
    1.00000    97.4675u 
y
 vth0_value= 255.4509m
 u0_param=  50.1895m
 ags_param= 421.9030m
 
   *** monte carlo  index = 472 ***
x

 volt         param     
             i_d_0.9    
    0.         56.1147p 
   50.00000m  287.1924p 
  100.00000m    1.4504n 
  150.00000m    6.9803n 
  200.00000m   30.8576n 
  250.00000m  121.6073n 
  300.00000m  421.3009n 
  350.00000m    1.2439u 
  400.00000m    3.0062u 
  450.00000m    5.9674u 
  500.00000m   10.1277u 
  550.00000m   15.3568u 
  600.00000m   21.5131u 
  650.00000m   28.4786u 
  700.00000m   36.1570u 
  750.00000m   44.4647u 
  800.00000m   53.3260u 
  850.00000m   62.6699u 
  900.00000m   72.4296u 
  950.00000m   82.5414u 
    1.00000    92.9445u 
y
 vth0_value= 266.4581m
 u0_param=  49.3936m
 ags_param= 425.3632m
 
   *** monte carlo  index = 473 ***
x

 volt         param     
             i_d_0.9    
    0.         72.5074p 
   50.00000m  371.3511p 
  100.00000m    1.8656n 
  150.00000m    8.8827n 
  200.00000m   38.6305n 
  250.00000m  149.3485n 
  300.00000m  506.2097n 
  350.00000m    1.4519u 
  400.00000m    3.3985u 
  450.00000m    6.5653u 
  500.00000m   10.9221u 
  550.00000m   16.3315u 
  600.00000m   22.6543u 
  650.00000m   29.7764u 
  700.00000m   37.6035u 
  750.00000m   46.0530u 
  800.00000m   55.0498u 
  850.00000m   64.5231u 
  900.00000m   74.4061u 
  950.00000m   84.6351u 
    1.00000    95.1492u 
y
 vth0_value= 258.6887m
 u0_param=  49.3905m
 ags_param= 431.1935m
 
   *** monte carlo  index = 474 ***
x

 volt         param     
             i_d_0.9    
    0.         68.6778p 
   50.00000m  351.6898p 
  100.00000m    1.7685n 
  150.00000m    8.4376n 
  200.00000m   36.8051n 
  250.00000m  142.7901n 
  300.00000m  485.9484n 
  350.00000m    1.4013u 
  400.00000m    3.2992u 
  450.00000m    6.4048u 
  500.00000m   10.6933u 
  550.00000m   16.0298u 
  600.00000m   22.2758u 
  650.00000m   29.3172u 
  700.00000m   37.0602u 
  750.00000m   45.4227u 
  800.00000m   54.3299u 
  850.00000m   63.7115u 
  900.00000m   73.5012u 
  950.00000m   83.6357u 
    1.00000    94.0544u 
y
 vth0_value= 260.0893m
 u0_param=  49.0193m
 ags_param= 412.6953m
 
   *** monte carlo  index = 475 ***
x

 volt         param     
             i_d_0.9    
    0.         92.8049p 
   50.00000m  475.0993p 
  100.00000m    2.3732n 
  150.00000m   11.1759n 
  200.00000m   47.8252n 
  250.00000m  181.5274n 
  300.00000m  602.1270n 
  350.00000m    1.6785u 
  400.00000m    3.8128u 
  450.00000m    7.1850u 
  500.00000m   11.7392u 
  550.00000m   17.3329u 
  600.00000m   23.8294u 
  650.00000m   31.1172u 
  700.00000m   39.1036u 
  750.00000m   47.7067u 
  800.00000m   56.8513u 
  850.00000m   66.4668u 
  900.00000m   76.4863u 
  950.00000m   86.8458u 
    1.00000    97.4841u 
y
 vth0_value= 251.3240m
 u0_param=  49.5404m
 ags_param= 414.8093m
 
   *** monte carlo  index = 476 ***
x

 volt         param     
             i_d_0.9    
    0.         49.6550p 
   50.00000m  253.8608p 
  100.00000m    1.2843n 
  150.00000m    6.2052n 
  200.00000m   27.6009n 
  250.00000m  109.5871n 
  300.00000m  382.8792n 
  350.00000m    1.1432u 
  400.00000m    2.7983u 
  450.00000m    5.6170u 
  500.00000m    9.6128u 
  550.00000m   14.6625u 
  600.00000m   20.6271u 
  650.00000m   27.3903u 
  700.00000m   34.8569u 
  750.00000m   42.9449u 
  800.00000m   51.5798u 
  850.00000m   60.6921u 
  900.00000m   70.2162u 
  950.00000m   80.0895u 
    1.00000    90.2523u 
y
 vth0_value= 269.4759m
 u0_param=  48.3286m
 ags_param= 417.3785m
 
   *** monte carlo  index = 477 ***
x

 volt         param     
             i_d_0.9    
    0.        147.2904p 
   50.00000m  751.7347p 
  100.00000m    3.7095n 
  150.00000m   17.0876n 
  200.00000m   70.9209n 
  250.00000m  260.2053n 
  300.00000m  827.8691n 
  350.00000m    2.1876u 
  400.00000m    4.7112u 
  450.00000m    8.5085u 
  500.00000m   13.4840u 
  550.00000m   19.4880u 
  600.00000m   26.3873u 
  650.00000m   34.0734u 
  700.00000m   42.4548u 
  750.00000m   51.4497u 
  800.00000m   60.9820u 
  850.00000m   70.9802u 
  900.00000m   81.3763u 
  950.00000m   92.1056u 
    1.00000   103.1055u 
y
 vth0_value= 237.9793m
 u0_param=  50.4726m
 ags_param= 417.1721m
 
   *** monte carlo  index = 478 ***
x

 volt         param     
             i_d_0.9    
    0.         78.9245p 
   50.00000m  404.2553p 
  100.00000m    2.0275n 
  150.00000m    9.6227n 
  200.00000m   41.6462n 
  250.00000m  160.1090n 
  300.00000m  539.1399n 
  350.00000m    1.5330u 
  400.00000m    3.5552u 
  450.00000m    6.8146u 
  500.00000m   11.2722u 
  550.00000m   16.7870u 
  600.00000m   23.2191u 
  650.00000m   30.4538u 
  700.00000m   38.3963u 
  750.00000m   46.9637u 
  800.00000m   56.0798u 
  850.00000m   65.6735u 
  900.00000m   75.6773u 
  950.00000m   86.0272u 
    1.00000    96.6614u 
y
 vth0_value= 256.4560m
 u0_param=  49.9053m
 ags_param= 416.5823m
 
   *** monte carlo  index = 479 ***
x

 volt         param     
             i_d_0.9    
    0.         53.6202p 
   50.00000m  274.3747p 
  100.00000m    1.3871n 
  150.00000m    6.6897n 
  200.00000m   29.6713n 
  250.00000m  117.3945n 
  300.00000m  408.5002n 
  350.00000m    1.2131u 
  400.00000m    2.9512u 
  450.00000m    5.8915u 
  500.00000m   10.0408u 
  550.00000m   15.2692u 
  600.00000m   21.4334u 
  650.00000m   28.4137u 
  700.00000m   36.1123u 
  750.00000m   44.4450u 
  800.00000m   53.3350u 
  850.00000m   62.7112u 
  900.00000m   72.5061u 
  950.00000m   82.6557u 
    1.00000    93.0989u 
y
 vth0_value= 268.0784m
 u0_param=  49.7642m
 ags_param= 413.8211m
 
   *** monte carlo  index = 480 ***
x

 volt         param     
             i_d_0.9    
    0.         64.8485p 
   50.00000m  332.0622p 
  100.00000m    1.6720n 
  150.00000m    7.9979n 
  200.00000m   35.0254n 
  250.00000m  136.5095n 
  300.00000m  467.0158n 
  350.00000m    1.3560u 
  400.00000m    3.2170u 
  450.00000m    6.2853u 
  500.00000m   10.5429u 
  550.00000m   15.8558u 
  600.00000m   22.0841u 
  650.00000m   29.1127u 
  700.00000m   36.8465u 
  750.00000m   45.2032u 
  800.00000m   54.1072u 
  850.00000m   63.4882u 
  900.00000m   73.2795u 
  950.00000m   83.4177u 
    1.00000    93.8421u 
y
 vth0_value= 261.9492m
 u0_param=  49.2063m
 ags_param= 405.9678m
 
   *** monte carlo  index = 481 ***
x

 volt         param     
             i_d_0.9    
    0.         38.5870p 
   50.00000m  196.7031p 
  100.00000m  999.1244p 
  150.00000m    4.8716n 
  200.00000m   21.9922n 
  250.00000m   88.9248n 
  300.00000m  317.0393n 
  350.00000m  972.1202n 
  400.00000m    2.4547u 
  450.00000m    5.0660u 
  500.00000m    8.8525u 
  550.00000m   13.7026u 
  600.00000m   19.4767u 
  650.00000m   26.0558u 
  700.00000m   33.3431u 
  750.00000m   41.2558u 
  800.00000m   49.7193u 
  850.00000m   58.6644u 
  900.00000m   68.0256u 
  950.00000m   77.7407u 
    1.00000    87.7503u 
y
 vth0_value= 276.9873m
 u0_param=  48.0588m
 ags_param= 418.5906m
 
   *** monte carlo  index = 482 ***
x

 volt         param     
             i_d_0.9    
    0.         99.9647p 
   50.00000m  511.5217p 
  100.00000m    2.5497n 
  150.00000m   11.9605n 
  200.00000m   50.8986n 
  250.00000m  191.9960n 
  300.00000m  632.1454n 
  350.00000m    1.7452u 
  400.00000m    3.9252u 
  450.00000m    7.3378u 
  500.00000m   11.9203u 
  550.00000m   17.5302u 
  600.00000m   24.0332u 
  650.00000m   31.3199u 
  700.00000m   39.2988u 
  750.00000m   47.8890u 
  800.00000m   57.0161u 
  850.00000m   66.6098u 
  900.00000m   76.6036u 
  950.00000m   86.9342u 
    1.00000    97.5405u 
y
 vth0_value= 248.8346m
 u0_param=  49.1650m
 ags_param= 421.8148m
 
   *** monte carlo  index = 483 ***
x

 volt         param     
             i_d_0.9    
    0.        106.4712p 
   50.00000m  544.5590p 
  100.00000m    2.7093n 
  150.00000m   12.6652n 
  200.00000m   53.6365n 
  250.00000m  201.2377n 
  300.00000m  658.2901n 
  350.00000m    1.8022u 
  400.00000m    4.0190u 
  450.00000m    7.4620u 
  500.00000m   12.0629u 
  550.00000m   17.6799u 
  600.00000m   24.1807u 
  650.00000m   31.4578u 
  700.00000m   39.4208u 
  750.00000m   47.9898u 
  800.00000m   57.0908u 
  850.00000m   66.6543u 
  900.00000m   76.6141u 
  950.00000m   86.9072u 
    1.00000    97.4728u 
y
 vth0_value= 246.6846m
 u0_param=  48.7910m
 ags_param= 420.2466m
 
   *** monte carlo  index = 484 ***
x

 volt         param     
             i_d_0.9    
    0.         20.2172p 
   50.00000m  101.3283p 
  100.00000m  518.2297p 
  150.00000m    2.5789n 
  200.00000m   12.0606n 
  250.00000m   51.1055n 
  300.00000m  191.8458n 
  350.00000m  627.8507n 
  400.00000m    1.7195u 
  450.00000m    3.8349u 
  500.00000m    7.1184u 
  550.00000m   11.5018u 
  600.00000m   16.8469u 
  650.00000m   23.0258u 
  700.00000m   29.9346u 
  750.00000m   37.4869u 
  800.00000m   45.6065u 
  850.00000m   54.2232u 
  900.00000m   63.2715u 
  950.00000m   72.6891u 
    1.00000    82.4168u 
y
 vth0_value= 296.9581m
 u0_param=  48.0458m
 ags_param= 414.9105m
 
   *** monte carlo  index = 485 ***
x

 volt         param     
             i_d_0.9    
    0.         56.8572p 
   50.00000m  290.9794p 
  100.00000m    1.4688n 
  150.00000m    7.0622n 
  200.00000m   31.1737n 
  250.00000m  122.6411n 
  300.00000m  424.0705n 
  350.00000m    1.2489u 
  400.00000m    3.0098u 
  450.00000m    5.9601u 
  500.00000m   10.0974u 
  550.00000m   15.2924u 
  600.00000m   21.4050u 
  650.00000m   28.3192u 
  700.00000m   35.9397u 
  750.00000m   44.1839u 
  800.00000m   52.9766u 
  850.00000m   62.2479u 
  900.00000m   71.9313u 
  950.00000m   81.9637u 
    1.00000    92.2847u 
y
 vth0_value= 265.7412m
 u0_param=  48.9061m
 ags_param= 418.0146m
 
   *** monte carlo  index = 486 ***
x

 volt         param     
             i_d_0.9    
    0.        226.6971p 
   50.00000m    1.1506n 
  100.00000m    5.5973n 
  150.00000m   25.1717n 
  200.00000m  101.2963n 
  250.00000m  359.2596n 
  300.00000m    1.0942u 
  350.00000m    2.7419u 
  400.00000m    5.6207u 
  450.00000m    9.7744u 
  500.00000m   15.0813u 
  550.00000m   21.3923u 
  600.00000m   28.5804u 
  650.00000m   36.5418u 
  700.00000m   45.1872u 
  750.00000m   54.4357u 
  800.00000m   64.2118u 
  850.00000m   74.4439u 
  900.00000m   85.0642u 
  950.00000m   96.0075u 
    1.00000   107.2109u 
y
 vth0_value= 225.0138m
 u0_param=  50.5595m
 ags_param= 428.4340m
 
   *** monte carlo  index = 487 ***
x

 volt         param     
             i_d_0.9    
    0.         38.4475p 
   50.00000m  195.9258p 
  100.00000m  994.6284p 
  150.00000m    4.8449n 
  200.00000m   21.8364n 
  250.00000m   88.1236n 
  300.00000m  313.5439n 
  350.00000m  958.9115n 
  400.00000m    2.4139u 
  450.00000m    4.9682u 
  500.00000m    8.6643u 
  550.00000m   13.3937u 
  600.00000m   19.0218u 
  650.00000m   25.4337u 
  700.00000m   32.5359u 
  750.00000m   40.2484u 
  800.00000m   48.4988u 
  850.00000m   57.2197u 
  900.00000m   66.3474u 
  950.00000m   75.8212u 
    1.00000    85.5831u 
y
 vth0_value= 276.1475m
 u0_param=  46.6551m
 ags_param= 414.2284m
 
   *** monte carlo  index = 488 ***
x

 volt         param     
             i_d_0.9    
    0.         62.9737p 
   50.00000m  322.5006p 
  100.00000m    1.6255n 
  150.00000m    7.7906n 
  200.00000m   34.2186n 
  250.00000m  133.8238n 
  300.00000m  459.5982n 
  350.00000m    1.3413u 
  400.00000m    3.2001u 
  450.00000m    6.2819u 
  500.00000m   10.5737u 
  550.00000m   15.9400u 
  600.00000m   22.2379u 
  650.00000m   29.3494u 
  700.00000m   37.1776u 
  750.00000m   45.6383u 
  800.00000m   54.6551u 
  850.00000m   64.1564u 
  900.00000m   74.0745u 
  950.00000m   84.3451u 
    1.00000    94.9068u 
y
 vth0_value= 263.3629m
 u0_param=  50.0181m
 ags_param= 427.5901m
 
   *** monte carlo  index = 489 ***
x

 volt         param     
             i_d_0.9    
    0.        107.2878p 
   50.00000m  548.9467p 
  100.00000m    2.7328n 
  150.00000m   12.7890n 
  200.00000m   54.2405n 
  250.00000m  203.8187n 
  300.00000m  667.9235n 
  350.00000m    1.8328u 
  400.00000m    4.0965u 
  450.00000m    7.6194u 
  500.00000m   12.3320u 
  550.00000m   18.0877u 
  600.00000m   24.7500u 
  650.00000m   32.2074u 
  700.00000m   40.3669u 
  750.00000m   49.1461u 
  800.00000m   58.4691u 
  850.00000m   68.2646u 
  900.00000m   78.4650u 
  950.00000m   89.0056u 
    1.00000    99.8246u 
y
 vth0_value= 247.3508m
 u0_param=  50.1705m
 ags_param= 434.2194m
 
   *** monte carlo  index = 490 ***
x

 volt         param     
             i_d_0.9    
    0.        123.5076p 
   50.00000m  631.2518p 
  100.00000m    3.1299n 
  150.00000m   14.5408n 
  200.00000m   61.0491n 
  250.00000m  226.8484n 
  300.00000m  733.2869n 
  350.00000m    1.9770u 
  400.00000m    4.3419u 
  450.00000m    7.9634u 
  500.00000m   12.7601u 
  550.00000m   18.5852u 
  600.00000m   25.3048u 
  650.00000m   32.8102u 
  700.00000m   41.0096u 
  750.00000m   49.8218u 
  800.00000m   59.1713u 
  850.00000m   68.9873u 
  900.00000m   79.2025u 
  950.00000m   89.7525u 
    1.00000   100.5757u 
y
 vth0_value= 242.9200m
 u0_param=  49.8891m
 ags_param= 420.3416m
 
   *** monte carlo  index = 491 ***
x

 volt         param     
             i_d_0.9    
    0.         82.3727p 
   50.00000m  421.8074p 
  100.00000m    2.1127n 
  150.00000m   10.0010n 
  200.00000m   43.1206n 
  250.00000m  165.0719n 
  300.00000m  553.1134n 
  350.00000m    1.5625u 
  400.00000m    3.5989u 
  450.00000m    6.8597u 
  500.00000m   11.3008u 
  550.00000m   16.7828u 
  600.00000m   23.1685u 
  650.00000m   30.3460u 
  700.00000m   38.2221u 
  750.00000m   46.7152u 
  800.00000m   55.7505u 
  850.00000m   65.2576u 
  900.00000m   75.1699u 
  950.00000m   85.4239u 
    1.00000    95.9587u 
y
 vth0_value= 254.7215m
 u0_param=  49.2236m
 ags_param= 421.1858m
 
   *** monte carlo  index = 492 ***
x

 volt         param     
             i_d_0.9    
    0.         48.4440p 
   50.00000m  247.6032p 
  100.00000m    1.2530n 
  150.00000m    6.0585n 
  200.00000m   26.9794n 
  250.00000m  107.2708n 
  300.00000m  375.3846n 
  350.00000m    1.1232u 
  400.00000m    2.7560u 
  450.00000m    5.5440u 
  500.00000m    9.5033u 
  550.00000m   14.5122u 
  600.00000m   20.4325u 
  650.00000m   27.1484u 
  700.00000m   34.5652u 
  750.00000m   42.6012u 
  800.00000m   51.1822u 
  850.00000m   60.2392u 
  900.00000m   69.7068u 
  950.00000m   79.5228u 
    1.00000    89.6276u 
y
 vth0_value= 270.0462m
 u0_param=  48.0566m
 ags_param= 417.2446m
 
   *** monte carlo  index = 493 ***
x

 volt         param     
             i_d_0.9    
    0.         71.1736p 
   50.00000m  364.6466p 
  100.00000m    1.8339n 
  150.00000m    8.7502n 
  200.00000m   38.1712n 
  250.00000m  148.0876n 
  300.00000m  503.8994n 
  350.00000m    1.4527u 
  400.00000m    3.4192u 
  450.00000m    6.6355u 
  500.00000m   11.0746u 
  550.00000m   16.5954u 
  600.00000m   23.0534u 
  650.00000m   30.3303u 
  700.00000m   38.3285u 
  750.00000m   46.9628u 
  800.00000m   56.1559u 
  850.00000m   65.8352u 
  900.00000m   75.9324u 
  950.00000m   86.3823u 
    1.00000    97.1227u 
y
 vth0_value= 260.1390m
 u0_param=  50.7783m
 ags_param= 413.9001m
 
   *** monte carlo  index = 494 ***
x

 volt         param     
             i_d_0.9    
    0.         38.2938p 
   50.00000m  195.2522p 
  100.00000m  992.5737p 
  150.00000m    4.8475n 
  200.00000m   21.9401n 
  250.00000m   88.9990n 
  300.00000m  318.3834n 
  350.00000m  980.4845n 
  400.00000m    2.4887u 
  450.00000m    5.1599u 
  500.00000m    9.0475u 
  550.00000m   14.0365u 
  600.00000m   19.9812u 
  650.00000m   26.7569u 
  700.00000m   34.2627u 
  750.00000m   42.4123u 
  800.00000m   51.1284u 
  850.00000m   60.3393u 
  900.00000m   69.9775u 
  950.00000m   79.9788u 
    1.00000    90.2823u 
y
 vth0_value= 278.3608m
 u0_param=  49.8021m
 ags_param= 411.9015m
 
   *** monte carlo  index = 495 ***
x

 volt         param     
             i_d_0.9    
    0.         62.4382p 
   50.00000m  319.7207p 
  100.00000m    1.6115n 
  150.00000m    7.7236n 
  200.00000m   33.9256n 
  250.00000m  132.6874n 
  300.00000m  455.7433n 
  350.00000m    1.3303u 
  400.00000m    3.1742u 
  450.00000m    6.2321u 
  500.00000m   10.4913u 
  550.00000m   15.8174u 
  600.00000m   22.0689u 
  650.00000m   29.1287u 
  700.00000m   36.9007u 
  750.00000m   45.3012u 
  800.00000m   54.2544u 
  850.00000m   63.6891u 
  900.00000m   73.5382u 
  950.00000m   83.7377u 
    1.00000    94.2266u 
y
 vth0_value= 263.3810m
 u0_param=  49.6438m
 ags_param= 417.0793m
 
   *** monte carlo  index = 496 ***
x

 volt         param     
             i_d_0.9    
    0.        229.9340p 
   50.00000m    1.1669n 
  100.00000m    5.6758n 
  150.00000m   25.5166n 
  200.00000m  102.6408n 
  250.00000m  363.8476n 
  300.00000m    1.1075u 
  350.00000m    2.7729u 
  400.00000m    5.6801u 
  450.00000m    9.8719u 
  500.00000m   15.2253u 
  550.00000m   21.5895u 
  600.00000m   28.8366u 
  650.00000m   36.8618u 
  700.00000m   45.5752u 
  750.00000m   54.8951u 
  800.00000m   64.7456u 
  850.00000m   75.0547u 
  900.00000m   85.7537u 
  950.00000m   96.7774u 
    1.00000   108.0624u 
y
 vth0_value= 224.8492m
 u0_param=  50.9738m
 ags_param= 431.4397m
 
   *** monte carlo  index = 497 ***
x

 volt         param     
             i_d_0.9    
    0.         42.7849p 
   50.00000m  218.4339p 
  100.00000m    1.1081n 
  150.00000m    5.3858n 
  200.00000m   24.1870n 
  250.00000m   97.1637n 
  300.00000m  343.9085n 
  350.00000m    1.0445u 
  400.00000m    2.6079u 
  450.00000m    5.3275u 
  500.00000m    9.2375u 
  550.00000m   14.2201u 
  600.00000m   20.1335u 
  650.00000m   26.8580u 
  700.00000m   34.2960u 
  750.00000m   42.3640u 
  800.00000m   50.9866u 
  850.00000m   60.0934u 
  900.00000m   69.6182u 
  950.00000m   79.4981u 
    1.00000    89.6730u 
y
 vth0_value= 274.3027m
 u0_param=  48.7687m
 ags_param= 414.7066m
 
   *** monte carlo  index = 498 ***
x

 volt         param     
             i_d_0.9    
    0.        146.3949p 
   50.00000m  747.0496p 
  100.00000m    3.6855n 
  150.00000m   16.9709n 
  200.00000m   70.4034n 
  250.00000m  258.1834n 
  300.00000m  820.9742n 
  350.00000m    2.1678u 
  400.00000m    4.6657u 
  450.00000m    8.4223u 
  500.00000m   13.3434u 
  550.00000m   19.2815u 
  600.00000m   26.1053u 
  650.00000m   33.7080u 
  700.00000m   41.9993u 
  750.00000m   50.8982u 
  800.00000m   60.3296u 
  850.00000m   70.2229u 
  900.00000m   80.5107u 
  950.00000m   91.1289u 
    1.00000   102.0154u 
y
 vth0_value= 237.7659m
 u0_param=  49.8539m
 ags_param= 415.2032m
 
   *** monte carlo  index = 499 ***
x

 volt         param     
             i_d_0.9    
    0.         98.5463p 
   50.00000m  504.3074p 
  100.00000m    2.5148n 
  150.00000m   11.8052n 
  200.00000m   50.2898n 
  250.00000m  189.9191n 
  300.00000m  626.1766n 
  350.00000m    1.7319u 
  400.00000m    3.9024u 
  450.00000m    7.3060u 
  500.00000m   11.8811u 
  550.00000m   17.4855u 
  600.00000m   23.9844u 
  650.00000m   31.2680u 
  700.00000m   39.2447u 
  750.00000m   47.8335u 
  800.00000m   56.9597u 
  850.00000m   66.5532u 
  900.00000m   76.5474u 
  950.00000m   86.8787u 
    1.00000    97.4862u 
y
 vth0_value= 249.2972m
 u0_param=  49.2124m
 ags_param= 418.9667m
 
   *** monte carlo  index = 500 ***
x

 volt         param     
             i_d_0.9    
    0.        122.9815p 
   50.00000m  628.6949p 
  100.00000m    3.1187n 
  150.00000m   14.5001n 
  200.00000m   60.9437n 
  250.00000m  226.7169n 
  300.00000m  733.8711n 
  350.00000m    1.9820u 
  400.00000m    4.3604u 
  450.00000m    8.0078u 
  500.00000m   12.8429u 
  550.00000m   18.7167u 
  600.00000m   25.4936u 
  650.00000m   33.0632u 
  700.00000m   41.3326u 
  750.00000m   50.2196u 
  800.00000m   59.6481u 
  850.00000m   69.5463u 
  900.00000m   79.8463u 
  950.00000m   90.4835u 
    1.00000   101.3955u 
y
 vth0_value= 243.3963m
 u0_param=  50.4308m
 ags_param= 408.4645m
 
   *** monte carlo  index = 501 ***
x

 volt         param     
             i_d_0.9    
    0.         79.9067p 
   50.00000m  409.2038p 
  100.00000m    2.0510n 
  150.00000m    9.7225n 
  200.00000m   42.0052n 
  250.00000m  161.1740n 
  300.00000m  541.5191n 
  350.00000m    1.5352u 
  400.00000m    3.5495u 
  450.00000m    6.7866u 
  500.00000m   11.2059u 
  550.00000m   16.6684u 
  600.00000m   23.0365u 
  650.00000m   30.1979u 
  700.00000m   38.0592u 
  750.00000m   46.5387u 
  800.00000m   55.5615u 
  850.00000m   65.0571u 
  900.00000m   74.9590u 
  950.00000m   85.2037u 
    1.00000    95.7301u 
y
 vth0_value= 255.6480m
 u0_param=  49.2351m
 ags_param= 427.3153m
 
   *** monte carlo  index = 502 ***
x

 volt         param     
             i_d_0.9    
    0.         66.0241p 
   50.00000m  338.1286p 
  100.00000m    1.7023n 
  150.00000m    8.1394n 
  200.00000m   35.6227n 
  250.00000m  138.7350n 
  300.00000m  474.2148n 
  350.00000m    1.3753u 
  400.00000m    3.2587u 
  450.00000m    6.3596u 
  500.00000m   10.6587u 
  550.00000m   16.0204u 
  600.00000m   22.3036u 
  650.00000m   29.3923u 
  700.00000m   37.1907u 
  750.00000m   45.6159u 
  800.00000m   54.5918u 
  850.00000m   64.0475u 
  900.00000m   73.9159u 
  950.00000m   84.1332u 
    1.00000    94.6381u 
y
 vth0_value= 261.6610m
 u0_param=  49.6008m
 ags_param= 416.4833m
 
   *** monte carlo  index = 503 ***
x

 volt         param     
             i_d_0.9    
    0.         53.2552p 
   50.00000m  272.3528p 
  100.00000m    1.3756n 
  150.00000m    6.6231n 
  200.00000m   29.3003n 
  250.00000m  115.5828n 
  300.00000m  400.9272n 
  350.00000m    1.1857u 
  400.00000m    2.8713u 
  450.00000m    5.7097u 
  500.00000m    9.7040u 
  550.00000m   14.7308u 
  600.00000m   20.6544u 
  650.00000m   27.3620u 
  700.00000m   34.7608u 
  750.00000m   42.7706u 
  800.00000m   51.3183u 
  850.00000m   60.3357u 
  900.00000m   69.7579u 
  950.00000m   79.5235u 
    1.00000    89.5733u 
y
 vth0_value= 266.8023m
 u0_param=  47.5141m
 ags_param= 418.1349m
 
   *** monte carlo  index = 504 ***
x

 volt         param     
             i_d_0.9    
    0.         57.7508p 
   50.00000m  295.6283p 
  100.00000m    1.4924n 
  150.00000m    7.1757n 
  200.00000m   31.6759n 
  250.00000m  124.6167n 
  300.00000m  430.8752n 
  350.00000m    1.2688u 
  400.00000m    3.0574u 
  450.00000m    6.0534u 
  500.00000m   10.2538u 
  550.00000m   15.5266u 
  600.00000m   21.7292u 
  650.00000m   28.7436u 
  700.00000m   36.4726u 
  750.00000m   44.8326u 
  800.00000m   53.7471u 
  850.00000m   63.1452u 
  900.00000m   72.9595u 
  950.00000m   83.1261u 
    1.00000    93.5839u 
y
 vth0_value= 265.7639m
 u0_param=  49.6688m
 ags_param= 412.1176m
 
   *** monte carlo  index = 505 ***
x

 volt         param     
             i_d_0.9    
    0.        122.3239p 
   50.00000m  625.4949p 
  100.00000m    3.1046n 
  150.00000m   14.4487n 
  200.00000m   60.8088n 
  250.00000m  226.5389n 
  300.00000m  734.5541n 
  350.00000m    1.9882u 
  400.00000m    4.3834u 
  450.00000m    8.0636u 
  500.00000m   12.9471u 
  550.00000m   18.8830u 
  600.00000m   25.7331u 
  650.00000m   33.3850u 
  700.00000m   41.7447u 
  750.00000m   50.7286u 
  800.00000m   60.2594u 
  850.00000m   70.2649u 
  900.00000m   80.6763u 
  950.00000m   91.4280u 
    1.00000   102.4574u 
y
 vth0_value= 243.9877m
 u0_param=  51.1093m
 ags_param= 409.4605m
 
   *** monte carlo  index = 506 ***
x

 volt         param     
             i_d_0.9    
    0.         42.6312p 
   50.00000m  217.6799p 
  100.00000m    1.1047n 
  150.00000m    5.3742n 
  200.00000m   24.1677n 
  250.00000m   97.2464n 
  300.00000m  344.8062n 
  350.00000m    1.0496u 
  400.00000m    2.6276u 
  450.00000m    5.3804u 
  500.00000m    9.3453u 
  550.00000m   14.4026u 
  600.00000m   20.4072u 
  650.00000m   27.2368u 
  700.00000m   34.7914u 
  750.00000m   42.9859u 
  800.00000m   51.7432u 
  850.00000m   60.9919u 
  900.00000m   70.6648u 
  950.00000m   80.6978u 
    1.00000    91.0300u 
y
 vth0_value= 275.0066m
 u0_param=  49.6824m
 ags_param= 418.6988m
 
   *** monte carlo  index = 507 ***
x

 volt         param     
             i_d_0.9    
    0.        137.0357p 
   50.00000m  700.1214p 
  100.00000m    3.4644n 
  150.00000m   16.0361n 
  200.00000m   66.9890n 
  250.00000m  247.5177n 
  300.00000m  794.4311n 
  350.00000m    2.1225u 
  400.00000m    4.6200u 
  450.00000m    8.4131u 
  500.00000m   13.4107u 
  550.00000m   19.4599u 
  600.00000m   26.4230u 
  650.00000m   34.1884u 
  700.00000m   42.6620u 
  750.00000m   51.7599u 
  800.00000m   61.4047u 
  850.00000m   71.5237u 
  900.00000m   82.0478u 
  950.00000m   92.9112u 
    1.00000   104.0506u 
y
 vth0_value= 240.7719m
 u0_param=  51.4463m
 ags_param= 414.3540m
 
   *** monte carlo  index = 508 ***
x

 volt         param     
             i_d_0.9    
    0.         90.6988p 
   50.00000m  464.5281p 
  100.00000m    2.3233n 
  150.00000m   10.9668n 
  200.00000m   47.0868n 
  250.00000m  179.3819n 
  300.00000m  597.5521n 
  350.00000m    1.6750u 
  400.00000m    3.8268u 
  450.00000m    7.2447u 
  500.00000m   11.8751u 
  550.00000m   17.5717u 
  600.00000m   24.1928u 
  650.00000m   31.6232u 
  700.00000m   39.7670u 
  750.00000m   48.5402u 
  800.00000m   57.8655u 
  850.00000m   67.6706u 
  900.00000m   77.8871u 
  950.00000m   88.4499u 
    1.00000    99.2966u 
y
 vth0_value= 252.8384m
 u0_param=  50.8236m
 ags_param= 399.2561m
 
   *** monte carlo  index = 509 ***
x

 volt         param     
             i_d_0.9    
    0.        109.9390p 
   50.00000m  562.2280p 
  100.00000m    2.7952n 
  150.00000m   13.0500n 
  200.00000m   55.1658n 
  250.00000m  206.5543n 
  300.00000m  673.9980n 
  350.00000m    1.8393u 
  400.00000m    4.0883u 
  450.00000m    7.5710u 
  500.00000m   12.2161u 
  550.00000m   17.8806u 
  600.00000m   24.4319u 
  650.00000m   31.7621u 
  700.00000m   39.7805u 
  750.00000m   48.4069u 
  800.00000m   57.5669u 
  850.00000m   67.1907u 
  900.00000m   77.2119u 
  950.00000m   87.5671u 
    1.00000    98.1953u 
y
 vth0_value= 245.8884m
 u0_param=  49.0519m
 ags_param= 426.8274m
 
   *** monte carlo  index = 510 ***
x

 volt         param     
             i_d_0.9    
    0.         64.1813p 
   50.00000m  328.6395p 
  100.00000m    1.6552n 
  150.00000m    7.9209n 
  200.00000m   34.7125n 
  250.00000m  135.4009n 
  300.00000m  463.6570n 
  350.00000m    1.3480u 
  400.00000m    3.2023u 
  450.00000m    6.2637u 
  500.00000m   10.5158u 
  550.00000m   15.8245u 
  600.00000m   22.0501u 
  650.00000m   29.0769u 
  700.00000m   36.8100u 
  750.00000m   45.1668u 
  800.00000m   54.0719u 
  850.00000m   63.4547u 
  900.00000m   73.2487u 
  950.00000m   83.3902u 
    1.00000    93.8187u 
y
 vth0_value= 262.2808m
 u0_param=  49.2340m
 ags_param= 414.9850m
 
   *** monte carlo  index = 511 ***
x

 volt         param     
             i_d_0.9    
    0.         50.1537p 
   50.00000m  256.4869p 
  100.00000m    1.2979n 
  150.00000m    6.2738n 
  200.00000m   27.9246n 
  250.00000m  110.9569n 
  300.00000m  387.9646n 
  350.00000m    1.1595u 
  400.00000m    2.8415u 
  450.00000m    5.7090u 
  500.00000m    9.7765u 
  550.00000m   14.9180u 
  600.00000m   20.9911u 
  650.00000m   27.8767u 
  700.00000m   35.4775u 
  750.00000m   43.7097u 
  800.00000m   52.4972u 
  850.00000m   61.7693u 
  900.00000m   71.4592u 
  950.00000m   81.5034u 
    1.00000    91.8410u 
y
 vth0_value= 269.8132m
 u0_param=  49.3054m
 ags_param= 419.9566m
 
   *** monte carlo  index = 512 ***
x

 volt         param     
             i_d_0.9    
    0.        319.3502p 
   50.00000m    1.6121n 
  100.00000m    7.7495n 
  150.00000m   34.1945n 
  200.00000m  134.4586n 
  250.00000m  464.6761n 
  300.00000m    1.3677u 
  350.00000m    3.2948u 
  400.00000m    6.5235u 
  450.00000m   11.0530u 
  500.00000m   16.7437u 
  550.00000m   23.4437u 
  600.00000m   31.0270u 
  650.00000m   39.3894u 
  700.00000m   48.4408u 
  750.00000m   58.0986u 
  800.00000m   68.2857u 
  850.00000m   78.9290u 
  900.00000m   89.9589u 
  950.00000m  101.3089u 
    1.00000   112.9145u 
y
 vth0_value= 215.5614m
 u0_param=  52.0052m
 ags_param= 421.7386m
 
   *** monte carlo  index = 513 ***
x

 volt         param     
             i_d_0.9    
    0.         53.8342p 
   50.00000m  275.5070p 
  100.00000m    1.3930n 
  150.00000m    6.7201n 
  200.00000m   29.8175n 
  250.00000m  118.0253n 
  300.00000m  410.8859n 
  350.00000m    1.2209u 
  400.00000m    2.9722u 
  450.00000m    5.9369u 
  500.00000m   10.1222u 
  550.00000m   15.3969u 
  600.00000m   21.6160u 
  650.00000m   28.6583u 
  700.00000m   36.4252u 
  750.00000m   44.8313u 
  800.00000m   53.7993u 
  850.00000m   63.2573u 
  900.00000m   73.1372u 
  950.00000m   83.3747u 
    1.00000    93.9080u 
y
 vth0_value= 268.2732m
 u0_param=  50.2575m
 ags_param= 422.2952m
 
   *** monte carlo  index = 514 ***
x

 volt         param     
             i_d_0.9    
    0.        160.7787p 
   50.00000m  819.7299p 
  100.00000m    4.0335n 
  150.00000m   18.4884n 
  200.00000m   76.2354n 
  250.00000m  277.7133n 
  300.00000m  875.6364n 
  350.00000m    2.2879u 
  400.00000m    4.8748u 
  450.00000m    8.7313u 
  500.00000m   13.7560u 
  550.00000m   19.7999u 
  600.00000m   26.7320u 
  650.00000m   34.4453u 
  700.00000m   42.8493u 
  750.00000m   51.8627u 
  800.00000m   61.4100u 
  850.00000m   71.4199u 
  900.00000m   81.8248u 
  950.00000m   92.5599u 
    1.00000   103.5630u 
y
 vth0_value= 235.1977m
 u0_param=  50.2587m
 ags_param= 426.3447m
 
   *** monte carlo  index = 515 ***
x

 volt         param     
             i_d_0.9    
    0.         51.9343p 
   50.00000m  265.5646p 
  100.00000m    1.3420n 
  150.00000m    6.4690n 
  200.00000m   28.6704n 
  250.00000m  113.3413n 
  300.00000m  394.0976n 
  350.00000m    1.1692u 
  400.00000m    2.8415u 
  450.00000m    5.6681u 
  500.00000m    9.6556u 
  550.00000m   14.6808u 
  600.00000m   20.6074u 
  650.00000m   27.3215u 
  700.00000m   34.7299u 
  750.00000m   42.7519u 
  800.00000m   51.3141u 
  850.00000m   60.3479u 
  900.00000m   69.7885u 
  950.00000m   79.5740u 
    1.00000    89.6452u 
y
 vth0_value= 267.6842m
 u0_param=  47.6899m
 ags_param= 420.7389m
 
   *** monte carlo  index = 516 ***
x

 volt         param     
             i_d_0.9    
    0.         75.3203p 
   50.00000m  385.6972p 
  100.00000m    1.9354n 
  150.00000m    9.1950n 
  200.00000m   39.8580n 
  250.00000m  153.5196n 
  300.00000m  518.1152n 
  350.00000m    1.4776u 
  400.00000m    3.4377u 
  450.00000m    6.6075u 
  500.00000m   10.9519u 
  550.00000m   16.3342u 
  600.00000m   22.6178u 
  650.00000m   29.6903u 
  700.00000m   37.4591u 
  750.00000m   45.8427u 
  800.00000m   54.7667u 
  850.00000m   64.1612u 
  900.00000m   73.9601u 
  950.00000m   84.1004u 
    1.00000    94.5214u 
y
 vth0_value= 257.1687m
 u0_param=  48.8272m
 ags_param= 405.6894m
 
   *** monte carlo  index = 517 ***
x

 volt         param     
             i_d_0.9    
    0.         62.1868p 
   50.00000m  318.3915p 
  100.00000m    1.6045n 
  150.00000m    7.6881n 
  200.00000m   33.7564n 
  250.00000m  131.9660n 
  300.00000m  453.0492n 
  350.00000m    1.3216u 
  400.00000m    3.1513u 
  450.00000m    6.1837u 
  500.00000m   10.4057u 
  550.00000m   15.6846u 
  600.00000m   21.8803u 
  650.00000m   28.8772u 
  700.00000m   36.5801u 
  750.00000m   44.9064u 
  800.00000m   53.7809u 
  850.00000m   63.1330u 
  900.00000m   72.8963u 
  950.00000m   83.0073u 
    1.00000    93.4053u 
y
 vth0_value= 263.1842m
 u0_param=  49.1522m
 ags_param= 408.1369m
 
   *** monte carlo  index = 518 ***
x

 volt         param     
             i_d_0.9    
    0.         64.1329p 
   50.00000m  328.4191p 
  100.00000m    1.6544n 
  150.00000m    7.9198n 
  200.00000m   34.7257n 
  250.00000m  135.5320n 
  300.00000m  464.4065n 
  350.00000m    1.3513u 
  400.00000m    3.2132u 
  450.00000m    6.2900u 
  500.00000m   10.5658u 
  550.00000m   15.9057u 
  600.00000m   22.1686u 
  650.00000m   29.2381u 
  700.00000m   37.0183u 
  750.00000m   45.4260u 
  800.00000m   54.3854u 
  850.00000m   63.8254u 
  900.00000m   73.6790u 
  950.00000m   83.8823u 
    1.00000    94.3742u 
y
 vth0_value= 262.5291m
 u0_param=  49.5815m
 ags_param= 423.1660m
 
   *** monte carlo  index = 519 ***
x

 volt         param     
             i_d_0.9    
    0.         96.2848p 
   50.00000m  492.8610p 
  100.00000m    2.4598n 
  150.00000m   11.5659n 
  200.00000m   49.3828n 
  250.00000m  186.9637n 
  300.00000m  618.2746n 
  350.00000m    1.7167u 
  400.00000m    3.8835u 
  450.00000m    7.2939u 
  500.00000m   11.8884u 
  550.00000m   17.5234u 
  600.00000m   24.0623u 
  650.00000m   31.3936u 
  700.00000m   39.4244u 
  750.00000m   48.0728u 
  800.00000m   57.2634u 
  850.00000m   66.9254u 
  900.00000m   76.9917u 
  950.00000m   87.3981u 
    1.00000    98.0834u 
y
 vth0_value= 250.3172m
 u0_param=  49.7028m
 ags_param= 421.3609m
 
   *** monte carlo  index = 520 ***
x

 volt         param     
             i_d_0.9    
    0.        126.8524p 
   50.00000m  648.0946p 
  100.00000m    3.2100n 
  150.00000m   14.8840n 
  200.00000m   62.3276n 
  250.00000m  230.9436n 
  300.00000m  743.9375n 
  350.00000m    1.9969u 
  400.00000m    4.3666u 
  450.00000m    7.9815u 
  500.00000m   12.7587u 
  550.00000m   18.5528u 
  600.00000m   25.2322u 
  650.00000m   32.6897u 
  700.00000m   40.8349u 
  750.00000m   49.5874u 
  800.00000m   58.8726u 
  850.00000m   68.6203u 
  900.00000m   78.7637u 
  950.00000m   89.2391u 
    1.00000    99.9851u 
y
 vth0_value= 241.7842m
 u0_param=  49.3818m
 ags_param= 424.3909m
 
   *** monte carlo  index = 521 ***
x

 volt         param     
             i_d_0.9    
    0.         40.6968p 
   50.00000m  207.6622p 
  100.00000m    1.0545n 
  150.00000m    5.1366n 
  200.00000m   23.1502n 
  250.00000m   93.4113n 
  300.00000m  332.2355n 
  350.00000m    1.0155u 
  400.00000m    2.5544u 
  450.00000m    5.2533u 
  500.00000m    9.1548u 
  550.00000m   14.1422u 
  600.00000m   20.0718u 
  650.00000m   26.8217u 
  700.00000m   34.2927u 
  750.00000m   42.4001u 
  800.00000m   51.0674u 
  850.00000m   60.2238u 
  900.00000m   69.8023u 
  950.00000m   79.7397u 
    1.00000    89.9752u 
y
 vth0_value= 276.1466m
 u0_param=  49.2535m
 ags_param= 410.9471m
 
   *** monte carlo  index = 522 ***
x

 volt         param     
             i_d_0.9    
    0.        119.7813p 
   50.00000m  612.4126p 
  100.00000m    3.0397n 
  150.00000m   14.1480n 
  200.00000m   59.5520n 
  250.00000m  221.9069n 
  300.00000m  719.7808n 
  350.00000m    1.9491u 
  400.00000m    4.2993u 
  450.00000m    7.9122u 
  500.00000m   12.7089u 
  550.00000m   18.5416u 
  600.00000m   25.2752u 
  650.00000m   32.7994u 
  700.00000m   41.0220u 
  750.00000m   49.8609u 
  800.00000m   59.2403u 
  850.00000m   69.0890u 
  900.00000m   79.3391u 
  950.00000m   89.9263u 
    1.00000   100.7884u 
y
 vth0_value= 244.0365m
 u0_param=  50.1875m
 ags_param= 418.4495m
 
   *** monte carlo  index = 523 ***
x

 volt         param     
             i_d_0.9    
    0.         99.5424p 
   50.00000m  509.3131p 
  100.00000m    2.5384n 
  150.00000m   11.9052n 
  200.00000m   50.6504n 
  250.00000m  191.0082n 
  300.00000m  628.7037n 
  350.00000m    1.7350u 
  400.00000m    3.9008u 
  450.00000m    7.2899u 
  500.00000m   11.8399u 
  550.00000m   17.4097u 
  600.00000m   23.8661u 
  650.00000m   31.1006u 
  700.00000m   39.0225u 
  750.00000m   47.5515u 
  800.00000m   56.6135u 
  850.00000m   66.1390u 
  900.00000m   76.0619u 
  950.00000m   86.3191u 
    1.00000    96.8499u 
y
 vth0_value= 248.7155m
 u0_param=  48.7890m
 ags_param= 404.9347m
 
   *** monte carlo  index = 524 ***
x

 volt         param     
             i_d_0.9    
    0.        190.8797p 
   50.00000m  971.0955p 
  100.00000m    4.7515n 
  150.00000m   21.5725n 
  200.00000m   87.8604n 
  250.00000m  315.7567n 
  300.00000m  978.4445n 
  350.00000m    2.5027u 
  400.00000m    5.2276u 
  450.00000m    9.2211u 
  500.00000m   14.3715u 
  550.00000m   20.5299u 
  600.00000m   27.5678u 
  650.00000m   35.3804u 
  700.00000m   43.8781u 
  750.00000m   52.9800u 
  800.00000m   62.6110u 
  850.00000m   72.6999u 
  900.00000m   83.1790u 
  950.00000m   93.9835u 
    1.00000   105.0512u 
y
 vth0_value= 229.9992m
 u0_param=  50.2322m
 ags_param= 418.8134m
 
   *** monte carlo  index = 525 ***
x

 volt         param     
             i_d_0.9    
    0.         35.3126p 
   50.00000m  179.7685p 
  100.00000m  914.4101p 
  150.00000m    4.4738n 
  200.00000m   20.3102n 
  250.00000m   82.7108n 
  300.00000m  297.1932n 
  350.00000m  920.5247n 
  400.00000m    2.3528u 
  450.00000m    4.9097u 
  500.00000m    8.6516u 
  550.00000m   13.4706u 
  600.00000m   19.2254u 
  650.00000m   25.7944u 
  700.00000m   33.0789u 
  750.00000m   40.9949u 
  800.00000m   49.4670u 
  850.00000m   58.4253u 
  900.00000m   67.8037u 
  950.00000m   77.5398u 
    1.00000    87.5737u 
y
 vth0_value= 279.9642m
 u0_param=  48.4534m
 ags_param= 402.6423m
 
   *** monte carlo  index = 526 ***
x

 volt         param     
             i_d_0.9    
    0.         44.2640p 
   50.00000m  226.0400p 
  100.00000m    1.1457n 
  150.00000m    5.5584n 
  200.00000m   24.8888n 
  250.00000m   99.6238n 
  300.00000m  351.2306n 
  350.00000m    1.0613u 
  400.00000m    2.6339u 
  450.00000m    5.3517u 
  500.00000m    9.2426u 
  550.00000m   14.1885u 
  600.00000m   20.0504u 
  650.00000m   26.7111u 
  700.00000m   34.0751u 
  750.00000m   42.0602u 
  800.00000m   50.5921u 
  850.00000m   59.6015u 
  900.00000m   69.0230u 
  950.00000m   78.7946u 
    1.00000    88.8566u 
y
 vth0_value= 272.8018m
 u0_param=  48.0671m
 ags_param= 400.0257m
 
   *** monte carlo  index = 527 ***
x

 volt         param     
             i_d_0.9    
    0.         76.2340p 
   50.00000m  390.3780p 
  100.00000m    1.9584n 
  150.00000m    9.2997n 
  200.00000m   40.2830n 
  250.00000m  155.0286n 
  300.00000m  522.7070n 
  350.00000m    1.4888u 
  400.00000m    3.4592u 
  450.00000m    6.6414u 
  500.00000m   10.9993u 
  550.00000m   16.3960u 
  600.00000m   22.6948u 
  650.00000m   29.7836u 
  700.00000m   37.5695u 
  750.00000m   45.9713u 
  800.00000m   54.9145u 
  850.00000m   64.3290u 
  900.00000m   74.1489u 
  950.00000m   84.3108u 
    1.00000    94.7542u 
y
 vth0_value= 256.8359m
 u0_param=  48.8757m
 ags_param= 427.4545m
 
   *** monte carlo  index = 528 ***
x

 volt         param     
             i_d_0.9    
    0.        149.2411p 
   50.00000m  761.1500p 
  100.00000m    3.7504n 
  150.00000m   17.2321n 
  200.00000m   71.2850n 
  250.00000m  260.6259n 
  300.00000m  825.6295n 
  350.00000m    2.1699u 
  400.00000m    4.6494u 
  450.00000m    8.3645u 
  500.00000m   13.2210u 
  550.00000m   19.0747u 
  600.00000m   25.7981u 
  650.00000m   33.2871u 
  700.00000m   41.4535u 
  750.00000m   50.2181u 
  800.00000m   59.5074u 
  850.00000m   69.2517u 
  900.00000m   79.3851u 
  950.00000m   89.8441u 
    1.00000   100.5678u 
y
 vth0_value= 236.5410m
 u0_param=  48.8691m
 ags_param= 427.6782m
 
   *** monte carlo  index = 529 ***
x

 volt         param     
             i_d_0.9    
    0.        107.4580p 
   50.00000m  549.5678p 
  100.00000m    2.7335n 
  150.00000m   12.7719n 
  200.00000m   54.0514n 
  250.00000m  202.6398n 
  300.00000m  662.2659n 
  350.00000m    1.8109u 
  400.00000m    4.0336u 
  450.00000m    7.4820u 
  500.00000m   12.0871u 
  550.00000m   17.7070u 
  600.00000m   24.2098u 
  650.00000m   31.4882u 
  700.00000m   39.4519u 
  750.00000m   48.0211u 
  800.00000m   57.1219u 
  850.00000m   66.6848u 
  900.00000m   76.6438u 
  950.00000m   86.9358u 
    1.00000    97.5001u 
y
 vth0_value= 246.3811m
 u0_param=  48.7534m
 ags_param= 423.8815m
 
   *** monte carlo  index = 530 ***
x

 volt         param     
             i_d_0.9    
    0.         56.1576p 
   50.00000m  287.3379p 
  100.00000m    1.4503n 
  150.00000m    6.9730n 
  200.00000m   30.7786n 
  250.00000m  121.0824n 
  300.00000m  418.6826n 
  350.00000m    1.2331u 
  400.00000m    2.9717u 
  450.00000m    5.8850u 
  500.00000m    9.9709u 
  550.00000m   15.1021u 
  600.00000m   21.1407u 
  650.00000m   27.9721u 
  700.00000m   35.5024u 
  750.00000m   43.6501u 
  800.00000m   52.3409u 
  850.00000m   61.5056u 
  900.00000m   71.0786u 
  950.00000m   80.9974u 
    1.00000    91.2022u 
y
 vth0_value= 265.7091m
 u0_param=  48.2881m
 ags_param= 410.2529m
 
   *** monte carlo  index = 531 ***
x

 volt         param     
             i_d_0.9    
    0.         43.5821p 
   50.00000m  222.5357p 
  100.00000m    1.1284n 
  150.00000m    5.4792n 
  200.00000m   24.5685n 
  250.00000m   98.5094n 
  300.00000m  347.9499n 
  350.00000m    1.0539u 
  400.00000m    2.6231u 
  450.00000m    5.3435u 
  500.00000m    9.2459u 
  550.00000m   14.2123u 
  600.00000m   20.1024u 
  650.00000m   26.7979u 
  700.00000m   34.2022u 
  750.00000m   42.2324u 
  800.00000m   50.8137u 
  850.00000m   59.8763u 
  900.00000m   69.3544u 
  950.00000m   79.1855u 
    1.00000    89.3097u 
y
 vth0_value= 273.5111m
 u0_param=  48.4221m
 ags_param= 418.4203m
 
   *** monte carlo  index = 532 ***
x

 volt         param     
             i_d_0.9    
    0.        212.0283p 
   50.00000m    1.0769n 
  100.00000m    5.2482n 
  150.00000m   23.6723n 
  200.00000m   95.6191n 
  250.00000m  340.5453n 
  300.00000m    1.0430u 
  350.00000m    2.6305u 
  400.00000m    5.4244u 
  450.00000m    9.4757u 
  500.00000m   14.6678u 
  550.00000m   20.8541u 
  600.00000m   27.9088u 
  650.00000m   35.7295u 
  700.00000m   44.2279u 
  750.00000m   53.3242u 
  800.00000m   62.9440u 
  850.00000m   73.0166u 
  900.00000m   83.4749u 
  950.00000m   94.2545u 
    1.00000   105.2933u 
y
 vth0_value= 226.5449m
 u0_param=  49.7987m
 ags_param= 429.5646m
 
   *** monte carlo  index = 533 ***
x

 volt         param     
             i_d_0.9    
    0.         87.2817p 
   50.00000m  446.6954p 
  100.00000m    2.2325n 
  150.00000m   10.5252n 
  200.00000m   45.1158n 
  250.00000m  171.5837n 
  300.00000m  570.5657n 
  350.00000m    1.5958u 
  400.00000m    3.6374u 
  450.00000m    6.8746u 
  500.00000m   11.2572u 
  550.00000m   16.6490u 
  600.00000m   22.9187u 
  650.00000m   29.9588u 
  700.00000m   37.6797u 
  750.00000m   46.0024u 
  800.00000m   54.8542u 
  850.00000m   64.1667u 
  900.00000m   73.8748u 
  950.00000m   83.9166u 
    1.00000    94.2322u 
y
 vth0_value= 252.0514m
 u0_param=  47.8348m
 ags_param= 427.7968m
 
   *** monte carlo  index = 534 ***
x

 volt         param     
             i_d_0.9    
    0.         65.2795p 
   50.00000m  334.3184p 
  100.00000m    1.6836n 
  150.00000m    8.0549n 
  200.00000m   35.2849n 
  250.00000m  137.5634n 
  300.00000m  470.7687n 
  350.00000m    1.3675u 
  400.00000m    3.2456u 
  450.00000m    6.3433u 
  500.00000m   10.6426u 
  550.00000m   16.0076u 
  600.00000m   22.2969u 
  650.00000m   29.3937u 
  700.00000m   37.2020u 
  750.00000m   45.6384u 
  800.00000m   54.6266u 
  850.00000m   64.0956u 
  900.00000m   73.9782u 
  950.00000m   84.2102u 
    1.00000    94.7306u 
y
 vth0_value= 262.0903m
 u0_param=  49.7335m
 ags_param= 409.2843m
 
   *** monte carlo  index = 535 ***
x

 volt         param     
             i_d_0.9    
    0.         68.4423p 
   50.00000m  350.4952p 
  100.00000m    1.7628n 
  150.00000m    8.4125n 
  200.00000m   36.7110n 
  250.00000m  142.4924n 
  300.00000m  485.1946n 
  350.00000m    1.4001u 
  400.00000m    3.2989u 
  450.00000m    6.4083u 
  500.00000m   10.7041u 
  550.00000m   16.0508u 
  600.00000m   22.3095u 
  650.00000m   29.3659u 
  700.00000m   37.1254u 
  750.00000m   45.5060u 
  800.00000m   54.4324u 
  850.00000m   63.8343u 
  900.00000m   73.6451u 
  950.00000m   83.8014u 
    1.00000    94.2425u 
y
 vth0_value= 260.2857m
 u0_param=  49.1608m
 ags_param= 410.5520m
 
   *** monte carlo  index = 536 ***
x

 volt         param     
             i_d_0.9    
    0.         90.4872p 
   50.00000m  463.5139p 
  100.00000m    2.3191n 
  150.00000m   10.9531n 
  200.00000m   47.0678n 
  250.00000m  179.4785n 
  300.00000m  598.5216n 
  350.00000m    1.6801u 
  400.00000m    3.8441u 
  450.00000m    7.2862u 
  500.00000m   11.9533u 
  550.00000m   17.6975u 
  600.00000m   24.3756u 
  650.00000m   31.8708u 
  700.00000m   40.0862u 
  750.00000m   48.9370u 
  800.00000m   58.3451u 
  850.00000m   68.2376u 
  900.00000m   78.5454u 
  950.00000m   89.2030u 
    1.00000   100.1475u 
y
 vth0_value= 253.2294m
 u0_param=  51.3340m
 ags_param= 423.4010m
 
   *** monte carlo  index = 537 ***
x

 volt         param     
             i_d_0.9    
    0.         49.0502p 
   50.00000m  250.7238p 
  100.00000m    1.2685n 
  150.00000m    6.1299n 
  200.00000m   27.2740n 
  250.00000m  108.3289n 
  300.00000m  378.6497n 
  350.00000m    1.1312u 
  400.00000m    2.7710u 
  450.00000m    5.5656u 
  500.00000m    9.5294u 
  550.00000m   14.5408u 
  600.00000m   20.4618u 
  650.00000m   27.1770u 
  700.00000m   34.5920u 
  750.00000m   42.6253u 
  800.00000m   51.2030u 
  850.00000m   60.2562u 
  900.00000m   69.7194u 
  950.00000m   79.5307u 
    1.00000    89.6305u 
y
 vth0_value= 269.6160m
 u0_param=  47.9791m
 ags_param= 425.6371m
 
   *** monte carlo  index = 538 ***
x

 volt         param     
             i_d_0.9    
    0.         84.4593p 
   50.00000m  432.5971p 
  100.00000m    2.1667n 
  150.00000m   10.2556n 
  200.00000m   44.2103n 
  250.00000m  169.1980n 
  300.00000m  566.7123n 
  350.00000m    1.6000u 
  400.00000m    3.6831u 
  450.00000m    7.0164u 
  500.00000m   11.5536u 
  550.00000m   17.1512u 
  600.00000m   23.6689u 
  650.00000m   30.9919u 
  700.00000m   39.0251u 
  750.00000m   47.6849u 
  800.00000m   56.8950u 
  850.00000m   66.5837u 
  900.00000m   76.6831u 
  950.00000m   87.1287u 
    1.00000    97.8585u 
y
 vth0_value= 254.6513m
 u0_param=  50.2868m
 ags_param= 416.5928m
 
   *** monte carlo  index = 539 ***
x

 volt         param     
             i_d_0.9    
    0.        147.7634p 
   50.00000m  754.1897p 
  100.00000m    3.7219n 
  150.00000m   17.1464n 
  200.00000m   71.1750n 
  250.00000m  261.1733n 
  300.00000m  831.0804n 
  350.00000m    2.1965u 
  400.00000m    4.7313u 
  450.00000m    8.5459u 
  500.00000m   13.5444u 
  550.00000m   19.5762u 
  600.00000m   26.5073u 
  650.00000m   34.2288u 
  700.00000m   42.6484u 
  750.00000m   51.6841u 
  800.00000m   61.2594u 
  850.00000m   71.3025u 
  900.00000m   81.7453u 
  950.00000m   92.5224u 
    1.00000   103.5714u 
y
 vth0_value= 238.0425m
 u0_param=  50.7240m
 ags_param= 424.4752m
 
   *** monte carlo  index = 540 ***
x

 volt         param     
             i_d_0.9    
    0.         68.6241p 
   50.00000m  351.5084p 
  100.00000m    1.7686n 
  150.00000m    8.4462n 
  200.00000m   36.8971n 
  250.00000m  143.3833n 
  300.00000m  488.8546n 
  350.00000m    1.4130u 
  400.00000m    3.3354u 
  450.00000m    6.4888u 
  500.00000m   10.8497u 
  550.00000m   16.2799u 
  600.00000m   22.6374u 
  650.00000m   29.8051u 
  700.00000m   37.6866u 
  750.00000m   46.1982u 
  800.00000m   55.2633u 
  850.00000m   64.8103u 
  900.00000m   74.7717u 
  950.00000m   85.0831u 
    1.00000    95.6829u 
y
 vth0_value= 260.7899m
 u0_param=  50.0651m
 ags_param= 410.4827m
 
   *** monte carlo  index = 541 ***
x

 volt         param     
             i_d_0.9    
    0.         66.9092p 
   50.00000m  342.5944p 
  100.00000m    1.7235n 
  150.00000m    8.2297n 
  200.00000m   35.9446n 
  250.00000m  139.6620n 
  300.00000m  476.1400n 
  350.00000m    1.3762u 
  400.00000m    3.2485u 
  450.00000m    6.3199u 
  500.00000m   10.5687u 
  550.00000m   15.8610u 
  600.00000m   22.0594u 
  650.00000m   29.0502u 
  700.00000m   36.7400u 
  750.00000m   45.0472u 
  800.00000m   53.8973u 
  850.00000m   63.2204u 
  900.00000m   72.9506u 
  950.00000m   83.0247u 
    1.00000    93.3826u 
y
 vth0_value= 260.6899m
 u0_param=  48.7307m
 ags_param= 414.7305m
 
   *** monte carlo  index = 542 ***
x

 volt         param     
             i_d_0.9    
    0.         48.5982p 
   50.00000m  248.4169p 
  100.00000m    1.2573n 
  150.00000m    6.0799n 
  200.00000m   27.0816n 
  250.00000m  107.7071n 
  300.00000m  377.0196n 
  350.00000m    1.1285u 
  400.00000m    2.7702u 
  450.00000m    5.5746u 
  500.00000m    9.5580u 
  550.00000m   14.5980u 
  600.00000m   20.5553u 
  650.00000m   27.3130u 
  700.00000m   34.7756u 
  750.00000m   42.8610u 
  800.00000m   51.4945u 
  850.00000m   60.6065u 
  900.00000m   70.1313u 
  950.00000m   80.0063u 
    1.00000    90.1717u 
y
 vth0_value= 270.1695m
 u0_param=  48.3875m
 ags_param= 421.1327m
 
   *** monte carlo  index = 543 ***
x

 volt         param     
             i_d_0.9    
    0.         71.3872p 
   50.00000m  365.5358p 
  100.00000m    1.8362n 
  150.00000m    8.7424n 
  200.00000m   38.0176n 
  250.00000m  146.9727n 
  300.00000m  498.1603n 
  350.00000m    1.4288u 
  400.00000m    3.3447u 
  450.00000m    6.4617u 
  500.00000m   10.7508u 
  550.00000m   16.0770u 
  600.00000m   22.3040u 
  650.00000m   29.3194u 
  700.00000m   37.0306u 
  750.00000m   45.3564u 
  800.00000m   54.2227u 
  850.00000m   63.5599u 
  900.00000m   73.3020u 
  950.00000m   83.3862u 
    1.00000    93.7523u 
y
 vth0_value= 258.6458m
 u0_param=  48.6058m
 ags_param= 421.9261m
 
   *** monte carlo  index = 544 ***
x

 volt         param     
             i_d_0.9    
    0.         85.2093p 
   50.00000m  436.2710p 
  100.00000m    2.1831n 
  150.00000m   10.3162n 
  200.00000m   44.3661n 
  250.00000m  169.3498n 
  300.00000m  565.5272n 
  350.00000m    1.5905u 
  400.00000m    3.6462u 
  450.00000m    6.9232u 
  500.00000m   11.3739u 
  550.00000m   16.8587u 
  600.00000m   23.2419u 
  650.00000m   30.4122u 
  700.00000m   38.2776u 
  750.00000m   46.7567u 
  800.00000m   55.7750u 
  850.00000m   65.2626u 
  900.00000m   75.1531u 
  950.00000m   85.3832u 
    1.00000    95.8922u 
y
 vth0_value= 253.5569m
 u0_param=  49.0078m
 ags_param= 416.0813m
 
   *** monte carlo  index = 545 ***
x

 volt         param     
             i_d_0.9    
    0.         50.4048p 
   50.00000m  257.7144p 
  100.00000m    1.3033n 
  150.00000m    6.2925n 
  200.00000m   27.9572n 
  250.00000m  110.8483n 
  300.00000m  386.6914n 
  350.00000m    1.1522u 
  400.00000m    2.8140u 
  450.00000m    5.6370u 
  500.00000m    9.6328u 
  550.00000m   14.6779u 
  600.00000m   20.6341u 
  650.00000m   27.3859u 
  700.00000m   34.8387u 
  750.00000m   42.9107u 
  800.00000m   51.5278u 
  850.00000m   60.6208u 
  900.00000m   70.1242u 
  950.00000m   79.9758u 
    1.00000    90.1158u 
y
 vth0_value= 268.9034m
 u0_param=  48.1531m
 ags_param= 421.3523m
 
   *** monte carlo  index = 546 ***
x

 volt         param     
             i_d_0.9    
    0.         54.1421p 
   50.00000m  276.9911p 
  100.00000m    1.3993n 
  150.00000m    6.7397n 
  200.00000m   29.8312n 
  250.00000m  117.7408n 
  300.00000m  408.6263n 
  350.00000m    1.2093u 
  400.00000m    2.9305u 
  450.00000m    5.8308u 
  500.00000m    9.9136u 
  550.00000m   15.0518u 
  600.00000m   21.1060u 
  650.00000m   27.9602u 
  700.00000m   35.5193u 
  750.00000m   43.7010u 
  800.00000m   52.4306u 
  850.00000m   61.6382u 
  900.00000m   71.2578u 
  950.00000m   81.2266u 
    1.00000    91.4843u 
y
 vth0_value= 267.0546m
 u0_param=  48.6439m
 ags_param= 426.1717m
 
   *** monte carlo  index = 547 ***
x

 volt         param     
             i_d_0.9    
    0.         97.1206p 
   50.00000m  497.0904p 
  100.00000m    2.4801n 
  150.00000m   11.6542n 
  200.00000m   49.7163n 
  250.00000m  188.0455n 
  300.00000m  621.1413n 
  350.00000m    1.7221u 
  400.00000m    3.8897u 
  450.00000m    7.2965u 
  500.00000m   11.8822u 
  550.00000m   17.5034u 
  600.00000m   24.0245u 
  650.00000m   31.3344u 
  700.00000m   39.3409u 
  750.00000m   47.9623u 
  800.00000m   57.1235u 
  850.00000m   66.7539u 
  900.00000m   76.7867u 
  950.00000m   87.1581u 
    1.00000    97.8067u 
y
 vth0_value= 249.9281m
 u0_param=  49.5051m
 ags_param= 408.2866m
 
   *** monte carlo  index = 548 ***
x

 volt         param     
             i_d_0.9    
    0.         66.8844p 
   50.00000m  342.5348p 
  100.00000m    1.7239n 
  150.00000m    8.2376n 
  200.00000m   36.0179n 
  250.00000m  140.1179n 
  300.00000m  478.3346n 
  350.00000m    1.3850u 
  400.00000m    3.2754u 
  450.00000m    6.3824u 
  500.00000m   10.6850u 
  550.00000m   16.0473u 
  600.00000m   22.3289u 
  650.00000m   29.4142u 
  700.00000m   37.2078u 
  750.00000m   45.6268u 
  800.00000m   54.5955u 
  850.00000m   64.0431u 
  900.00000m   73.9025u 
  950.00000m   84.1101u 
    1.00000    94.6048u 
y
 vth0_value= 261.2071m
 u0_param=  49.5052m
 ags_param= 418.4661m
 
   *** monte carlo  index = 549 ***
x

 volt         param     
             i_d_0.9    
    0.         49.8268p 
   50.00000m  254.8163p 
  100.00000m    1.2898n 
  150.00000m    6.2373n 
  200.00000m   27.7829n 
  250.00000m  110.4911n 
  300.00000m  386.7078n 
  350.00000m    1.1572u 
  400.00000m    2.8399u 
  450.00000m    5.7129u 
  500.00000m    9.7921u 
  550.00000m   14.9509u 
  600.00000m   21.0460u 
  650.00000m   27.9572u 
  700.00000m   35.5866u 
  750.00000m   43.8498u 
  800.00000m   52.6703u 
  850.00000m   61.9771u 
  900.00000m   71.7030u 
  950.00000m   81.7842u 
    1.00000    92.1597u 
y
 vth0_value= 270.1833m
 u0_param=  49.5697m
 ags_param= 407.2141m
 
   *** monte carlo  index = 550 ***
x

 volt         param     
             i_d_0.9    
    0.        146.2855p 
   50.00000m  746.2441p 
  100.00000m    3.6793n 
  150.00000m   16.9243n 
  200.00000m   70.1149n 
  250.00000m  256.7610n 
  300.00000m  815.0406n 
  350.00000m    2.1476u 
  400.00000m    4.6126u 
  450.00000m    8.3139u 
  500.00000m   13.1583u 
  550.00000m   19.0018u 
  600.00000m   25.7163u 
  650.00000m   33.1974u 
  700.00000m   41.3568u 
  750.00000m   50.1150u 
  800.00000m   59.3984u 
  850.00000m   69.1376u 
  900.00000m   79.2662u 
  950.00000m   89.7209u 
    1.00000   100.4408u 
y
 vth0_value= 237.1691m
 u0_param=  48.9056m
 ags_param= 422.8999m
 
   *** monte carlo  index = 551 ***
x

 volt         param     
             i_d_0.9    
    0.         69.6710p 
   50.00000m  356.7375p 
  100.00000m    1.7929n 
  150.00000m    8.5449n 
  200.00000m   37.2150n 
  250.00000m  144.1217n 
  300.00000m  489.4881n 
  350.00000m    1.4077u 
  400.00000m    3.3049u 
  450.00000m    6.4004u 
  500.00000m   10.6678u 
  550.00000m   15.9730u 
  600.00000m   22.1794u 
  650.00000m   29.1746u 
  700.00000m   36.8658u 
  750.00000m   45.1720u 
  800.00000m   54.0190u 
  850.00000m   63.3371u 
  900.00000m   73.0607u 
  950.00000m   83.1268u 
    1.00000    93.4754u 
y
 vth0_value= 259.3494m
 u0_param=  48.5556m
 ags_param= 425.7650m
 
   *** monte carlo  index = 552 ***
x

 volt         param     
             i_d_0.9    
    0.         49.2732p 
   50.00000m  251.9242p 
  100.00000m    1.2750n 
  150.00000m    6.1650n 
  200.00000m   27.4549n 
  250.00000m  109.1634n 
  300.00000m  381.9906n 
  350.00000m    1.1428u 
  400.00000m    2.8040u 
  450.00000m    5.6397u 
  500.00000m    9.6657u 
  550.00000m   14.7579u 
  600.00000m   20.7751u 
  650.00000m   27.5991u 
  700.00000m   35.1337u 
  750.00000m   43.2955u 
  800.00000m   52.0092u 
  850.00000m   61.2047u 
  900.00000m   70.8155u 
  950.00000m   80.7787u 
    1.00000    91.0338u 
y
 vth0_value= 270.0759m
 u0_param=  48.8823m
 ags_param= 415.5751m
 
   *** monte carlo  index = 553 ***
x

 volt         param     
             i_d_0.9    
    0.         47.9290p 
   50.00000m  244.9926p 
  100.00000m    1.2405n 
  150.00000m    6.0046n 
  200.00000m   26.7858n 
  250.00000m  106.7214n 
  300.00000m  374.2991n 
  350.00000m    1.1232u 
  400.00000m    2.7654u 
  450.00000m    5.5791u 
  500.00000m    9.5836u 
  550.00000m   14.6559u 
  600.00000m   20.6546u 
  650.00000m   27.4612u 
  700.00000m   34.9790u 
  750.00000m   43.1247u 
  800.00000m   51.8228u 
  850.00000m   61.0032u 
  900.00000m   70.5995u 
  950.00000m   80.5485u 
    1.00000    90.7901u 
y
 vth0_value= 270.9168m
 u0_param=  48.8811m
 ags_param= 411.6820m
 
   *** monte carlo  index = 554 ***
x

 volt         param     
             i_d_0.9    
    0.        169.7781p 
   50.00000m  864.7818p 
  100.00000m    4.2452n 
  150.00000m   19.3818n 
  200.00000m   79.5094n 
  250.00000m  288.0294n 
  300.00000m  901.7669n 
  350.00000m    2.3358u 
  400.00000m    4.9363u 
  450.00000m    8.7863u 
  500.00000m   13.7823u 
  550.00000m   19.7784u 
  600.00000m   26.6470u 
  650.00000m   34.2841u 
  700.00000m   42.6010u 
  750.00000m   51.5182u 
  800.00000m   60.9612u 
  850.00000m   70.8601u 
  900.00000m   81.1480u 
  950.00000m   91.7610u 
    1.00000   102.6376u 
y
 vth0_value= 233.0063m
 u0_param=  49.4137m
 ags_param= 430.2474m
 
   *** monte carlo  index = 555 ***
x

 volt         param     
             i_d_0.9    
    0.         80.6129p 
   50.00000m  412.8621p 
  100.00000m    2.0694n 
  150.00000m    9.8098n 
  200.00000m   42.3820n 
  250.00000m  162.6151n 
  300.00000m  546.3200n 
  350.00000m    1.5487u 
  400.00000m    3.5800u 
  450.00000m    6.8440u 
  500.00000m   11.2990u 
  550.00000m   16.8044u 
  600.00000m   23.2212u 
  650.00000m   30.4358u 
  700.00000m   38.3542u 
  750.00000m   46.8937u 
  800.00000m   55.9787u 
  850.00000m   65.5384u 
  900.00000m   75.5057u 
  950.00000m   85.8166u 
    1.00000    96.4098u 
y
 vth0_value= 255.6538m
 u0_param=  49.6537m
 ags_param= 401.8591m
 
   *** monte carlo  index = 556 ***
x

 volt         param     
             i_d_0.9    
    0.         51.0674p 
   50.00000m  261.2293p 
  100.00000m    1.3219n 
  150.00000m    6.3880n 
  200.00000m   28.4230n 
  250.00000m  112.8853n 
  300.00000m  394.4882n 
  350.00000m    1.1781u 
  400.00000m    2.8845u 
  450.00000m    5.7910u 
  500.00000m    9.9108u 
  550.00000m   15.1159u 
  600.00000m   21.2619u 
  650.00000m   28.2283u 
  700.00000m   35.9165u 
  750.00000m   44.2417u 
  800.00000m   53.1272u 
  850.00000m   62.5014u 
  900.00000m   72.2967u 
  950.00000m   82.4490u 
    1.00000    92.8971u 
y
 vth0_value= 269.6405m
 u0_param=  49.8883m
 ags_param= 425.0857m
 
   *** monte carlo  index = 557 ***
x

 volt         param     
             i_d_0.9    
    0.        250.3472p 
   50.00000m    1.2687n 
  100.00000m    6.1510n 
  150.00000m   27.5091n 
  200.00000m  109.9476n 
  250.00000m  386.9929n 
  300.00000m    1.1670u 
  350.00000m    2.8902u 
  400.00000m    5.8631u 
  450.00000m   10.1159u 
  500.00000m   15.5215u 
  550.00000m   21.9305u 
  600.00000m   29.2165u 
  650.00000m   37.2759u 
  700.00000m   46.0193u 
  750.00000m   55.3657u 
  800.00000m   65.2392u 
  850.00000m   75.5681u 
  900.00000m   86.2840u 
  950.00000m   97.3215u 
    1.00000   108.6173u 
y
 vth0_value= 222.1978m
 u0_param=  50.8473m
 ags_param= 425.6021m
 
   *** monte carlo  index = 558 ***
x

 volt         param     
             i_d_0.9    
    0.        183.7911p 
   50.00000m  935.2442p 
  100.00000m    4.5794n 
  150.00000m   20.8179n 
  200.00000m   84.9270n 
  250.00000m  305.7840n 
  300.00000m  949.8643n 
  350.00000m    2.4369u 
  400.00000m    5.1042u 
  450.00000m    9.0230u 
  500.00000m   14.0849u 
  550.00000m   20.1438u 
  600.00000m   27.0728u 
  650.00000m   34.7685u 
  700.00000m   43.1427u 
  750.00000m   52.1155u 
  800.00000m   61.6128u 
  850.00000m   71.5643u 
  900.00000m   81.9030u 
  950.00000m   92.5651u 
    1.00000   103.4887u 
y
 vth0_value= 230.6737m
 u0_param=  49.5092m
 ags_param= 422.5571m
 
   *** monte carlo  index = 559 ***
x

 volt         param     
             i_d_0.9    
    0.        122.4621p 
   50.00000m  626.0081p 
  100.00000m    3.1052n 
  150.00000m   14.4366n 
  200.00000m   60.6718n 
  250.00000m  225.6895n 
  300.00000m  730.4983n 
  350.00000m    1.9728u 
  400.00000m    4.3397u 
  450.00000m    7.9697u 
  500.00000m   12.7817u 
  550.00000m   18.6280u 
  600.00000m   25.3737u 
  650.00000m   32.9090u 
  700.00000m   41.1419u 
  750.00000m   49.9902u 
  800.00000m   59.3784u 
  850.00000m   69.2351u 
  900.00000m   79.4927u 
  950.00000m   90.0866u 
    1.00000   100.9549u 
y
 vth0_value= 243.3564m
 u0_param=  50.1688m
 ags_param= 418.5402m
 
   *** monte carlo  index = 560 ***
x

 volt         param     
             i_d_0.9    
    0.        109.3736p 
   50.00000m  559.3162p 
  100.00000m    2.7808n 
  150.00000m   12.9828n 
  200.00000m   54.8836n 
  250.00000m  205.5097n 
  300.00000m  670.6478n 
  350.00000m    1.8303u 
  400.00000m    4.0690u 
  450.00000m    7.5360u 
  500.00000m   12.1609u 
  550.00000m   17.8013u 
  600.00000m   24.3255u 
  650.00000m   31.6258u 
  700.00000m   39.6123u 
  750.00000m   48.2049u 
  800.00000m   57.3297u 
  850.00000m   66.9171u 
  900.00000m   76.9009u 
  950.00000m   87.2180u 
    1.00000    97.8076u 
y
 vth0_value= 245.9015m
 u0_param=  48.8351m
 ags_param= 431.8924m
 
   *** monte carlo  index = 561 ***
x

 volt         param     
             i_d_0.9    
    0.         77.2810p 
   50.00000m  395.6885p 
  100.00000m    1.9840n 
  150.00000m    9.4116n 
  200.00000m   40.7066n 
  250.00000m  156.3949n 
  300.00000m  526.2939n 
  350.00000m    1.4952u 
  400.00000m    3.4647u 
  450.00000m    6.6370u 
  500.00000m   10.9746u 
  550.00000m   16.3412u 
  600.00000m   22.6019u 
  650.00000m   29.6459u 
  700.00000m   37.3813u 
  750.00000m   45.7278u 
  800.00000m   54.6113u 
  850.00000m   63.9627u 
  900.00000m   73.7160u 
  950.00000m   83.8087u 
    1.00000    94.1807u 
y
 vth0_value= 256.1449m
 u0_param=  48.4542m
 ags_param= 420.2789m
 
   *** monte carlo  index = 562 ***
x

 volt         param     
             i_d_0.9    
    0.         47.7562p 
   50.00000m  244.1595p 
  100.00000m    1.2370n 
  150.00000m    5.9938n 
  200.00000m   26.7819n 
  250.00000m  106.9160n 
  300.00000m  375.7725n 
  350.00000m    1.1307u 
  400.00000m    2.7927u 
  450.00000m    5.6497u 
  500.00000m    9.7243u 
  550.00000m   14.8909u 
  600.00000m   21.0043u 
  650.00000m   27.9425u 
  700.00000m   35.6061u 
  750.00000m   43.9099u 
  800.00000m   52.7766u 
  850.00000m   62.1345u 
  900.00000m   71.9159u 
  950.00000m   82.0565u 
    1.00000    92.4951u 
y
 vth0_value= 271.7527m
 u0_param=  50.0023m
 ags_param= 424.7193m
 
   *** monte carlo  index = 563 ***
x

 volt         param     
             i_d_0.9    
    0.         81.4164p 
   50.00000m  416.9740p 
  100.00000m    2.0896n 
  150.00000m    9.9013n 
  200.00000m   42.7513n 
  250.00000m  163.9184n 
  300.00000m  550.2517n 
  350.00000m    1.5581u 
  400.00000m    3.5979u 
  450.00000m    6.8718u 
  500.00000m   11.3372u 
  550.00000m   16.8533u 
  600.00000m   23.2812u 
  650.00000m   30.5074u 
  700.00000m   38.4377u 
  750.00000m   46.9895u 
  800.00000m   56.0874u 
  850.00000m   65.6602u 
  900.00000m   75.6410u 
  950.00000m   85.9656u 
    1.00000    96.5729u 
y
 vth0_value= 255.3756m
 u0_param=  49.6873m
 ags_param= 411.4236m
 
   *** monte carlo  index = 564 ***
x

 volt         param     
             i_d_0.9    
    0.         64.2855p 
   50.00000m  329.1418p 
  100.00000m    1.6573n 
  150.00000m    7.9278n 
  200.00000m   34.7205n 
  250.00000m  135.3337n 
  300.00000m  463.0573n 
  350.00000m    1.3448u 
  400.00000m    3.1911u 
  450.00000m    6.2360u 
  500.00000m   10.4623u 
  550.00000m   15.7371u 
  600.00000m   21.9221u 
  650.00000m   28.9028u 
  700.00000m   36.5853u 
  750.00000m   44.8875u 
  800.00000m   53.7347u 
  850.00000m   63.0570u 
  900.00000m   72.7881u 
  950.00000m   82.8650u 
    1.00000    93.2272u 
y
 vth0_value= 261.9738m
 u0_param=  48.8400m
 ags_param= 419.9519m
 
   *** monte carlo  index = 565 ***
x

 volt         param     
             i_d_0.9    
    0.        181.4211p 
   50.00000m  923.6220p 
  100.00000m    4.5271n 
  150.00000m   20.6142n 
  200.00000m   84.2737n 
  250.00000m  304.1179n 
  300.00000m  947.4056n 
  350.00000m    2.4391u 
  400.00000m    5.1252u 
  450.00000m    9.0820u 
  500.00000m   14.2006u 
  550.00000m   20.3320u 
  600.00000m   27.3466u 
  650.00000m   35.1390u 
  700.00000m   43.6192u 
  750.00000m   52.7062u 
  800.00000m   62.3245u 
  850.00000m   72.4030u 
  900.00000m   82.8738u 
  950.00000m   93.6723u 
    1.00000   104.7360u 
y
 vth0_value= 231.5749m
 u0_param=  50.2960m
 ags_param= 432.6489m
 
   *** monte carlo  index = 566 ***
x

 volt         param     
             i_d_0.9    
    0.        163.4836p 
   50.00000m  833.6321p 
  100.00000m    4.1023n 
  150.00000m   18.8060n 
  200.00000m   77.5550n 
  250.00000m  282.5413n 
  300.00000m  890.8915n 
  350.00000m    2.3279u 
  400.00000m    4.9599u 
  450.00000m    8.8831u 
  500.00000m   13.9935u 
  550.00000m   20.1389u 
  600.00000m   27.1854u 
  650.00000m   35.0239u 
  700.00000m   43.5620u 
  750.00000m   52.7171u 
  800.00000m   62.4124u 
  850.00000m   72.5754u 
  900.00000m   83.1374u 
  950.00000m   94.0330u 
    1.00000   105.1989u 
y
 vth0_value= 235.2707m
 u0_param=  51.1661m
 ags_param= 414.4807m
 
   *** monte carlo  index = 567 ***
x

 volt         param     
             i_d_0.9    
    0.         55.1737p 
   50.00000m  282.2691p 
  100.00000m    1.4251n 
  150.00000m    6.8561n 
  200.00000m   30.2916n 
  250.00000m  119.3021n 
  300.00000m  413.0603n 
  350.00000m    1.2186u 
  400.00000m    2.9425u 
  450.00000m    5.8369u 
  500.00000m    9.9016u 
  550.00000m   15.0102u 
  600.00000m   21.0249u 
  650.00000m   27.8315u 
  700.00000m   35.3358u 
  750.00000m   43.4566u 
  800.00000m   52.1199u 
  850.00000m   61.2564u 
  900.00000m   70.8007u 
  950.00000m   80.6904u 
    1.00000    90.8659u 
y
 vth0_value= 266.1702m
 u0_param=  48.1743m
 ags_param= 405.2740m
 
   *** monte carlo  index = 568 ***
x

 volt         param     
             i_d_0.9    
    0.         89.9282p 
   50.00000m  460.3870p 
  100.00000m    2.3011n 
  150.00000m   10.8492n 
  200.00000m   46.5063n 
  250.00000m  176.8630n 
  300.00000m  588.0212n 
  350.00000m    1.6442u 
  400.00000m    3.7467u 
  450.00000m    7.0788u 
  500.00000m   11.5878u 
  550.00000m   17.1325u 
  600.00000m   23.5768u 
  650.00000m   30.8098u 
  700.00000m   38.7389u 
  750.00000m   47.2830u 
  800.00000m   56.3670u 
  850.00000m   65.9208u 
  900.00000m   75.8777u 
  950.00000m   86.1742u 
    1.00000    96.7492u 
y
 vth0_value= 252.0847m
 u0_param=  49.2474m
 ags_param= 418.8861m
 
   *** monte carlo  index = 569 ***
x

 volt         param     
             i_d_0.9    
    0.         24.0857p 
   50.00000m  121.4704p 
  100.00000m  620.3589p 
  150.00000m    3.0709n 
  200.00000m   14.2259n 
  250.00000m   59.4971n 
  300.00000m  220.1403n 
  350.00000m  707.7642n 
  400.00000m    1.8947u 
  450.00000m    4.1312u 
  500.00000m    7.5321u 
  550.00000m   12.0152u 
  600.00000m   17.4424u 
  650.00000m   23.6893u 
  700.00000m   30.6549u 
  750.00000m   38.2548u 
  800.00000m   46.4139u 
  850.00000m   55.0627u 
  900.00000m   64.1362u 
  950.00000m   73.5727u 
    1.00000    83.3131u 
y
 vth0_value= 291.2488m
 u0_param=  47.6763m
 ags_param= 413.5580m
 
   *** monte carlo  index = 570 ***
x

 volt         param     
             i_d_0.9    
    0.         73.8312p 
   50.00000m  377.9977p 
  100.00000m    1.8969n 
  150.00000m    9.0133n 
  200.00000m   39.0809n 
  250.00000m  150.5789n 
  300.00000m  508.4265n 
  350.00000m    1.4509u 
  400.00000m    3.3779u 
  450.00000m    6.4965u 
  500.00000m   10.7734u 
  550.00000m   16.0746u 
  600.00000m   22.2658u 
  650.00000m   29.2366u 
  700.00000m   36.8958u 
  750.00000m   45.1632u 
  800.00000m   53.9656u 
  850.00000m   63.2339u 
  900.00000m   72.9030u 
  950.00000m   82.9105u 
    1.00000    93.1966u 
y
 vth0_value= 257.2818m
 u0_param=  48.0865m
 ags_param= 416.0833m
 
   *** monte carlo  index = 571 ***
x

 volt         param     
             i_d_0.9    
    0.         97.4758p 
   50.00000m  498.9214p 
  100.00000m    2.4892n 
  150.00000m   11.6966n 
  200.00000m   49.8954n 
  250.00000m  188.7119n 
  300.00000m  623.2935n 
  350.00000m    1.7278u 
  400.00000m    3.9024u 
  450.00000m    7.3195u 
  500.00000m   11.9187u 
  550.00000m   17.5561u 
  600.00000m   24.0955u 
  650.00000m   31.4257u 
  700.00000m   39.4540u 
  750.00000m   48.0985u 
  800.00000m   57.2840u 
  850.00000m   66.9397u 
  900.00000m   76.9986u 
  950.00000m   87.3966u 
    1.00000    98.0725u 
y
 vth0_value= 249.9105m
 u0_param=  49.6481m
 ags_param= 409.4077m
 
   *** monte carlo  index = 572 ***
x

 volt         param     
             i_d_0.9    
    0.        101.1857p 
   50.00000m  517.8782p 
  100.00000m    2.5820n 
  150.00000m   12.1158n 
  200.00000m   51.5827n 
  250.00000m  194.6636n 
  300.00000m  641.2335n 
  350.00000m    1.7714u 
  400.00000m    3.9865u 
  450.00000m    7.4555u 
  500.00000m   12.1145u 
  550.00000m   17.8180u 
  600.00000m   24.4286u 
  650.00000m   31.8347u 
  700.00000m   39.9429u 
  750.00000m   48.6710u 
  800.00000m   57.9429u 
  850.00000m   67.6876u 
  900.00000m   77.8373u 
  950.00000m   88.3279u 
    1.00000    99.0974u 
y
 vth0_value= 249.0477m
 u0_param=  50.0595m
 ags_param= 422.3030m
 
   *** monte carlo  index = 573 ***
x

 volt         param     
             i_d_0.9    
    0.        117.6991p 
   50.00000m  601.7668p 
  100.00000m    2.9876n 
  150.00000m   13.9115n 
  200.00000m   58.5930n 
  250.00000m  218.4897n 
  300.00000m  709.3413n 
  350.00000m    1.9231u 
  400.00000m    4.2469u 
  450.00000m    7.8232u 
  500.00000m   12.5749u 
  550.00000m   18.3558u 
  600.00000m   25.0317u 
  650.00000m   32.4935u 
  700.00000m   40.6495u 
  750.00000m   49.4184u 
  800.00000m   58.7249u 
  850.00000m   68.4982u 
  900.00000m   78.6711u 
  950.00000m   89.1796u 
    1.00000    99.9619u 
y
 vth0_value= 244.3020m
 u0_param=  49.7775m
 ags_param= 418.5807m
 
   *** monte carlo  index = 574 ***
x

 volt         param     
             i_d_0.9    
    0.        113.4295p 
   50.00000m  579.9902p 
  100.00000m    2.8814n 
  150.00000m   13.4342n 
  200.00000m   56.6829n 
  250.00000m  211.7886n 
  300.00000m  689.2902n 
  350.00000m    1.8747u 
  400.00000m    4.1532u 
  450.00000m    7.6703u 
  500.00000m   12.3522u 
  550.00000m   18.0548u 
  600.00000m   24.6453u 
  650.00000m   32.0154u 
  700.00000m   40.0745u 
  750.00000m   48.7419u 
  800.00000m   57.9432u 
  850.00000m   67.6082u 
  900.00000m   77.6703u 
  950.00000m   88.0660u 
    1.00000    98.7341u 
y
 vth0_value= 245.0661m
 u0_param=  49.2371m
 ags_param= 412.0648m
 
   *** monte carlo  index = 575 ***
x

 volt         param     
             i_d_0.9    
    0.        113.7056p 
   50.00000m  581.2760p 
  100.00000m    2.8865n 
  150.00000m   13.4473n 
  200.00000m   56.6777n 
  250.00000m  211.5280n 
  300.00000m  687.5150n 
  350.00000m    1.8667u 
  400.00000m    4.1284u 
  450.00000m    7.6146u 
  500.00000m   12.2515u 
  550.00000m   17.8974u 
  600.00000m   24.4215u 
  650.00000m   31.7175u 
  700.00000m   39.6958u 
  750.00000m   48.2770u 
  800.00000m   57.3874u 
  850.00000m   66.9578u 
  900.00000m   76.9223u 
  950.00000m   87.2179u 
    1.00000    97.7840u 
y
 vth0_value= 244.5887m
 u0_param=  48.6234m
 ags_param= 427.2857m
 
   *** monte carlo  index = 576 ***
x

 volt         param     
             i_d_0.9    
    0.         60.4974p 
   50.00000m  309.6885p 
  100.00000m    1.5613n 
  150.00000m    7.4874n 
  200.00000m   32.9187n 
  250.00000m  128.8942n 
  300.00000m  443.3080n 
  350.00000m    1.2963u 
  400.00000m    3.0993u 
  450.00000m    6.0957u 
  500.00000m   10.2752u 
  550.00000m   15.5067u 
  600.00000m   21.6511u 
  650.00000m   28.5931u 
  700.00000m   36.2382u 
  750.00000m   44.5041u 
  800.00000m   53.3161u 
  850.00000m   62.6039u 
  900.00000m   72.3015u 
  950.00000m   82.3457u 
    1.00000    92.6763u 
y
 vth0_value= 263.8147m
 u0_param=  48.8395m
 ags_param= 405.0525m
 
   *** monte carlo  index = 577 ***
x

 volt         param     
             i_d_0.9    
    0.         24.4542p 
   50.00000m  123.3717p 
  100.00000m  629.8025p 
  150.00000m    3.1145n 
  200.00000m   14.4028n 
  250.00000m   60.0968n 
  300.00000m  221.8006n 
  350.00000m  710.9064n 
  400.00000m    1.8957u 
  450.00000m    4.1177u 
  500.00000m    7.4856u 
  550.00000m   11.9167u 
  600.00000m   17.2755u 
  650.00000m   23.4405u 
  700.00000m   30.3130u 
  750.00000m   37.8101u 
  800.00000m   45.8582u 
  850.00000m   54.3890u 
  900.00000m   63.3384u 
  950.00000m   72.6456u 
    1.00000    82.2525u 
y
 vth0_value= 290.2300m
 u0_param=  46.8680m
 ags_param= 409.3771m
 
   *** monte carlo  index = 578 ***
x

 volt         param     
             i_d_0.9    
    0.        112.1458p 
   50.00000m  573.4352p 
  100.00000m    2.8494n 
  150.00000m   13.2896n 
  200.00000m   56.1006n 
  250.00000m  209.7314n 
  300.00000m  683.0794n 
  350.00000m    1.8595u 
  400.00000m    4.1234u 
  450.00000m    7.6210u 
  500.00000m   12.2797u 
  550.00000m   17.9561u 
  600.00000m   24.5180u 
  650.00000m   31.8577u 
  700.00000m   39.8848u 
  750.00000m   48.5189u 
  800.00000m   57.6858u 
  850.00000m   67.3158u 
  900.00000m   77.3424u 
  950.00000m   87.7022u 
    1.00000    98.3344u 
y
 vth0_value= 245.2802m
 u0_param=  49.0395m
 ags_param= 421.4633m
 
   *** monte carlo  index = 579 ***
x

 volt         param     
             i_d_0.9    
    0.        138.5104p 
   50.00000m  707.1362p 
  100.00000m    3.4938n 
  150.00000m   16.1298n 
  200.00000m   67.1481n 
  250.00000m  247.1958n 
  300.00000m  789.8639n 
  350.00000m    2.0985u 
  400.00000m    4.5431u 
  450.00000m    8.2390u 
  500.00000m   13.0964u 
  550.00000m   18.9690u 
  600.00000m   25.7255u 
  650.00000m   33.2594u 
  700.00000m   41.4805u 
  750.00000m   50.3082u 
  800.00000m   59.6679u 
  850.00000m   69.4891u 
  900.00000m   79.7049u 
  950.00000m   90.2512u 
    1.00000   101.0666u 
y
 vth0_value= 239.2527m
 u0_param=  49.5696m
 ags_param= 421.7331m
 
   *** monte carlo  index = 580 ***
x

 volt         param     
             i_d_0.9    
    0.         83.3436p 
   50.00000m  426.8843p 
  100.00000m    2.1387n 
  150.00000m   10.1280n 
  200.00000m   43.6933n 
  250.00000m  167.3640n 
  300.00000m  561.1460n 
  350.00000m    1.5865u 
  400.00000m    3.6572u 
  450.00000m    6.9753u 
  500.00000m   11.4961u 
  550.00000m   17.0766u 
  600.00000m   23.5768u 
  650.00000m   30.8819u 
  700.00000m   38.8970u 
  750.00000m   47.5387u 
  800.00000m   56.7307u 
  850.00000m   66.4015u 
  900.00000m   76.4832u 
  950.00000m   86.9115u 
    1.00000    97.6245u 
y
 vth0_value= 254.9933m
 u0_param=  50.1930m
 ags_param= 429.2793m
 
   *** monte carlo  index = 581 ***
x

 volt         param     
             i_d_0.9    
    0.         37.7430p 
   50.00000m  192.3309p 
  100.00000m  977.1711p 
  150.00000m    4.7678n 
  200.00000m   21.5469n 
  250.00000m   87.2458n 
  300.00000m  311.5346n 
  350.00000m  957.1769n 
  400.00000m    2.4229u 
  450.00000m    5.0112u 
  500.00000m    8.7716u 
  550.00000m   13.5936u 
  600.00000m   19.3384u 
  650.00000m   25.8869u 
  700.00000m   33.1425u 
  750.00000m   41.0227u 
  800.00000m   49.4532u 
  850.00000m   58.3646u 
  900.00000m   67.6919u 
  950.00000m   77.3730u 
    1.00000    87.3487u 
y
 vth0_value= 277.5620m
 u0_param=  47.9062m
 ags_param= 423.4885m
 
   *** monte carlo  index = 582 ***
x

 volt         param     
             i_d_0.9    
    0.         89.8500p 
   50.00000m  460.0796p 
  100.00000m    2.3005n 
  150.00000m   10.8542n 
  200.00000m   46.5752n 
  250.00000m  177.3219n 
  300.00000m  590.2935n 
  350.00000m    1.6533u 
  400.00000m    3.7737u 
  450.00000m    7.1396u 
  500.00000m   11.6981u 
  550.00000m   17.3059u 
  600.00000m   23.8247u 
  650.00000m   31.1413u 
  700.00000m   39.1620u 
  750.00000m   47.8041u 
  800.00000m   56.9919u 
  850.00000m   66.6541u 
  900.00000m   76.7233u 
  950.00000m   87.1352u 
    1.00000    97.8284u 
y
 vth0_value= 252.5539m
 u0_param=  49.9311m
 ags_param= 414.5710m
 
   *** monte carlo  index = 583 ***
x

 volt         param     
             i_d_0.9    
    0.         79.8744p 
   50.00000m  409.2305p 
  100.00000m    2.0531n 
  150.00000m    9.7484n 
  200.00000m   42.2182n 
  250.00000m  162.4207n 
  300.00000m  547.3244n 
  350.00000m    1.5577u 
  400.00000m    3.6161u 
  450.00000m    6.9368u 
  500.00000m   11.4799u 
  550.00000m   17.1010u 
  600.00000m   23.6565u 
  650.00000m   31.0291u 
  700.00000m   39.1216u 
  750.00000m   47.8491u 
  800.00000m   57.1342u 
  850.00000m   66.9042u 
  900.00000m   77.0904u 
  950.00000m   87.6277u 
    1.00000    98.4534u 
y
 vth0_value= 256.7711m
 u0_param=  50.9701m
 ags_param= 419.4653m
 
   *** monte carlo  index = 584 ***
x

 volt         param     
             i_d_0.9    
    0.        137.1897p 
   50.00000m  700.4764p 
  100.00000m    3.4621n 
  150.00000m   15.9927n 
  200.00000m   66.6297n 
  250.00000m  245.4992n 
  300.00000m  785.2914n 
  350.00000m    2.0892u 
  400.00000m    4.5290u 
  450.00000m    8.2220u 
  500.00000m   13.0791u 
  550.00000m   18.9537u 
  600.00000m   25.7145u 
  650.00000m   33.2545u 
  700.00000m   41.4832u 
  750.00000m   50.3202u 
  800.00000m   59.6904u 
  850.00000m   69.5235u 
  900.00000m   79.7523u 
  950.00000m   90.3128u 
    1.00000   101.1434u 
y
 vth0_value= 239.5915m
 u0_param=  49.6460m
 ags_param= 434.9494m
 
   *** monte carlo  index = 585 ***
x

 volt         param     
             i_d_0.9    
    0.         33.9643p 
   50.00000m  172.7994p 
  100.00000m  879.6038p 
  150.00000m    4.3109n 
  200.00000m   19.6270n 
  250.00000m   80.2211n 
  300.00000m  289.3961n 
  350.00000m  900.9647n 
  400.00000m    2.3171u 
  450.00000m    4.8630u 
  500.00000m    8.6065u 
  550.00000m   13.4411u 
  600.00000m   19.2235u 
  650.00000m   25.8299u 
  700.00000m   33.1599u 
  750.00000m   41.1282u 
  800.00000m   49.6587u 
  850.00000m   58.6804u 
  900.00000m   68.1268u 
  950.00000m   77.9348u 
    1.00000    88.0441u 
y
 vth0_value= 281.5066m
 u0_param=  48.9841m
 ags_param= 405.4187m
 
   *** monte carlo  index = 586 ***
x

 volt         param     
             i_d_0.9    
    0.         53.6017p 
   50.00000m  274.2395p 
  100.00000m    1.3860n 
  150.00000m    6.6810n 
  200.00000m   29.6084n 
  250.00000m  117.0354n 
  300.00000m  406.8426n 
  350.00000m    1.2066u 
  400.00000m    2.9311u 
  450.00000m    5.8442u 
  500.00000m    9.9515u 
  550.00000m   15.1251u 
  600.00000m   21.2238u 
  650.00000m   28.1300u 
  700.00000m   35.7474u 
  750.00000m   43.9929u 
  800.00000m   52.7910u 
  850.00000m   62.0710u 
  900.00000m   71.7665u 
  950.00000m   81.8142u 
    1.00000    92.1533u 
y
 vth0_value= 267.6745m
 u0_param=  49.1245m
 ags_param= 431.0867m
 
   *** monte carlo  index = 587 ***
x

 volt         param     
             i_d_0.9    
    0.         94.4883p 
   50.00000m  483.6099p 
  100.00000m    2.4139n 
  150.00000m   11.3524n 
  200.00000m   48.4873n 
  250.00000m  183.6491n 
  300.00000m  607.6397n 
  350.00000m    1.6883u 
  400.00000m    3.8222u 
  450.00000m    7.1833u 
  500.00000m   11.7139u 
  550.00000m   17.2727u 
  600.00000m   23.7250u 
  650.00000m   30.9610u 
  700.00000m   38.8890u 
  750.00000m   47.4281u 
  800.00000m   56.5039u 
  850.00000m   66.0464u 
  900.00000m   75.9891u 
  950.00000m   86.2689u 
    1.00000    96.8248u 
y
 vth0_value= 250.4579m
 u0_param=  49.0450m
 ags_param= 408.5731m
 
   *** monte carlo  index = 588 ***
x

 volt         param     
             i_d_0.9    
    0.         70.7242p 
   50.00000m  362.2871p 
  100.00000m    1.8217n 
  150.00000m    8.6897n 
  200.00000m   37.8925n 
  250.00000m  146.9432n 
  300.00000m  499.7796n 
  350.00000m    1.4399u 
  400.00000m    3.3872u 
  450.00000m    6.5700u 
  500.00000m   10.9615u 
  550.00000m   16.4226u 
  600.00000m   22.8108u 
  650.00000m   30.0094u 
  700.00000m   37.9220u 
  750.00000m   46.4647u 
  800.00000m   55.5607u 
  850.00000m   65.1385u 
  900.00000m   75.1303u 
  950.00000m   85.4717u 
    1.00000    96.1009u 
y
 vth0_value= 259.9472m
 u0_param=  50.1742m
 ags_param= 404.5455m
 
   *** monte carlo  index = 589 ***
x

 volt         param     
             i_d_0.9    
    0.         87.8071p 
   50.00000m  449.5854p 
  100.00000m    2.2486n 
  150.00000m   10.6153n 
  200.00000m   45.5872n 
  250.00000m  173.7249n 
  300.00000m  578.9918n 
  350.00000m    1.6241u 
  400.00000m    3.7132u 
  450.00000m    7.0344u 
  500.00000m   11.5374u 
  550.00000m   17.0808u 
  600.00000m   23.5278u 
  650.00000m   30.7664u 
  700.00000m   38.7039u 
  750.00000m   47.2583u 
  800.00000m   56.3546u 
  850.00000m   65.9223u 
  900.00000m   75.8946u 
  950.00000m   86.2078u 
    1.00000    96.8007u 
y
 vth0_value= 252.9135m
 u0_param=  49.4125m
 ags_param= 416.0276m
 
   *** monte carlo  index = 590 ***
x

 volt         param     
             i_d_0.9    
    0.        192.6642p 
   50.00000m  980.2002p 
  100.00000m    4.7959n 
  150.00000m   21.7730n 
  200.00000m   88.6696n 
  250.00000m  318.6267n 
  300.00000m  987.1701n 
  350.00000m    2.5245u 
  400.00000m    5.2721u 
  450.00000m    9.2980u 
  500.00000m   14.4893u 
  550.00000m   20.6958u 
  600.00000m   27.7879u 
  650.00000m   35.6599u 
  700.00000m   44.2215u 
  750.00000m   53.3912u 
  800.00000m   63.0933u 
  850.00000m   73.2562u 
  900.00000m   83.8117u 
  950.00000m   94.6948u 
    1.00000   105.8426u 
y
 vth0_value= 229.9717m
 u0_param=  50.6282m
 ags_param= 431.1083m
 
   *** monte carlo  index = 591 ***
x

 volt         param     
             i_d_0.9    
    0.         66.5620p 
   50.00000m  340.8546p 
  100.00000m    1.7153n 
  150.00000m    8.1961n 
  200.00000m   35.8331n 
  250.00000m  139.3846n 
  300.00000m  475.7859n 
  350.00000m    1.3774u 
  400.00000m    3.2572u 
  450.00000m    6.3463u 
  500.00000m   10.6240u 
  550.00000m   15.9554u 
  600.00000m   22.2011u 
  650.00000m   29.2464u 
  700.00000m   36.9964u 
  750.00000m   45.3689u 
  800.00000m   54.2885u 
  850.00000m   63.6848u 
  900.00000m   73.4912u 
  950.00000m   83.6442u 
    1.00000    94.0832u 
y
 vth0_value= 261.1559m
 u0_param=  49.2013m
 ags_param= 416.8910m
 
   *** monte carlo  index = 592 ***
x

 volt         param     
             i_d_0.9    
    0.         80.1997p 
   50.00000m  410.6349p 
  100.00000m    2.0574n 
  150.00000m    9.7455n 
  200.00000m   42.0598n 
  250.00000m  161.1944n 
  300.00000m  540.8656n 
  350.00000m    1.5307u 
  400.00000m    3.5325u 
  450.00000m    6.7440u 
  500.00000m   11.1239u 
  550.00000m   16.5346u 
  600.00000m   22.8410u 
  650.00000m   29.9321u 
  700.00000m   37.7160u 
  750.00000m   46.1118u 
  800.00000m   55.0456u 
  850.00000m   64.4478u 
  900.00000m   74.2522u 
  950.00000m   84.3962u 
    1.00000    94.8193u 
y
 vth0_value= 255.1576m
 u0_param=  48.6566m
 ags_param= 419.9154m
 
   *** monte carlo  index = 593 ***
x

 volt         param     
             i_d_0.9    
    0.         43.7868p 
   50.00000m  223.5585p 
  100.00000m    1.1331n 
  150.00000m    5.4980n 
  200.00000m   24.6228n 
  250.00000m   98.5820n 
  300.00000m  347.6603n 
  350.00000m    1.0509u 
  400.00000m    2.6095u 
  450.00000m    5.3045u 
  500.00000m    9.1646u 
  550.00000m   14.0731u 
  600.00000m   19.8923u 
  650.00000m   26.5060u 
  700.00000m   33.8196u 
  750.00000m   41.7515u 
  800.00000m   50.2279u 
  850.00000m   59.1803u 
  900.00000m   68.5435u 
  950.00000m   78.2559u 
    1.00000    88.2582u 
y
 vth0_value= 272.8874m
 u0_param=  47.7013m
 ags_param= 422.5164m
 
   *** monte carlo  index = 594 ***
x

 volt         param     
             i_d_0.9    
    0.        141.2330p 
   50.00000m  720.8905p 
  100.00000m    3.5596n 
  150.00000m   16.4163n 
  200.00000m   68.2437n 
  250.00000m  250.8391n 
  300.00000m  799.9484n 
  350.00000m    2.1201u 
  400.00000m    4.5790u 
  450.00000m    8.2890u 
  500.00000m   13.1587u 
  550.00000m   19.0418u 
  600.00000m   25.8078u 
  650.00000m   33.3502u 
  700.00000m   41.5791u 
  750.00000m   50.4140u 
  800.00000m   59.7804u 
  850.00000m   69.6079u 
  900.00000m   79.8294u 
  950.00000m   90.3812u 
    1.00000   101.2015u 
y
 vth0_value= 238.6445m
 u0_param=  49.5380m
 ags_param= 427.5059m
 
   *** monte carlo  index = 595 ***
x

 volt         param     
             i_d_0.9    
    0.         88.7059p 
   50.00000m  454.3484p 
  100.00000m    2.2736n 
  150.00000m   10.7425n 
  200.00000m   46.1891n 
  250.00000m  176.2462n 
  300.00000m  588.2343n 
  350.00000m    1.6531u 
  400.00000m    3.7866u 
  450.00000m    7.1844u 
  500.00000m   11.7951u 
  550.00000m   17.4730u 
  600.00000m   24.0766u 
  650.00000m   31.4903u 
  700.00000m   39.6185u 
  750.00000m   48.3769u 
  800.00000m   57.6885u 
  850.00000m   67.4810u 
  900.00000m   77.6860u 
  950.00000m   88.2385u 
    1.00000    99.0760u 
y
 vth0_value= 253.4788m
 u0_param=  50.7749m
 ags_param= 420.5198m
 
   *** monte carlo  index = 596 ***
x

 volt         param     
             i_d_0.9    
    0.         37.3626p 
   50.00000m  190.3706p 
  100.00000m  967.4398p 
  150.00000m    4.7228n 
  200.00000m   21.3618n 
  250.00000m   86.5892n 
  300.00000m  309.5495n 
  350.00000m  952.5044n 
  400.00000m    2.4153u 
  450.00000m    5.0038u 
  500.00000m    8.7691u 
  550.00000m   13.6012u 
  600.00000m   19.3601u 
  650.00000m   25.9261u 
  700.00000m   33.2019u 
  750.00000m   41.1045u 
  800.00000m   49.5591u 
  850.00000m   58.4963u 
  900.00000m   67.8506u 
  950.00000m   77.5597u 
    1.00000    87.5642u 
y
 vth0_value= 278.0140m
 u0_param=  48.1191m
 ags_param= 413.6910m
 
   *** monte carlo  index = 597 ***
x

 volt         param     
             i_d_0.9    
    0.         73.4530p 
   50.00000m  376.2296p 
  100.00000m    1.8899n 
  150.00000m    8.9964n 
  200.00000m   39.1106n 
  250.00000m  151.1379n 
  300.00000m  511.9971n 
  350.00000m    1.4674u 
  400.00000m    3.4321u 
  450.00000m    6.6256u 
  500.00000m   11.0165u 
  550.00000m   16.4658u 
  600.00000m   22.8333u 
  650.00000m   30.0039u 
  700.00000m   37.8827u 
  750.00000m   46.3864u 
  800.00000m   55.4394u 
  850.00000m   64.9704u 
  900.00000m   74.9123u 
  950.00000m   85.2010u 
    1.00000    95.7752u 
y
 vth0_value= 258.5247m
 u0_param=  49.7430m
 ags_param= 413.9815m
 
   *** monte carlo  index = 598 ***
x

 volt         param     
             i_d_0.9    
    0.         73.0292p 
   50.00000m  373.9023p 
  100.00000m    1.8769n 
  150.00000m    8.9235n 
  200.00000m   38.7244n 
  250.00000m  149.3506n 
  300.00000m  504.8473n 
  350.00000m    1.4428u 
  400.00000m    3.3645u 
  450.00000m    6.4792u 
  500.00000m   10.7551u 
  550.00000m   16.0579u 
  600.00000m   22.2530u 
  650.00000m   29.2295u 
  700.00000m   36.8960u 
  750.00000m   45.1721u 
  800.00000m   53.9842u 
  850.00000m   63.2634u 
  900.00000m   72.9442u 
  950.00000m   82.9642u 
    1.00000    93.2637u 
y
 vth0_value= 257.6774m
 u0_param=  48.1839m
 ags_param= 417.6431m
 
   *** monte carlo  index = 599 ***
x

 volt         param     
             i_d_0.9    
    0.         69.3600p 
   50.00000m  355.2195p 
  100.00000m    1.7862n 
  150.00000m    8.5212n 
  200.00000m   37.1641n 
  250.00000m  144.1546n 
  300.00000m  490.4706n 
  350.00000m    1.4138u 
  400.00000m    3.3276u 
  450.00000m    6.4578u 
  500.00000m   10.7792u 
  550.00000m   16.1555u 
  600.00000m   22.4471u 
  650.00000m   29.5392u 
  700.00000m   37.3372u 
  750.00000m   45.7586u 
  800.00000m   54.7278u 
  850.00000m   64.1742u 
  900.00000m   74.0311u 
  950.00000m   84.2349u 
    1.00000    94.7244u 
y
 vth0_value= 260.0206m
 u0_param=  49.3729m
 ags_param= 424.7544m
 
   *** monte carlo  index = 600 ***
x

 volt         param     
             i_d_0.9    
    0.        100.5498p 
   50.00000m  514.6124p 
  100.00000m    2.5658n 
  150.00000m   12.0415n 
  200.00000m   51.2753n 
  250.00000m  193.5432n 
  300.00000m  637.7056n 
  350.00000m    1.7622u 
  400.00000m    3.9672u 
  450.00000m    7.4216u 
  500.00000m   12.0620u 
  550.00000m   17.7434u 
  600.00000m   24.3292u 
  650.00000m   31.7079u 
  700.00000m   39.7868u 
  750.00000m   48.4835u 
  800.00000m   57.7226u 
  850.00000m   67.4330u 
  900.00000m   77.5473u 
  950.00000m   88.0014u 
    1.00000    98.7337u 
y
 vth0_value= 249.1224m
 u0_param=  49.8798m
 ags_param= 415.3314m
 
   *** monte carlo  index = 601 ***
x

 volt         param     
             i_d_0.9    
    0.         82.1557p 
   50.00000m  420.6947p 
  100.00000m    2.1072n 
  150.00000m    9.9759n 
  200.00000m   43.0179n 
  250.00000m  164.7034n 
  300.00000m  551.9787n 
  350.00000m    1.5597u 
  400.00000m    3.5933u 
  450.00000m    6.8505u 
  500.00000m   11.2877u 
  550.00000m   16.7654u 
  600.00000m   23.1468u 
  650.00000m   30.3198u 
  700.00000m   38.1915u 
  750.00000m   46.6804u 
  800.00000m   55.7115u 
  850.00000m   65.2147u 
  900.00000m   75.1234u 
  950.00000m   85.3740u 
    1.00000    95.9058u 
y
 vth0_value= 254.7790m
 u0_param=  49.1894m
 ags_param= 431.1153m
 
   *** monte carlo  index = 602 ***
x

 volt         param     
             i_d_0.9    
    0.         45.2772p 
   50.00000m  231.2920p 
  100.00000m    1.1721n 
  150.00000m    5.6839n 
  200.00000m   25.4309n 
  250.00000m  101.6946n 
  300.00000m  358.1327n 
  350.00000m    1.0805u 
  400.00000m    2.6770u 
  450.00000m    5.4310u 
  500.00000m    9.3683u 
  550.00000m   14.3690u 
  600.00000m   20.2928u 
  650.00000m   27.0213u 
  700.00000m   34.4581u 
  750.00000m   42.5203u 
  800.00000m   51.1330u 
  850.00000m   60.2263u 
  900.00000m   69.7344u 
  950.00000m   79.5944u 
    1.00000    89.7466u 
y
 vth0_value= 272.4124m
 u0_param=  48.5197m
 ags_param= 405.1012m
 
   *** monte carlo  index = 603 ***
x

 volt         param     
             i_d_0.9    
    0.         92.7575p 
   50.00000m  474.7923p 
  100.00000m    2.3710n 
  150.00000m   11.1609n 
  200.00000m   47.7308n 
  250.00000m  181.0465n 
  300.00000m  600.0693n 
  350.00000m    1.6711u 
  400.00000m    3.7921u 
  450.00000m    7.1402u 
  500.00000m   11.6598u 
  550.00000m   17.2096u 
  600.00000m   23.6546u 
  650.00000m   30.8848u 
  700.00000m   38.8083u 
  750.00000m   47.3442u 
  800.00000m   56.4178u 
  850.00000m   65.9593u 
  900.00000m   75.9021u 
  950.00000m   86.1829u 
    1.00000    96.7408u 
y
 vth0_value= 251.0362m
 u0_param=  49.0752m
 ags_param= 419.4349m
 
   *** monte carlo  index = 604 ***
x

 volt         param     
             i_d_0.9    
    0.        135.4382p 
   50.00000m  691.9050p 
  100.00000m    3.4237n 
  150.00000m   15.8476n 
  200.00000m   66.2028n 
  250.00000m  244.6267n 
  300.00000m  785.2409n 
  350.00000m    2.0983u 
  400.00000m    4.5680u 
  450.00000m    8.3199u 
  500.00000m   13.2643u 
  550.00000m   19.2505u 
  600.00000m   26.1426u 
  650.00000m   33.8303u 
  700.00000m   42.2206u 
  750.00000m   51.2306u 
  800.00000m   60.7839u 
  850.00000m   70.8081u 
  900.00000m   81.2350u 
  950.00000m   91.9992u 
    1.00000   103.0381u 
y
 vth0_value= 240.7685m
 u0_param=  50.8780m
 ags_param= 424.3933m
 
   *** monte carlo  index = 605 ***
x

 volt         param     
             i_d_0.9    
    0.         57.5832p 
   50.00000m  294.6967p 
  100.00000m    1.4870n 
  150.00000m    7.1447n 
  200.00000m   31.5031n 
  250.00000m  123.7761n 
  300.00000m  427.3756n 
  350.00000m    1.2562u 
  400.00000m    3.0210u 
  450.00000m    5.9715u 
  500.00000m   10.1033u 
  550.00000m   15.2874u 
  600.00000m   21.3848u 
  650.00000m   28.2803u 
  700.00000m   35.8793u 
  750.00000m   44.0997u 
  800.00000m   52.8667u 
  850.00000m   62.1106u 
  900.00000m   71.7653u 
  950.00000m   81.7680u 
    1.00000    92.0584u 
y
 vth0_value= 265.2041m
 u0_param=  48.6748m
 ags_param= 429.0226m
 
   *** monte carlo  index = 606 ***
x

 volt         param     
             i_d_0.9    
    0.        178.0908p 
   50.00000m  907.1346p 
  100.00000m    4.4513n 
  150.00000m   20.3076n 
  200.00000m   83.2211n 
  250.00000m  301.0981n 
  300.00000m  941.0834n 
  350.00000m    2.4325u 
  400.00000m    5.1303u 
  450.00000m    9.1165u 
  500.00000m   14.2819u 
  550.00000m   20.4747u 
  600.00000m   27.5627u 
  650.00000m   35.4384u 
  700.00000m   44.0100u 
  750.00000m   53.1954u 
  800.00000m   62.9181u 
  850.00000m   73.1058u 
  900.00000m   83.6900u 
  950.00000m   94.6053u 
    1.00000   105.7886u 
y
 vth0_value= 232.6056m
 u0_param=  51.0364m
 ags_param= 422.8381m
 
   *** monte carlo  index = 607 ***
x

 volt         param     
             i_d_0.9    
    0.         52.3070p 
   50.00000m  267.5101p 
  100.00000m    1.3519n 
  150.00000m    6.5175n 
  200.00000m   28.8887n 
  250.00000m  114.2192n 
  300.00000m  397.1950n 
  350.00000m    1.1786u 
  400.00000m    2.8647u 
  450.00000m    5.7150u 
  500.00000m    9.7359u 
  550.00000m   14.8031u 
  600.00000m   20.7786u 
  650.00000m   27.5476u 
  700.00000m   35.0159u 
  750.00000m   43.1020u 
  800.00000m   51.7318u 
  850.00000m   60.8364u 
  900.00000m   70.3501u 
  950.00000m   80.2109u 
    1.00000    90.3590u 
y
 vth0_value= 267.7497m
 u0_param=  48.1121m
 ags_param= 420.4592m
 
   *** monte carlo  index = 608 ***
x

 volt         param     
             i_d_0.9    
    0.         56.1661p 
   50.00000m  287.3695p 
  100.00000m    1.4504n 
  150.00000m    6.9720n 
  200.00000m   30.7664n 
  250.00000m  120.9991n 
  300.00000m  418.2636n 
  350.00000m    1.2313u 
  400.00000m    2.9662u 
  450.00000m    5.8718u 
  500.00000m    9.9458u 
  550.00000m   15.0614u 
  600.00000m   21.0813u 
  650.00000m   27.8915u 
  700.00000m   35.3984u 
  750.00000m   43.5209u 
  800.00000m   52.1851u 
  850.00000m   61.3219u 
  900.00000m   70.8658u 
  950.00000m   80.7547u 
    1.00000    90.9289u 
y
 vth0_value= 265.5856m
 u0_param=  48.1094m
 ags_param= 411.8353m
 
   *** monte carlo  index = 609 ***
x

 volt         param     
             i_d_0.9    
    0.         40.2763p 
   50.00000m  205.5000p 
  100.00000m    1.0438n 
  150.00000m    5.0876n 
  200.00000m   22.9520n 
  250.00000m   92.7241n 
  300.00000m  330.2266n 
  350.00000m    1.0111u 
  400.00000m    2.5485u 
  450.00000m    5.2506u 
  500.00000m    9.1625u 
  550.00000m   14.1673u 
  600.00000m   20.1203u 
  650.00000m   26.8983u 
  700.00000m   34.4014u 
  750.00000m   42.5441u 
  800.00000m   51.2497u 
  850.00000m   60.4467u 
  900.00000m   70.0680u 
  950.00000m   80.0498u 
    1.00000    90.3313u 
y
 vth0_value= 276.6583m
 u0_param=  49.5540m
 ags_param= 408.0157m
 
   *** monte carlo  index = 610 ***
x

 volt         param     
             i_d_0.9    
    0.        163.7121p 
   50.00000m  834.4640p 
  100.00000m    4.1032n 
  150.00000m   18.7861n 
  200.00000m   77.3455n 
  250.00000m  281.2928n 
  300.00000m  885.0715n 
  350.00000m    2.3066u 
  400.00000m    4.9027u 
  450.00000m    8.7648u 
  500.00000m   13.7906u 
  550.00000m   19.8318u 
  600.00000m   26.7580u 
  650.00000m   34.4629u 
  700.00000m   42.8565u 
  750.00000m   51.8577u 
  800.00000m   61.3912u 
  850.00000m   71.3861u 
  900.00000m   81.7748u 
  950.00000m   92.4928u 
    1.00000   103.4778u 
y
 vth0_value= 234.5525m
 u0_param=  50.1041m
 ags_param= 430.5689m
 
   *** monte carlo  index = 611 ***
x

 volt         param     
             i_d_0.9    
    0.         68.7832p 
   50.00000m  352.3067p 
  100.00000m    1.7723n 
  150.00000m    8.4618n 
  200.00000m   36.9501n 
  250.00000m  143.5221n 
  300.00000m  489.0726n 
  350.00000m    1.4127u 
  400.00000m    3.3321u 
  450.00000m    6.4784u 
  500.00000m   10.8275u 
  550.00000m   16.2418u 
  600.00000m   22.5800u 
  650.00000m   29.7255u 
  700.00000m   37.5825u 
  750.00000m   46.0675u 
  800.00000m   55.1043u 
  850.00000m   64.6216u 
  900.00000m   74.5520u 
  950.00000m   84.8314u 
    1.00000    95.3983u 
y
 vth0_value= 260.5949m
 u0_param=  49.8703m
 ags_param= 410.4581m
 
   *** monte carlo  index = 612 ***
x

 volt         param     
             i_d_0.9    
    0.        136.3870p 
   50.00000m  696.3804p 
  100.00000m    3.4421n 
  150.00000m   15.9026n 
  200.00000m   66.2667n 
  250.00000m  244.2149n 
  300.00000m  781.4014n 
  350.00000m    2.0796u 
  400.00000m    4.5097u 
  450.00000m    8.1892u 
  500.00000m   13.0296u 
  550.00000m   18.8847u 
  600.00000m   25.6237u 
  650.00000m   33.1398u 
  700.00000m   41.3430u 
  750.00000m   50.1527u 
  800.00000m   59.4945u 
  850.00000m   69.2979u 
  900.00000m   79.4961u 
  950.00000m   90.0251u 
    1.00000   100.8236u 
y
 vth0_value= 239.6707m
 u0_param=  49.4953m
 ags_param= 428.3950m
 
   *** monte carlo  index = 613 ***
x

 volt         param     
             i_d_0.9    
    0.         94.2402p 
   50.00000m  482.5387p 
  100.00000m    2.4106n 
  150.00000m   11.3538n 
  200.00000m   48.5949n 
  250.00000m  184.4766n 
  300.00000m  611.9802n 
  350.00000m    1.7062u 
  400.00000m    3.8762u 
  450.00000m    7.3049u 
  500.00000m   11.9349u 
  550.00000m   17.6207u 
  600.00000m   24.2227u 
  650.00000m   31.6274u 
  700.00000m   39.7401u 
  750.00000m   48.4777u 
  800.00000m   57.7636u 
  850.00000m   67.5262u 
  900.00000m   77.6974u 
  950.00000m   88.2126u 
    1.00000    99.0097u 
y
 vth0_value= 251.4160m
 u0_param=  50.4049m
 ags_param= 416.0095m
 
   *** monte carlo  index = 614 ***
x

 volt         param     
             i_d_0.9    
    0.         89.0924p 
   50.00000m  456.2233p 
  100.00000m    2.2818n 
  150.00000m   10.7710n 
  200.00000m   46.2497n 
  250.00000m  176.2175n 
  300.00000m  587.1481n 
  350.00000m    1.6464u 
  400.00000m    3.7628u 
  450.00000m    7.1260u 
  500.00000m   11.6845u 
  550.00000m   17.2947u 
  600.00000m   23.8179u 
  650.00000m   31.1407u 
  700.00000m   39.1692u 
  750.00000m   47.8205u 
  800.00000m   57.0186u 
  850.00000m   66.6924u 
  900.00000m   76.7742u 
  950.00000m   87.1998u 
    1.00000    97.9075u 
y
 vth0_value= 252.8617m
 u0_param=  50.0120m
 ags_param= 424.1211m
 
   *** monte carlo  index = 615 ***
x

 volt         param     
             i_d_0.9    
    0.        115.7680p 
   50.00000m  592.0146p 
  100.00000m    2.9410n 
  150.00000m   13.7096n 
  200.00000m   57.8304n 
  250.00000m  216.0047n 
  300.00000m  702.6869n 
  350.00000m    1.9100u 
  400.00000m    4.2287u 
  450.00000m    7.8055u 
  500.00000m   12.5642u 
  550.00000m   18.3578u 
  600.00000m   25.0511u 
  650.00000m   32.5340u 
  700.00000m   40.7140u 
  750.00000m   49.5094u 
  800.00000m   58.8444u 
  850.00000m   68.6480u 
  900.00000m   78.8526u 
  950.00000m   89.3938u 
    1.00000   100.2099u 
y
 vth0_value= 244.9695m
 u0_param=  50.0384m
 ags_param= 405.9218m
 
   *** monte carlo  index = 616 ***
x

 volt         param     
             i_d_0.9    
    0.         87.2862p 
   50.00000m  446.9165p 
  100.00000m    2.2355n 
  150.00000m   10.5555n 
  200.00000m   45.3434n 
  250.00000m  172.8537n 
  300.00000m  576.3205n 
  350.00000m    1.6175u 
  400.00000m    3.7001u 
  450.00000m    7.0128u 
  500.00000m   11.5060u 
  550.00000m   17.0385u 
  600.00000m   23.4736u 
  650.00000m   30.6998u 
  700.00000m   38.6242u 
  750.00000m   47.1652u 
  800.00000m   56.2477u 
  850.00000m   65.8014u 
  900.00000m   75.7595u 
  950.00000m   86.0583u 
    1.00000    96.6370u 
y
 vth0_value= 253.0440m
 u0_param=  49.3367m
 ags_param= 419.8129m
 
   *** monte carlo  index = 617 ***
x

 volt         param     
             i_d_0.9    
    0.         22.1319p 
   50.00000m  111.2810p 
  100.00000m  568.4899p 
  150.00000m    2.8190n 
  200.00000m   13.1003n 
  250.00000m   55.0280n 
  300.00000m  204.5981n 
  350.00000m  661.8254n 
  400.00000m    1.7856u 
  450.00000m    3.9233u 
  500.00000m    7.1970u 
  550.00000m   11.5319u 
  600.00000m   16.7940u 
  650.00000m   22.8614u 
  700.00000m   29.6354u 
  750.00000m   37.0331u 
  800.00000m   44.9810u 
  850.00000m   53.4113u 
  900.00000m   62.2601u 
  950.00000m   71.4672u 
    1.00000    80.9747u 
y
 vth0_value= 293.1113m
 u0_param=  46.5410m
 ags_param= 407.5119m
 
   *** monte carlo  index = 618 ***
x

 volt         param     
             i_d_0.9    
    0.         50.1955p 
   50.00000m  256.7448p 
  100.00000m    1.2997n 
  150.00000m    6.2859n 
  200.00000m   28.0042n 
  250.00000m  111.3936n 
  300.00000m  389.9391n 
  350.00000m    1.1671u 
  400.00000m    2.8650u 
  450.00000m    5.7647u 
  500.00000m    9.8821u 
  550.00000m   15.0893u 
  600.00000m   21.2412u 
  650.00000m   28.2164u 
  700.00000m   35.9157u 
  750.00000m   44.2540u 
  800.00000m   53.1540u 
  850.00000m   62.5441u 
  900.00000m   72.3563u 
  950.00000m   82.5265u 
    1.00000    92.9932u 
y
 vth0_value= 270.2776m
 u0_param=  50.0655m
 ags_param= 413.9118m
 
   *** monte carlo  index = 619 ***
x

 volt         param     
             i_d_0.9    
    0.        138.2530p 
   50.00000m  705.7479p 
  100.00000m    3.4863n 
  150.00000m   16.0904n 
  200.00000m   66.9576n 
  250.00000m  246.3927n 
  300.00000m  786.9031n 
  350.00000m    2.0893u 
  400.00000m    4.5204u 
  450.00000m    8.1941u 
  500.00000m   13.0209u 
  550.00000m   18.8556u 
  600.00000m   25.5682u 
  650.00000m   33.0529u 
  700.00000m   41.2201u 
  750.00000m   49.9900u 
  800.00000m   59.2883u 
  850.00000m   69.0449u 
  900.00000m   79.1934u 
  950.00000m   89.6702u 
    1.00000   100.4141u 
y
 vth0_value= 239.0784m
 u0_param=  49.2166m
 ags_param= 403.6134m
 
   *** monte carlo  index = 620 ***
x

 volt         param     
             i_d_0.9    
    0.         74.9356p 
   50.00000m  383.8456p 
  100.00000m    1.9275n 
  150.00000m    9.1694n 
  200.00000m   39.8230n 
  250.00000m  153.7125n 
  300.00000m  520.0119n 
  350.00000m    1.4877u 
  400.00000m    3.4729u 
  450.00000m    6.6934u 
  500.00000m   11.1158u 
  550.00000m   16.6002u 
  600.00000m   23.0058u 
  650.00000m   30.2171u 
  700.00000m   38.1389u 
  750.00000m   46.6877u 
  800.00000m   55.7873u 
  850.00000m   65.3665u 
  900.00000m   75.3577u 
  950.00000m   85.6967u 
    1.00000    96.3219u 
y
 vth0_value= 258.0642m
 u0_param=  49.9670m
 ags_param= 422.3126m
 
   *** monte carlo  index = 621 ***
x

 volt         param     
             i_d_0.9    
    0.         92.0828p 
   50.00000m  471.2168p 
  100.00000m    2.3523n 
  150.00000m   11.0656n 
  200.00000m   47.2814n 
  250.00000m  179.1737n 
  300.00000m  593.2398n 
  350.00000m    1.6498u 
  400.00000m    3.7387u 
  450.00000m    7.0322u 
  500.00000m   11.4753u 
  550.00000m   16.9300u 
  600.00000m   23.2646u 
  650.00000m   30.3714u 
  700.00000m   38.1606u 
  750.00000m   46.5529u 
  800.00000m   55.4753u 
  850.00000m   64.8588u 
  900.00000m   74.6382u 
  950.00000m   84.7511u 
    1.00000    95.1376u 
y
 vth0_value= 250.6260m
 u0_param=  48.1223m
 ags_param= 421.2384m
 
   *** monte carlo  index = 622 ***
x

 volt         param     
             i_d_0.9    
    0.         73.9548p 
   50.00000m  378.6242p 
  100.00000m    1.8999n 
  150.00000m    9.0265n 
  200.00000m   39.1306n 
  250.00000m  150.7384n 
  300.00000m  508.8439n 
  350.00000m    1.4516u 
  400.00000m    3.3785u 
  450.00000m    6.4960u 
  500.00000m   10.7706u 
  550.00000m   16.0685u 
  600.00000m   22.2556u 
  650.00000m   29.2219u 
  700.00000m   36.8761u 
  750.00000m   45.1384u 
  800.00000m   53.9355u 
  850.00000m   63.1985u 
  900.00000m   72.8622u 
  950.00000m   82.8645u 
    1.00000    93.1455u 
y
 vth0_value= 257.1936m
 u0_param=  48.0303m
 ags_param= 426.3149m
 
   *** monte carlo  index = 623 ***
x

 volt         param     
             i_d_0.9    
    0.         87.6650p 
   50.00000m  448.6737p 
  100.00000m    2.2423n 
  150.00000m   10.5714n 
  200.00000m   45.3119n 
  250.00000m  172.3188n 
  300.00000m  572.9596n 
  350.00000m    1.6023u 
  400.00000m    3.6518u 
  450.00000m    6.9009u 
  500.00000m   11.2992u 
  550.00000m   16.7097u 
  600.00000m   23.0007u 
  650.00000m   30.0641u 
  700.00000m   37.8101u 
  750.00000m   46.1593u 
  800.00000m   55.0389u 
  850.00000m   64.3800u 
  900.00000m   74.1176u 
  950.00000m   84.1894u 
    1.00000    94.5356u 
y
 vth0_value= 252.0333m
 u0_param=  48.0051m
 ags_param= 423.6521m
 
   *** monte carlo  index = 624 ***
x

 volt         param     
             i_d_0.9    
    0.        143.8115p 
   50.00000m  734.6639p 
  100.00000m    3.6327n 
  150.00000m   16.7922n 
  200.00000m   70.0173n 
  250.00000m  258.1601n 
  300.00000m  826.3525n 
  350.00000m    2.2002u 
  400.00000m    4.7731u 
  450.00000m    8.6685u 
  500.00000m   13.7904u 
  550.00000m   19.9819u 
  600.00000m   27.1025u 
  650.00000m   35.0381u 
  700.00000m   43.6928u 
  750.00000m   52.9812u 
  800.00000m   62.8244u 
  850.00000m   73.1483u 
  900.00000m   83.8825u 
  950.00000m   94.9602u 
    1.00000   106.3171u 
y
 vth0_value= 239.9911m
 u0_param=  52.5390m
 ags_param= 427.4752m
 
   *** monte carlo  index = 625 ***
x

 volt         param     
             i_d_0.9    
    0.        109.3338p 
   50.00000m  559.3250p 
  100.00000m    2.7829n 
  150.00000m   13.0092n 
  200.00000m   55.0917n 
  250.00000m  206.6741n 
  300.00000m  675.9246n 
  350.00000m    1.8499u 
  400.00000m    4.1241u 
  450.00000m    7.6546u 
  500.00000m   12.3704u 
  550.00000m   18.1253u 
  600.00000m   24.7834u 
  650.00000m   32.2337u 
  700.00000m   40.3839u 
  750.00000m   49.1517u 
  800.00000m   58.4615u 
  850.00000m   68.2422u 
  900.00000m   78.4263u 
  950.00000m   88.9493u 
    1.00000    99.7495u 
y
 vth0_value= 246.6888m
 u0_param=  50.0276m
 ags_param= 430.3649m
 
   *** monte carlo  index = 626 ***
x

 volt         param     
             i_d_0.9    
    0.         81.7833p 
   50.00000m  418.7757p 
  100.00000m    2.0977n 
  150.00000m    9.9315n 
  200.00000m   42.8313n 
  250.00000m  164.0119n 
  300.00000m  549.7561n 
  350.00000m    1.5538u 
  400.00000m    3.5805u 
  450.00000m    6.8276u 
  500.00000m   11.2518u 
  550.00000m   16.7140u 
  600.00000m   23.0779u 
  650.00000m   30.2318u 
  700.00000m   38.0829u 
  750.00000m   46.5500u 
  800.00000m   55.5584u 
  850.00000m   65.0379u 
  900.00000m   74.9222u 
  950.00000m   85.1479u 
    1.00000    95.6542u 
y
 vth0_value= 254.8300m
 u0_param=  49.0574m
 ags_param= 430.5915m
 
   *** monte carlo  index = 627 ***
x

 volt         param     
             i_d_0.9    
    0.         79.1081p 
   50.00000m  405.1525p 
  100.00000m    2.0315n 
  150.00000m    9.6371n 
  200.00000m   41.6805n 
  250.00000m  160.1206n 
  300.00000m  538.7226n 
  350.00000m    1.5301u 
  400.00000m    3.5443u 
  450.00000m    6.7873u 
  500.00000m   11.2196u 
  550.00000m   16.7012u 
  600.00000m   23.0936u 
  650.00000m   30.2833u 
  700.00000m   38.1763u 
  750.00000m   46.6903u 
  800.00000m   55.7499u 
  850.00000m   65.2842u 
  900.00000m   75.2263u 
  950.00000m   85.5125u 
    1.00000    96.0815u 
y
 vth0_value= 256.1418m
 u0_param=  49.5274m
 ags_param= 416.3084m
 
   *** monte carlo  index = 628 ***
x

 volt         param     
             i_d_0.9    
    0.         82.0874p 
   50.00000m  420.3212p 
  100.00000m    2.1051n 
  150.00000m    9.9644n 
  200.00000m   42.9583n 
  250.00000m  164.4328n 
  300.00000m  550.9109n 
  350.00000m    1.5561u 
  400.00000m    3.5835u 
  450.00000m    6.8297u 
  500.00000m   11.2508u 
  550.00000m   16.7081u 
  600.00000m   23.0653u 
  650.00000m   30.2111u 
  700.00000m   38.0528u 
  750.00000m   46.5093u 
  800.00000m   55.5061u 
  850.00000m   64.9731u 
  900.00000m   74.8439u 
  950.00000m   85.0554u 
    1.00000    95.5469u 
y
 vth0_value= 254.6688m
 u0_param=  48.9827m
 ags_param= 422.5485m
 
   *** monte carlo  index = 629 ***
x

 volt         param     
             i_d_0.9    
    0.        160.7426p 
   50.00000m  819.5394p 
  100.00000m    4.0325n 
  150.00000m   18.4835n 
  200.00000m   76.2132n 
  250.00000m  277.6246n 
  300.00000m  875.3265n 
  350.00000m    2.2870u 
  400.00000m    4.8727u 
  450.00000m    8.7271u 
  500.00000m   13.7492u 
  550.00000m   19.7898u 
  600.00000m   26.7179u 
  650.00000m   34.4268u 
  700.00000m   42.8260u 
  750.00000m   51.8341u 
  800.00000m   61.3758u 
  850.00000m   71.3797u 
  900.00000m   81.7784u 
  950.00000m   92.5070u 
    1.00000   103.5033u 
y
 vth0_value= 235.1862m
 u0_param=  50.2304m
 ags_param= 422.5790m
 
   *** monte carlo  index = 630 ***
x

 volt         param     
             i_d_0.9    
    0.         43.1816p 
   50.00000m  220.4547p 
  100.00000m    1.1179n 
  150.00000m    5.4288n 
  200.00000m   24.3476n 
  250.00000m   97.6495n 
  300.00000m  345.0214n 
  350.00000m    1.0455u 
  400.00000m    2.6035u 
  450.00000m    5.3058u 
  500.00000m    9.1840u 
  550.00000m   14.1209u 
  600.00000m   19.9773u 
  650.00000m   26.6353u 
  700.00000m   33.9989u 
  750.00000m   41.9858u 
  800.00000m   50.5215u 
  850.00000m   59.5367u 
  900.00000m   68.9657u 
  950.00000m   78.7464u 
    1.00000    88.8191u 
y
 vth0_value= 273.6146m
 u0_param=  48.1538m
 ags_param= 415.9256m
 
   *** monte carlo  index = 631 ***
x

 volt         param     
             i_d_0.9    
    0.        224.4899p 
   50.00000m    1.1402n 
  100.00000m    5.5542n 
  150.00000m   25.0326n 
  200.00000m  101.0059n 
  250.00000m  359.2501n 
  300.00000m    1.0982u 
  350.00000m    2.7637u 
  400.00000m    5.6872u 
  450.00000m    9.9178u 
  500.00000m   15.3315u 
  550.00000m   21.7741u 
  600.00000m   29.1142u 
  650.00000m   37.2447u 
  700.00000m   46.0735u 
  750.00000m   55.5176u 
  800.00000m   65.4996u 
  850.00000m   75.9464u 
  900.00000m   86.7884u 
  950.00000m   97.9594u 
    1.00000   109.3954u 
y
 vth0_value= 226.1521m
 u0_param=  51.8958m
 ags_param= 424.8994m
 
   *** monte carlo  index = 632 ***
x

 volt         param     
             i_d_0.9    
    0.         39.1300p 
   50.00000m  199.4846p 
  100.00000m    1.0127n 
  150.00000m    4.9329n 
  200.00000m   22.2314n 
  250.00000m   89.7050n 
  300.00000m  319.1026n 
  350.00000m  975.6069n 
  400.00000m    2.4550u 
  450.00000m    5.0509u 
  500.00000m    8.8057u 
  550.00000m   13.6085u 
  600.00000m   19.3222u 
  650.00000m   25.8299u 
  700.00000m   33.0366u 
  750.00000m   40.8609u 
  800.00000m   49.2293u 
  850.00000m   58.0734u 
  900.00000m   67.3286u 
  950.00000m   76.9334u 
    1.00000    86.8291u 
y
 vth0_value= 276.1065m
 u0_param=  47.3836m
 ags_param= 412.0220m
 
   *** monte carlo  index = 633 ***
x

 volt         param     
             i_d_0.9    
    0.         75.1955p 
   50.00000m  385.1822p 
  100.00000m    1.9341n 
  150.00000m    9.2000n 
  200.00000m   39.9498n 
  250.00000m  154.1751n 
  300.00000m  521.4682n 
  350.00000m    1.4914u 
  400.00000m    3.4806u 
  450.00000m    6.7065u 
  500.00000m   11.1355u 
  550.00000m   16.6273u 
  600.00000m   23.0411u 
  650.00000m   30.2611u 
  700.00000m   38.1919u 
  750.00000m   46.7502u 
  800.00000m   55.8596u 
  850.00000m   65.4488u 
  900.00000m   75.4501u 
  950.00000m   85.7994u 
    1.00000    96.4349u 
y
 vth0_value= 257.9959m
 u0_param=  50.0238m
 ags_param= 419.5955m
 
   *** monte carlo  index = 634 ***
x

 volt         param     
             i_d_0.9    
    0.         98.1886p 
   50.00000m  502.5630p 
  100.00000m    2.5070n 
  150.00000m   11.7771n 
  200.00000m   50.2188n 
  250.00000m  189.8513n 
  300.00000m  626.7259n 
  350.00000m    1.7362u 
  400.00000m    3.9184u 
  450.00000m    7.3456u 
  500.00000m   11.9563u 
  550.00000m   17.6068u 
  600.00000m   24.1606u 
  650.00000m   31.5064u 
  700.00000m   39.5515u 
  750.00000m   48.2140u 
  800.00000m   57.4186u 
  850.00000m   67.0943u 
  900.00000m   77.1742u 
  950.00000m   87.5940u 
    1.00000    98.2924u 
y
 vth0_value= 249.7358m
 u0_param=  49.7182m
 ags_param= 426.4437m
 
   *** monte carlo  index = 635 ***
x

 volt         param     
             i_d_0.9    
    0.         71.5432p 
   50.00000m  366.4050p 
  100.00000m    1.8412n 
  150.00000m    8.7713n 
  200.00000m   38.1757n 
  250.00000m  147.7241n 
  300.00000m  501.2308n 
  350.00000m    1.4396u 
  400.00000m    3.3748u 
  450.00000m    6.5278u 
  500.00000m   10.8697u 
  550.00000m   16.2635u 
  600.00000m   22.5703u 
  650.00000m   29.6759u 
  700.00000m   37.4858u 
  750.00000m   45.9178u 
  800.00000m   54.8966u 
  850.00000m   64.3516u 
  900.00000m   74.2160u 
  950.00000m   84.4263u 
    1.00000    94.9216u 
y
 vth0_value= 259.0525m
 u0_param=  49.3269m
 ags_param= 426.1177m
 
   *** monte carlo  index = 636 ***
x

 volt         param     
             i_d_0.9    
    0.         49.7133p 
   50.00000m  254.2011p 
  100.00000m    1.2864n 
  150.00000m    6.2188n 
  200.00000m   27.6849n 
  250.00000m  110.0306n 
  300.00000m  384.8359n 
  350.00000m    1.1506u 
  400.00000m    2.8209u 
  450.00000m    5.6699u 
  500.00000m    9.7126u 
  550.00000m   14.8241u 
  600.00000m   20.8627u 
  650.00000m   27.7102u 
  700.00000m   35.2696u 
  750.00000m   43.4577u 
  800.00000m   52.1989u 
  850.00000m   61.4227u 
  900.00000m   71.0627u 
  950.00000m   81.0555u 
    1.00000    91.3408u 
y
 vth0_value= 269.9036m
 u0_param=  49.0323m
 ags_param= 416.6340m
 
   *** monte carlo  index = 637 ***
x

 volt         param     
             i_d_0.9    
    0.         73.1010p 
   50.00000m  374.3504p 
  100.00000m    1.8799n 
  150.00000m    8.9442n 
  200.00000m   38.8547n 
  250.00000m  150.0264n 
  300.00000m  507.7818n 
  350.00000m    1.4536u 
  400.00000m    3.3958u 
  450.00000m    6.5490u 
  500.00000m   10.8818u 
  550.00000m   16.2577u 
  600.00000m   22.5393u 
  650.00000m   29.6134u 
  700.00000m   37.3868u 
  750.00000m   45.7778u 
  800.00000m   54.7116u 
  850.00000m   64.1183u 
  900.00000m   73.9313u 
  950.00000m   84.0876u 
    1.00000    94.5265u 
y
 vth0_value= 258.1698m
 u0_param=  48.9735m
 ags_param= 417.4648m
 
   *** monte carlo  index = 638 ***
x

 volt         param     
             i_d_0.9    
    0.        161.2245p 
   50.00000m  822.1607p 
  100.00000m    4.0468n 
  150.00000m   18.5598n 
  200.00000m   76.5845n 
  250.00000m  279.1903n 
  300.00000m  881.0849n 
  350.00000m    2.3047u 
  400.00000m    4.9157u 
  450.00000m    8.8111u 
  500.00000m   13.8886u 
  550.00000m   19.9971u 
  600.00000m   27.0032u 
  650.00000m   34.7986u 
  700.00000m   43.2915u 
  750.00000m   52.3996u 
  800.00000m   62.0464u 
  850.00000m   72.1601u 
  900.00000m   82.6720u 
  950.00000m   93.5171u 
    1.00000   104.6323u 
y
 vth0_value= 235.5112m
 u0_param=  50.8819m
 ags_param= 427.0541m
 
   *** monte carlo  index = 639 ***
x

 volt         param     
             i_d_0.9    
    0.        128.8115p 
   50.00000m  658.0897p 
  100.00000m    3.2587n 
  150.00000m   15.1037n 
  200.00000m   63.2103n 
  250.00000m  234.0566n 
  300.00000m  753.3183n 
  350.00000m    2.0198u 
  400.00000m    4.4120u 
  450.00000m    8.0574u 
  500.00000m   12.8716u 
  550.00000m   18.7080u 
  600.00000m   25.4340u 
  650.00000m   32.9417u 
  700.00000m   41.1402u 
  750.00000m   49.9484u 
  800.00000m   59.2914u 
  850.00000m   69.0986u 
  900.00000m   79.3027u 
  950.00000m   89.8397u 
    1.00000   100.6480u 
y
 vth0_value= 241.5357m
 u0_param=  49.7110m
 ags_param= 417.8816m
 
   *** monte carlo  index = 640 ***
x

 volt         param     
             i_d_0.9    
    0.         50.1118p 
   50.00000m  256.2305p 
  100.00000m    1.2962n 
  150.00000m    6.2621n 
  200.00000m   27.8482n 
  250.00000m  110.5400n 
  300.00000m  386.0870n 
  350.00000m    1.1523u 
  400.00000m    2.8192u 
  450.00000m    5.6564u 
  500.00000m    9.6768u 
  550.00000m   14.7564u 
  600.00000m   20.7551u 
  650.00000m   27.5560u 
  700.00000m   35.0634u 
  750.00000m   43.1948u 
  800.00000m   51.8753u 
  850.00000m   61.0350u 
  900.00000m   70.6080u 
  950.00000m   80.5315u 
    1.00000    90.7454u 
y
 vth0_value= 269.3757m
 u0_param=  48.5981m
 ags_param= 418.1969m
 
   *** monte carlo  index = 641 ***
x

 volt         param     
             i_d_0.9    
    0.         58.0161p 
   50.00000m  296.9422p 
  100.00000m    1.4983n 
  150.00000m    7.1986n 
  200.00000m   31.7374n 
  250.00000m  124.6786n 
  300.00000m  430.4103n 
  350.00000m    1.2648u 
  400.00000m    3.0407u 
  450.00000m    6.0087u 
  500.00000m   10.1638u 
  550.00000m   15.3759u 
  600.00000m   21.5051u 
  650.00000m   28.4353u 
  700.00000m   36.0712u 
  750.00000m   44.3305u 
  800.00000m   53.1378u 
  850.00000m   62.4230u 
  900.00000m   72.1197u 
  950.00000m   82.1649u 
    1.00000    92.4980u 
y
 vth0_value= 265.1560m
 u0_param=  48.9475m
 ags_param= 408.6102m
 
   *** monte carlo  index = 642 ***
x

 volt         param     
             i_d_0.9    
    0.         53.1272p 
   50.00000m  271.8393p 
  100.00000m    1.3745n 
  150.00000m    6.6320n 
  200.00000m   29.4343n 
  250.00000m  116.5474n 
  300.00000m  405.9043n 
  350.00000m    1.2068u 
  400.00000m    2.9396u 
  450.00000m    5.8750u 
  500.00000m   10.0209u 
  550.00000m   15.2478u 
  600.00000m   21.4119u 
  650.00000m   28.3932u 
  700.00000m   36.0937u 
  750.00000m   44.4289u 
  800.00000m   53.3221u 
  850.00000m   62.7020u 
  900.00000m   72.5009u 
  950.00000m   82.6550u 
    1.00000    93.1029u 
y
 vth0_value= 268.3987m
 u0_param=  49.8258m
 ags_param= 408.9984m
 
   *** monte carlo  index = 643 ***
x

 volt         param     
             i_d_0.9    
    0.        110.1046p 
   50.00000m  563.0526p 
  100.00000m    2.7991n 
  150.00000m   13.0656n 
  200.00000m   55.2187n 
  250.00000m  206.6993n 
  300.00000m  674.2633n 
  350.00000m    1.8392u 
  400.00000m    4.0867u 
  450.00000m    7.5656u 
  500.00000m   12.2047u 
  550.00000m   17.8613u 
  600.00000m   24.4031u 
  650.00000m   31.7224u 
  700.00000m   39.7288u 
  750.00000m   48.3421u 
  800.00000m   57.4882u 
  850.00000m   67.0973u 
  900.00000m   77.1032u 
  950.00000m   87.4426u 
    1.00000    98.0545u 
y
 vth0_value= 245.7831m
 u0_param=  48.9608m
 ags_param= 425.1064m
 
   *** monte carlo  index = 644 ***
x

 volt         param     
             i_d_0.9    
    0.        102.7674p 
   50.00000m  525.7825p 
  100.00000m    2.6189n 
  150.00000m   12.2683n 
  200.00000m   52.1085n 
  250.00000m  196.1398n 
  300.00000m  644.1229n 
  350.00000m    1.7723u 
  400.00000m    3.9726u 
  450.00000m    7.4059u 
  500.00000m   12.0069u 
  550.00000m   17.6329u 
  600.00000m   24.1500u 
  650.00000m   31.4491u 
  700.00000m   39.4390u 
  750.00000m   48.0389u 
  800.00000m   57.1743u 
  850.00000m   66.7751u 
  900.00000m   76.7749u 
  950.00000m   87.1102u 
    1.00000    97.7200u 
y
 vth0_value= 247.9857m
 u0_param=  49.1439m
 ags_param= 411.3525m
 
   *** monte carlo  index = 645 ***
x

 volt         param     
             i_d_0.9    
    0.         57.0517p 
   50.00000m  292.0195p 
  100.00000m    1.4744n 
  150.00000m    7.0915n 
  200.00000m   31.3208n 
  250.00000m  123.2982n 
  300.00000m  426.6300n 
  350.00000m    1.2575u 
  400.00000m    3.0336u 
  450.00000m    6.0122u 
  500.00000m   10.1914u 
  550.00000m   15.4404u 
  600.00000m   21.6171u 
  650.00000m   28.6038u 
  700.00000m   36.3038u 
  750.00000m   44.6336u 
  800.00000m   53.5172u 
  850.00000m   62.8837u 
  900.00000m   72.6660u 
  950.00000m   82.8005u 
    1.00000    93.2262u 
y
 vth0_value= 266.0165m
 u0_param=  49.4877m
 ags_param= 423.2343m
 
   *** monte carlo  index = 646 ***
x

 volt         param     
             i_d_0.9    
    0.         76.0426p 
   50.00000m  389.5276p 
  100.00000m    1.9555n 
  150.00000m    9.2980n 
  200.00000m   40.3503n 
  250.00000m  155.6087n 
  300.00000m  525.8741n 
  350.00000m    1.5023u 
  400.00000m    3.5019u 
  450.00000m    6.7408u 
  500.00000m   11.1842u 
  550.00000m   16.6912u 
  600.00000m   23.1209u 
  650.00000m   30.3575u 
  700.00000m   38.3055u 
  750.00000m   46.8813u 
  800.00000m   56.0086u 
  850.00000m   65.6159u 
  900.00000m   75.6355u 
  950.00000m   86.0030u 
    1.00000    96.6567u 
y
 vth0_value= 257.7096m
 u0_param=  50.1059m
 ags_param= 417.5684m
 
   *** monte carlo  index = 647 ***
x

 volt         param     
             i_d_0.9    
    0.         92.7648p 
   50.00000m  474.8419p 
  100.00000m    2.3714n 
  150.00000m   11.1635n 
  200.00000m   47.7478n 
  250.00000m  181.1336n 
  300.00000m  600.4406n 
  350.00000m    1.6724u 
  400.00000m    3.7957u 
  450.00000m    7.1481u 
  500.00000m   11.6735u 
  550.00000m   17.2306u 
  600.00000m   23.6840u 
  650.00000m   30.9232u 
  700.00000m   38.8563u 
  750.00000m   47.4021u 
  800.00000m   56.4859u 
  850.00000m   66.0376u 
  900.00000m   75.9906u 
  950.00000m   86.2816u 
    1.00000    96.8496u 
y
 vth0_value= 251.0909m
 u0_param=  49.1624m
 ags_param= 406.2356m
 
   *** monte carlo  index = 648 ***
x

 volt         param     
             i_d_0.9    
    0.        106.2956p 
   50.00000m  543.7667p 
  100.00000m    2.7064n 
  150.00000m   12.6607n 
  200.00000m   53.6692n 
  250.00000m  201.5679n 
  300.00000m  660.1657n 
  350.00000m    1.8101u 
  400.00000m    4.0429u 
  450.00000m    7.5154u 
  500.00000m   12.1592u 
  550.00000m   17.8303u 
  600.00000m   24.3946u 
  650.00000m   31.7427u 
  700.00000m   39.7831u 
  750.00000m   48.4348u 
  800.00000m   57.6229u 
  850.00000m   67.2771u 
  900.00000m   77.3307u 
  950.00000m   87.7200u 
    1.00000    98.3838u 
y
 vth0_value= 247.1181m
 u0_param=  49.3762m
 ags_param= 407.8869m
 
   *** monte carlo  index = 649 ***
x

 volt         param     
             i_d_0.9    
    0.        106.9476p 
   50.00000m  547.2655p 
  100.00000m    2.7252n 
  150.00000m   12.7589n 
  200.00000m   54.1469n 
  250.00000m  203.6052n 
  300.00000m  667.7550n 
  350.00000m    1.8342u 
  400.00000m    4.1039u 
  450.00000m    7.6391u 
  500.00000m   12.3705u 
  550.00000m   18.1506u 
  600.00000m   24.8415u 
  650.00000m   32.3310u 
  700.00000m   40.5254u 
  750.00000m   49.3417u 
  800.00000m   58.7036u 
  850.00000m   68.5394u 
  900.00000m   78.7811u 
  950.00000m   89.3638u 
    1.00000   100.2255u 
y
 vth0_value= 247.6337m
 u0_param=  50.4633m
 ags_param= 416.5906m
 
   *** monte carlo  index = 650 ***
x

 volt         param     
             i_d_0.9    
    0.         65.1573p 
   50.00000m  333.6093p 
  100.00000m    1.6793n 
  150.00000m    8.0276n 
  200.00000m   35.1233n 
  250.00000m  136.7479n 
  300.00000m  467.2877n 
  350.00000m    1.3548u 
  400.00000m    3.2086u 
  450.00000m    6.2601u 
  500.00000m   10.4904u 
  550.00000m   15.7663u 
  600.00000m   21.9499u 
  650.00000m   28.9271u 
  700.00000m   36.6043u 
  750.00000m   44.8996u 
  800.00000m   53.7384u 
  850.00000m   63.0509u 
  900.00000m   72.7710u 
  950.00000m   82.8357u 
    1.00000    93.1846u 
y
 vth0_value= 261.5109m
 u0_param=  48.7567m
 ags_param= 408.8823m
 
   *** monte carlo  index = 651 ***
x

 volt         param     
             i_d_0.9    
    0.        103.8402p 
   50.00000m  531.5050p 
  100.00000m    2.6492n 
  150.00000m   12.4250n 
  200.00000m   52.8596n 
  250.00000m  199.3059n 
  300.00000m  655.7904n 
  350.00000m    1.8089u 
  400.00000m    4.0648u 
  450.00000m    7.5924u 
  500.00000m   12.3251u 
  550.00000m   18.1145u 
  600.00000m   24.8214u 
  650.00000m   32.3322u 
  700.00000m   40.5524u 
  750.00000m   49.3983u 
  800.00000m   58.7932u 
  850.00000m   68.6649u 
  900.00000m   78.9449u 
  950.00000m   89.5682u 
    1.00000   100.4724u 
y
 vth0_value= 248.7249m
 u0_param=  50.7802m
 ags_param= 415.8252m
 
   *** monte carlo  index = 652 ***
x

 volt         param     
             i_d_0.9    
    0.        141.9057p 
   50.00000m  724.2061p 
  100.00000m    3.5747n 
  150.00000m   16.4755n 
  200.00000m   68.4335n 
  250.00000m  251.3150n 
  300.00000m  800.5922n 
  350.00000m    2.1189u 
  400.00000m    4.5704u 
  450.00000m    8.2651u 
  500.00000m   13.1115u 
  550.00000m   18.9645u 
  600.00000m   25.6947u 
  650.00000m   33.1964u 
  700.00000m   41.3805u 
  750.00000m   50.1671u 
  800.00000m   59.4819u 
  850.00000m   69.2552u 
  900.00000m   79.4202u 
  950.00000m   89.9134u 
    1.00000   100.6735u 
y
 vth0_value= 238.2870m
 u0_param=  49.2101m
 ags_param= 418.9934m
 
   *** monte carlo  index = 653 ***
x

 volt         param     
             i_d_0.9    
    0.         59.5136p 
   50.00000m  304.6345p 
  100.00000m    1.5363n 
  150.00000m    7.3729n 
  200.00000m   32.4501n 
  250.00000m  127.2211n 
  300.00000m  438.1878n 
  350.00000m    1.2838u 
  400.00000m    3.0760u 
  450.00000m    6.0610u 
  500.00000m   10.2308u 
  550.00000m   15.4546u 
  600.00000m   21.5933u 
  650.00000m   28.5313u 
  700.00000m   36.1738u 
  750.00000m   44.4387u 
  800.00000m   53.2509u 
  850.00000m   62.5405u 
  900.00000m   72.2410u 
  950.00000m   82.2895u 
    1.00000    92.6256u 
y
 vth0_value= 264.3303m
 u0_param=  48.8674m
 ags_param= 424.1380m
 
   *** monte carlo  index = 654 ***
x

 volt         param     
             i_d_0.9    
    0.         71.1617p 
   50.00000m  364.4176p 
  100.00000m    1.8311n 
  150.00000m    8.7224n 
  200.00000m   37.9583n 
  250.00000m  146.8648n 
  300.00000m  498.2563n 
  350.00000m    1.4308u 
  400.00000m    3.3538u 
  450.00000m    6.4863u 
  500.00000m   10.7998u 
  550.00000m   16.1585u 
  600.00000m   22.4246u 
  650.00000m   29.4846u 
  700.00000m   37.2449u 
  750.00000m   45.6238u 
  800.00000m   54.5465u 
  850.00000m   63.9429u 
  900.00000m   73.7465u 
  950.00000m   83.8943u 
    1.00000    94.3255u 
y
 vth0_value= 258.9920m
 u0_param=  48.9863m
 ags_param= 421.0008m
 
   *** monte carlo  index = 655 ***
x

 volt         param     
             i_d_0.9    
    0.        148.1011p 
   50.00000m  755.6793p 
  100.00000m    3.7269n 
  150.00000m   17.1519n 
  200.00000m   71.1015n 
  250.00000m  260.5306n 
  300.00000m  827.5826n 
  350.00000m    2.1825u 
  400.00000m    4.6913u 
  450.00000m    8.4604u 
  500.00000m   13.3946u 
  550.00000m   19.3461u 
  600.00000m   26.1838u 
  650.00000m   33.8007u 
  700.00000m   42.1066u 
  750.00000m   51.0204u 
  800.00000m   60.4670u 
  850.00000m   70.3757u 
  900.00000m   80.6790u 
  950.00000m   91.3128u 
    1.00000   102.2150u 
y
 vth0_value= 237.4499m
 u0_param=  49.9061m
 ags_param= 418.5753m
 
   *** monte carlo  index = 656 ***
x

 volt         param     
             i_d_0.9    
    0.         96.8435p 
   50.00000m  495.7210p 
  100.00000m    2.4739n 
  150.00000m   11.6298n 
  200.00000m   49.6424n 
  250.00000m  187.8902n 
  300.00000m  621.1098n 
  350.00000m    1.7237u 
  400.00000m    3.8975u 
  450.00000m    7.3171u 
  500.00000m   11.9227u 
  550.00000m   17.5702u 
  600.00000m   24.1226u 
  650.00000m   31.4684u 
  700.00000m   39.5146u 
  750.00000m   48.1790u 
  800.00000m   57.3861u 
  850.00000m   67.0651u 
  900.00000m   77.1486u 
  950.00000m   87.5725u 
    1.00000    98.2754u 
y
 vth0_value= 250.2008m
 u0_param=  49.7931m
 ags_param= 419.6939m
 
   *** monte carlo  index = 657 ***
x

 volt         param     
             i_d_0.9    
    0.         44.2326p 
   50.00000m  225.8918p 
  100.00000m    1.1451n 
  150.00000m    5.5570n 
  200.00000m   24.8931n 
  250.00000m   99.6910n 
  300.00000m  351.6577n 
  350.00000m    1.0633u 
  400.00000m    2.6411u 
  450.00000m    5.3703u 
  500.00000m    9.2796u 
  550.00000m   14.2504u 
  600.00000m   20.1427u 
  650.00000m   26.8385u 
  700.00000m   34.2416u 
  750.00000m   42.2692u 
  800.00000m   50.8466u 
  850.00000m   59.9042u 
  900.00000m   69.3762u 
  950.00000m   79.2002u 
    1.00000    89.3163u 
y
 vth0_value= 273.0164m
 u0_param=  48.3573m
 ags_param= 410.3277m
 
   *** monte carlo  index = 658 ***
x

 volt         param     
             i_d_0.9    
    0.        106.2472p 
   50.00000m  543.5956p 
  100.00000m    2.7063n 
  150.00000m   12.6664n 
  200.00000m   53.7293n 
  250.00000m  201.9384n 
  300.00000m  661.9339n 
  350.00000m    1.8169u 
  400.00000m    4.0625u 
  450.00000m    7.5582u 
  500.00000m   12.2355u 
  550.00000m   17.9490u 
  600.00000m   24.5629u 
  650.00000m   31.9667u 
  700.00000m   40.0680u 
  750.00000m   48.7849u 
  800.00000m   58.0420u 
  850.00000m   67.7683u 
  900.00000m   77.8967u 
  950.00000m   88.3629u 
    1.00000    99.1055u 
y
 vth0_value= 247.4198m
 u0_param=  49.8203m
 ags_param= 409.0282m
 
   *** monte carlo  index = 659 ***
x

 volt         param     
             i_d_0.9    
    0.         79.8173p 
   50.00000m  408.7735p 
  100.00000m    2.0492n 
  150.00000m    9.7166n 
  200.00000m   41.9964n 
  250.00000m  161.2131n 
  300.00000m  541.9272n 
  350.00000m    1.5374u 
  400.00000m    3.5570u 
  450.00000m    6.8050u 
  500.00000m   11.2408u 
  550.00000m   16.7247u 
  600.00000m   23.1184u 
  650.00000m   30.3089u 
  700.00000m   38.2022u 
  750.00000m   46.7162u 
  800.00000m   55.7757u 
  850.00000m   65.3098u 
  900.00000m   75.2518u 
  950.00000m   85.5378u 
    1.00000    96.1068u 
y
 vth0_value= 255.8371m
 u0_param=  49.4738m
 ags_param= 429.8986m
 
   *** monte carlo  index = 660 ***
x

 volt         param     
             i_d_0.9    
    0.         46.4514p 
   50.00000m  237.2586p 
  100.00000m    1.2008n 
  150.00000m    5.8089n 
  200.00000m   25.8897n 
  250.00000m  103.0474n 
  300.00000m  361.0709n 
  350.00000m    1.0823u 
  400.00000m    2.6610u 
  450.00000m    5.3628u 
  500.00000m    9.2060u 
  550.00000m   14.0739u 
  600.00000m   19.8326u 
  650.00000m   26.3694u 
  700.00000m   33.5925u 
  750.00000m   41.4224u 
  800.00000m   49.7868u 
  850.00000m   58.6185u 
  900.00000m   67.8535u 
  950.00000m   77.4312u 
    1.00000    87.2933u 
y
 vth0_value= 270.4474m
 u0_param=  46.7603m
 ags_param= 422.8754m
 
   *** monte carlo  index = 661 ***
x

 volt         param     
             i_d_0.9    
    0.         22.7361p 
   50.00000m  114.4441p 
  100.00000m  584.7374p 
  150.00000m    2.8993n 
  200.00000m   13.4705n 
  250.00000m   56.5640n 
  300.00000m  210.2159n 
  350.00000m  679.5807n 
  400.00000m    1.8320u 
  450.00000m    4.0221u 
  500.00000m    7.3732u 
  550.00000m   11.8076u 
  600.00000m   17.1877u 
  650.00000m   23.3886u 
  700.00000m   30.3092u 
  750.00000m   37.8646u 
  800.00000m   45.9798u 
  850.00000m   54.5854u 
  900.00000m   63.6165u 
  950.00000m   73.0113u 
    1.00000    82.7111u 
y
 vth0_value= 292.9814m
 u0_param=  47.5846m
 ags_param= 413.2188m
 
   *** monte carlo  index = 662 ***
x

 volt         param     
             i_d_0.9    
    0.         75.6011p 
   50.00000m  387.2332p 
  100.00000m    1.9439n 
  150.00000m    9.2423n 
  200.00000m   40.1059n 
  250.00000m  154.6564n 
  300.00000m  522.6302n 
  350.00000m    1.4930u 
  400.00000m    3.4799u 
  450.00000m    6.6982u 
  500.00000m   11.1134u 
  550.00000m   16.5859u 
  600.00000m   22.9757u 
  650.00000m   30.1680u 
  700.00000m   38.0678u 
  750.00000m   46.5923u 
  800.00000m   55.6654u 
  850.00000m   65.2162u 
  900.00000m   75.1774u 
  950.00000m   85.4849u 
    1.00000    96.0773u 
y
 vth0_value= 257.6732m
 u0_param=  49.7749m
 ags_param= 414.8361m
 
   *** monte carlo  index = 663 ***
x

 volt         param     
             i_d_0.9    
    0.        119.1168p 
   50.00000m  608.9823p 
  100.00000m    3.0226n 
  150.00000m   14.0678n 
  200.00000m   59.2119n 
  250.00000m  220.6336n 
  300.00000m  715.6452n 
  350.00000m    1.9379u 
  400.00000m    4.2746u 
  450.00000m    7.8670u 
  500.00000m   12.6369u 
  550.00000m   18.4377u 
  600.00000m   25.1350u 
  650.00000m   32.6196u 
  700.00000m   40.7998u 
  750.00000m   49.5939u 
  800.00000m   58.9266u 
  850.00000m   68.7270u 
  900.00000m   78.9278u 
  950.00000m   89.4648u 
    1.00000   100.2760u 
y
 vth0_value= 244.0125m
 u0_param=  49.8889m
 ags_param= 428.4934m
 
   *** monte carlo  index = 664 ***
x

 volt         param     
             i_d_0.9    
    0.        101.1950p 
   50.00000m  517.8089p 
  100.00000m    2.5805n 
  150.00000m   12.0996n 
  200.00000m   51.4593n 
  250.00000m  193.9777n 
  300.00000m  638.1378n 
  350.00000m    1.7599u 
  400.00000m    3.9538u 
  450.00000m    7.3846u 
  500.00000m   11.9886u 
  550.00000m   17.6226u 
  600.00000m   24.1521u 
  650.00000m   31.4674u 
  700.00000m   39.4768u 
  750.00000m   48.0992u 
  800.00000m   57.2598u 
  850.00000m   66.8885u 
  900.00000m   76.9184u 
  950.00000m   87.2859u 
    1.00000    97.9299u 
y
 vth0_value= 248.5664m
 u0_param=  49.3199m
 ags_param= 434.2371m
 
   *** monte carlo  index = 665 ***
x

 volt         param     
             i_d_0.9    
    0.         85.8147p 
   50.00000m  439.3907p 
  100.00000m    2.1986n 
  150.00000m   10.3885n 
  200.00000m   44.6699n 
  250.00000m  170.4772n 
  300.00000m  569.1518n 
  350.00000m    1.6001u 
  400.00000m    3.6670u 
  450.00000m    6.9606u 
  500.00000m   11.4325u 
  550.00000m   16.9423u 
  600.00000m   23.3535u 
  650.00000m   30.5543u 
  700.00000m   38.4520u 
  750.00000m   46.9651u 
  800.00000m   56.0187u 
  850.00000m   65.5425u 
  900.00000m   75.4698u 
  950.00000m   85.7372u 
    1.00000    96.2838u 
y
 vth0_value= 253.4903m
 u0_param=  49.2331m
 ags_param= 403.6158m
 
   *** monte carlo  index = 666 ***
x

 volt         param     
             i_d_0.9    
    0.         85.1658p 
   50.00000m  436.1209p 
  100.00000m    2.1831n 
  150.00000m   10.3222n 
  200.00000m   44.4294n 
  250.00000m  169.7486n 
  300.00000m  567.4540n 
  350.00000m    1.5981u 
  400.00000m    3.6689u 
  450.00000m    6.9742u 
  500.00000m   11.4668u 
  550.00000m   17.0052u 
  600.00000m   23.4517u 
  650.00000m   30.6936u 
  700.00000m   38.6372u 
  750.00000m   47.2006u 
  800.00000m   56.3082u 
  850.00000m   65.8892u 
  900.00000m   75.8768u 
  950.00000m   86.2070u 
    1.00000    96.8185u 
y
 vth0_value= 253.9476m
 u0_param=  49.5837m
 ags_param= 419.4819m
 
   *** monte carlo  index = 667 ***
x

 volt         param     
             i_d_0.9    
    0.        119.3921p 
   50.00000m  610.1665p 
  100.00000m    3.0262n 
  150.00000m   14.0669n 
  200.00000m   59.1070n 
  250.00000m  219.8418n 
  300.00000m  711.5277n 
  350.00000m    1.9214u 
  400.00000m    4.2267u 
  450.00000m    7.7625u 
  500.00000m   12.4510u 
  550.00000m   18.1494u 
  600.00000m   24.7267u 
  650.00000m   32.0767u 
  700.00000m   40.1097u 
  750.00000m   48.7459u 
  800.00000m   57.9117u 
  850.00000m   67.5374u 
  900.00000m   77.5569u 
  950.00000m   87.9071u 
    1.00000    98.5271u 
y
 vth0_value= 243.2509m
 u0_param=  48.8285m
 ags_param= 419.7367m
 
   *** monte carlo  index = 668 ***
x

 volt         param     
             i_d_0.9    
    0.         91.7421p 
   50.00000m  469.6038p 
  100.00000m    2.3457n 
  150.00000m   11.0462n 
  200.00000m   47.2703n 
  250.00000m  179.4277n 
  300.00000m  595.2147n 
  350.00000m    1.6594u 
  400.00000m    3.7700u 
  450.00000m    7.1056u 
  500.00000m   11.6113u 
  550.00000m   17.1466u 
  600.00000m   23.5767u 
  650.00000m   30.7914u 
  700.00000m   38.6992u 
  750.00000m   47.2191u 
  800.00000m   56.2767u 
  850.00000m   65.8020u 
  900.00000m   75.7289u 
  950.00000m   85.9939u 
    1.00000    96.5363u 
y
 vth0_value= 251.3166m
 u0_param=  48.9956m
 ags_param= 427.1036m
 
   *** monte carlo  index = 669 ***
x

 volt         param     
             i_d_0.9    
    0.         78.6718p 
   50.00000m  403.0140p 
  100.00000m    2.0220n 
  150.00000m    9.6020n 
  200.00000m   41.5925n 
  250.00000m  160.0570n 
  300.00000m  539.5522n 
  350.00000m    1.5363u 
  400.00000m    3.5683u 
  450.00000m    6.8484u 
  500.00000m   11.3379u 
  550.00000m   16.8945u 
  600.00000m   23.3766u 
  650.00000m   30.6683u 
  700.00000m   38.6734u 
  750.00000m   47.3083u 
  800.00000m   56.4962u 
  850.00000m   66.1651u 
  900.00000m   76.2472u 
  950.00000m   86.6778u 
    1.00000    97.3949u 
y
 vth0_value= 256.8597m
 u0_param=  50.3848m
 ags_param= 418.1038m
 
   *** monte carlo  index = 670 ***
x

 volt         param     
             i_d_0.9    
    0.        143.7421p 
   50.00000m  733.6724p 
  100.00000m    3.6218n 
  150.00000m   16.6951n 
  200.00000m   69.3579n 
  250.00000m  254.7461n 
  300.00000m  811.6324n 
  350.00000m    2.1485u 
  400.00000m    4.6349u 
  450.00000m    8.3821u 
  500.00000m   13.2972u 
  550.00000m   19.2323u 
  600.00000m   26.0558u 
  650.00000m   33.6602u 
  700.00000m   41.9551u 
  750.00000m   50.8593u 
  800.00000m   60.2975u 
  850.00000m   70.1990u 
  900.00000m   80.4964u 
  950.00000m   91.1252u 
    1.00000   102.0237u 
y
 vth0_value= 238.3753m
 u0_param=  49.9429m
 ags_param= 423.9620m
 
   *** monte carlo  index = 671 ***
x

 volt         param     
             i_d_0.9    
    0.        191.1942p 
   50.00000m  972.6478p 
  100.00000m    4.7586n 
  150.00000m   21.6009n 
  200.00000m   87.9571n 
  250.00000m  316.0311n 
  300.00000m  979.0095n 
  350.00000m    2.5033u 
  400.00000m    5.2271u 
  450.00000m    9.2182u 
  500.00000m   14.3648u 
  550.00000m   20.5184u 
  600.00000m   27.5507u 
  650.00000m   35.3572u 
  700.00000m   43.8484u 
  750.00000m   52.9437u 
  800.00000m   62.5678u 
  850.00000m   72.6498u 
  900.00000m   83.1221u 
  950.00000m   93.9199u 
    1.00000   104.9809u 
y
 vth0_value= 229.9058m
 u0_param=  50.1643m
 ags_param= 429.7909m
 
   *** monte carlo  index = 672 ***
x

 volt         param     
             i_d_0.9    
    0.        114.0706p 
   50.00000m  583.3449p 
  100.00000m    2.8986n 
  150.00000m   13.5181n 
  200.00000m   57.0589n 
  250.00000m  213.2774n 
  300.00000m  694.4486n 
  350.00000m    1.8898u 
  400.00000m    4.1891u 
  450.00000m    7.7400u 
  500.00000m   12.4680u 
  550.00000m   18.2272u 
  600.00000m   24.8833u 
  650.00000m   32.3266u 
  700.00000m   40.4654u 
  750.00000m   49.2182u 
  800.00000m   58.5098u 
  850.00000m   68.2694u 
  900.00000m   78.4298u 
  950.00000m   88.9268u 
    1.00000    99.6989u 
y
 vth0_value= 245.2410m
 u0_param=  49.7679m
 ags_param= 429.7995m
 
   *** monte carlo  index = 673 ***
x

 volt         param     
             i_d_0.9    
    0.         96.7779p 
   50.00000m  495.2627p 
  100.00000m    2.4704n 
  150.00000m   11.6041n 
  200.00000m   49.4760n 
  250.00000m  187.0300n 
  300.00000m  617.3927n 
  350.00000m    1.7103u 
  400.00000m    3.8599u 
  450.00000m    7.2360u 
  500.00000m   11.7788u 
  550.00000m   17.3469u 
  600.00000m   23.8064u 
  650.00000m   31.0479u 
  700.00000m   38.9801u 
  750.00000m   47.5225u 
  800.00000m   56.6008u 
  850.00000m   66.1451u 
  900.00000m   76.0891u 
  950.00000m   86.3696u 
    1.00000    96.9257u 
y
 vth0_value= 249.6789m
 u0_param=  48.9601m
 ags_param= 421.3018m
 
   *** monte carlo  index = 674 ***
x

 volt         param     
             i_d_0.9    
    0.         92.0140p 
   50.00000m  471.0236p 
  100.00000m    2.3529n 
  150.00000m   11.0815n 
  200.00000m   47.4279n 
  250.00000m  180.0518n 
  300.00000m  597.3779n 
  350.00000m    1.6658u 
  400.00000m    3.7853u 
  450.00000m    7.1353u 
  500.00000m   11.6611u 
  550.00000m   17.2210u 
  600.00000m   23.6796u 
  650.00000m   30.9260u 
  700.00000m   38.8682u 
  750.00000m   47.4249u 
  800.00000m   56.5213u 
  850.00000m   66.0871u 
  900.00000m   76.0558u 
  950.00000m   86.3638u 
    1.00000    96.9502u 
y
 vth0_value= 251.3832m
 u0_param=  49.2340m
 ags_param= 428.5135m
 
   *** monte carlo  index = 675 ***
x

 volt         param     
             i_d_0.9    
    0.        103.1705p 
   50.00000m  528.0950p 
  100.00000m    2.6327n 
  150.00000m   12.3512n 
  200.00000m   52.5682n 
  250.00000m  198.3047n 
  300.00000m  652.8843n 
  350.00000m    1.8023u 
  400.00000m    4.0531u 
  450.00000m    7.5755u 
  500.00000m   12.3035u 
  550.00000m   18.0889u 
  600.00000m   24.7924u 
  650.00000m   32.3004u 
  700.00000m   40.5182u 
  750.00000m   49.3625u 
  800.00000m   58.7562u 
  850.00000m   68.6273u 
  900.00000m   78.9073u 
  950.00000m   89.5312u 
    1.00000   100.4365u 
y
 vth0_value= 248.9180m
 u0_param=  50.7767m
 ags_param= 426.4526m
 
   *** monte carlo  index = 676 ***
x

 volt         param     
             i_d_0.9    
    0.         38.6695p 
   50.00000m  197.1479p 
  100.00000m    1.0015n 
  150.00000m    4.8849n 
  200.00000m   22.0618n 
  250.00000m   89.2557n 
  300.00000m  318.4006n 
  350.00000m  976.9950n 
  400.00000m    2.4691u 
  450.00000m    5.0995u 
  500.00000m    8.9158u 
  550.00000m   13.8052u 
  600.00000m   19.6265u 
  650.00000m   26.2593u 
  700.00000m   33.6055u 
  750.00000m   41.5816u 
  800.00000m   50.1122u 
  850.00000m   59.1273u 
  900.00000m   68.5610u 
  950.00000m   78.3507u 
    1.00000    88.4363u 
y
 vth0_value= 277.2286m
 u0_param=  48.5210m
 ags_param= 406.0832m
 
   *** monte carlo  index = 677 ***
x

 volt         param     
             i_d_0.9    
    0.         36.6116p 
   50.00000m  186.4888p 
  100.00000m  948.0496p 
  150.00000m    4.6320n 
  200.00000m   20.9799n 
  250.00000m   85.1887n 
  300.00000m  305.1184n 
  350.00000m  941.1635n 
  400.00000m    2.3936u 
  450.00000m    4.9719u 
  500.00000m    8.7306u 
  550.00000m   13.5603u 
  600.00000m   19.3203u 
  650.00000m   25.8900u 
  700.00000m   33.1715u 
  750.00000m   41.0813u 
  800.00000m   49.5444u 
  850.00000m   58.4911u 
  900.00000m   67.8557u 
  950.00000m   77.5757u 
    1.00000    87.5915u 
y
 vth0_value= 278.7406m
 u0_param=  48.2770m
 ags_param= 394.5716m
 
   *** monte carlo  index = 678 ***
x

 volt         param     
             i_d_0.9    
    0.        126.9588p 
   50.00000m  648.7699p 
  100.00000m    3.2145n 
  150.00000m   14.9148n 
  200.00000m   62.5105n 
  250.00000m  231.8309n 
  300.00000m  747.6006n 
  350.00000m    2.0094u 
  400.00000m    4.3998u 
  450.00000m    8.0504u 
  500.00000m   12.8774u 
  550.00000m   18.7333u 
  600.00000m   25.4844u 
  650.00000m   33.0217u 
  700.00000m   41.2536u 
  750.00000m   50.0986u 
  800.00000m   59.4811u 
  850.00000m   69.3301u 
  900.00000m   79.5783u 
  950.00000m   90.1611u 
    1.00000   101.0167u 
y
 vth0_value= 242.1677m
 u0_param=  50.0126m
 ags_param= 417.7486m
 
   *** monte carlo  index = 679 ***
x

 volt         param     
             i_d_0.9    
    0.        103.3332p 
   50.00000m  528.8649p 
  100.00000m    2.6358n 
  150.00000m   12.3605n 
  200.00000m   52.5747n 
  250.00000m  198.1939n 
  300.00000m  651.9982n 
  350.00000m    1.7980u 
  400.00000m    4.0392u 
  450.00000m    7.5432u 
  500.00000m   12.2437u 
  550.00000m   17.9939u 
  600.00000m   24.6557u 
  650.00000m   32.1164u 
  700.00000m   40.2822u 
  750.00000m   49.0703u 
  800.00000m   58.4042u 
  850.00000m   68.2124u 
  900.00000m   78.4267u 
  950.00000m   88.9826u 
    1.00000    99.8180u 
y
 vth0_value= 248.6347m
 u0_param=  50.4054m
 ags_param= 413.1290m
 
   *** monte carlo  index = 680 ***
x

 volt         param     
             i_d_0.9    
    0.        126.2258p 
   50.00000m  644.8856p 
  100.00000m    3.1942n 
  150.00000m   14.8121n 
  200.00000m   62.0334n 
  250.00000m  229.8836n 
  300.00000m  740.6496n 
  350.00000m    1.9885u 
  400.00000m    4.3491u 
  450.00000m    7.9510u 
  500.00000m   12.7116u 
  550.00000m   18.4861u 
  600.00000m   25.1432u 
  650.00000m   32.5762u 
  700.00000m   40.6949u 
  750.00000m   49.4191u 
  800.00000m   58.6745u 
  850.00000m   68.3910u 
  900.00000m   78.5021u 
  950.00000m   88.9443u 
    1.00000    99.6562u 
y
 vth0_value= 241.8305m
 u0_param=  49.2239m
 ags_param= 415.1667m
 
   *** monte carlo  index = 681 ***
x

 volt         param     
             i_d_0.9    
    0.         36.7674p 
   50.00000m  187.2772p 
  100.00000m  951.8040p 
  150.00000m    4.6478n 
  200.00000m   21.0335n 
  250.00000m   85.3138n 
  300.00000m  305.2157n 
  350.00000m  940.0867n 
  400.00000m    2.3866u 
  450.00000m    4.9497u 
  500.00000m    8.6816u 
  550.00000m   13.4736u 
  600.00000m   19.1869u 
  650.00000m   25.7026u 
  700.00000m   32.9240u 
  750.00000m   40.7688u 
  800.00000m   49.1625u 
  850.00000m   58.0364u 
  900.00000m   67.3251u 
  950.00000m   76.9669u 
    1.00000    86.9026u 
y
 vth0_value= 278.2781m
 u0_param=  47.7785m
 ags_param= 405.8241m
 
   *** monte carlo  index = 682 ***
x

 volt         param     
             i_d_0.9    
    0.         52.1770p 
   50.00000m  266.7531p 
  100.00000m    1.3473n 
  150.00000m    6.4877n 
  200.00000m   28.7073n 
  250.00000m  113.2759n 
  300.00000m  393.0750n 
  350.00000m    1.1631u 
  400.00000m    2.8182u 
  450.00000m    5.6073u 
  500.00000m    9.5344u 
  550.00000m   14.4786u 
  600.00000m   20.3069u 
  650.00000m   26.9085u 
  700.00000m   34.1921u 
  750.00000m   42.0789u 
  800.00000m   50.4970u 
  850.00000m   59.3790u 
  900.00000m   68.6612u 
  950.00000m   78.2829u 
    1.00000    88.1858u 
y
 vth0_value= 266.8970m
 u0_param=  46.7410m
 ags_param= 412.7188m
 
   *** monte carlo  index = 683 ***
x

 volt         param     
             i_d_0.9    
    0.        101.6710p 
   50.00000m  520.3454p 
  100.00000m    2.5939n 
  150.00000m   12.1688n 
  200.00000m   51.7898n 
  250.00000m  195.3675n 
  300.00000m  643.2457n 
  350.00000m    1.7759u 
  400.00000m    3.9940u 
  450.00000m    7.4658u 
  500.00000m   12.1268u 
  550.00000m   17.8315u 
  600.00000m   24.4429u 
  650.00000m   31.8493u 
  700.00000m   39.9574u 
  750.00000m   48.6851u 
  800.00000m   57.9564u 
  850.00000m   67.7001u 
  900.00000m   77.8488u 
  950.00000m   88.3381u 
    1.00000    99.1061u 
y
 vth0_value= 248.8888m
 u0_param=  50.0371m
 ags_param= 423.3997m
 
   *** monte carlo  index = 684 ***
x

 volt         param     
             i_d_0.9    
    0.         57.7933p 
   50.00000m  295.7167p 
  100.00000m    1.4915n 
  150.00000m    7.1595n 
  200.00000m   31.5255n 
  250.00000m  123.6692n 
  300.00000m  426.2728n 
  350.00000m    1.2502u 
  400.00000m    2.9989u 
  450.00000m    5.9152u 
  500.00000m    9.9928u 
  550.00000m   15.1050u 
  600.00000m   21.1155u 
  650.00000m   27.9118u 
  700.00000m   35.4010u 
  750.00000m   43.5026u 
  800.00000m   52.1432u 
  850.00000m   61.2541u 
  900.00000m   70.7703u 
  950.00000m   80.6297u 
    1.00000    90.7729u 
y
 vth0_value= 264.5395m
 u0_param=  47.8416m
 ags_param= 422.4536m
 
   *** monte carlo  index = 685 ***
x

 volt         param     
             i_d_0.9    
    0.        136.1144p 
   50.00000m  695.3006p 
  100.00000m    3.4398n 
  150.00000m   15.9158n 
  200.00000m   66.4532n 
  250.00000m  245.4138n 
  300.00000m  787.2178n 
  350.00000m    2.1017u 
  400.00000m    4.5715u 
  450.00000m    8.3206u 
  500.00000m   13.2590u 
  550.00000m   19.2363u 
  600.00000m   26.1171u 
  650.00000m   33.7913u 
  700.00000m   42.1663u 
  750.00000m   51.1593u 
  800.00000m   60.6940u 
  850.00000m   70.6984u 
  900.00000m   81.1041u 
  950.00000m   91.8461u 
    1.00000   102.8617u 
y
 vth0_value= 240.5448m
 u0_param=  50.7621m
 ags_param= 412.9530m
 
   *** monte carlo  index = 686 ***
x

 volt         param     
             i_d_0.9    
    0.        124.5983p 
   50.00000m  637.0807p 
  100.00000m    3.1609n 
  150.00000m   14.7010n 
  200.00000m   61.8123n 
  250.00000m  230.0357n 
  300.00000m  744.9214n 
  350.00000m    2.0129u 
  400.00000m    4.4306u 
  450.00000m    8.1396u 
  500.00000m   13.0567u 
  550.00000m   19.0300u 
  600.00000m   25.9210u 
  650.00000m   33.6168u 
  700.00000m   42.0230u 
  750.00000m   51.0557u 
  800.00000m   60.6374u 
  850.00000m   70.6955u 
  900.00000m   81.1610u 
  950.00000m   91.9681u 
    1.00000   103.0538u 
y
 vth0_value= 243.5825m
 u0_param=  51.3496m
 ags_param= 424.0816m
 
   *** monte carlo  index = 687 ***
x

 volt         param     
             i_d_0.9    
    0.        104.4620p 
   50.00000m  534.3269p 
  100.00000m    2.6596n 
  150.00000m   12.4431n 
  200.00000m   52.7575n 
  250.00000m  198.1971n 
  300.00000m  649.3702n 
  350.00000m    1.7814u 
  400.00000m    3.9809u 
  450.00000m    7.4034u 
  500.00000m   11.9825u 
  550.00000m   17.5767u 
  600.00000m   24.0539u 
  650.00000m   31.3064u 
  700.00000m   39.2440u 
  750.00000m   47.7867u 
  800.00000m   56.8609u 
  850.00000m   66.3969u 
  900.00000m   76.3289u 
  950.00000m   86.5939u 
    1.00000    97.1312u 
y
 vth0_value= 247.1969m
 u0_param=  48.6956m
 ags_param= 411.9696m
 
   *** monte carlo  index = 688 ***
x

 volt         param     
             i_d_0.9    
    0.         56.4452p 
   50.00000m  288.7711p 
  100.00000m    1.4570n 
  150.00000m    6.9993n 
  200.00000m   30.8570n 
  250.00000m  121.2202n 
  300.00000m  418.5171n 
  350.00000m    1.2301u 
  400.00000m    2.9580u 
  450.00000m    5.8467u 
  500.00000m    9.8927u 
  550.00000m   14.9702u 
  600.00000m   20.9438u 
  650.00000m   27.7011u 
  700.00000m   35.1494u 
  750.00000m   43.2087u 
  800.00000m   51.8058u 
  850.00000m   60.8722u 
  900.00000m   70.3432u 
  950.00000m   80.1569u 
    1.00000    90.2541u 
y
 vth0_value= 265.1161m
 u0_param=  47.6337m
 ags_param= 423.6502m
 
   *** monte carlo  index = 689 ***
x

 volt         param     
             i_d_0.9    
    0.        126.1279p 
   50.00000m  644.3592p 
  100.00000m    3.1914n 
  150.00000m   14.7973n 
  200.00000m   61.9619n 
  250.00000m  229.5828n 
  300.00000m  739.5462n 
  350.00000m    1.9851u 
  400.00000m    4.3407u 
  450.00000m    7.9344u 
  500.00000m   12.6838u 
  550.00000m   18.4447u 
  600.00000m   25.0862u 
  650.00000m   32.5020u 
  700.00000m   40.6023u 
  750.00000m   49.3071u 
  800.00000m   58.5423u 
  850.00000m   68.2380u 
  900.00000m   78.3279u 
  950.00000m   88.7484u 
    1.00000    99.4385u 
y
 vth0_value= 241.7619m
 u0_param=  49.0835m
 ags_param= 423.5898m
 
   *** monte carlo  index = 690 ***
x

 volt         param     
             i_d_0.9    
    0.        181.6531p 
   50.00000m  924.9467p 
  100.00000m    4.5349n 
  150.00000m   20.6591n 
  200.00000m   84.5057n 
  250.00000m  305.1352n 
  300.00000m  951.2682n 
  350.00000m    2.4512u 
  400.00000m    5.1547u 
  450.00000m    9.1395u 
  500.00000m   14.2957u 
  550.00000m   20.4726u 
  600.00000m   27.5391u 
  650.00000m   35.3885u 
  700.00000m   43.9299u 
  750.00000m   53.0816u 
  800.00000m   62.7675u 
  850.00000m   72.9158u 
  900.00000m   83.4582u 
  950.00000m   94.3296u 
    1.00000   105.4671u 
y
 vth0_value= 231.8264m
 u0_param=  50.7503m
 ags_param= 415.1682m
 
   *** monte carlo  index = 691 ***
x

 volt         param     
             i_d_0.9    
    0.         59.1860p 
   50.00000m  303.0038p 
  100.00000m    1.5288n 
  150.00000m    7.3431n 
  200.00000m   32.3619n 
  250.00000m  127.0685n 
  300.00000m  438.3919n 
  350.00000m    1.2872u 
  400.00000m    3.0917u 
  450.00000m    6.1043u 
  500.00000m   10.3190u 
  550.00000m   15.6030u 
  600.00000m   21.8146u 
  650.00000m   28.8360u 
  700.00000m   36.5708u 
  750.00000m   44.9352u 
  800.00000m   53.8534u 
  850.00000m   63.2541u 
  900.00000m   73.0703u 
  950.00000m   83.2382u 
    1.00000    93.6966u 
y
 vth0_value= 264.9707m
 u0_param=  49.5937m
 ags_param= 419.8952m
 
   *** monte carlo  index = 692 ***
x

 volt         param     
             i_d_0.9    
    0.         73.6175p 
   50.00000m  377.0775p 
  100.00000m    1.8941n 
  150.00000m    9.0160n 
  200.00000m   39.1929n 
  250.00000m  151.4427n 
  300.00000m  512.9741n 
  350.00000m    1.4700u 
  400.00000m    3.4376u 
  450.00000m    6.6354u 
  500.00000m   11.0316u 
  550.00000m   16.4871u 
  600.00000m   22.8617u 
  650.00000m   30.0400u 
  700.00000m   37.9268u 
  750.00000m   46.4392u 
  800.00000m   55.5011u 
  850.00000m   65.0414u 
  900.00000m   74.9928u 
  950.00000m   85.2912u 
    1.00000    95.8752u 
y
 vth0_value= 258.4904m
 u0_param=  49.7947m
 ags_param= 413.6202m
 
   *** monte carlo  index = 693 ***
x

 volt         param     
             i_d_0.9    
    0.        139.3863p 
   50.00000m  711.9734p 
  100.00000m    3.5209n 
  150.00000m   16.2799n 
  200.00000m   67.9084n 
  250.00000m  250.5155n 
  300.00000m  802.4669n 
  350.00000m    2.1386u 
  400.00000m    4.6438u 
  450.00000m    8.4404u 
  500.00000m   13.4361u 
  550.00000m   19.4786u 
  600.00000m   26.4312u 
  650.00000m   34.1827u 
  700.00000m   42.6395u 
  750.00000m   51.7184u 
  800.00000m   61.3420u 
  850.00000m   71.4379u 
  900.00000m   81.9372u 
  950.00000m   92.7743u 
    1.00000   103.8861u 
y
 vth0_value= 240.1423m
 u0_param=  51.2604m
 ags_param= 409.0844m
 
   *** monte carlo  index = 694 ***
x

 volt         param     
             i_d_0.9    
    0.        443.4916p 
   50.00000m    2.2239n 
  100.00000m   10.5490n 
  150.00000m   45.6170n 
  200.00000m  175.2047n 
  250.00000m  589.3439n 
  300.00000m    1.6737u 
  350.00000m    3.8775u 
  400.00000m    7.4280u 
  450.00000m   12.2843u 
  500.00000m   18.2953u 
  550.00000m   25.3107u 
  600.00000m   33.2069u 
  650.00000m   41.8814u 
  700.00000m   51.2438u 
  750.00000m   61.2113u 
  800.00000m   71.7060u 
  850.00000m   82.6541u 
  900.00000m   93.9851u 
  950.00000m  105.6317u 
    1.00000   117.5283u 
y
 vth0_value= 206.0771m
 u0_param=  52.7666m
 ags_param= 448.8847m
 
   *** monte carlo  index = 695 ***
x

 volt         param     
             i_d_0.9    
    0.         70.1638p 
   50.00000m  359.1541p 
  100.00000m    1.8037n 
  150.00000m    8.5845n 
  200.00000m   37.3110n 
  250.00000m  144.1628n 
  300.00000m  488.3745n 
  350.00000m    1.3998u 
  400.00000m    3.2744u 
  450.00000m    6.3225u 
  500.00000m   10.5158u 
  550.00000m   15.7233u 
  600.00000m   21.8125u 
  650.00000m   28.6742u 
  700.00000m   36.2181u 
  750.00000m   44.3653u 
  800.00000m   53.0432u 
  850.00000m   62.1838u 
  900.00000m   71.7225u 
  950.00000m   81.5978u 
    1.00000    91.7505u 
y
 vth0_value= 258.3882m
 u0_param=  47.4389m
 ags_param= 422.4655m
 
   *** monte carlo  index = 696 ***
x

 volt         param     
             i_d_0.9    
    0.         33.4127p 
   50.00000m  169.8810p 
  100.00000m  864.2812p 
  150.00000m    4.2321n 
  200.00000m   19.2415n 
  250.00000m   78.5109n 
  300.00000m  282.7351n 
  350.00000m  878.3507n 
  400.00000m    2.2532u 
  450.00000m    4.7178u 
  500.00000m    8.3358u 
  550.00000m   13.0049u 
  600.00000m   18.5885u 
  650.00000m   24.9686u 
  700.00000m   32.0493u 
  750.00000m   39.7490u 
  800.00000m   47.9945u 
  850.00000m   56.7175u 
  900.00000m   65.8537u 
  950.00000m   75.3421u 
    1.00000    85.1243u 
y
 vth0_value= 280.7463m
 u0_param=  47.0896m
 ags_param= 422.7732m
 
   *** monte carlo  index = 697 ***
x

 volt         param     
             i_d_0.9    
    0.         46.5691p 
   50.00000m  237.9759p 
  100.00000m    1.2056n 
  150.00000m    5.8417n 
  200.00000m   26.1039n 
  250.00000m  104.2233n 
  300.00000m  366.3948n 
  350.00000m    1.1029u 
  400.00000m    2.7251u 
  450.00000m    5.5153u 
  500.00000m    9.4968u 
  550.00000m   14.5476u 
  600.00000m   20.5264u 
  650.00000m   27.3144u 
  700.00000m   34.8148u 
  750.00000m   42.9441u 
  800.00000m   51.6270u 
  850.00000m   60.7931u 
  900.00000m   70.3763u 
  950.00000m   80.3134u 
    1.00000    90.5441u 
y
 vth0_value= 271.7775m
 u0_param=  48.8573m
 ags_param= 425.9434m
 
   *** monte carlo  index = 698 ***
x

 volt         param     
             i_d_0.9    
    0.         41.7702p 
   50.00000m  213.2122p 
  100.00000m    1.0822n 
  150.00000m    5.2669n 
  200.00000m   23.7015n 
  250.00000m   95.4545n 
  300.00000m  338.7920n 
  350.00000m    1.0327u 
  400.00000m    2.5893u 
  450.00000m    5.3094u 
  500.00000m    9.2321u 
  550.00000m   14.2393u 
  600.00000m   20.1875u 
  650.00000m   26.9550u 
  700.00000m   34.4429u 
  750.00000m   42.5664u 
  800.00000m   51.2493u 
  850.00000m   60.4206u 
  900.00000m   70.0135u 
  950.00000m   79.9646u 
    1.00000    90.2132u 
y
 vth0_value= 275.3617m
 u0_param=  49.2688m
 ags_param= 408.9144m
 
   *** monte carlo  index = 699 ***
x

 volt         param     
             i_d_0.9    
    0.        108.8655p 
   50.00000m  556.9074p 
  100.00000m    2.7708n 
  150.00000m   12.9526n 
  200.00000m   54.8515n 
  250.00000m  205.7728n 
  300.00000m  672.9837n 
  350.00000m    1.8419u 
  400.00000m    4.1062u 
  450.00000m    7.6216u 
  500.00000m   12.3175u 
  550.00000m   18.0482u 
  600.00000m   24.6784u 
  650.00000m   32.0979u 
  700.00000m   40.2146u 
  750.00000m   48.9466u 
  800.00000m   58.2186u 
  850.00000m   67.9597u 
  900.00000m   78.1026u 
  950.00000m   88.5833u 
    1.00000    99.3400u 
y
 vth0_value= 246.6809m
 u0_param=  49.8142m
 ags_param= 420.9032m
 
   *** monte carlo  index = 700 ***
x

 volt         param     
             i_d_0.9    
    0.         51.2054p 
   50.00000m  261.9148p 
  100.00000m    1.3250n 
  150.00000m    6.4001n 
  200.00000m   28.4557n 
  250.00000m  112.9157n 
  300.00000m  394.2184n 
  350.00000m    1.1758u 
  400.00000m    2.8749u 
  450.00000m    5.7645u 
  500.00000m    9.8566u 
  550.00000m   15.0241u 
  600.00000m   21.1242u 
  650.00000m   28.0377u 
  700.00000m   35.6671u 
  750.00000m   43.9285u 
  800.00000m   52.7457u 
  850.00000m   62.0478u 
  900.00000m   71.7678u 
  950.00000m   81.8419u 
    1.00000    92.2095u 
y
 vth0_value= 269.2690m
 u0_param=  49.4392m
 ags_param= 414.5169m
 
   *** monte carlo  index = 701 ***
x

 volt         param     
             i_d_0.9    
    0.        236.3250p 
   50.00000m    1.1983n 
  100.00000m    5.8183n 
  150.00000m   26.0832n 
  200.00000m  104.5569n 
  250.00000m  369.2514n 
  300.00000m    1.1185u 
  350.00000m    2.7844u 
  400.00000m    5.6749u 
  450.00000m    9.8261u 
  500.00000m   15.1158u 
  550.00000m   21.3972u 
  600.00000m   28.5458u 
  650.00000m   36.4596u 
  700.00000m   45.0508u 
  750.00000m   54.2393u 
  800.00000m   63.9506u 
  850.00000m   74.1139u 
  900.00000m   84.6618u 
  950.00000m   95.5297u 
    1.00000   106.6551u 
y
 vth0_value= 223.3920m
 u0_param=  49.9928m
 ags_param= 442.9677m
 
   *** monte carlo  index = 702 ***
x

 volt         param     
             i_d_0.9    
    0.         89.6298p 
   50.00000m  459.0306p 
  100.00000m    2.2961n 
  150.00000m   10.8409n 
  200.00000m   46.5624n 
  250.00000m  177.4594n 
  300.00000m  591.4601n 
  350.00000m    1.6591u 
  400.00000m    3.7932u 
  450.00000m    7.1857u 
  500.00000m   11.7843u 
  550.00000m   17.4436u 
  600.00000m   24.0233u 
  650.00000m   31.4088u 
  700.00000m   39.5049u 
  750.00000m   48.2280u 
  800.00000m   57.5015u 
  850.00000m   67.2533u 
  900.00000m   77.4154u 
  950.00000m   87.9231u 
    1.00000    98.7142u 
y
 vth0_value= 252.9942m
 u0_param=  50.5040m
 ags_param= 411.5903m
 
   *** monte carlo  index = 703 ***
x

 volt         param     
             i_d_0.9    
    0.        130.0000p 
   50.00000m  663.9915p 
  100.00000m    3.2860n 
  150.00000m   15.2140n 
  200.00000m   63.5828n 
  250.00000m  235.0815n 
  300.00000m  755.2289n 
  350.00000m    2.0202u 
  400.00000m    4.4030u 
  450.00000m    8.0270u 
  500.00000m   12.8076u 
  550.00000m   18.6001u 
  600.00000m   25.2737u 
  650.00000m   32.7221u 
  700.00000m   40.8555u 
  750.00000m   49.5937u 
  800.00000m   58.8626u 
  850.00000m   68.5922u 
  900.00000m   78.7159u 
  950.00000m   89.1702u 
    1.00000    99.8939u 
y
 vth0_value= 240.9210m
 u0_param=  49.1930m
 ags_param= 426.8074m
 
   *** monte carlo  index = 704 ***
x

 volt         param     
             i_d_0.9    
    0.        103.2982p 
   50.00000m  528.3167p 
  100.00000m    2.6296n 
  150.00000m   12.3022n 
  200.00000m   52.1583n 
  250.00000m  195.9458n 
  300.00000m  642.0182n 
  350.00000m    1.7613u 
  400.00000m    3.9363u 
  450.00000m    7.3212u 
  500.00000m   11.8507u 
  550.00000m   17.3853u 
  600.00000m   23.7945u 
  650.00000m   30.9721u 
  700.00000m   38.8290u 
  750.00000m   47.2861u 
  800.00000m   56.2705u 
  850.00000m   65.7133u 
  900.00000m   75.5493u 
  950.00000m   85.7160u 
    1.00000    96.1533u 
y
 vth0_value= 247.1734m
 u0_param=  48.1516m
 ags_param= 416.1673m
 
   *** monte carlo  index = 705 ***
x

 volt         param     
             i_d_0.9    
    0.         45.8210p 
   50.00000m  234.1196p 
  100.00000m    1.1864n 
  150.00000m    5.7527n 
  200.00000m   25.7342n 
  250.00000m  102.8829n 
  300.00000m  362.2109n 
  350.00000m    1.0924u 
  400.00000m    2.7051u 
  450.00000m    5.4856u 
  500.00000m    9.4594u 
  550.00000m   14.5048u 
  600.00000m   20.4803u 
  650.00000m   27.2664u 
  700.00000m   34.7658u 
  750.00000m   42.8949u 
  800.00000m   51.5783u 
  850.00000m   60.7453u 
  900.00000m   70.3297u 
  950.00000m   80.2684u 
    1.00000    90.5009u 
y
 vth0_value= 272.3249m
 u0_param=  48.9399m
 ags_param= 411.4679m
 
   *** monte carlo  index = 706 ***
x

 volt         param     
             i_d_0.9    
    0.         49.9874p 
   50.00000m  255.5251p 
  100.00000m    1.2921n 
  150.00000m    6.2365n 
  200.00000m   27.6979n 
  250.00000m  109.7734n 
  300.00000m  382.7769n 
  350.00000m    1.1399u 
  400.00000m    2.7822u 
  450.00000m    5.5704u 
  500.00000m    9.5153u 
  550.00000m   14.4956u 
  600.00000m   20.3751u 
  650.00000m   27.0400u 
  700.00000m   34.3972u 
  750.00000m   42.3661u 
  800.00000m   50.8736u 
  850.00000m   59.8512u 
  900.00000m   69.2344u 
  950.00000m   78.9614u 
    1.00000    88.9735u 
y
 vth0_value= 268.7133m
 u0_param=  47.4929m
 ags_param= 398.2687m
 
   *** monte carlo  index = 707 ***
x

 volt         param     
             i_d_0.9    
    0.         97.7484p 
   50.00000m  500.2375p 
  100.00000m    2.4949n 
  150.00000m   11.7161n 
  200.00000m   49.9347n 
  250.00000m  188.6812n 
  300.00000m  622.5032n 
  350.00000m    1.7232u 
  400.00000m    3.8861u 
  450.00000m    7.2806u 
  500.00000m   11.8458u 
  550.00000m   17.4394u 
  600.00000m   23.9268u 
  650.00000m   31.1981u 
  700.00000m   39.1617u 
  750.00000m   47.7367u 
  800.00000m   56.8483u 
  850.00000m   66.4266u 
  900.00000m   76.4048u 
  950.00000m   86.7197u 
    1.00000    97.3102u 
y
 vth0_value= 249.5150m
 u0_param=  49.1699m
 ags_param= 404.3694m
 
   *** monte carlo  index = 708 ***
x

 volt         param     
             i_d_0.9    
    0.        181.2275p 
   50.00000m  922.7034p 
  100.00000m    4.5232n 
  150.00000m   20.6017n 
  200.00000m   84.2483n 
  250.00000m  304.1238n 
  300.00000m  947.8056n 
  350.00000m    2.4413u 
  400.00000m    5.1321u 
  450.00000m    9.0973u 
  500.00000m   14.2276u 
  550.00000m   20.3735u 
  600.00000m   27.4048u 
  650.00000m   35.2157u 
  700.00000m   43.7159u 
  750.00000m   52.8241u 
  800.00000m   62.4646u 
  850.00000m   72.5661u 
  900.00000m   83.0606u 
  950.00000m   93.8832u 
    1.00000   104.9713u 
y
 vth0_value= 231.7066m
 u0_param=  50.4513m
 ags_param= 426.2061m
 
   *** monte carlo  index = 709 ***
x

 volt         param     
             i_d_0.9    
    0.         61.1137p 
   50.00000m  312.9148p 
  100.00000m    1.5778n 
  150.00000m    7.5689n 
  200.00000m   33.2909n 
  250.00000m  130.4100n 
  300.00000m  448.7236n 
  350.00000m    1.3129u 
  400.00000m    3.1410u 
  450.00000m    6.1808u 
  500.00000m   10.4220u 
  550.00000m   15.7312u 
  600.00000m   21.9665u 
  650.00000m   29.0106u 
  700.00000m   36.7671u 
  750.00000m   45.1525u 
  800.00000m   54.0908u 
  850.00000m   63.5108u 
  900.00000m   73.3455u 
  950.00000m   83.5309u 
    1.00000    94.0060u 
y
 vth0_value= 264.0198m
 u0_param=  49.6265m
 ags_param= 413.0031m
 
   *** monte carlo  index = 710 ***
x

 volt         param     
             i_d_0.9    
    0.        102.8162p 
   50.00000m  526.0791p 
  100.00000m    2.6208n 
  150.00000m   12.2808n 
  200.00000m   52.1824n 
  250.00000m  196.5022n 
  300.00000m  645.6363n 
  350.00000m    1.7777u 
  400.00000m    3.9871u 
  450.00000m    7.4368u 
  500.00000m   12.0615u 
  550.00000m   17.7173u 
  600.00000m   24.2695u 
  650.00000m   31.6082u 
  700.00000m   39.6416u 
  750.00000m   48.2883u 
  800.00000m   57.4736u 
  850.00000m   67.1268u 
  900.00000m   77.1813u 
  950.00000m   87.5732u 
    1.00000    98.2413u 
y
 vth0_value= 248.1660m
 u0_param=  49.4420m
 ags_param= 424.0580m
 
   *** monte carlo  index = 711 ***
x

 volt         param     
             i_d_0.9    
    0.        146.2503p 
   50.00000m  746.2970p 
  100.00000m    3.6817n 
  150.00000m   16.9526n 
  200.00000m   70.3236n 
  250.00000m  257.8769n 
  300.00000m  819.9490n 
  350.00000m    2.1650u 
  400.00000m    4.6592u 
  450.00000m    8.4101u 
  500.00000m   13.3238u 
  550.00000m   19.2530u 
  600.00000m   26.0667u 
  650.00000m   33.6584u 
  700.00000m   41.9377u 
  750.00000m   50.8240u 
  800.00000m   60.2424u 
  850.00000m   70.1221u 
  900.00000m   80.3960u 
  950.00000m   91.0000u 
    1.00000   101.8722u 
y
 vth0_value= 237.7406m
 u0_param=  49.7688m
 ags_param= 418.1171m
 
   *** monte carlo  index = 712 ***
x

 volt         param     
             i_d_0.9    
    0.         86.0199p 
   50.00000m  440.5550p 
  100.00000m    2.2055n 
  150.00000m   10.4291n 
  200.00000m   44.8960n 
  250.00000m  171.5535n 
  300.00000m  573.5506n 
  350.00000m    1.6155u 
  400.00000m    3.7093u 
  450.00000m    7.0516u 
  500.00000m   11.5942u 
  550.00000m   17.1939u 
  600.00000m   23.7109u 
  650.00000m   31.0310u 
  700.00000m   39.0596u 
  750.00000m   47.7134u 
  800.00000m   56.9162u 
  850.00000m   66.5966u 
  900.00000m   76.6868u 
  950.00000m   87.1223u 
    1.00000    97.8415u 
y
 vth0_value= 254.0195m
 u0_param=  50.1640m
 ags_param= 423.6894m
 
   *** monte carlo  index = 713 ***
x

 volt         param     
             i_d_0.9    
    0.        173.8851p 
   50.00000m  885.7889p 
  100.00000m    4.3482n 
  150.00000m   19.8503n 
  200.00000m   81.4183n 
  250.00000m  294.8717n 
  300.00000m  922.8421n 
  350.00000m    2.3892u 
  400.00000m    5.0469u 
  450.00000m    8.9792u 
  500.00000m   14.0797u 
  550.00000m   20.1985u 
  600.00000m   27.2050u 
  650.00000m   34.9928u 
  700.00000m   43.4714u 
  750.00000m   52.5593u 
  800.00000m   62.1809u 
  850.00000m   72.2647u 
  900.00000m   82.7428u 
  950.00000m   93.5502u 
    1.00000   104.6244u 
y
 vth0_value= 232.9622m
 u0_param=  50.4621m
 ags_param= 430.1111m
 
   *** monte carlo  index = 714 ***
x

 volt         param     
             i_d_0.9    
    0.         90.3399p 
   50.00000m  462.5579p 
  100.00000m    2.3124n 
  150.00000m   10.9058n 
  200.00000m   46.7689n 
  250.00000m  177.9431n 
  300.00000m  591.9093n 
  350.00000m    1.6561u 
  400.00000m    3.7764u 
  450.00000m    7.1386u 
  500.00000m   11.6896u 
  550.00000m   17.2863u 
  600.00000m   23.7911u 
  650.00000m   31.0914u 
  700.00000m   39.0938u 
  750.00000m   47.7160u 
  800.00000m   56.8823u 
  850.00000m   66.5219u 
  900.00000m   76.5674u 
  950.00000m   86.9549u 
    1.00000    97.6228u 
y
 vth0_value= 252.2867m
 u0_param=  49.7713m
 ags_param= 415.7406m
 
   *** monte carlo  index = 715 ***
x

 volt         param     
             i_d_0.9    
    0.        153.5517p 
   50.00000m  783.5089p 
  100.00000m    3.8629n 
  150.00000m   17.7666n 
  200.00000m   73.5854n 
  250.00000m  269.3548n 
  300.00000m  854.4468n 
  350.00000m    2.2495u 
  400.00000m    4.8273u 
  450.00000m    8.6938u 
  500.00000m   13.7499u 
  550.00000m   19.8437u 
  600.00000m   26.8408u 
  650.00000m   34.6318u 
  700.00000m   43.1242u 
  750.00000m   52.2352u 
  800.00000m   61.8881u 
  850.00000m   72.0107u 
  900.00000m   82.5343u 
  950.00000m   93.3935u 
    1.00000   104.5252u 
y
 vth0_value= 237.1003m
 u0_param=  51.0678m
 ags_param= 437.2181m
 
   *** monte carlo  index = 716 ***
x

 volt         param     
             i_d_0.9    
    0.         59.6473p 
   50.00000m  305.3545p 
  100.00000m    1.5402n 
  150.00000m    7.3938n 
  200.00000m   32.5569n 
  250.00000m  127.7049n 
  300.00000m  440.0923n 
  350.00000m    1.2903u 
  400.00000m    3.0940u 
  450.00000m    6.1002u 
  500.00000m   10.3015u 
  550.00000m   15.5657u 
  600.00000m   21.7521u 
  650.00000m   28.7437u 
  700.00000m   36.4450u 
  750.00000m   44.7727u 
  800.00000m   53.6513u 
  850.00000m   63.0101u 
  900.00000m   72.7823u 
  950.00000m   82.9044u 
    1.00000    93.3155u 
y
 vth0_value= 264.5516m
 u0_param=  49.3104m
 ags_param= 416.3841m
 
   *** monte carlo  index = 717 ***
x

 volt         param     
             i_d_0.9    
    0.         63.6925p 
   50.00000m  326.1894p 
  100.00000m    1.6437n 
  150.00000m    7.8737n 
  200.00000m   34.5567n 
  250.00000m  135.0223n 
  300.00000m  463.2301n 
  350.00000m    1.3500u 
  400.00000m    3.2159u 
  450.00000m    6.3048u 
  500.00000m   10.6019u 
  550.00000m   15.9715u 
  600.00000m   22.2709u 
  650.00000m   29.3825u 
  700.00000m   37.2094u 
  750.00000m   45.6676u 
  800.00000m   54.6807u 
  850.00000m   64.1772u 
  900.00000m   74.0894u 
  950.00000m   84.3532u 
    1.00000    94.9071u 
y
 vth0_value= 262.9914m
 u0_param=  49.9752m
 ags_param= 414.6219m
 
   *** monte carlo  index = 718 ***
x

 volt         param     
             i_d_0.9    
    0.        149.9253p 
   50.00000m  765.0773p 
  100.00000m    3.7736n 
  150.00000m   17.3693n 
  200.00000m   72.0138n 
  250.00000m  263.9065n 
  300.00000m  838.4031n 
  350.00000m    2.2113u 
  400.00000m    4.7539u 
  450.00000m    8.5736u 
  500.00000m   13.5736u 
  550.00000m   19.6037u 
  600.00000m   26.5304u 
  650.00000m   34.2454u 
  700.00000m   42.6568u 
  750.00000m   51.6825u 
  800.00000m   61.2465u 
  850.00000m   71.2771u 
  900.00000m   81.7061u 
  950.00000m   92.4686u 
    1.00000   103.5019u 
y
 vth0_value= 237.5301m
 u0_param=  50.6075m
 ags_param= 421.7664m
 
   *** monte carlo  index = 719 ***
x

 volt         param     
             i_d_0.9    
    0.        134.7080p 
   50.00000m  687.9697p 
  100.00000m    3.4025n 
  150.00000m   15.7361n 
  200.00000m   65.6635n 
  250.00000m  242.3530n 
  300.00000m  776.8711n 
  350.00000m    2.0723u 
  400.00000m    4.5040u 
  450.00000m    8.1931u 
  500.00000m   13.0515u 
  550.00000m   18.9320u 
  600.00000m   25.7023u 
  650.00000m   33.2546u 
  700.00000m   41.4979u 
  750.00000m   50.3513u 
  800.00000m   59.7396u 
  850.00000m   69.5920u 
  900.00000m   79.8412u 
  950.00000m   90.4230u 
    1.00000   101.2757u 
y
 vth0_value= 240.2700m
 u0_param=  49.8430m
 ags_param= 422.5265m
 
   *** monte carlo  index = 720 ***
x

 volt         param     
             i_d_0.9    
    0.         80.1175p 
   50.00000m  410.2864p 
  100.00000m    2.0564n 
  150.00000m    9.7471n 
  200.00000m   42.1066n 
  250.00000m  161.5414n 
  300.00000m  542.6637n 
  350.00000m    1.5381u 
  400.00000m    3.5553u 
  450.00000m    6.7964u 
  500.00000m   11.2204u 
  550.00000m   16.6879u 
  600.00000m   23.0614u 
  650.00000m   30.2283u 
  700.00000m   38.0952u 
  750.00000m   46.5804u 
  800.00000m   55.6087u 
  850.00000m   65.1097u 
  900.00000m   75.0169u 
  950.00000m   85.2665u 
    1.00000    95.7978u 
y
 vth0_value= 255.5962m
 u0_param=  49.2778m
 ags_param= 417.8618m
 
   *** monte carlo  index = 721 ***
x

 volt         param     
             i_d_0.9    
    0.         45.1034p 
   50.00000m  230.3721p 
  100.00000m    1.1673n 
  150.00000m    5.6591n 
  200.00000m   25.3109n 
  250.00000m  101.1716n 
  300.00000m  356.1356n 
  350.00000m    1.0739u 
  400.00000m    2.6589u 
  450.00000m    5.3913u 
  500.00000m    9.2965u 
  550.00000m   14.2557u 
  600.00000m   20.1301u 
  650.00000m   26.8029u 
  700.00000m   34.1788u 
  750.00000m   42.1757u 
  800.00000m   50.7193u 
  850.00000m   59.7405u 
  900.00000m   69.1739u 
  950.00000m   78.9572u 
    1.00000    89.0311u 
y
 vth0_value= 272.2241m
 u0_param=  48.0593m
 ags_param= 413.7590m
 
   *** monte carlo  index = 722 ***
x

 volt         param     
             i_d_0.9    
    0.        510.3307p 
   50.00000m    2.5489n 
  100.00000m   11.9999n 
  150.00000m   51.3287n 
  200.00000m  194.7356n 
  250.00000m  645.6727n 
  300.00000m    1.7993u 
  350.00000m    4.0870u 
  400.00000m    7.7036u 
  450.00000m   12.5923u 
  500.00000m   18.6031u 
  550.00000m   25.5914u 
  600.00000m   33.4390u 
  650.00000m   42.0467u 
  700.00000m   51.3269u 
  750.00000m   61.1987u 
  800.00000m   71.5857u 
  850.00000m   82.4154u 
  900.00000m   93.6186u 
  950.00000m  105.1287u 
    1.00000   116.8812u 
y
 vth0_value= 201.1228m
 u0_param=  51.6613m
 ags_param= 438.6950m
 
   *** monte carlo  index = 723 ***
x

 volt         param     
             i_d_0.9    
    0.        155.2638p 
   50.00000m  791.8563p 
  100.00000m    3.9000n 
  150.00000m   17.9053n 
  200.00000m   73.9890n 
  250.00000m  270.1661n 
  300.00000m  854.4056n 
  350.00000m    2.2408u 
  400.00000m    4.7915u 
  450.00000m    8.6057u 
  500.00000m   13.5850u 
  550.00000m   19.5811u 
  600.00000m   26.4632u 
  650.00000m   34.1248u 
  700.00000m   42.4754u 
  750.00000m   51.4340u 
  800.00000m   60.9255u 
  850.00000m   70.8790u 
  900.00000m   81.2269u 
  950.00000m   91.9047u 
    1.00000   102.8506u 
y
 vth0_value= 236.0992m
 u0_param=  50.0223m
 ags_param= 425.5088m
 
   *** monte carlo  index = 724 ***
x

 volt         param     
             i_d_0.9    
    0.         65.2008p 
   50.00000m  333.8978p 
  100.00000m    1.6813n 
  150.00000m    8.0431n 
  200.00000m   35.2268n 
  250.00000m  137.3081n 
  300.00000m  469.7893n 
  350.00000m    1.3642u 
  400.00000m    3.2369u 
  450.00000m    6.3246u 
  500.00000m   10.6093u 
  550.00000m   15.9557u 
  600.00000m   22.2231u 
  650.00000m   29.2952u 
  700.00000m   37.0764u 
  750.00000m   45.4838u 
  800.00000m   54.4413u 
  850.00000m   63.8782u 
  900.00000m   73.7274u 
  950.00000m   83.9252u 
    1.00000    94.4104u 
y
 vth0_value= 261.9992m
 u0_param=  49.5358m
 ags_param= 408.7812m
 
   *** monte carlo  index = 725 ***
x

 volt         param     
             i_d_0.9    
    0.         42.3322p 
   50.00000m  216.1155p 
  100.00000m    1.0967n 
  150.00000m    5.3347n 
  200.00000m   23.9866n 
  250.00000m   96.5026n 
  300.00000m  342.1223n 
  350.00000m    1.0413u 
  400.00000m    2.6063u 
  450.00000m    5.3359u 
  500.00000m    9.2673u 
  550.00000m   14.2819u 
  600.00000m   20.2364u 
  650.00000m   27.0096u 
  700.00000m   34.5025u 
  750.00000m   42.6309u 
  800.00000m   51.3183u 
  850.00000m   60.4941u 
  900.00000m   70.0913u 
  950.00000m   80.0465u 
    1.00000    90.2992u 
y
 vth0_value= 274.9318m
 u0_param=  49.2350m
 ags_param= 419.6916m
 
   *** monte carlo  index = 726 ***
x

 volt         param     
             i_d_0.9    
    0.         33.7223p 
   50.00000m  171.5423p 
  100.00000m  873.2520p 
  150.00000m    4.2805n 
  200.00000m   19.4941n 
  250.00000m   79.7076n 
  300.00000m  287.6642n 
  350.00000m  896.0649n 
  400.00000m    2.3061u 
  450.00000m    4.8428u 
  500.00000m    8.5752u 
  550.00000m   13.3971u 
  600.00000m   19.1656u 
  650.00000m   25.7573u 
  700.00000m   33.0720u 
  750.00000m   41.0246u 
  800.00000m   49.5389u 
  850.00000m   58.5444u 
  900.00000m   67.9745u 
  950.00000m   77.7662u 
    1.00000    87.8593u 
y
 vth0_value= 281.6601m
 u0_param=  48.8833m
 ags_param= 416.4250m
 
   *** monte carlo  index = 727 ***
x

 volt         param     
             i_d_0.9    
    0.        130.4106p 
   50.00000m  666.2941p 
  100.00000m    3.2992n 
  150.00000m   15.2895n 
  200.00000m   63.9772n 
  250.00000m  236.8454n 
  300.00000m  762.0677n 
  350.00000m    2.0425u 
  400.00000m    4.4598u 
  450.00000m    8.1421u 
  500.00000m   13.0035u 
  550.00000m   18.8958u 
  600.00000m   25.6849u 
  650.00000m   33.2618u 
  700.00000m   41.5347u 
  750.00000m   50.4219u 
  800.00000m   59.8477u 
  850.00000m   69.7408u 
  900.00000m   80.0336u 
  950.00000m   90.6615u 
    1.00000   101.5624u 
y
 vth0_value= 241.4710m
 u0_param=  50.1884m
 ags_param= 424.2118m
 
   *** monte carlo  index = 728 ***
x

 volt         param     
             i_d_0.9    
    0.         49.6116p 
   50.00000m  253.6150p 
  100.00000m    1.2829n 
  150.00000m    6.1963n 
  200.00000m   27.5488n 
  250.00000m  109.3215n 
  300.00000m  381.7327n 
  350.00000m    1.1389u 
  400.00000m    2.7855u 
  450.00000m    5.5872u 
  500.00000m    9.5568u 
  550.00000m   14.5722u 
  600.00000m   20.4956u 
  650.00000m   27.2118u 
  700.00000m   34.6267u 
  750.00000m   42.6588u 
  800.00000m   51.2343u 
  850.00000m   60.2842u 
  900.00000m   69.7433u 
  950.00000m   79.5494u 
    1.00000    89.6433u 
y
 vth0_value= 269.2455m
 u0_param=  47.9428m
 ags_param= 414.3345m
 
   *** monte carlo  index = 729 ***
x

 volt         param     
             i_d_0.9    
    0.         92.3052p 
   50.00000m  472.5627p 
  100.00000m    2.3609n 
  150.00000m   11.1220n 
  200.00000m   47.6175n 
  250.00000m  180.8365n 
  300.00000m  600.2201n 
  350.00000m    1.6746u 
  400.00000m    3.8072u 
  450.00000m    7.1796u 
  500.00000m   11.7366u 
  550.00000m   17.3352u 
  600.00000m   23.8388u 
  650.00000m   31.1354u 
  700.00000m   39.1321u 
  750.00000m   47.7469u 
  800.00000m   56.9046u 
  850.00000m   66.5344u 
  900.00000m   76.5692u 
  950.00000m   86.9451u 
    1.00000    97.6008u 
y
 vth0_value= 251.5410m
 u0_param=  49.6235m
 ags_param= 426.7599m
 
   *** monte carlo  index = 730 ***
x

 volt         param     
             i_d_0.9    
    0.         58.5924p 
   50.00000m  299.9708p 
  100.00000m    1.5140n 
  150.00000m    7.2767n 
  200.00000m   32.1011n 
  250.00000m  126.1914n 
  300.00000m  435.9294n 
  350.00000m    1.2822u 
  400.00000m    3.0854u 
  450.00000m    6.1018u 
  500.00000m   10.3268u 
  550.00000m   15.6273u 
  600.00000m   21.8603u 
  650.00000m   28.9073u 
  700.00000m   36.6708u 
  750.00000m   45.0668u 
  800.00000m   54.0188u 
  850.00000m   63.4553u 
  900.00000m   73.3088u 
  950.00000m   83.5154u 
    1.00000    94.0136u 
y
 vth0_value= 265.4530m
 u0_param=  49.8678m
 ags_param= 411.3452m
 
   *** monte carlo  index = 731 ***
x

 volt         param     
             i_d_0.9    
    0.         57.9267p 
   50.00000m  296.4882p 
  100.00000m    1.4962n 
  150.00000m    7.1890n 
  200.00000m   31.7020n 
  250.00000m  124.5701n 
  300.00000m  430.1552n 
  350.00000m    1.2645u 
  400.00000m    3.0414u 
  450.00000m    6.0121u 
  500.00000m   10.1724u 
  550.00000m   15.3920u 
  600.00000m   21.5308u 
  650.00000m   28.4724u 
  700.00000m   36.1215u 
  750.00000m   44.3955u 
  800.00000m   53.2191u 
  850.00000m   62.5220u 
  900.00000m   72.2377u 
  950.00000m   82.3030u 
    1.00000    92.6573u 
y
 vth0_value= 265.2566m
 u0_param=  49.0298m
 ags_param= 427.7277m
 
   *** monte carlo  index = 732 ***
x

 volt         param     
             i_d_0.9    
    0.         30.2159p 
   50.00000m  153.3096p 
  100.00000m  780.9937p 
  150.00000m    3.8374n 
  200.00000m   17.5491n 
  250.00000m   72.1465n 
  300.00000m  261.9661n 
  350.00000m  822.4892n 
  400.00000m    2.1374u 
  450.00000m    4.5296u 
  500.00000m    8.0777u 
  550.00000m   12.6848u 
  600.00000m   18.2136u 
  650.00000m   24.5446u 
  700.00000m   31.5803u 
  750.00000m   39.2386u 
  800.00000m   47.4456u 
  850.00000m   56.1328u 
  900.00000m   65.2359u 
  950.00000m   74.6937u 
    1.00000    84.4475u 
y
 vth0_value= 283.9158m
 u0_param=  47.2026m
 ags_param= 408.0800m
 
   *** monte carlo  index = 733 ***
x

 volt         param     
             i_d_0.9    
    0.         63.4662p 
   50.00000m  324.8971p 
  100.00000m    1.6360n 
  150.00000m    7.8266n 
  200.00000m   34.2828n 
  250.00000m  133.6572n 
  300.00000m  457.4539n 
  350.00000m    1.3291u 
  400.00000m    3.1552u 
  450.00000m    6.1682u 
  500.00000m   10.3518u 
  550.00000m   15.5750u 
  600.00000m   21.7007u 
  650.00000m   28.6159u 
  700.00000m   36.2274u 
  750.00000m   44.4542u 
  800.00000m   53.2221u 
  850.00000m   62.4619u 
  900.00000m   72.1078u 
  950.00000m   82.0974u 
    1.00000    92.3706u 
y
 vth0_value= 262.0487m
 u0_param=  48.3647m
 ags_param= 419.2357m
 
   *** monte carlo  index = 734 ***
x

 volt         param     
             i_d_0.9    
    0.         31.8428p 
   50.00000m  161.7452p 
  100.00000m  823.4114p 
  150.00000m    4.0386n 
  200.00000m   18.4129n 
  250.00000m   75.3989n 
  300.00000m  272.5934n 
  350.00000m  851.1251n 
  400.00000m    2.1968u 
  450.00000m    4.6260u 
  500.00000m    8.2094u 
  550.00000m   12.8472u 
  600.00000m   18.4025u 
  650.00000m   24.7567u 
  700.00000m   31.8132u 
  750.00000m   39.4902u 
  800.00000m   47.7141u 
  850.00000m   56.4167u 
  900.00000m   65.5337u 
  950.00000m   75.0038u 
    1.00000    84.7688u 
y
 vth0_value= 282.2475m
 u0_param=  47.1226m
 ags_param= 415.6261m
 
   *** monte carlo  index = 735 ***
x

 volt         param     
             i_d_0.9    
    0.         59.7572p 
   50.00000m  305.8810p 
  100.00000m    1.5424n 
  150.00000m    7.4004n 
  200.00000m   32.5598n 
  250.00000m  127.5972n 
  300.00000m  439.2756n 
  350.00000m    1.2862u 
  400.00000m    3.0796u 
  450.00000m    6.0644u 
  500.00000m   10.2321u 
  550.00000m   15.4519u 
  600.00000m   21.5850u 
  650.00000m   28.5160u 
  700.00000m   36.1505u 
  750.00000m   44.4063u 
  800.00000m   53.2085u 
  850.00000m   62.4873u 
  900.00000m   72.1764u 
  950.00000m   82.2128u 
    1.00000    92.5363u 
y
 vth0_value= 264.1575m
 u0_param=  48.7930m
 ags_param= 420.7084m
 
   *** monte carlo  index = 736 ***
x

 volt         param     
             i_d_0.9    
    0.        141.9316p 
   50.00000m  724.6047p 
  100.00000m    3.5792n 
  150.00000m   16.5156n 
  200.00000m   68.7060n 
  250.00000m  252.7250n 
  300.00000m  806.6696n 
  350.00000m    2.1402u 
  400.00000m    4.6273u 
  450.00000m    8.3827u 
  500.00000m   13.3139u 
  550.00000m   19.2719u 
  600.00000m   26.1237u 
  650.00000m   33.7612u 
  700.00000m   42.0927u 
  750.00000m   51.0367u 
  800.00000m   60.5175u 
  850.00000m   70.4638u 
  900.00000m   80.8078u 
  950.00000m   91.4849u 
    1.00000   102.4329u 
y
 vth0_value= 238.9667m
 u0_param=  50.2675m
 ags_param= 417.5774m
 
   *** monte carlo  index = 737 ***
x

 volt         param     
             i_d_0.9    
    0.        105.3533p 
   50.00000m  538.9536p 
  100.00000m    2.6829n 
  150.00000m   12.5544n 
  200.00000m   53.2417n 
  250.00000m  200.0604n 
  300.00000m  655.6278n 
  350.00000m    1.7991u 
  400.00000m    4.0216u 
  450.00000m    7.4808u 
  500.00000m   12.1092u 
  550.00000m   17.7635u 
  600.00000m   24.3100u 
  650.00000m   31.6395u 
  700.00000m   39.6607u 
  750.00000m   48.2928u 
  800.00000m   57.4613u 
  850.00000m   67.0959u 
  900.00000m   77.1300u 
  950.00000m   87.5000u 
    1.00000    98.1450u 
y
 vth0_value= 247.3051m
 u0_param=  49.2507m
 ags_param= 425.0932m
 
   *** monte carlo  index = 738 ***
x

 volt         param     
             i_d_0.9    
    0.        285.8276p 
   50.00000m    1.4454n 
  100.00000m    6.9751n 
  150.00000m   30.9634n 
  200.00000m  122.6356n 
  250.00000m  427.2948n 
  300.00000m    1.2714u 
  350.00000m    3.1005u 
  400.00000m    6.2048u 
  450.00000m   10.5969u 
  500.00000m   16.1432u 
  550.00000m   22.6936u 
  600.00000m   30.1221u 
  650.00000m   38.3254u 
  700.00000m   47.2140u 
  750.00000m   56.7062u 
  800.00000m   66.7256u 
  850.00000m   77.2001u 
  900.00000m   88.0608u 
  950.00000m   99.2416u 
    1.00000   110.6790u 
y
 vth0_value= 218.4881m
 u0_param=  51.3194m
 ags_param= 426.3785m
 
   *** monte carlo  index = 739 ***
x

 volt         param     
             i_d_0.9    
    0.        139.4555p 
   50.00000m  712.0497p 
  100.00000m    3.5186n 
  150.00000m   16.2487n 
  200.00000m   67.6652n 
  250.00000m  249.1796n 
  300.00000m  796.4942n 
  350.00000m    2.1171u 
  400.00000m    4.5852u 
  450.00000m    8.3180u 
  500.00000m   13.2241u 
  550.00000m   19.1555u 
  600.00000m   25.9792u 
  650.00000m   33.5871u 
  700.00000m   41.8881u 
  750.00000m   50.8007u 
  800.00000m   60.2493u 
  850.00000m   70.1628u 
  900.00000m   80.4737u 
  950.00000m   91.1175u 
    1.00000   102.0320u 
y
 vth0_value= 239.4034m
 u0_param=  50.1203m
 ags_param= 417.8917m
 
   *** monte carlo  index = 740 ***
x

 volt         param     
             i_d_0.9    
    0.         62.9613p 
   50.00000m  322.3511p 
  100.00000m    1.6239n 
  150.00000m    7.7753n 
  200.00000m   34.1020n 
  250.00000m  133.1480n 
  300.00000m  456.4557n 
  350.00000m    1.3290u 
  400.00000m    3.1625u 
  450.00000m    6.1947u 
  500.00000m   10.4111u 
  550.00000m   15.6791u 
  600.00000m   21.8597u 
  650.00000m   28.8380u 
  700.00000m   36.5195u 
  750.00000m   44.8222u 
  800.00000m   53.6710u 
  850.00000m   62.9959u 
  900.00000m   72.7305u 
  950.00000m   82.8117u 
    1.00000    93.1791u 
y
 vth0_value= 262.6621m
 u0_param=  48.9275m
 ags_param= 416.3755m
 
   *** monte carlo  index = 741 ***
x

 volt         param     
             i_d_0.9    
    0.        101.8321p 
   50.00000m  521.0681p 
  100.00000m    2.5965n 
  150.00000m   12.1722n 
  200.00000m   51.7533n 
  250.00000m  195.0229n 
  300.00000m  641.3159n 
  350.00000m    1.7677u 
  400.00000m    3.9691u 
  450.00000m    7.4099u 
  500.00000m   12.0253u 
  550.00000m   17.6719u 
  600.00000m   24.2147u 
  650.00000m   31.5438u 
  700.00000m   39.5671u 
  750.00000m   48.2035u 
  800.00000m   57.3780u 
  850.00000m   67.0203u 
  900.00000m   77.0634u 
  950.00000m   87.4437u 
    1.00000    98.0999u 
y
 vth0_value= 248.4446m
 u0_param=  49.4239m
 ags_param= 412.9649m
 
   *** monte carlo  index = 742 ***
x

 volt         param     
             i_d_0.9    
    0.         75.6454p 
   50.00000m  387.3693p 
  100.00000m    1.9437n 
  150.00000m    9.2333n 
  200.00000m   40.0173n 
  250.00000m  154.1026n 
  300.00000m  519.9619n 
  350.00000m    1.4824u 
  400.00000m    3.4478u 
  450.00000m    6.6250u 
  500.00000m   10.9788u 
  550.00000m   16.3722u 
  600.00000m   22.6682u 
  650.00000m   29.7545u 
  700.00000m   37.5381u 
  750.00000m   45.9377u 
  800.00000m   54.8786u 
  850.00000m   64.2908u 
  900.00000m   74.1082u 
  950.00000m   84.2676u 
    1.00000    94.7084u 
y
 vth0_value= 257.0910m
 u0_param=  48.9071m
 ags_param= 415.2604m
 
   *** monte carlo  index = 743 ***
x

 volt         param     
             i_d_0.9    
    0.         98.2623p 
   50.00000m  502.9957p 
  100.00000m    2.5097n 
  150.00000m   11.7938n 
  200.00000m   50.3148n 
  250.00000m  190.3144n 
  300.00000m  628.6307n 
  350.00000m    1.7428u 
  400.00000m    3.9364u 
  450.00000m    7.3837u 
  500.00000m   12.0233u 
  550.00000m   17.7097u 
  600.00000m   24.3053u 
  650.00000m   31.6978u 
  700.00000m   39.7935u 
  750.00000m   48.5099u 
  800.00000m   57.7709u 
  850.00000m   67.5054u 
  900.00000m   77.6456u 
  950.00000m   88.1272u 
    1.00000    98.8883u 
y
 vth0_value= 249.9613m
 u0_param=  50.1036m
 ags_param= 413.6320m
 
   *** monte carlo  index = 744 ***
x

 volt         param     
             i_d_0.9    
    0.        109.4338p 
   50.00000m  560.2234p 
  100.00000m    2.7910n 
  150.00000m   13.0773n 
  200.00000m   55.5551n 
  250.00000m  209.1157n 
  300.00000m  686.5892n 
  350.00000m    1.8886u 
  400.00000m    4.2314u 
  450.00000m    7.8845u 
  500.00000m   12.7755u 
  550.00000m   18.7504u 
  600.00000m   25.6651u 
  650.00000m   33.4025u 
  700.00000m   41.8651u 
  750.00000m   50.9668u 
  800.00000m   60.6285u 
  850.00000m   70.7762u 
  900.00000m   81.3397u 
  950.00000m   92.2524u 
    1.00000   103.4504u 
y
 vth0_value= 248.1154m
 u0_param=  52.3459m
 ags_param= 413.4276m
 
   *** monte carlo  index = 745 ***
x

 volt         param     
             i_d_0.9    
    0.        126.9984p 
   50.00000m  648.9115p 
  100.00000m    3.2146n 
  150.00000m   14.9107n 
  200.00000m   62.4667n 
  250.00000m  231.5653n 
  300.00000m  746.3457n 
  350.00000m    2.0047u 
  400.00000m    4.3866u 
  450.00000m    8.0221u 
  500.00000m   12.8278u 
  550.00000m   18.6570u 
  600.00000m   25.3770u 
  650.00000m   32.8794u 
  700.00000m   41.0734u 
  750.00000m   49.8777u 
  800.00000m   59.2173u 
  850.00000m   69.0215u 
  900.00000m   79.2232u 
  950.00000m   89.7582u 
    1.00000   100.5650u 
y
 vth0_value= 241.9811m
 u0_param=  49.7382m
 ags_param= 416.9521m
 
   *** monte carlo  index = 746 ***
x

 volt         param     
             i_d_0.9    
    0.         54.1864p 
   50.00000m  277.2463p 
  100.00000m    1.4009n 
  150.00000m    6.7494n 
  200.00000m   29.8892n 
  250.00000m  118.0384n 
  300.00000m  409.9111n 
  350.00000m    1.2141u 
  400.00000m    2.9446u 
  450.00000m    5.8633u 
  500.00000m    9.9739u 
  550.00000m   15.1482u 
  600.00000m   21.2452u 
  650.00000m   28.1475u 
  700.00000m   35.7591u 
  750.00000m   43.9969u 
  800.00000m   52.7854u 
  850.00000m   62.0542u 
  900.00000m   71.7369u 
  950.00000m   81.7700u 
    1.00000    92.0932u 
y
 vth0_value= 267.3059m
 u0_param=  49.0648m
 ags_param= 405.3150m
 
   *** monte carlo  index = 747 ***
x

 volt         param     
             i_d_0.9    
    0.         77.9949p 
   50.00000m  399.3343p 
  100.00000m    2.0018n 
  150.00000m    9.4917n 
  200.00000m   41.0256n 
  250.00000m  157.5005n 
  300.00000m  529.5434n 
  350.00000m    1.5027u 
  400.00000m    3.4777u 
  450.00000m    6.6551u 
  500.00000m   10.9962u 
  550.00000m   16.3650u 
  600.00000m   22.6266u 
  650.00000m   29.6705u 
  700.00000m   37.4052u 
  750.00000m   45.7501u 
  800.00000m   54.6316u 
  850.00000m   63.9804u 
  900.00000m   73.7307u 
  950.00000m   83.8199u 
    1.00000    94.1880u 
y
 vth0_value= 255.8365m
 u0_param=  48.4087m
 ags_param= 421.1167m
 
   *** monte carlo  index = 748 ***
x

 volt         param     
             i_d_0.9    
    0.        108.3181p 
   50.00000m  554.0574p 
  100.00000m    2.7563n 
  150.00000m   12.8830n 
  200.00000m   54.5451n 
  250.00000m  204.5804n 
  300.00000m  668.9318n 
  350.00000m    1.8303u 
  400.00000m    4.0792u 
  450.00000m    7.5699u 
  500.00000m   12.2324u 
  550.00000m   17.9225u 
  600.00000m   24.5061u 
  650.00000m   31.8740u 
  700.00000m   39.9347u 
  750.00000m   48.6072u 
  800.00000m   57.8167u 
  850.00000m   67.4927u 
  900.00000m   77.5685u 
  950.00000m   87.9803u 
    1.00000    98.6668u 
y
 vth0_value= 246.5820m
 u0_param=  49.4268m
 ags_param= 421.9813m
 
   *** monte carlo  index = 749 ***
x

 volt         param     
             i_d_0.9    
    0.         80.5666p 
   50.00000m  412.6171p 
  100.00000m    2.0681n 
  150.00000m    9.8032n 
  200.00000m   42.3511n 
  250.00000m  162.4866n 
  300.00000m  545.8554n 
  350.00000m    1.5472u 
  400.00000m    3.5765u 
  450.00000m    6.8370u 
  500.00000m   11.2874u 
  550.00000m   16.7872u 
  600.00000m   23.1981u 
  650.00000m   30.4066u 
  700.00000m   38.3188u 
  750.00000m   46.8524u 
  800.00000m   55.9319u 
  850.00000m   65.4864u 
  900.00000m   75.4490u 
  950.00000m   85.7557u 
    1.00000    96.3455u 
y
 vth0_value= 255.6232m
 u0_param=  49.5796m
 ags_param= 425.5886m
 
   *** monte carlo  index = 750 ***
x

 volt         param     
             i_d_0.9    
    0.        100.4287p 
   50.00000m  513.9133p 
  100.00000m    2.5616n 
  150.00000m   12.0160n 
  200.00000m   51.1324n 
  250.00000m  192.8653n 
  300.00000m  634.9485n 
  350.00000m    1.7527u 
  400.00000m    3.9416u 
  450.00000m    7.3676u 
  500.00000m   11.9673u 
  550.00000m   17.5978u 
  600.00000m   24.1241u 
  650.00000m   31.4362u 
  700.00000m   39.4424u 
  750.00000m   48.0613u 
  800.00000m   57.2183u 
  850.00000m   66.8429u 
  900.00000m   76.8685u 
  950.00000m   87.2313u 
    1.00000    97.8702u 
y
 vth0_value= 248.8172m
 u0_param=  49.3525m
 ags_param= 415.7932m
 
   *** monte carlo  index = 751 ***
x

 volt         param     
             i_d_0.9    
    0.         74.3508p 
   50.00000m  380.7969p 
  100.00000m    1.9120n 
  150.00000m    9.0942n 
  200.00000m   39.4882n 
  250.00000m  152.3870n 
  300.00000m  515.4177n 
  350.00000m    1.4741u 
  400.00000m    3.4403u 
  450.00000m    6.6291u 
  500.00000m   11.0078u 
  550.00000m   16.4380u 
  600.00000m   22.7807u 
  650.00000m   29.9220u 
  700.00000m   37.7674u 
  750.00000m   46.2347u 
  800.00000m   55.2484u 
  850.00000m   64.7378u 
  900.00000m   74.6360u 
  950.00000m   84.8794u 
    1.00000    95.4070u 
y
 vth0_value= 257.9595m
 u0_param=  49.4374m
 ags_param= 417.7283m
 
   *** monte carlo  index = 752 ***
x

 volt         param     
             i_d_0.9    
    0.         66.4358p 
   50.00000m  340.1198p 
  100.00000m    1.7108n 
  150.00000m    8.1677n 
  200.00000m   35.6644n 
  250.00000m  138.5342n 
  300.00000m  472.1615n 
  350.00000m    1.3642u 
  400.00000m    3.2189u 
  450.00000m    6.2606u 
  500.00000m   10.4676u 
  550.00000m   15.7079u 
  600.00000m   21.8458u 
  650.00000m   28.7690u 
  700.00000m   36.3854u 
  750.00000m   44.6141u 
  800.00000m   53.3815u 
  850.00000m   62.6184u 
  900.00000m   72.2594u 
  950.00000m   82.2421u 
    1.00000    92.5067u 
y
 vth0_value= 260.5583m
 u0_param=  48.2074m
 ags_param= 418.9354m
 
   *** monte carlo  index = 753 ***
x

 volt         param     
             i_d_0.9    
    0.         30.1291p 
   50.00000m  152.8727p 
  100.00000m  778.9443p 
  150.00000m    3.8291n 
  200.00000m   17.5244n 
  250.00000m   72.1156n 
  300.00000m  262.1257n 
  350.00000m  824.0593n 
  400.00000m    2.1449u 
  450.00000m    4.5523u 
  500.00000m    8.1273u 
  550.00000m   12.7724u 
  600.00000m   18.3487u 
  650.00000m   24.7350u 
  700.00000m   31.8327u 
  750.00000m   39.5584u 
  800.00000m   47.8377u 
  850.00000m   56.6014u 
  900.00000m   65.7845u 
  950.00000m   75.3251u 
    1.00000    85.1643u 
y
 vth0_value= 284.3388m
 u0_param=  47.6981m
 ags_param= 410.9899m
 
   *** monte carlo  index = 754 ***
x

 volt         param     
             i_d_0.9    
    0.        220.2356p 
   50.00000m    1.1192n 
  100.00000m    5.4594n 
  150.00000m   24.6578n 
  200.00000m   99.7544n 
  250.00000m  355.7999n 
  300.00000m    1.0916u 
  350.00000m    2.7590u 
  400.00000m    5.6995u 
  450.00000m    9.9677u 
  500.00000m   15.4386u 
  550.00000m   21.9550u 
  600.00000m   29.3822u 
  650.00000m   37.6108u 
  700.00000m   46.5468u 
  750.00000m   56.1059u 
  800.00000m   66.2094u 
  850.00000m   76.7831u 
  900.00000m   87.7567u 
  950.00000m   99.0629u 
    1.00000   110.6371u 
y
 vth0_value= 227.2594m
 u0_param=  52.7546m
 ags_param= 413.8191m
 
   *** monte carlo  index = 755 ***
x

 volt         param     
             i_d_0.9    
    0.        140.5926p 
   50.00000m  717.8548p 
  100.00000m    3.5470n 
  150.00000m   16.3768n 
  200.00000m   68.1819n 
  250.00000m  251.0111n 
  300.00000m  802.0533n 
  350.00000m    2.1308u 
  400.00000m    4.6130u 
  450.00000m    8.3652u 
  500.00000m   13.2955u 
  550.00000m   19.2549u 
  600.00000m   26.1098u 
  650.00000m   33.7517u 
  700.00000m   42.0890u 
  750.00000m   51.0397u 
  800.00000m   60.5282u 
  850.00000m   70.4830u 
  900.00000m   80.8363u 
  950.00000m   91.5233u 
    1.00000   102.4818u 
y
 vth0_value= 239.3029m
 u0_param=  50.3460m
 ags_param= 419.0600m
 
   *** monte carlo  index = 756 ***
x

 volt         param     
             i_d_0.9    
    0.         52.0775p 
   50.00000m  266.3811p 
  100.00000m    1.3469n 
  150.00000m    6.4991n 
  200.00000m   28.8486n 
  250.00000m  114.2519n 
  300.00000m  398.0289n 
  350.00000m    1.1839u 
  400.00000m    2.8852u 
  450.00000m    5.7692u 
  500.00000m    9.8446u 
  550.00000m   14.9849u 
  600.00000m   21.0492u 
  650.00000m   27.9198u 
  700.00000m   35.5005u 
  750.00000m   43.7084u 
  800.00000m   52.4679u 
  850.00000m   61.7088u 
  900.00000m   71.3647u 
  950.00000m   81.3723u 
    1.00000    91.6713u 
y
 vth0_value= 268.4582m
 u0_param=  48.9822m
 ags_param= 423.0265m
 
   *** monte carlo  index = 757 ***
x

 volt         param     
             i_d_0.9    
    0.        115.0277p 
   50.00000m  588.2426p 
  100.00000m    2.9226n 
  150.00000m   13.6274n 
  200.00000m   57.5035n 
  250.00000m  214.8667n 
  300.00000m  699.3209n 
  350.00000m    1.9020u 
  400.00000m    4.2137u 
  450.00000m    7.7817u 
  500.00000m   12.5306u 
  550.00000m   18.3137u 
  600.00000m   24.9959u 
  650.00000m   32.4671u 
  700.00000m   40.6353u 
  750.00000m   49.4186u 
  800.00000m   58.7415u 
  850.00000m   68.5329u 
  900.00000m   78.7254u 
  950.00000m   89.2546u 
    1.00000   100.0589u 
y
 vth0_value= 245.1182m
 u0_param=  49.9686m
 ags_param= 413.6156m
 
   *** monte carlo  index = 758 ***
x

 volt         param     
             i_d_0.9    
    0.         40.8202p 
   50.00000m  208.2939p 
  100.00000m    1.0576n 
  150.00000m    5.1504n 
  200.00000m   23.2040n 
  250.00000m   93.5851n 
  300.00000m  332.6888n 
  350.00000m    1.0162u 
  400.00000m    2.5543u 
  450.00000m    5.2496u 
  500.00000m    9.1437u 
  550.00000m   14.1202u 
  600.00000m   20.0360u 
  650.00000m   26.7697u 
  700.00000m   34.2226u 
  750.00000m   42.3100u 
  800.00000m   50.9561u 
  850.00000m   60.0900u 
  900.00000m   69.6451u 
  950.00000m   79.5582u 
    1.00000    89.7687u 
y
 vth0_value= 275.9518m
 u0_param=  49.0962m
 ags_param= 412.8973m
 
   *** monte carlo  index = 759 ***
x

 volt         param     
             i_d_0.9    
    0.         80.5668p 
   50.00000m  412.5841p 
  100.00000m    2.0676n 
  150.00000m    9.7981n 
  200.00000m   42.3113n 
  250.00000m  162.2599n 
  300.00000m  544.8146n 
  350.00000m    1.5432u 
  400.00000m    3.5648u 
  450.00000m    6.8107u 
  500.00000m   11.2394u 
  550.00000m   16.7115u 
  600.00000m   23.0895u 
  650.00000m   30.2608u 
  700.00000m   38.1322u 
  750.00000m   46.6217u 
  800.00000m   55.6544u 
  850.00000m   65.1599u 
  900.00000m   75.0714u 
  950.00000m   85.3255u 
    1.00000    95.8611u 
y
 vth0_value= 255.4308m
 u0_param=  49.2835m
 ags_param= 420.3690m
 
   *** monte carlo  index = 760 ***
x

 volt         param     
             i_d_0.9    
    0.         41.9494p 
   50.00000m  214.0582p 
  100.00000m    1.0856n 
  150.00000m    5.2747n 
  200.00000m   23.6758n 
  250.00000m   95.0543n 
  300.00000m  336.2580n 
  350.00000m    1.0206u 
  400.00000m    2.5463u 
  450.00000m    5.1982u 
  500.00000m    9.0099u 
  550.00000m   13.8669u 
  600.00000m   19.6323u 
  650.00000m   26.1900u 
  700.00000m   33.4455u 
  750.00000m   41.3175u 
  800.00000m   49.7327u 
  850.00000m   58.6225u 
  900.00000m   67.9223u 
  950.00000m   77.5705u 
    1.00000    87.5084u 
y
 vth0_value= 274.0277m
 u0_param=  47.4526m
 ags_param= 414.5226m
 
   *** monte carlo  index = 761 ***
x

 volt         param     
             i_d_0.9    
    0.        181.0358p 
   50.00000m  921.8852p 
  100.00000m    4.5207n 
  150.00000m   20.6015n 
  200.00000m   84.3058n 
  250.00000m  304.5520n 
  300.00000m  950.0017n 
  350.00000m    2.4496u 
  400.00000m    5.1549u 
  450.00000m    9.1445u 
  500.00000m   14.3085u 
  550.00000m   20.4959u 
  600.00000m   27.5752u 
  650.00000m   35.4393u 
  700.00000m   43.9972u 
  750.00000m   53.1669u 
  800.00000m   62.8721u 
  850.00000m   73.0409u 
  900.00000m   83.6049u 
  950.00000m   94.4988u 
    1.00000   105.6596u 
y
 vth0_value= 232.0051m
 u0_param=  50.8700m
 ags_param= 423.1023m
 
   *** monte carlo  index = 762 ***
x

 volt         param     
             i_d_0.9    
    0.         70.6901p 
   50.00000m  362.0414p 
  100.00000m    1.8198n 
  150.00000m    8.6747n 
  200.00000m   37.7891n 
  250.00000m  146.3791n 
  300.00000m  497.2568n 
  350.00000m    1.4304u 
  400.00000m    3.3590u 
  450.00000m    6.5065u 
  500.00000m   10.8454u 
  550.00000m   16.2388u 
  600.00000m   22.5475u 
  650.00000m   29.6566u 
  700.00000m   37.4716u 
  750.00000m   45.9100u 
  800.00000m   54.8963u 
  850.00000m   64.3598u 
  900.00000m   74.2338u 
  950.00000m   84.4544u 
    1.00000    94.9608u 
y
 vth0_value= 259.4714m
 u0_param=  49.4128m
 ags_param= 429.0193m
 
   *** monte carlo  index = 763 ***
x

 volt         param     
             i_d_0.9    
    0.         99.5617p 
   50.00000m  509.4410p 
  100.00000m    2.5393n 
  150.00000m   11.9118n 
  200.00000m   50.6916n 
  250.00000m  191.2186n 
  300.00000m  629.6090n 
  350.00000m    1.7383u 
  400.00000m    3.9099u 
  450.00000m    7.3096u 
  500.00000m   11.8750u 
  550.00000m   17.4644u 
  600.00000m   23.9442u 
  650.00000m   31.2052u 
  700.00000m   39.1565u 
  750.00000m   47.7173u 
  800.00000m   56.8136u 
  850.00000m   66.3753u 
  900.00000m   76.3363u 
  950.00000m   86.6331u 
    1.00000    97.2051u 
y
 vth0_value= 248.8347m
 u0_param=  48.9790m
 ags_param= 422.6393m
 
   *** monte carlo  index = 764 ***
x

 volt         param     
             i_d_0.9    
    0.         57.1004p 
   50.00000m  292.2002p 
  100.00000m    1.4745n 
  150.00000m    7.0858n 
  200.00000m   31.2518n 
  250.00000m  122.8274n 
  300.00000m  424.2561n 
  350.00000m    1.2477u 
  400.00000m    3.0021u 
  450.00000m    5.9368u 
  500.00000m   10.0481u 
  550.00000m   15.2075u 
  600.00000m   21.2768u 
  650.00000m   28.1410u 
  700.00000m   35.7059u 
  750.00000m   43.8896u 
  800.00000m   52.6178u 
  850.00000m   61.8208u 
  900.00000m   71.4329u 
  950.00000m   81.3913u 
    1.00000    91.6362u 
y
 vth0_value= 265.3293m
 u0_param=  48.4774m
 ags_param= 410.0698m
 
   *** monte carlo  index = 765 ***
x

 volt         param     
             i_d_0.9    
    0.         73.7570p 
   50.00000m  377.7350p 
  100.00000m    1.8968n 
  150.00000m    9.0231n 
  200.00000m   39.1882n 
  250.00000m  151.2712n 
  300.00000m  511.8132n 
  350.00000m    1.4645u 
  400.00000m    3.4193u 
  450.00000m    6.5914u 
  500.00000m   10.9483u 
  550.00000m   16.3527u 
  600.00000m   22.6661u 
  650.00000m   29.7748u 
  700.00000m   37.5852u 
  750.00000m   46.0149u 
  800.00000m   54.9890u 
  850.00000m   64.4369u 
  900.00000m   74.2922u 
  950.00000m   84.4912u 
    1.00000    94.9733u 
y
 vth0_value= 258.0644m
 u0_param=  49.2258m
 ags_param= 405.3476m
 
   *** monte carlo  index = 766 ***
x

 volt         param     
             i_d_0.9    
    0.         37.7981p 
   50.00000m  192.6505p 
  100.00000m  979.1464p 
  150.00000m    4.7806n 
  200.00000m   21.6277n 
  250.00000m   87.6869n 
  300.00000m  313.5364n 
  350.00000m  964.9928n 
  400.00000m    2.4477u 
  450.00000m    5.0719u 
  500.00000m    8.8896u 
  550.00000m   13.7888u 
  600.00000m   19.6270u 
  650.00000m   26.2825u 
  700.00000m   33.6565u 
  750.00000m   41.6647u 
  800.00000m   50.2312u 
  850.00000m   59.2856u 
  900.00000m   68.7616u 
  950.00000m   78.5962u 
    1.00000    88.7292u 
y
 vth0_value= 278.1250m
 u0_param=  48.8240m
 ags_param= 418.9446m
 
   *** monte carlo  index = 767 ***
x

 volt         param     
             i_d_0.9    
    0.        152.4727p 
   50.00000m  777.9704p 
  100.00000m    3.8356n 
  150.00000m   17.6408n 
  200.00000m   73.0655n 
  250.00000m  267.4596n 
  300.00000m  848.4784n 
  350.00000m    2.2339u 
  400.00000m    4.7941u 
  450.00000m    8.6346u 
  500.00000m   13.6570u 
  550.00000m   19.7106u 
  600.00000m   26.6619u 
  650.00000m   34.4022u 
  700.00000m   42.8396u 
  750.00000m   51.8919u 
  800.00000m   61.4829u 
  850.00000m   71.5406u 
  900.00000m   81.9969u 
  950.00000m   92.7866u 
    1.00000   103.8470u 
y
 vth0_value= 237.0995m
 u0_param=  50.7301m
 ags_param= 417.6268m
 
   *** monte carlo  index = 768 ***
x

 volt         param     
             i_d_0.9    
    0.         34.1031p 
   50.00000m  173.4905p 
  100.00000m  882.7613p 
  150.00000m    4.3229n 
  200.00000m   19.6555n 
  250.00000m   80.2039n 
  300.00000m  288.8240n 
  350.00000m  897.1819n 
  400.00000m    2.3012u 
  450.00000m    4.8175u 
  500.00000m    8.5104u 
  550.00000m   13.2745u 
  600.00000m   18.9696u 
  650.00000m   25.4749u 
  700.00000m   32.6923u 
  750.00000m   40.5383u 
  800.00000m   48.9379u 
  850.00000m   57.8217u 
  900.00000m   67.1241u 
  950.00000m   76.7830u 
    1.00000    86.7390u 
y
 vth0_value= 280.7888m
 u0_param=  48.0852m
 ags_param= 403.6537m
 
   *** monte carlo  index = 769 ***
x

 volt         param     
             i_d_0.9    
    0.         50.1366p 
   50.00000m  256.4035p 
  100.00000m    1.2976n 
  150.00000m    6.2726n 
  200.00000m   27.9229n 
  250.00000m  110.9676n 
  300.00000m  388.0672n 
  350.00000m    1.1601u 
  400.00000m    2.8435u 
  450.00000m    5.7144u 
  500.00000m    9.7871u 
  550.00000m   14.9357u 
  600.00000m   21.0173u 
  650.00000m   27.9126u 
  700.00000m   35.5240u 
  750.00000m   43.7675u 
  800.00000m   52.5670u 
  850.00000m   61.8516u 
  900.00000m   71.5544u 
  950.00000m   81.6118u 
    1.00000    91.9629u 
y
 vth0_value= 269.8803m
 u0_param=  49.3928m
 ags_param= 416.1279m
 
   *** monte carlo  index = 770 ***
x

 volt         param     
             i_d_0.9    
    0.        105.1923p 
   50.00000m  538.1263p 
  100.00000m    2.6788n 
  150.00000m   12.5356n 
  200.00000m   53.1633n 
  250.00000m  199.7729n 
  300.00000m  654.7147n 
  350.00000m    1.7967u 
  400.00000m    4.0164u 
  450.00000m    7.4715u 
  500.00000m   12.0945u 
  550.00000m   17.7424u 
  600.00000m   24.2813u 
  650.00000m   31.6023u 
  700.00000m   39.6143u 
  750.00000m   48.2364u 
  800.00000m   57.3941u 
  850.00000m   67.0174u 
  900.00000m   77.0396u 
  950.00000m   87.3972u 
    1.00000    98.0292u 
y
 vth0_value= 247.3184m
 u0_param=  49.2003m
 ags_param= 417.0561m
 
   *** monte carlo  index = 771 ***
x

 volt         param     
             i_d_0.9    
    0.        211.9559p 
   50.00000m    1.0769n 
  100.00000m    5.2519n 
  150.00000m   23.7149n 
  200.00000m   95.9189n 
  250.00000m  342.0917n 
  300.00000m    1.0496u 
  350.00000m    2.6528u 
  400.00000m    5.4806u 
  450.00000m    9.5869u 
  500.00000m   14.8533u 
  550.00000m   21.1299u 
  600.00000m   28.2881u 
  650.00000m   36.2233u 
  700.00000m   44.8455u 
  750.00000m   54.0734u 
  800.00000m   63.8314u 
  850.00000m   74.0477u 
  900.00000m   84.6542u 
  950.00000m   95.5858u 
    1.00000   106.7794u 
y
 vth0_value= 227.1203m
 u0_param=  50.6769m
 ags_param= 423.4464m
 
   *** monte carlo  index = 772 ***
x

 volt         param     
             i_d_0.9    
    0.         95.8506p 
   50.00000m  490.5806p 
  100.00000m    2.4481n 
  150.00000m   11.5077n 
  200.00000m   49.1167n 
  250.00000m  185.8885n 
  300.00000m  614.4724n 
  350.00000m    1.7052u 
  400.00000m    3.8557u 
  450.00000m    7.2388u 
  500.00000m   11.7957u 
  550.00000m   17.3844u 
  600.00000m   23.8699u 
  650.00000m   31.1419u 
  700.00000m   39.1084u 
  750.00000m   47.6885u 
  800.00000m   56.8074u 
  850.00000m   66.3948u 
  900.00000m   76.3842u 
  950.00000m   86.7120u 
    1.00000    97.3171u 
y
 vth0_value= 250.1529m
 u0_param=  49.2397m
 ags_param= 429.8937m
 
   *** monte carlo  index = 773 ***
x

 volt         param     
             i_d_0.9    
    0.         88.2331p 
   50.00000m  451.8304p 
  100.00000m    2.2603n 
  150.00000m   10.6737n 
  200.00000m   45.8584n 
  250.00000m  174.8406n 
  300.00000m  583.0115n 
  350.00000m    1.6365u 
  400.00000m    3.7440u 
  450.00000m    7.0967u 
  500.00000m   11.6437u 
  550.00000m   17.2418u 
  600.00000m   23.7524u 
  650.00000m   31.0621u 
  700.00000m   39.0768u 
  750.00000m   47.7139u 
  800.00000m   56.8975u 
  850.00000m   66.5563u 
  900.00000m   76.6229u 
  950.00000m   87.0331u 
    1.00000    97.7251u 
y
 vth0_value= 253.1214m
 u0_param=  49.9603m
 ags_param= 418.0867m
 
   *** monte carlo  index = 774 ***
x

 volt         param     
             i_d_0.9    
    0.         42.0073p 
   50.00000m  214.4333p 
  100.00000m    1.0883n 
  150.00000m    5.2948n 
  200.00000m   23.8164n 
  250.00000m   95.8627n 
  300.00000m  340.0307n 
  350.00000m    1.0356u 
  400.00000m    2.5942u 
  450.00000m    5.3150u 
  500.00000m    9.2361u 
  550.00000m   14.2394u 
  600.00000m   20.1818u 
  650.00000m   26.9421u 
  700.00000m   34.4215u 
  750.00000m   42.5357u 
  800.00000m   51.2086u 
  850.00000m   60.3692u 
  900.00000m   69.9510u 
  950.00000m   79.8906u 
    1.00000    90.1273u 
y
 vth0_value= 275.1236m
 u0_param=  49.1683m
 ags_param= 416.8514m
 
   *** monte carlo  index = 775 ***
x

 volt         param     
             i_d_0.9    
    0.        236.7336p 
   50.00000m    1.2011n 
  100.00000m    5.8373n 
  150.00000m   26.2093n 
  200.00000m  105.2595n 
  250.00000m  372.4655n 
  300.00000m    1.1310u 
  350.00000m    2.8240u 
  400.00000m    5.7704u 
  450.00000m   10.0100u 
  500.00000m   15.4172u 
  550.00000m   21.8403u 
  600.00000m   29.1507u 
  650.00000m   37.2430u 
  700.00000m   46.0266u 
  750.00000m   55.4196u 
  800.00000m   65.3454u 
  850.00000m   75.7315u 
  900.00000m   86.5091u 
  950.00000m   97.6123u 
    1.00000   108.9776u 
y
 vth0_value= 224.2002m
 u0_param=  51.3407m
 ags_param= 436.4266m
 
   *** monte carlo  index = 776 ***
x

 volt         param     
             i_d_0.9    
    0.        245.7513p 
   50.00000m    1.2452n 
  100.00000m    6.0355n 
  150.00000m   26.9833n 
  200.00000m  107.8057n 
  250.00000m  379.3303n 
  300.00000m    1.1435u 
  350.00000m    2.8307u 
  400.00000m    5.7404u 
  450.00000m    9.9023u 
  500.00000m   15.1930u 
  550.00000m   21.4671u 
  600.00000m   28.6013u 
  650.00000m   36.4948u 
  700.00000m   45.0603u 
  750.00000m   54.2186u 
  800.00000m   63.8954u 
  850.00000m   74.0204u 
  900.00000m   84.5264u 
  950.00000m   95.3491u 
    1.00000   106.4265u 
y
 vth0_value= 222.0149m
 u0_param=  49.6934m
 ags_param= 419.8115m
 
   *** monte carlo  index = 777 ***
x

 volt         param     
             i_d_0.9    
    0.         50.1442p 
   50.00000m  256.3655p 
  100.00000m    1.2966n 
  150.00000m    6.2605n 
  200.00000m   27.8200n 
  250.00000m  110.3281n 
  300.00000m  384.9720n 
  350.00000m    1.1475u 
  400.00000m    2.8034u 
  450.00000m    5.6178u 
  500.00000m    9.6022u 
  550.00000m   14.6338u 
  600.00000m   20.5748u 
  650.00000m   27.3096u 
  700.00000m   34.7440u 
  750.00000m   42.7963u 
  800.00000m   51.3926u 
  850.00000m   60.4638u 
  900.00000m   69.9446u 
  950.00000m   79.7727u 
    1.00000    89.8887u 
y
 vth0_value= 268.9896m
 u0_param=  48.0459m
 ags_param= 413.2228m
 
   *** monte carlo  index = 778 ***
x

 volt         param     
             i_d_0.9    
    0.         76.8758p 
   50.00000m  393.7066p 
  100.00000m    1.9752n 
  150.00000m    9.3796n 
  200.00000m   40.6298n 
  250.00000m  156.3640n 
  300.00000m  527.1930n 
  350.00000m    1.5015u 
  400.00000m    3.4885u 
  450.00000m    6.6970u 
  500.00000m   11.0904u 
  550.00000m   16.5302u 
  600.00000m   22.8783u 
  650.00000m   30.0215u 
  700.00000m   37.8660u 
  750.00000m   46.3300u 
  800.00000m   55.3382u 
  850.00000m   64.8202u 
  900.00000m   74.7093u 
  950.00000m   84.9420u 
    1.00000    95.4573u 
y
 vth0_value= 256.8527m
 u0_param=  49.2892m
 ags_param= 416.7108m
 
   *** monte carlo  index = 779 ***
x

 volt         param     
             i_d_0.9    
    0.         86.2095p 
   50.00000m  441.4045p 
  100.00000m    2.2084n 
  150.00000m   10.4325n 
  200.00000m   44.8444n 
  250.00000m  171.0804n 
  300.00000m  570.9229n 
  350.00000m    1.6042u 
  400.00000m    3.6743u 
  450.00000m    6.9712u 
  500.00000m   11.4463u 
  550.00000m   16.9592u 
  600.00000m   23.3736u 
  650.00000m   30.5778u 
  700.00000m   38.4793u 
  750.00000m   46.9967u 
  800.00000m   56.0550u 
  850.00000m   65.5840u 
  900.00000m   75.5172u 
  950.00000m   85.7910u 
    1.00000    96.3444u 
y
 vth0_value= 253.3408m
 u0_param=  49.2166m
 ags_param= 422.8122m
 
   *** monte carlo  index = 780 ***
x

 volt         param     
             i_d_0.9    
    0.         46.4054p 
   50.00000m  237.1574p 
  100.00000m    1.2018n 
  150.00000m    5.8265n 
  200.00000m   26.0585n 
  250.00000m  104.1500n 
  300.00000m  366.5437n 
  350.00000m    1.1049u 
  400.00000m    2.7347u 
  450.00000m    5.5426u 
  500.00000m    9.5537u 
  550.00000m   14.6448u 
  600.00000m   20.6727u 
  650.00000m   27.5169u 
  700.00000m   35.0793u 
  750.00000m   43.2755u 
  800.00000m   52.0292u 
  850.00000m   61.2696u 
  900.00000m   70.9296u 
  950.00000m   80.9457u 
    1.00000    91.2571u 
y
 vth0_value= 272.2190m
 u0_param=  49.3700m
 ags_param= 409.5888m
 
   *** monte carlo  index = 781 ***
x

 volt         param     
             i_d_0.9    
    0.         99.0689p 
   50.00000m  507.0339p 
  100.00000m    2.5286n 
  150.00000m   11.8725n 
  200.00000m   50.5892n 
  250.00000m  191.0975n 
  300.00000m  630.2290n 
  350.00000m    1.7437u 
  400.00000m    3.9302u 
  450.00000m    7.3599u 
  500.00000m   11.9705u 
  550.00000m   17.6181u 
  600.00000m   24.1668u 
  650.00000m   31.5054u 
  700.00000m   39.5415u 
  750.00000m   48.1933u 
  800.00000m   57.3857u 
  850.00000m   67.0477u 
  900.00000m   77.1125u 
  950.00000m   87.5159u 
    1.00000    98.1968u 
y
 vth0_value= 249.4139m
 u0_param=  49.6372m
 ags_param= 409.5344m
 
   *** monte carlo  index = 782 ***
x

 volt         param     
             i_d_0.9    
    0.         32.2749p 
   50.00000m  164.0541p 
  100.00000m  835.7855p 
  150.00000m    4.1046n 
  200.00000m   18.7522n 
  250.00000m   76.9883n 
  300.00000m  279.0865n 
  350.00000m  874.2864n 
  400.00000m    2.2657u 
  450.00000m    4.7888u 
  500.00000m    8.5212u 
  550.00000m   13.3587u 
  600.00000m   19.1560u 
  650.00000m   25.7873u 
  700.00000m   33.1504u 
  750.00000m   41.1589u 
  800.00000m   49.7355u 
  850.00000m   58.8088u 
  900.00000m   68.3115u 
  950.00000m   78.1800u 
    1.00000    88.3536u 
y
 vth0_value= 283.3898m
 u0_param=  49.4716m
 ags_param= 414.0148m
 
   *** monte carlo  index = 783 ***
x

 volt         param     
             i_d_0.9    
    0.        122.2250p 
   50.00000m  624.6850p 
  100.00000m    3.0977n 
  150.00000m   14.3938n 
  200.00000m   60.4485n 
  250.00000m  224.6897n 
  300.00000m  726.6176n 
  350.00000m    1.9601u 
  400.00000m    4.3071u 
  450.00000m    7.9032u 
  500.00000m   12.6680u 
  550.00000m   18.4560u 
  600.00000m   25.1341u 
  650.00000m   32.5943u 
  700.00000m   40.7455u 
  750.00000m   49.5067u 
  800.00000m   58.8033u 
  850.00000m   68.5645u 
  900.00000m   78.7235u 
  950.00000m   89.2163u 
    1.00000    99.9814u 
y
 vth0_value= 243.0346m
 u0_param=  49.5795m
 ags_param= 423.2808m
 
   *** monte carlo  index = 784 ***
x

 volt         param     
             i_d_0.9    
    0.         64.8310p 
   50.00000m  332.0183p 
  100.00000m    1.6723n 
  150.00000m    8.0032n 
  200.00000m   35.0756n 
  250.00000m  136.8241n 
  300.00000m  468.5376n 
  350.00000m    1.3622u 
  400.00000m    3.2360u 
  450.00000m    6.3294u 
  500.00000m   10.6254u 
  550.00000m   15.9882u 
  600.00000m   22.2761u 
  650.00000m   29.3721u 
  700.00000m   37.1802u 
  750.00000m   45.6168u 
  800.00000m   54.6057u 
  850.00000m   64.0758u 
  900.00000m   73.9596u 
  950.00000m   84.1933u 
    1.00000    94.7155u 
y
 vth0_value= 262.3184m
 u0_param=  49.7633m
 ags_param= 408.4252m
 
   *** monte carlo  index = 785 ***
x

 volt         param     
             i_d_0.9    
    0.        197.6727p 
   50.00000m    1.0060n 
  100.00000m    4.9234n 
  150.00000m   22.3619n 
  200.00000m   91.1150n 
  250.00000m  327.5596n 
  300.00000m    1.0153u 
  350.00000m    2.5981u 
  400.00000m    5.4281u 
  450.00000m    9.5756u 
  500.00000m   14.9228u 
  550.00000m   21.3136u 
  600.00000m   28.6136u 
  650.00000m   36.7132u 
  700.00000m   45.5189u 
  750.00000m   54.9467u 
  800.00000m   64.9187u 
  850.00000m   75.3611u 
  900.00000m   86.2040u 
  950.00000m   97.3808u 
    1.00000   108.8273u 
y
 vth0_value= 230.2232m
 u0_param=  52.2657m
 ags_param= 425.2776m
 
   *** monte carlo  index = 786 ***
x

 volt         param     
             i_d_0.9    
    0.         19.8707p 
   50.00000m   99.4936p 
  100.00000m  508.5616p 
  150.00000m    2.5287n 
  200.00000m   11.8103n 
  250.00000m   49.9546n 
  300.00000m  187.1727n 
  350.00000m  611.2386n 
  400.00000m    1.6694u 
  450.00000m    3.7129u 
  500.00000m    6.8776u 
  550.00000m   11.0974u 
  600.00000m   16.2409u 
  650.00000m   22.1865u 
  700.00000m   28.8355u 
  750.00000m   36.1054u 
  800.00000m   43.9232u 
  850.00000m   52.2218u 
  900.00000m   60.9379u 
  950.00000m   70.0117u 
    1.00000    79.3860u 
y
 vth0_value= 296.1327m
 u0_param=  46.0353m
 ags_param= 406.3732m
 
   *** monte carlo  index = 787 ***
x

 volt         param     
             i_d_0.9    
    0.         84.2461p 
   50.00000m  431.3745p 
  100.00000m    2.1594n 
  150.00000m   10.2114n 
  200.00000m   43.9601n 
  250.00000m  167.9922n 
  300.00000m  561.7459n 
  350.00000m    1.5826u 
  400.00000m    3.6349u 
  450.00000m    6.9122u 
  500.00000m   11.3683u 
  550.00000m   16.8633u 
  600.00000m   23.2605u 
  650.00000m   30.4484u 
  700.00000m   38.3341u 
  750.00000m   46.8362u 
  800.00000m   55.8799u 
  850.00000m   65.3948u 
  900.00000m   75.3144u 
  950.00000m   85.5753u 
    1.00000    96.1166u 
y
 vth0_value= 254.0203m
 u0_param=  49.1908m
 ags_param= 427.8809m
 
   *** monte carlo  index = 788 ***
x

 volt         param     
             i_d_0.9    
    0.         42.4898p 
   50.00000m  216.8720p 
  100.00000m    1.0999n 
  150.00000m    5.3437n 
  200.00000m   23.9826n 
  250.00000m   96.2684n 
  300.00000m  340.4703n 
  350.00000m    1.0330u 
  400.00000m    2.5762u 
  450.00000m    5.2573u 
  500.00000m    9.1091u 
  550.00000m   14.0158u 
  600.00000m   19.8385u 
  650.00000m   26.4599u 
  700.00000m   33.7842u 
  750.00000m   41.7294u 
  800.00000m   50.2214u 
  850.00000m   59.1909u 
  900.00000m   68.5727u 
  950.00000m   78.3048u 
    1.00000    88.3279u 
y
 vth0_value= 273.9660m
 u0_param=  47.9419m
 ags_param= 400.1321m
 
   *** monte carlo  index = 789 ***
x

 volt         param     
             i_d_0.9    
    0.        153.5842p 
   50.00000m  782.8053p 
  100.00000m    3.8513n 
  150.00000m   17.6507n 
  200.00000m   72.7738n 
  250.00000m  265.1158n 
  300.00000m  836.0751n 
  350.00000m    2.1851u 
  400.00000m    4.6573u 
  450.00000m    8.3447u 
  500.00000m   13.1524u 
  550.00000m   18.9393u 
  600.00000m   25.5809u 
  650.00000m   32.9756u 
  700.00000m   41.0372u 
  750.00000m   49.6879u 
  800.00000m   58.8554u 
  850.00000m   68.4712u 
  900.00000m   78.4703u 
  950.00000m   88.7900u 
    1.00000    99.3703u 
y
 vth0_value= 235.1098m
 u0_param=  48.0216m
 ags_param= 422.3713m
 
   *** monte carlo  index = 790 ***
x

 volt         param     
             i_d_0.9    
    0.         61.0367p 
   50.00000m  312.4758p 
  100.00000m    1.5752n 
  150.00000m    7.5530n 
  200.00000m   33.1982n 
  250.00000m  129.9467n 
  300.00000m  446.7602n 
  350.00000m    1.3057u 
  400.00000m    3.1202u 
  450.00000m    6.1339u 
  500.00000m   10.3360u 
  550.00000m   15.5946u 
  600.00000m   21.7701u 
  650.00000m   28.7467u 
  700.00000m   36.4295u 
  750.00000m   44.7360u 
  800.00000m   53.5909u 
  850.00000m   62.9241u 
  900.00000m   72.6689u 
  950.00000m   82.7621u 
    1.00000    93.1431u 
y
 vth0_value= 263.6888m
 u0_param=  49.0581m
 ags_param= 426.5765m
 
   *** monte carlo  index = 791 ***
x

 volt         param     
             i_d_0.9    
    0.        216.3707p 
   50.00000m    1.0991n 
  100.00000m    5.3571n 
  150.00000m   24.1669n 
  200.00000m   97.6312n 
  250.00000m  347.7384n 
  300.00000m    1.0650u 
  350.00000m    2.6863u 
  400.00000m    5.5395u 
  450.00000m    9.6761u 
  500.00000m   14.9762u 
  550.00000m   21.2892u 
  600.00000m   28.4863u 
  650.00000m   36.4625u 
  700.00000m   45.1275u 
  750.00000m   54.3999u 
  800.00000m   64.2036u 
  850.00000m   74.4667u 
  900.00000m   85.1208u 
  950.00000m   96.1005u 
    1.00000   107.3428u 
y
 vth0_value= 226.6313m
 u0_param=  50.8871m
 ags_param= 428.4673m
 
   *** monte carlo  index = 792 ***
x

 volt         param     
             i_d_0.9    
    0.         65.6817p 
   50.00000m  336.1878p 
  100.00000m    1.6908n 
  150.00000m    8.0705n 
  200.00000m   35.2301n 
  250.00000m  136.8080n 
  300.00000m  466.1512n 
  350.00000m    1.3464u 
  400.00000m    3.1757u 
  450.00000m    6.1750u 
  500.00000m   10.3229u 
  550.00000m   15.4900u 
  600.00000m   21.5429u 
  650.00000m   28.3715u 
  700.00000m   35.8849u 
  750.00000m   44.0038u 
  800.00000m   52.6554u 
  850.00000m   61.7718u 
  900.00000m   71.2881u 
  950.00000m   81.1429u 
    1.00000    91.2770u 
y
 vth0_value= 260.4177m
 u0_param=  47.4831m
 ags_param= 424.6919m
 
   *** monte carlo  index = 793 ***
x

 volt         param     
             i_d_0.9    
    0.        140.2271p 
   50.00000m  715.8459p 
  100.00000m    3.5358n 
  150.00000m   16.3156n 
  200.00000m   67.8752n 
  250.00000m  249.6837n 
  300.00000m  797.0514n 
  350.00000m    2.1150u 
  400.00000m    4.5736u 
  450.00000m    8.2867u 
  500.00000m   13.1636u 
  550.00000m   19.0573u 
  600.00000m   25.8365u 
  650.00000m   33.3945u 
  700.00000m   41.6408u 
  750.00000m   50.4948u 
  800.00000m   59.8816u 
  850.00000m   69.7306u 
  900.00000m   79.9746u 
  950.00000m   90.5497u 
    1.00000   101.3941u 
y
 vth0_value= 238.9626m
 u0_param=  49.6955m
 ags_param= 425.0265m
 
   *** monte carlo  index = 794 ***
x

 volt         param     
             i_d_0.9    
    0.        139.8604p 
   50.00000m  713.8463p 
  100.00000m    3.5248n 
  150.00000m   16.2565n 
  200.00000m   67.5831n 
  250.00000m  248.4336n 
  300.00000m  792.3883n 
  350.00000m    2.1004u 
  400.00000m    4.5374u 
  450.00000m    8.2150u 
  500.00000m   13.0432u 
  550.00000m   18.8772u 
  600.00000m   25.5876u 
  650.00000m   33.0691u 
  700.00000m   41.2325u 
  750.00000m   49.9981u 
  800.00000m   59.2918u 
  850.00000m   69.0438u 
  900.00000m   79.1877u 
  950.00000m   89.6599u 
    1.00000   100.3993u 
y
 vth0_value= 238.6607m
 u0_param=  49.1118m
 ags_param= 425.9862m
 
   *** monte carlo  index = 795 ***
x

 volt         param     
             i_d_0.9    
    0.         84.3530p 
   50.00000m  431.9618p 
  100.00000m    2.1627n 
  150.00000m   10.2297n 
  200.00000m   44.0557n 
  250.00000m  168.4278n 
  300.00000m  563.4627n 
  350.00000m    1.5884u 
  400.00000m    3.6505u 
  450.00000m    6.9452u 
  500.00000m   11.4262u 
  550.00000m   16.9525u 
  600.00000m   23.3863u 
  650.00000m   30.6150u 
  700.00000m   38.5451u 
  750.00000m   47.0945u 
  800.00000m   56.1878u 
  850.00000m   65.7544u 
  900.00000m   75.7272u 
  950.00000m   86.0426u 
    1.00000    96.6393u 
y
 vth0_value= 254.2002m
 u0_param=  49.5262m
 ags_param= 417.8349m
 
   *** monte carlo  index = 796 ***
x

 volt         param     
             i_d_0.9    
    0.        166.4383p 
   50.00000m  848.5051p 
  100.00000m    4.1729n 
  150.00000m   19.1102n 
  200.00000m   78.7029n 
  250.00000m  286.2992n 
  300.00000m  901.0478n 
  350.00000m    2.3490u 
  400.00000m    4.9939u 
  450.00000m    8.9288u 
  500.00000m   14.0489u 
  550.00000m   20.2019u 
  600.00000m   27.2545u 
  650.00000m   35.0979u 
  700.00000m   43.6401u 
  750.00000m   52.7985u 
  800.00000m   62.4964u 
  850.00000m   72.6614u 
  900.00000m   83.2250u 
  950.00000m   94.1216u 
    1.00000   105.2881u 
y
 vth0_value= 234.6962m
 u0_param=  51.1123m
 ags_param= 419.9415m
 
   *** monte carlo  index = 797 ***
x

 volt         param     
             i_d_0.9    
    0.        126.8521p 
   50.00000m  648.2486p 
  100.00000m    3.2122n 
  150.00000m   14.9062n 
  200.00000m   62.4859n 
  250.00000m  231.7866n 
  300.00000m  747.6407n 
  350.00000m    2.0102u 
  400.00000m    4.4028u 
  450.00000m    8.0577u 
  500.00000m   12.8911u 
  550.00000m   18.7554u 
  600.00000m   25.5162u 
  650.00000m   33.0646u 
  700.00000m   41.3087u 
  750.00000m   50.1667u 
  800.00000m   59.5631u 
  850.00000m   69.4267u 
  900.00000m   79.6899u 
  950.00000m   90.2883u 
    1.00000   101.1600u 
y
 vth0_value= 242.2508m
 u0_param=  50.1024m
 ags_param= 418.8198m
 
   *** monte carlo  index = 798 ***
x

 volt         param     
             i_d_0.9    
    0.        120.3003p 
   50.00000m  615.1295p 
  100.00000m    3.0536n 
  150.00000m   14.2161n 
  200.00000m   59.8569n 
  250.00000m  223.1126n 
  300.00000m  723.9488n 
  350.00000m    1.9613u 
  400.00000m    4.3280u 
  450.00000m    7.9677u 
  500.00000m   12.8006u 
  550.00000m   18.6776u 
  600.00000m   25.4620u 
  650.00000m   33.0427u 
  700.00000m   41.3264u 
  750.00000m   50.2305u 
  800.00000m   59.6785u 
  850.00000m   69.5985u 
  900.00000m   79.9224u 
  950.00000m   90.5853u 
    1.00000   101.5247u 
y
 vth0_value= 244.1770m
 u0_param=  50.6122m
 ags_param= 419.7867m
 
   *** monte carlo  index = 799 ***
x

 volt         param     
             i_d_0.9    
    0.         95.6098p 
   50.00000m  489.3758p 
  100.00000m    2.4425n 
  150.00000m   11.4843n 
  200.00000m   49.0361n 
  250.00000m  185.6619n 
  300.00000m  614.0263n 
  350.00000m    1.7051u 
  400.00000m    3.8578u 
  450.00000m    7.2466u 
  500.00000m   11.8127u 
  550.00000m   17.4135u 
  600.00000m   23.9134u 
  650.00000m   31.2018u 
  700.00000m   39.1863u 
  750.00000m   47.7856u 
  800.00000m   56.9247u 
  850.00000m   66.5332u 
  900.00000m   76.5443u 
  950.00000m   86.8943u 
    1.00000    97.5220u 
y
 vth0_value= 250.3284m
 u0_param=  49.3925m
 ags_param= 421.7691m
 
   *** monte carlo  index = 800 ***
x

 volt         param     
             i_d_0.9    
    0.         68.3298p 
   50.00000m  349.8929p 
  100.00000m    1.7596n 
  150.00000m    8.3956n 
  200.00000m   36.6271n 
  250.00000m  142.1238n 
  300.00000m  483.7810n 
  350.00000m    1.3954u 
  400.00000m    3.2864u 
  450.00000m    6.3815u 
  500.00000m   10.6566u 
  550.00000m   15.9771u 
  600.00000m   22.2049u 
  650.00000m   29.2263u 
  700.00000m   36.9477u 
  750.00000m   45.2873u 
  800.00000m   54.1704u 
  850.00000m   63.5269u 
  900.00000m   73.2906u 
  950.00000m   83.3984u 
    1.00000    93.7898u 
y
 vth0_value= 260.1546m
 u0_param=  48.8843m
 ags_param= 409.1416m
 
   *** monte carlo  index = 801 ***
x

 volt         param     
             i_d_0.9    
    0.         83.8995p 
   50.00000m  429.6299p 
  100.00000m    2.1512n 
  150.00000m   10.1763n 
  200.00000m   43.8339n 
  250.00000m  167.6157n 
  300.00000m  560.8929n 
  350.00000m    1.5817u 
  400.00000m    3.6364u 
  450.00000m    6.9205u 
  500.00000m   11.3883u 
  550.00000m   16.8991u 
  600.00000m   23.3156u 
  650.00000m   30.5253u 
  700.00000m   38.4351u 
  750.00000m   46.9631u 
  800.00000m   56.0339u 
  850.00000m   65.5773u 
  900.00000m   75.5262u 
  950.00000m   85.8171u 
    1.00000    96.3889u 
y
 vth0_value= 254.2819m
 u0_param=  49.4011m
 ags_param= 416.2786m
 
   *** monte carlo  index = 802 ***
x

 volt         param     
             i_d_0.9    
    0.        104.7314p 
   50.00000m  535.8826p 
  100.00000m    2.6689n 
  150.00000m   12.4998n 
  200.00000m   53.0735n 
  250.00000m  199.6878n 
  300.00000m  655.4128n 
  350.00000m    1.8021u 
  400.00000m    4.0363u 
  450.00000m    7.5200u 
  500.00000m   12.1860u 
  550.00000m   17.8892u 
  600.00000m   24.4939u 
  650.00000m   31.8894u 
  700.00000m   39.9832u 
  750.00000m   48.6936u 
  800.00000m   57.9450u 
  850.00000m   67.6667u 
  900.00000m   77.7913u 
  950.00000m   88.2547u 
    1.00000    98.9954u 
y
 vth0_value= 247.8425m
 u0_param=  49.8030m
 ags_param= 426.3974m
 
   *** monte carlo  index = 803 ***
x

 volt         param     
             i_d_0.9    
    0.        165.2876p 
   50.00000m  842.8223p 
  100.00000m    4.1470n 
  150.00000m   19.0067n 
  200.00000m   78.3587n 
  250.00000m  285.3676n 
  300.00000m  899.3831n 
  350.00000m    2.3487u 
  400.00000m    5.0015u 
  450.00000m    8.9536u 
  500.00000m   14.1001u 
  550.00000m   20.2874u 
  600.00000m   27.3807u 
  650.00000m   35.2703u 
  700.00000m   43.8635u 
  750.00000m   53.0767u 
  800.00000m   62.8330u 
  850.00000m   73.0594u 
  900.00000m   83.6869u 
  950.00000m   94.6495u 
    1.00000   105.8840u 
y
 vth0_value= 235.1467m
 u0_param=  51.4965m
 ags_param= 426.9026m
 
   *** monte carlo  index = 804 ***
x

 volt         param     
             i_d_0.9    
    0.         35.2347p 
   50.00000m  179.3979p 
  100.00000m  912.9123p 
  150.00000m    4.4701n 
  200.00000m   20.3207n 
  250.00000m   82.8916n 
  300.00000m  298.3681n 
  350.00000m  926.2258n 
  400.00000m    2.3738u 
  450.00000m    4.9656u 
  500.00000m    8.7660u 
  550.00000m   13.6655u 
  600.00000m   19.5191u 
  650.00000m   26.2022u 
  700.00000m   33.6137u 
  750.00000m   41.6676u 
  800.00000m   50.2869u 
  850.00000m   59.4004u 
  900.00000m   68.9407u 
  950.00000m   78.8444u 
    1.00000    89.0506u 
y
 vth0_value= 280.6838m
 u0_param=  49.4511m
 ags_param= 408.7672m
 
   *** monte carlo  index = 805 ***
x

 volt         param     
             i_d_0.9    
    0.        111.0550p 
   50.00000m  568.0999p 
  100.00000m    2.8256n 
  150.00000m   13.2009n 
  200.00000m   55.8556n 
  250.00000m  209.3374n 
  300.00000m  683.8189n 
  350.00000m    1.8686u 
  400.00000m    4.1593u 
  450.00000m    7.7101u 
  500.00000m   12.4485u 
  550.00000m   18.2274u 
  600.00000m   24.9106u 
  650.00000m   32.3870u 
  700.00000m   40.5638u 
  750.00000m   49.3586u 
  800.00000m   58.6956u 
  850.00000m   68.5034u 
  900.00000m   78.7144u 
  950.00000m   89.2640u 
    1.00000   100.0903u 
y
 vth0_value= 246.3147m
 u0_param=  50.1795m
 ags_param= 413.0755m
 
   *** monte carlo  index = 806 ***
x

 volt         param     
             i_d_0.9    
    0.        100.6835p 
   50.00000m  515.2884p 
  100.00000m    2.5691n 
  150.00000m   12.0555n 
  200.00000m   51.3281n 
  250.00000m  193.7135n 
  300.00000m  638.1548n 
  350.00000m    1.7631u 
  400.00000m    3.9682u 
  450.00000m    7.4221u 
  500.00000m   12.0612u 
  550.00000m   17.7408u 
  600.00000m   24.3242u 
  650.00000m   31.7003u 
  700.00000m   39.7761u 
  750.00000m   48.4696u 
  800.00000m   57.7053u 
  850.00000m   67.4122u 
  900.00000m   77.5229u 
  950.00000m   87.9734u 
    1.00000    98.7019u 
y
 vth0_value= 249.0617m
 u0_param=  49.8478m
 ags_param= 418.5685m
 
   *** monte carlo  index = 807 ***
x

 volt         param     
             i_d_0.9    
    0.         30.1023p 
   50.00000m  152.6917p 
  100.00000m  777.5652p 
  150.00000m    3.8181n 
  200.00000m   17.4424n 
  250.00000m   71.6120n 
  300.00000m  259.6648n 
  350.00000m  813.8662n 
  400.00000m    2.1105u 
  450.00000m    4.4641u 
  500.00000m    7.9494u 
  550.00000m   12.4716u 
  600.00000m   17.8971u 
  650.00000m   24.1092u 
  700.00000m   31.0133u 
  750.00000m   38.5291u 
  800.00000m   46.5843u 
  850.00000m   55.1121u 
  900.00000m   64.0493u 
  950.00000m   73.3356u 
    1.00000    82.9138u 
y
 vth0_value= 283.3303m
 u0_param=  46.1809m
 ags_param= 417.1922m
 
   *** monte carlo  index = 808 ***
x

 volt         param     
             i_d_0.9    
    0.        142.8680p 
   50.00000m  729.5929p 
  100.00000m    3.6055n 
  150.00000m   16.6501n 
  200.00000m   69.3361n 
  250.00000m  255.3090n 
  300.00000m  815.9310n 
  350.00000m    2.1682u 
  400.00000m    4.6946u 
  450.00000m    8.5139u 
  500.00000m   13.5317u 
  550.00000m   19.5956u 
  600.00000m   26.5692u 
  650.00000m   34.3414u 
  700.00000m   42.8189u 
  750.00000m   51.9183u 
  800.00000m   61.5624u 
  850.00000m   71.6786u 
  900.00000m   82.1980u 
  950.00000m   93.0549u 
    1.00000   104.1864u 
y
 vth0_value= 239.4202m
 u0_param=  51.2961m
 ags_param= 415.3725m
 
   *** monte carlo  index = 809 ***
x

 volt         param     
             i_d_0.9    
    0.         58.8453p 
   50.00000m  301.2471p 
  100.00000m    1.5201n 
  150.00000m    7.3024n 
  200.00000m   32.1914n 
  250.00000m  126.4404n 
  300.00000m  436.3896n 
  350.00000m    1.2820u 
  400.00000m    3.0808u 
  450.00000m    6.0859u 
  500.00000m   10.2915u 
  550.00000m   15.5656u 
  600.00000m   21.7664u 
  650.00000m   28.7763u 
  700.00000m   36.4990u 
  750.00000m   44.8508u 
  800.00000m   53.7560u 
  850.00000m   63.1434u 
  900.00000m   72.9461u 
  950.00000m   83.1003u 
    1.00000    93.5449u 
y
 vth0_value= 265.1021m
 u0_param=  49.5261m
 ags_param= 420.9143m
 
   *** monte carlo  index = 810 ***
x

 volt         param     
             i_d_0.9    
    0.        149.0771p 
   50.00000m  760.4561p 
  100.00000m    3.7483n 
  150.00000m   17.2334n 
  200.00000m   71.3478n 
  250.00000m  261.0762n 
  300.00000m  827.9153n 
  350.00000m    2.1788u 
  400.00000m    4.6740u 
  450.00000m    8.4164u 
  500.00000m   13.3111u 
  550.00000m   19.2123u 
  600.00000m   25.9908u 
  650.00000m   33.5412u 
  700.00000m   41.7743u 
  750.00000m   50.6102u 
  800.00000m   59.9745u 
  850.00000m   69.7970u 
  900.00000m   80.0112u 
  950.00000m   90.5532u 
    1.00000   101.3616u 
y
 vth0_value= 236.8925m
 u0_param=  49.3535m
 ags_param= 423.5436m
 
   *** monte carlo  index = 811 ***
x

 volt         param     
             i_d_0.9    
    0.        205.7355p 
   50.00000m    1.0456n 
  100.00000m    5.1028n 
  150.00000m   23.0687n 
  200.00000m   93.4469n 
  250.00000m  333.8419n 
  300.00000m    1.0265u 
  350.00000m    2.6015u 
  400.00000m    5.3878u 
  450.00000m    9.4424u 
  500.00000m   14.6493u 
  550.00000m   20.8600u 
  600.00000m   27.9470u 
  650.00000m   35.8062u 
  700.00000m   44.3485u 
  750.00000m   53.4933u 
  800.00000m   63.1653u 
  850.00000m   73.2935u 
  900.00000m   83.8102u 
  950.00000m   94.6506u 
    1.00000   105.7523u 
y
 vth0_value= 227.7401m
 u0_param=  50.2395m
 ags_param= 421.1172m
 
   *** monte carlo  index = 812 ***
x

 volt         param     
             i_d_0.9    
    0.         47.4090p 
   50.00000m  242.2676p 
  100.00000m    1.2265n 
  150.00000m    5.9352n 
  200.00000m   26.4660n 
  250.00000m  105.4013n 
  300.00000m  369.5117n 
  350.00000m    1.1083u 
  400.00000m    2.7269u 
  450.00000m    5.4987u 
  500.00000m    9.4425u 
  550.00000m   14.4375u 
  600.00000m   20.3451u 
  650.00000m   27.0493u 
  700.00000m   34.4549u 
  750.00000m   42.4802u 
  800.00000m   51.0509u 
  850.00000m   60.0980u 
  900.00000m   69.5559u 
  950.00000m   79.3626u 
    1.00000    89.4584u 
y
 vth0_value= 270.7161m
 u0_param=  48.0754m
 ags_param= 408.9263m
 
   *** monte carlo  index = 813 ***
x

 volt         param     
             i_d_0.9    
    0.         30.9822p 
   50.00000m  157.3180p 
  100.00000m  801.5426p 
  150.00000m    3.9386n 
  200.00000m   18.0126n 
  250.00000m   74.0530n 
  300.00000m  268.8698n 
  350.00000m  844.0322n 
  400.00000m    2.1929u 
  450.00000m    4.6463u 
  500.00000m    8.2837u 
  550.00000m   13.0051u 
  600.00000m   18.6690u 
  650.00000m   25.1524u 
  700.00000m   32.3553u 
  750.00000m   40.1931u 
  800.00000m   48.5902u 
  850.00000m   57.4766u 
  900.00000m   66.7863u 
  950.00000m   76.4569u 
    1.00000    86.4286u 
y
 vth0_value= 283.9453m
 u0_param=  48.3978m
 ags_param= 411.9120m
 
   *** monte carlo  index = 814 ***
x

 volt         param     
             i_d_0.9    
    0.        124.3581p 
   50.00000m  635.3897p 
  100.00000m    3.1482n 
  150.00000m   14.6074n 
  200.00000m   61.2257n 
  250.00000m  227.0961n 
  300.00000m  732.4972n 
  350.00000m    1.9694u 
  400.00000m    4.3136u 
  450.00000m    7.8950u 
  500.00000m   12.6324u 
  550.00000m   18.3816u 
  600.00000m   25.0117u 
  650.00000m   32.4160u 
  700.00000m   40.5048u 
  750.00000m   49.1981u 
  800.00000m   58.4216u 
  850.00000m   68.1056u 
  900.00000m   78.1837u 
  950.00000m   88.5924u 
    1.00000    99.2708u 
y
 vth0_value= 242.1790m
 u0_param=  49.0690m
 ags_param= 415.8193m
 
   *** monte carlo  index = 815 ***
x

 volt         param     
             i_d_0.9    
    0.         87.1535p 
   50.00000m  446.3788p 
  100.00000m    2.2343n 
  150.00000m   10.5618n 
  200.00000m   45.4448n 
  250.00000m  173.5514n 
  300.00000m  579.8277n 
  350.00000m    1.6316u 
  400.00000m    3.7428u 
  450.00000m    7.1095u 
  500.00000m   11.6825u 
  550.00000m   17.3172u 
  600.00000m   23.8732u 
  650.00000m   31.2355u 
  700.00000m   39.3091u 
  750.00000m   48.0104u 
  800.00000m   57.2627u 
  850.00000m   66.9942u 
  900.00000m   77.1368u 
  950.00000m   87.6259u 
    1.00000    98.3993u 
y
 vth0_value= 253.8008m
 u0_param=  50.4413m
 ags_param= 424.2546m
 
   *** monte carlo  index = 816 ***
x

 volt         param     
             i_d_0.9    
    0.         56.0166p 
   50.00000m  286.6715p 
  100.00000m    1.4476n 
  150.00000m    6.9661n 
  200.00000m   30.7883n 
  250.00000m  121.3049n 
  300.00000m  420.1473n 
  350.00000m    1.2401u 
  400.00000m    2.9959u 
  450.00000m    5.9452u 
  500.00000m   10.0879u 
  550.00000m   15.2944u 
  600.00000m   21.4240u 
  650.00000m   28.3595u 
  700.00000m   36.0050u 
  750.00000m   44.2775u 
  800.00000m   53.1014u 
  850.00000m   62.4062u 
  900.00000m   72.1254u 
  950.00000m   82.1956u 
    1.00000    92.5561u 
y
 vth0_value= 266.3530m
 u0_param=  49.1503m
 ags_param= 426.3558m
 
   *** monte carlo  index = 817 ***
x

 volt         param     
             i_d_0.9    
    0.        104.6796p 
   50.00000m  535.4923p 
  100.00000m    2.6658n 
  150.00000m   12.4755n 
  200.00000m   52.9140n 
  250.00000m  198.8611n 
  300.00000m  651.8323n 
  350.00000m    1.7892u 
  400.00000m    4.0005u 
  450.00000m    7.4432u 
  500.00000m   12.0504u 
  550.00000m   17.6795u 
  600.00000m   24.1973u 
  650.00000m   31.4951u 
  700.00000m   39.4821u 
  750.00000m   48.0778u 
  800.00000m   57.2078u 
  850.00000m   66.8023u 
  900.00000m   76.7948u 
  950.00000m   87.1221u 
    1.00000    97.7232u 
y
 vth0_value= 247.3618m
 u0_param=  49.0414m
 ags_param= 415.3994m
 
   *** monte carlo  index = 818 ***
x

 volt         param     
             i_d_0.9    
    0.         66.7545p 
   50.00000m  341.8531p 
  100.00000m    1.7204n 
  150.00000m    8.2201n 
  200.00000m   35.9374n 
  250.00000m  139.7871n 
  300.00000m  477.1425n 
  350.00000m    1.3813u 
  400.00000m    3.2661u 
  450.00000m    6.3633u 
  500.00000m   10.6520u 
  550.00000m   15.9968u 
  600.00000m   22.2581u 
  650.00000m   29.3204u 
  700.00000m   37.0890u 
  750.00000m   45.4813u 
  800.00000m   54.4217u 
  850.00000m   63.8397u 
  900.00000m   73.6686u 
  950.00000m   83.8447u 
    1.00000    94.3071u 
y
 vth0_value= 261.1504m
 u0_param=  49.3272m
 ags_param= 417.6145m
 
   *** monte carlo  index = 819 ***
x

 volt         param     
             i_d_0.9    
    0.         57.5247p 
   50.00000m  294.4889p 
  100.00000m    1.4870n 
  150.00000m    7.1530n 
  200.00000m   31.5981n 
  250.00000m  124.4127n 
  300.00000m  430.5573n 
  350.00000m    1.2694u 
  400.00000m    3.0628u 
  450.00000m    6.0710u 
  500.00000m   10.2919u 
  550.00000m   15.5929u 
  600.00000m   21.8301u 
  650.00000m   28.8843u 
  700.00000m   36.6577u 
  750.00000m   45.0657u 
  800.00000m   54.0316u 
  850.00000m   63.4838u 
  900.00000m   73.3546u 
  950.00000m   83.5798u 
    1.00000    94.0979u 
y
 vth0_value= 266.1077m
 u0_param=  50.0185m
 ags_param= 415.7207m
 
   *** monte carlo  index = 820 ***
x

 volt         param     
             i_d_0.9    
    0.         93.0016p 
   50.00000m  476.1576p 
  100.00000m    2.3789n 
  150.00000m   11.2061n 
  200.00000m   47.9744n 
  250.00000m  182.1746n 
  300.00000m  604.5775n 
  350.00000m    1.6864u 
  400.00000m    3.8333u 
  450.00000m    7.2275u 
  500.00000m   11.8128u 
  550.00000m   17.4454u 
  600.00000m   23.9873u 
  650.00000m   31.3259u 
  700.00000m   39.3677u 
  750.00000m   48.0300u 
  800.00000m   57.2372u 
  850.00000m   66.9181u 
  900.00000m   77.0052u 
  950.00000m   87.4344u 
    1.00000    98.1439u 
y
 vth0_value= 251.5165m
 u0_param=  49.9375m
 ags_param= 415.9945m
 
   *** monte carlo  index = 821 ***
x

 volt         param     
             i_d_0.9    
    0.         72.1374p 
   50.00000m  369.5131p 
  100.00000m    1.8571n 
  150.00000m    8.8494n 
  200.00000m   38.5295n 
  250.00000m  149.1505n 
  300.00000m  506.2677n 
  350.00000m    1.4548u 
  400.00000m    3.4122u 
  450.00000m    6.6028u 
  500.00000m   10.9973u 
  550.00000m   16.4565u 
  600.00000m   22.8392u 
  650.00000m   30.0293u 
  700.00000m   37.9311u 
  750.00000m   46.4611u 
  800.00000m   55.5430u 
  850.00000m   65.1053u 
  900.00000m   75.0806u 
  950.00000m   85.4046u 
    1.00000    96.0157u 
y
 vth0_value= 259.2296m
 u0_param=  49.9886m
 ags_param= 418.4157m
 
   *** monte carlo  index = 822 ***
x

 volt         param     
             i_d_0.9    
    0.         77.7188p 
   50.00000m  398.1119p 
  100.00000m    1.9977n 
  150.00000m    9.4896n 
  200.00000m   41.1256n 
  250.00000m  158.3487n 
  300.00000m  534.1522n 
  350.00000m    1.5223u 
  400.00000m    3.5392u 
  450.00000m    6.7979u 
  500.00000m   11.2611u 
  550.00000m   16.7875u 
  600.00000m   23.2362u 
  650.00000m   30.4916u 
  700.00000m   38.4583u 
  750.00000m   47.0527u 
  800.00000m   56.1985u 
  850.00000m   65.8241u 
  900.00000m   75.8618u 
  950.00000m   86.2473u 
    1.00000    96.9186u 
y
 vth0_value= 257.0766m
 u0_param=  50.1471m
 ags_param= 420.2762m
 
   *** monte carlo  index = 823 ***
x

 volt         param     
             i_d_0.9    
    0.         80.6125p 
   50.00000m  412.8307p 
  100.00000m    2.0690n 
  150.00000m    9.8052n 
  200.00000m   42.3472n 
  250.00000m  162.4184n 
  300.00000m  545.4221n 
  350.00000m    1.5452u 
  400.00000m    3.5700u 
  450.00000m    6.8217u 
  500.00000m   11.2586u 
  550.00000m   16.7409u 
  600.00000m   23.1307u 
  650.00000m   30.3151u 
  700.00000m   38.2005u 
  750.00000m   46.7049u 
  800.00000m   55.7531u 
  850.00000m   65.2746u 
  900.00000m   75.2024u 
  950.00000m   85.4730u 
    1.00000    96.0253u 
y
 vth0_value= 255.4869m
 u0_param=  49.3961m
 ags_param= 412.1199m
 
   *** monte carlo  index = 824 ***
x

 volt         param     
             i_d_0.9    
    0.        122.9118p 
   50.00000m  628.2088p 
  100.00000m    3.1151n 
  150.00000m   14.4735n 
  200.00000m   60.7775n 
  250.00000m  225.8854n 
  300.00000m  730.3648n 
  350.00000m    1.9698u 
  400.00000m    4.3275u 
  450.00000m    7.9391u 
  500.00000m   12.7238u 
  550.00000m   18.5351u 
  600.00000m   25.2396u 
  650.00000m   32.7285u 
  700.00000m   40.9106u 
  750.00000m   49.7045u 
  800.00000m   59.0351u 
  850.00000m   68.8317u 
  900.00000m   79.0270u 
  950.00000m   89.5569u 
    1.00000   100.3598u 
y
 vth0_value= 242.9955m
 u0_param=  49.7801m
 ags_param= 422.7689m
 
   *** monte carlo  index = 825 ***
x

 volt         param     
             i_d_0.9    
    0.        111.9020p 
   50.00000m  572.3269p 
  100.00000m    2.8453n 
  150.00000m   13.2820n 
  200.00000m   56.1350n 
  250.00000m  210.1260n 
  300.00000m  685.3900n 
  350.00000m    1.8694u 
  400.00000m    4.1532u 
  450.00000m    7.6875u 
  500.00000m   12.3994u 
  550.00000m   18.1432u 
  600.00000m   24.7842u 
  650.00000m   32.2128u 
  700.00000m   40.3370u 
  750.00000m   49.0753u 
  800.00000m   58.3524u 
  850.00000m   68.0976u 
  900.00000m   78.2437u 
  950.00000m   88.7266u 
    1.00000    99.4847u 
y
 vth0_value= 245.8097m
 u0_param=  49.7512m
 ags_param= 422.9471m
 
   *** monte carlo  index = 826 ***
x

 volt         param     
             i_d_0.9    
    0.         67.0486p 
   50.00000m  343.3240p 
  100.00000m    1.7272n 
  150.00000m    8.2481n 
  200.00000m   36.0286n 
  250.00000m  140.0031n 
  300.00000m  477.3526n 
  350.00000m    1.3799u 
  400.00000m    3.2576u 
  450.00000m    6.3384u 
  500.00000m   10.6003u 
  550.00000m   15.9089u 
  600.00000m   22.1262u 
  650.00000m   29.1381u 
  700.00000m   36.8507u 
  750.00000m   45.1821u 
  800.00000m   54.0577u 
  850.00000m   63.4072u 
  900.00000m   73.1645u 
  950.00000m   83.2664u 
    1.00000    93.6525u 
y
 vth0_value= 260.7378m
 u0_param=  48.8994m
 ags_param= 409.1326m
 
   *** monte carlo  index = 827 ***
x

 volt         param     
             i_d_0.9    
    0.         46.0269p 
   50.00000m  235.0966p 
  100.00000m    1.1904n 
  150.00000m    5.7628n 
  200.00000m   25.7162n 
  250.00000m  102.5097n 
  300.00000m  359.7681n 
  350.00000m    1.0806u 
  400.00000m    2.6635u 
  450.00000m    5.3791u 
  500.00000m    9.2484u 
  550.00000m   14.1535u 
  600.00000m   19.9586u 
  650.00000m   26.5497u 
  700.00000m   33.8333u 
  750.00000m   41.7289u 
  800.00000m   50.1637u 
  850.00000m   59.0695u 
  900.00000m   68.3819u 
  950.00000m   78.0396u 
    1.00000    87.9838u 
y
 vth0_value= 271.0739m
 u0_param=  47.2682m
 ags_param= 413.9989m
 
   *** monte carlo  index = 828 ***
x

 volt         param     
             i_d_0.9    
    0.        143.1906p 
   50.00000m  730.9081p 
  100.00000m    3.6088n 
  150.00000m   16.6401n 
  200.00000m   69.1568n 
  250.00000m  254.1171n 
  300.00000m  810.0620n 
  350.00000m    2.1457u 
  400.00000m    4.6320u 
  450.00000m    8.3811u 
  500.00000m   13.3001u 
  550.00000m   19.2411u 
  600.00000m   26.0719u 
  650.00000m   33.6850u 
  700.00000m   41.9894u 
  750.00000m   50.9041u 
  800.00000m   60.3536u 
  850.00000m   70.2669u 
  900.00000m   80.5766u 
  950.00000m   91.2183u 
    1.00000   102.1299u 
y
 vth0_value= 238.5473m
 u0_param=  50.0296m
 ags_param= 422.5102m
 
   *** monte carlo  index = 829 ***
x

 volt         param     
             i_d_0.9    
    0.         87.0196p 
   50.00000m  445.7139p 
  100.00000m    2.2312n 
  150.00000m   10.5496n 
  200.00000m   45.4067n 
  250.00000m  173.4659n 
  300.00000m  579.7739n 
  350.00000m    1.6323u 
  400.00000m    3.7465u 
  450.00000m    7.1197u 
  500.00000m   11.7029u 
  550.00000m   17.3511u 
  600.00000m   23.9233u 
  650.00000m   31.3043u 
  700.00000m   39.3986u 
  750.00000m   48.1222u 
  800.00000m   57.3984u 
  850.00000m   67.1551u 
  900.00000m   77.3241u 
  950.00000m   87.8405u 
    1.00000    98.6421u 
y
 vth0_value= 253.9446m
 u0_param=  50.5946m
 ags_param= 429.3388m
 
   *** monte carlo  index = 830 ***
x

 volt         param     
             i_d_0.9    
    0.        282.1808p 
   50.00000m    1.4262n 
  100.00000m    6.8755n 
  150.00000m   30.4757n 
  200.00000m  120.4989n 
  250.00000m  419.1110n 
  300.00000m    1.2442u 
  350.00000m    3.0266u 
  400.00000m    6.0439u 
  450.00000m   10.3071u 
  500.00000m   15.6877u 
  550.00000m   22.0420u 
  600.00000m   29.2494u 
  650.00000m   37.2105u 
  700.00000m   45.8393u 
  750.00000m   55.0569u 
  800.00000m   64.7893u 
  850.00000m   74.9665u 
  900.00000m   85.5215u 
  950.00000m   96.3901u 
    1.00000   107.5100u 
y
 vth0_value= 217.7419m
 u0_param=  49.5537m
 ags_param= 442.4647m
 
   *** monte carlo  index = 831 ***
x

 volt         param     
             i_d_0.9    
    0.         88.9534p 
   50.00000m  455.4733p 
  100.00000m    2.2777n 
  150.00000m   10.7493n 
  200.00000m   46.1410n 
  250.00000m  175.7405n 
  300.00000m  585.3241n 
  350.00000m    1.6404u 
  400.00000m    3.7471u 
  450.00000m    7.0934u 
  500.00000m   11.6278u 
  550.00000m   17.2076u 
  600.00000m   23.6954u 
  650.00000m   30.9787u 
  700.00000m   38.9640u 
  750.00000m   47.5691u 
  800.00000m   56.7186u 
  850.00000m   66.3416u 
  900.00000m   76.3709u 
  950.00000m   86.7425u 
    1.00000    97.3950u 
y
 vth0_value= 252.7069m
 u0_param=  49.6985m
 ags_param= 425.2658m
 
   *** monte carlo  index = 832 ***
x

 volt         param     
             i_d_0.9    
    0.        152.3482p 
   50.00000m  776.8960p 
  100.00000m    3.8262n 
  150.00000m   17.5663n 
  200.00000m   72.5892n 
  250.00000m  265.0763n 
  300.00000m  838.4386n 
  350.00000m    2.1994u 
  400.00000m    4.7039u 
  450.00000m    8.4503u 
  500.00000m   13.3426u 
  550.00000m   19.2357u 
  600.00000m   26.0015u 
  650.00000m   33.5355u 
  700.00000m   41.7491u 
  750.00000m   50.5626u 
  800.00000m   59.9022u 
  850.00000m   69.6981u 
  900.00000m   79.8837u 
  950.00000m   90.3955u 
    1.00000   101.1723u 
y
 vth0_value= 236.0885m
 u0_param=  49.1264m
 ags_param= 423.7156m
 
   *** monte carlo  index = 833 ***
x

 volt         param     
             i_d_0.9    
    0.        113.0503p 
   50.00000m  578.1831p 
  100.00000m    2.8738n 
  150.00000m   13.4103n 
  200.00000m   56.6475n 
  250.00000m  211.9193n 
  300.00000m  690.7331n 
  350.00000m    1.8822u 
  400.00000m    4.1776u 
  450.00000m    7.7266u 
  500.00000m   12.4553u 
  550.00000m   18.2174u 
  600.00000m   24.8779u 
  650.00000m   32.3268u 
  700.00000m   40.4720u 
  750.00000m   49.2317u 
  800.00000m   58.5306u 
  850.00000m   68.2977u 
  900.00000m   78.4657u 
  950.00000m   88.9703u 
    1.00000    99.7499u 
y
 vth0_value= 245.5836m
 u0_param=  49.8785m
 ags_param= 410.2435m
 
   *** monte carlo  index = 834 ***
x

 volt         param     
             i_d_0.9    
    0.         41.1533p 
   50.00000m  210.0029p 
  100.00000m    1.0660n 
  150.00000m    5.1885n 
  200.00000m   23.3552n 
  250.00000m   94.0935n 
  300.00000m  334.1053n 
  350.00000m    1.0190u 
  400.00000m    2.5567u 
  450.00000m    5.2460u 
  500.00000m    9.1266u 
  550.00000m   14.0822u 
  600.00000m   19.9709u 
  650.00000m   26.6723u 
  700.00000m   34.0884u 
  750.00000m   42.1355u 
  800.00000m   50.7380u 
  850.00000m   59.8256u 
  900.00000m   69.3319u 
  950.00000m   79.1942u 
    1.00000    89.3522u 
y
 vth0_value= 275.4974m
 u0_param=  48.7810m
 ags_param= 408.3946m
 
   *** monte carlo  index = 835 ***
x

 volt         param     
             i_d_0.9    
    0.         27.2528p 
   50.00000m  137.9247p 
  100.00000m  703.4181p 
  150.00000m    3.4676n 
  200.00000m   15.9474n 
  250.00000m   66.0500n 
  300.00000m  241.7899n 
  350.00000m  767.0456n 
  400.00000m    2.0191u 
  450.00000m    4.3314u 
  500.00000m    7.7974u 
  550.00000m   12.3269u 
  600.00000m   17.7830u 
  650.00000m   24.0446u 
  700.00000m   31.0136u 
  750.00000m   38.6073u 
  800.00000m   46.7516u 
  850.00000m   55.3781u 
  900.00000m   64.4224u 
  950.00000m   73.8233u 
    1.00000    83.5225u 
y
 vth0_value= 287.0618m
 u0_param=  47.1452m
 ags_param= 405.2728m
 
   *** monte carlo  index = 836 ***
x

 volt         param     
             i_d_0.9    
    0.        116.9962p 
   50.00000m  598.1500p 
  100.00000m    2.9696n 
  150.00000m   13.8283n 
  200.00000m   58.2450n 
  250.00000m  217.2059n 
  300.00000m  705.2386n 
  350.00000m    1.9122u 
  400.00000m    4.2233u 
  450.00000m    7.7808u 
  500.00000m   12.5079u 
  550.00000m   18.2594u 
  600.00000m   24.9019u 
  650.00000m   32.3270u 
  700.00000m   40.4434u 
  750.00000m   49.1702u 
  800.00000m   58.4324u 
  850.00000m   68.1597u 
  900.00000m   78.2851u 
  950.00000m   88.7448u 
    1.00000    99.4773u 
y
 vth0_value= 244.3164m
 u0_param=  49.5208m
 ags_param= 414.4731m
 
   *** monte carlo  index = 837 ***
x

 volt         param     
             i_d_0.9    
    0.        150.2089p 
   50.00000m  766.3692p 
  100.00000m    3.7785n 
  150.00000m   17.3796n 
  200.00000m   71.9928n 
  250.00000m  263.5823n 
  300.00000m  836.4132n 
  350.00000m    2.2029u 
  400.00000m    4.7294u 
  450.00000m    8.5209u 
  500.00000m   13.4811u 
  550.00000m   19.4616u 
  600.00000m   26.3309u 
  650.00000m   33.9818u 
  700.00000m   42.3237u 
  750.00000m   51.2754u 
  800.00000m   60.7616u 
  850.00000m   70.7112u 
  900.00000m   81.0567u 
  950.00000m   91.7335u 
    1.00000   102.6796u 
y
 vth0_value= 237.1407m
 u0_param=  50.0881m
 ags_param= 431.4402m
 
   *** monte carlo  index = 838 ***
x

 volt         param     
             i_d_0.9    
    0.        100.8749p 
   50.00000m  516.1659p 
  100.00000m    2.5724n 
  150.00000m   12.0623n 
  200.00000m   51.3053n 
  250.00000m  193.4163n 
  300.00000m  636.3665n 
  350.00000m    1.7552u 
  400.00000m    3.9440u 
  450.00000m    7.3671u 
  500.00000m   11.9611u 
  550.00000m   17.5829u 
  600.00000m   24.0984u 
  650.00000m   31.3978u 
  700.00000m   39.3895u 
  750.00000m   47.9928u 
  800.00000m   57.1328u 
  850.00000m   66.7394u 
  900.00000m   76.7459u 
  950.00000m   87.0890u 
    1.00000    97.7075u 
y
 vth0_value= 248.6052m
 u0_param=  49.2328m
 ags_param= 413.1003m
 
   *** monte carlo  index = 839 ***
x

 volt         param     
             i_d_0.9    
    0.         92.0818p 
   50.00000m  471.4812p 
  100.00000m    2.3562n 
  150.00000m   11.1058n 
  200.00000m   47.5841n 
  250.00000m  180.8586n 
  300.00000m  600.8617n 
  350.00000m    1.6784u 
  400.00000m    3.8208u 
  450.00000m    7.2124u 
  500.00000m   11.7983u 
  550.00000m   17.4343u 
  600.00000m   23.9819u 
  650.00000m   31.3282u 
  700.00000m   39.3792u 
  750.00000m   48.0522u 
  800.00000m   57.2713u 
  850.00000m   66.9651u 
  900.00000m   77.0662u 
  950.00000m   87.5100u 
    1.00000    98.2351u 
y
 vth0_value= 251.8867m
 u0_param=  50.0463m
 ags_param= 417.4509m
 
   *** monte carlo  index = 840 ***
x

 volt         param     
             i_d_0.9    
    0.        109.6493p 
   50.00000m  561.1581p 
  100.00000m    2.7940n 
  150.00000m   13.0772n 
  200.00000m   55.4728n 
  250.00000m  208.4758n 
  300.00000m  683.2281n 
  350.00000m    1.8749u 
  400.00000m    4.1907u 
  450.00000m    7.7942u 
  500.00000m   12.6132u 
  550.00000m   18.4970u 
  600.00000m   25.3049u 
  650.00000m   32.9226u 
  700.00000m   41.2546u 
  750.00000m   50.2166u 
  800.00000m   59.7308u 
  850.00000m   69.7245u 
  900.00000m   80.1286u 
  950.00000m   90.8774u 
    1.00000   101.9079u 
y
 vth0_value= 247.4504m
 u0_param=  51.3669m
 ags_param= 417.0192m
 
   *** monte carlo  index = 841 ***
x

 volt         param     
             i_d_0.9    
    0.        110.1796p 
   50.00000m  563.2999p 
  100.00000m    2.7990n 
  150.00000m   13.0543n 
  200.00000m   55.1090n 
  250.00000m  206.0416n 
  300.00000m  671.1705n 
  350.00000m    1.8275u 
  400.00000m    4.0534u 
  450.00000m    7.4935u 
  500.00000m   12.0770u 
  550.00000m   17.6637u 
  600.00000m   24.1237u 
  650.00000m   31.3514u 
  700.00000m   39.2580u 
  750.00000m   47.7644u 
  800.00000m   56.7977u 
  850.00000m   66.2891u 
  900.00000m   76.1731u 
  950.00000m   86.3872u 
    1.00000    96.8711u 
y
 vth0_value= 245.2784m
 u0_param=  48.2304m
 ags_param= 430.2181m
 
   *** monte carlo  index = 842 ***
x

 volt         param     
             i_d_0.9    
    0.         51.7606p 
   50.00000m  264.7593p 
  100.00000m    1.3390n 
  150.00000m    6.4633n 
  200.00000m   28.7073n 
  250.00000m  113.7748n 
  300.00000m  396.6839n 
  350.00000m    1.1811u 
  400.00000m    2.8819u 
  450.00000m    5.7686u 
  500.00000m    9.8509u 
  550.00000m   15.0022u 
  600.00000m   21.0808u 
  650.00000m   27.9684u 
  700.00000m   35.5684u 
  750.00000m   43.7973u 
  800.00000m   52.5795u 
  850.00000m   61.8444u 
  900.00000m   71.5253u 
  950.00000m   81.5588u 
    1.00000    91.8844u 
y
 vth0_value= 268.7608m
 u0_param=  49.1616m
 ags_param= 418.3308m
 
   *** monte carlo  index = 843 ***
x

 volt         param     
             i_d_0.9    
    0.         47.5448p 
   50.00000m  242.9685p 
  100.00000m    1.2300n 
  150.00000m    5.9514n 
  200.00000m   26.5340n 
  250.00000m  105.6499n 
  300.00000m  370.2984n 
  350.00000m    1.1103u 
  400.00000m    2.7309u 
  450.00000m    5.5051u 
  500.00000m    9.4514u 
  550.00000m   14.4488u 
  600.00000m   20.3590u 
  650.00000m   27.0656u 
  700.00000m   34.4737u 
  750.00000m   42.5015u 
  800.00000m   51.0749u 
  850.00000m   60.1247u 
  900.00000m   69.5854u 
  950.00000m   79.3949u 
    1.00000    89.4937u 
y
 vth0_value= 270.6311m
 u0_param=  48.0785m
 ags_param= 411.9321m
 
   *** monte carlo  index = 844 ***
x

 volt         param     
             i_d_0.9    
    0.         25.6844p 
   50.00000m  129.7735p 
  100.00000m  662.2363p 
  150.00000m    3.2705n 
  200.00000m   15.0890n 
  250.00000m   62.7606n 
  300.00000m  230.8215n 
  350.00000m  736.5633n 
  400.00000m    1.9532u 
  450.00000m    4.2197u 
  500.00000m    7.6384u 
  550.00000m   12.1229u 
  600.00000m   17.5366u 
  650.00000m   23.7577u 
  700.00000m   30.6875u 
  750.00000m   38.2430u 
  800.00000m   46.3500u 
  850.00000m   54.9401u 
  900.00000m   63.9489u 
  950.00000m   73.3153u 
    1.00000    82.9809u 
y
 vth0_value= 288.8742m
 u0_param=  47.1127m
 ags_param= 397.6710m
 
   *** monte carlo  index = 845 ***
x

 volt         param     
             i_d_0.9    
    0.         44.8085p 
   50.00000m  228.8873p 
  100.00000m    1.1603n 
  150.00000m    5.6301n 
  200.00000m   25.2156n 
  250.00000m  100.9581n 
  300.00000m  356.0183n 
  350.00000m    1.0760u 
  400.00000m    2.6714u 
  450.00000m    5.4295u 
  500.00000m    9.3784u 
  550.00000m   14.3981u 
  600.00000m   20.3470u 
  650.00000m   27.1059u 
  700.00000m   34.5776u 
  750.00000m   42.6785u 
  800.00000m   51.3333u 
  850.00000m   60.4717u 
  900.00000m   70.0275u 
  950.00000m   79.9376u 
    1.00000    90.1418u 
y
 vth0_value= 272.9264m
 u0_param=  48.8189m
 ags_param= 417.0406m
 
   *** monte carlo  index = 846 ***
x

 volt         param     
             i_d_0.9    
    0.         96.3985p 
   50.00000m  493.4604p 
  100.00000m    2.4630n 
  150.00000m   11.5815n 
  200.00000m   49.4549n 
  250.00000m  187.2588n 
  300.00000m  619.3309n 
  350.00000m    1.7199u 
  400.00000m    3.8914u 
  450.00000m    7.3097u 
  500.00000m   11.9152u 
  550.00000m   17.5637u 
  600.00000m   24.1182u 
  650.00000m   31.4668u 
  700.00000m   39.5164u 
  750.00000m   48.1848u 
  800.00000m   57.3963u 
  850.00000m   67.0801u 
  900.00000m   77.1688u 
  950.00000m   87.5982u 
    1.00000    98.3068u 
y
 vth0_value= 250.3697m
 u0_param=  49.8393m
 ags_param= 418.6276m
 
   *** monte carlo  index = 847 ***
x

 volt         param     
             i_d_0.9    
    0.        103.0981p 
   50.00000m  527.6719p 
  100.00000m    2.6301n 
  150.00000m   12.3352n 
  200.00000m   52.4772n 
  250.00000m  197.8686n 
  300.00000m  651.0957n 
  350.00000m    1.7961u 
  400.00000m    4.0363u 
  450.00000m    7.5399u 
  500.00000m   12.2410u 
  550.00000m   17.9924u 
  600.00000m   24.6561u 
  650.00000m   32.1194u 
  700.00000m   40.2884u 
  750.00000m   49.0801u 
  800.00000m   58.4181u 
  850.00000m   68.2308u 
  900.00000m   78.4501u 
  950.00000m   89.0114u 
    1.00000    99.8524u 
y
 vth0_value= 248.7199m
 u0_param=  50.4312m
 ags_param= 418.2603m
 
   *** monte carlo  index = 848 ***
x

 volt         param     
             i_d_0.9    
    0.         76.1567p 
   50.00000m  390.0026p 
  100.00000m    1.9568n 
  150.00000m    9.2940n 
  200.00000m   40.2715n 
  250.00000m  155.0402n 
  300.00000m  522.9558n 
  350.00000m    1.4903u 
  400.00000m    3.4645u 
  450.00000m    6.6546u 
  500.00000m   11.0244u 
  550.00000m   16.4365u 
  600.00000m   22.7533u 
  650.00000m   29.8623u 
  700.00000m   37.6701u 
  750.00000m   46.0951u 
  800.00000m   55.0624u 
  850.00000m   64.5019u 
  900.00000m   74.3472u 
  950.00000m   84.5349u 
    1.00000    95.0044u 
y
 vth0_value= 256.9893m
 u0_param=  49.0629m
 ags_param= 411.4430m
 
   *** monte carlo  index = 849 ***
x

 volt         param     
             i_d_0.9    
    0.        158.9104p 
   50.00000m  810.7049p 
  100.00000m    3.9942n 
  150.00000m   18.3482n 
  200.00000m   75.8703n 
  250.00000m  277.2089n 
  300.00000m  877.2878n 
  350.00000m    2.3028u 
  400.00000m    4.9277u 
  450.00000m    8.8546u 
  500.00000m   13.9812u 
  550.00000m   20.1535u 
  600.00000m   27.2356u 
  650.00000m   35.1170u 
  700.00000m   43.7043u 
  750.00000m   52.9138u 
  800.00000m   62.6682u 
  850.00000m   72.8944u 
  900.00000m   83.5232u 
  950.00000m   94.4887u 
    1.00000   105.7272u 
y
 vth0_value= 236.4165m
 u0_param=  51.6283m
 ags_param= 421.9301m
 
   *** monte carlo  index = 850 ***
x

 volt         param     
             i_d_0.9    
    0.         78.8160p 
   50.00000m  403.7012p 
  100.00000m    2.0248n 
  150.00000m    9.6106n 
  200.00000m   41.5983n 
  250.00000m  159.9447n 
  300.00000m  538.6681n 
  350.00000m    1.5319u 
  400.00000m    3.5535u 
  450.00000m    6.8129u 
  500.00000m   11.2709u 
  550.00000m   16.7869u 
  600.00000m   23.2209u 
  650.00000m   30.4582u 
  700.00000m   38.4041u 
  750.00000m   46.9755u 
  800.00000m   56.0963u 
  850.00000m   65.6954u 
  900.00000m   75.7054u 
  950.00000m   86.0619u 
    1.00000    96.7035u 
y
 vth0_value= 256.5054m
 u0_param=  49.9174m
 ags_param= 430.7709m
 
   *** monte carlo  index = 851 ***
x

 volt         param     
             i_d_0.9    
    0.         69.8602p 
   50.00000m  357.7898p 
  100.00000m    1.7989n 
  150.00000m    8.5797n 
  200.00000m   37.4051n 
  250.00000m  145.0251n 
  300.00000m  493.1759n 
  350.00000m    1.4206u 
  400.00000m    3.3411u 
  450.00000m    6.4798u 
  500.00000m   10.8106u 
  550.00000m   16.1968u 
  600.00000m   22.4986u 
  650.00000m   29.6011u 
  700.00000m   37.4095u 
  750.00000m   45.8411u 
  800.00000m   54.8204u 
  850.00000m   64.2768u 
  900.00000m   74.1431u 
  950.00000m   84.3559u 
    1.00000    94.8541u 
y
 vth0_value= 259.8455m
 u0_param=  49.4383m
 ags_param= 410.2810m
 
   *** monte carlo  index = 852 ***
x

 volt         param     
             i_d_0.9    
    0.        104.2266p 
   50.00000m  533.4148p 
  100.00000m    2.6579n 
  150.00000m   12.4592n 
  200.00000m   52.9648n 
  250.00000m  199.5389n 
  300.00000m  655.9218n 
  350.00000m    1.8070u 
  400.00000m    4.0553u 
  450.00000m    7.5671u 
  500.00000m   12.2753u 
  550.00000m   18.0327u 
  600.00000m   24.7014u 
  650.00000m   32.1687u 
  700.00000m   40.3408u 
  750.00000m   49.1349u 
  800.00000m   58.4745u 
  850.00000m   68.2879u 
  900.00000m   78.5073u 
  950.00000m   89.0678u 
    1.00000    99.9074u 
y
 vth0_value= 248.3862m
 u0_param=  50.4232m
 ags_param= 407.0290m
 
   *** monte carlo  index = 853 ***
x

 volt         param     
             i_d_0.9    
    0.        128.6247p 
   50.00000m  657.2248p 
  100.00000m    3.2553n 
  150.00000m   15.0953n 
  200.00000m   63.2155n 
  250.00000m  234.2364n 
  300.00000m  754.5242n 
  350.00000m    2.0252u 
  400.00000m    4.4283u 
  450.00000m    8.0937u 
  500.00000m   12.9368u 
  550.00000m   18.8099u 
  600.00000m   25.5791u 
  650.00000m   33.1356u 
  700.00000m   41.3877u 
  750.00000m   50.2539u 
  800.00000m   59.6585u 
  850.00000m   69.5305u 
  900.00000m   79.8024u 
  950.00000m   90.4096u 
    1.00000   101.2902u 
y
 vth0_value= 241.8179m
 u0_param=  50.0805m
 ags_param= 435.1597m
 
   *** monte carlo  index = 854 ***
x

 volt         param     
             i_d_0.9    
    0.         43.9964p 
   50.00000m  224.6632p 
  100.00000m    1.1389n 
  150.00000m    5.5271n 
  200.00000m   24.7609n 
  250.00000m   99.1728n 
  300.00000m  349.8783n 
  350.00000m    1.0581u 
  400.00000m    2.6288u 
  450.00000m    5.3465u 
  500.00000m    9.2403u 
  550.00000m   14.1921u 
  600.00000m   20.0628u 
  650.00000m   26.7348u 
  700.00000m   34.1122u 
  750.00000m   42.1128u 
  800.00000m   50.6621u 
  850.00000m   59.6907u 
  900.00000m   69.1331u 
  950.00000m   78.9270u 
    1.00000    89.0128u 
y
 vth0_value= 273.0558m
 u0_param=  48.1707m
 ags_param= 421.6850m
 
   *** monte carlo  index = 855 ***
x

 volt         param     
             i_d_0.9    
    0.         88.2313p 
   50.00000m  451.6608p 
  100.00000m    2.2579n 
  150.00000m   10.6494n 
  200.00000m   45.6746n 
  250.00000m  173.8125n 
  300.00000m  578.3462n 
  350.00000m    1.6189u 
  400.00000m    3.6931u 
  450.00000m    6.9842u 
  500.00000m   11.4412u 
  550.00000m   16.9248u 
  600.00000m   23.3005u 
  650.00000m   30.4585u 
  700.00000m   38.3075u 
  750.00000m   46.7667u 
  800.00000m   55.7623u 
  850.00000m   65.2245u 
  900.00000m   75.0872u 
  950.00000m   85.2876u 
    1.00000    95.7651u 
y
 vth0_value= 252.3241m
 u0_param=  48.7350m
 ags_param= 421.1911m
 
   *** monte carlo  index = 856 ***
x

 volt         param     
             i_d_0.9    
    0.         70.7854p 
   50.00000m  362.3481p 
  100.00000m    1.8195n 
  150.00000m    8.6572n 
  200.00000m   37.6110n 
  250.00000m  145.2499n 
  300.00000m  491.7705n 
  350.00000m    1.4084u 
  400.00000m    3.2919u 
  450.00000m    6.3518u 
  500.00000m   10.5590u 
  550.00000m   15.7821u 
  600.00000m   21.8882u 
  650.00000m   28.7680u 
  700.00000m   36.3311u 
  750.00000m   44.4982u 
  800.00000m   53.1968u 
  850.00000m   62.3586u 
  900.00000m   71.9190u 
  950.00000m   81.8163u 
    1.00000    91.9912u 
y
 vth0_value= 258.1919m
 u0_param=  47.5434m
 ags_param= 422.5570m
 
   *** monte carlo  index = 857 ***
x

 volt         param     
             i_d_0.9    
    0.        112.8310p 
   50.00000m  576.9933p 
  100.00000m    2.8673n 
  150.00000m   13.3754n 
  200.00000m   56.4741n 
  250.00000m  211.1690n 
  300.00000m  687.9048n 
  350.00000m    1.8732u 
  400.00000m    4.1546u 
  450.00000m    7.6802u 
  500.00000m   12.3763u 
  550.00000m   18.0982u 
  600.00000m   24.7123u 
  650.00000m   32.1097u 
  700.00000m   40.1993u 
  750.00000m   48.8999u 
  800.00000m   58.1369u 
  850.00000m   67.8398u 
  900.00000m   77.9417u 
  950.00000m   88.3788u 
    1.00000    99.0898u 
y
 vth0_value= 245.3743m
 u0_param=  49.4648m
 ags_param= 423.2768m
 
   *** monte carlo  index = 858 ***
x

 volt         param     
             i_d_0.9    
    0.        103.1008p 
   50.00000m  527.6632p 
  100.00000m    2.6298n 
  150.00000m   12.3321n 
  200.00000m   52.4538n 
  250.00000m  197.7374n 
  300.00000m  650.4992n 
  350.00000m    1.7939u 
  400.00000m    4.0300u 
  450.00000m    7.5261u 
  500.00000m   12.2162u 
  550.00000m   17.9538u 
  600.00000m   24.6012u 
  650.00000m   32.0461u 
  700.00000m   40.1949u 
  750.00000m   48.9649u 
  800.00000m   58.2798u 
  850.00000m   68.0682u 
  900.00000m   78.2622u 
  950.00000m   88.7973u 
    1.00000    99.6114u 
y
 vth0_value= 248.6288m
 u0_param=  50.2896m
 ags_param= 413.2729m
 
   *** monte carlo  index = 859 ***
x

 volt         param     
             i_d_0.9    
    0.         35.6529p 
   50.00000m  181.4845p 
  100.00000m  922.5104p 
  150.00000m    4.5073n 
  200.00000m   20.4168n 
  250.00000m   82.9142n 
  300.00000m  297.0469n 
  350.00000m  916.6235n 
  400.00000m    2.3323u 
  450.00000m    4.8469u 
  500.00000m    8.5151u 
  550.00000m   13.2308u 
  600.00000m   18.8576u 
  650.00000m   25.2781u 
  700.00000m   32.3970u 
  750.00000m   40.1330u 
  800.00000m   48.4128u 
  850.00000m   57.1683u 
  900.00000m   66.3351u 
  950.00000m   75.8522u 
    1.00000    85.6610u 
y
 vth0_value= 278.7747m
 u0_param=  47.1178m
 ags_param= 408.0377m
 
   *** monte carlo  index = 860 ***
x

 volt         param     
             i_d_0.9    
    0.         76.3748p 
   50.00000m  391.1960p 
  100.00000m    1.9634n 
  150.00000m    9.3308n 
  200.00000m   40.4642n 
  250.00000m  155.9237n 
  300.00000m  526.4640n 
  350.00000m    1.5023u 
  400.00000m    3.4972u 
  450.00000m    6.7249u 
  500.00000m   11.1497u 
  550.00000m   16.6317u 
  600.00000m   23.0310u 
  650.00000m   30.2328u 
  700.00000m   38.1424u 
  750.00000m   46.6767u 
  800.00000m   55.7600u 
  850.00000m   65.3211u 
  900.00000m   75.2926u 
  950.00000m   85.6106u 
    1.00000    96.2137u 
y
 vth0_value= 257.3780m
 u0_param=  49.7948m
 ags_param= 421.6293m
 
   *** monte carlo  index = 861 ***
x

 volt         param     
             i_d_0.9    
    0.         39.3074p 
   50.00000m  200.4507p 
  100.00000m    1.0181n 
  150.00000m    4.9630n 
  200.00000m   22.3956n 
  250.00000m   90.5076n 
  300.00000m  322.4796n 
  350.00000m  987.9668n 
  400.00000m    2.4922u 
  450.00000m    5.1385u 
  500.00000m    8.9726u 
  550.00000m   13.8809u 
  600.00000m   19.7218u 
  650.00000m   26.3752u 
  700.00000m   33.7429u 
  750.00000m   41.7413u 
  800.00000m   50.2951u 
  850.00000m   59.3342u 
  900.00000m   68.7925u 
  950.00000m   78.6073u 
    1.00000    88.7186u 
y
 vth0_value= 276.7778m
 u0_param=  48.5961m
 ags_param= 421.0743m
 
   *** monte carlo  index = 862 ***
x

 volt         param     
             i_d_0.9    
    0.        106.7793p 
   50.00000m  546.3082p 
  100.00000m    2.7195n 
  150.00000m   12.7256n 
  200.00000m   53.9653n 
  250.00000m  202.7615n 
  300.00000m  664.3825n 
  350.00000m    1.8228u 
  400.00000m    4.0736u 
  450.00000m    7.5761u 
  500.00000m   12.2612u 
  550.00000m   17.9837u 
  600.00000m   24.6077u 
  650.00000m   32.0227u 
  700.00000m   40.1363u 
  750.00000m   48.8667u 
  800.00000m   58.1383u 
  850.00000m   67.8803u 
  900.00000m   78.0252u 
  950.00000m   88.5090u 
    1.00000    99.2700u 
y
 vth0_value= 247.2940m
 u0_param=  49.8590m
 ags_param= 431.5900m
 
   *** monte carlo  index = 863 ***
x

 volt         param     
             i_d_0.9    
    0.         76.8675p 
   50.00000m  393.6581p 
  100.00000m    1.9749n 
  150.00000m    9.3777n 
  200.00000m   40.6192n 
  250.00000m  156.3117n 
  300.00000m  526.9760n 
  350.00000m    1.5007u 
  400.00000m    3.4863u 
  450.00000m    6.6924u 
  500.00000m   11.0822u 
  550.00000m   16.5174u 
  600.00000m   22.8603u 
  650.00000m   29.9977u 
  700.00000m   37.8361u 
  750.00000m   46.2936u 
  800.00000m   55.2951u 
  850.00000m   64.7703u 
  900.00000m   74.6525u 
  950.00000m   84.8783u 
    1.00000    95.3867u 
y
 vth0_value= 256.8213m
 u0_param=  49.2359m
 ags_param= 422.8888m
 
   *** monte carlo  index = 864 ***
x

 volt         param     
             i_d_0.9    
    0.         39.9752p 
   50.00000m  203.8595p 
  100.00000m    1.0347n 
  150.00000m    5.0365n 
  200.00000m   22.6732n 
  250.00000m   91.3630n 
  300.00000m  324.5100n 
  350.00000m  990.1775n 
  400.00000m    2.4859u 
  450.00000m    5.1035u 
  500.00000m    8.8832u 
  550.00000m   13.7128u 
  600.00000m   19.4547u 
  650.00000m   25.9921u 
  700.00000m   33.2299u 
  750.00000m   41.0864u 
  800.00000m   49.4881u 
  850.00000m   58.3664u 
  900.00000m   67.6565u 
  950.00000m   77.2969u 
    1.00000    87.2285u 
y
 vth0_value= 275.5441m
 u0_param=  47.5180m
 ags_param= 421.5137m
 
   *** monte carlo  index = 865 ***
x

 volt         param     
             i_d_0.9    
    0.         97.2331p 
   50.00000m  497.6675p 
  100.00000m    2.4830n 
  150.00000m   11.6672n 
  200.00000m   49.7700n 
  250.00000m  188.2405n 
  300.00000m  621.7568n 
  350.00000m    1.7237u 
  400.00000m    3.8932u 
  450.00000m    7.3027u 
  500.00000m   11.8921u 
  550.00000m   17.5180u 
  600.00000m   24.0446u 
  650.00000m   31.3610u 
  700.00000m   39.3749u 
  750.00000m   48.0046u 
  800.00000m   57.1750u 
  850.00000m   66.8155u 
  900.00000m   76.8591u 
  950.00000m   87.2421u 
    1.00000    97.9031u 
y
 vth0_value= 249.9101m
 u0_param=  49.5313m
 ags_param= 425.7625m
 
   *** monte carlo  index = 866 ***
x

 volt         param     
             i_d_0.9    
    0.         74.7597p 
   50.00000m  382.9928p 
  100.00000m    1.9238n 
  150.00000m    9.1568n 
  200.00000m   39.8001n 
  250.00000m  153.7626n 
  300.00000m  520.7049n 
  350.00000m    1.4916u 
  400.00000m    3.4870u 
  450.00000m    6.7284u 
  500.00000m   11.1831u 
  550.00000m   16.7096u 
  600.00000m   23.1656u 
  650.00000m   30.4342u 
  700.00000m   38.4189u 
  750.00000m   47.0355u 
  800.00000m   56.2072u 
  850.00000m   65.8619u 
  900.00000m   75.9317u 
  950.00000m   86.3517u 
    1.00000    97.0600u 
y
 vth0_value= 258.4420m
 u0_param=  50.4474m
 ags_param= 423.5810m
 
   *** monte carlo  index = 867 ***
x

 volt         param     
             i_d_0.9    
    0.         46.3759p 
   50.00000m  236.9846p 
  100.00000m    1.2007n 
  150.00000m    5.8195n 
  200.00000m   26.0149n 
  250.00000m  103.9169n 
  300.00000m  365.5041n 
  350.00000m    1.1009u 
  400.00000m    2.7224u 
  450.00000m    5.5134u 
  500.00000m    9.4979u 
  550.00000m   14.5538u 
  600.00000m   20.5394u 
  650.00000m   27.3353u 
  700.00000m   34.8442u 
  750.00000m   42.9826u 
  800.00000m   51.6748u 
  850.00000m   60.8505u 
  900.00000m   70.4431u 
  950.00000m   80.3895u 
    1.00000    90.6294u 
y
 vth0_value= 271.9763m
 u0_param=  48.9675m
 ags_param= 405.0176m
 
   *** monte carlo  index = 868 ***
x

 volt         param     
             i_d_0.9    
    0.         81.2564p 
   50.00000m  416.2108p 
  100.00000m    2.0864n 
  150.00000m    9.8916n 
  200.00000m   42.7432n 
  250.00000m  164.0308n 
  300.00000m  551.1736n 
  350.00000m    1.5628u 
  400.00000m    3.6135u 
  450.00000m    6.9092u 
  500.00000m   11.4077u 
  550.00000m   16.9666u 
  600.00000m   23.4454u 
  650.00000m   30.7292u 
  700.00000m   38.7227u 
  750.00000m   47.3426u 
  800.00000m   56.5125u 
  850.00000m   66.1609u 
  900.00000m   76.2200u 
  950.00000m   86.6254u 
    1.00000    97.3154u 
y
 vth0_value= 255.7435m
 u0_param=  50.1672m
 ags_param= 410.6772m
 
   *** monte carlo  index = 869 ***
x

 volt         param     
             i_d_0.9    
    0.        151.0930p 
   50.00000m  770.8447p 
  100.00000m    3.8000n 
  150.00000m   17.4740n 
  200.00000m   72.3589n 
  250.00000m  264.8222n 
  300.00000m  839.9433n 
  350.00000m    2.2109u 
  400.00000m    4.7438u 
  450.00000m    8.5430u 
  500.00000m   13.5118u 
  550.00000m   19.5016u 
  600.00000m   26.3808u 
  650.00000m   34.0422u 
  700.00000m   42.3952u 
  750.00000m   51.3585u 
  800.00000m   60.8566u 
  850.00000m   70.8186u 
  900.00000m   81.1767u 
  950.00000m   91.8665u 
    1.00000   102.8258u 
y
 vth0_value= 236.9947m
 u0_param=  50.1366m
 ags_param= 436.1411m
 
   *** monte carlo  index = 870 ***
x

 volt         param     
             i_d_0.9    
    0.         71.8688p 
   50.00000m  368.1502p 
  100.00000m    1.8505n 
  150.00000m    8.8207n 
  200.00000m   38.4213n 
  250.00000m  148.8046n 
  300.00000m  505.3712n 
  350.00000m    1.4532u 
  400.00000m    3.4113u 
  450.00000m    6.6050u 
  500.00000m   11.0058u 
  550.00000m   16.4740u 
  600.00000m   22.8677u 
  650.00000m   30.0703u 
  700.00000m   37.9857u 
  750.00000m   46.5300u 
  800.00000m   55.6268u 
  850.00000m   65.2043u 
  900.00000m   75.1950u 
  950.00000m   85.5345u 
    1.00000    96.1610u 
y
 vth0_value= 259.4345m
 u0_param=  50.1322m
 ags_param= 398.9155m
 
   *** monte carlo  index = 871 ***
x

 volt         param     
             i_d_0.9    
    0.         30.9287p 
   50.00000m  157.0552p 
  100.00000m  800.3857p 
  150.00000m    3.9347n 
  200.00000m   18.0080n 
  250.00000m   74.1047n 
  300.00000m  269.3273n 
  350.00000m  846.5263n 
  400.00000m    2.2028u 
  450.00000m    4.6739u 
  500.00000m    8.3418u 
  550.00000m   13.1058u 
  600.00000m   18.8225u 
  650.00000m   25.3670u 
  700.00000m   32.6380u 
  750.00000m   40.5498u 
  800.00000m   49.0261u 
  850.00000m   57.9959u 
  900.00000m   67.3927u 
  950.00000m   77.1533u 
    1.00000    87.2176u 
y
 vth0_value= 284.3577m
 u0_param=  48.9445m
 ags_param= 411.4797m
 
   *** monte carlo  index = 872 ***
x

 volt         param     
             i_d_0.9    
    0.         49.9140p 
   50.00000m  255.2964p 
  100.00000m    1.2925n 
  150.00000m    6.2528n 
  200.00000m   27.8685n 
  250.00000m  110.9098n 
  300.00000m  388.4624n 
  350.00000m    1.1636u 
  400.00000m    2.8587u 
  450.00000m    5.7563u 
  500.00000m    9.8732u 
  550.00000m   15.0816u 
  600.00000m   21.2362u 
  650.00000m   28.2153u 
  700.00000m   35.9196u 
  750.00000m   44.2638u 
  800.00000m   53.1707u 
  850.00000m   62.5683u 
  900.00000m   72.3889u 
  950.00000m   82.5680u 
    1.00000    93.0443u 
y
 vth0_value= 270.4848m
 u0_param=  50.1222m
 ags_param= 419.5729m
 
   *** monte carlo  index = 873 ***
x

 volt         param     
             i_d_0.9    
    0.         94.7779p 
   50.00000m  485.1870p 
  100.00000m    2.4226n 
  150.00000m   11.3996n 
  200.00000m   48.7272n 
  250.00000m  184.7131n 
  300.00000m  611.7440n 
  350.00000m    1.7018u 
  400.00000m    3.8577u 
  450.00000m    7.2570u 
  500.00000m   11.8419u 
  550.00000m   17.4688u 
  600.00000m   24.0005u 
  650.00000m   31.3253u 
  700.00000m   39.3501u 
  750.00000m   47.9928u 
  800.00000m   57.1778u 
  850.00000m   66.8344u 
  900.00000m   76.8954u 
  950.00000m   87.2966u 
    1.00000    97.9766u 
y
 vth0_value= 250.8199m
 u0_param=  49.7433m
 ags_param= 407.7500m
 
   *** monte carlo  index = 874 ***
x

 volt         param     
             i_d_0.9    
    0.         28.3459p 
   50.00000m  143.6596p 
  100.00000m  733.0028p 
  150.00000m    3.6150n 
  200.00000m   16.6362n 
  250.00000m   68.9566n 
  300.00000m  252.6050n 
  350.00000m  801.9426n 
  400.00000m    2.1128u 
  450.00000m    4.5361u 
  500.00000m    8.1699u 
  550.00000m   12.9184u 
  600.00000m   18.6361u 
  650.00000m   25.1951u 
  700.00000m   32.4915u 
  750.00000m   40.4380u 
  800.00000m   48.9570u 
  850.00000m   57.9765u 
  900.00000m   67.4294u 
  950.00000m   77.2518u 
    1.00000    87.3829u 
y
 vth0_value= 287.4389m
 u0_param=  49.5517m
 ags_param= 415.9554m
 
   *** monte carlo  index = 875 ***
x

 volt         param     
             i_d_0.9    
    0.         45.0649p 
   50.00000m  230.1133p 
  100.00000m    1.1653n 
  150.00000m    5.6443n 
  200.00000m   25.2060n 
  250.00000m  100.5699n 
  300.00000m  353.3382n 
  350.00000m    1.0628u 
  400.00000m    2.6240u 
  450.00000m    5.3072u 
  500.00000m    9.1350u 
  550.00000m   13.9915u 
  600.00000m   19.7421u 
  650.00000m   26.2736u 
  700.00000m   33.4933u 
  750.00000m   41.3215u 
  800.00000m   49.6858u 
  850.00000m   58.5186u 
  900.00000m   67.7560u 
  950.00000m   77.3371u 
    1.00000    87.2035u 
y
 vth0_value= 271.4472m
 u0_param=  46.8717m
 ags_param= 415.6318m
 
   *** monte carlo  index = 876 ***
x

 volt         param     
             i_d_0.9    
    0.        215.2881p 
   50.00000m    1.0933n 
  100.00000m    5.3264n 
  150.00000m   24.0106n 
  200.00000m   96.9134n 
  250.00000m  344.8646n 
  300.00000m    1.0550u 
  350.00000m    2.6574u 
  400.00000m    5.4731u 
  450.00000m    9.5519u 
  500.00000m   14.7758u 
  550.00000m   20.9972u 
  600.00000m   28.0899u 
  650.00000m   35.9508u 
  700.00000m   44.4915u 
  750.00000m   53.6317u 
  800.00000m   63.2965u 
  850.00000m   73.4152u 
  900.00000m   83.9202u 
  950.00000m   94.7469u 
    1.00000   105.8331u 
y
 vth0_value= 226.2420m
 u0_param=  50.0427m
 ags_param= 422.8084m
 
   *** monte carlo  index = 877 ***
x

 volt         param     
             i_d_0.9    
    0.        199.8851p 
   50.00000m    1.0167n 
  100.00000m    4.9713n 
  150.00000m   22.5435n 
  200.00000m   91.6703n 
  250.00000m  328.8486n 
  300.00000m    1.0165u 
  350.00000m    2.5926u 
  400.00000m    5.4003u 
  450.00000m    9.5051u 
  500.00000m   14.7901u 
  550.00000m   21.1023u 
  600.00000m   28.3099u 
  650.00000m   36.3057u 
  700.00000m   44.9979u 
  750.00000m   54.3039u 
  800.00000m   64.1467u 
  850.00000m   74.4538u 
  900.00000m   85.1562u 
  950.00000m   96.1881u 
    1.00000   107.4859u 
y
 vth0_value= 229.3664m
 u0_param=  51.4282m
 ags_param= 413.0239m
 
   *** monte carlo  index = 878 ***
x

 volt         param     
             i_d_0.9    
    0.        300.4287p 
   50.00000m    1.5177n 
  100.00000m    7.3085n 
  150.00000m   32.3354n 
  200.00000m  127.5618n 
  250.00000m  442.4880n 
  300.00000m    1.3089u 
  350.00000m    3.1708u 
  400.00000m    6.3088u 
  450.00000m   10.7287u 
  500.00000m   16.2953u 
  550.00000m   22.8598u 
  600.00000m   30.2975u 
  650.00000m   38.5061u 
  700.00000m   47.3965u 
  750.00000m   56.8877u 
  800.00000m   66.9037u 
  850.00000m   77.3722u 
  900.00000m   88.2248u 
  950.00000m   99.3956u 
    1.00000   110.8211u 
y
 vth0_value= 216.8584m
 u0_param=  51.1265m
 ags_param= 429.6798m
 
   *** monte carlo  index = 879 ***
x

 volt         param     
             i_d_0.9    
    0.         54.2407p 
   50.00000m  277.5136p 
  100.00000m    1.4021n 
  150.00000m    6.7538n 
  200.00000m   29.8994n 
  250.00000m  118.0355n 
  300.00000m  409.7385n 
  350.00000m    1.2129u 
  400.00000m    2.9402u 
  450.00000m    5.8515u 
  500.00000m    9.9502u 
  550.00000m   15.1085u 
  600.00000m   21.1862u 
  650.00000m   28.0664u 
  700.00000m   35.6535u 
  750.00000m   43.8647u 
  800.00000m   52.6250u 
  850.00000m   61.8641u 
  900.00000m   71.5158u 
  950.00000m   81.5170u 
    1.00000    91.8073u 
y
 vth0_value= 267.1517m
 u0_param=  48.8756m
 ags_param= 404.2922m
 
   *** monte carlo  index = 880 ***
x

 volt         param     
             i_d_0.9    
    0.        165.5264p 
   50.00000m  844.0048p 
  100.00000m    4.1524n 
  150.00000m   19.0286n 
  200.00000m   78.4327n 
  250.00000m  285.5739n 
  300.00000m  899.7815n 
  350.00000m    2.3489u 
  400.00000m    5.0004u 
  450.00000m    8.9493u 
  500.00000m   14.0907u 
  550.00000m   20.2714u 
  600.00000m   27.3568u 
  650.00000m   35.2374u 
  700.00000m   43.8204u 
  750.00000m   53.0226u 
  800.00000m   62.7670u 
  850.00000m   72.9809u 
  900.00000m   83.5952u 
  950.00000m   94.5441u 
    1.00000   105.7643u 
y
 vth0_value= 235.0586m
 u0_param=  51.4253m
 ags_param= 421.6477m
 
   *** monte carlo  index = 881 ***
x

 volt         param     
             i_d_0.9    
    0.         68.4324p 
   50.00000m  350.4612p 
  100.00000m    1.7628n 
  150.00000m    8.4140n 
  200.00000m   36.7275n 
  250.00000m  142.5995n 
  300.00000m  485.7208n 
  350.00000m    1.4022u 
  400.00000m    3.3055u 
  450.00000m    6.4236u 
  500.00000m   10.7326u 
  550.00000m   16.0965u 
  600.00000m   22.3757u 
  650.00000m   29.4552u 
  700.00000m   37.2403u 
  750.00000m   45.6485u 
  800.00000m   54.6042u 
  850.00000m   64.0369u 
  900.00000m   73.8797u 
  950.00000m   84.0692u 
    1.00000    94.5443u 
y
 vth0_value= 260.4131m
 u0_param=  49.3495m
 ags_param= 413.1596m
 
   *** monte carlo  index = 882 ***
x

 volt         param     
             i_d_0.9    
    0.         44.2717p 
   50.00000m  226.1166p 
  100.00000m    1.1465n 
  150.00000m    5.5657n 
  200.00000m   24.9463n 
  250.00000m   99.9732n 
  300.00000m  352.9101n 
  350.00000m    1.0681u 
  400.00000m    2.6559u 
  450.00000m    5.4056u 
  500.00000m    9.3471u 
  550.00000m   14.3606u 
  600.00000m   20.3046u 
  650.00000m   27.0596u 
  700.00000m   34.5280u 
  750.00000m   42.6264u 
  800.00000m   51.2792u 
  850.00000m   60.4162u 
  900.00000m   69.9710u 
  950.00000m   79.8806u 
    1.00000    90.0848u 
y
 vth0_value= 273.3123m
 u0_param=  48.8470m
 ags_param= 417.7261m
 
   *** monte carlo  index = 883 ***
x

 volt         param     
             i_d_0.9    
    0.         37.0125p 
   50.00000m  188.5683p 
  100.00000m  958.5154p 
  150.00000m    4.6817n 
  200.00000m   21.1948n 
  250.00000m   86.0069n 
  300.00000m  307.8342n 
  350.00000m  948.6803n 
  400.00000m    2.4101u 
  450.00000m    5.0012u 
  500.00000m    8.7755u 
  550.00000m   13.6228u 
  600.00000m   19.4021u 
  650.00000m   25.9927u 
  700.00000m   33.2966u 
  750.00000m   41.2303u 
  800.00000m   49.7184u 
  850.00000m   58.6912u 
  900.00000m   68.0828u 
  950.00000m   77.8308u 
    1.00000    87.8753u 
y
 vth0_value= 278.4796m
 u0_param=  48.3864m
 ags_param= 408.1612m
 
   *** monte carlo  index = 884 ***
x

 volt         param     
             i_d_0.9    
    0.         94.8282p 
   50.00000m  485.5357p 
  100.00000m    2.4252n 
  150.00000m   11.4190n 
  200.00000m   48.8531n 
  250.00000m  185.3672n 
  300.00000m  614.5812n 
  350.00000m    1.7122u 
  400.00000m    3.8867u 
  450.00000m    7.3201u 
  500.00000m   11.9545u 
  550.00000m   17.6440u 
  600.00000m   24.2495u 
  650.00000m   31.6573u 
  700.00000m   39.7731u 
  750.00000m   48.5135u 
  800.00000m   57.8022u 
  850.00000m   67.5675u 
  900.00000m   77.7413u 
  950.00000m   88.2591u 
    1.00000    99.0586u 
y
 vth0_value= 251.2224m
 u0_param=  50.3959m
 ags_param= 419.3237m
 
   *** monte carlo  index = 885 ***
x

 volt         param     
             i_d_0.9    
    0.        158.2001p 
   50.00000m  806.8467p 
  100.00000m    3.9732n 
  150.00000m   18.2362n 
  200.00000m   75.3259n 
  250.00000m  274.9134n 
  300.00000m  868.8454n 
  350.00000m    2.2768u 
  400.00000m    4.8644u 
  450.00000m    8.7309u 
  500.00000m   13.7755u 
  550.00000m   19.8476u 
  600.00000m   26.8146u 
  650.00000m   34.5684u 
  700.00000m   43.0175u 
  750.00000m   52.0800u 
  800.00000m   61.6796u 
  850.00000m   71.7447u 
  900.00000m   82.2070u 
  950.00000m   93.0016u 
    1.00000   104.0658u 
y
 vth0_value= 235.9403m
 u0_param=  50.6573m
 ags_param= 419.8272m
 
   *** monte carlo  index = 886 ***
x

 volt         param     
             i_d_0.9    
    0.        245.7293p 
   50.00000m    1.2458n 
  100.00000m    6.0451n 
  150.00000m   27.0725n 
  200.00000m  108.3832n 
  250.00000m  382.1882n 
  300.00000m    1.1553u 
  350.00000m    2.8693u 
  400.00000m    5.8351u 
  450.00000m   10.0862u 
  500.00000m   15.4961u 
  550.00000m   21.9142u 
  600.00000m   29.2134u 
  650.00000m   37.2893u 
  700.00000m   46.0523u 
  750.00000m   55.4207u 
  800.00000m   65.3185u 
  850.00000m   75.6737u 
  900.00000m   86.4176u 
  950.00000m   97.4847u 
    1.00000   108.8116u 
y
 vth0_value= 222.8903m
 u0_param=  51.0516m
 ags_param= 430.7222m
 
   *** monte carlo  index = 887 ***
x

 volt         param     
             i_d_0.9    
    0.        144.8536p 
   50.00000m  739.3200p 
  100.00000m    3.6491n 
  150.00000m   16.8166n 
  200.00000m   69.8371n 
  250.00000m  256.4017n 
  300.00000m  816.4810n 
  350.00000m    2.1599u 
  400.00000m    4.6565u 
  450.00000m    8.4170u 
  500.00000m   13.3476u 
  550.00000m   19.3000u 
  600.00000m   26.1422u 
  650.00000m   33.7666u 
  700.00000m   42.0825u 
  750.00000m   51.0085u 
  800.00000m   60.4693u 
  850.00000m   70.3937u 
  900.00000m   80.7144u 
  950.00000m   91.3669u 
    1.00000   102.2890u 
y
 vth0_value= 238.2226m
 u0_param=  50.0666m
 ags_param= 420.3785m
 
   *** monte carlo  index = 888 ***
x

 volt         param     
             i_d_0.9    
    0.         67.4516p 
   50.00000m  345.3753p 
  100.00000m    1.7372n 
  150.00000m    8.2921n 
  200.00000m   36.1981n 
  250.00000m  140.5609n 
  300.00000m  478.8681n 
  350.00000m    1.3828u 
  400.00000m    3.2608u 
  450.00000m    6.3385u 
  500.00000m   10.5931u 
  550.00000m   15.8909u 
  600.00000m   22.0944u 
  650.00000m   29.0901u 
  700.00000m   36.7848u 
  750.00000m   45.0967u 
  800.00000m   53.9516u 
  850.00000m   63.2795u 
  900.00000m   73.0144u 
  950.00000m   83.0934u 
    1.00000    93.4562u 
y
 vth0_value= 260.4410m
 u0_param=  48.7241m
 ags_param= 421.2660m
 
   *** monte carlo  index = 889 ***
x

 volt         param     
             i_d_0.9    
    0.        109.0367p 
   50.00000m  557.7586p 
  100.00000m    2.7747n 
  150.00000m   12.9686n 
  200.00000m   54.9045n 
  250.00000m  205.9133n 
  300.00000m  673.2193n 
  350.00000m    1.8418u 
  400.00000m    4.1042u 
  450.00000m    7.6154u 
  500.00000m   12.3046u 
  550.00000m   18.0267u 
  600.00000m   24.6469u 
  650.00000m   32.0552u 
  700.00000m   40.1597u 
  750.00000m   48.8788u 
  800.00000m   58.1374u 
  850.00000m   67.8647u 
  900.00000m   77.9935u 
  950.00000m   88.4600u 
    1.00000    99.2024u 
y
 vth0_value= 246.5631m
 u0_param=  49.7054m
 ags_param= 430.9957m
 
   *** monte carlo  index = 890 ***
x

 volt         param     
             i_d_0.9    
    0.        111.4819p 
   50.00000m  570.2890p 
  100.00000m    2.8364n 
  150.00000m   13.2503n 
  200.00000m   56.0587n 
  250.00000m  210.0735n 
  300.00000m  686.1207n 
  350.00000m    1.8746u 
  400.00000m    4.1717u 
  450.00000m    7.7319u 
  500.00000m   12.4824u 
  550.00000m   18.2757u 
  600.00000m   24.9754u 
  650.00000m   32.4700u 
  700.00000m   40.6667u 
  750.00000m   49.4829u 
  800.00000m   58.8427u 
  850.00000m   68.6744u 
  900.00000m   78.9105u 
  950.00000m   89.4861u 
    1.00000   100.3392u 
y
 vth0_value= 246.2697m
 u0_param=  50.2901m
 ags_param= 426.6513m
 
   *** monte carlo  index = 891 ***
x

 volt         param     
             i_d_0.9    
    0.         85.3449p 
   50.00000m  437.0776p 
  100.00000m    2.1882n 
  150.00000m   10.3488n 
  200.00000m   44.5588n 
  250.00000m  170.3047n 
  300.00000m  569.5412n 
  350.00000m    1.6048u 
  400.00000m    3.6862u 
  450.00000m    7.0102u 
  500.00000m   11.5292u 
  550.00000m   17.1007u 
  600.00000m   23.5857u 
  650.00000m   30.8706u 
  700.00000m   38.8611u 
  750.00000m   47.4744u 
  800.00000m   56.6346u 
  850.00000m   66.2706u 
  900.00000m   76.3148u 
  950.00000m   86.7030u 
    1.00000    97.3738u 
y
 vth0_value= 254.1059m
 u0_param=  49.9273m
 ags_param= 414.9874m
 
   *** monte carlo  index = 892 ***
x

 volt         param     
             i_d_0.9    
    0.         72.4194p 
   50.00000m  371.0354p 
  100.00000m    1.8654n 
  150.00000m    8.8938n 
  200.00000m   38.7553n 
  250.00000m  150.1631n 
  300.00000m  510.2171n 
  350.00000m    1.4680u 
  400.00000m    3.4482u 
  450.00000m    6.6800u 
  500.00000m   11.1347u 
  550.00000m   16.6704u 
  600.00000m   23.1432u 
  650.00000m   30.4347u 
  700.00000m   38.4475u 
  750.00000m   47.0965u 
  800.00000m   56.3043u 
  850.00000m   65.9984u 
  900.00000m   76.1103u 
  950.00000m   86.5750u 
    1.00000    97.3302u 
y
 vth0_value= 259.6278m
 u0_param=  50.8005m
 ags_param= 422.1722m
 
   *** monte carlo  index = 893 ***
x

 volt         param     
             i_d_0.9    
    0.         32.3973p 
   50.00000m  164.6652p 
  100.00000m  838.5920p 
  150.00000m    4.1153n 
  200.00000m   18.7789n 
  250.00000m   76.9794n 
  300.00000m  278.6025n 
  350.00000m  871.0019n 
  400.00000m    2.2516u 
  450.00000m    4.7481u 
  500.00000m    8.4344u 
  550.00000m   13.2074u 
  600.00000m   18.9249u 
  650.00000m   25.4637u 
  700.00000m   32.7238u 
  750.00000m   40.6205u 
  800.00000m   49.0778u 
  850.00000m   58.0255u 
  900.00000m   67.3974u 
  950.00000m   77.1307u 
    1.00000    87.1654u 
y
 vth0_value= 282.7265m
 u0_param=  48.6323m
 ags_param= 421.5053m
 
   *** monte carlo  index = 894 ***
x

 volt         param     
             i_d_0.9    
    0.         28.6608p 
   50.00000m  145.2525p 
  100.00000m  740.5595p 
  150.00000m    3.6465n 
  200.00000m   16.7363n 
  250.00000m   69.1305n 
  300.00000m  252.3080n 
  350.00000m  797.3439n 
  400.00000m    2.0888u 
  450.00000m    4.4605u 
  500.00000m    8.0010u 
  550.00000m   12.6160u 
  600.00000m   18.1664u 
  650.00000m   24.5298u 
  700.00000m   31.6073u 
  750.00000m   39.3148u 
  800.00000m   47.5777u 
  850.00000m   56.3267u 
  900.00000m   65.4966u 
  950.00000m   75.0255u 
    1.00000    84.8545u 
y
 vth0_value= 285.9265m
 u0_param=  47.7687m
 ags_param= 408.1497m
 
   *** monte carlo  index = 895 ***
x

 volt         param     
             i_d_0.9    
    0.         59.9447p 
   50.00000m  306.7585p 
  100.00000m    1.5459n 
  150.00000m    7.4085n 
  200.00000m   32.5384n 
  250.00000m  127.2599n 
  300.00000m  437.1614n 
  350.00000m    1.2763u 
  400.00000m    3.0464u 
  450.00000m    5.9832u 
  500.00000m   10.0761u 
  550.00000m   15.1975u 
  600.00000m   21.2123u 
  650.00000m   28.0087u 
  700.00000m   35.4947u 
  750.00000m   43.5903u 
  800.00000m   52.2222u 
  850.00000m   61.3221u 
  900.00000m   70.8250u 
  950.00000m   80.6693u 
    1.00000    90.7957u 
y
 vth0_value= 263.3143m
 u0_param=  47.6690m
 ags_param= 418.0225m
 
   *** monte carlo  index = 896 ***
x

 volt         param     
             i_d_0.9    
    0.        125.4389p 
   50.00000m  640.9100p 
  100.00000m    3.1752n 
  150.00000m   14.7294n 
  200.00000m   61.7185n 
  250.00000m  228.8444n 
  300.00000m  737.8075n 
  350.00000m    1.9826u 
  400.00000m    4.3399u 
  450.00000m    7.9395u 
  500.00000m   12.6992u 
  550.00000m   18.4741u 
  600.00000m   25.1327u 
  650.00000m   32.5679u 
  700.00000m   40.6895u 
  750.00000m   49.4171u 
  800.00000m   58.6765u 
  850.00000m   68.3973u 
  900.00000m   78.5131u 
  950.00000m   88.9602u 
    1.00000    99.6773u 
y
 vth0_value= 242.0517m
 u0_param=  49.2735m
 ags_param= 412.8057m
 
   *** monte carlo  index = 897 ***
x

 volt         param     
             i_d_0.9    
    0.        112.0954p 
   50.00000m  573.4122p 
  100.00000m    2.8516n 
  150.00000m   13.3180n 
  200.00000m   56.3266n 
  250.00000m  210.9989n 
  300.00000m  688.8291n 
  350.00000m    1.8808u 
  400.00000m    4.1832u 
  450.00000m    7.7495u 
  500.00000m   12.5064u 
  550.00000m   18.3063u 
  600.00000m   25.0125u 
  650.00000m   32.5139u 
  700.00000m   40.7172u 
  750.00000m   49.5401u 
  800.00000m   58.9064u 
  850.00000m   68.7446u 
  900.00000m   78.9869u 
  950.00000m   89.5685u 
    1.00000   100.4275u 
y
 vth0_value= 246.1251m
 u0_param=  50.3231m
 ags_param= 421.1863m
 
   *** monte carlo  index = 898 ***
x

 volt         param     
             i_d_0.9    
    0.         47.2373p 
   50.00000m  241.3886p 
  100.00000m    1.2222n 
  150.00000m    5.9158n 
  200.00000m   26.3897n 
  250.00000m  105.1455n 
  300.00000m  368.8009n 
  350.00000m    1.1069u 
  400.00000m    2.7255u 
  450.00000m    5.4996u 
  500.00000m    9.4487u 
  550.00000m   14.4519u 
  600.00000m   20.3702u 
  650.00000m   27.0869u 
  700.00000m   34.5068u 
  750.00000m   42.5479u 
  800.00000m   51.1356u 
  850.00000m   60.2008u 
  900.00000m   69.6778u 
  950.00000m   79.5043u 
    1.00000    89.6207u 
y
 vth0_value= 270.9085m
 u0_param=  48.1982m
 ags_param= 410.6307m
 
   *** monte carlo  index = 899 ***
x

 volt         param     
             i_d_0.9    
    0.         56.1088p 
   50.00000m  287.1344p 
  100.00000m    1.4498n 
  150.00000m    6.9750n 
  200.00000m   30.8177n 
  250.00000m  121.3742n 
  300.00000m  420.2095n 
  350.00000m    1.2396u 
  400.00000m    2.9928u 
  450.00000m    5.9358u 
  500.00000m   10.0681u 
  550.00000m   15.2603u 
  600.00000m   21.3724u 
  650.00000m   28.2877u 
  700.00000m   35.9105u 
  750.00000m   44.1583u 
  800.00000m   52.9558u 
  850.00000m   62.2327u 
  900.00000m   71.9225u 
  950.00000m   81.9622u 
    1.00000    92.2912u 
y
 vth0_value= 266.1916m
 u0_param=  48.9797m
 ags_param= 419.9652m
 
   *** monte carlo  index = 900 ***
x

 volt         param     
             i_d_0.9    
    0.        140.4239p 
   50.00000m  716.8812p 
  100.00000m    3.5412n 
  150.00000m   16.3420n 
  200.00000m   67.9945n 
  250.00000m  250.1569n 
  300.00000m  798.6913n 
  350.00000m    2.1198u 
  400.00000m    4.5848u 
  450.00000m    8.3081u 
  500.00000m   13.1986u 
  550.00000m   19.1088u 
  600.00000m   25.9069u 
  650.00000m   33.4856u 
  700.00000m   41.7543u 
  750.00000m   50.6319u 
  800.00000m   60.0433u 
  850.00000m   69.9179u 
  900.00000m   80.1881u 
  950.00000m   90.7899u 
    1.00000   101.6614u 
y
 vth0_value= 239.0247m
 u0_param=  49.8569m
 ags_param= 419.8689m
 
   *** monte carlo  index = 901 ***
x

 volt         param     
             i_d_0.9    
    0.         75.3287p 
   50.00000m  385.9525p 
  100.00000m    1.9388n 
  150.00000m    9.2290n 
  200.00000m   40.1188n 
  250.00000m  155.0116n 
  300.00000m  524.9830n 
  350.00000m    1.5040u 
  400.00000m    3.5164u 
  450.00000m    6.7855u 
  500.00000m   11.2781u 
  550.00000m   16.8511u 
  600.00000m   23.3605u 
  650.00000m   30.6882u 
  700.00000m   38.7367u 
  750.00000m   47.4211u 
  800.00000m   56.6638u 
  850.00000m   66.3922u 
  900.00000m   76.5376u 
  950.00000m   87.0350u 
    1.00000    97.8219u 
y
 vth0_value= 258.5040m
 u0_param=  50.9081m
 ags_param= 412.7695m
 
   *** monte carlo  index = 902 ***
x

 volt         param     
             i_d_0.9    
    0.         50.0398p 
   50.00000m  255.8281p 
  100.00000m    1.2939n 
  150.00000m    6.2482n 
  200.00000m   27.7691n 
  250.00000m  110.1446n 
  300.00000m  384.4045n 
  350.00000m    1.1461u 
  400.00000m    2.8008u 
  450.00000m    5.6140u 
  500.00000m    9.5975u 
  550.00000m   14.6288u 
  600.00000m   20.5697u 
  650.00000m   27.3050u 
  700.00000m   34.7401u 
  750.00000m   42.7936u 
  800.00000m   51.3914u 
  850.00000m   60.4645u 
  900.00000m   69.9474u 
  950.00000m   79.7781u 
    1.00000    89.8969u 
y
 vth0_value= 269.0578m
 u0_param=  48.0532m
 ags_param= 419.5050m
 
   *** monte carlo  index = 903 ***
x

 volt         param     
             i_d_0.9    
    0.         81.4420p 
   50.00000m  417.0919p 
  100.00000m    2.0900n 
  150.00000m    9.9021n 
  200.00000m   42.7474n 
  250.00000m  163.8710n 
  300.00000m  549.9711n 
  350.00000m    1.5569u 
  400.00000m    3.5939u 
  450.00000m    6.8626u 
  500.00000m   11.3203u 
  550.00000m   16.8264u 
  600.00000m   23.2426u 
  650.00000m   30.4556u 
  700.00000m   38.3716u 
  750.00000m   46.9083u 
  800.00000m   55.9902u 
  850.00000m   65.5465u 
  900.00000m   75.5103u 
  950.00000m   85.8176u 
    1.00000    96.4073u 
y
 vth0_value= 255.2918m
 u0_param=  49.5724m
 ags_param= 417.3188m
 
   *** monte carlo  index = 904 ***
x

 volt         param     
             i_d_0.9    
    0.        226.9585p 
   50.00000m    1.1516n 
  100.00000m    5.5995n 
  150.00000m   25.1618n 
  200.00000m  101.1599n 
  250.00000m  358.4138n 
  300.00000m    1.0902u 
  350.00000m    2.7277u 
  400.00000m    5.5842u 
  450.00000m    9.7014u 
  500.00000m   14.9589u 
  550.00000m   21.2098u 
  600.00000m   28.3288u 
  650.00000m   36.2137u 
  700.00000m   44.7762u 
  750.00000m   53.9364u 
  800.00000m   63.6196u 
  850.00000m   73.7551u 
  900.00000m   84.2754u 
  950.00000m   95.1161u 
    1.00000   106.2147u 
y
 vth0_value= 224.6048m
 u0_param=  49.9779m
 ags_param= 427.0215m
 
   *** monte carlo  index = 905 ***
x

 volt         param     
             i_d_0.9    
    0.        108.4362p 
   50.00000m  554.8620p 
  100.00000m    2.7622n 
  150.00000m   12.9258n 
  200.00000m   54.8150n 
  250.00000m  205.9476n 
  300.00000m  674.7536n 
  350.00000m    1.8510u 
  400.00000m    4.1359u 
  450.00000m    7.6903u 
  500.00000m   12.4436u 
  550.00000m   18.2474u 
  600.00000m   24.9636u 
  650.00000m   32.4797u 
  700.00000m   40.7017u 
  750.00000m   49.5464u 
  800.00000m   58.9373u 
  850.00000m   68.8025u 
  900.00000m   79.0738u 
  950.00000m   89.6863u 
    1.00000   100.5777u 
y
 vth0_value= 247.3140m
 u0_param=  50.6169m
 ags_param= 409.1582m
 
   *** monte carlo  index = 906 ***
x

 volt         param     
             i_d_0.9    
    0.         95.8696p 
   50.00000m  490.6697p 
  100.00000m    2.4484n 
  150.00000m   11.5086n 
  200.00000m   49.1166n 
  250.00000m  185.8696n 
  300.00000m  614.3372n 
  350.00000m    1.7046u 
  400.00000m    3.8536u 
  450.00000m    7.2338u 
  500.00000m   11.7864u 
  550.00000m   17.3693u 
  600.00000m   23.8477u 
  650.00000m   31.1113u 
  700.00000m   39.0685u 
  750.00000m   47.6381u 
  800.00000m   56.7455u 
  850.00000m   66.3205u 
  900.00000m   76.2966u 
  950.00000m   86.6104u 
    1.00000    97.2007u 
y
 vth0_value= 250.1136m
 u0_param=  49.1888m
 ags_param= 415.6393m
 
   *** monte carlo  index = 907 ***
x

 volt         param     
             i_d_0.9    
    0.         45.6697p 
   50.00000m  233.3591p 
  100.00000m    1.1828n 
  150.00000m    5.7380n 
  200.00000m   25.6872n 
  250.00000m  102.7855n 
  300.00000m  362.2102n 
  350.00000m    1.0937u 
  400.00000m    2.7123u 
  450.00000m    5.5072u 
  500.00000m    9.5052u 
  550.00000m   14.5842u 
  600.00000m   20.6010u 
  650.00000m   27.4348u 
  700.00000m   34.9874u 
  750.00000m   43.1745u 
  800.00000m   51.9197u 
  850.00000m   61.1522u 
  900.00000m   70.8050u 
  950.00000m   80.8146u 
    1.00000    91.1202u 
y
 vth0_value= 272.6966m
 u0_param=  49.3557m
 ags_param= 418.3798m
 
   *** monte carlo  index = 908 ***
x

 volt         param     
             i_d_0.9    
    0.         86.3641p 
   50.00000m  442.1627p 
  100.00000m    2.2118n 
  150.00000m   10.4451n 
  200.00000m   44.8779n 
  250.00000m  171.1208n 
  300.00000m  570.7228n 
  350.00000m    1.6024u 
  400.00000m    3.6673u 
  450.00000m    6.9535u 
  500.00000m   11.4121u 
  550.00000m   16.9034u 
  600.00000m   23.2921u 
  650.00000m   30.4671u 
  700.00000m   38.3366u 
  750.00000m   46.8194u 
  800.00000m   55.8411u 
  850.00000m   65.3316u 
  900.00000m   75.2248u 
  950.00000m   85.4573u 
    1.00000    95.9685u 
y
 vth0_value= 253.1275m
 u0_param=  48.9735m
 ags_param= 422.4268m
 
   *** monte carlo  index = 909 ***
x

 volt         param     
             i_d_0.9    
    0.         45.5460p 
   50.00000m  232.6855p 
  100.00000m    1.1791n 
  150.00000m    5.7172n 
  200.00000m   25.5747n 
  250.00000m  102.2440n 
  300.00000m  359.9651n 
  350.00000m    1.0856u 
  400.00000m    2.6885u 
  450.00000m    5.4522u 
  500.00000m    9.4022u 
  550.00000m   14.4181u 
  600.00000m   20.3590u 
  650.00000m   27.1066u 
  700.00000m   34.5641u 
  750.00000m   42.6485u 
  800.00000m   51.2846u 
  850.00000m   60.4026u 
  900.00000m   69.9363u 
  950.00000m   79.8229u 
    1.00000    90.0023u 
y
 vth0_value= 272.3117m
 u0_param=  48.6405m
 ags_param= 414.9115m
 
   *** monte carlo  index = 910 ***
x

 volt         param     
             i_d_0.9    
    0.         33.3501p 
   50.00000m  169.5982p 
  100.00000m  863.3208p 
  150.00000m    4.2319n 
  200.00000m   19.2740n 
  250.00000m   78.8159n 
  300.00000m  284.4879n 
  350.00000m  886.3653n 
  400.00000m    2.2818u 
  450.00000m    4.7931u 
  500.00000m    8.4891u 
  550.00000m   13.2655u 
  600.00000m   18.9810u 
  650.00000m   25.5133u 
  700.00000m   32.7635u 
  750.00000m   40.6474u 
  800.00000m   49.0895u 
  850.00000m   58.0198u 
  900.00000m   67.3725u 
  950.00000m   77.0850u 
    1.00000    87.0975u 
y
 vth0_value= 281.6910m
 u0_param=  48.4121m
 ags_param= 429.8133m
 
   *** monte carlo  index = 911 ***
x

 volt         param     
             i_d_0.9    
    0.         98.2244p 
   50.00000m  502.6505p 
  100.00000m    2.5065n 
  150.00000m   11.7670n 
  200.00000m   50.1302n 
  250.00000m  189.3295n 
  300.00000m  624.2884n 
  350.00000m    1.7269u 
  400.00000m    3.8915u 
  450.00000m    7.2864u 
  500.00000m   11.8501u 
  550.00000m   17.4408u 
  600.00000m   23.9242u 
  650.00000m   31.1905u 
  700.00000m   39.1485u 
  750.00000m   47.7172u 
  800.00000m   56.8222u 
  850.00000m   66.3935u 
  900.00000m   76.3646u 
  950.00000m   86.6721u 
    1.00000    97.2552u 
y
 vth0_value= 249.3213m
 u0_param=  49.0982m
 ags_param= 412.0428m
 
   *** monte carlo  index = 912 ***
x

 volt         param     
             i_d_0.9    
    0.         55.9079p 
   50.00000m  286.1403p 
  100.00000m    1.4453n 
  150.00000m    6.9579n 
  200.00000m   30.7731n 
  250.00000m  121.3410n 
  300.00000m  420.6305n 
  350.00000m    1.2429u 
  400.00000m    3.0064u 
  450.00000m    5.9723u 
  500.00000m   10.1413u 
  550.00000m   15.3829u 
  600.00000m   21.5545u 
  650.00000m   28.5378u 
  700.00000m   36.2357u 
  750.00000m   44.5644u 
  800.00000m   53.4477u 
  850.00000m   62.8146u 
  900.00000m   72.5979u 
  950.00000m   82.7339u 
    1.00000    93.1615u 
y
 vth0_value= 266.6883m
 u0_param=  49.5759m
 ags_param= 411.4641m
 
   *** monte carlo  index = 913 ***
x

 volt         param     
             i_d_0.9    
    0.         74.5535p 
   50.00000m  381.7778p 
  100.00000m    1.9162n 
  150.00000m    9.1085n 
  200.00000m   39.5128n 
  250.00000m  152.3218n 
  300.00000m  514.5931n 
  350.00000m    1.4695u 
  400.00000m    3.4239u 
  450.00000m    6.5890u 
  500.00000m   10.9311u 
  550.00000m   16.3137u 
  600.00000m   22.6000u 
  650.00000m   29.6776u 
  700.00000m   37.4535u 
  750.00000m   45.8462u 
  800.00000m   54.7813u 
  850.00000m   64.1889u 
  900.00000m   74.0026u 
  950.00000m   84.1594u 
    1.00000    94.5986u 
y
 vth0_value= 257.5149m
 u0_param=  48.8828m
 ags_param= 437.3130m
 
   *** monte carlo  index = 914 ***
x

 volt         param     
             i_d_0.9    
    0.         79.4317p 
   50.00000m  406.8626p 
  100.00000m    2.0404n 
  150.00000m    9.6822n 
  200.00000m   41.8927n 
  250.00000m  161.0068n 
  300.00000m  541.9605n 
  350.00000m    1.5402u 
  400.00000m    3.5701u 
  450.00000m    6.8401u 
  500.00000m   11.3105u 
  550.00000m   16.8398u 
  600.00000m   23.2877u 
  650.00000m   30.5393u 
  700.00000m   38.4995u 
  750.00000m   47.0853u 
  800.00000m   56.2203u 
  850.00000m   65.8332u 
  900.00000m   75.8565u 
  950.00000m   86.2258u 
    1.00000    96.8796u 
y
 vth0_value= 256.3362m
 u0_param=  50.0205m
 ags_param= 408.4933m
 
   *** monte carlo  index = 915 ***
x

 volt         param     
             i_d_0.9    
    0.        128.0085p 
   50.00000m  654.0259p 
  100.00000m    3.2392n 
  150.00000m   15.0184n 
  200.00000m   62.8821n 
  250.00000m  232.9592n 
  300.00000m  750.2559n 
  350.00000m    2.0132u 
  400.00000m    4.4010u 
  450.00000m    8.0423u 
  500.00000m   12.8530u 
  550.00000m   18.6867u 
  600.00000m   25.4105u 
  650.00000m   32.9164u 
  700.00000m   41.1135u 
  750.00000m   49.9206u 
  800.00000m   59.2628u 
  850.00000m   69.0694u 
  900.00000m   79.2732u 
  950.00000m   89.8102u 
    1.00000   100.6186u 
y
 vth0_value= 241.7347m
 u0_param=  49.7268m
 ags_param= 417.8184m
 
   *** monte carlo  index = 916 ***
x

 volt         param     
             i_d_0.9    
    0.         35.1162p 
   50.00000m  178.7748p 
  100.00000m  909.6814p 
  150.00000m    4.4539n 
  200.00000m   20.2438n 
  250.00000m   82.5633n 
  300.00000m  297.1350n 
  350.00000m  922.2090n 
  400.00000m    2.3629u 
  450.00000m    4.9418u 
  500.00000m    8.7229u 
  550.00000m   13.5972u 
  600.00000m   19.4211u 
  650.00000m   26.0706u 
  700.00000m   33.4454u 
  750.00000m   41.4601u 
  800.00000m   50.0382u 
  850.00000m   59.1086u 
  900.00000m   68.6047u 
  950.00000m   78.4629u 
    1.00000    88.6230u 
y
 vth0_value= 280.6020m
 u0_param=  49.1657m
 ags_param= 419.3691m
 
   *** monte carlo  index = 917 ***
x

 volt         param     
             i_d_0.9    
    0.        144.0034p 
   50.00000m  735.1192p 
  100.00000m    3.6299n 
  150.00000m   16.7402n 
  200.00000m   69.5868n 
  250.00000m  255.7451n 
  300.00000m  815.4241n 
  350.00000m    2.1605u 
  400.00000m    4.6650u 
  450.00000m    8.4422u 
  500.00000m   13.3984u 
  550.00000m   19.3840u 
  600.00000m   26.2657u 
  650.00000m   33.9350u 
  700.00000m   42.3002u 
  750.00000m   51.2793u 
  800.00000m   60.7966u 
  850.00000m   70.7804u 
  900.00000m   81.1628u 
  950.00000m   91.8791u 
    1.00000   102.8668u 
y
 vth0_value= 238.6386m
 u0_param=  50.4384m
 ags_param= 425.1426m
 
   *** monte carlo  index = 918 ***
x

 volt         param     
             i_d_0.9    
    0.         93.6440p 
   50.00000m  479.4794p 
  100.00000m    2.3955n 
  150.00000m   11.2845n 
  200.00000m   48.3098n 
  250.00000m  183.4446n 
  300.00000m  608.7637n 
  350.00000m    1.6980u 
  400.00000m    3.8593u 
  450.00000m    7.2760u 
  500.00000m   11.8914u 
  550.00000m   17.5602u 
  600.00000m   24.1437u 
  650.00000m   31.5285u 
  700.00000m   39.6202u 
  750.00000m   48.3358u 
  800.00000m   57.5992u 
  850.00000m   67.3386u 
  900.00000m   77.4864u 
  950.00000m   87.9779u 
    1.00000    98.7513u 
y
 vth0_value= 251.5194m
 u0_param=  50.2664m
 ags_param= 423.6275m
 
   *** monte carlo  index = 919 ***
x

 volt         param     
             i_d_0.9    
    0.         91.5396p 
   50.00000m  468.7172p 
  100.00000m    2.3428n 
  150.00000m   11.0455n 
  200.00000m   47.3453n 
  250.00000m  180.0345n 
  300.00000m  598.4528n 
  350.00000m    1.6729u 
  400.00000m    3.8111u 
  450.00000m    7.1984u 
  500.00000m   11.7806u 
  550.00000m   17.4135u 
  600.00000m   23.9584u 
  650.00000m   31.3024u 
  700.00000m   39.3514u 
  750.00000m   48.0228u 
  800.00000m   57.2403u 
  850.00000m   66.9329u 
  900.00000m   77.0328u 
  950.00000m   87.4759u 
    1.00000    98.2002u 
y
 vth0_value= 252.0720m
 u0_param=  50.0571m
 ags_param= 417.2942m
 
   *** monte carlo  index = 920 ***
x

 volt         param     
             i_d_0.9    
    0.         55.4585p 
   50.00000m  283.7800p 
  100.00000m    1.4331n 
  150.00000m    6.8971n 
  200.00000m   30.4908n 
  250.00000m  120.1677n 
  300.00000m  416.3520n 
  350.00000m    1.2294u 
  400.00000m    2.9717u 
  450.00000m    5.8999u 
  500.00000m   10.0144u 
  550.00000m   15.1869u 
  600.00000m   21.2772u 
  650.00000m   28.1691u 
  700.00000m   35.7670u 
  750.00000m   43.9885u 
  800.00000m   52.7584u 
  850.00000m   62.0067u 
  900.00000m   71.6670u 
  950.00000m   81.6764u 
    1.00000    91.9744u 
y
 vth0_value= 266.4644m
 u0_param=  48.8557m
 ags_param= 408.6822m
 
   *** monte carlo  index = 921 ***
x

 volt         param     
             i_d_0.9    
    0.         60.2146p 
   50.00000m  308.2273p 
  100.00000m    1.5540n 
  150.00000m    7.4531n 
  200.00000m   32.7733n 
  250.00000m  128.3500n 
  300.00000m  441.5400n 
  350.00000m    1.2915u 
  400.00000m    3.0891u 
  450.00000m    6.0774u 
  500.00000m   10.2471u 
  550.00000m   15.4673u 
  600.00000m   21.5993u 
  650.00000m   28.5282u 
  700.00000m   36.1597u 
  750.00000m   44.4117u 
  800.00000m   53.2095u 
  850.00000m   62.4833u 
  900.00000m   72.1669u 
  950.00000m   82.1973u 
    1.00000    92.5144u 
y
 vth0_value= 263.8892m
 u0_param=  48.7367m
 ags_param= 421.3197m
 
   *** monte carlo  index = 922 ***
x

 volt         param     
             i_d_0.9    
    0.        134.6292p 
   50.00000m  687.7611p 
  100.00000m    3.4034n 
  150.00000m   15.7546n 
  200.00000m   65.8216n 
  250.00000m  243.2527n 
  300.00000m  780.9804n 
  350.00000m    2.0874u 
  400.00000m    4.5455u 
  450.00000m    8.2806u 
  500.00000m   13.2039u 
  550.00000m   19.1654u 
  600.00000m   26.0299u 
  650.00000m   33.6875u 
  700.00000m   42.0457u 
  750.00000m   51.0221u 
  800.00000m   60.5402u 
  850.00000m   70.5283u 
  900.00000m   80.9182u 
  950.00000m   91.6448u 
    1.00000   102.6455u 
y
 vth0_value= 240.8139m
 u0_param=  50.6644m
 ags_param= 429.3181m
 
   *** monte carlo  index = 923 ***
x

 volt         param     
             i_d_0.9    
    0.         32.6838p 
   50.00000m  166.1433p 
  100.00000m  845.9441p 
  150.00000m    4.1494n 
  200.00000m   18.9194n 
  250.00000m   77.4766n 
  300.00000m  280.0928n 
  350.00000m  874.4331n 
  400.00000m    2.2566u 
  450.00000m    4.7510u 
  500.00000m    8.4294u 
  550.00000m   13.1884u 
  600.00000m   18.8869u 
  650.00000m   25.4024u 
  700.00000m   32.6356u 
  750.00000m   40.5024u 
  800.00000m   48.9273u 
  850.00000m   57.8403u 
  900.00000m   67.1755u 
  950.00000m   76.8705u 
    1.00000    86.8655u 
y
 vth0_value= 282.2921m
 u0_param=  48.3839m
 ags_param= 419.0970m
 
   *** monte carlo  index = 924 ***
x

 volt         param     
             i_d_0.9    
    0.         66.8940p 
   50.00000m  342.5349p 
  100.00000m    1.7234n 
  150.00000m    8.2309n 
  200.00000m   35.9607n 
  250.00000m  139.7729n 
  300.00000m  476.7019n 
  350.00000m    1.3785u 
  400.00000m    3.2558u 
  450.00000m    6.3372u 
  500.00000m   10.6011u 
  550.00000m   15.9135u 
  600.00000m   22.1360u 
  650.00000m   29.1545u 
  700.00000m   36.8751u 
  750.00000m   45.2160u 
  800.00000m   54.1021u 
  850.00000m   63.4636u 
  900.00000m   73.2340u 
  950.00000m   83.3501u 
    1.00000    93.7516u 
y
 vth0_value= 260.8346m
 u0_param=  48.9403m
 ags_param= 431.9209m
 
   *** monte carlo  index = 925 ***
x

 volt         param     
             i_d_0.9    
    0.        233.3433p 
   50.00000m    1.1842n 
  100.00000m    5.7593n 
  150.00000m   25.8868n 
  200.00000m  104.1019n 
  250.00000m  368.9005n 
  300.00000m    1.1223u 
  350.00000m    2.8084u 
  400.00000m    5.7498u 
  450.00000m    9.9886u 
  500.00000m   15.3996u 
  550.00000m   21.8303u 
  600.00000m   29.1510u 
  650.00000m   37.2558u 
  700.00000m   46.0537u 
  750.00000m   55.4623u 
  800.00000m   65.4047u 
  850.00000m   75.8084u 
  900.00000m   86.6041u 
  950.00000m   97.7259u 
    1.00000   109.1102u 
y
 vth0_value= 224.7521m
 u0_param=  51.5254m
 ags_param= 419.4066m
 
   *** monte carlo  index = 926 ***
x

 volt         param     
             i_d_0.9    
    0.         82.4284p 
   50.00000m  422.1803p 
  100.00000m    2.1154n 
  150.00000m   10.0207n 
  200.00000m   43.2483n 
  250.00000m  165.7408n 
  300.00000m  556.0287n 
  350.00000m    1.5732u 
  400.00000m    3.6296u 
  450.00000m    6.9272u 
  500.00000m   11.4224u 
  550.00000m   16.9730u 
  600.00000m   23.4396u 
  650.00000m   30.7076u 
  700.00000m   38.6827u 
  750.00000m   47.2817u 
  800.00000m   56.4287u 
  850.00000m   66.0523u 
  900.00000m   76.0850u 
  950.00000m   86.4627u 
    1.00000    97.1237u 
y
 vth0_value= 255.1840m
 u0_param=  49.9696m
 ags_param= 409.2999m
 
   *** monte carlo  index = 927 ***
x

 volt         param     
             i_d_0.9    
    0.         66.0434p 
   50.00000m  338.1403p 
  100.00000m    1.7014n 
  150.00000m    8.1277n 
  200.00000m   35.5218n 
  250.00000m  138.1223n 
  300.00000m  471.2983n 
  350.00000m    1.3638u 
  400.00000m    3.2232u 
  450.00000m    6.2774u 
  500.00000m   10.5057u 
  550.00000m   15.7752u 
  600.00000m   21.9486u 
  650.00000m   28.9127u 
  700.00000m   36.5741u 
  750.00000m   44.8514u 
  800.00000m   53.6704u 
  850.00000m   62.9613u 
  900.00000m   72.6583u 
  950.00000m   82.6986u 
    1.00000    93.0220u 
y
 vth0_value= 260.9878m
 u0_param=  48.5842m
 ags_param= 406.5261m
 
   *** monte carlo  index = 928 ***
x

 volt         param     
             i_d_0.9    
    0.         67.7508p 
   50.00000m  347.0263p 
  100.00000m    1.7465n 
  150.00000m    8.3450n 
  200.00000m   36.4838n 
  250.00000m  141.9087n 
  300.00000m  484.3445n 
  350.00000m    1.4019u 
  400.00000m    3.3145u 
  450.00000m    6.4567u 
  500.00000m   10.8066u 
  550.00000m   16.2267u 
  600.00000m   22.5747u 
  650.00000m   29.7337u 
  700.00000m   37.6073u 
  750.00000m   46.1117u 
  800.00000m   55.1703u 
  850.00000m   64.7117u 
  900.00000m   74.6683u 
  950.00000m   84.9757u 
    1.00000    95.5724u 
y
 vth0_value= 261.1612m
 u0_param=  50.0391m
 ags_param= 427.4403m
 
   *** monte carlo  index = 929 ***
x

 volt         param     
             i_d_0.9    
    0.        249.1833p 
   50.00000m    1.2628n 
  100.00000m    6.1226n 
  150.00000m   27.3838n 
  200.00000m  109.4556n 
  250.00000m  385.3022n 
  300.00000m    1.1621u 
  350.00000m    2.8786u 
  400.00000m    5.8405u 
  450.00000m   10.0782u 
  500.00000m   15.4657u 
  550.00000m   21.8538u 
  600.00000m   29.1169u 
  650.00000m   37.1516u 
  700.00000m   45.8691u 
  750.00000m   55.1885u 
  800.00000m   65.0342u 
  850.00000m   75.3346u 
  900.00000m   86.0217u 
  950.00000m   97.0300u 
    1.00000   108.2967u 
y
 vth0_value= 222.2258m
 u0_param=  50.6702m
 ags_param= 435.8277m
 
   *** monte carlo  index = 930 ***
x

 volt         param     
             i_d_0.9    
    0.         76.7883p 
   50.00000m  393.1845p 
  100.00000m    1.9719n 
  150.00000m    9.3582n 
  200.00000m   40.5013n 
  250.00000m  155.7173n 
  300.00000m  524.4448n 
  350.00000m    1.4916u 
  400.00000m    3.4602u 
  450.00000m    6.6348u 
  500.00000m   10.9783u 
  550.00000m   16.3543u 
  600.00000m   22.6273u 
  650.00000m   29.6858u 
  700.00000m   37.4378u 
  750.00000m   45.8025u 
  800.00000m   54.7058u 
  850.00000m   64.0780u 
  900.00000m   73.8534u 
  950.00000m   83.9690u 
    1.00000    94.3647u 
y
 vth0_value= 256.4371m
 u0_param=  48.6032m
 ags_param= 420.4322m
 
   *** monte carlo  index = 931 ***
x

 volt         param     
             i_d_0.9    
    0.        115.4297p 
   50.00000m  590.2277p 
  100.00000m    2.9317n 
  150.00000m   13.6629n 
  200.00000m   57.6147n 
  250.00000m  215.1277n 
  300.00000m  699.5721n 
  350.00000m    1.9006u 
  400.00000m    4.2060u 
  450.00000m    7.7611u 
  500.00000m   12.4903u 
  550.00000m   18.2479u 
  600.00000m   24.9001u 
  650.00000m   32.3375u 
  700.00000m   40.4689u 
  750.00000m   49.2128u 
  800.00000m   58.4942u 
  850.00000m   68.2424u 
  900.00000m   78.3903u 
  950.00000m   88.8739u 
    1.00000    99.6317u 
y
 vth0_value= 244.8209m
 u0_param=  49.6712m
 ags_param= 424.7153m
 
   *** monte carlo  index = 932 ***
x

 volt         param     
             i_d_0.9    
    0.        122.7497p 
   50.00000m  627.5099p 
  100.00000m    3.1129n 
  150.00000m   14.4738n 
  200.00000m   60.8369n 
  250.00000m  226.3370n 
  300.00000m  732.7158n 
  350.00000m    1.9792u 
  400.00000m    4.3547u 
  450.00000m    7.9984u 
  500.00000m   12.8289u 
  550.00000m   18.6978u 
  600.00000m   25.4694u 
  650.00000m   33.0335u 
  700.00000m   41.2975u 
  750.00000m   50.1791u 
  800.00000m   59.6022u 
  850.00000m   69.4953u 
  900.00000m   79.7906u 
  950.00000m   90.4232u 
    1.00000   101.3309u 
y
 vth0_value= 243.4228m
 u0_param=  50.3832m
 ags_param= 420.0067m
 
   *** monte carlo  index = 933 ***
x

 volt         param     
             i_d_0.9    
    0.         81.2777p 
   50.00000m  416.3381p 
  100.00000m    2.0872n 
  150.00000m    9.8968n 
  200.00000m   42.7744n 
  250.00000m  164.1874n 
  300.00000m  551.8399n 
  350.00000m    1.5652u 
  400.00000m    3.6203u 
  450.00000m    6.9243u 
  500.00000m   11.4350u 
  550.00000m   17.0096u 
  600.00000m   23.5070u 
  650.00000m   30.8119u 
  700.00000m   38.8288u 
  750.00000m   47.4739u 
  800.00000m   56.6708u 
  850.00000m   66.3476u 
  900.00000m   76.4364u 
  950.00000m   86.8727u 
    1.00000    97.5945u 
y
 vth0_value= 255.8382m
 u0_param=  50.3279m
 ags_param= 419.6232m
 
   *** monte carlo  index = 934 ***
x

 volt         param     
             i_d_0.9    
    0.         20.0260p 
   50.00000m  100.3231p 
  100.00000m  513.0203p 
  150.00000m    2.5527n 
  200.00000m   11.9362n 
  250.00000m   50.5686n 
  300.00000m  189.7948n 
  350.00000m  621.0212n 
  400.00000m    1.7004u 
  450.00000m    3.7914u 
  500.00000m    7.0365u 
  550.00000m   11.3686u 
  600.00000m   16.6514u 
  650.00000m   22.7587u 
  700.00000m   29.5882u 
  750.00000m   37.0545u 
  800.00000m   45.0824u 
  850.00000m   53.6025u 
  900.00000m   62.5500u 
  950.00000m   71.8633u 
    1.00000    81.4839u 
y
 vth0_value= 296.8619m
 u0_param=  47.4569m
 ags_param= 406.0561m
 
   *** monte carlo  index = 935 ***
x

 volt         param     
             i_d_0.9    
    0.        176.5736p 
   50.00000m  899.2312p 
  100.00000m    4.4112n 
  150.00000m   20.1154n 
  200.00000m   82.3860n 
  250.00000m  297.9069n 
  300.00000m  930.4709n 
  350.00000m    2.4031u 
  400.00000m    5.0645u 
  450.00000m    8.9948u 
  500.00000m   14.0868u 
  550.00000m   20.1916u 
  600.00000m   27.1795u 
  650.00000m   34.9450u 
  700.00000m   43.3979u 
  750.00000m   52.4573u 
  800.00000m   62.0480u 
  850.00000m   72.0986u 
  900.00000m   82.5415u 
  950.00000m   93.3122u 
    1.00000   104.3481u 
y
 vth0_value= 232.3472m
 u0_param=  50.2252m
 ags_param= 424.3802m
 
   *** monte carlo  index = 936 ***
x

 volt         param     
             i_d_0.9    
    0.         69.1580p 
   50.00000m  354.2359p 
  100.00000m    1.7819n 
  150.00000m    8.5061n 
  200.00000m   37.1342n 
  250.00000m  144.1950n 
  300.00000m  491.1979n 
  350.00000m    1.4181u 
  400.00000m    3.3435u 
  450.00000m    6.4977u 
  500.00000m   10.8564u 
  550.00000m   16.2816u 
  600.00000m   22.6316u 
  650.00000m   29.7900u 
  700.00000m   37.6608u 
  750.00000m   46.1603u 
  800.00000m   55.2122u 
  850.00000m   64.7451u 
  900.00000m   74.6916u 
  950.00000m   84.9875u 
    1.00000    95.5711u 
y
 vth0_value= 260.4787m
 u0_param=  49.9455m
 ags_param= 413.7921m
 
   *** monte carlo  index = 937 ***
x

 volt         param     
             i_d_0.9    
    0.        201.2206p 
   50.00000m    1.0233n 
  100.00000m    5.0005n 
  150.00000m   22.6558n 
  200.00000m   92.0247n 
  250.00000m  329.7281n 
  300.00000m    1.0177u 
  350.00000m    2.5908u 
  400.00000m    5.3878u 
  450.00000m    9.4714u 
  500.00000m   14.7252u 
  550.00000m   20.9979u 
  600.00000m   28.1593u 
  650.00000m   36.1031u 
  700.00000m   44.7386u 
  750.00000m   53.9837u 
  800.00000m   63.7623u 
  850.00000m   74.0023u 
  900.00000m   84.6351u 
  950.00000m   95.5953u 
    1.00000   106.8199u 
y
 vth0_value= 228.8934m
 u0_param=  50.9966m
 ags_param= 414.3038m
 
   *** monte carlo  index = 938 ***
x

 volt         param     
             i_d_0.9    
    0.        162.3850p 
   50.00000m  827.4733p 
  100.00000m    4.0670n 
  150.00000m   18.6071n 
  200.00000m   76.5399n 
  250.00000m  278.1068n 
  300.00000m  874.0642n 
  350.00000m    2.2748u 
  400.00000m    4.8289u 
  450.00000m    8.6247u 
  500.00000m   13.5619u 
  550.00000m   19.4956u 
  600.00000m   26.2984u 
  650.00000m   33.8666u 
  700.00000m   42.1119u 
  750.00000m   50.9549u 
  800.00000m   60.3218u 
  850.00000m   70.1427u 
  900.00000m   80.3513u 
  950.00000m   90.8840u 
    1.00000   101.6796u 
y
 vth0_value= 234.1528m
 u0_param=  49.1120m
 ags_param= 411.2047m
 
   *** monte carlo  index = 939 ***
x

 volt         param     
             i_d_0.9    
    0.         76.1756p 
   50.00000m  390.1428p 
  100.00000m    1.9579n 
  150.00000m    9.3029n 
  200.00000m   40.3323n 
  250.00000m  155.3696n 
  300.00000m  524.4257n 
  350.00000m    1.4958u 
  400.00000m    3.4807u 
  450.00000m    6.6908u 
  500.00000m   11.0904u 
  550.00000m   16.5407u 
  600.00000m   22.9029u 
  650.00000m   30.0630u 
  700.00000m   37.9270u 
  750.00000m   46.4125u 
  800.00000m   55.4440u 
  850.00000m   64.9508u 
  900.00000m   74.8660u 
  950.00000m   85.1258u 
    1.00000    95.6693u 
y
 vth0_value= 257.2495m
 u0_param=  49.4738m
 ags_param= 415.9294m
 
   *** monte carlo  index = 940 ***
x

 volt         param     
             i_d_0.9    
    0.         79.5356p 
   50.00000m  407.3442p 
  100.00000m    2.0423n 
  150.00000m    9.6863n 
  200.00000m   41.8812n 
  250.00000m  160.8378n 
  300.00000m  540.9232n 
  350.00000m    1.5355u 
  400.00000m    3.5550u 
  450.00000m    6.8048u 
  500.00000m   11.2447u 
  550.00000m   16.7348u 
  600.00000m   23.1364u 
  650.00000m   30.3360u 
  700.00000m   38.2396u 
  750.00000m   46.7648u 
  800.00000m   55.8360u 
  850.00000m   65.3825u 
  900.00000m   75.3374u 
  950.00000m   85.6366u 
    1.00000    96.2191u 
y
 vth0_value= 256.0078m
 u0_param=  49.5722m
 ags_param= 424.3360m
 
   *** monte carlo  index = 941 ***
x

 volt         param     
             i_d_0.9    
    0.        159.1559p 
   50.00000m  811.6276p 
  100.00000m    3.9956n 
  150.00000m   18.3304n 
  200.00000m   75.6682n 
  250.00000m  275.9773n 
  300.00000m  871.4732n 
  350.00000m    2.2813u 
  400.00000m    4.8693u 
  450.00000m    8.7330u 
  500.00000m   13.7715u 
  550.00000m   19.8347u 
  600.00000m   26.7906u 
  650.00000m   34.5314u 
  700.00000m   42.9660u 
  750.00000m   52.0126u 
  800.00000m   61.5954u 
  850.00000m   71.6426u 
  900.00000m   82.0863u 
  950.00000m   92.8617u 
    1.00000   103.9060u 
y
 vth0_value= 235.6740m
 u0_param=  50.5247m
 ags_param= 422.4388m
 
   *** monte carlo  index = 942 ***
x

 volt         param     
             i_d_0.9    
    0.        100.5802p 
   50.00000m  514.5953p 
  100.00000m    2.5641n 
  150.00000m   12.0194n 
  200.00000m   51.1002n 
  250.00000m  192.5534n 
  300.00000m  633.1937n 
  350.00000m    1.7453u 
  400.00000m    3.9190u 
  450.00000m    7.3168u 
  500.00000m   11.8753u 
  550.00000m   17.4533u 
  600.00000m   23.9180u 
  650.00000m   31.1609u 
  700.00000m   39.0915u 
  750.00000m   47.6296u 
  800.00000m   56.7011u 
  850.00000m   66.2364u 
  900.00000m   76.1696u 
  950.00000m   86.4374u 
    1.00000    96.9793u 
y
 vth0_value= 248.4016m
 u0_param=  48.7880m
 ags_param= 421.5449m
 
   *** monte carlo  index = 943 ***
x

 volt         param     
             i_d_0.9    
    0.         59.4807p 
   50.00000m  304.4838p 
  100.00000m    1.5358n 
  150.00000m    7.3720n 
  200.00000m   32.4581n 
  250.00000m  127.3057n 
  300.00000m  438.6788n 
  350.00000m    1.2860u 
  400.00000m    3.0833u 
  450.00000m    6.0788u 
  500.00000m   10.2648u 
  550.00000m   15.5100u 
  600.00000m   21.6742u 
  650.00000m   28.6412u 
  700.00000m   36.3157u 
  750.00000m   44.6149u 
  800.00000m   53.4636u 
  850.00000m   62.7913u 
  900.00000m   72.5315u 
  950.00000m   82.6208u 
    1.00000    92.9986u 
y
 vth0_value= 264.5084m
 u0_param=  49.1139m
 ags_param= 421.6009m
 
   *** monte carlo  index = 944 ***
x

 volt         param     
             i_d_0.9    
    0.         34.2630p 
   50.00000m  174.3337p 
  100.00000m  887.1557p 
  150.00000m    4.3452n 
  200.00000m   19.7626n 
  250.00000m   80.6692n 
  300.00000m  290.6038n 
  350.00000m  903.1126n 
  400.00000m    2.3176u 
  450.00000m    4.8544u 
  500.00000m    8.5787u 
  550.00000m   13.3842u 
  600.00000m   19.1292u 
  650.00000m   25.6917u 
  700.00000m   32.9725u 
  750.00000m   40.8873u 
  800.00000m   49.3604u 
  850.00000m   58.3219u 
  900.00000m   67.7055u 
  950.00000m   77.4488u 
    1.00000    87.4917u 
y
 vth0_value= 280.9448m
 u0_param=  48.5372m
 ags_param= 422.6178m
 
   *** monte carlo  index = 945 ***
x

 volt         param     
             i_d_0.9    
    0.         84.5338p 
   50.00000m  432.8105p 
  100.00000m    2.1661n 
  150.00000m   10.2386n 
  200.00000m   44.0504n 
  250.00000m  168.2230n 
  300.00000m  562.0767n 
  350.00000m    1.5819u 
  400.00000m    3.6294u 
  450.00000m    6.8957u 
  500.00000m   11.3341u 
  550.00000m   16.8053u 
  600.00000m   23.1739u 
  650.00000m   30.3289u 
  700.00000m   38.1781u 
  750.00000m   46.6405u 
  800.00000m   55.6417u 
  850.00000m   65.1118u 
  900.00000m   74.9845u 
  950.00000m   85.1967u 
    1.00000    95.6877u 
y
 vth0_value= 253.7394m
 u0_param=  48.9193m
 ags_param= 418.5371m
 
   *** monte carlo  index = 946 ***
x

 volt         param     
             i_d_0.9    
    0.         90.1044p 
   50.00000m  461.3303p 
  100.00000m    2.3061n 
  150.00000m   10.8755n 
  200.00000m   46.6345n 
  250.00000m  177.4133n 
  300.00000m  590.0845n 
  350.00000m    1.6508u 
  400.00000m    3.7637u 
  450.00000m    7.1140u 
  500.00000m   11.6486u 
  550.00000m   17.2253u 
  600.00000m   23.7070u 
  650.00000m   30.9817u 
  700.00000m   38.9563u 
  750.00000m   47.5490u 
  800.00000m   56.6843u 
  850.00000m   66.2917u 
  900.00000m   76.3040u 
  950.00000m   86.6574u 
    1.00000    97.2907u 
y
 vth0_value= 252.2384m
 u0_param=  49.5747m
 ags_param= 418.2254m
 
   *** monte carlo  index = 947 ***
x

 volt         param     
             i_d_0.9    
    0.         56.3040p 
   50.00000m  288.2119p 
  100.00000m    1.4559n 
  150.00000m    7.0100n 
  200.00000m   31.0102n 
  250.00000m  122.3046n 
  300.00000m  424.0666n 
  350.00000m    1.2534u 
  400.00000m    3.0328u 
  450.00000m    6.0262u 
  500.00000m   10.2346u 
  550.00000m   15.5256u 
  600.00000m   21.7553u 
  650.00000m   28.8036u 
  700.00000m   36.5727u 
  750.00000m   44.9777u 
  800.00000m   53.9418u 
  850.00000m   63.3932u 
  900.00000m   73.2643u 
  950.00000m   83.4906u 
    1.00000    94.0106u 
y
 vth0_value= 266.7972m
 u0_param=  50.0788m
 ags_param= 417.7874m
 
   *** monte carlo  index = 948 ***
x

 volt         param     
             i_d_0.9    
    0.         51.1274p 
   50.00000m  261.4936p 
  100.00000m    1.3227n 
  150.00000m    6.3876n 
  200.00000m   28.3905n 
  250.00000m  112.6132n 
  300.00000m  393.0036n 
  350.00000m    1.1716u 
  400.00000m    2.8629u 
  450.00000m    5.7376u 
  500.00000m    9.8075u 
  550.00000m   14.9462u 
  600.00000m   21.0124u 
  650.00000m   27.8878u 
  700.00000m   35.4759u 
  750.00000m   43.6932u 
  800.00000m   52.4642u 
  850.00000m   61.7183u 
  900.00000m   71.3890u 
  950.00000m   81.4130u 
    1.00000    91.7296u 
y
 vth0_value= 269.0987m
 u0_param=  49.1059m
 ags_param= 433.4646m
 
   *** monte carlo  index = 949 ***
x

 volt         param     
             i_d_0.9    
    0.         63.6008p 
   50.00000m  325.6118p 
  100.00000m    1.6397n 
  150.00000m    7.8459n 
  200.00000m   34.3765n 
  250.00000m  134.0608n 
  300.00000m  458.9743n 
  350.00000m    1.3340u 
  400.00000m    3.1683u 
  450.00000m    6.1959u 
  500.00000m   10.4009u 
  550.00000m   15.6510u 
  600.00000m   21.8085u 
  650.00000m   28.7593u 
  700.00000m   36.4098u 
  750.00000m   44.6784u 
  800.00000m   53.4904u 
  850.00000m   62.7763u 
  900.00000m   72.4699u 
  950.00000m   82.5085u 
    1.00000    92.8319u 
y
 vth0_value= 262.1734m
 u0_param=  48.6503m
 ags_param= 417.0255m
 
   *** monte carlo  index = 950 ***
x

 volt         param     
             i_d_0.9    
    0.        127.1964p 
   50.00000m  649.8237p 
  100.00000m    3.2181n 
  150.00000m   14.9189n 
  200.00000m   62.4565n 
  250.00000m  231.3513n 
  300.00000m  744.9726n 
  350.00000m    1.9987u 
  400.00000m    4.3685u 
  450.00000m    7.9822u 
  500.00000m   12.7564u 
  550.00000m   18.5461u 
  600.00000m   25.2198u 
  650.00000m   32.6705u 
  700.00000m   40.8080u 
  750.00000m   49.5520u 
  800.00000m   58.8278u 
  850.00000m   68.5655u 
  900.00000m   78.6983u 
  950.00000m   89.1625u 
    1.00000    99.8969u 
y
 vth0_value= 241.6637m
 u0_param=  49.3224m
 ags_param= 419.1362m
 
   *** monte carlo  index = 951 ***
x

 volt         param     
             i_d_0.9    
    0.         74.7574p 
   50.00000m  382.9319p 
  100.00000m    1.9230n 
  150.00000m    9.1489n 
  200.00000m   39.7397n 
  250.00000m  153.4166n 
  300.00000m  519.1114n 
  350.00000m    1.4855u 
  400.00000m    3.4687u 
  450.00000m    6.6869u 
  500.00000m   11.1069u 
  550.00000m   16.5888u 
  600.00000m   22.9919u 
  650.00000m   30.2008u 
  700.00000m   38.1200u 
  750.00000m   46.6662u 
  800.00000m   55.7633u 
  850.00000m   65.3399u 
  900.00000m   75.3285u 
  950.00000m   85.6649u 
    1.00000    96.2875u 
y
 vth0_value= 258.1310m
 u0_param=  49.9588m
 ags_param= 421.9854m
 
   *** monte carlo  index = 952 ***
x

 volt         param     
             i_d_0.9    
    0.        102.7372p 
   50.00000m  525.7837p 
  100.00000m    2.6204n 
  150.00000m   12.2878n 
  200.00000m   52.2643n 
  250.00000m  197.0214n 
  300.00000m  648.1482n 
  350.00000m    1.7874u 
  400.00000m    4.0155u 
  450.00000m    7.4994u 
  500.00000m   12.1733u 
  550.00000m   17.8916u 
  600.00000m   24.5171u 
  650.00000m   31.9380u 
  700.00000m   40.0611u 
  750.00000m   48.8040u 
  800.00000m   58.0907u 
  850.00000m   67.8500u 
  900.00000m   78.0143u 
  950.00000m   88.5191u 
    1.00000    99.3027u 
y
 vth0_value= 248.6176m
 u0_param=  50.1054m
 ags_param= 421.1270m
 
   *** monte carlo  index = 953 ***
x

 volt         param     
             i_d_0.9    
    0.         76.2071p 
   50.00000m  390.3673p 
  100.00000m    1.9596n 
  150.00000m    9.3163n 
  200.00000m   40.4229n 
  250.00000m  155.8576n 
  300.00000m  526.5959n 
  350.00000m    1.5040u 
  400.00000m    3.5045u 
  450.00000m    6.7442u 
  500.00000m   11.1877u 
  550.00000m   16.6944u 
  600.00000m   23.1235u 
  650.00000m   30.3592u 
  700.00000m   38.3062u 
  750.00000m   46.8809u 
  800.00000m   56.0072u 
  850.00000m   65.6134u 
  900.00000m   75.6320u 
  950.00000m   85.9986u 
    1.00000    96.6515u 
y
 vth0_value= 257.6280m
 u0_param=  50.0806m
 ags_param= 424.0092m
 
   *** monte carlo  index = 954 ***
x

 volt         param     
             i_d_0.9    
    0.        124.4244p 
   50.00000m  635.8091p 
  100.00000m    3.1510n 
  150.00000m   14.6264n 
  200.00000m   61.3386n 
  250.00000m  227.6447n 
  300.00000m  734.7681n 
  350.00000m    1.9772u 
  400.00000m    4.3344u 
  450.00000m    7.9382u 
  500.00000m   12.7071u 
  550.00000m   18.4956u 
  600.00000m   25.1715u 
  650.00000m   32.6272u 
  700.00000m   40.7720u 
  750.00000m   49.5253u 
  800.00000m   58.8124u 
  850.00000m   68.5628u 
  900.00000m   78.7099u 
  950.00000m   89.1897u 
    1.00000    99.9409u 
y
 vth0_value= 242.4192m
 u0_param=  49.4610m
 ags_param= 422.5034m
 
   *** monte carlo  index = 955 ***
x

 volt         param     
             i_d_0.9    
    0.        123.1319p 
   50.00000m  629.4667p 
  100.00000m    3.1225n 
  150.00000m   14.5176n 
  200.00000m   61.0159n 
  250.00000m  226.9794n 
  300.00000m  734.6931n 
  350.00000m    1.9842u 
  400.00000m    4.3648u 
  450.00000m    8.0156u 
  500.00000m   12.8549u 
  550.00000m   18.7337u 
  600.00000m   25.5160u 
  650.00000m   33.0915u 
  700.00000m   41.3672u 
  750.00000m   50.2608u 
  800.00000m   59.6959u 
  850.00000m   69.6010u 
  900.00000m   79.9080u 
  950.00000m   90.5522u 
    1.00000   101.4713u 
y
 vth0_value= 243.3879m
 u0_param=  50.4755m
 ags_param= 405.3199m
 
   *** monte carlo  index = 956 ***
x

 volt         param     
             i_d_0.9    
    0.         80.7864p 
   50.00000m  413.7449p 
  100.00000m    2.0737n 
  150.00000m    9.8288n 
  200.00000m   42.4559n 
  250.00000m  162.8645n 
  300.00000m  547.0300n 
  350.00000m    1.5502u 
  400.00000m    3.5825u 
  450.00000m    6.8472u 
  500.00000m   11.3025u 
  550.00000m   16.8081u 
  600.00000m   23.2254u 
  650.00000m   30.4409u 
  700.00000m   38.3607u 
  750.00000m   46.9023u 
  800.00000m   55.9903u 
  850.00000m   65.5538u 
  900.00000m   75.5257u 
  950.00000m   85.8422u 
    1.00000    96.4419u 
y
 vth0_value= 255.5646m
 u0_param=  49.6164m
 ags_param= 431.4207m
 
   *** monte carlo  index = 957 ***
x

 volt         param     
             i_d_0.9    
    0.         47.3442p 
   50.00000m  241.9464p 
  100.00000m    1.2250n 
  150.00000m    5.9296n 
  200.00000m   26.4519n 
  250.00000m  105.3955n 
  300.00000m  369.6810n 
  350.00000m    1.1095u 
  400.00000m    2.7321u 
  450.00000m    5.5128u 
  500.00000m    9.4712u 
  550.00000m   14.4860u 
  600.00000m   20.4178u 
  650.00000m   27.1496u 
  700.00000m   34.5858u 
  750.00000m   42.6441u 
  800.00000m   51.2501u 
  850.00000m   60.3341u 
  900.00000m   69.8304u 
  950.00000m   79.6768u 
    1.00000    89.8133u 
y
 vth0_value= 270.9192m
 u0_param=  48.3180m
 ags_param= 406.2468m
 
   *** monte carlo  index = 958 ***
x

 volt         param     
             i_d_0.9    
    0.         69.5967p 
   50.00000m  356.4260p 
  100.00000m    1.7921n 
  150.00000m    8.5473n 
  200.00000m   37.2659n 
  250.00000m  144.4952n 
  300.00000m  491.4207n 
  350.00000m    1.4158u 
  400.00000m    3.3302u 
  450.00000m    6.4595u 
  500.00000m   10.7781u 
  550.00000m   16.1498u 
  600.00000m   22.4353u 
  650.00000m   29.5201u 
  700.00000m   37.3098u 
  750.00000m   45.7219u 
  800.00000m   54.6812u 
  850.00000m   64.1171u 
  900.00000m   73.9629u 
  950.00000m   84.1551u 
    1.00000    94.6327u 
y
 vth0_value= 259.8671m
 u0_param=  49.2955m
 ags_param= 425.0672m
 
   *** monte carlo  index = 959 ***
x

 volt         param     
             i_d_0.9    
    0.         61.9018p 
   50.00000m  316.9330p 
  100.00000m    1.5974n 
  150.00000m    7.6559n 
  200.00000m   33.6279n 
  250.00000m  131.5241n 
  300.00000m  451.7667n 
  350.00000m    1.3188u 
  400.00000m    3.1470u 
  450.00000m    6.1792u 
  500.00000m   10.4032u 
  550.00000m   15.6861u 
  600.00000m   21.8876u 
  650.00000m   28.8919u 
  700.00000m   36.6036u 
  750.00000m   44.9400u 
  800.00000m   53.8256u 
  850.00000m   63.1899u 
  900.00000m   72.9663u 
  950.00000m   83.0913u 
    1.00000    93.5041u 
y
 vth0_value= 263.3716m
 u0_param=  49.2259m
 ags_param= 417.8887m
 
   *** monte carlo  index = 960 ***
x

 volt         param     
             i_d_0.9    
    0.         51.6873p 
   50.00000m  264.3682p 
  100.00000m    1.3369n 
  150.00000m    6.4524n 
  200.00000m   28.6527n 
  250.00000m  113.5311n 
  300.00000m  395.7352n 
  350.00000m    1.1779u 
  400.00000m    2.8731u 
  450.00000m    5.7491u 
  500.00000m    9.8156u 
  550.00000m   14.9465u 
  600.00000m   21.0010u 
  650.00000m   27.8614u 
  700.00000m   35.4317u 
  750.00000m   43.6288u 
  800.00000m   52.3774u 
  850.00000m   61.6072u 
  900.00000m   71.2519u 
  950.00000m   81.2483u 
    1.00000    91.5360u 
y
 vth0_value= 268.6556m
 u0_param=  48.9347m
 ags_param= 423.6335m
 
   *** monte carlo  index = 961 ***
x

 volt         param     
             i_d_0.9    
    0.         75.6968p 
   50.00000m  387.5134p 
  100.00000m    1.9432n 
  150.00000m    9.2208n 
  200.00000m   39.8990n 
  250.00000m  153.3745n 
  300.00000m  516.4792n 
  350.00000m    1.4686u 
  400.00000m    3.4065u 
  450.00000m    6.5311u 
  500.00000m   10.8064u 
  550.00000m   16.0988u 
  600.00000m   22.2754u 
  650.00000m   29.2268u 
  700.00000m   36.8626u 
  750.00000m   45.1033u 
  800.00000m   53.8760u 
  850.00000m   63.1122u 
  900.00000m   72.7469u 
  950.00000m   82.7182u 
    1.00000    92.9665u 
y
 vth0_value= 256.3382m
 u0_param=  47.8055m
 ags_param= 420.1401m
 
   *** monte carlo  index = 962 ***
x

 volt         param     
             i_d_0.9    
    0.        114.8973p 
   50.00000m  587.4484p 
  100.00000m    2.9175n 
  150.00000m   13.5942n 
  200.00000m   57.3097n 
  250.00000m  213.9315n 
  300.00000m  695.4723n 
  350.00000m    1.8888u 
  400.00000m    4.1782u 
  450.00000m    7.7077u 
  500.00000m   12.4021u 
  550.00000m   18.1174u 
  600.00000m   24.7207u 
  650.00000m   32.1040u 
  700.00000m   40.1766u 
  750.00000m   48.8578u 
  800.00000m   58.0732u 
  850.00000m   67.7526u 
  900.00000m   77.8294u 
  950.00000m   88.2399u 
    1.00000    98.9230u 
y
 vth0_value= 244.6989m
 u0_param=  49.2692m
 ags_param= 421.3818m
 
   *** monte carlo  index = 963 ***
x

 volt         param     
             i_d_0.9    
    0.        158.0702p 
   50.00000m  806.1821p 
  100.00000m    3.9699n 
  150.00000m   18.2214n 
  200.00000m   75.2655n 
  250.00000m  274.6968n 
  300.00000m  868.1787n 
  350.00000m    2.2751u 
  400.00000m    4.8610u 
  450.00000m    8.7249u 
  500.00000m   13.7662u 
  550.00000m   19.8346u 
  600.00000m   26.7974u 
  650.00000m   34.5467u 
  700.00000m   42.9910u 
  750.00000m   52.0484u 
  800.00000m   61.6428u 
  850.00000m   71.7025u 
  900.00000m   82.1593u 
  950.00000m   92.9484u 
    1.00000   104.0069u 
y
 vth0_value= 235.9441m
 u0_param=  50.6243m
 ags_param= 421.1231m
 
   *** monte carlo  index = 964 ***
x

 volt         param     
             i_d_0.9    
    0.         91.4768p 
   50.00000m  468.3398p 
  100.00000m    2.3404n 
  150.00000m   11.0300n 
  200.00000m   47.2534n 
  250.00000m  179.5802n 
  300.00000m  596.5478n 
  350.00000m    1.6662u 
  400.00000m    3.7923u 
  450.00000m    7.1580u 
  500.00000m   11.7089u 
  550.00000m   17.3021u 
  600.00000m   23.8006u 
  650.00000m   31.0924u 
  700.00000m   39.0844u 
  750.00000m   47.6946u 
  800.00000m   56.8476u 
  850.00000m   66.4726u 
  900.00000m   76.5025u 
  950.00000m   86.8735u 
    1.00000    97.5242u 
y
 vth0_value= 251.8242m
 u0_param=  49.6403m
 ags_param= 416.7780m
 
   *** monte carlo  index = 965 ***
x

 volt         param     
             i_d_0.9    
    0.         93.7181p 
   50.00000m  479.7227p 
  100.00000m    2.3954n 
  150.00000m   11.2726n 
  200.00000m   48.1912n 
  250.00000m  182.7160n 
  300.00000m  605.2887n 
  350.00000m    1.6845u 
  400.00000m    3.8197u 
  450.00000m    7.1881u 
  500.00000m   11.7328u 
  550.00000m   17.3117u 
  600.00000m   23.7893u 
  650.00000m   31.0549u 
  700.00000m   39.0162u 
  750.00000m   47.5919u 
  800.00000m   56.7070u 
  850.00000m   66.2914u 
  900.00000m   76.2783u 
  950.00000m   86.6041u 
    1.00000    97.2078u 
y
 vth0_value= 250.8775m
 u0_param=  49.3087m
 ags_param= 419.6800m
 
   *** monte carlo  index = 966 ***
x

 volt         param     
             i_d_0.9    
    0.         84.9622p 
   50.00000m  435.1072p 
  100.00000m    2.1784n 
  150.00000m   10.3033n 
  200.00000m   44.3686n 
  250.00000m  169.6023n 
  300.00000m  567.2916n 
  350.00000m    1.5988u 
  400.00000m    3.6734u 
  450.00000m    6.9872u 
  500.00000m   11.4930u 
  550.00000m   17.0488u 
  600.00000m   23.5159u 
  650.00000m   30.7810u 
  700.00000m   38.7499u 
  750.00000m   47.3401u 
  800.00000m   56.4758u 
  850.00000m   66.0861u 
  900.00000m   76.1035u 
  950.00000m   86.4641u 
    1.00000    97.1065u 
y
 vth0_value= 254.1601m
 u0_param=  49.8006m
 ags_param= 404.4059m
 
   *** monte carlo  index = 967 ***
x

 volt         param     
             i_d_0.9    
    0.         73.0826p 
   50.00000m  374.2534p 
  100.00000m    1.8794n 
  150.00000m    8.9417n 
  200.00000m   38.8431n 
  250.00000m  149.9786n 
  300.00000m  507.6086n 
  350.00000m    1.4531u 
  400.00000m    3.3944u 
  450.00000m    6.5462u 
  500.00000m   10.8770u 
  550.00000m   16.2503u 
  600.00000m   22.5289u 
  650.00000m   29.5996u 
  700.00000m   37.3692u 
  750.00000m   45.7562u 
  800.00000m   54.6857u 
  850.00000m   64.0878u 
  900.00000m   73.8961u 
  950.00000m   84.0475u 
    1.00000    94.4814u 
y
 vth0_value= 258.1609m
 u0_param=  48.9482m
 ags_param= 416.2324m
 
   *** monte carlo  index = 968 ***
x

 volt         param     
             i_d_0.9    
    0.         80.2870p 
   50.00000m  411.2297p 
  100.00000m    2.0618n 
  150.00000m    9.7781n 
  200.00000m   42.2740n 
  250.00000m  162.3260n 
  300.00000m  545.8338n 
  350.00000m    1.5491u 
  400.00000m    3.5855u 
  450.00000m    6.8616u 
  500.00000m   11.3366u 
  550.00000m   16.8690u 
  600.00000m   23.3190u 
  650.00000m   30.5722u 
  700.00000m   38.5337u 
  750.00000m   47.1206u 
  800.00000m   56.2568u 
  850.00000m   65.8711u 
  900.00000m   75.8959u 
  950.00000m   86.2671u 
    1.00000    96.9230u 
y
 vth0_value= 255.9703m
 u0_param=  49.9549m
 ags_param= 430.3893m
 
   *** monte carlo  index = 969 ***
x

 volt         param     
             i_d_0.9    
    0.         77.2268p 
   50.00000m  395.5355p 
  100.00000m    1.9845n 
  150.00000m    9.4246n 
  200.00000m   40.8300n 
  250.00000m  157.1549n 
  300.00000m  529.9292n 
  350.00000m    1.5095u 
  400.00000m    3.5078u 
  450.00000m    6.7350u 
  500.00000m   11.1543u 
  550.00000m   16.6262u 
  600.00000m   23.0115u 
  650.00000m   30.1963u 
  700.00000m   38.0863u 
  750.00000m   46.5989u 
  800.00000m   55.6586u 
  850.00000m   65.1945u 
  900.00000m   75.1396u 
  950.00000m   85.4299u 
    1.00000    96.0043u 
y
 vth0_value= 256.9149m
 u0_param=  49.5972m
 ags_param= 424.6319m
 
   *** monte carlo  index = 970 ***
x

 volt         param     
             i_d_0.9    
    0.         90.2548p 
   50.00000m  462.0540p 
  100.00000m    2.3092n 
  150.00000m   10.8858n 
  200.00000m   46.6522n 
  250.00000m  177.3710n 
  300.00000m  589.5263n 
  350.00000m    1.6477u 
  400.00000m    3.7532u 
  450.00000m    7.0886u 
  500.00000m   11.6011u 
  550.00000m   17.1492u 
  600.00000m   23.5970u 
  650.00000m   30.8336u 
  700.00000m   38.7665u 
  750.00000m   47.3145u 
  800.00000m   56.4026u 
  850.00000m   65.9606u 
  900.00000m   75.9219u 
  950.00000m   86.2228u 
    1.00000    96.8025u 
y
 vth0_value= 251.9791m
 u0_param=  49.2535m
 ags_param= 423.7610m
 
   *** monte carlo  index = 971 ***
x

 volt         param     
             i_d_0.9    
    0.        135.9442p 
   50.00000m  694.1368p 
  100.00000m    3.4313n 
  150.00000m   15.8550n 
  200.00000m   66.0820n 
  250.00000m  243.5883n 
  300.00000m  779.6128n 
  350.00000m    2.0755u 
  400.00000m    4.5024u 
  450.00000m    8.1782u 
  500.00000m   13.0145u 
  550.00000m   18.8654u 
  600.00000m   25.5998u 
  650.00000m   33.1111u 
  700.00000m   41.3093u 
  750.00000m   50.1138u 
  800.00000m   59.4501u 
  850.00000m   69.2478u 
  900.00000m   79.4402u 
  950.00000m   89.9633u 
    1.00000   100.7556u 
y
 vth0_value= 239.7572m
 u0_param=  49.4775m
 ags_param= 424.7921m
 
   *** monte carlo  index = 972 ***
x

 volt         param     
             i_d_0.9    
    0.        110.1701p 
   50.00000m  563.2304p 
  100.00000m    2.7984n 
  150.00000m   13.0502n 
  200.00000m   55.0823n 
  250.00000m  205.9044n 
  300.00000m  670.5759n 
  350.00000m    1.8254u 
  400.00000m    4.0474u 
  450.00000m    7.4808u 
  500.00000m   12.0545u 
  550.00000m   17.6286u 
  600.00000m   24.0737u 
  650.00000m   31.2843u 
  700.00000m   39.1718u 
  750.00000m   47.6575u 
  800.00000m   56.6684u 
  850.00000m   66.1359u 
  900.00000m   75.9947u 
  950.00000m   86.1824u 
    1.00000    96.6389u 
y
 vth0_value= 245.2040m
 u0_param=  48.1154m
 ags_param= 413.6951m
 
   *** monte carlo  index = 973 ***
x

 volt         param     
             i_d_0.9    
    0.        135.7815p 
   50.00000m  693.3081p 
  100.00000m    3.4272n 
  150.00000m   15.8370n 
  200.00000m   66.0098n 
  250.00000m  243.3339n 
  300.00000m  778.8425n 
  350.00000m    2.0736u 
  400.00000m    4.4986u 
  450.00000m    8.1715u 
  500.00000m   13.0040u 
  550.00000m   18.8502u 
  600.00000m   25.5791u 
  650.00000m   33.0840u 
  700.00000m   41.2748u 
  750.00000m   50.0711u 
  800.00000m   59.3983u 
  850.00000m   69.1862u 
  900.00000m   79.3679u 
  950.00000m   89.8795u 
    1.00000   100.6597u 
y
 vth0_value= 239.7777m
 u0_param=  49.4535m
 ags_param= 407.4139m
 
   *** monte carlo  index = 974 ***
x

 volt         param     
             i_d_0.9    
    0.        118.4978p 
   50.00000m  605.8427p 
  100.00000m    3.0075n 
  150.00000m   14.0011n 
  200.00000m   58.9528n 
  250.00000m  219.7568n 
  300.00000m  713.1511n 
  350.00000m    1.9324u 
  400.00000m    4.2650u 
  450.00000m    7.8531u 
  500.00000m   12.6188u 
  550.00000m   18.4155u 
  600.00000m   25.1086u 
  650.00000m   32.5889u 
  700.00000m   40.7644u 
  750.00000m   49.5536u 
  800.00000m   58.8810u 
  850.00000m   68.6758u 
  900.00000m   78.8706u 
  950.00000m   89.4012u 
    1.00000   100.2058u 
y
 vth0_value= 244.1735m
 u0_param=  49.8947m
 ags_param= 415.5132m
 
   *** monte carlo  index = 975 ***
x

 volt         param     
             i_d_0.9    
    0.        173.3373p 
   50.00000m  882.8472p 
  100.00000m    4.3325n 
  150.00000m   19.7690n 
  200.00000m   81.0360n 
  250.00000m  293.3043n 
  300.00000m  917.2301n 
  350.00000m    2.3725u 
  400.00000m    5.0071u 
  450.00000m    8.9029u 
  500.00000m   13.9541u 
  550.00000m   20.0131u 
  600.00000m   26.9510u 
  650.00000m   34.6627u 
  700.00000m   43.0588u 
  750.00000m   52.0588u 
  800.00000m   61.5877u 
  850.00000m   71.5749u 
  900.00000m   81.9529u 
  950.00000m   92.6575u 
    1.00000   103.6265u 
y
 vth0_value= 232.6970m
 u0_param=  49.9016m
 ags_param= 421.6763m
 
   *** monte carlo  index = 976 ***
x

 volt         param     
             i_d_0.9    
    0.         37.0743p 
   50.00000m  188.8569p 
  100.00000m  959.6209p 
  150.00000m    4.6837n 
  200.00000m   21.1793n 
  250.00000m   85.8206n 
  300.00000m  306.7027n 
  350.00000m  943.3764n 
  400.00000m    2.3911u 
  450.00000m    4.9516u 
  500.00000m    8.6754u 
  550.00000m   13.4538u 
  600.00000m   19.1490u 
  650.00000m   25.6430u 
  700.00000m   32.8399u 
  750.00000m   40.6576u 
  800.00000m   49.0224u 
  850.00000m   57.8656u 
  900.00000m   67.1224u 
  950.00000m   76.7312u 
    1.00000    86.6331u 
y
 vth0_value= 277.8613m
 u0_param=  47.5371m
 ags_param= 417.8287m
 
   *** monte carlo  index = 977 ***
x

 volt         param     
             i_d_0.9    
    0.         79.0338p 
   50.00000m  404.7758p 
  100.00000m    2.0297n 
  150.00000m    9.6292n 
  200.00000m   41.6506n 
  250.00000m  160.0240n 
  300.00000m  538.4667n 
  350.00000m    1.5296u 
  400.00000m    3.5438u 
  450.00000m    6.7874u 
  500.00000m   11.2207u 
  550.00000m   16.7038u 
  600.00000m   23.0980u 
  650.00000m   30.2897u 
  700.00000m   38.1847u 
  750.00000m   46.7007u 
  800.00000m   55.7623u 
  850.00000m   65.2985u 
  900.00000m   75.2423u 
  950.00000m   85.5301u 
    1.00000    96.1005u 
y
 vth0_value= 256.1898m
 u0_param=  49.5577m
 ags_param= 407.7700m
 
   *** monte carlo  index = 978 ***
x

 volt         param     
             i_d_0.9    
    0.         76.7495p 
   50.00000m  393.0265p 
  100.00000m    1.9715n 
  150.00000m    9.3600n 
  200.00000m   40.5319n 
  250.00000m  155.9320n 
  300.00000m  525.5356n 
  350.00000m    1.4960u 
  400.00000m    3.4740u 
  450.00000m    6.6665u 
  500.00000m   11.0370u 
  550.00000m   16.4481u 
  600.00000m   22.7627u 
  650.00000m   29.8686u 
  700.00000m   37.6729u 
  750.00000m   46.0941u 
  800.00000m   55.0575u 
  850.00000m   64.4932u 
  900.00000m   74.3347u 
  950.00000m   84.5188u 
    1.00000    94.9850u 
y
 vth0_value= 256.6982m
 u0_param=  48.9766m
 ags_param= 432.6010m
 
   *** monte carlo  index = 979 ***
x

 volt         param     
             i_d_0.9    
    0.         36.3225p 
   50.00000m  185.0460p 
  100.00000m  941.4059p 
  150.00000m    4.6062n 
  200.00000m   20.9124n 
  250.00000m   85.1648n 
  300.00000m  305.9882n 
  350.00000m  947.6144n 
  400.00000m    2.4216u 
  450.00000m    5.0520u 
  500.00000m    8.9002u 
  550.00000m   13.8542u 
  600.00000m   19.7679u 
  650.00000m   26.5159u 
  700.00000m   33.9965u 
  750.00000m   42.1230u 
  800.00000m   50.8182u 
  850.00000m   60.0100u 
  900.00000m   69.6310u 
  950.00000m   79.6170u 
    1.00000    89.9069u 
y
 vth0_value= 280.0022m
 u0_param=  49.8394m
 ags_param= 419.8934m
 
   *** monte carlo  index = 980 ***
x

 volt         param     
             i_d_0.9    
    0.        166.3450p 
   50.00000m  847.6495p 
  100.00000m    4.1652n 
  150.00000m   19.0481n 
  200.00000m   78.3077n 
  250.00000m  284.3316n 
  300.00000m  892.7977n 
  350.00000m    2.3209u 
  400.00000m    4.9213u 
  450.00000m    8.7819u 
  500.00000m   13.7998u 
  550.00000m   19.8274u 
  600.00000m   26.7353u 
  650.00000m   34.4181u 
  700.00000m   42.7862u 
  750.00000m   51.7590u 
  800.00000m   61.2615u 
  850.00000m   71.2232u 
  900.00000m   81.5767u 
  950.00000m   92.2576u 
    1.00000   103.2041u 
y
 vth0_value= 233.9182m
 u0_param=  49.8675m
 ags_param= 423.5635m
 
   *** monte carlo  index = 981 ***
x

 volt         param     
             i_d_0.9    
    0.        205.1886p 
   50.00000m    1.0423n 
  100.00000m    5.0819n 
  150.00000m   22.9400n 
  200.00000m   92.7562n 
  250.00000m  330.7449n 
  300.00000m    1.0146u 
  350.00000m    2.5638u 
  400.00000m    5.2963u 
  450.00000m    9.2649u 
  500.00000m   14.3566u 
  550.00000m   20.4278u 
  600.00000m   27.3552u 
  650.00000m   35.0380u 
  700.00000m   43.3898u 
  750.00000m   52.3321u 
  800.00000m   61.7917u 
  850.00000m   71.6989u 
  900.00000m   81.9877u 
  950.00000m   92.5947u 
    1.00000   103.4584u 
y
 vth0_value= 226.9499m
 u0_param=  48.9052m
 ags_param= 430.2035m
 
   *** monte carlo  index = 982 ***
x

 volt         param     
             i_d_0.9    
    0.         61.3987p 
   50.00000m  314.3736p 
  100.00000m    1.5850n 
  150.00000m    7.6013n 
  200.00000m   33.4203n 
  250.00000m  130.8571n 
  300.00000m  450.0311n 
  350.00000m    1.3158u 
  400.00000m    3.1456u 
  450.00000m    6.1859u 
  500.00000m   10.4259u 
  550.00000m   15.7320u 
  600.00000m   21.9627u 
  650.00000m   29.0009u 
  700.00000m   36.7505u 
  750.00000m   45.1282u 
  800.00000m   54.0580u 
  850.00000m   63.4688u 
  900.00000m   73.2938u 
  950.00000m   83.4690u 
    1.00000    93.9333u 
y
 vth0_value= 263.8326m
 u0_param=  49.5550m
 ags_param= 412.3713m
 
   *** monte carlo  index = 983 ***
x

 volt         param     
             i_d_0.9    
    0.        144.8410p 
   50.00000m  739.2533p 
  100.00000m    3.6488n 
  150.00000m   16.8148n 
  200.00000m   69.8294n 
  250.00000m  256.3710n 
  300.00000m  816.3750n 
  350.00000m    2.1596u 
  400.00000m    4.6558u 
  450.00000m    8.4157u 
  500.00000m   13.3454u 
  550.00000m   19.2969u 
  600.00000m   26.1380u 
  650.00000m   33.7613u 
  700.00000m   42.0759u 
  750.00000m   51.0006u 
  800.00000m   60.4601u 
  850.00000m   70.3834u 
  900.00000m   80.7028u 
  950.00000m   91.3540u 
    1.00000   102.2749u 
y
 vth0_value= 238.2184m
 u0_param=  50.0560m
 ags_param= 421.9985m
 
   *** monte carlo  index = 984 ***
x

 volt         param     
             i_d_0.9    
    0.        153.0110p 
   50.00000m  780.6614p 
  100.00000m    3.8482n 
  150.00000m   17.6936n 
  200.00000m   73.2558n 
  250.00000m  268.0444n 
  300.00000m  849.8924n 
  350.00000m    2.2362u 
  400.00000m    4.7961u 
  450.00000m    8.6341u 
  500.00000m   13.6517u 
  550.00000m   19.6987u 
  600.00000m   26.6418u 
  650.00000m   34.3727u 
  700.00000m   42.7997u 
  750.00000m   51.8408u 
  800.00000m   61.4198u 
  850.00000m   71.4651u 
  900.00000m   81.9084u 
  950.00000m   92.6848u 
    1.00000   103.7316u 
y
 vth0_value= 236.9329m
 u0_param=  50.6354m
 ags_param= 421.4446m
 
   *** monte carlo  index = 985 ***
x

 volt         param     
             i_d_0.9    
    0.        107.1082p 
   50.00000m  548.0251p 
  100.00000m    2.7283n 
  150.00000m   12.7682n 
  200.00000m   54.1544n 
  250.00000m  203.5054n 
  300.00000m  666.9362n 
  350.00000m    1.8302u 
  400.00000m    4.0910u 
  450.00000m    7.6096u 
  500.00000m   12.3165u 
  550.00000m   18.0653u 
  600.00000m   24.7194u 
  650.00000m   32.1675u 
  700.00000m   40.3167u 
  750.00000m   49.0847u 
  800.00000m   58.3955u 
  850.00000m   68.1779u 
  900.00000m   78.3643u 
  950.00000m   88.8902u 
    1.00000    99.6937u 
y
 vth0_value= 247.3706m
 u0_param=  50.1225m
 ags_param= 419.3663m
 
   *** monte carlo  index = 986 ***
x

 volt         param     
             i_d_0.9    
    0.        203.7333p 
   50.00000m    1.0357n 
  100.00000m    5.0574n 
  150.00000m   22.8855n 
  200.00000m   92.8150n 
  250.00000m  332.0113n 
  300.00000m    1.0226u 
  350.00000m    2.5967u 
  400.00000m    5.3876u 
  450.00000m    9.4548u 
  500.00000m   14.6824u 
  550.00000m   20.9205u 
  600.00000m   28.0406u 
  650.00000m   35.9378u 
  700.00000m   44.5222u 
  750.00000m   53.7126u 
  800.00000m   63.4334u 
  850.00000m   73.6131u 
  900.00000m   84.1837u 
  950.00000m   95.0800u 
    1.00000   106.2394u 
y
 vth0_value= 228.2424m
 u0_param=  50.5623m
 ags_param= 430.1463m
 
   *** monte carlo  index = 987 ***
x

 volt         param     
             i_d_0.9    
    0.         54.0286p 
   50.00000m  276.3663p 
  100.00000m    1.3958n 
  150.00000m    6.7196n 
  200.00000m   29.7211n 
  250.00000m  117.2099n 
  300.00000m  406.4262n 
  350.00000m    1.2014u 
  400.00000m    2.9076u 
  450.00000m    5.7789u 
  500.00000m    9.8177u 
  550.00000m   14.8985u 
  600.00000m   20.8841u 
  650.00000m   27.6603u 
  700.00000m   35.1333u 
  750.00000m   43.2221u 
  800.00000m   51.8528u 
  850.00000m   60.9563u 
  900.00000m   70.4675u 
  950.00000m   80.3241u 
    1.00000    90.4667u 
y
 vth0_value= 266.7026m
 u0_param=  48.0176m
 ags_param= 413.7362m
 
   *** monte carlo  index = 988 ***
x

 volt         param     
             i_d_0.9    
    0.         84.1368p 
   50.00000m  431.0280p 
  100.00000m    2.1598n 
  150.00000m   10.2313n 
  200.00000m   44.1572n 
  250.00000m  169.2134n 
  300.00000m  567.5969n 
  350.00000m    1.6056u 
  400.00000m    3.7034u 
  450.00000m    7.0665u 
  500.00000m   11.6493u 
  550.00000m   17.3063u 
  600.00000m   23.8948u 
  650.00000m   31.2979u 
  700.00000m   39.4190u 
  750.00000m   48.1735u 
  800.00000m   57.4840u 
  850.00000m   67.2778u 
  900.00000m   77.4864u 
  950.00000m   88.0445u 
    1.00000    98.8896u 
y
 vth0_value= 255.1931m
 u0_param=  50.9596m
 ags_param= 416.3714m
 
   *** monte carlo  index = 989 ***
x

 volt         param     
             i_d_0.9    
    0.        107.0608p 
   50.00000m  547.9148p 
  100.00000m    2.7290n 
  150.00000m   12.7822n 
  200.00000m   54.2758n 
  250.00000m  204.2112n 
  300.00000m  670.2074n 
  350.00000m    1.8426u 
  400.00000m    4.1264u 
  450.00000m    7.6865u 
  500.00000m   12.4534u 
  550.00000m   18.2782u 
  600.00000m   25.0215u 
  650.00000m   32.5700u 
  700.00000m   40.8290u 
  750.00000m   49.7150u 
  800.00000m   59.1509u 
  850.00000m   69.0644u 
  900.00000m   79.3870u 
  950.00000m   90.0534u 
    1.00000   101.0011u 
y
 vth0_value= 247.8847m
 u0_param=  50.9098m
 ags_param= 434.0100m
 
   *** monte carlo  index = 990 ***
x

 volt         param     
             i_d_0.9    
    0.         93.0544p 
   50.00000m  476.2448p 
  100.00000m    2.3775n 
  150.00000m   11.1847n 
  200.00000m   47.7932n 
  250.00000m  181.1186n 
  300.00000m  599.6769n 
  350.00000m    1.6677u 
  400.00000m    3.7791u 
  450.00000m    7.1079u 
  500.00000m   11.5979u 
  550.00000m   17.1094u 
  600.00000m   23.5089u 
  650.00000m   30.6875u 
  700.00000m   38.5542u 
  750.00000m   47.0290u 
  800.00000m   56.0379u 
  850.00000m   65.5114u 
  900.00000m   75.3835u 
  950.00000m   85.5915u 
    1.00000    96.0748u 
y
 vth0_value= 250.6583m
 u0_param=  48.6478m
 ags_param= 418.7631m
 
   *** monte carlo  index = 991 ***
x

 volt         param     
             i_d_0.9    
    0.         61.4612p 
   50.00000m  314.6514p 
  100.00000m    1.5859n 
  150.00000m    7.6016n 
  200.00000m   33.3943n 
  250.00000m  130.6329n 
  300.00000m  448.8029n 
  350.00000m    1.3105u 
  400.00000m    3.1283u 
  450.00000m    6.1443u 
  500.00000m   10.3469u 
  550.00000m   15.6039u 
  600.00000m   21.7761u 
  650.00000m   28.7479u 
  700.00000m   36.4247u 
  750.00000m   44.7240u 
  800.00000m   53.5707u 
  850.00000m   62.8947u 
  900.00000m   72.6295u 
  950.00000m   82.7120u 
    1.00000    93.0815u 
y
 vth0_value= 263.4349m
 u0_param=  48.9912m
 ags_param= 419.6998m
 
   *** monte carlo  index = 992 ***
x

 volt         param     
             i_d_0.9    
    0.         66.3332p 
   50.00000m  339.6023p 
  100.00000m    1.7084n 
  150.00000m    8.1572n 
  200.00000m   35.6271n 
  250.00000m  138.4269n 
  300.00000m  471.9406n 
  350.00000m    1.3641u 
  400.00000m    3.2202u 
  450.00000m    6.2654u 
  500.00000m   10.4785u 
  550.00000m   15.7273u 
  600.00000m   21.8757u 
  650.00000m   28.8114u 
  700.00000m   36.4417u 
  750.00000m   44.6858u 
  800.00000m   53.4699u 
  850.00000m   62.7247u 
  900.00000m   72.3846u 
  950.00000m   82.3872u 
    1.00000    92.6724u 
y
 vth0_value= 260.6698m
 u0_param=  48.3046m
 ags_param= 429.6109m
 
   *** monte carlo  index = 993 ***
x

 volt         param     
             i_d_0.9    
    0.         61.9305p 
   50.00000m  317.1491p 
  100.00000m    1.5991n 
  150.00000m    7.6703n 
  200.00000m   33.7306n 
  250.00000m  132.1005n 
  300.00000m  454.3973n 
  350.00000m    1.3289u 
  400.00000m    3.1778u 
  450.00000m    6.2503u 
  500.00000m   10.5355u 
  550.00000m   15.8979u 
  600.00000m   22.1940u 
  650.00000m   29.3052u 
  700.00000m   37.1341u 
  750.00000m   45.5964u 
  800.00000m   54.6153u 
  850.00000m   64.1190u 
  900.00000m   74.0398u 
  950.00000m   84.3133u 
    1.00000    94.8780u 
y
 vth0_value= 263.9371m
 u0_param=  50.1242m
 ags_param= 407.2667m
 
   *** monte carlo  index = 994 ***
x

 volt         param     
             i_d_0.9    
    0.         42.6037p 
   50.00000m  217.5377p 
  100.00000m    1.1040n 
  150.00000m    5.3709n 
  200.00000m   24.1535n 
  250.00000m   97.1937n 
  300.00000m  344.6356n 
  350.00000m    1.0492u 
  400.00000m    2.6267u 
  450.00000m    5.3787u 
  500.00000m    9.3429u 
  550.00000m   14.3992u 
  600.00000m   20.4028u 
  650.00000m   27.2311u 
  700.00000m   34.7843u 
  750.00000m   42.9771u 
  800.00000m   51.7326u 
  850.00000m   60.9793u 
  900.00000m   70.6500u 
  950.00000m   80.6806u 
    1.00000    91.0102u 
y
 vth0_value= 275.0251m
 u0_param=  49.6807m
 ags_param= 413.5438m
 
   *** monte carlo  index = 995 ***
x

 volt         param     
             i_d_0.9    
    0.        122.0570p 
   50.00000m  623.8455p 
  100.00000m    3.0938n 
  150.00000m   14.3775n 
  200.00000m   60.3911n 
  250.00000m  224.5205n 
  300.00000m  726.2418n 
  350.00000m    1.9597u 
  400.00000m    4.3074u 
  450.00000m    7.9055u 
  500.00000m   12.6737u 
  550.00000m   18.4661u 
  600.00000m   25.1495u 
  650.00000m   32.6155u 
  700.00000m   40.7731u 
  750.00000m   49.5412u 
  800.00000m   58.8447u 
  850.00000m   68.6132u 
  900.00000m   78.7795u 
  950.00000m   89.2797u 
    1.00000   100.0523u 
y
 vth0_value= 243.1154m
 u0_param=  49.6399m
 ags_param= 416.9200m
 
   *** monte carlo  index = 996 ***
x

 volt         param     
             i_d_0.9    
    0.        103.6605p 
   50.00000m  530.4724p 
  100.00000m    2.6431n 
  150.00000m   12.3878n 
  200.00000m   52.6528n 
  250.00000m  198.3313n 
  300.00000m  651.8472n 
  350.00000m    1.7955u 
  400.00000m    4.0286u 
  450.00000m    7.5163u 
  500.00000m   12.1922u 
  550.00000m   17.9106u 
  600.00000m   24.5347u 
  650.00000m   31.9530u 
  700.00000m   40.0725u 
  750.00000m   48.8110u 
  800.00000m   58.0926u 
  850.00000m   67.8461u 
  900.00000m   78.0041u 
  950.00000m   88.5022u 
    1.00000    99.2784u 
y
 vth0_value= 248.3055m
 u0_param=  50.0400m
 ags_param= 422.2162m
 
   *** monte carlo  index = 997 ***
x

 volt         param     
             i_d_0.9    
    0.         57.5481p 
   50.00000m  294.6322p 
  100.00000m    1.4879n 
  150.00000m    7.1595n 
  200.00000m   31.6397n 
  250.00000m  124.6355n 
  300.00000m  431.5491n 
  350.00000m    1.2731u 
  400.00000m    3.0742u 
  450.00000m    6.0975u 
  500.00000m   10.3415u 
  550.00000m   15.6728u 
  600.00000m   21.9462u 
  650.00000m   29.0417u 
  700.00000m   36.8605u 
  750.00000m   45.3177u 
  800.00000m   54.3360u 
  850.00000m   63.8433u 
  900.00000m   73.7715u 
  950.00000m   84.0560u 
    1.00000    94.6351u 
y
 vth0_value= 266.3097m
 u0_param=  50.3546m
 ags_param= 422.8723m
 
   *** monte carlo  index = 998 ***
x

 volt         param     
             i_d_0.9    
    0.         81.5835p 
   50.00000m  417.7442p 
  100.00000m    2.0925n 
  150.00000m    9.9073n 
  200.00000m   42.7286n 
  250.00000m  163.6256n 
  300.00000m  548.4896n 
  350.00000m    1.5503u 
  400.00000m    3.5728u 
  450.00000m    6.8131u 
  500.00000m   11.2282u 
  550.00000m   16.6794u 
  600.00000m   23.0303u 
  650.00000m   30.1696u 
  700.00000m   38.0046u 
  750.00000m   46.4542u 
  800.00000m   55.4437u 
  850.00000m   64.9032u 
  900.00000m   74.7664u 
  950.00000m   84.9700u 
    1.00000    95.4534u 
y
 vth0_value= 254.8455m
 u0_param=  48.9683m
 ags_param= 415.3525m
 
   *** monte carlo  index = 999 ***
x

 volt         param     
             i_d_0.9    
    0.         62.6910p 
   50.00000m  320.9299p 
  100.00000m    1.6165n 
  150.00000m    7.7386n 
  200.00000m   33.9313n 
  250.00000m  132.4397n 
  300.00000m  453.8773n 
  350.00000m    1.3209u 
  400.00000m    3.1418u 
  450.00000m    6.1518u 
  500.00000m   10.3362u 
  550.00000m   15.5637u 
  600.00000m   21.6967u 
  650.00000m   28.6213u 
  700.00000m   36.2441u 
  750.00000m   44.4835u 
  800.00000m   53.2652u 
  850.00000m   62.5197u 
  900.00000m   72.1810u 
  950.00000m   82.1866u 
    1.00000    92.4763u 
y
 vth0_value= 262.5224m
 u0_param=  48.5174m
 ags_param= 406.2641m
 
   *** monte carlo  index = 1000 ***
x

 volt         param     
             i_d_0.9    
    0.        220.7441p 
   50.00000m    1.1209n 
  100.00000m    5.4583n 
  150.00000m   24.5877n 
  200.00000m   99.1512n 
  250.00000m  352.4534n 
  300.00000m    1.0767u 
  350.00000m    2.7074u 
  400.00000m    5.5677u 
  450.00000m    9.7052u 
  500.00000m   14.9995u 
  550.00000m   21.3010u 
  600.00000m   28.4819u 
  650.00000m   36.4380u 
  700.00000m   45.0797u 
  750.00000m   54.3258u 
  800.00000m   64.1006u 
  850.00000m   74.3326u 
  900.00000m   84.9537u 
  950.00000m   95.8986u 
    1.00000   107.1046u 
y
 vth0_value= 225.8740m
 u0_param=  50.6473m
 ags_param= 424.1572m

   meas_variable = vth0_value
   mean  = 254.0858m  varian = 242.3522u
   sigma =  15.5677m  avgdev =  12.5381m
   max   = 299.0068m  min    = 201.1228m
    1-sigma =  15.5677m median = 254.2114m

   meas_variable = u0_param
   mean  =  49.4530m  varian =   1.0197u
   sigma =   1.0098m  avgdev = 789.4550u
   max   =  52.7666m  min    =  46.0353m
    1-sigma =   1.0098m median =  49.4775m

   meas_variable = ags_param
   mean  = 418.8026m  varian =  59.8033u
   sigma =   7.7333m  avgdev =   6.1609m
   max   = 448.8847m  min    = 394.5716m
    1-sigma =   7.7333m median = 418.8861m

          ***** job concluded
 ******  
 *mc

 ****** job statistics summary tnom=  25.000 temp=  25.000 ******

  ******  HSPICE Threads Information  ******

  Command Line Threads Count :     1
  Available CPU Count        :    24
  Actual Threads Count       :     1


  ******  Circuit Statistics  ******
  # nodes       =      12 # elements   =      21
  # resistors   =       0 # capacitors =       0 # inductors   =       0
  # mutual_inds =       0 # vccs       =       0 # vcvs        =       0
  # cccs        =       0 # ccvs       =       0 # volt_srcs   =      11
  # curr_srcs   =       0 # diodes     =       0 # bjts        =       0
  # jfets       =       0 # mosfets    =      10 # U elements  =       0
  # T elements  =       0 # W elements =       0 # B elements  =       0
  # S elements  =       0 # P elements =       0 # va device   =       0
  # vector_srcs =       0 # N elements =       0


  ******  Runtime Statistics (seconds)  ******

  analysis           time    # points   tot. iter  conv.iter
  op point           0.00           1           0
  dc sweep           0.57       21000       43000
  readin             0.00
  errchk             0.01
  setup              0.00
  output             0.01


           peak memory used         87.85 megabytes
           total cpu time            0.77 seconds
           total elapsed time       22.73 seconds
           job started at     17:11:39 11/08/2025
           job ended   at     17:12:02 11/08/2025


  lic: Release hspice token(s) 
 lic: total license checkout elapse time:       21.96(s)
